Date,Adj Close,Close,High,Low,Open,Volume
2010-10-11,23.04583740234375,32.4900016784668,32.83000183105469,32.20000076293945,32.34000015258789,2852400
2010-10-12,23.09550094604492,32.560001373291016,32.7400016784668,32.279998779296875,32.5,5494600
2010-10-13,22.286863327026367,31.420000076293945,32.0099983215332,31.3700008392334,31.690000534057617,8798300
2010-10-14,22.286863327026367,31.420000076293945,31.790000915527344,31.25,31.59000015258789,7141900
2010-10-15,22.46419715881348,31.670000076293945,31.84000015258789,31.280000686645508,31.729999542236328,4622800
2010-10-18,22.37907218933105,31.549999237060547,31.64999961853028,30.920000076293945,31.59000015258789,3672700
2010-10-19,22.180469512939453,31.270000457763672,31.799999237060547,30.86000061035156,31.15999984741211,5103900
2010-10-20,22.37198638916016,31.540000915527344,31.75,31.21999931335449,31.25,4160400
2010-10-21,22.27268409729004,31.39999961853028,31.799999237060547,31.14999961853028,31.65999984741211,3905800
2010-10-22,22.705366134643555,32.0099983215332,32.029998779296875,31.36000061035156,31.36000061035156,2729900
2010-10-25,22.889793395996094,32.27000045776367,32.59000015258789,32.150001525878906,32.150001525878906,3172400
2010-10-26,22.69117927551269,31.989999771118164,32.11000061035156,31.709999084472656,32.0,3073500
2010-10-27,23.25863647460937,32.790000915527344,32.869998931884766,31.739999771118164,31.739999771118164,4811800
2010-10-28,23.357946395874023,32.93000030517578,32.95000076293945,32.18000030517578,32.849998474121094,4292700
2010-10-29,23.882837295532227,33.66999816894531,34.09000015258789,32.779998779296875,32.90999984741211,7019000
2010-11-01,23.97505760192871,33.79999923706055,34.060001373291016,33.540000915527344,33.93000030517578,3508500
2010-11-02,24.36518096923828,34.349998474121094,34.41999816894531,33.880001068115234,34.029998779296875,3313800
2010-11-03,24.585071563720703,34.65999984741211,34.65999984741211,33.91999816894531,34.34000015258789,4040200
2010-11-04,25.27311134338379,35.630001068115234,35.630001068115234,34.7400016784668,34.970001220703125,6189300
2010-11-05,25.202178955078125,35.529998779296875,35.65999984741211,35.189998626708984,35.5,4794100
2010-11-08,25.124143600463867,35.41999816894531,35.70000076293945,35.060001373291016,35.38999938964844,4130900
2010-11-09,24.87589836120605,35.06999969482422,35.599998474121094,34.93000030517578,35.54999923706055,3049200
2010-11-10,24.62053680419922,34.709999084472656,35.0099983215332,34.290000915527344,35.0099983215332,4929300
2010-11-11,24.166563034057617,34.06999969482422,34.18000030517578,33.18000030517578,33.66999816894531,6462000
2010-11-12,24.26587104797364,34.209999084472656,34.439998626708984,33.72999954223633,33.95000076293945,4014600
2010-11-15,24.152387619018555,34.04999923706055,34.439998626708984,34.0,34.31999969482422,2761300
2010-11-16,23.946678161621094,33.7599983215332,34.189998626708984,33.52000045776367,33.84000015258789,3922900
2010-11-17,24.060169219970703,33.91999816894531,34.15999984741211,33.59000015258789,33.84000015258789,1881600
2010-11-18,24.507036209106445,34.54999923706055,34.68000030517578,34.040000915527344,34.06999969482422,2989300
2010-11-19,24.953916549682617,35.18000030517578,35.220001220703125,34.560001373291016,34.58000183105469,3780500
2010-11-22,25.50718879699707,35.959999084472656,36.0,35.02000045776367,35.2599983215332,6321800
2010-11-23,25.329853057861328,35.709999084472656,36.06999969482422,35.29999923706055,35.52000045776367,4943800
2010-11-24,25.79801750183105,36.369998931884766,36.4900016784668,35.86000061035156,36.0099983215332,2863800
2010-11-26,25.43625831604004,35.86000061035156,36.16999816894531,35.779998779296875,35.9900016784668,1468500
2010-11-29,25.3795108795166,35.779998779296875,36.220001220703125,35.31999969482422,35.77000045776367,4080000
2010-11-30,25.22347068786621,35.560001373291016,35.70000076293945,34.93000030517578,35.52000045776367,4288800
2010-12-01,26.165590286254883,36.65999984741211,36.79999923706055,35.91999816894531,36.02000045776367,5062300
2010-12-02,26.593828201293945,37.2599983215332,37.38999938964844,36.47999954223633,36.619998931884766,4077700
2010-12-03,26.857919692993164,37.630001068115234,37.68999862670898,37.09000015258789,37.15999984741211,2942000
2010-12-06,26.53672981262207,37.18000030517578,37.970001220703125,37.040000915527344,37.959999084472656,4624000
2010-12-07,27.02206993103028,37.86000061035156,38.119998931884766,37.52999877929688,37.58000183105469,6648500
2010-12-08,27.286151885986328,38.22999954223633,38.31999969482422,37.77999877929688,37.880001068115234,4369900
2010-12-09,27.21478271484375,38.130001068115234,38.59999847412109,38.04999923706055,38.45000076293945,4132800
2010-12-10,26.936431884765625,37.7400016784668,38.08000183105469,37.59000015258789,37.97999954223633,2795100
2010-12-13,26.807960510253903,37.560001373291016,37.93000030517578,37.43000030517578,37.91999816894531,3774300
2010-12-14,26.757986068725582,37.4900016784668,37.84000015258789,37.31999969482422,37.68000030517578,3278800
2010-12-15,26.50818252563477,37.13999938964844,37.56999969482422,36.959999084472656,37.38999938964844,2885400
2010-12-16,26.608104705810547,37.27999877929688,37.34999847412109,36.959999084472656,37.27999877929688,2311900
2010-12-17,26.757986068725582,37.4900016784668,37.61000061035156,37.27999877929688,37.380001068115234,2895100
2010-12-20,26.77939987182617,37.52000045776367,37.68000030517578,37.290000915527344,37.59000015258789,2282000
2010-12-21,27.10772132873535,37.97999954223633,38.22999954223633,37.75,37.75,4328300
2010-12-22,26.82222557067871,37.58000183105469,37.81999969482422,37.40999984741211,37.61000061035156,3574700
2010-12-23,26.88646507263184,37.66999816894531,37.75,37.45000076293945,37.45000076293945,1568200
2010-12-27,27.207653045654297,38.119998931884766,38.16999816894531,37.43999862670898,37.47999954223633,1689100
2010-12-28,26.800817489624023,37.54999923706055,38.16999816894531,37.52000045776367,38.02000045776367,1888000
2010-12-29,26.865049362182617,37.63999938964844,37.88999938964844,37.54999923706055,37.70000076293945,1648700
2010-12-30,27.093448638916016,37.959999084472656,38.150001525878906,37.52000045776367,37.68000030517578,1647700
2010-12-31,26.88646507263184,37.66999816894531,38.02000045776367,37.61000061035156,37.90999984741211,826800
2011-01-03,27.086313247680664,37.95000076293945,38.43000030517578,37.130001068115234,37.68000030517578,3606200
2011-01-04,26.77939987182617,37.52000045776367,38.20000076293945,37.41999816894531,38.20000076293945,2907600
2011-01-05,26.83649444580078,37.59999847412109,37.59999847412109,36.900001525878906,37.43000030517578,3651300
2011-01-06,26.986385345458984,37.810001373291016,38.130001068115234,37.560001373291016,37.75,2987200
2011-01-07,26.82936668395996,37.59000015258789,38.09999847412109,37.5,37.93999862670898,3963300
2011-01-10,26.90788650512696,37.70000076293945,37.88999938964844,37.2599983215332,37.45000076293945,3407400
2011-01-11,27.14341354370117,38.02999877929688,38.11000061035156,37.619998931884766,37.7400016784668,2362200
2011-01-12,27.150548934936523,38.040000915527344,38.119998931884766,37.75,37.7599983215332,2618600
2011-01-13,27.01492691040039,37.84999847412109,38.04999923706055,37.72999954223633,37.93999862670898,2124100
2011-01-14,27.550235748291016,38.59999847412109,38.70000076293945,37.709999084472656,37.79999923706055,3651100
2011-01-18,28.44955444335937,39.86000061035156,39.86000061035156,38.709999084472656,38.75,5599600
2011-01-19,27.86428642272949,39.040000915527344,39.4900016784668,38.900001525878906,38.900001525878906,3999700
2011-01-20,27.78578186035156,38.93000030517578,39.2599983215332,38.40999984741211,39.18999862670898,4843600
2011-01-21,27.67157554626465,38.77000045776367,39.43999862670898,38.619998931884766,39.2599983215332,3637600
2011-01-24,28.085542678833008,39.34999847412109,39.5,38.59000015258789,38.7599983215332,3161600
2011-01-25,27.678709030151367,38.77999877929688,39.31999969482422,38.56999969482422,39.2599983215332,2937700
2011-01-26,27.75722312927246,38.88999938964844,39.02000045776367,38.470001220703125,39.02000045776367,3254700
2011-01-27,27.96420860290528,39.18000030517578,39.66999816894531,38.97999954223633,39.02999877929688,3211700
2011-01-28,27.336111068725582,38.29999923706055,39.4900016784668,38.2599983215332,39.29999923706055,4059500
2011-01-31,27.71439552307129,38.83000183105469,39.02000045776367,38.16999816894531,38.43999862670898,3630300
2011-02-01,28.31394386291504,39.66999816894531,39.70000076293945,39.060001373291016,39.09000015258789,2860600
2011-02-02,28.3781681060791,39.7599983215332,39.959999084472656,39.540000915527344,39.59000015258789,2779200
2011-02-03,27.99988174438477,39.22999954223633,39.79999923706055,39.130001068115234,39.7400016784668,2370900
2011-02-04,28.54947090148925,40.0,40.0,39.27000045776367,39.40999984741211,3040800
2011-02-07,28.44955444335937,39.86000061035156,40.47999954223633,39.72999954223633,40.09000015258789,3113400
2011-02-08,28.27824783325196,39.619998931884766,39.81999969482422,39.16999816894531,39.81999969482422,2760200
2011-02-09,28.41385841369629,39.810001373291016,39.95000076293945,39.34999847412109,39.5099983215332,2338000
2011-02-10,28.54232406616211,39.9900016784668,40.0,39.27999877929688,39.52000045776367,1919200
2011-02-11,28.970577239990234,40.59000015258789,40.75,39.68999862670898,39.7599983215332,2840300
2011-02-14,29.25606918334961,40.9900016784668,41.119998931884766,40.70000076293945,40.70000076293945,2524600
2011-02-15,29.26319694519043,41.0,41.65999984741211,40.880001068115234,41.52000045776367,3731500
2011-02-16,29.149002075195312,40.84000015258789,41.11000061035156,40.150001525878906,40.20000076293945,5198400
2011-02-17,29.39881706237793,41.18999862670898,41.36000061035156,40.540000915527344,40.77000045776367,2863700
2011-02-18,29.34885597229004,41.119998931884766,41.380001068115234,40.869998931884766,41.27999877929688,2490300
2011-02-22,28.5922966003418,40.060001373291016,40.810001373291016,39.900001525878906,40.56999969482422,2915800
2011-02-23,27.98562240600586,39.209999084472656,40.119998931884766,38.790000915527344,39.959999084472656,3064800
2011-02-24,28.028438568115234,39.27000045776367,39.65999984741211,38.869998931884766,39.130001068115234,3035200
2011-02-25,28.54232406616211,39.9900016784668,40.08000183105469,39.43000030517578,39.45000076293945,1597200
2011-02-28,28.46383285522461,39.880001068115234,40.31999969482422,39.34000015258789,40.22999954223633,2184800
2011-03-01,27.95707130432129,39.16999816894531,40.150001525878906,39.02999877929688,39.790000915527344,3113600
2011-03-02,28.52411842346192,39.7400016784668,40.06999969482422,38.91999816894531,39.02000045776367,2661800
2011-03-03,29.399776458740234,40.959999084472656,40.9900016784668,40.08000183105469,40.119998931884766,3159600
2011-03-04,29.16292190551757,40.630001068115234,40.9900016784668,40.33000183105469,40.84000015258789,2456500
2011-03-07,28.437973022460938,39.619998931884766,40.7400016784668,39.060001373291016,40.63999938964844,3370800
2011-03-08,28.581525802612305,39.81999969482422,40.11000061035156,39.25,39.72999954223633,2225400
2011-03-09,27.641258239746094,38.5099983215332,39.65999984741211,38.209999084472656,39.650001525878906,3074700
2011-03-10,27.217771530151367,37.91999816894531,38.470001220703125,37.630001068115234,38.130001068115234,2794700
2011-03-11,27.382858276367188,38.150001525878906,38.650001525878906,37.790000915527344,37.90999984741211,3498200
2011-03-14,27.397205352783203,38.16999816894531,38.45000076293945,37.7400016784668,37.959999084472656,2190000
2011-03-15,26.98807144165039,37.59999847412109,37.810001373291016,36.36000061035156,37.060001373291016,4167200
2011-03-16,26.227251052856445,36.540000915527344,37.86000061035156,36.290000915527344,37.45000076293945,4665600
2011-03-17,26.815813064575195,37.36000061035156,37.75,36.84000015258789,37.09999847412109,4271000
2011-03-18,27.145994186401367,37.81999969482422,37.93999862670898,37.310001373291016,37.880001068115234,4827000
2011-03-21,27.36133003234864,38.119998931884766,38.54999923706055,37.9900016784668,37.9900016784668,2204300
2011-03-22,27.253644943237305,37.970001220703125,38.45000076293945,37.81999969482422,38.13999938964844,1936800
2011-03-23,27.547941207885746,38.380001068115234,38.45000076293945,37.619998931884766,37.869998931884766,1786300
2011-03-24,28.06472969055176,39.09999847412109,39.130001068115234,38.41999816894531,38.66999816894531,3714100
2011-03-25,28.00731658935547,39.02000045776367,39.459999084472656,38.9900016784668,39.20000076293945,1726300
2011-03-28,27.964250564575195,38.959999084472656,39.5,38.91999816894531,39.130001068115234,1713100
2011-03-29,28.351852416992188,39.5,39.5099983215332,38.5,38.91999816894531,1543300
2011-03-30,28.351852416992188,39.5,39.84000015258789,39.11000061035156,39.79999923706055,1382600
2011-03-31,28.26572036743164,39.380001068115234,39.65999984741211,39.18999862670898,39.34999847412109,1724100
2011-04-01,28.107805252075195,39.15999984741211,39.869998931884766,39.02999877929688,39.81999969482422,2003900
2011-04-04,27.63406753540039,38.5,39.20000076293945,38.290000915527344,39.119998931884766,2569600
2011-04-05,27.547941207885746,38.380001068115234,38.9900016784668,38.09999847412109,38.959999084472656,4831600
2011-04-06,28.193931579589844,39.27999877929688,39.36000061035156,38.380001068115234,38.52999877929688,3163300
2011-04-07,28.22982788085937,39.33000183105469,39.58000183105469,38.900001525878906,39.27999877929688,3115600
2011-04-08,28.03602409362793,39.060001373291016,39.59999847412109,38.86000061035156,39.4900016784668,2068600
2011-04-11,27.59100151062012,38.43999862670898,39.09999847412109,38.25,39.06999969482422,2796300
2011-04-12,27.095746994018555,37.75,38.2599983215332,37.5,38.18000030517578,2757000
2011-04-13,27.16751289367676,37.84999847412109,38.09000015258789,37.619998931884766,37.95000076293945,2838800
2011-04-14,27.0383243560791,37.66999816894531,37.720001220703125,37.310001373291016,37.650001525878906,2999700
2011-04-15,27.39002799987793,38.15999984741211,38.16999816894531,37.22999954223633,37.70000076293945,2757300
2011-04-18,26.571781158447266,37.02000045776367,37.72999954223633,36.95000076293945,37.61000061035156,3819200
2011-04-19,26.80146598815918,37.34000015258789,37.41999816894531,36.900001525878906,37.13999938964844,3026500
2011-04-20,27.97860336303711,38.97999954223633,39.04999923706055,37.95000076293945,38.09000015258789,2778900
2011-04-21,28.06472969055176,39.09999847412109,39.380001068115234,39.0,39.20000076293945,1610300
2011-04-25,28.107805252075195,39.15999984741211,39.459999084472656,39.09999847412109,39.209999084472656,1482100
2011-04-26,28.696367263793945,39.97999954223633,40.08000183105469,39.119998931884766,39.369998931884766,2600000
2011-04-27,29.105506896972656,40.54999923706055,40.56999969482422,39.880001068115234,40.11000061035156,2167500
2011-04-28,29.098329544067383,40.540000915527344,40.75,40.220001220703125,40.40999984741211,1514000
2011-04-29,28.933238983154297,40.310001373291016,40.720001220703125,40.2599983215332,40.5,1933500
2011-05-02,28.99065971374512,40.38999938964844,40.77999877929688,40.2599983215332,40.52000045776367,2576700
2011-05-03,28.83992576599121,40.18000030517578,40.41999816894531,39.790000915527344,40.36000061035156,1391600
2011-05-04,28.99783134460449,40.400001525878906,40.630001068115234,39.77999877929688,40.09999847412109,2228900
2011-05-05,28.954763412475582,40.34000015258789,41.0,40.209999084472656,40.220001220703125,2047700
2011-05-06,29.09113883972168,40.52999877929688,41.18999862670898,40.41999816894531,40.72999954223633,2114900
2011-05-09,29.299297332763672,40.81999969482422,40.9900016784668,40.41999816894531,40.5,2125800
2011-05-10,29.694074630737305,41.369998931884766,41.56999969482422,40.83000183105469,41.09999847412109,2843100
2011-05-11,29.249048233032227,40.75,41.4900016784668,40.61000061035156,41.310001373291016,1992200
2011-05-12,29.765844345092773,41.470001220703125,41.70000076293945,40.4900016784668,40.54999923706055,2073200
2011-05-13,29.277755737304688,40.790000915527344,41.5,40.77000045776367,41.400001525878906,2392400
2011-05-16,29.105506896972656,40.54999923706055,41.27000045776367,40.5,40.77000045776367,1897200
2011-05-17,28.875810623168945,40.22999954223633,40.470001220703125,39.81999969482422,40.470001220703125,2914000
2011-05-18,30.57691764831543,42.59999847412109,43.27999877929688,41.20000076293945,42.0,10044200
2011-05-19,30.368772506713867,42.310001373291016,42.880001068115234,42.0099983215332,42.66999816894531,6321200
2011-05-20,30.0026969909668,41.79999923706055,42.20000076293945,41.75,42.20000076293945,4045000
2011-05-23,29.450035095214844,41.02999877929688,41.43999862670898,40.790000915527344,41.43999862670898,4174600
2011-05-24,29.0337142944336,40.45000076293945,41.220001220703125,40.36000061035156,41.220001220703125,3647200
2011-05-25,28.86038017272949,39.959999084472656,40.220001220703125,39.869998931884766,40.18000030517578,5421500
2011-05-26,29.163724899291992,40.380001068115234,40.540000915527344,39.84000015258789,39.900001525878906,2800400
2011-05-27,29.286500930786133,40.54999923706055,40.66999816894531,40.400001525878906,40.54999923706055,1895400
2011-05-31,29.734283447265625,41.16999816894531,41.220001220703125,40.619998931884766,41.220001220703125,3553400
2011-06-01,28.788175582885746,39.86000061035156,41.06999969482422,39.68000030517578,40.93000030517578,3208700
2011-06-02,28.773719787597656,39.84000015258789,40.18999862670898,39.58000183105469,39.9900016784668,2371900
2011-06-03,28.22481346130371,39.08000183105469,39.68000030517578,38.959999084472656,39.310001373291016,2346600
2011-06-06,28.167049407958984,39.0,39.34999847412109,38.970001220703125,39.08000183105469,2503300
2011-06-07,28.48482131958008,39.43999862670898,39.75,39.040000915527344,39.11000061035156,2946000
2011-06-08,27.834835052490234,38.540000915527344,39.27000045776367,38.43999862670898,39.27000045776367,2722400
2011-06-09,27.76258850097656,38.43999862670898,38.900001525878906,38.38999938964844,38.900001525878906,3149500
2011-06-10,27.35091018676757,37.869998931884766,38.38999938964844,37.52000045776367,38.310001373291016,2875100
2011-06-13,27.06924819946289,37.47999954223633,38.08000183105469,37.27999877929688,37.90999984741211,2406900
2011-06-14,27.365367889404297,37.88999938964844,38.119998931884766,37.79999923706055,37.90999984741211,3286500
2011-06-15,26.69368553161621,36.959999084472656,37.91999816894531,36.83000183105469,37.52999877929688,4330200
2011-06-16,26.52757453918457,36.72999954223633,37.20000076293945,36.54999923706055,37.0,4749100
2011-06-17,26.41925048828125,36.58000183105469,37.2599983215332,36.43000030517578,37.18000030517578,3376500
2011-06-20,26.534801483154297,36.7400016784668,36.86000061035156,36.380001068115234,36.43999862670898,2569400
2011-06-21,27.11980628967285,37.54999923706055,37.810001373291016,36.59000015258789,36.83000183105469,3429600
2011-06-22,26.95369338989257,37.31999969482422,37.65999984741211,37.220001220703125,37.29999923706055,1866700
2011-06-23,27.43036460876465,37.97999954223633,38.040000915527344,36.68999862670898,36.880001068115234,3872800
2011-06-24,26.95369338989257,37.31999969482422,38.060001373291016,37.20000076293945,37.88999938964844,3222400
2011-06-27,27.329248428344727,37.84000015258789,38.09999847412109,36.90999984741211,37.38999938964844,2400100
2011-06-28,27.647031784057617,38.27999877929688,38.290000915527344,37.68000030517578,37.900001525878906,2628800
2011-06-29,27.66147994995117,38.29999923706055,38.77000045776367,38.119998931884766,38.68000030517578,2900100
2011-06-30,28.26815414428711,39.13999938964844,39.310001373291016,38.40999984741211,38.40999984741211,3196100
2011-07-01,28.86761283874512,39.970001220703125,40.18999862670898,38.84999847412109,39.09999847412109,3090000
2011-07-05,28.499267578125,39.459999084472656,39.9900016784668,39.27000045776367,39.880001068115234,2068100
2011-07-06,28.622051239013672,39.630001068115234,39.65999984741211,38.88999938964844,39.45000076293945,2666000
2011-07-07,29.026500701904297,40.18999862670898,40.4900016784668,39.68999862670898,39.93000030517578,2435200
2011-07-08,28.61482620239257,39.619998931884766,39.7599983215332,39.20000076293945,39.59999847412109,2172600
2011-07-11,27.834835052490234,38.540000915527344,39.59000015258789,38.38999938964844,39.18000030517578,3429700
2011-07-12,26.40479850769043,36.560001373291016,37.88999938964844,36.22999954223633,37.88999938964844,8342400
2011-07-13,26.1881160736084,36.2599983215332,36.959999084472656,36.09000015258789,36.869998931884766,4021700
2011-07-14,25.920902252197266,35.88999938964844,36.7400016784668,35.630001068115234,36.43000030517578,4670400
2011-07-15,25.834238052368164,35.77000045776367,36.18999862670898,35.560001373291016,36.18999862670898,3904500
2011-07-18,25.610336303710938,35.459999084472656,35.70000076293945,35.040000915527344,35.70000076293945,3606900
2011-07-19,26.06535148620605,36.09000015258789,36.209999084472656,35.720001220703125,35.720001220703125,3005100
2011-07-20,26.07978630065918,36.11000061035156,36.77999877929688,35.959999084472656,36.63999938964844,3820200
2011-07-21,26.354248046875,36.4900016784668,36.560001373291016,35.599998474121094,36.27999877929688,3105900
2011-07-22,26.76591682434082,37.060001373291016,37.16999816894531,36.34999847412109,36.38999938964844,3135000
2011-07-25,26.289236068725582,36.400001525878906,36.790000915527344,36.25,36.540000915527344,3678400
2011-07-26,26.5709171295166,36.790000915527344,37.060001373291016,36.47999954223633,36.47999954223633,3002400
2011-07-27,25.16978073120117,34.849998474121094,36.22999954223633,34.7599983215332,35.86000061035156,6495400
2011-07-28,25.05422019958496,34.689998626708984,35.20000076293945,34.43000030517578,34.79999923706055,4097300
2011-07-29,24.844770431518555,34.400001525878906,34.91999816894531,34.02000045776367,34.36000061035156,3756700
2011-08-01,24.61366271972656,34.08000183105469,34.939998626708984,33.72999954223633,34.90999984741211,4379000
2011-08-02,23.819215774536133,32.97999954223633,34.04999923706055,32.97999954223633,33.65999984741211,4854100
2011-08-03,24.19476890563965,33.5,33.560001373291016,32.56999969482422,32.68000030517578,5070100
2011-08-04,22.844194412231445,31.6299991607666,33.20000076293945,31.6299991607666,33.119998931884766,6785200
2011-08-05,22.75029754638672,31.5,32.25,30.690000534057617,32.08000183105469,9427700
2011-08-08,21.79696273803711,30.18000030517578,31.3700008392334,30.07999992370605,30.690000534057617,8762000
2011-08-09,22.38918685913086,31.0,31.07999992370605,29.229999542236328,30.93000030517578,11665300
2011-08-10,22.150850296020508,30.670000076293945,31.34000015258789,29.739999771118164,30.450000762939453,12990200
2011-08-11,22.75029754638672,31.5,31.81999969482422,30.549999237060547,30.690000534057617,9291000
2011-08-12,22.74308013916016,31.489999771118164,31.780000686645508,30.93000030517578,31.63999938964844,5900500
2011-08-15,23.1691951751709,32.08000183105469,32.08000183105469,31.34000015258789,31.709999084472656,5220000
2011-08-16,22.641977310180664,31.350000381469727,31.86000061035156,31.06999969482422,31.809999465942383,6122200
2011-08-17,22.887527465820312,31.690000534057617,32.34000015258789,31.11000061035156,31.479999542236328,8532100
2011-08-18,22.30974769592285,30.88999938964844,30.979999542236328,29.799999237060547,30.780000686645508,9435500
2011-08-19,22.24473762512207,30.799999237060547,32.02000045776367,30.5,30.5,8084300
2011-08-22,22.53363990783692,31.200000762939453,31.59000015258789,30.86000061035156,31.459999084472656,4903900
2011-08-23,23.66031837463379,32.7599983215332,32.7599983215332,31.1299991607666,31.38999938964844,6208300
2011-08-24,23.543869018554688,32.349998474121094,32.560001373291016,31.790000915527344,32.560001373291016,5743600
2011-08-25,23.136308670043945,31.790000915527344,32.65999984741211,31.75,32.31999969482422,7150500
2011-08-26,23.565711975097656,32.380001068115234,32.459999084472656,31.170000076293945,31.6299991607666,4168000
2011-08-29,24.10426521301269,33.119998931884766,33.150001525878906,32.619998931884766,32.790000915527344,3723600
2011-08-30,24.10426521301269,33.119998931884766,33.310001373291016,32.58000183105469,33.02000045776367,4168600
2011-08-31,24.031492233276367,33.02000045776367,33.459999084472656,32.77000045776367,33.290000915527344,4942000
2011-09-01,23.90047836303711,32.84000015258789,33.58000183105469,32.779998779296875,33.099998474121094,4369900
2011-09-02,23.29642105102539,32.0099983215332,32.34000015258789,31.799999237060547,32.25,3540700
2011-09-06,23.005313873291016,31.61000061035156,31.670000076293945,30.90999984741211,30.90999984741211,3767300
2011-09-07,23.820423126220703,32.72999954223633,32.72999954223633,32.16999816894531,32.20000076293945,3313600
2011-09-08,23.76947784423828,32.65999984741211,33.4900016784668,32.40999984741211,32.599998474121094,4992700
2011-09-09,23.36920166015625,32.11000061035156,32.9900016784668,31.940000534057617,32.310001373291016,6544500
2011-09-12,23.893205642700195,32.83000183105469,32.83000183105469,31.690000534057617,31.690000534057617,3765200
2011-09-13,24.22070503234864,33.279998779296875,33.369998931884766,32.68000030517578,32.93000030517578,3525900
2011-09-14,25.035823822021484,34.400001525878906,34.7599983215332,33.189998626708984,33.59000015258789,6232900
2011-09-15,25.0067195892334,34.36000061035156,34.91999816894531,34.099998474121094,34.65999984741211,4524900
2011-09-16,25.181385040283203,34.599998474121094,35.130001068115234,34.40999984741211,34.779998779296875,3966400
2011-09-19,25.17411422729492,34.59000015258789,34.75,33.880001068115234,34.540000915527344,3553800
2011-09-20,24.868444442749023,34.16999816894531,34.84000015258789,34.119998931884766,34.75,2810700
2011-09-21,24.191600799560547,33.2400016784668,34.650001525878906,33.220001220703125,34.33000183105469,4242200
2011-09-22,23.34736442565918,32.08000183105469,32.630001068115234,31.559999465942383,32.290000915527344,6891300
2011-09-23,23.90775680541992,32.849998474121094,33.060001373291016,31.82999992370605,32.0099983215332,4614800
2011-09-26,23.747648239135746,32.630001068115234,33.04999923706055,31.75,33.029998779296875,5029100
2011-09-27,24.45360565185547,33.599998474121094,34.20000076293945,33.029998779296875,33.119998931884766,4215900
2011-09-28,23.68942642211914,32.54999923706055,33.7599983215332,32.439998626708984,33.599998474121094,3203200
2011-09-29,23.587533950805664,32.40999984741211,33.209999084472656,31.71999931335449,33.02000045776367,5280400
2011-09-30,22.743305206298828,31.25,32.27000045776367,31.25,31.8799991607666,5667500
2011-10-03,22.612293243408203,31.06999969482422,32.15999984741211,31.020000457763672,31.780000686645508,6494200
2011-10-04,23.514760971069336,32.310001373291016,32.310001373291016,30.64999961853028,30.68000030517578,5500000
2011-10-05,24.34442901611328,33.45000076293945,33.4900016784668,31.940000534057617,32.33000183105469,3875700
2011-10-06,24.69377517700196,33.93000030517578,33.970001220703125,33.119998931884766,33.2599983215332,4405400
2011-10-07,24.92666244506836,34.25,34.7400016784668,33.72999954223633,34.060001373291016,4439500
2011-10-10,25.450672149658203,34.970001220703125,35.119998931884766,34.59000015258789,34.900001525878906,2406300
2011-10-11,25.22505569458008,34.65999984741211,34.900001525878906,34.45000076293945,34.689998626708984,2619100
2011-10-12,25.39244842529297,34.88999938964844,35.43000030517578,34.81999969482422,35.11000061035156,3563300
2011-10-13,25.974681854248047,35.689998626708984,35.86000061035156,34.599998474121094,34.66999816894531,5019100
2011-10-14,26.06928062438965,35.81999969482422,36.0099983215332,35.20000076293945,36.0099983215332,2458400
2011-10-17,25.305116653442383,34.77000045776367,35.72999954223633,34.630001068115234,35.54999923706055,3210700
2011-10-18,25.96739196777344,35.68000030517578,35.810001373291016,34.4900016784668,34.7599983215332,4063300
2011-10-19,25.34150123596192,34.81999969482422,35.77000045776367,34.72999954223633,35.56999969482422,3818000
2011-10-20,24.839332580566406,34.130001068115234,34.86000061035156,33.93000030517578,34.7400016784668,6011100
2011-10-21,25.567123413085938,35.130001068115234,35.5,34.560001373291016,34.779998779296875,4598100
2011-10-24,26.25122833251953,36.06999969482422,36.5,35.279998779296875,35.29999923706055,3151500
2011-10-25,26.156614303588867,35.939998626708984,36.36000061035156,35.349998474121094,35.68000030517578,4142400
2011-10-26,26.3312931060791,36.18000030517578,36.52999877929688,35.599998474121094,36.25,3788800
2011-10-27,27.11001777648925,37.25,37.47999954223633,36.70000076293945,37.09000015258789,3101000
2011-10-28,27.43752861022949,37.70000076293945,37.75,36.77999877929688,36.97999954223633,4155000
2011-10-31,26.615123748779297,36.56999969482422,37.34000015258789,36.560001373291016,37.209999084472656,3337200
2011-11-01,25.78544807434082,35.43000030517578,35.90999984741211,35.220001220703125,35.47999954223633,4180900
2011-11-02,25.836395263671875,35.5,35.93000030517578,35.220001220703125,35.900001525878906,2348100
2011-11-03,26.62968635559082,36.59000015258789,36.650001525878906,35.34000015258789,35.83000183105469,3243200
2011-11-04,27.11001777648925,37.25,37.38999938964844,36.27000045776367,36.310001373291016,2961200
2011-11-07,26.73885154724121,36.7400016784668,37.27999877929688,36.47999954223633,37.119998931884766,2755500
2011-11-08,27.022687911987305,37.130001068115234,37.20000076293945,36.470001220703125,36.90999984741211,2512300
2011-11-09,25.65445327758789,35.25,36.34000015258789,35.16999816894531,36.220001220703125,4614900
2011-11-10,26.12023162841797,35.88999938964844,36.0099983215332,35.290000915527344,35.709999084472656,3257300
2011-11-11,26.826187133789062,36.86000061035156,36.97999954223633,36.2599983215332,36.290000915527344,1835200
2011-11-14,26.469572067260746,36.369998931884766,37.130001068115234,36.150001525878906,36.880001068115234,1846500
2011-11-15,26.68063163757324,36.65999984741211,36.970001220703125,36.11000061035156,36.11000061035156,1986800
2011-11-16,26.600570678710938,36.54999923706055,37.52000045776367,36.040000915527344,36.22999954223633,4165600
2011-11-17,25.836395263671875,35.5,36.58000183105469,35.060001373291016,36.41999816894531,4777200
2011-11-18,25.69083595275879,35.29999923706055,35.939998626708984,35.209999084472656,35.88999938964844,2926500
2011-11-21,24.992168426513672,34.34000015258789,34.970001220703125,33.97999954223633,34.79999923706055,4364300
2011-11-22,24.249818801879883,33.31999969482422,34.25,32.93000030517578,34.029998779296875,5792500
2011-11-23,23.66031265258789,32.5099983215332,33.04999923706055,32.290000915527344,32.93000030517578,4282800
2011-11-25,23.4929256439209,32.279998779296875,32.84000015258789,32.18000030517578,32.279998779296875,1677600
2011-11-28,23.94415283203125,32.900001525878906,33.41999816894531,32.650001525878906,33.2400016784668,3551500
2011-11-29,24.18432235717773,33.22999954223633,33.70000076293945,32.849998474121094,32.970001220703125,4504900
2011-11-30,25.562931060791016,34.86000061035156,34.90999984741211,33.650001525878906,33.7599983215332,4086700
2011-12-01,25.819583892822266,35.209999084472656,35.33000183105469,34.58000183105469,34.66999816894531,3218600
2011-12-02,25.856246948242188,35.2599983215332,36.79999923706055,35.18000030517578,36.470001220703125,3790600
2011-12-05,26.36223220825196,35.95000076293945,36.36000061035156,35.4900016784668,35.83000183105469,4112400
2011-12-06,26.30355834960937,35.869998931884766,36.18999862670898,35.65999984741211,35.9900016784668,2417900
2011-12-07,26.252233505249023,35.79999923706055,35.970001220703125,35.2599983215332,35.650001525878906,2694500
2011-12-08,25.474937438964844,34.7400016784668,35.91999816894531,34.66999816894531,35.58000183105469,4334700
2011-12-09,25.81225204467773,35.20000076293945,35.400001525878906,33.90999984741211,34.279998779296875,3950500
2011-12-12,25.19627952575684,34.36000061035156,34.779998779296875,34.029998779296875,34.7599983215332,3691100
2011-12-13,24.866289138793945,33.90999984741211,34.72999954223633,33.72999954223633,34.40999984741211,4092400
2011-12-14,24.70495986938477,33.689998626708984,34.09000015258789,33.650001525878906,33.90999984741211,4241500
2011-12-15,24.96895980834961,34.04999923706055,34.45000076293945,33.900001525878906,34.08000183105469,3122200
2011-12-16,25.049623489379883,34.15999984741211,34.790000915527344,34.04999923706055,34.29999923706055,4078300
2011-12-19,24.53630447387696,33.459999084472656,34.369998931884766,33.380001068115234,34.18000030517578,2761300
2011-12-20,25.87091827392578,35.279998779296875,35.43000030517578,33.91999816894531,33.93000030517578,4406700
2011-12-21,25.75358963012696,35.119998931884766,35.40999984741211,34.439998626708984,35.16999816894531,3249600
2011-12-22,26.35489082336425,35.939998626708984,36.060001373291016,35.130001068115234,35.130001068115234,2493100
2011-12-23,26.552885055541992,36.209999084472656,36.33000183105469,35.779998779296875,36.04999923706055,1334000
2011-12-27,26.677549362182617,36.380001068115234,36.619998931884766,36.0,36.0,1553000
2011-12-28,26.10557556152344,35.599998474121094,36.34000015258789,35.58000183105469,36.34000015258789,1993900
2011-12-29,26.288902282714844,35.849998474121094,36.0,35.689998626708984,35.79999923706055,1658500
2011-12-30,26.237567901611328,35.779998779296875,36.11000061035156,35.72999954223633,35.93000030517578,1030900
2012-01-03,26.4208927154541,36.02999877929688,36.709999084472656,35.90999984741211,36.459999084472656,3021500
2012-01-04,26.38422393798828,35.97999954223633,36.08000183105469,35.650001525878906,36.0099983215332,1428000
2012-01-05,26.501558303833008,36.13999938964844,36.220001220703125,35.72999954223633,35.72999954223633,2124300
2012-01-06,26.32557487487793,35.900001525878906,36.220001220703125,35.779998779296875,36.11000061035156,3533000
2012-01-09,26.8388729095459,36.59999847412109,36.68999862670898,35.90999984741211,35.90999984741211,2593900
2012-01-10,26.95620346069336,36.7599983215332,36.97999954223633,36.58000183105469,36.86000061035156,1953500
2012-01-11,27.06619644165039,36.90999984741211,37.0,36.560001373291016,36.560001373291016,1526100
2012-01-12,27.359508514404297,37.310001373291016,37.4900016784668,36.86000061035156,37.0,2653300
2012-01-13,26.853540420532227,36.619998931884766,37.11000061035156,36.43000030517578,37.04999923706055,3376600
2012-01-17,27.161521911621094,37.040000915527344,37.27999877929688,36.84999847412109,36.93000030517578,2580800
2012-01-18,28.70880699157715,39.150001525878906,39.45000076293945,38.15999984741211,38.290000915527344,7307100
2012-01-19,29.090106964111328,39.66999816894531,39.75,39.06999969482422,39.16999816894531,3599800
2012-01-20,29.170764923095703,39.77999877929688,39.84000015258789,39.38999938964844,39.68999862670898,3180500
2012-01-23,28.965452194213867,39.5,39.959999084472656,39.34000015258789,39.81999969482422,2800700
2012-01-24,29.22209358215332,39.84999847412109,39.970001220703125,39.2599983215332,39.290000915527344,2977600
2012-01-25,29.170764923095703,39.77999877929688,39.84999847412109,39.08000183105469,39.720001220703125,2866300
2012-01-26,28.80412483215332,39.27999877929688,40.380001068115234,39.15999984741211,39.88999938964844,3810200
2012-01-27,28.86279487609864,39.36000061035156,39.58000183105469,38.880001068115234,38.970001220703125,3069400
2012-01-30,28.65746116638184,39.08000183105469,39.20000076293945,38.72999954223633,38.91999816894531,2322400
2012-01-31,28.694128036499023,39.130001068115234,39.540000915527344,38.97999954223633,39.34999847412109,2492700
2012-02-01,28.85545539855957,39.34999847412109,39.86000061035156,39.20000076293945,39.459999084472656,3186300
2012-02-02,28.848129272460938,39.34000015258789,39.81999969482422,39.27000045776367,39.43000030517578,2300900
2012-02-03,29.390775680541992,40.08000183105469,40.15999984741211,39.619998931884766,39.77999877929688,3688000
2012-02-06,29.016786575317383,39.56999969482422,39.86000061035156,39.45000076293945,39.84999847412109,3152900
2012-02-07,29.090106964111328,39.66999816894531,39.790000915527344,39.2400016784668,39.34999847412109,2013400
2012-02-08,29.251441955566406,39.88999938964844,40.27999877929688,39.59999847412109,39.66999816894531,2361900
2012-02-09,29.405431747436523,40.09999847412109,40.15999984741211,39.75,39.97999954223633,2520400
2012-02-10,28.936119079589844,39.459999084472656,39.7400016784668,39.310001373291016,39.7400016784668,2381100
2012-02-13,28.965452194213867,39.5,39.79999923706055,38.97999954223633,39.7400016784668,2056500
2012-02-14,28.91411781311035,39.43000030517578,39.52000045776367,39.06999969482422,39.22999954223633,2109800
2012-02-15,29.053451538085938,39.619998931884766,40.040000915527344,39.470001220703125,39.63999938964844,2222300
2012-02-16,29.59608459472656,40.36000061035156,40.5099983215332,39.650001525878906,39.68999862670898,3169300
2012-02-17,29.64008522033692,40.41999816894531,40.83000183105469,40.2400016784668,40.81999969482422,2035100
2012-02-21,29.471435546875,40.18999862670898,40.70000076293945,40.08000183105469,40.70000076293945,2088000
2012-02-22,29.200101852416992,39.81999969482422,40.369998931884766,39.61000061035156,39.7400016784668,3278600
2012-02-23,28.84079360961914,39.33000183105469,40.16999816894531,39.060001373291016,39.86000061035156,6144100
2012-02-24,28.488800048828125,38.84999847412109,39.459999084472656,38.650001525878906,39.459999084472656,4719500
2012-02-27,28.46680450439453,38.81999969482422,39.22999954223633,38.40999984741211,38.630001068115234,3258500
2012-02-28,29.016786575317383,39.56999969482422,39.70000076293945,38.81999969482422,38.95000076293945,2687400
2012-02-29,28.75279998779297,39.209999084472656,39.77000045776367,39.150001525878906,39.720001220703125,2958500
2012-03-01,28.70880699157715,39.150001525878906,39.459999084472656,38.84000015258789,39.31999969482422,2693700
2012-03-02,28.349485397338867,38.65999984741211,39.27000045776367,38.59000015258789,38.9900016784668,2334100
2012-03-05,27.83616828918457,37.959999084472656,38.630001068115234,37.68999862670898,38.54999923706055,2673600
2012-03-06,27.92416954040528,38.08000183105469,38.31999969482422,37.5099983215332,37.540000915527344,3586300
2012-03-07,28.234603881835938,38.20000076293945,38.27999877929688,37.83000183105469,37.83000183105469,2091800
2012-03-08,28.515459060668945,38.58000183105469,38.650001525878906,38.18999862670898,38.41999816894531,1872100
2012-03-09,28.744590759277344,38.88999938964844,39.0099983215332,38.540000915527344,38.58000183105469,2667700
2012-03-12,28.559812545776367,38.63999938964844,39.040000915527344,38.54999923706055,38.79999923706055,1484500
2012-03-13,29.13633155822754,39.41999816894531,39.43000030517578,38.72999954223633,38.790000915527344,2042100
2012-03-14,28.86284637451172,39.04999923706055,39.959999084472656,39.0,39.369998931884766,2876300
2012-03-15,29.409814834594727,39.790000915527344,39.869998931884766,39.02999877929688,39.18000030517578,2263000
2012-03-16,29.34327888488769,39.70000076293945,39.970001220703125,39.63999938964844,39.93000030517578,2274100
2012-03-19,29.77936744689941,40.290000915527344,40.41999816894531,39.43999862670898,39.52000045776367,3344600
2012-03-20,29.601985931396484,40.04999923706055,40.06999969482422,39.59999847412109,39.959999084472656,2938500
2012-03-21,29.668487548828125,40.13999938964844,40.290000915527344,40.0,40.02000045776367,2211900
2012-03-22,29.43197250366211,39.81999969482422,40.16999816894531,39.68000030517578,39.810001373291016,2231400
2012-03-23,29.50589370727539,39.91999816894531,39.9900016784668,39.66999816894531,39.81999969482422,1558000
2012-03-26,29.890235900878903,40.43999862670898,40.43999862670898,40.09000015258789,40.20000076293945,1312500
2012-03-27,29.84589195251465,40.380001068115234,40.59999847412109,40.33000183105469,40.43000030517578,1675600
2012-03-28,29.653715133666992,40.119998931884766,40.52999877929688,39.86000061035156,40.33000183105469,2422000
2012-03-29,29.57242202758789,40.0099983215332,40.09000015258789,39.66999816894531,39.880001068115234,2356900
2012-03-30,29.86068153381348,40.400001525878906,40.560001373291016,39.959999084472656,40.2400016784668,2125800
2012-04-02,29.49110984802246,39.900001525878906,40.459999084472656,39.83000183105469,40.38999938964844,2424800
2012-04-03,28.885019302368164,39.08000183105469,40.0,38.970001220703125,39.810001373291016,3624000
2012-04-04,28.59676742553711,38.68999862670898,38.790000915527344,38.27999877929688,38.77999877929688,2598600
2012-04-05,28.67068099975586,38.790000915527344,38.83000183105469,38.41999816894531,38.47999954223633,1575200
2012-04-09,28.11633682250977,38.040000915527344,38.29999923706055,37.880001068115234,38.290000915527344,2326300
2012-04-10,27.79850196838379,37.61000061035156,38.22999954223633,37.52000045776367,37.95000076293945,2018600
2012-04-11,28.04241371154785,37.93999862670898,38.290000915527344,37.869998931884766,37.970001220703125,1845400
2012-04-12,28.700252532958984,38.83000183105469,38.970001220703125,37.869998931884766,38.06999969482422,2496200
2012-04-13,28.11633682250977,38.040000915527344,38.880001068115234,38.040000915527344,38.75,1868200
2012-04-16,28.0350341796875,37.93000030517578,38.52000045776367,37.84999847412109,38.220001220703125,1833900
2012-04-17,28.559812545776367,38.63999938964844,38.75,38.11000061035156,38.209999084472656,2518200
2012-04-18,28.375030517578125,38.38999938964844,38.52000045776367,38.06999969482422,38.27000045776367,1870000
2012-04-19,28.2937240600586,38.27999877929688,38.84999847412109,38.02000045776367,38.400001525878906,2874500
2012-04-20,27.946332931518555,37.810001373291016,38.45000076293945,37.75,38.31999969482422,3630100
2012-04-23,27.51025390625,37.220001220703125,37.459999084472656,36.95000076293945,37.43999862670898,2703900
2012-04-24,27.687644958496094,37.459999084472656,37.77999877929688,37.27999877929688,37.4900016784668,2897600
2012-04-25,27.96112823486328,37.83000183105469,37.95000076293945,37.36000061035156,37.900001525878906,2506200
2012-04-26,28.367637634277344,38.380001068115234,38.56999969482422,37.77999877929688,37.77999877929688,1651500
2012-04-27,28.80371284484864,38.970001220703125,39.11000061035156,38.34000015258789,38.540000915527344,2451200
2012-04-30,28.811124801635746,38.97999954223633,39.040000915527344,38.790000915527344,38.90999984741211,2040800
2012-05-01,28.8554630279541,39.040000915527344,39.310001373291016,38.86000061035156,39.150001525878906,1422500
2012-05-02,28.818506240844727,38.9900016784668,39.08000183105469,38.650001525878906,38.79999923706055,1864000
2012-05-03,28.234603881835938,38.20000076293945,39.11000061035156,38.119998931884766,38.7599983215332,2177500
2012-05-04,27.71721649169922,37.5,38.119998931884766,37.38999938964844,38.0,1740000
2012-05-07,27.67284774780273,37.43999862670898,37.65999984741211,37.20000076293945,37.52999877929688,1232500
2012-05-08,27.680252075195312,37.45000076293945,37.56999969482422,36.68999862670898,37.119998931884766,1946400
2012-05-09,27.41417121887207,37.09000015258789,37.27000045776367,36.290000915527344,36.619998931884766,3785700
2012-05-10,27.44373321533203,37.130001068115234,37.369998931884766,36.54999923706055,37.369998931884766,3186800
2012-05-11,27.5915584564209,37.33000183105469,37.720001220703125,36.880001068115234,37.02999877929688,1250000
2012-05-14,27.48807907104492,37.18999862670898,37.310001373291016,36.7599983215332,37.0,1196700
2012-05-15,27.273731231689453,36.900001525878906,37.36000061035156,36.58000183105469,37.18999862670898,2065200
2012-05-16,26.86721611022949,36.34999847412109,37.130001068115234,36.2400016784668,37.09999847412109,3452600
2012-05-17,26.37199783325196,35.68000030517578,36.5099983215332,35.65999984741211,36.5099983215332,2689500
2012-05-18,25.9359130859375,35.09000015258789,35.81999969482422,35.0,35.81999969482422,3300400
2012-05-21,26.512422561645508,35.869998931884766,35.95000076293945,35.060001373291016,35.060001373291016,1629700
2012-05-22,26.46069526672364,35.79999923706055,36.04999923706055,35.5099983215332,35.959999084472656,2625300
2012-05-23,26.37199783325196,35.68000030517578,35.7599983215332,34.25,34.25,3874800
2012-05-24,26.60852432250977,36.0,36.16999816894531,35.29999923706055,35.790000915527344,3225000
2012-05-25,26.748947143554688,36.18999862670898,36.380001068115234,35.779998779296875,35.90999984741211,1825800
2012-05-29,27.273731231689453,36.900001525878906,36.91999816894531,36.36000061035156,36.560001373291016,2553300
2012-05-30,26.93839454650879,36.150001525878906,36.400001525878906,35.900001525878906,36.369998931884766,2265900
2012-05-31,27.102344512939453,36.369998931884766,36.63999938964844,35.88999938964844,36.18000030517578,2957800
2012-06-01,26.632871627807617,35.7400016784668,36.27999877929688,35.58000183105469,35.58000183105469,3471700
2012-06-04,26.588159561157227,35.68000030517578,36.20000076293945,35.18000030517578,35.72999954223633,2661500
2012-06-05,26.975658416748047,36.20000076293945,36.34000015258789,35.59000015258789,35.619998931884766,1830200
2012-06-06,27.81026840209961,37.31999969482422,37.34000015258789,36.369998931884766,36.43999862670898,1923200
2012-06-07,27.45256805419922,36.84000015258789,37.880001068115234,36.790000915527344,37.79999923706055,2257700
2012-06-08,27.646324157714844,37.09999847412109,37.20000076293945,36.68000030517578,36.83000183105469,1886500
2012-06-11,27.072528839111328,36.33000183105469,37.630001068115234,36.290000915527344,37.619998931884766,1829300
2012-06-12,27.79536247253418,37.29999923706055,37.310001373291016,36.43000030517578,36.560001373291016,2034100
2012-06-13,27.288631439208984,36.619998931884766,37.16999816894531,36.4900016784668,37.15999984741211,1921800
2012-06-14,27.15449333190918,36.43999862670898,36.79999923706055,36.09000015258789,36.79999923706055,2253500
2012-06-15,27.50473594665528,36.90999984741211,36.95000076293945,36.34000015258789,36.61000061035156,2957800
2012-06-18,27.989118576049805,37.560001373291016,37.59999847412109,36.65999984741211,36.7599983215332,1881000
2012-06-19,28.316993713378903,38.0,38.16999816894531,37.61000061035156,37.79999923706055,2606300
2012-06-20,28.51819229125977,38.27000045776367,38.47999954223633,37.95000076293945,38.15999984741211,2218100
2012-06-21,27.81026840209961,37.31999969482422,38.220001220703125,37.2599983215332,38.13999938964844,2123200
2012-06-22,28.11578750610352,37.72999954223633,37.91999816894531,37.45000076293945,37.56999969482422,7928300
2012-06-25,27.5419979095459,36.959999084472656,37.310001373291016,36.79999923706055,37.290000915527344,2295700
2012-06-26,27.29608917236328,36.630001068115234,37.06999969482422,36.22999954223633,37.0,2434700
2012-06-27,27.631423950195312,37.08000183105469,37.290000915527344,36.619998931884766,36.77000045776367,2328300
2012-06-28,27.214115142822266,36.52000045776367,36.869998931884766,36.09999847412109,36.63999938964844,3074600
2012-06-29,28.071081161499023,37.66999816894531,37.66999816894531,37.02000045776367,37.06999969482422,2371900
2012-07-02,27.75065803527832,37.2400016784668,37.70000076293945,36.93999862670898,37.70000076293945,2138400
2012-07-03,27.780458450317383,37.27999877929688,37.31999969482422,36.75,37.2599983215332,1691000
2012-07-05,27.892234802246094,37.43000030517578,37.58000183105469,36.79999923706055,37.18999862670898,1593700
2012-07-06,27.288631439208984,36.619998931884766,37.20000076293945,36.18999862670898,37.11000061035156,2143900
2012-07-09,27.05763053894043,36.310001373291016,36.619998931884766,35.97999954223633,36.59999847412109,2122100
2012-07-10,26.91604232788086,36.119998931884766,36.650001525878906,35.880001068115234,36.18000030517578,2177900
2012-07-11,27.15449333190918,36.43999862670898,36.709999084472656,36.09000015258789,36.25,2881900
2012-07-12,26.699949264526367,35.83000183105469,36.209999084472656,35.61000061035156,36.130001068115234,1970300
2012-07-13,27.17685890197754,36.470001220703125,36.56999969482422,35.93000030517578,35.959999084472656,1431400
2012-07-16,26.96076202392578,36.18000030517578,36.56999969482422,36.06999969482422,36.34999847412109,2102700
2012-07-17,27.25137710571289,36.56999969482422,36.75,35.790000915527344,36.31999969482422,2828400
2012-07-18,28.0114688873291,37.59000015258789,37.88999938964844,36.43000030517578,36.54999923706055,2294000
2012-07-19,28.309532165527344,37.9900016784668,38.33000183105469,37.630001068115234,37.88999938964844,2894300
2012-07-20,27.936946868896484,37.4900016784668,37.93000030517578,37.290000915527344,37.91999816894531,1697200
2012-07-23,27.56435775756836,36.9900016784668,37.150001525878906,36.36000061035156,37.150001525878906,2215900
2012-07-24,27.34824180603028,36.70000076293945,37.0099983215332,36.380001068115234,36.90999984741211,1662000
2012-07-25,28.27974319458008,37.95000076293945,38.150001525878906,36.790000915527344,36.84000015258789,3353500
2012-07-26,28.57036018371582,38.34000015258789,38.81999969482422,38.130001068115234,38.40999984741211,2500300
2012-07-27,29.3378849029541,39.369998931884766,39.5099983215332,38.4900016784668,38.650001525878906,2492700
2012-07-30,29.226118087768555,39.220001220703125,39.59999847412109,38.84999847412109,39.400001525878906,1771700
2012-07-31,29.121782302856445,39.08000183105469,39.70000076293945,39.06999969482422,39.29999923706055,2609500
2012-08-01,29.322986602783203,39.34999847412109,39.58000183105469,38.88999938964844,39.43000030517578,3029800
2012-08-02,29.121782302856445,39.08000183105469,39.52999877929688,38.720001220703125,38.900001525878906,2250500
2012-08-03,29.658321380615234,39.79999923706055,39.93999862670898,39.29999923706055,39.5,2329200
2012-08-06,29.688133239746094,39.84000015258789,40.040000915527344,39.790000915527344,39.959999084472656,1805900
2012-08-07,29.8148193359375,40.0099983215332,40.5,39.86000061035156,39.86000061035156,2491100
2012-08-08,29.94150352478028,40.18000030517578,40.29999923706055,39.810001373291016,40.060001373291016,1672200
2012-08-09,30.07561683654785,40.36000061035156,40.4900016784668,40.0099983215332,40.040000915527344,1520800
2012-08-10,30.12778663635254,40.43000030517578,40.5,40.060001373291016,40.29999923706055,2020500
2012-08-13,30.20230865478516,40.52999877929688,40.52999877929688,40.040000915527344,40.34999847412109,1654200
2012-08-14,30.016008377075195,40.27999877929688,40.720001220703125,40.130001068115234,40.59000015258789,1676100
2012-08-15,30.12778663635254,40.43000030517578,40.720001220703125,40.209999084472656,40.2599983215332,1338800
2012-08-16,30.44076538085937,40.84999847412109,40.90999984741211,40.400001525878906,40.43000030517578,1011600
2012-08-17,30.41841506958008,40.81999969482422,40.88999938964844,40.45000076293945,40.869998931884766,1275000
2012-08-20,30.20975875854492,40.540000915527344,40.75,40.2400016784668,40.58000183105469,2074600
2012-08-21,30.06071853637696,40.34000015258789,40.79999923706055,40.20000076293945,40.59999847412109,3239900
2012-08-22,29.583797454833984,39.70000076293945,40.20000076293945,39.41999816894531,40.0,3983200
2012-08-23,29.486928939819336,39.56999969482422,39.75,39.25,39.68000030517578,1820000
2012-08-24,29.61361122131348,39.7400016784668,39.91999816894531,39.33000183105469,39.4900016784668,1920100
2012-08-27,29.50927734375,39.59999847412109,39.84000015258789,39.34999847412109,39.83000183105469,1349400
2012-08-28,29.472028732299805,39.54999923706055,39.7599983215332,39.41999816894531,39.540000915527344,1384900
2012-08-29,29.67476463317871,39.52000045776367,39.59999847412109,39.0099983215332,39.0099983215332,1357800
2012-08-30,29.5771484375,39.38999938964844,39.68999862670898,39.13999938964844,39.459999084472656,1557600
2012-08-31,29.8399600982666,39.7400016784668,39.77999877929688,39.16999816894531,39.5,1693300
2012-09-04,29.55462646484375,39.36000061035156,39.90999984741211,39.06999969482422,39.59999847412109,1618400
2012-09-05,29.509578704833984,39.29999923706055,39.47999954223633,39.0099983215332,39.34000015258789,1697800
2012-09-06,30.29049491882324,40.34000015258789,40.540000915527344,39.0,39.560001373291016,1918600
2012-09-07,30.37308120727539,40.45000076293945,40.47999954223633,40.04999923706055,40.20000076293945,1741300
2012-09-10,30.087739944458008,40.06999969482422,40.5,40.04999923706055,40.290000915527344,2388800
2012-09-11,30.207887649536133,40.22999954223633,40.5,40.0,40.25,1991400
2012-09-12,30.230411529541016,40.2599983215332,40.470001220703125,40.02999877929688,40.41999816894531,1513200
2012-09-13,30.703458786010746,40.88999938964844,41.02000045776367,39.7599983215332,39.7599983215332,2342900
2012-09-14,31.296655654907227,41.68000030517578,41.790000915527344,40.77999877929688,41.02000045776367,3316400
2012-09-17,30.90620994567871,41.15999984741211,41.5,40.84000015258789,41.459999084472656,3857600
2012-09-18,30.61336708068848,40.77000045776367,40.9900016784668,40.40999984741211,40.43999862670898,2699200
2012-09-19,30.725994110107425,40.91999816894531,41.06999969482422,40.52000045776367,41.06999969482422,1875900
2012-09-20,30.418127059936523,40.5099983215332,40.93000030517578,40.34999847412109,40.83000183105469,2116900
2012-09-21,30.27547264099121,40.31999969482422,40.959999084472656,40.27999877929688,40.72999954223633,2422600
2012-09-24,29.90754508972168,39.83000183105469,40.77000045776367,39.7599983215332,40.59999847412109,1994500
2012-09-25,29.291810989379883,39.0099983215332,40.16999816894531,38.9900016784668,40.13999938964844,3840500
2012-09-26,29.10409927368164,38.7599983215332,39.09999847412109,38.43999862670898,39.0099983215332,3103200
2012-09-27,29.72731590270996,39.59000015258789,39.72999954223633,38.90999984741211,39.0,1946200
2012-09-28,29.41946792602539,39.18000030517578,39.4900016784668,39.02000045776367,39.25,2264200
2012-10-01,29.65974235534668,39.5,39.9900016784668,39.29999923706055,39.34999847412109,3046100
2012-10-02,29.764863967895508,39.63999938964844,39.790000915527344,39.33000183105469,39.63999938964844,1434400
2012-10-03,29.69729804992676,39.54999923706055,39.77000045776367,39.34999847412109,39.63999938964844,1269200
2012-10-04,29.719820022583008,39.58000183105469,39.68000030517578,39.2400016784668,39.59999847412109,1429000
2012-10-05,29.824935913085938,39.720001220703125,40.130001068115234,39.59999847412109,39.79999923706055,1220900
2012-10-08,29.502058029174805,39.290000915527344,39.5,39.0,39.209999084472656,1272400
2012-10-09,29.03651237487793,38.66999816894531,39.209999084472656,38.58000183105469,39.18000030517578,1778600
2012-10-10,28.668588638305664,38.18000030517578,38.70000076293945,38.09000015258789,38.70000076293945,2112600
2012-10-11,28.503393173217773,37.959999084472656,38.310001373291016,37.81999969482422,37.81999969482422,3522000
2012-10-12,28.61603546142578,38.11000061035156,38.34000015258789,37.97999954223633,38.11000061035156,1852300
2012-10-15,28.95392417907715,38.560001373291016,38.59999847412109,38.15999984741211,38.33000183105469,1391200
2012-10-16,29.622203826904297,39.45000076293945,39.4900016784668,38.619998931884766,38.65999984741211,2219500
2012-10-17,29.682268142700195,39.52999877929688,39.66999816894531,38.900001525878906,39.220001220703125,2178800
2012-10-18,29.45701026916504,39.22999954223633,39.61000061035156,38.9900016784668,39.61000061035156,1365800
2012-10-19,28.871313095092773,38.45000076293945,39.2400016784668,38.31999969482422,39.20000076293945,1926000
2012-10-22,28.863826751708984,38.43999862670898,38.7599983215332,38.18000030517578,38.59000015258789,1448600
2012-10-23,28.9464168548584,38.54999923706055,38.70000076293945,38.0,38.13999938964844,1976300
2012-10-24,28.661073684692383,38.16999816894531,38.900001525878906,38.06999969482422,38.88999938964844,1543100
2012-10-25,29.051544189453125,38.68999862670898,38.70000076293945,38.2400016784668,38.45000076293945,1693200
2012-10-26,29.314342498779297,39.040000915527344,39.130001068115234,38.619998931884766,38.77999877929688,1645700
2012-10-31,29.374412536621094,39.119998931884766,39.400001525878906,38.91999816894531,39.25,2032200
2012-11-01,30.2829818725586,40.33000183105469,40.4900016784668,39.02000045776367,39.08000183105469,2461400
2012-11-02,29.9000301361084,39.81999969482422,40.470001220703125,39.77000045776367,40.33000183105469,1936000
2012-11-05,30.61336708068848,40.77000045776367,40.880001068115234,39.63999938964844,39.63999938964844,1682400
2012-11-06,31.03388023376465,41.33000183105469,41.4900016784668,40.75,40.86000061035156,2733700
2012-11-07,30.37308120727539,40.45000076293945,40.900001525878906,40.18000030517578,40.43000030517578,3484600
2012-11-08,30.035186767578125,40.0,40.650001525878906,39.97999954223633,40.45000076293945,2488600
2012-11-09,30.24543190002441,40.27999877929688,40.79999923706055,39.959999084472656,40.11000061035156,2242700
2012-11-12,30.222909927368164,40.25,40.369998931884766,39.95000076293945,40.34000015258789,1119300
2012-11-13,30.37308120727539,40.45000076293945,40.709999084472656,39.84999847412109,39.93000030517578,1974300
2012-11-14,29.8399600982666,39.7400016784668,40.720001220703125,39.65999984741211,40.5,1663600
2012-11-15,29.5771484375,39.38999938964844,39.9900016784668,39.2400016784668,39.70000076293945,2632600
2012-11-16,29.53209686279297,39.33000183105469,39.52999877929688,38.7400016784668,39.40999984741211,2004000
2012-11-19,30.192869186401367,40.209999084472656,40.22999954223633,39.34000015258789,39.97999954223633,1497400
2012-11-20,30.065229415893555,40.040000915527344,40.43000030517578,39.709999084472656,40.0,2350700
2012-11-21,30.117774963378903,40.11000061035156,40.2599983215332,38.959999084472656,38.959999084472656,1187700
2012-11-23,30.59083366394043,40.7400016784668,40.810001373291016,40.0,40.150001525878906,741500
2012-11-26,30.32051658630371,40.380001068115234,40.88999938964844,40.220001220703125,40.54999923706055,2377300
2012-11-27,30.117774963378903,40.11000061035156,40.72999954223633,39.970001220703125,40.220001220703125,2981000
2012-11-28,30.33554458618164,40.400001525878906,40.4900016784668,38.81999969482422,38.88999938964844,4887200
2012-11-29,30.485719680786133,40.59999847412109,40.86000061035156,39.900001525878906,40.5099983215332,2170400
2012-11-30,30.485719680786133,40.59999847412109,40.790000915527344,40.15999984741211,40.27999877929688,2547600
2012-12-03,30.365571975708008,40.43999862670898,40.97999954223633,40.369998931884766,40.84000015258789,2223200
2012-12-04,30.523252487182617,40.650001525878906,40.810001373291016,40.25,40.52000045776367,1368500
2012-12-05,30.689682006835938,40.56999969482422,40.77000045776367,40.220001220703125,40.540000915527344,1572200
2012-12-06,30.81072235107422,40.72999954223633,41.040000915527344,40.52999877929688,40.56999969482422,1877800
2012-12-07,31.22676086425781,41.27999877929688,41.34999847412109,40.72999954223633,40.91999816894531,2193600
2012-12-10,31.340240478515625,41.43000030517578,41.59000015258789,41.06999969482422,41.06999969482422,2282300
2012-12-11,31.96053504943848,42.25,42.36000061035156,41.40999984741211,41.630001068115234,2715300
2012-12-12,31.78655242919922,42.02000045776367,42.45000076293945,41.95000076293945,42.2599983215332,1742500
2012-12-13,31.408323287963867,41.52000045776367,41.9900016784668,41.36000061035156,41.70000076293945,1539900
2012-12-14,31.279714584350582,41.34999847412109,41.59999847412109,41.11000061035156,41.369998931884766,2243900
2012-12-17,31.431026458740234,41.54999923706055,41.77999877929688,41.290000915527344,41.41999816894531,2518200
2012-12-18,31.892452239990234,42.15999984741211,42.310001373291016,41.75,41.75,2128500
2012-12-19,32.00593185424805,42.310001373291016,42.72999954223633,42.150001525878906,42.38999938964844,2965200
2012-12-20,32.03618240356445,42.34999847412109,42.459999084472656,41.97999954223633,42.38999938964844,2324000
2012-12-21,31.915149688720703,42.18999862670898,42.2400016784668,41.34000015258789,41.93999862670898,11347400
2012-12-24,31.85462188720703,42.11000061035156,42.27999877929688,41.70000076293945,42.02999877929688,945400
2012-12-26,31.612564086914062,41.790000915527344,42.40999984741211,41.72999954223633,42.18000030517578,1419300
2012-12-27,31.688201904296875,41.88999938964844,42.02000045776367,41.40999984741211,41.869998931884766,2134700
2012-12-28,31.37049674987793,41.470001220703125,41.9900016784668,41.43999862670898,41.63999938964844,1439700
2012-12-31,31.81680488586425,42.060001373291016,42.09000015258789,41.18999862670898,41.470001220703125,2366100
2013-01-02,33.28433609008789,44.0,44.0099983215332,42.79999923706055,42.79999923706055,3761100
2013-01-03,32.74726104736328,43.290000915527344,43.709999084472656,42.63999938964844,43.59999847412109,2953000
2013-01-04,32.164791107177734,42.52000045776367,43.290000915527344,42.43000030517578,43.22999954223633,3502800
2013-01-07,32.263126373291016,42.650001525878906,42.810001373291016,42.0,42.0099983215332,2377000
2013-01-08,31.930274963378903,42.209999084472656,42.75,42.13999938964844,42.61000061035156,1797800
2013-01-09,31.84705352783203,42.09999847412109,42.40999984741211,41.810001373291016,42.18999862670898,3117500
2013-01-10,32.23286437988281,42.61000061035156,42.630001068115234,42.18999862670898,42.25,2275800
2013-01-11,31.968101501464844,42.2599983215332,42.59999847412109,42.16999816894531,42.400001525878906,1952700
2013-01-14,31.952980041503903,42.2400016784668,42.959999084472656,42.09000015258789,42.810001373291016,2768400
2013-01-15,31.78655242919922,42.02000045776367,42.290000915527344,41.81999969482422,42.0099983215332,2272600
2013-01-16,31.831932067871094,42.08000183105469,42.29999923706055,41.709999084472656,41.91999816894531,2620700
2013-01-17,32.573280334472656,43.060001373291016,43.18999862670898,42.209999084472656,42.25,2567800
2013-01-18,32.573280334472656,43.060001373291016,43.09000015258789,42.630001068115234,42.84999847412109,1916700
2013-01-22,32.64134979248047,43.150001525878906,43.15999984741211,42.7400016784668,42.93999862670898,1852900
2013-01-23,32.792625427246094,43.34999847412109,43.45000076293945,43.02999877929688,43.310001373291016,2265300
2013-01-24,32.85315704345703,43.43000030517578,43.7599983215332,43.13999938964844,43.380001068115234,2379700
2013-01-25,33.13303756713867,43.79999923706055,43.97999954223633,43.54999923706055,43.63999938964844,2142400
2013-01-28,33.307037353515625,44.02999877929688,44.16999816894531,43.81999969482422,43.900001525878906,1842500
2013-01-29,33.39781951904297,44.150001525878906,44.310001373291016,43.59999847412109,43.9900016784668,1781200
2013-01-30,33.412933349609375,44.16999816894531,44.33000183105469,43.869998931884766,44.02000045776367,1894800
2013-01-31,33.01201248168945,43.63999938964844,44.25,43.52999877929688,44.25,2649300
2013-02-01,33.79117584228516,44.66999816894531,44.7400016784668,44.0,44.060001373291016,2684600
2013-02-04,33.32216262817383,44.04999923706055,44.81999969482422,44.04999923706055,44.56999969482422,2324200
2013-02-05,33.798736572265625,44.68000030517578,44.86000061035156,44.13999938964844,44.31999969482422,2057700
2013-02-06,33.8441276550293,44.7400016784668,44.91999816894531,44.34999847412109,44.36000061035156,1962700
2013-02-07,33.57936096191406,44.38999938964844,44.66999816894531,44.060001373291016,44.619998931884766,1817600
2013-02-08,34.57032775878906,45.70000076293945,45.900001525878906,44.45000076293945,44.720001220703125,2962900
2013-02-11,34.8577995300293,46.08000183105469,46.13999938964844,45.77000045776367,45.9900016784668,2383000
2013-02-12,35.001522064208984,46.27000045776367,46.34999847412109,45.959999084472656,46.150001525878906,2313600
2013-02-13,34.993953704833984,46.2599983215332,46.630001068115234,46.060001373291016,46.290000915527344,2376100
2013-02-14,35.20576095581055,46.540000915527344,46.70000076293945,45.97999954223633,46.02000045776367,1991400
2013-02-15,34.93342971801758,46.18000030517578,46.630001068115234,45.86000061035156,46.38999938964844,3187400
2013-02-19,35.56128692626953,47.0099983215332,47.040000915527344,46.20000076293945,46.400001525878906,2734400
2013-02-20,34.638404846191406,45.790000915527344,47.27000045776367,45.7599983215332,46.900001525878906,3472900
2013-02-21,34.13158416748047,45.119998931884766,45.77000045776367,44.84000015258789,45.70000076293945,2923100
2013-02-22,34.43416976928711,45.52000045776367,45.88999938964844,45.18999862670898,45.18999862670898,2320100
2013-02-25,33.8668327331543,44.77000045776367,46.27000045776367,44.75,46.11000061035156,2626700
2013-02-26,34.04081726074219,45.0,45.310001373291016,44.650001525878906,45.08000183105469,4383900
2013-02-27,34.58961486816406,45.380001068115234,45.619998931884766,44.310001373291016,44.58000183105469,2095000
2013-02-28,34.46765899658203,45.220001220703125,45.81999969482422,43.68000030517578,45.27999877929688,2627200
2013-03-01,34.47527313232422,45.22999954223633,45.43999862670898,44.40999984741211,45.0,2392800
2013-03-04,34.52864074707031,45.29999923706055,45.34999847412109,44.88999938964844,45.290000915527344,1971700
2013-03-05,34.88687896728516,45.77000045776367,45.93000030517578,45.5,45.5,1425100
2013-03-06,35.15364074707031,46.119998931884766,46.18999862670898,45.79999923706055,45.83000183105469,1908600
2013-03-07,34.841121673583984,45.709999084472656,46.2599983215332,45.59000015258789,46.25,1975200
2013-03-08,35.10028839111328,46.04999923706055,46.27000045776367,45.52999877929688,45.959999084472656,1663200
2013-03-11,35.39755630493164,46.43999862670898,46.45000076293945,45.790000915527344,45.959999084472656,1731700
2013-03-12,35.428062438964844,46.47999954223633,46.63999938964844,46.150001525878906,46.400001525878906,1967400
2013-03-13,35.428062438964844,46.47999954223633,46.630001068115234,46.209999084472656,46.40999984741211,1864300
2013-03-14,35.45091247558594,46.5099983215332,46.9900016784668,46.470001220703125,46.650001525878906,1902600
2013-03-15,34.70392990112305,45.52999877929688,46.52999877929688,45.38999938964844,46.33000183105469,4695300
2013-03-18,34.18562316894531,44.84999847412109,45.34999847412109,44.72999954223633,45.25,2326900
2013-03-19,34.23136901855469,44.90999984741211,45.15999984741211,44.33000183105469,44.97999954223633,1778100
2013-03-20,34.803035736083984,45.65999984741211,45.75,45.130001068115234,45.290000915527344,1811300
2013-03-21,33.95695495605469,44.54999923706055,45.400001525878906,44.52000045776367,45.220001220703125,1645400
2013-03-22,34.223751068115234,44.900001525878906,45.15999984741211,44.70000076293945,44.81999969482422,2071600
2013-03-25,34.02555847167969,44.63999938964844,45.060001373291016,44.369998931884766,45.040000915527344,1900100
2013-03-26,34.87165069580078,45.75,45.77999877929688,44.77000045776367,44.900001525878906,1623400
2013-03-27,34.87165069580078,45.75,45.869998931884766,45.02000045776367,45.29999923706055,1471200
2013-03-28,35.435665130615234,46.4900016784668,46.52999877929688,45.61000061035156,45.630001068115234,2095900
2013-04-01,34.61247253417969,45.40999984741211,46.36000061035156,45.310001373291016,46.27999877929688,2542600
2013-04-02,34.45241165161133,45.20000076293945,45.7400016784668,44.93999862670898,45.720001220703125,2177100
2013-04-03,33.58348083496094,44.060001373291016,45.18999862670898,43.88999938964844,45.09000015258789,2431100
2013-04-04,33.339569091796875,43.7400016784668,44.18999862670898,43.619998931884766,44.130001068115234,3513900
2013-04-05,33.24047088623047,43.61000061035156,43.68000030517578,42.45000076293945,43.0099983215332,3381400
2013-04-08,33.5377311706543,44.0,44.0,43.34999847412109,43.63999938964844,2301900
2013-04-09,33.59109115600586,44.06999969482422,44.27000045776367,43.52999877929688,44.02999877929688,2574900
2013-04-10,34.37619400024414,45.09999847412109,45.119998931884766,44.040000915527344,44.27999877929688,2386200
2013-04-11,34.223751068115234,44.900001525878906,45.400001525878906,44.7400016784668,45.13999938964844,2459300
2013-04-12,33.98744583129883,44.59000015258789,44.83000183105469,44.08000183105469,44.709999084472656,2311900
2013-04-15,33.41579055786133,43.84000015258789,44.70000076293945,43.84000015258789,44.40999984741211,2781000
2013-04-16,34.101783752441406,44.7400016784668,44.77999877929688,43.900001525878906,44.09000015258789,2382100
2013-04-17,32.66118621826172,42.84999847412109,43.86000061035156,42.2400016784668,43.56999969482422,4737000
2013-04-18,32.272457122802734,42.34000015258789,43.34999847412109,42.15999984741211,43.34999847412109,2803000
2013-04-19,32.287696838378906,42.36000061035156,42.68999862670898,41.810001373291016,42.20000076293945,2746300
2013-04-22,32.51637649536133,42.65999984741211,42.91999816894531,41.880001068115234,42.619998931884766,2253700
2013-04-23,33.103267669677734,43.43000030517578,43.630001068115234,42.84999847412109,42.97999954223633,2371400
2013-04-24,33.126155853271484,43.459999084472656,43.810001373291016,43.43999862670898,43.65999984741211,2926900
2013-04-25,33.270965576171875,43.650001525878906,43.970001220703125,43.56999969482422,43.970001220703125,6025300
2013-04-26,33.00418472290039,43.29999923706055,43.70000076293945,43.209999084472656,43.5099983215332,2081200
2013-04-29,33.27859115600586,43.65999984741211,43.77000045776367,43.38999938964844,43.59999847412109,1548100
2013-04-30,33.53011703491211,43.9900016784668,44.040000915527344,43.36000061035156,43.560001373291016,2572500
2013-05-01,33.446266174316406,43.880001068115234,44.34999847412109,43.7599983215332,44.119998931884766,1876200
2013-05-02,33.69780731201172,44.209999084472656,44.45000076293945,43.58000183105469,43.959999084472656,2883700
2013-05-03,34.29997253417969,45.0,45.11000061035156,44.5,44.709999084472656,2395300
2013-05-06,34.924991607666016,45.81999969482422,45.959999084472656,45.02000045776367,45.27999877929688,3211200
2013-05-07,34.894493103027344,45.77999877929688,45.90999984741211,45.54999923706055,45.810001373291016,1658400
2013-05-08,35.1231689453125,46.08000183105469,46.130001068115234,45.5,45.810001373291016,1441000
2013-05-09,35.351829528808594,46.380001068115234,46.61000061035156,45.95000076293945,45.95000076293945,2240500
2013-05-10,35.66434097290039,46.790000915527344,46.83000183105469,46.36000061035156,46.560001373291016,1671000
2013-05-13,35.25273132324219,46.25,46.65999984741211,46.150001525878906,46.52999877929688,1373800
2013-05-14,35.32133483886719,46.34000015258789,46.52999877929688,46.18999862670898,46.220001220703125,1844600
2013-05-15,35.588111877441406,46.68999862670898,46.72999954223633,46.20000076293945,46.290000915527344,1443600
2013-05-16,35.44329833984375,46.5,47.060001373291016,46.470001220703125,46.68999862670898,1745200
2013-05-17,35.83964920043945,47.02000045776367,47.02000045776367,46.52000045776367,46.84000015258789,1816100
2013-05-20,35.72532653808594,46.869998931884766,47.20000076293945,46.7400016784668,46.81999969482422,1720300
2013-05-21,35.48903274536133,46.560001373291016,46.880001068115234,46.11000061035156,46.68000030517578,2491000
2013-05-22,34.71917724609375,45.54999923706055,46.47999954223633,45.27000045776367,45.650001525878906,4085600
2013-05-23,34.6734504699707,45.4900016784668,45.52999877929688,44.4900016784668,45.220001220703125,2427300
2013-05-24,34.58198928833008,45.369998931884766,45.40999984741211,44.88999938964844,45.20000076293945,1113100
2013-05-28,34.66583633422852,45.47999954223633,46.040000915527344,45.380001068115234,45.619998931884766,1664400
2013-05-29,35.03444290161133,45.619998931884766,45.93000030517578,45.2599983215332,45.70000076293945,2322200
2013-05-30,35.51057815551758,46.2400016784668,46.650001525878906,45.650001525878906,45.65999984741211,2269800
2013-05-31,35.272518157958984,45.93000030517578,46.18999862670898,45.720001220703125,45.91999816894531,3349100
2013-06-03,35.18804168701172,45.81999969482422,46.18999862670898,45.369998931884766,45.93999862670898,2991400
2013-06-04,35.426109313964844,46.130001068115234,46.81999969482422,45.91999816894531,46.220001220703125,2243100
2013-06-05,34.85782623291016,45.38999938964844,46.040000915527344,45.34999847412109,45.91999816894531,1871900
2013-06-06,34.91925811767578,45.470001220703125,45.7599983215332,45.0,45.58000183105469,1837700
2013-06-07,35.48754119873047,46.209999084472656,46.2599983215332,45.290000915527344,45.72999954223633,2423500
2013-06-10,35.28787612915039,45.95000076293945,46.209999084472656,45.7400016784668,46.209999084472656,1804800
2013-06-11,34.57367706298828,45.02000045776367,45.68000030517578,44.9900016784668,45.470001220703125,1300800
2013-06-12,33.90553665161133,44.150001525878906,45.52000045776367,44.150001525878906,45.43000030517578,2172500
2013-06-13,34.63510513305664,45.09999847412109,45.220001220703125,43.86000061035156,44.119998931884766,1527400
2013-06-14,34.51991653442383,44.95000076293945,45.41999816894531,44.81999969482422,45.13999938964844,1413100
2013-06-17,35.28787612915039,45.95000076293945,46.040000915527344,45.040000915527344,45.11000061035156,2558600
2013-06-18,35.833133697509766,46.65999984741211,46.7400016784668,45.91999816894531,46.02000045776367,2244100
2013-06-19,35.35699462890625,46.040000915527344,46.70000076293945,45.9900016784668,46.43999862670898,1683200
2013-06-20,34.304901123046875,44.66999816894531,45.619998931884766,44.59000015258789,45.59999847412109,2047700
2013-06-21,34.68118667602539,45.15999984741211,45.2599983215332,44.58000183105469,44.90999984741211,3840000
2013-06-24,33.81339263916016,44.02999877929688,45.02999877929688,43.95000076293945,44.68000030517578,2495900
2013-06-25,34.1896858215332,44.52000045776367,44.619998931884766,43.90999984741211,44.619998931884766,2382500
2013-06-26,34.6120719909668,45.06999969482422,45.18000030517578,44.380001068115234,45.0099983215332,1725300
2013-06-27,34.84246063232422,45.369998931884766,45.5099983215332,45.119998931884766,45.41999816894531,1627800
2013-06-28,34.60439682006836,45.060001373291016,45.310001373291016,44.619998931884766,45.13999938964844,3925900
2013-07-01,34.84246063232422,45.369998931884766,45.59999847412109,45.0,45.0,1489400
2013-07-02,34.79637908935547,45.310001373291016,45.7400016784668,44.9900016784668,45.27999877929688,1680700
2013-07-03,35.08051681518555,45.68000030517578,45.95000076293945,44.900001525878906,45.16999816894531,666700
2013-07-05,35.48754119873047,46.209999084472656,46.2599983215332,45.68000030517578,45.9900016784668,936200
2013-07-08,35.1419677734375,45.7599983215332,46.52999877929688,45.540000915527344,46.27000045776367,1588800
2013-07-09,35.52593994140625,46.2599983215332,46.41999816894531,45.88999938964844,46.11000061035156,1318400
2013-07-10,35.88688659667969,46.72999954223633,46.7599983215332,46.13999938964844,46.27999877929688,1358500
2013-07-11,36.86220169067383,48.0,48.04999923706055,47.20000076293945,47.2599983215332,3064600
2013-07-12,37.130985260009766,48.34999847412109,48.43000030517578,47.61000061035156,48.08000183105469,1969300
2013-07-15,37.16938781738281,48.400001525878906,48.52999877929688,48.119998931884766,48.27000045776367,1594900
2013-07-16,37.26153564453125,48.52000045776367,48.63999938964844,48.27999877929688,48.470001220703125,1201100
2013-07-17,37.36905288696289,48.65999984741211,48.93000030517578,48.47999954223633,48.56999969482422,2189600
2013-07-18,37.123313903808594,48.34000015258789,48.83000183105469,47.95000076293945,48.790000915527344,3021700
2013-07-19,36.84683609008789,47.97999954223633,48.400001525878906,47.84000015258789,48.400001525878906,2554400
2013-07-22,36.81613159179688,47.93999862670898,48.4900016784668,47.7599983215332,48.4900016784668,2275600
2013-07-23,37.15401458740234,48.380001068115234,48.83000183105469,48.18000030517578,48.52000045776367,3267200
2013-07-24,37.038841247558594,48.22999954223633,48.77999877929688,47.959999084472656,48.72999954223633,2520900
2013-07-25,37.43816757202149,48.75,48.790000915527344,48.040000915527344,48.11000061035156,1601500
2013-07-26,37.29224395751953,48.560001373291016,48.560001373291016,48.04999923706055,48.34000015258789,1439300
2013-07-29,37.24617767333984,48.5,48.709999084472656,48.209999084472656,48.52000045776367,1132100
2013-07-30,37.576419830322266,48.93000030517578,49.02000045776367,48.63999938964844,48.83000183105469,1250700
2013-07-31,37.92198944091797,49.380001068115234,49.66999816894531,48.97999954223633,49.13999938964844,2615800
2013-08-01,38.35205078125,49.93999862670898,50.0,49.56999969482422,49.56999969482422,1448500
2013-08-02,38.29829025268555,49.869998931884766,49.880001068115234,49.2599983215332,49.72999954223633,1384100
2013-08-05,38.07557678222656,49.58000183105469,49.790000915527344,49.470001220703125,49.7400016784668,801400
2013-08-06,37.95270919799805,49.41999816894531,49.650001525878906,49.25,49.540000915527344,1087200
2013-08-07,37.74535369873047,49.150001525878906,49.45000076293945,48.81999969482422,49.45000076293945,1114500
2013-08-08,37.70696258544922,49.09999847412109,49.61000061035156,48.790000915527344,49.52000045776367,836500
2013-08-09,37.630165100097656,49.0,49.22999954223633,48.7599983215332,49.06999969482422,1187900
2013-08-12,37.94504165649414,49.40999984741211,49.54999923706055,48.88999938964844,48.91999816894531,1374000
2013-08-13,38.07557678222656,49.58000183105469,49.68999862670898,48.83000183105469,49.400001525878906,1000600
2013-08-14,37.53800964355469,48.880001068115234,49.400001525878906,48.869998931884766,49.400001525878906,914300
2013-08-15,36.73163986206055,47.83000183105469,48.47999954223633,47.79999923706055,48.459999084472656,1385400
2013-08-16,37.09257888793945,48.29999923706055,48.5099983215332,47.77000045776367,47.77000045776367,1333700
2013-08-19,36.6932487487793,47.77999877929688,48.56999969482422,47.77999877929688,48.34999847412109,1424800
2013-08-20,36.74700164794922,47.84999847412109,48.22999954223633,47.709999084472656,47.84000015258789,2313400
2013-08-21,36.05583572387695,46.95000076293945,47.290000915527344,46.41999816894531,46.650001525878906,4024900
2013-08-22,36.27854919433594,47.2400016784668,47.59000015258789,46.84000015258789,47.0,1154300
2013-08-23,36.3476676940918,47.33000183105469,47.560001373291016,46.90999984741211,47.34000015258789,1770100
2013-08-26,36.26318740844727,47.220001220703125,47.630001068115234,47.13999938964844,47.2599983215332,1302200
2013-08-27,35.44915008544922,46.15999984741211,46.90999984741211,46.040000915527344,46.810001373291016,2064300
2013-08-28,35.71993637084961,46.16999816894531,46.369998931884766,45.75,46.0099983215332,1825700
2013-08-29,35.967506408691406,46.4900016784668,46.77000045776367,45.93000030517578,46.04999923706055,1064400
2013-08-30,35.805030822753906,46.27999877929688,47.09000015258789,45.9900016784668,46.4900016784668,1441000
2013-09-03,36.09902572631836,46.65999984741211,47.380001068115234,46.54999923706055,46.970001220703125,1808700
2013-09-04,36.71021270751953,47.45000076293945,47.65999984741211,46.56999969482422,46.59999847412109,1555900
2013-09-05,36.58642578125,47.290000915527344,47.68000030517578,47.209999084472656,47.5099983215332,1705300
2013-09-06,36.39302062988281,47.040000915527344,47.54999923706055,46.70000076293945,47.43000030517578,1253200
2013-09-09,36.59416580200195,47.29999923706055,47.459999084472656,47.0,47.2400016784668,1011700
2013-09-10,37.04290008544922,47.880001068115234,47.95000076293945,47.52000045776367,47.72999954223633,1686200
2013-09-11,37.32143020629883,48.2400016784668,48.290000915527344,47.59999847412109,47.619998931884766,1710400
2013-09-12,37.10478591918945,47.959999084472656,48.380001068115234,47.86000061035156,48.27000045776367,1276700
2013-09-13,37.09705352783203,47.95000076293945,48.13999938964844,47.59999847412109,48.0099983215332,754300
2013-09-16,37.36782455444336,48.29999923706055,48.619998931884766,48.04999923706055,48.56999969482422,950500
2013-09-17,37.51482391357422,48.4900016784668,48.54999923706055,48.25,48.34999847412109,1089200
2013-09-18,37.52254867553711,48.5,48.540000915527344,47.959999084472656,48.43000030517578,1842300
2013-09-19,37.429725646972656,48.380001068115234,48.75,48.2400016784668,48.72999954223633,1683800
2013-09-20,37.12799453735352,47.9900016784668,48.63999938964844,47.93000030517578,48.38999938964844,3518300
2013-09-23,36.795318603515625,47.560001373291016,48.22999954223633,47.43999862670898,48.09000015258789,1543000
2013-09-24,36.9345703125,47.7400016784668,48.04999923706055,47.36000061035156,47.650001525878906,1531400
2013-09-25,36.810794830322266,47.58000183105469,47.91999816894531,47.27000045776367,47.77000045776367,1031700
2013-09-26,36.71021270751953,47.45000076293945,47.880001068115234,47.34000015258789,47.880001068115234,968200
2013-09-27,36.27695846557617,46.88999938964844,47.20000076293945,46.84000015258789,47.20000076293945,1957900
2013-09-30,36.4007568359375,47.04999923706055,47.4900016784668,46.36000061035156,46.560001373291016,2440000
2013-10-01,36.44716644287109,47.11000061035156,47.310001373291016,46.75,47.06999969482422,1722600
2013-10-02,36.207332611083984,46.79999923706055,46.93999862670898,46.5099983215332,46.560001373291016,1436800
2013-10-03,35.83598327636719,46.31999969482422,46.83000183105469,45.93999862670898,46.790000915527344,2677800
2013-10-04,36.35433197021485,46.9900016784668,47.0099983215332,46.220001220703125,46.380001068115234,1865200
2013-10-07,36.08354949951172,46.63999938964844,47.0,46.27000045776367,46.40999984741211,1474300
2013-10-08,35.35630798339844,45.70000076293945,46.88999938964844,45.470001220703125,46.619998931884766,2388200
2013-10-09,35.34856033325195,45.68999862670898,45.9900016784668,45.27999877929688,45.83000183105469,1726300
2013-10-10,36.09129333496094,46.650001525878906,46.709999084472656,45.970001220703125,46.15999984741211,1437500
2013-10-11,36.34659576416016,46.97999954223633,47.04999923706055,46.34999847412109,46.79999923706055,1428300
2013-10-14,36.57094955444336,47.27000045776367,47.31999969482422,46.310001373291016,46.59000015258789,1040000
2013-10-15,36.15317916870117,46.72999954223633,47.209999084472656,46.59999847412109,47.02000045776367,1659300
2013-10-16,36.54775238037109,47.2400016784668,47.290000915527344,46.47999954223633,46.59999847412109,1607300
2013-10-17,36.76437759399414,47.52000045776367,47.619998931884766,46.70000076293945,46.93000030517578,1613500
2013-10-18,36.87269973754883,47.65999984741211,47.66999816894531,47.18999862670898,47.59999847412109,1462000
2013-10-21,36.94230651855469,47.75,47.970001220703125,47.43000030517578,47.77000045776367,1294200
2013-10-22,36.85721206665039,47.63999938964844,48.0,47.20000076293945,48.0,2200200
2013-10-23,35.95976638793945,46.47999954223633,47.29999923706055,46.15999984741211,47.29999923706055,1659300
2013-10-24,36.32337951660156,46.95000076293945,46.95000076293945,46.45000076293945,46.66999816894531,1617500
2013-10-25,36.16865539550781,46.75,47.40999984741211,46.59000015258789,47.16999816894531,1976500
2013-10-28,36.7334213256836,47.47999954223633,47.5,46.54999923706055,46.7400016784668,1599700
2013-10-29,38.04091644287109,49.16999816894531,49.18000030517578,47.4900016784668,47.97999954223633,2618500
2013-10-30,37.73918533325195,48.77999877929688,49.43000030517578,48.43999862670898,49.11000061035156,1939900
2013-10-31,38.14148712158203,49.29999923706055,49.540000915527344,48.81999969482422,48.81999969482422,2107800
2013-11-01,38.43548202514648,49.68000030517578,49.75,49.04999923706055,49.68000030517578,4688500
2013-11-04,38.033180236816406,49.15999984741211,49.68000030517578,49.0099983215332,49.560001373291016,1763000
2013-11-05,38.52057266235352,49.790000915527344,50.040000915527344,48.56999969482422,48.83000183105469,6844300
2013-11-06,38.6288948059082,49.93000030517578,50.04999923706055,49.54999923706055,49.9900016784668,1085500
2013-11-07,38.017704010009766,49.13999938964844,50.040000915527344,49.08000183105469,49.95000076293945,1497800
2013-11-08,38.5283203125,49.79999923706055,49.810001373291016,48.88999938964844,49.29999923706055,1240200
2013-11-11,38.42000961303711,49.65999984741211,49.83000183105469,49.34000015258789,49.66999816894531,1088900
2013-11-12,38.5670166015625,49.84999847412109,49.93000030517578,49.369998931884766,49.43000030517578,1344600
2013-11-13,38.95383834838867,50.34999847412109,50.380001068115234,49.52000045776367,49.59000015258789,1514000
2013-11-14,38.96157455444336,50.36000061035156,50.40999984741211,49.959999084472656,50.369998931884766,1070800
2013-11-15,39.21686553955078,50.68999862670898,50.790000915527344,50.04999923706055,50.310001373291016,1796000
2013-11-18,38.76814651489258,50.11000061035156,50.70000076293945,50.02000045776367,50.68999862670898,1780900
2013-11-19,38.257545471191406,49.45000076293945,50.25,49.38999938964844,50.18999862670898,1500900
2013-11-20,37.971282958984375,49.08000183105469,49.540000915527344,48.79999923706055,49.459999084472656,2245800
2013-11-21,38.50511169433594,49.77000045776367,49.900001525878906,49.0,49.41999816894531,1197000
2013-11-22,38.497371673583984,49.7599983215332,49.84999847412109,49.470001220703125,49.77000045776367,1459500
2013-11-25,38.42000961303711,49.65999984741211,49.900001525878906,49.2400016784668,49.88999938964844,1902300
2013-11-26,38.62116241455078,49.91999816894531,50.040000915527344,49.130001068115234,49.130001068115234,1918100
2013-11-27,37.553497314453125,48.540000915527344,48.56999969482422,46.119998931884766,47.20000076293945,7832300
2013-11-29,37.305938720703125,48.220001220703125,48.810001373291016,48.18999862670898,48.65999984741211,1909500
2013-12-02,37.445194244384766,48.400001525878906,48.43999862670898,47.79999923706055,47.79999923706055,2629500
2013-12-03,38.34264373779297,49.560001373291016,49.81999969482422,48.400001525878906,48.400001525878906,5500700
2013-12-04,37.99211502075195,48.77000045776367,49.36000061035156,48.470001220703125,49.15999984741211,2455100
2013-12-05,38.03104019165039,48.81999969482422,48.970001220703125,48.58000183105469,48.77999877929688,2226300
2013-12-06,38.38158798217773,49.27000045776367,49.5,48.91999816894531,49.38999938964844,2217900
2013-12-09,38.17905807495117,49.0099983215332,49.59000015258789,48.900001525878906,49.5,1563300
2013-12-10,38.10114669799805,48.90999984741211,49.220001220703125,48.720001220703125,48.84999847412109,1485100
2013-12-11,37.9141845703125,48.66999816894531,49.209999084472656,48.61000061035156,49.0099983215332,1376900
2013-12-12,37.47794723510742,48.11000061035156,48.869998931884766,48.0099983215332,48.72999954223633,2107200
2013-12-13,37.71165084838867,48.40999984741211,48.43000030517578,48.02000045776367,48.40999984741211,1831800
2013-12-16,37.96871566772461,48.7400016784668,48.84000015258789,48.38999938964844,48.5,1536300
2013-12-17,38.12451934814453,48.93999862670898,49.0,48.540000915527344,48.63999938964844,1419600
2013-12-18,38.77887344360352,49.77999877929688,49.77999877929688,48.630001068115234,48.900001525878906,1771600
2013-12-19,38.68539810180664,49.65999984741211,49.77000045776367,49.09000015258789,49.77000045776367,1589500
2013-12-20,38.95806503295898,50.0099983215332,50.2599983215332,49.45000076293945,49.630001068115234,2828400
2013-12-23,39.43324661254883,50.619998931884766,50.630001068115234,50.04999923706055,50.22999954223633,1873100
2013-12-24,39.441036224365234,50.630001068115234,50.84000015258789,50.34999847412109,50.369998931884766,710000
2013-12-26,39.5267448425293,50.7400016784668,50.90999984741211,50.560001373291016,50.84000015258789,688700
2013-12-27,39.49557876586914,50.70000076293945,50.93000030517578,50.630001068115234,50.77000045776367,631000
2013-12-30,39.6124153137207,50.84999847412109,50.900001525878906,50.5099983215332,50.5099983215332,918400
2013-12-31,39.67473983764648,50.93000030517578,51.20000076293945,50.70000076293945,51.0,857000
2014-01-02,38.38938522338867,49.27999877929688,49.75,49.040000915527344,49.52000045776367,2799000
2014-01-03,38.64645004272461,49.61000061035156,49.790000915527344,49.13999938964844,49.27000045776367,1644700
2014-01-06,38.42832946777344,49.33000183105469,49.5,49.150001525878906,49.34999847412109,2165000
2014-01-07,38.63087844848633,49.59000015258789,49.77999877929688,49.34000015258789,49.4900016784668,1338500
2014-01-08,38.7243537902832,49.709999084472656,49.900001525878906,49.380001068115234,49.709999084472656,1201600
2014-01-09,38.57634353637695,49.52000045776367,49.630001068115234,49.18999862670898,49.45000076293945,2470900
2014-01-10,38.58414077758789,49.52999877929688,49.59000015258789,49.13999938964844,49.43000030517578,2072200
2014-01-13,38.06999588012695,48.869998931884766,49.54999923706055,48.65999984741211,49.209999084472656,2989700
2014-01-14,38.7243537902832,49.709999084472656,50.02000045776367,48.88999938964844,48.93000030517578,2879900
2014-01-15,38.96584701538086,50.02000045776367,50.33000183105469,49.72999954223633,49.75,2120700
2014-01-16,38.81004333496094,49.81999969482422,50.5,49.72999954223633,50.47999954223633,2885000
2014-01-17,38.46728515625,49.380001068115234,49.93999862670898,49.209999084472656,49.56999969482422,3104300
2014-01-21,38.934688568115234,49.97999954223633,50.119998931884766,49.459999084472656,49.95000076293945,2228500
2014-01-22,39.23849487304688,50.369998931884766,50.540000915527344,49.7599983215332,49.86000061035156,1659900
2014-01-23,38.49065399169922,49.40999984741211,50.310001373291016,49.33000183105469,50.220001220703125,2236500
2014-01-24,37.58699417114258,48.25,49.38999938964844,48.209999084472656,49.38999938964844,2628300
2014-01-27,37.56364059448242,48.220001220703125,48.720001220703125,48.11000061035156,48.31999969482422,1888300
2014-01-28,37.78955078125,48.5099983215332,48.75,48.11000061035156,48.16999816894531,1777400
2014-01-29,37.60258865356445,48.27000045776367,48.90999984741211,48.09999847412109,48.31999969482422,1994100
2014-01-30,38.085567474365234,48.88999938964844,49.119998931884766,48.41999816894531,48.869998931884766,1385400
2014-01-31,37.60258865356445,48.27000045776367,48.72999954223633,48.06999969482422,48.34000015258789,1927500
2014-02-03,36.81578063964844,47.2599983215332,48.34999847412109,47.13999938964844,48.22999954223633,2892200
2014-02-04,37.150760650634766,47.68999862670898,47.75,47.22999954223633,47.70000076293945,2333300
2014-02-05,37.2754020690918,47.84999847412109,48.0099983215332,47.27000045776367,47.43000030517578,2589400
2014-02-06,37.6649055480957,48.34999847412109,48.68000030517578,47.86000061035156,48.0099983215332,1797900
2014-02-07,38.14788818359375,48.970001220703125,48.970001220703125,48.2599983215332,48.58000183105469,1822100
2014-02-10,38.34264373779297,49.220001220703125,49.31999969482422,48.75,48.77999877929688,1458700
2014-02-11,38.75550842285156,49.75,49.88999938964844,49.18999862670898,49.310001373291016,1230800
2014-02-12,38.86457443237305,49.88999938964844,50.18999862670898,49.720001220703125,49.959999084472656,1802500
2014-02-13,39.48777770996094,50.68999862670898,50.70000076293945,49.630001068115234,49.68999862670898,2124700
2014-02-14,39.55009078979492,50.77000045776367,50.9900016784668,50.27000045776367,50.41999816894531,2168200
2014-02-18,39.9084358215332,51.22999954223633,51.34000015258789,50.43999862670898,50.43999862670898,3936600
2014-02-19,40.17330551147461,51.56999969482422,52.380001068115234,51.40999984741211,51.900001525878906,4079500
2014-02-20,40.04087829589844,51.400001525878906,51.869998931884766,51.0099983215332,51.720001220703125,3741300
2014-02-21,39.82274627685547,51.119998931884766,51.59999847412109,51.09000015258789,51.369998931884766,1969500
2014-02-24,39.6981086730957,50.959999084472656,51.61000061035156,50.95000076293945,51.290000915527344,2096300
2014-02-25,39.57347106933594,50.79999923706055,51.040000915527344,50.4900016784668,50.9900016784668,2206400
2014-02-26,39.89520263671875,50.84000015258789,51.36000061035156,50.560001373291016,50.66999816894531,1579000
2014-02-27,40.04428482055664,51.02999877929688,51.20000076293945,50.75,50.810001373291016,1395200
2014-02-28,39.87949752807617,50.81999969482422,51.150001525878906,50.47999954223633,51.150001525878906,2141400
2014-03-03,39.69117736816406,50.58000183105469,50.77999877929688,50.22999954223633,50.58000183105469,1309800
2014-03-04,40.177696228027344,51.20000076293945,51.41999816894531,50.86000061035156,50.93999862670898,1646600
2014-03-05,40.20909881591797,51.2400016784668,51.27999877929688,50.86000061035156,51.2599983215332,1057400
2014-03-06,40.46804428100586,51.56999969482422,51.619998931884766,51.08000183105469,51.290000915527344,1248900
2014-03-07,40.67209243774414,51.83000183105469,51.83000183105469,51.2599983215332,51.77000045776367,2847300
2014-03-10,40.64852523803711,51.79999923706055,51.900001525878906,51.54999923706055,51.84999847412109,1822800
2014-03-11,40.42881774902344,51.52000045776367,51.93000030517578,51.369998931884766,51.84999847412109,1464900
2014-03-12,40.59360504150391,51.72999954223633,51.72999954223633,51.130001068115234,51.18000030517578,1490500
2014-03-13,39.589168548583984,50.45000076293945,51.93999862670898,50.18999862670898,51.93999862670898,2162100
2014-03-14,39.306671142578125,50.09000015258789,50.84999847412109,50.02999877929688,50.25,1724100
2014-03-17,39.769649505615234,50.68000030517578,50.93000030517578,50.2599983215332,50.2599983215332,2297000
2014-03-18,40.36604309082031,51.43999862670898,51.54999923706055,50.709999084472656,50.869998931884766,1744500
2014-03-19,40.49159240722656,51.59999847412109,51.68000030517578,51.18000030517578,51.43999862670898,2126100
2014-03-20,41.77069091796875,53.22999954223633,53.2599983215332,51.20000076293945,51.43999862670898,4521800
2014-03-21,41.77854537963867,53.2400016784668,54.310001373291016,53.0,53.7400016784668,6903900
2014-03-24,42.068878173828125,53.61000061035156,53.77000045776367,52.7400016784668,53.16999816894531,3019300
2014-03-25,41.81776428222656,53.290000915527344,54.33000183105469,53.27999877929688,53.869998931884766,3611000
2014-03-26,41.39401626586914,52.75,53.72999954223633,52.75,53.5099983215332,2616000
2014-03-27,41.260623931884766,52.58000183105469,53.15999984741211,52.380001068115234,52.77999877929688,1197500
2014-03-28,41.46464157104492,52.84000015258789,53.290000915527344,52.619998931884766,52.84999847412109,1242400
2014-03-31,41.7000617980957,53.13999938964844,53.380001068115234,52.869998931884766,53.02999877929688,1732000
2014-04-01,42.43769454956055,54.08000183105469,54.09999847412109,53.220001220703125,53.5,2045600
2014-04-02,42.422019958496094,54.060001373291016,54.27999877929688,53.75,54.06999969482422,1945800
2014-04-03,42.35923385620117,53.97999954223633,54.400001525878906,53.790000915527344,54.15999984741211,1603300
2014-04-04,41.52742004394531,52.91999816894531,54.369998931884766,52.810001373291016,54.2400016784668,2272600
2014-04-07,41.684364318847656,53.119998931884766,53.84999847412109,52.84000015258789,52.970001220703125,2231100
2014-04-08,42.343544006347656,53.959999084472656,54.0099983215332,52.9900016784668,52.9900016784668,2136000
2014-04-09,42.61033630371094,54.29999923706055,54.33000183105469,53.70000076293945,54.15999984741211,1417500
2014-04-10,41.19000625610352,52.4900016784668,54.36000061035156,52.47999954223633,54.150001525878906,1905700
2014-04-11,40.87611389160156,52.09000015258789,52.93000030517578,52.06999969482422,52.43000030517578,2104100
2014-04-14,41.16644287109375,52.459999084472656,52.75,52.060001373291016,52.650001525878906,1486300
2014-04-15,41.7314453125,53.18000030517578,53.290000915527344,52.22999954223633,52.400001525878906,2280600
2014-04-16,40.923187255859375,52.150001525878906,53.150001525878906,51.34000015258789,53.150001525878906,3049900
2014-04-17,41.47248840332031,52.84999847412109,53.18999862670898,52.06999969482422,52.09000015258789,2051900
2014-04-21,41.51173782348633,52.900001525878906,53.18000030517578,52.560001373291016,53.06999969482422,786800
2014-04-22,41.82561111450195,53.29999923706055,53.41999816894531,52.59000015258789,52.86000061035156,1113200
2014-04-23,41.81776428222656,53.290000915527344,53.56999969482422,53.09000015258789,53.27999877929688,956500
2014-04-24,42.13949966430664,53.70000076293945,54.369998931884766,53.560001373291016,53.900001525878906,2437300
2014-04-25,40.350341796875,51.41999816894531,53.150001525878906,51.02000045776367,53.02000045776367,3307000
2014-04-28,40.01290893554688,50.9900016784668,51.90999984741211,50.06999969482422,51.209999084472656,2243800
2014-04-29,40.16985321044922,51.18999862670898,51.41999816894531,50.66999816894531,50.66999816894531,1350600
2014-04-30,40.24832534790039,51.290000915527344,51.34999847412109,50.560001373291016,50.97999954223633,1762500
2014-05-01,39.87949752807617,50.81999969482422,51.52999877929688,50.77000045776367,51.380001068115234,1529100
2014-05-02,40.342506408691406,51.40999984741211,51.83000183105469,50.790000915527344,50.93999862670898,2033200
2014-05-05,40.16200637817383,51.18000030517578,51.5,50.869998931884766,50.9900016784668,674100
2014-05-06,39.816741943359375,50.7400016784668,51.310001373291016,50.7400016784668,51.25,1731600
2014-05-07,39.86381912231445,50.79999923706055,50.93000030517578,50.08000183105469,50.720001220703125,1788200
2014-05-08,40.26401901245117,51.310001373291016,51.91999816894531,50.5099983215332,50.720001220703125,1967000
2014-05-09,40.21694564819336,51.25,51.400001525878906,50.83000183105469,51.290000915527344,1039200
2014-05-12,40.98596954345703,52.22999954223633,52.34999847412109,51.43999862670898,51.810001373291016,1496000
2014-05-13,40.38957214355469,51.470001220703125,52.459999084472656,51.34000015258789,52.369998931884766,2074500
2014-05-14,40.06784057617188,51.060001373291016,51.369998931884766,51.02000045776367,51.27999877929688,1816200
2014-05-15,39.84812927246094,50.77999877929688,51.220001220703125,50.40999984741211,50.91999816894531,2559100
2014-05-16,40.49159240722656,51.59999847412109,51.65999984741211,50.720001220703125,50.9900016784668,3128200
2014-05-19,40.78979110717773,51.97999954223633,52.18999862670898,51.560001373291016,51.59999847412109,1700900
2014-05-20,40.78979110717773,51.97999954223633,52.22999954223633,51.68999862670898,52.06999969482422,4419000
2014-05-21,40.27972412109375,51.33000183105469,52.75,50.880001068115234,52.7400016784668,4534700
2014-05-22,40.60145568847656,51.7400016784668,52.02999877929688,51.34999847412109,51.34999847412109,2021300
2014-05-23,41.11151885986328,52.38999938964844,52.459999084472656,51.61000061035156,51.88999938964844,1578600
2014-05-27,41.60588836669922,53.02000045776367,53.130001068115234,52.36000061035156,52.560001373291016,1920900
2014-05-28,41.44784927368164,52.45000076293945,52.59000015258789,52.09000015258789,52.58000183105469,1659700
2014-05-29,41.29770660400391,52.2599983215332,52.720001220703125,52.20000076293945,52.650001525878906,1683400
2014-05-30,41.39253234863281,52.380001068115234,52.52000045776367,52.18000030517578,52.43999862670898,1265300
2014-06-02,41.38463973999024,52.369998931884766,52.560001373291016,51.91999816894531,52.40999984741211,1401500
2014-06-03,41.463653564453125,52.470001220703125,52.619998931884766,52.150001525878906,52.25,1145700
2014-06-04,41.47946548461914,52.4900016784668,52.619998931884766,52.209999084472656,52.209999084472656,1079600
2014-06-05,41.54269027709961,52.56999969482422,52.66999816894531,52.040000915527344,52.310001373291016,1353100
2014-06-06,41.63750076293945,52.68999862670898,53.27999877929688,52.59999847412109,52.86000061035156,1201200
2014-06-09,43.70792007446289,55.310001373291016,56.18000030517578,54.27999877929688,54.27999877929688,6815600
2014-06-10,44.08723068237305,55.790000915527344,56.040000915527344,55.13999938964844,55.18999862670898,2720900
2014-06-11,43.96079254150391,55.630001068115234,56.02000045776367,55.13999938964844,55.13999938964844,2147200
2014-06-12,43.81066131591797,55.43999862670898,55.900001525878906,55.27000045776367,55.619998931884766,1534200
2014-06-13,43.9528923034668,55.619998931884766,55.97999954223633,55.290000915527344,55.540000915527344,1649700
2014-06-16,43.85806274414063,55.5,55.81999969482422,55.15999984741211,55.4900016784668,1882700
2014-06-17,44.01612091064453,55.70000076293945,55.91999816894531,55.29999923706055,55.33000183105469,1251900
2014-06-18,43.56569290161133,55.130001068115234,55.70000076293945,54.79999923706055,55.63999938964844,1751800
2014-06-19,43.40764236450195,54.93000030517578,55.27000045776367,54.47999954223633,55.27000045776367,1853500
2014-06-20,43.21798324584961,54.68999862670898,55.0,54.47999954223633,55.0,3092400
2014-06-23,43.08363342285156,54.52000045776367,54.959999084472656,54.45000076293945,54.77000045776367,894000
2014-06-24,42.56998443603516,53.869998931884766,54.68999862670898,53.77999877929688,54.52000045776367,1113900
2014-06-25,42.47514343261719,53.75,54.04999923706055,53.45000076293945,53.81999969482422,1757900
2014-06-26,42.31710052490234,53.54999923706055,53.7599983215332,53.06999969482422,53.65999984741211,1481600
2014-06-27,42.27760314941406,53.5,53.880001068115234,53.27999877929688,53.81999969482422,1485500
2014-06-30,42.72803115844727,54.06999969482422,54.13999938964844,53.4900016784668,53.650001525878906,2167000
2014-07-01,43.08363342285156,54.52000045776367,54.65999984741211,53.72999954223633,53.77000045776367,2201400
2014-07-02,42.9967041015625,54.40999984741211,54.720001220703125,54.18000030517578,54.38999938964844,1740400
2014-07-03,43.32861709594727,54.83000183105469,54.84000015258789,54.2599983215332,54.41999816894531,711200
2014-07-07,43.19427490234375,54.65999984741211,54.93000030517578,54.5,54.59000015258789,1197900
2014-07-08,43.02833557128906,54.45000076293945,54.90999984741211,54.25,54.68000030517578,1645600
2014-07-09,43.25748443603516,54.7400016784668,54.869998931884766,53.4900016784668,54.47999954223633,1200300
2014-07-10,42.988807678222656,54.400001525878906,54.66999816894531,53.83000183105469,54.11000061035156,982600
2014-07-11,42.901885986328125,54.290000915527344,54.459999084472656,54.0099983215332,54.459999084472656,933900
2014-07-14,42.554176330566406,53.84999847412109,54.93000030517578,53.7599983215332,54.7599983215332,2179400
2014-07-15,42.45935821533203,53.72999954223633,54.20000076293945,53.45000076293945,53.77000045776367,1900200
2014-07-16,42.41193389892578,53.66999816894531,54.060001373291016,53.5099983215332,53.83000183105469,1787400
2014-07-17,41.835060119628906,52.93999862670898,53.540000915527344,52.93000030517578,53.38999938964844,1369700
2014-07-18,42.26178741455078,53.47999954223633,53.68999862670898,52.93999862670898,53.040000915527344,1173100
2014-07-21,42.246002197265625,53.459999084472656,53.75,53.11000061035156,53.34999847412109,977900
2014-07-22,42.47514343261719,53.75,53.869998931884766,53.560001373291016,53.59999847412109,1165800
2014-07-23,40.52327346801758,51.27999877929688,53.400001525878906,51.209999084472656,53.400001525878906,3931100
2014-07-24,40.5390739440918,51.29999923706055,51.63999938964844,50.810001373291016,51.36000061035156,2517500
2014-07-25,39.638214111328125,50.15999984741211,51.04999923706055,50.0,51.0099983215332,3059800
2014-07-28,39.946407318115234,50.54999923706055,50.720001220703125,49.65999984741211,50.15999984741211,2407900
2014-07-29,39.922698974609375,50.52000045776367,51.18000030517578,50.459999084472656,50.5,1508500
2014-07-30,40.19137573242188,50.86000061035156,51.130001068115234,50.56999969482422,50.81999969482422,1887200
2014-07-31,39.21939468383789,49.630001068115234,50.83000183105469,49.619998931884766,50.400001525878906,1888300
2014-08-01,39.51967239379883,50.0099983215332,50.18000030517578,49.470001220703125,49.61000061035156,1698900
2014-08-04,39.26679992675781,49.68999862670898,50.11000061035156,49.380001068115234,50.0,1851700
2014-08-05,39.23519515991211,49.650001525878906,49.970001220703125,49.27999877929688,49.61000061035156,1752800
2014-08-06,39.55127334594727,50.04999923706055,50.18999862670898,49.36000061035156,49.58000183105469,2074300
2014-08-07,38.66620635986328,48.93000030517578,50.29999923706055,48.86000061035156,50.18000030517578,2243300
2014-08-08,39.14826965332031,49.540000915527344,49.619998931884766,48.810001373291016,49.060001373291016,2026000
2014-08-11,39.45646667480469,49.93000030517578,50.29999923706055,49.56999969482422,49.810001373291016,1137800
2014-08-12,39.65401840209961,50.18000030517578,50.220001220703125,49.63999938964844,49.75,1192700
2014-08-13,39.93059539794922,50.52999877929688,50.65999984741211,50.08000183105469,50.15999984741211,1754000
2014-08-14,40.09654998779297,50.7400016784668,50.900001525878906,50.400001525878906,50.41999816894531,1566900
2014-08-15,40.44424819946289,51.18000030517578,51.619998931884766,50.75,51.18999862670898,1930700
2014-08-18,40.5706787109375,51.34000015258789,51.5099983215332,51.08000183105469,51.220001220703125,1016600
2014-08-19,40.8709831237793,51.720001220703125,51.91999816894531,51.290000915527344,51.45000076293945,1105700
2014-08-20,41.2265853881836,52.16999816894531,52.290000915527344,51.52000045776367,51.52000045776367,1357400
2014-08-21,41.51897811889648,52.540000915527344,52.58000183105469,51.7599983215332,52.02999877929688,1181600
2014-08-22,41.48736190795898,52.5,52.790000915527344,52.34000015258789,52.66999816894531,900100
2014-08-25,41.03693771362305,51.93000030517578,52.95000076293945,51.84999847412109,52.75,1902700
2014-08-26,41.25820541381836,52.209999084472656,52.34000015258789,51.7599983215332,52.0,2658900
2014-08-27,40.32569885253906,51.02999877929688,52.11000061035156,49.9900016784668,51.650001525878906,4754300
2014-08-28,40.53116989135742,51.290000915527344,51.40999984741211,50.709999084472656,50.95000076293945,2094900
2014-08-29,40.3968391418457,51.119998931884766,51.70000076293945,50.90999984741211,51.66999816894531,1631500
2014-09-02,40.001712799072266,50.619998931884766,51.34999847412109,50.400001525878906,51.09999847412109,2045500
2014-09-03,40.001712799072266,50.25,50.79999923706055,50.09000015258789,50.38999938964844,1931600
2014-09-04,40.12907791137695,50.40999984741211,50.66999816894531,50.25,50.25,1435400
2014-09-05,39.97785186767578,50.220001220703125,50.77999877929688,50.130001068115234,50.400001525878906,1893500
2014-09-08,39.85844421386719,50.06999969482422,50.41999816894531,49.86000061035156,50.06999969482422,2252700
2014-09-09,39.64348983764648,49.79999923706055,50.25,49.75,49.93000030517578,1918400
2014-09-10,39.5161247253418,49.63999938964844,49.91999816894531,49.470001220703125,49.68999862670898,2327000
2014-09-11,39.61165237426758,49.7599983215332,49.90999984741211,49.2599983215332,49.31999969482422,2132400
2014-09-12,39.102176666259766,49.119998931884766,49.7599983215332,48.900001525878906,49.68000030517578,2238000
2014-09-15,38.90316390991211,48.869998931884766,49.34999847412109,48.650001525878906,49.22999954223633,1777300
2014-09-16,39.165863037109375,49.20000076293945,49.33000183105469,48.63999938964844,48.650001525878906,2001400
2014-09-17,39.50816345214844,49.630001068115234,50.02000045776367,49.0,49.0,1814300
2014-09-18,40.033573150634766,50.290000915527344,50.369998931884766,49.56999969482422,49.790000915527344,1594600
2014-09-19,39.79473876953125,49.9900016784668,50.63999938964844,49.810001373291016,50.63999938964844,2917300
2014-09-22,39.739017486572266,49.91999816894531,50.08000183105469,49.369998931884766,49.75,3344700
2014-09-23,39.540000915527344,49.66999816894531,50.09999847412109,49.25,49.459999084472656,3190000
2014-09-24,39.80268478393555,50.0,50.18999862670898,49.59999847412109,49.720001220703125,2203700
2014-09-25,39.5161247253418,49.63999938964844,50.04999923706055,49.54999923706055,49.93999862670898,3193900
2014-09-26,39.82658004760742,50.02999877929688,50.11000061035156,49.619998931884766,49.72999954223633,1613600
2014-09-29,39.65145111083984,49.810001373291016,50.0,49.52000045776367,49.68999862670898,1632900
2014-09-30,39.3967170715332,49.4900016784668,50.0099983215332,49.45000076293945,49.81999969482422,3185500
2014-10-01,38.40961456298828,48.25,49.41999816894531,48.16999816894531,49.34999847412109,2480500
2014-10-02,38.05139923095703,47.79999923706055,48.34999847412109,47.2400016784668,48.2400016784668,3576600
2014-10-03,37.87626266479492,47.58000183105469,48.130001068115234,47.5,47.970001220703125,1821800
2014-10-06,37.53394317626953,47.150001525878906,48.04999923706055,47.02999877929688,47.79999923706055,2351400
2014-10-07,36.78565979003906,46.209999084472656,46.97999954223633,46.119998931884766,46.790000915527344,3086700
2014-10-08,38.0115852355957,47.75,47.810001373291016,46.0,46.09999847412109,3219000
2014-10-09,36.88915252685547,46.34000015258789,47.93999862670898,46.34000015258789,47.75,6539900
2014-10-10,34.588558197021484,43.45000076293945,44.470001220703125,42.56999969482422,44.29999923706055,10052700
2014-10-13,34.3099365234375,43.09999847412109,44.380001068115234,42.86000061035156,43.43000030517578,4187800
2014-10-14,34.59651565551758,43.459999084472656,44.65999984741211,43.380001068115234,43.93000030517578,4012100
2014-10-15,35.12190628051758,44.119998931884766,44.43999862670898,42.59000015258789,42.7599983215332,4467400
2014-10-16,35.50402069091797,44.59999847412109,44.90999984741211,43.20000076293945,43.43999862670898,3386200
2014-10-17,35.77467727661133,44.93999862670898,45.900001525878906,44.86000061035156,44.9900016784668,3334900
2014-10-20,36.0771713256836,45.31999969482422,45.400001525878906,44.61000061035156,44.75,1884400
2014-10-21,37.191654205322266,46.720001220703125,46.81999969482422,45.5099983215332,45.88999938964844,2765700
2014-10-22,36.6344108581543,46.02000045776367,47.150001525878906,46.0,46.900001525878906,2549900
2014-10-23,36.95284271240234,46.41999816894531,46.720001220703125,46.209999084472656,46.56999969482422,2234000
2014-10-24,37.29513931274414,46.84999847412109,47.11000061035156,46.25,46.70000076293945,1862800
2014-10-27,37.11204528808594,46.619998931884766,46.7599983215332,46.220001220703125,46.68000030517578,1817800
2014-10-28,37.406585693359375,46.9900016784668,47.119998931884766,46.33000183105469,46.77000045776367,1791000
2014-10-29,37.66132736206055,47.310001373291016,47.33000183105469,46.400001525878906,46.93000030517578,2415400
2014-10-30,37.414546966552734,47.0,47.29999923706055,46.380001068115234,47.290000915527344,3025800
2014-10-31,39.50020599365234,49.619998931884766,50.540000915527344,48.47999954223633,48.709999084472656,6689200
2014-11-03,39.57980346679688,49.720001220703125,50.209999084472656,49.47999954223633,49.720001220703125,3318900
2014-11-04,39.36488342285156,49.45000076293945,49.91999816894531,49.33000183105469,49.59999847412109,1684500
2014-11-05,39.82658004760742,50.02999877929688,50.04999923706055,49.18000030517578,49.77999877929688,1493500
2014-11-06,39.97785186767578,50.220001220703125,50.369998931884766,49.41999816894531,50.0,2017900
2014-11-07,39.99375915527344,50.2400016784668,50.40999984741211,49.70000076293945,50.400001525878906,1962600
2014-11-10,40.13703918457031,50.41999816894531,50.54999923706055,49.97999954223633,50.15999984741211,1771600
2014-11-11,39.914154052734375,50.13999938964844,50.52000045776367,49.880001068115234,50.38999938964844,1211800
2014-11-12,40.00968551635742,50.2599983215332,50.36000061035156,49.810001373291016,50.02000045776367,1226400
2014-11-13,39.96986770629883,50.209999084472656,50.63999938964844,49.95000076293945,50.43000030517578,1113400
2014-11-14,40.29624557495117,50.619998931884766,50.68999862670898,49.84000015258789,50.34000015258789,1509900
2014-11-17,40.08134078979492,50.34999847412109,50.4900016784668,49.810001373291016,50.34000015258789,1662900
2014-11-18,40.80572128295898,51.2599983215332,51.27000045776367,50.22999954223633,50.310001373291016,2333300
2014-11-19,40.39974594116211,50.75,51.43999862670898,50.5,51.41999816894531,1795000
2014-11-20,40.73409271240234,51.16999816894531,51.20000076293945,50.34999847412109,50.34999847412109,1762700
2014-11-21,41.11620330810547,51.650001525878906,51.95000076293945,51.150001525878906,51.95000076293945,1638800
2014-11-24,41.2356071472168,51.79999923706055,51.959999084472656,51.27000045776367,51.959999084472656,1615600
2014-11-25,41.1639518737793,51.709999084472656,51.97999954223633,51.5,51.7400016784668,2500300
2014-11-26,43.432716369628906,54.560001373291016,54.68999862670898,52.5099983215332,52.52999877929688,5683400
2014-11-28,43.49640274047852,54.63999938964844,54.95000076293945,54.31999969482422,54.95000076293945,1336800
2014-12-01,43.50434875488281,54.650001525878906,54.93999862670898,54.18999862670898,54.47999954223633,2463400
2014-12-02,43.95015335083008,55.209999084472656,55.25,54.27999877929688,54.540000915527344,2182200
2014-12-03,45.28852081298828,56.5099983215332,56.880001068115234,54.95000076293945,54.95000076293945,6303000
2014-12-04,45.376686096191406,56.619998931884766,56.70000076293945,55.9900016784668,56.459999084472656,3137500
2014-12-05,45.95371627807617,57.34000015258789,57.380001068115234,56.310001373291016,56.75,2266400
2014-12-08,45.024070739746094,56.18000030517578,57.34000015258789,55.81999969482422,56.95000076293945,2124000
2014-12-09,45.17633438110352,56.369998931884766,56.38999938964844,55.43000030517578,55.83000183105469,2445900
2014-12-10,44.59128952026367,55.63999938964844,56.650001525878906,55.41999816894531,56.36000061035156,2177800
2014-12-11,45.08016586303711,56.25,57.9900016784668,55.619998931884766,57.9900016784668,2559400
2014-12-12,44.81568908691406,55.91999816894531,56.38999938964844,55.43000030517578,55.52000045776367,3175800
2014-12-15,44.41497421264648,55.41999816894531,56.810001373291016,55.310001373291016,56.0099983215332,2000700
2014-12-16,43.90205764770508,54.77999877929688,56.02999877929688,54.72999954223633,55.43000030517578,2362100
2014-12-17,44.87179565429688,55.9900016784668,56.09000015258789,54.220001220703125,54.84999847412109,2358300
2014-12-18,45.72931671142578,57.060001373291016,57.060001373291016,56.02000045776367,56.81999969482422,2337600
2014-12-19,45.48086929321289,56.75,57.36000061035156,56.41999816894531,57.02999877929688,3194100
2014-12-22,46.07392120361328,57.4900016784668,57.5,56.77000045776367,56.880001068115234,1008600
2014-12-23,45.40874862670898,56.65999984741211,57.88999938964844,56.5099983215332,57.5,3065300
2014-12-24,45.44881057739258,56.709999084472656,56.97999954223633,56.560001373291016,56.900001525878906,1262100
2014-12-26,45.10420608520508,56.27999877929688,56.97999954223633,56.18999862670898,56.79999923706055,1555500
2014-12-29,44.94393157958984,56.08000183105469,56.380001068115234,55.7400016784668,56.20000076293945,1777400
2014-12-30,44.52716827392578,55.560001373291016,56.09000015258789,55.31999969482422,55.84000015258789,1677700
2014-12-31,44.4951286315918,55.52000045776367,56.40999984741211,55.4900016784668,55.93999862670898,1746800
2015-01-02,44.51114273071289,55.540000915527344,56.25,54.970001220703125,55.68000030517578,1323200
2015-01-05,43.701698303222656,54.52999877929688,55.45000076293945,54.5,55.400001525878906,1445200
2015-01-06,42.67588806152344,53.25,54.79999923706055,53.209999084472656,54.72999954223633,1707500
2015-01-07,43.12468719482422,53.810001373291016,54.130001068115234,53.02999877929688,53.4900016784668,1723000
2015-01-08,43.88603210449219,54.7599983215332,55.18000030517578,54.08000183105469,54.38999938964844,1874900
2015-01-09,43.85396957397461,54.720001220703125,55.040000915527344,54.119998931884766,54.9900016784668,1720300
2015-01-12,43.41319274902344,54.16999816894531,54.75,53.86000061035156,54.619998931884766,1250500
2015-01-13,42.91630172729492,53.54999923706055,55.52000045776367,53.27000045776367,54.68999862670898,2340100
2015-01-14,42.88425827026367,53.5099983215332,54.459999084472656,52.93000030517578,53.41999816894531,2523800
2015-01-15,42.25914764404297,52.72999954223633,54.20000076293945,52.66999816894531,53.70000076293945,1990300
2015-01-16,43.02851486206055,53.68999862670898,53.7599983215332,52.209999084472656,52.459999084472656,1998000
2015-01-20,43.58951187133789,54.38999938964844,54.68999862670898,53.66999816894531,54.18999862670898,1786400
2015-01-21,43.74178695678711,54.58000183105469,54.869998931884766,53.81999969482422,54.2400016784668,1585100
2015-01-22,43.87801742553711,54.75,54.7599983215332,53.220001220703125,54.709999084472656,2555700
2015-01-23,43.68567657470703,54.5099983215332,54.959999084472656,54.2599983215332,54.86000061035156,1935300
2015-01-26,43.8058967590332,54.65999984741211,54.93000030517578,54.02000045776367,54.650001525878906,1341100
2015-01-27,42.77206802368164,53.369998931884766,54.11000061035156,53.11000061035156,53.91999816894531,1963300
2015-01-28,42.41942596435547,52.93000030517578,54.31999969482422,52.83000183105469,53.869998931884766,1687800
2015-01-29,42.65985870361328,53.22999954223633,53.61000061035156,52.43000030517578,52.9900016784668,1568500
2015-01-30,41.76226425170898,52.11000061035156,53.36000061035156,52.04999923706055,52.81999969482422,1928800
2015-02-02,41.91453170776367,52.29999923706055,52.470001220703125,51.290000915527344,52.09999847412109,2536000
2015-02-03,43.25291061401367,53.970001220703125,54.040000915527344,52.56999969482422,52.59000015258789,2214500
2015-02-04,43.10064315795898,53.77999877929688,54.150001525878906,53.45000076293945,53.63999938964844,1466500
2015-02-05,44.03830337524414,54.95000076293945,55.0099983215332,53.5,53.79999923706055,2207600
2015-02-06,44.08639526367188,55.0099983215332,55.88999938964844,54.810001373291016,54.869998931884766,1917800
2015-02-09,43.72575378417969,54.560001373291016,55.11000061035156,54.400001525878906,54.709999084472656,1436600
2015-02-10,44.51114273071289,55.540000915527344,55.59999847412109,54.38999938964844,54.75,1253500
2015-02-11,44.57526016235352,55.619998931884766,56.0,55.2400016784668,55.52999877929688,909100
2015-02-12,45.45683288574219,56.720001220703125,56.72999954223633,55.959999084472656,56.36000061035156,1687400
2015-02-13,45.7213020324707,57.04999923706055,57.2400016784668,56.5,56.84000015258789,1404300
2015-02-17,47.13180541992188,58.810001373291016,58.86000061035156,56.40999984741211,56.5,5685100
2015-02-18,46.78719711303711,58.380001068115234,58.72999954223633,57.09999847412109,58.400001525878906,4095300
2015-02-19,47.00359344482422,58.650001525878906,58.66999816894531,58.16999816894531,58.40999984741211,1837900
2015-02-20,47.38826370239258,59.130001068115234,59.13999938964844,58.18000030517578,58.619998931884766,1420200
2015-02-23,47.2680549621582,58.97999954223633,58.9900016784668,58.38999938964844,58.95000076293945,1029500
2015-02-24,47.7729377746582,59.61000061035156,59.650001525878906,57.81999969482422,58.900001525878906,1863100
2015-02-25,47.5954475402832,58.9900016784668,59.38999938964844,58.79999923706055,59.310001373291016,1344400
2015-02-26,47.50669097900391,58.880001068115234,59.220001220703125,58.59000015258789,59.060001373291016,1671600
2015-02-27,47.23235702514648,58.540000915527344,59.040000915527344,58.5099983215332,59.0,1198200
2015-03-02,48.23284912109375,59.77999877929688,59.77999877929688,58.540000915527344,58.810001373291016,1854000
2015-03-03,47.39373779296875,58.7400016784668,59.59999847412109,58.43999862670898,59.540000915527344,1499300
2015-03-04,47.11940002441406,58.400001525878906,58.720001220703125,57.95000076293945,58.33000183105469,1037700
2015-03-05,47.15975570678711,58.45000076293945,58.869998931884766,58.18000030517578,58.560001373291016,985000
2015-03-06,46.74018859863281,57.93000030517578,58.56999969482422,57.45000076293945,58.290000915527344,1584100
2015-03-09,47.167816162109375,58.459999084472656,58.59000015258789,57.970001220703125,57.970001220703125,1313300
2015-03-10,46.15119552612305,57.20000076293945,58.11000061035156,57.20000076293945,57.81999969482422,1381700
2015-03-11,46.22381591796875,57.290000915527344,57.88999938964844,57.09999847412109,57.41999816894531,1412900
2015-03-12,46.40132141113281,57.5099983215332,57.54999923706055,56.68000030517578,56.810001373291016,1010000
2015-03-13,46.41744613647461,57.52999877929688,57.70000076293945,56.79999923706055,57.310001373291016,1276300
2015-03-16,47.44213104248047,58.79999923706055,58.83000183105469,57.650001525878906,57.810001373291016,1367500
2015-03-17,47.40986633300781,58.7599983215332,58.79999923706055,58.08000183105469,58.41999816894531,1845200
2015-03-18,48.14409255981445,59.66999816894531,59.88999938964844,58.34000015258789,58.54999923706055,3023200
2015-03-19,48.41036224365234,60.0,60.119998931884766,59.11000061035156,59.43000030517578,2724600
2015-03-20,49.27367782592773,61.06999969482422,61.31999969482422,59.95000076293945,60.380001068115234,4481000
2015-03-23,48.73308944702149,60.400001525878906,61.09000015258789,60.29999923706055,60.68000030517578,2177600
2015-03-24,48.70081329345703,60.36000061035156,60.5099983215332,60.0,60.27000045776367,2737800
2015-03-25,46.44166946411133,57.560001373291016,60.34000015258789,57.540000915527344,60.34000015258789,3767300
2015-03-26,46.328704833984375,57.41999816894531,57.88999938964844,56.27000045776367,56.91999816894531,2847200
2015-03-27,47.47441864013672,58.84000015258789,58.869998931884766,57.0099983215332,57.459999084472656,2521400
2015-03-30,52.2912483215332,64.80999755859375,64.94000244140625,61.84999847412109,62.09999847412109,10493700
2015-03-31,50.83087539672852,63.0,64.5199966430664,62.86000061035156,64.18000030517578,3694200
2015-04-01,50.48393630981445,62.56999969482422,63.220001220703125,62.0099983215332,62.83000183105469,2374700
2015-04-02,50.21767425537109,62.2400016784668,63.33000183105469,61.95000076293945,62.29999923706055,2200500
2015-04-06,50.65337753295898,62.77999877929688,62.93999862670898,61.33000183105469,61.59000015258789,2329800
2015-04-07,51.02451705932617,63.2400016784668,63.65999984741211,62.27999877929688,62.709999084472656,2118300
2015-04-08,51.37145614624024,63.66999816894531,63.88999938964844,63.02000045776367,63.130001068115234,2266200
2015-04-09,51.66190719604492,64.02999877929688,64.0999984741211,63.22999954223633,63.31999969482422,1574600
2015-04-10,51.83134460449219,64.23999786376953,64.38999938964844,63.84999847412109,64.27999877929688,1274000
2015-04-13,51.43600082397461,63.75,64.6500015258789,63.61000061035156,64.25,1475200
2015-04-14,50.48393630981445,62.56999969482422,63.86000061035156,62.459999084472656,63.630001068115234,2292600
2015-04-15,51.58122634887695,63.93000030517578,64.05999755859375,62.86000061035156,62.93000030517578,1557000
2015-04-16,51.72645950317383,64.11000061035156,64.2300033569336,63.4900016784668,63.52000045776367,1453700
2015-04-17,51.16973876953125,63.41999816894531,63.7599983215332,63.06999969482422,63.36000061035156,2449500
2015-04-20,51.41179656982422,63.720001220703125,64.41000366210938,63.619998931884766,63.66999816894531,1508900
2015-04-21,51.93623352050781,64.37000274658203,64.54000091552734,63.790000915527344,64.1500015258789,1435900
2015-04-22,52.03305816650391,64.48999786376953,64.73999786376953,63.66999816894531,64.73999786376953,1021800
2015-04-23,51.306915283203125,63.59000015258789,63.81999969482422,62.79999923706055,63.040000915527344,2707700
2015-04-24,50.4516487121582,62.52999877929688,63.59999847412109,61.84999847412109,63.58000183105469,3916500
2015-04-27,50.56460952758789,62.66999816894531,63.27000045776367,62.02000045776367,62.02000045776367,1689400
2015-04-28,51.00836181640625,63.220001220703125,63.459999084472656,62.5,62.68000030517578,1912300
2015-04-29,50.685646057128906,62.81999969482422,63.650001525878906,62.310001373291016,63.04999923706055,1547500
2015-04-30,49.89493942260742,61.84000015258789,62.66999816894531,61.290000915527344,62.54999923706055,2985900
2015-05-01,51.04872131347656,63.27000045776367,63.56999969482422,62.34000015258789,62.34999847412109,3636800
2015-05-04,51.03257369995117,63.25,63.900001525878906,63.150001525878906,63.630001068115234,1436400
2015-05-05,49.83845138549805,61.77000045776367,63.040000915527344,61.720001220703125,63.040000915527344,1630200
2015-05-06,49.73356628417969,61.63999938964844,62.27000045776367,61.2599983215332,62.06999969482422,1673100
2015-05-07,50.05629348754883,62.040000915527344,62.619998931884766,61.56999969482422,61.83000183105469,1760100
2015-05-08,50.604942321777344,62.720001220703125,63.43999862670898,62.400001525878906,62.75,2026900
2015-05-11,50.54040145874024,62.63999938964844,63.0,62.630001068115234,62.75,1396700
2015-05-12,50.08859252929688,62.08000183105469,62.4900016784668,61.59000015258789,62.2400016784668,1614400
2015-05-13,50.21767425537109,62.2400016784668,62.869998931884766,62.02999877929688,62.25,1659000
2015-05-14,51.15360641479492,63.400001525878906,63.83000183105469,62.709999084472656,62.970001220703125,1918800
2015-05-15,50.976104736328125,63.18000030517578,63.93000030517578,62.959999084472656,63.88999938964844,2333200
2015-05-18,51.12133026123047,63.36000061035156,63.709999084472656,63.02999877929688,63.22999954223633,3453600
2015-05-19,51.19395065307617,63.45000076293945,64.33999633789062,63.29999923706055,63.79999923706055,4538900
2015-05-20,53.396610260009766,66.18000030517578,66.8499984741211,64.0,64.19999694824219,7012400
2015-05-21,52.83988952636719,65.48999786376953,66.0199966430664,65.05000305175781,66.0,3560700
2015-05-22,54.13890838623047,67.0999984741211,67.47000122070312,65.47000122070312,65.54000091552734,3560300
2015-05-26,53.93719100952149,66.8499984741211,67.1500015258789,65.94000244140625,66.94999694824219,2970000
2015-05-27,55.43073654174805,68.29000091552734,68.44000244140625,66.4800033569336,66.56999969482422,2995700
2015-05-28,55.44695281982422,68.30999755859375,68.75,67.68000030517578,68.3499984741211,1722500
2015-05-29,55.16286087036133,67.95999908447266,68.51000213623047,67.58999633789062,68.5,2371200
2015-06-01,55.80409622192383,68.75,68.97000122070312,67.80000305175781,68.41000366210938,2453000
2015-06-02,54.95992660522461,67.70999908447266,68.69999694824219,67.51000213623047,68.69000244140625,1853100
2015-06-03,54.619022369384766,67.29000091552734,68.08000183105469,67.19000244140625,68.08000183105469,1227200
2015-06-04,54.33491897583008,66.94000244140625,67.43000030517578,66.62000274658203,66.91999816894531,2167500
2015-06-05,54.68396759033203,67.37000274658203,67.61000061035156,66.41000366210938,66.94999694824219,1769500
2015-06-08,53.531341552734375,65.94999694824219,67.5199966430664,65.72000122070312,67.43000030517578,2311900
2015-06-09,53.32029342651367,65.69000244140625,66.38999938964844,65.2699966430664,66.06999969482422,2278400
2015-06-10,54.968040466308594,67.72000122070312,67.87999725341797,65.73999786376953,66.08000183105469,2998100
2015-06-11,54.56220626831055,67.22000122070312,67.8499984741211,67.12999725341797,67.73999786376953,1384200
2015-06-12,53.782981872558594,66.26000213623047,66.91999816894531,66.06999969482422,66.75,1241500
2015-06-15,54.14010620117188,66.69999694824219,66.7699966430664,65.37000274658203,65.75,1701900
2015-06-16,54.08329772949219,66.62999725341797,66.94000244140625,66.33999633789062,66.55000305175781,1384800
2015-06-17,54.5703239440918,67.2300033569336,67.61000061035156,66.81999969482422,66.81999969482422,2190600
2015-06-18,55.438846588134766,68.30000305175781,68.62999725341797,67.51000213623047,67.5999984741211,1988400
2015-06-19,55.12228775024414,67.91000366210938,68.55000305175781,67.29000091552734,68.33999633789062,3150800
2015-06-22,55.211570739746094,68.0199966430664,68.5999984741211,67.41000366210938,68.33999633789062,1999900
2015-06-23,54.81382369995117,67.52999877929688,68.26000213623047,67.38999938964844,68.04000091552734,1391800
2015-06-24,54.25374221801758,66.83999633789062,67.6500015258789,66.75,67.45999908447266,1361900
2015-06-25,54.05083465576172,66.58999633789062,67.33000183105469,66.30000305175781,67.05999755859375,1589300
2015-06-26,53.40959930419922,65.80000305175781,67.16999816894531,65.26000213623047,66.37000274658203,5640200
2015-06-29,51.940425872802734,63.9900016784668,65.5999984741211,63.83000183105469,65.41000366210938,2736500
2015-06-30,52.1027717590332,64.19000244140625,64.68000030517578,63.81999969482422,64.33999633789062,1927600
2015-07-01,52.41119766235352,64.56999969482422,66.27999877929688,64.37999725341797,65.08000183105469,2100300
2015-07-02,52.25698471069336,64.37999725341797,64.9000015258789,63.900001525878906,64.58000183105469,1860000
2015-07-06,51.61574935913086,63.59000015258789,64.30999755859375,63.369998931884766,63.84999847412109,2055500
2015-07-07,51.4453010559082,63.380001068115234,63.65999984741211,61.68999862670898,63.470001220703125,2417800
2015-07-08,50.27644348144531,61.93999862670898,62.97999954223633,61.38999938964844,62.79999923706055,2945200
2015-07-09,49.42417144775391,60.88999938964844,63.220001220703125,60.880001068115234,62.81999969482422,3328900
2015-07-10,49.92742919921875,61.5099983215332,62.04999923706055,61.09000015258789,61.400001525878906,1777300
2015-07-13,50.21963119506836,61.869998931884766,62.150001525878906,61.650001525878906,62.060001373291016,1589200
2015-07-14,50.82838439941406,62.619998931884766,62.77000045776367,61.900001525878906,62.0,1968300
2015-07-15,51.0719108581543,62.91999816894531,63.150001525878906,62.13999938964844,62.2400016784668,2252400
2015-07-16,50.998870849609375,62.83000183105469,63.25,62.2400016784668,62.5099983215332,1782600
2015-07-17,50.69853591918945,62.459999084472656,62.83000183105469,62.060001373291016,62.81999969482422,1574400
2015-07-20,50.31704711914063,61.9900016784668,62.72999954223633,61.95000076293945,62.61000061035156,1395300
2015-07-21,50.39008712768555,62.08000183105469,62.470001220703125,60.59999847412109,61.900001525878906,1655900
2015-07-22,47.60596084594727,58.650001525878906,58.95000076293945,57.15999984741211,58.72999954223633,5695500
2015-07-23,48.74234771728516,60.04999923706055,61.220001220703125,58.75,58.9900016784668,3235500
2015-07-24,47.47610092163086,58.4900016784668,60.59000015258789,58.36000061035156,60.369998931884766,2506600
2015-07-27,46.98907852172852,57.88999938964844,58.400001525878906,57.52999877929688,58.220001220703125,2084700
2015-07-28,47.8819465637207,58.9900016784668,59.560001373291016,57.619998931884766,58.27000045776367,2581500
2015-07-29,47.71961212158203,58.790000915527344,59.0099983215332,58.25,58.869998931884766,2355100
2015-07-30,47.743953704833984,58.81999969482422,59.060001373291016,57.97999954223633,58.65999984741211,2131900
2015-07-31,47.346221923828125,58.33000183105469,59.04999923706055,58.209999084472656,59.04999923706055,1930700
2015-08-03,47.622196197509766,58.66999816894531,59.040000915527344,58.34999847412109,58.43000030517578,2262300
2015-08-04,47.46797561645508,58.47999954223633,59.20000076293945,58.04999923706055,58.52999877929688,1620800
2015-08-05,49.26995086669922,60.70000076293945,60.84000015258789,58.869998931884766,59.13999938964844,3227900
2015-08-06,47.7845458984375,58.869998931884766,60.790000915527344,58.72999954223633,60.31999969482422,2922600
2015-08-07,48.38520050048828,59.61000061035156,59.75,58.0,58.810001373291016,2469300
2015-08-10,49.58651351928711,61.09000015258789,61.22999954223633,59.95000076293945,59.95000076293945,1957500
2015-08-11,48.19851303100586,59.380001068115234,60.84999847412109,59.15999984741211,60.61000061035156,2065800
2015-08-12,48.49072265625,59.7400016784668,60.0099983215332,58.27000045776367,58.77999877929688,2127000
2015-08-13,47.89006042480469,59.0,59.88999938964844,58.869998931884766,59.65999984741211,1895700
2015-08-14,47.760196685791016,58.84000015258789,59.27000045776367,58.52999877929688,58.84999847412109,1612100
2015-08-17,48.2959098815918,59.5,59.52000045776367,58.29999923706055,58.470001220703125,1408700
2015-08-18,46.9972038269043,57.900001525878906,59.41999816894531,57.33000183105469,58.9900016784668,4584900
2015-08-19,47.386810302734375,58.380001068115234,60.81999969482422,57.75,60.72999954223633,9485000
2015-08-20,43.68547439575195,53.81999969482422,57.400001525878906,53.79999923706055,57.2599983215332,5913900
2015-08-21,43.65301513671875,53.77999877929688,55.25,53.02999877929688,53.34999847412109,5870900
2015-08-24,41.94032669067383,51.66999816894531,54.0,50.86000061035156,51.4900016784668,6843300
2015-08-25,41.07993316650391,50.61000061035156,53.63999938964844,50.560001373291016,53.29999923706055,3945500
2015-08-26,44.36077499389648,54.220001220703125,54.290000915527344,50.959999084472656,51.88999938964844,5216300
2015-08-27,46.20981216430664,56.47999954223633,56.5099983215332,54.619998931884766,54.75,5323200
2015-08-28,46.18526458740234,56.45000076293945,56.9900016784668,55.68999862670898,56.09999847412109,3329700
2015-08-31,45.70255661010742,55.86000061035156,56.40999984741211,55.5099983215332,56.31999969482422,2647000
2015-09-01,43.81260299682617,53.54999923706055,54.880001068115234,53.22999954223633,54.25,3574400
2015-09-02,44.66348648071289,54.59000015258789,54.68000030517578,53.59000015258789,54.68000030517578,2095700
2015-09-03,45.13802719116211,55.16999816894531,55.880001068115234,54.70000076293945,55.25,2318700
2015-09-04,44.14805221557617,53.959999084472656,54.65999984741211,53.70000076293945,54.08000183105469,1693700
2015-09-08,47.2652473449707,57.77000045776367,57.81999969482422,55.459999084472656,55.9900016784668,4119600
2015-09-09,46.03800582885742,56.27000045776367,58.650001525878906,56.119998931884766,57.93999862670898,2814600
2015-09-10,45.825286865234375,56.0099983215332,56.54999923706055,55.310001373291016,55.9900016784668,3366000
2015-09-11,46.10344696044922,56.34999847412109,56.459999084472656,55.33000183105469,55.59999847412109,1762800
2015-09-14,47.09342956542969,57.560001373291016,57.59999847412109,56.83000183105469,57.27999877929688,3124700
2015-09-15,47.69887161254883,58.29999923706055,58.59999847412109,57.560001373291016,57.560001373291016,2950300
2015-09-16,47.82158279418945,58.45000076293945,58.54999923706055,57.75,58.540000915527344,2085300
2015-09-17,47.39614868164063,57.93000030517578,58.959999084472656,57.86000061035156,58.380001068115234,2521100
2015-09-18,46.36526107788086,56.66999816894531,57.33000183105469,56.209999084472656,57.119998931884766,3925900
2015-09-21,46.3325309753418,56.630001068115234,57.380001068115234,56.15999984741211,56.880001068115234,2856500
2015-09-22,45.14620590209961,55.18000030517578,56.380001068115234,55.02999877929688,55.900001525878906,2912200
2015-09-23,45.162559509277344,55.20000076293945,56.0,55.02999877929688,55.58000183105469,1800100
2015-09-24,44.180782318115234,54.0,54.70000076293945,52.47999954223633,54.52999877929688,3544000
2015-09-25,44.5407600402832,54.43999862670898,55.290000915527344,53.880001068115234,54.52999877929688,2143100
2015-09-28,43.74713134765625,53.470001220703125,54.93999862670898,53.459999084472656,54.27000045776367,2287600
2015-09-29,44.221675872802734,54.04999923706055,54.310001373291016,53.130001068115234,53.47999954223633,2368500
2015-09-30,46.15253829956055,56.40999984741211,56.540000915527344,54.83000183105469,55.02000045776367,3340700
2015-10-01,44.949832916259766,54.93999862670898,56.540000915527344,53.709999084472656,56.34999847412109,4106800
2015-10-02,45.56346893310547,55.68999862670898,55.68999862670898,53.70000076293945,54.0,3297000
2015-10-05,46.98706817626953,57.43000030517578,57.810001373291016,55.91999816894531,56.18000030517578,2778600
2015-10-06,46.54524993896485,56.88999938964844,57.720001220703125,56.31999969482422,57.380001068115234,2504700
2015-10-07,47.3470573425293,57.869998931884766,58.060001373291016,56.63999938964844,57.59999847412109,3340300
2015-10-08,47.22433471679688,57.720001220703125,57.9900016784668,56.59000015258789,57.95000076293945,2303000
2015-10-09,46.38162612915039,56.68999862670898,57.970001220703125,56.5,57.56999969482422,3683400
2015-10-12,46.29163360595703,56.58000183105469,56.900001525878906,56.33000183105469,56.77999877929688,1717200
2015-10-13,45.85799789428711,56.04999923706055,56.63999938964844,55.959999084472656,56.06999969482422,2100300
2015-10-14,49.89972686767578,60.9900016784668,64.16000366210938,56.75,56.90999984741211,11994700
2015-10-15,50.13698196411133,61.27999877929688,61.7599983215332,60.38999938964844,61.5,4908100
2015-10-16,49.24518966674805,60.18999862670898,61.540000915527344,59.880001068115234,61.310001373291016,3067800
2015-10-19,49.26974105834961,60.220001220703125,60.38999938964844,59.52999877929688,59.93999862670898,2107900
2015-10-20,49.417022705078125,60.400001525878906,60.970001220703125,59.84000015258789,60.310001373291016,1730700
2015-10-21,50.52153015136719,61.75,62.5,61.02000045776367,61.02000045776367,4551000
2015-10-22,51.87150573730469,63.400001525878906,63.95000076293945,62.41999816894531,63.27999877929688,3499200
2015-10-23,52.05149459838867,63.619998931884766,64.11000061035156,63.09999847412109,64.04000091552734,2277000
2015-10-26,50.34153366088867,61.52999877929688,63.38999938964844,61.43999862670898,63.25,2608600
2015-10-27,50.22698593139648,61.38999938964844,61.77999877929688,60.83000183105469,60.83000183105469,1608900
2015-10-28,50.61152648925781,61.86000061035156,63.20000076293945,60.209999084472656,62.5,4532600
2015-10-29,49.07338333129883,59.97999954223633,60.95000076293945,59.27000045776367,59.959999084472656,2390700
2015-10-30,49.18792343139648,60.119998931884766,60.61000061035156,59.95000076293945,60.209999084472656,2097600
2015-11-02,49.367919921875,60.34000015258789,60.790000915527344,59.83000183105469,60.18999862670898,1778900
2015-11-03,49.62972640991211,60.65999984741211,60.93999862670898,60.220001220703125,60.220001220703125,1140500
2015-11-04,49.49064636230469,60.4900016784668,60.70000076293945,60.09000015258789,60.61000061035156,1444900
2015-11-05,49.38429260253906,60.36000061035156,60.91999816894531,60.04999923706055,60.83000183105469,1202300
2015-11-06,50.48062515258789,61.70000076293945,61.97999954223633,60.290000915527344,60.41999816894531,1866500
2015-11-09,49.87518310546875,60.959999084472656,61.54999923706055,60.560001373291016,61.52999877929688,1519600
2015-11-10,49.0651969909668,59.970001220703125,60.27999877929688,59.540000915527344,59.56999969482422,1850400
2015-11-11,49.00791931152344,59.900001525878906,60.79999923706055,59.79999923706055,60.34000015258789,1268900
2015-11-12,48.6479377746582,59.459999084472656,60.7599983215332,59.33000183105469,59.720001220703125,2120800
2015-11-13,47.55977630615234,58.130001068115234,59.650001525878906,57.79999923706055,59.459999084472656,2230200
2015-11-16,47.84613037109375,58.47999954223633,58.540000915527344,57.77999877929688,58.08000183105469,2617600
2015-11-17,48.51702117919922,59.29999923706055,59.709999084472656,58.27000045776367,58.4900016784668,2341500
2015-11-18,49.69518280029297,60.7400016784668,60.83000183105469,59.29999923706055,59.33000183105469,1797300
2015-11-19,48.90157318115234,59.77000045776367,60.40999984741211,59.43000030517578,60.38999938964844,2755000
2015-11-20,48.61520767211914,59.41999816894531,60.209999084472656,59.220001220703125,60.209999084472656,3044000
2015-11-23,46.47160720825195,56.79999923706055,59.0,56.5,58.900001525878906,7029300
2015-11-24,49.43336868286133,60.41999816894531,61.02000045776367,57.41999816894531,59.380001068115234,7189300
2015-11-25,49.294281005859375,60.25,61.36000061035156,59.83000183105469,60.459999084472656,3348400
2015-11-27,49.45792007446289,60.45000076293945,60.72999954223633,60.0,60.22999954223633,915700
2015-11-30,50.4233512878418,61.630001068115234,62.08000183105469,60.38999938964844,60.38999938964844,3358100
2015-12-01,50.37425231933594,61.56999969482422,62.400001525878906,61.27999877929688,62.09000015258789,3044400
2015-12-02,50.02014923095703,60.7400016784668,61.970001220703125,60.619998931884766,61.33000183105469,2031100
2015-12-03,48.628414154052734,59.04999923706055,61.459999084472656,58.810001373291016,61.400001525878906,3560400
2015-12-04,48.76017379760742,59.209999084472656,59.709999084472656,56.77000045776367,57.7599983215332,5550200
2015-12-07,48.17548751831055,58.5,59.4900016784668,58.34000015258789,59.220001220703125,2590700
2015-12-08,47.78019714355469,58.02000045776367,58.33000183105469,57.5099983215332,58.08000183105469,2178100
2015-12-09,46.6519775390625,56.650001525878906,58.060001373291016,56.43999862670898,58.0,2479200
2015-12-10,47.06375503540039,57.150001525878906,57.5099983215332,56.43999862670898,56.66999816894531,3175600
2015-12-11,46.88256072998047,56.93000030517578,57.11000061035156,56.290000915527344,56.290000915527344,3886300
2015-12-14,46.79197692871094,56.81999969482422,57.27000045776367,56.400001525878906,56.880001068115234,2896200
2015-12-15,46.56963348388672,56.54999923706055,57.84999847412109,55.70000076293945,55.84999847412109,4702100
2015-12-16,47.37666702270508,57.52999877929688,57.7400016784668,56.310001373291016,56.93999862670898,1960100
2015-12-17,46.21552658081055,56.119998931884766,57.869998931884766,56.11000061035156,57.43999862670898,2249600
2015-12-18,45.43317794799805,55.16999816894531,56.369998931884766,55.119998931884766,55.75,4719900
2015-12-21,45.97669982910156,55.83000183105469,55.86000061035156,55.34999847412109,55.83000183105469,1763500
2015-12-22,46.13317108154297,56.02000045776367,56.97999954223633,55.84999847412109,56.54999923706055,1136200
2015-12-23,46.511985778808594,56.47999954223633,56.84000015258789,56.22999954223633,56.36000061035156,1153100
2015-12-24,46.77550506591797,56.79999923706055,57.0,56.47999954223633,56.47999954223633,536300
2015-12-28,46.48728561401367,56.45000076293945,56.84000015258789,55.869998931884766,56.66999816894531,1205500
2015-12-29,47.19550323486328,57.310001373291016,57.75,56.68999862670898,56.79999923706055,1347700
2015-12-30,46.56963348388672,56.54999923706055,57.47999954223633,56.5099983215332,57.16999816894531,1459900
2015-12-31,45.55669784545898,55.31999969482422,56.54999923706055,55.31999969482422,56.45000076293945,1409400
2016-01-04,44.8320198059082,54.43999862670898,54.470001220703125,53.630001068115234,54.2400016784668,2648900
2016-01-05,44.50261688232422,54.040000915527344,54.84000015258789,53.86000061035156,54.72999954223633,2689500
2016-01-06,42.6085319519043,51.7400016784668,53.540000915527344,51.43000030517578,53.06999969482422,3779700
2016-01-07,41.52149963378906,50.41999816894531,51.459999084472656,50.02999877929688,50.45000076293945,5163000
2016-01-08,41.159156799316406,49.97999954223633,51.54999923706055,49.97999954223633,50.7400016784668,3805200
2016-01-11,42.13914108276367,51.16999816894531,51.7599983215332,50.41999816894531,51.040000915527344,3437900
2016-01-12,42.53442001342773,51.650001525878906,52.220001220703125,50.970001220703125,51.54999923706055,2445900
2016-01-13,41.25797271728516,50.09999847412109,52.34999847412109,50.02999877929688,51.720001220703125,2659500
2016-01-14,41.587379455566406,50.5,51.060001373291016,49.90999984741211,50.540000915527344,3377000
2016-01-15,41.02739334106445,49.81999969482422,49.95000076293945,47.2400016784668,48.15999984741211,8245400
2016-01-19,40.673282623291016,49.38999938964844,50.97999954223633,48.4900016784668,50.33000183105469,3707100
2016-01-20,41.65325546264648,50.58000183105469,51.130001068115234,49.0,49.34999847412109,5069700
2016-01-21,41.61208724975586,50.52999877929688,51.68000030517578,50.11000061035156,51.5099983215332,3972000
2016-01-22,42.31207656860352,51.380001068115234,51.7599983215332,50.810001373291016,51.5,1767600
2016-01-25,42.040313720703125,51.04999923706055,51.52000045776367,50.77000045776367,51.27000045776367,2642200
2016-01-26,42.23796463012695,51.290000915527344,51.959999084472656,50.900001525878906,51.34000015258789,2362700
2016-01-27,42.22971725463867,51.27999877929688,52.209999084472656,50.81999969482422,51.02999877929688,2747900
2016-01-28,42.624996185302734,51.7599983215332,51.970001220703125,51.13999938964844,51.66999816894531,2693200
2016-01-29,44.35439300537109,53.86000061035156,53.93999862670898,51.33000183105469,52.06999969482422,3378100
2016-02-01,43.78615951538086,53.16999816894531,53.70000076293945,52.959999084472656,53.380001068115234,2295700
2016-02-02,42.27912521362305,51.34000015258789,52.65999984741211,51.27000045776367,52.040000915527344,3151700
2016-02-03,42.31207656860352,51.380001068115234,51.970001220703125,50.459999084472656,51.93999862670898,2425600
2016-02-04,42.55088424682617,51.66999816894531,52.150001525878906,50.88999938964844,51.209999084472656,1772300
2016-02-05,41.02739334106445,49.81999969482422,51.810001373291016,49.560001373291016,51.400001525878906,2506000
2016-02-08,40.48387145996094,49.15999984741211,49.68000030517578,48.290000915527344,49.25,2994100
2016-02-09,40.607398986816406,49.310001373291016,50.130001068115234,48.619998931884766,48.84000015258789,3112100
2016-02-10,40.31916809082031,48.959999084472656,50.060001373291016,48.91999816894531,49.709999084472656,1897500
2016-02-11,40.22034454345703,48.84000015258789,49.34000015258789,48.16999816894531,48.369998931884766,2416700
2016-02-12,40.8791618347168,49.63999938964844,49.79999923706055,48.68000030517578,49.59999847412109,3741500
2016-02-16,42.88029098510742,52.06999969482422,52.34999847412109,49.790000915527344,49.790000915527344,4819000
2016-02-17,43.42381286621094,52.72999954223633,53.97999954223633,51.119998931884766,51.119998931884766,3909900
2016-02-18,42.8555908203125,52.040000915527344,53.630001068115234,51.93000030517578,53.0099983215332,2184100
2016-02-19,42.90499114990234,52.09999847412109,52.40999984741211,51.66999816894531,51.880001068115234,2276700
2016-02-22,43.32498550415039,52.61000061035156,53.119998931884766,52.09999847412109,52.66999816894531,1776700
2016-02-23,42.3779525756836,51.459999084472656,52.72999954223633,51.38999938964844,52.459999084472656,1781400
2016-02-24,43.01727294921875,51.810001373291016,51.84999847412109,50.09999847412109,50.59999847412109,2690900
2016-02-25,43.99701690673828,52.9900016784668,53.119998931884766,51.43000030517578,53.060001373291016,2430200
2016-02-26,44.37065505981445,53.43999862670898,53.619998931884766,52.880001068115234,53.29999923706055,1758200
2016-02-29,43.99701690673828,52.9900016784668,53.95000076293945,52.9900016784668,53.459999084472656,2159600
2016-03-01,45.41682052612305,54.70000076293945,54.720001220703125,53.0099983215332,53.95000076293945,2188600
2016-03-02,46.00631332397461,55.40999984741211,55.709999084472656,54.59999847412109,54.720001220703125,2411300
2016-03-03,46.05613327026367,55.470001220703125,55.77999877929688,54.65999984741211,55.61000061035156,2071100
2016-03-04,46.313514709472656,55.77999877929688,56.209999084472656,55.11000061035156,55.66999816894531,2312000
2016-03-07,46.90303421020508,56.4900016784668,56.4900016784668,55.15999984741211,55.15999984741211,2180100
2016-03-08,45.94819641113281,55.34000015258789,56.209999084472656,55.060001373291016,55.97999954223633,2726400
2016-03-09,45.60776901245117,54.93000030517578,55.90999984741211,54.84000015258789,55.709999084472656,2212700
2016-03-10,45.76552963256836,55.119998931884766,55.810001373291016,54.41999816894531,55.459999084472656,1749700
2016-03-11,46.44636535644531,55.93999862670898,56.02999877929688,55.0,55.83000183105469,1760300
2016-03-14,46.22218322753906,55.66999816894531,56.220001220703125,55.2599983215332,55.56999969482422,1403000
2016-03-15,46.5875244140625,56.11000061035156,56.13999938964844,55.15999984741211,55.34000015258789,1986300
2016-03-16,47.21023178100586,56.86000061035156,56.88999938964844,55.66999816894531,55.720001220703125,1721500
2016-03-17,48.0488166809082,57.869998931884766,57.95000076293945,56.5,56.5,2495700
2016-03-18,48.99535751342773,59.0099983215332,59.060001373291016,57.72999954223633,57.869998931884766,4820100
2016-03-21,48.86250305175781,58.84999847412109,58.97999954223633,58.150001525878906,58.7599983215332,2575100
2016-03-22,48.58852005004883,58.52000045776367,58.81999969482422,57.97999954223633,58.68000030517578,1828500
2016-03-23,48.43075180053711,58.33000183105469,58.58000183105469,58.150001525878906,58.58000183105469,1711700
2016-03-24,48.68815612792969,58.63999938964844,58.650001525878906,57.66999816894531,58.04999923706055,1947800
2016-03-28,48.42245101928711,58.31999969482422,58.630001068115234,58.13999938964844,58.630001068115234,1455700
2016-03-29,48.820987701416016,58.79999923706055,59.0,57.88999938964844,58.04999923706055,1338500
2016-03-30,49.078392028808594,59.11000061035156,59.43000030517578,58.45000076293945,59.0,1305500
2016-03-31,49.144805908203125,59.18999862670898,59.45000076293945,58.68999862670898,58.90999984741211,1775900
2016-04-01,48.97044372558594,58.97999954223633,59.060001373291016,58.54999923706055,58.68999862670898,1393600
2016-04-04,48.787784576416016,58.7599983215332,59.04999923706055,58.59999847412109,58.970001220703125,938800
2016-04-05,48.55530548095703,58.47999954223633,58.86000061035156,58.290000915527344,58.43000030517578,1689400
2016-04-06,49.11989974975586,59.15999984741211,59.25,57.83000183105469,58.310001373291016,1401800
2016-04-07,48.455665588378906,58.36000061035156,59.06999969482422,57.9900016784668,58.790000915527344,1484800
2016-04-08,48.820987701416016,58.79999923706055,59.0099983215332,58.290000915527344,58.70000076293945,1824600
2016-04-11,48.65493774414063,58.59999847412109,59.63999938964844,58.56999969482422,59.09000015258789,1505800
2016-04-12,48.820987701416016,58.79999923706055,58.9900016784668,58.06999969482422,58.72999954223633,1456200
2016-04-13,49.65129089355469,59.79999923706055,59.84999847412109,58.810001373291016,59.18000030517578,1354200
2016-04-14,49.35237503051758,59.43999862670898,59.619998931884766,58.68000030517578,59.22999954223633,1558000
2016-04-15,48.70475006103516,58.65999984741211,59.38999938964844,58.63999938964844,59.38999938964844,2076600
2016-04-18,48.73796463012695,58.70000076293945,58.869998931884766,58.369998931884766,58.68000030517578,1666700
2016-04-19,48.34772491455078,58.22999954223633,58.77999877929688,57.7599983215332,58.61000061035156,1674800
2016-04-20,49.13649368286133,59.18000030517578,59.369998931884766,58.43999862670898,58.52000045776367,1812300
2016-04-21,48.82930755615234,58.810001373291016,59.13999938964844,58.47999954223633,59.04999923706055,1464600
2016-04-22,48.55530548095703,58.47999954223633,59.369998931884766,58.20000076293945,58.90999984741211,1944800
2016-04-25,48.513790130615234,58.43000030517578,58.88999938964844,57.75,58.45000076293945,1282400
2016-04-26,49.26105117797852,59.33000183105469,59.869998931884766,58.52000045776367,58.77000045776367,1776000
2016-04-27,49.5184326171875,59.63999938964844,59.7599983215332,58.209999084472656,58.5,1775700
2016-04-28,48.040523529052734,57.86000061035156,59.560001373291016,57.560001373291016,59.20000076293945,2470400
2016-04-29,46.76187896728516,56.31999969482422,57.630001068115234,55.880001068115234,57.59999847412109,2612100
2016-05-02,47.33478546142578,57.0099983215332,57.040000915527344,55.959999084472656,56.310001373291016,1704000
2016-05-03,46.68715286254883,56.22999954223633,56.720001220703125,56.08000183105469,56.33000183105469,1653800
2016-05-04,46.35503387451172,55.83000183105469,56.130001068115234,55.4900016784668,55.790000915527344,2345000
2016-05-05,46.23879623413086,55.68999862670898,56.209999084472656,55.41999816894531,55.97999954223633,1523300
2016-05-06,46.05613327026367,55.470001220703125,55.68000030517578,54.84000015258789,55.470001220703125,2666900
2016-05-09,45.85686492919922,55.22999954223633,56.09000015258789,55.18000030517578,55.68999862670898,2125700
2016-05-10,46.5792121887207,56.09999847412109,56.16999816894531,55.16999816894531,55.54999923706055,2622800
2016-05-11,46.288612365722656,55.75,56.52000045776367,55.68000030517578,56.04999923706055,1591700
2016-05-12,45.58286285400391,54.900001525878906,56.220001220703125,54.47999954223633,55.959999084472656,2279000
2016-05-13,45.43341064453125,54.720001220703125,55.31999969482422,54.33000183105469,54.7599983215332,1882100
2016-05-16,46.02291870117188,55.43000030517578,55.810001373291016,54.540000915527344,54.869998931884766,1897100
2016-05-17,45.97309875488281,55.369998931884766,56.02000045776367,55.25,55.310001373291016,2907300
2016-05-18,46.34672927856445,55.81999969482422,56.13999938964844,53.0,53.060001373291016,3217600
2016-05-19,46.24711227416992,55.70000076293945,56.02999877929688,55.02999877929688,55.66999816894531,1779100
2016-05-20,46.94454193115234,56.540000915527344,57.09999847412109,55.97999954223633,56.0099983215332,1928900
2016-05-23,47.127201080322266,56.7599983215332,57.43999862670898,56.61000061035156,56.77000045776367,1515300
2016-05-24,48.33941650390625,58.220001220703125,58.34999847412109,56.959999084472656,57.09999847412109,1649100
2016-05-25,48.73250579833984,58.27000045776367,58.38999938964844,57.810001373291016,57.95000076293945,1445400
2016-05-26,48.74922180175781,58.290000915527344,58.4900016784668,57.9900016784668,58.209999084472656,1034300
2016-05-27,48.87467575073242,58.43999862670898,58.720001220703125,58.130001068115234,58.34999847412109,1000800
2016-05-31,48.92486190795898,58.5,58.61000061035156,58.040000915527344,58.43000030517578,1348300
2016-06-01,49.0503044128418,58.650001525878906,58.77000045776367,58.11000061035156,58.11000061035156,1077100
2016-06-02,48.74086380004883,58.27999877929688,58.34000015258789,57.20000076293945,57.20000076293945,1708200
2016-06-03,48.59868240356445,58.11000061035156,58.560001373291016,57.77999877929688,58.560001373291016,1462900
2016-06-06,47.74563217163086,57.09000015258789,58.400001525878906,57.040000915527344,58.04999923706055,4243500
2016-06-07,48.33105850219727,57.790000915527344,57.95000076293945,56.880001068115234,57.47999954223633,3267900
2016-06-08,48.322696685791016,57.77999877929688,58.119998931884766,57.5,57.880001068115234,1241200
2016-06-09,48.13871383666992,57.560001373291016,57.61000061035156,57.20000076293945,57.56999969482422,1052700
2016-06-10,47.63691711425781,56.959999084472656,57.27999877929688,56.61000061035156,56.88999938964844,1364100
2016-06-13,47.5616455078125,56.869998931884766,57.54999923706055,56.70000076293945,56.86000061035156,1103200
2016-06-14,47.72890853881836,57.06999969482422,57.25,56.56999969482422,56.81999969482422,2202500
2016-06-15,47.5616455078125,56.869998931884766,57.290000915527344,56.72999954223633,57.2599983215332,2391100
2016-06-16,47.58675003051758,56.900001525878906,57.0,55.900001525878906,56.5099983215332,1088000
2016-06-17,46.82568359375,55.9900016784668,56.84999847412109,55.61000061035156,56.84999847412109,2659100
2016-06-20,47.49474334716797,56.790000915527344,57.369998931884766,56.72999954223633,56.77999877929688,1850700
2016-06-21,47.720550537109375,57.060001373291016,57.15999984741211,56.650001525878906,56.9900016784668,1243600
2016-06-22,47.544918060302734,56.84999847412109,57.560001373291016,56.77999877929688,57.13999938964844,1718400
2016-06-23,48.59868240356445,58.11000061035156,58.119998931884766,57.31999969482422,57.52000045776367,1608900
2016-06-24,46.03118515014648,55.040000915527344,56.369998931884766,54.75,54.90999984741211,8490000
2016-06-27,43.94873428344727,52.54999923706055,54.18000030517578,52.16999816894531,53.86000061035156,3599600
2016-06-28,45.42066955566406,54.310001373291016,54.31999969482422,53.11000061035156,53.52999877929688,3244200
2016-06-29,46.516231536865234,55.619998931884766,55.650001525878906,54.61000061035156,54.68999862670898,2484700
2016-06-30,47.36929321289063,56.63999938964844,56.68999862670898,55.400001525878906,55.75,2573300
2016-07-01,47.36091995239258,56.630001068115234,56.91999816894531,55.84999847412109,56.150001525878906,1910900
2016-07-05,46.29879760742188,55.36000061035156,56.400001525878906,55.040000915527344,55.9900016784668,1711600
2016-07-06,46.3824462890625,55.459999084472656,55.59999847412109,54.54999923706055,55.150001525878906,1434000
2016-07-07,46.79222106933594,55.95000076293945,56.36000061035156,55.290000915527344,55.4900016784668,1382000
2016-07-08,48.28923797607422,57.7400016784668,57.790000915527344,56.43000030517578,56.5099983215332,2287100
2016-07-11,48.715763092041016,58.25,58.54999923706055,57.84000015258789,57.9900016784668,1788500
2016-07-12,49.334659576416016,58.9900016784668,59.02999877929688,58.2599983215332,58.68000030517578,1309500
2016-07-13,49.77790451049805,59.52000045776367,59.619998931884766,58.9900016784668,59.27000045776367,2477700
2016-07-14,50.19606018066406,60.02000045776367,60.18000030517578,59.66999816894531,60.0,1721700
2016-07-15,50.30479049682617,60.150001525878906,60.25,59.970001220703125,60.25,1984700
2016-07-18,50.538970947265625,60.43000030517578,60.83000183105469,60.2599983215332,60.5,1836800
2016-07-19,50.40514373779297,60.27000045776367,60.47999954223633,59.88999938964844,60.09000015258789,1366100
2016-07-20,50.75639724731445,60.68999862670898,60.91999816894531,60.150001525878906,60.43000030517578,1397800
2016-07-21,50.137508392333984,59.95000076293945,60.650001525878906,59.720001220703125,60.650001525878906,1379500
2016-07-22,50.513858795166016,60.400001525878906,60.43999862670898,59.65999984741211,60.04999923706055,823700
2016-07-25,50.6225814819336,60.52999877929688,60.59000015258789,60.20000076293945,60.4900016784668,1195600
2016-07-26,52.57958221435547,62.869998931884766,64.22000122070312,61.08000183105469,61.150001525878906,5046000
2016-07-27,52.964298248291016,63.33000183105469,66.91000366210938,62.95000076293945,66.77999877929688,14963000
2016-07-28,53.70861053466797,64.22000122070312,64.38999938964844,62.75,63.459999084472656,4724100
2016-07-29,53.3824577331543,63.83000183105469,64.44000244140625,63.5,64.19999694824219,3241900
2016-08-01,53.50789260864258,63.97999954223633,64.31999969482422,63.540000915527344,64.19000244140625,2669100
2016-08-02,52.55448532104492,62.84000015258789,63.84000015258789,62.4900016784668,63.77999877929688,2740500
2016-08-03,52.57958221435547,62.869998931884766,63.58000183105469,62.2400016784668,62.650001525878906,1899900
2016-08-04,52.97265625,63.34000015258789,63.38999938964844,62.70000076293945,63.06999969482422,1783800
2016-08-05,53.265357971191406,63.68999862670898,63.72999954223633,63.06999969482422,63.5,1843000
2016-08-08,53.05629348754883,63.43999862670898,63.93999862670898,63.290000915527344,63.83000183105469,1839200
2016-08-09,53.37408447265625,63.81999969482422,64.1500015258789,63.630001068115234,63.880001068115234,1933800
2016-08-10,53.3490104675293,63.790000915527344,64.0,63.15999984741211,64.0,2054900
2016-08-11,53.641700744628906,64.13999938964844,64.13999938964844,62.869998931884766,63.9900016784668,1324900
2016-08-12,53.725341796875,64.23999786376953,64.36000061035156,63.77000045776367,64.05999755859375,1357800
2016-08-15,54.58675765991211,65.2699966430664,65.48999786376953,64.23999786376953,64.23999786376953,2534100
2016-08-16,54.26058197021485,64.87999725341797,65.1500015258789,64.58999633789062,65.1500015258789,2475600
2016-08-17,53.69188690185547,64.19999694824219,64.83999633789062,63.15999984741211,64.26000213623047,3247300
2016-08-18,53.63335037231445,64.12999725341797,64.8499984741211,63.75,64.30000305175781,2130600
2016-08-19,53.641700744628906,64.13999938964844,64.58000183105469,63.83000183105469,63.91999816894531,1964600
2016-08-22,53.390811920166016,63.84000015258789,64.41000366210938,63.75,64.4000015258789,1942000
2016-08-23,53.35735702514648,63.79999923706055,64.73999786376953,63.790000915527344,64.37999725341797,1936000
2016-08-24,52.784889221191406,62.70000076293945,63.84000015258789,62.70000076293945,63.59000015258789,2613100
2016-08-25,52.80173110961914,62.720001220703125,63.040000915527344,62.560001373291016,62.81999969482422,2336700
2016-08-26,53.00376892089844,62.959999084472656,63.52999877929688,62.56999969482422,63.0,2144400
2016-08-29,52.9448471069336,62.88999938964844,63.45000076293945,62.810001373291016,63.09000015258789,1512900
2016-08-30,52.9532585144043,62.900001525878906,63.34999847412109,62.650001525878906,63.060001373291016,1432500
2016-08-31,52.66704559326172,62.560001373291016,62.970001220703125,62.36000061035156,62.900001525878906,1860600
2016-09-01,53.08795928955078,63.060001373291016,63.06999969482422,61.59999847412109,62.09999847412109,1814000
2016-09-02,53.16373825073242,63.150001525878906,63.52999877929688,62.90999984741211,63.290000915527344,1989300
2016-09-06,52.81015396118164,62.72999954223633,63.43000030517578,62.5099983215332,63.2400016784668,1779400
2016-09-07,51.90094757080078,61.650001525878906,62.86000061035156,61.43999862670898,62.540000915527344,2215400
2016-09-08,51.69889450073242,61.40999984741211,61.79999923706055,61.119998931884766,61.65999984741211,2025800
2016-09-09,50.19194793701172,59.619998931884766,61.119998931884766,59.369998931884766,60.83000183105469,3609600
2016-09-12,51.033817291259766,60.619998931884766,60.66999816894531,59.0099983215332,59.130001068115234,2520700
2016-09-13,50.89069366455078,60.45000076293945,60.869998931884766,59.93999862670898,60.38999938964844,3161700
2016-09-14,51.28637313842773,60.91999816894531,61.18000030517578,60.119998931884766,60.5099983215332,1906400
2016-09-15,52.7428092956543,62.650001525878906,62.720001220703125,60.869998931884766,60.880001068115234,3235500
2016-09-16,52.2376823425293,62.04999923706055,62.84999847412109,61.459999084472656,62.77000045776367,2947800
2016-09-19,52.58284378051758,62.459999084472656,63.04999923706055,62.209999084472656,62.41999816894531,2167200
2016-09-20,52.48181915283203,62.34000015258789,62.90999984741211,62.25,62.68999862670898,2304200
2016-09-21,53.29001235961914,63.29999923706055,63.400001525878906,62.52000045776367,62.59999847412109,2042300
2016-09-22,53.60992050170898,63.68000030517578,64.0199966430664,63.369998931884766,63.88999938964844,2323900
2016-09-23,53.23109436035156,63.22999954223633,63.81999969482422,63.22999954223633,63.70000076293945,3185500
2016-09-26,52.43131637573242,62.27999877929688,62.97999954223633,62.220001220703125,62.790000915527344,3196400
2016-09-27,53.719364166259766,63.810001373291016,63.93000030517578,61.810001373291016,62.27999877929688,2551000
2016-09-28,53.82039642333984,63.93000030517578,64.12999725341797,63.27000045776367,64.0199966430664,2313200
2016-09-29,53.66044616699219,63.7400016784668,64.2699966430664,62.93000030517578,63.9900016784668,1820100
2016-09-30,54.25814437866211,64.44999694824219,64.97000122070312,63.40999984741211,64.13999938964844,3104700
2016-10-03,54.08977890014648,64.25,64.73999786376953,64.05999755859375,64.29000091552734,1921100
2016-10-04,54.08136367797852,64.23999786376953,64.93000030517578,63.97999954223633,64.20999908447266,1571300
2016-10-05,54.4517822265625,64.68000030517578,65.18000030517578,63.79999923706055,64.4800033569336,2089100
2016-10-06,54.50229263305664,64.73999786376953,64.83000183105469,64.04000091552734,64.5999984741211,1355300
2016-10-07,54.23289108276367,64.41999816894531,64.62000274658203,63.7400016784668,64.62000274658203,1851900
2016-10-10,53.33210372924805,63.34999847412109,64.87999725341797,63.34000015258789,64.77999877929688,2117300
2016-10-11,52.27976608276367,62.09999847412109,63.650001525878906,61.63999938964844,63.310001373291016,3533100
2016-10-12,51.513668060302734,61.18999862670898,62.15999984741211,60.70000076293945,62.150001525878906,3305100
2016-10-13,51.10958099365234,60.709999084472656,60.86000061035156,59.540000915527344,60.79999923706055,3570700
2016-10-14,52.24610137939453,62.060001373291016,62.709999084472656,60.970001220703125,61.11000061035156,3834700
2016-10-17,51.94303512573242,61.70000076293945,62.290000915527344,61.33000183105469,61.650001525878906,2475900
2016-10-18,52.31344223022461,62.13999938964844,62.84000015258789,62.02000045776367,62.33000183105469,2759200
2016-10-19,52.11983108520508,61.90999984741211,62.06999969482422,61.27000045776367,61.84000015258789,1380400
2016-10-20,53.43312454223633,63.470001220703125,63.68000030517578,61.66999816894531,62.27999877929688,4556300
2016-10-21,52.961692810058594,62.90999984741211,63.33000183105469,62.220001220703125,63.130001068115234,1827100
2016-10-24,53.89615249633789,64.0199966430664,64.05000305175781,63.43999862670898,63.52999877929688,1316300
2016-10-25,53.92982482910156,64.05999755859375,64.26000213623047,63.7400016784668,64.0199966430664,3078000
2016-10-26,53.40788269042969,63.43999862670898,63.75,63.09999847412109,63.56999969482422,2576100
2016-10-27,53.26475143432617,63.27000045776367,64.16000366210938,63.060001373291016,63.869998931884766,2067200
2016-10-28,53.48363494873047,63.52999877929688,64.29000091552734,63.34999847412109,63.45000076293945,2412200
2016-10-31,53.96350860595703,64.0999984741211,64.44000244140625,63.7400016784668,64.04000091552734,2175500
2016-11-01,53.54256820678711,63.59999847412109,64.4000015258789,62.84000015258789,64.4000015258789,3643400
2016-11-02,53.59308624267578,63.65999984741211,64.18000030517578,63.400001525878906,63.790000915527344,2359000
2016-11-03,53.7530403137207,63.84999847412109,64.02999877929688,63.34000015258789,63.75,2329000
2016-11-04,53.39946365356445,63.43000030517578,64.0199966430664,62.88999938964844,62.88999938964844,2136500
2016-11-07,54.18238830566406,64.36000061035156,64.55000305175781,63.959999084472656,64.52999877929688,2982700
2016-11-08,54.59490966796875,64.8499984741211,65.4000015258789,63.709999084472656,64.08000183105469,2224500
2016-11-09,54.6959228515625,64.97000122070312,65.29000091552734,62.5,63.08000183105469,2448800
2016-11-10,54.08977890014648,64.25,65.97000122070312,63.45000076293945,65.20999908447266,2189000
2016-11-11,54.99057769775391,65.31999969482422,65.44000244140625,64.11000061035156,64.29000091552734,2172200
2016-11-14,55.950294494628906,66.45999908447266,66.83000183105469,65.33000183105469,65.41999816894531,4326300
2016-11-15,57.4235725402832,68.20999908447266,68.48999786376953,66.47000122070312,66.7300033569336,3345000
2016-11-16,57.14576721191406,67.87999725341797,68.5,67.68000030517578,68.13999938964844,3532300
2016-11-17,57.4235725402832,68.20999908447266,68.31999969482422,67.37999725341797,67.88999938964844,1610800
2016-11-18,57.64243316650391,68.47000122070312,68.58000183105469,67.62000274658203,67.91999816894531,1580100
2016-11-21,58.77893829345703,69.81999969482422,69.91000366210938,68.70999908447266,68.75,3583500
2016-11-22,61.36348342895508,72.88999938964844,74.87000274658203,72.5199966430664,73.05000305175781,7844300
2016-11-23,61.9527702331543,73.58999633789062,74.11000061035156,72.61000061035156,73.66999816894531,5922900
2016-11-25,62.46634292602539,74.19999694824219,74.31999969482422,72.91000366210938,73.44999694824219,1998300
2016-11-28,62.43266677856445,74.16000366210938,74.45999908447266,73.52999877929688,74.01000213623047,3126700
2016-11-29,62.744140625,74.52999877929688,74.86000061035156,73.44999694824219,74.16999816894531,2918000
2016-11-30,62.85420227050781,74.23999786376953,74.75,73.62000274658203,74.36000061035156,3803300
2016-12-01,58.426307678222656,69.01000213623047,74.18000030517578,68.66999816894531,73.55999755859375,5518200
2016-12-02,59.35759735107422,70.11000061035156,70.26000213623047,68.41999816894531,68.66000366210938,3248100
2016-12-05,59.7724609375,70.5999984741211,71.2300033569336,70.1500015258789,70.83999633789062,2445000
2016-12-06,60.111122131347656,71.0,71.5,70.26000213623047,71.0199966430664,2196800
2016-12-07,61.75358963012695,72.94000244140625,72.95999908447266,70.5199966430664,70.9800033569336,2648400
2016-12-08,62.549415588378906,73.87999725341797,74.25,72.75,72.98999786376953,2153600
2016-12-09,61.92292022705078,73.13999938964844,74.81999969482422,72.48999786376953,74.54000091552734,2106700
2016-12-12,61.7197265625,72.9000015258789,73.26000213623047,72.19999694824219,72.8499984741211,2194600
2016-12-13,61.88904571533203,73.0999984741211,73.7300033569336,72.79000091552734,73.11000061035156,2171900
2016-12-14,61.4149284362793,72.54000091552734,73.43000030517578,72.29000091552734,73.2300033569336,2482200
2016-12-15,62.32084655761719,73.61000061035156,73.94000244140625,72.54000091552734,72.80999755859375,2165700
2016-12-16,61.03396987915039,72.08999633789062,74.0,71.97000122070312,73.7699966430664,5131300
2016-12-19,61.64352416992188,72.80999755859375,73.0,72.1500015258789,72.41000366210938,1947700
2016-12-20,62.14303588867188,73.4000015258789,73.58999633789062,72.80999755859375,72.91999816894531,1729600
2016-12-21,62.31238555908203,73.5999984741211,74.29000091552734,73.2699966430664,73.69000244140625,1868000
2016-12-22,62.18537521362305,73.44999694824219,73.94999694824219,73.01000213623047,73.88999938964844,1680600
2016-12-23,62.515567779541016,73.83999633789062,73.87000274658203,73.33999633789062,73.37000274658203,1229100
2016-12-27,62.91348648071289,74.30999755859375,74.62000274658203,73.80999755859375,73.80999755859375,897000
2016-12-28,62.27848052978516,73.55999755859375,74.5999984741211,73.52999877929688,74.54000091552734,1851000
2016-12-29,62.29543685913086,73.58000183105469,73.87999725341797,73.2300033569336,73.37999725341797,1331000
2016-12-30,61.48267364501953,72.62000274658203,74.0199966430664,72.38999938964844,73.80000305175781,1758500
2017-01-03,61.38954544067383,72.51000213623047,74.12999725341797,72.08999633789062,72.5999984741211,2687200
2017-01-04,61.26253890991211,72.36000061035156,73.02999877929688,72.25,72.7699966430664,1971000
2017-01-05,60.38203811645508,71.31999969482422,72.61000061035156,71.27999877929688,72.41000366210938,2067300
2017-01-06,60.61908721923828,71.5999984741211,71.94999694824219,71.0,71.58000183105469,2069700
2017-01-09,60.906959533691406,71.94000244140625,72.51000213623047,71.5199966430664,71.63999938964844,2399500
2017-01-10,61.25407409667969,72.3499984741211,72.51000213623047,71.8499984741211,71.87000274658203,2403200
2017-01-11,61.48267364501953,72.62000274658203,72.66000366210938,72.06999969482422,72.2699966430664,1580900
2017-01-12,61.14400100708008,72.22000122070312,72.41999816894531,71.0,72.41999816894531,2099200
2017-01-13,61.52499771118164,72.66999816894531,72.87999725341797,72.11000061035156,72.36000061035156,1509100
2017-01-17,61.19482421875,72.27999877929688,73.41000366210938,71.8499984741211,72.2300033569336,2374600
2017-01-18,61.81286239624024,73.01000213623047,73.62999725341797,72.22000122070312,72.63999938964844,2107100
2017-01-19,61.33024978637695,72.44000244140625,73.38999938964844,72.29000091552734,72.87999725341797,1988200
2017-01-20,61.70278549194336,72.87999725341797,73.6500015258789,72.08999633789062,72.08999633789062,1811600
2017-01-23,61.61813354492188,72.77999877929688,73.23999786376953,72.41000366210938,72.73999786376953,2205600
2017-01-24,62.23617172241211,73.51000213623047,73.68000030517578,72.55999755859375,73.01000213623047,3312900
2017-01-25,63.10820007324219,74.54000091552734,75.58999633789062,74.51000213623047,74.69000244140625,3944300
2017-01-26,62.82033920288086,74.19999694824219,74.54000091552734,73.7699966430664,74.37000274658203,4172100
2017-01-27,65.13165283203125,76.93000030517578,76.94000244140625,74.25,74.55000305175781,3820600
2017-01-30,64.58135986328125,76.27999877929688,76.76000213623047,75.2300033569336,76.76000213623047,2476300
2017-01-31,63.44685745239258,74.94000244140625,76.19000244140625,74.5999984741211,76.13999938964844,2609900
2017-02-01,64.48820495605469,76.16999816894531,76.7300033569336,75.41999816894531,75.76000213623047,2588600
2017-02-02,63.69239807128906,75.2300033569336,76.02999877929688,75.13999938964844,75.66000366210938,2490000
2017-02-03,63.93791961669922,75.5199966430664,75.7300033569336,75.26000213623047,75.5199966430664,2143100
2017-02-06,63.946380615234375,75.52999877929688,75.6500015258789,74.94000244140625,75.6500015258789,1789200
2017-02-07,64.60673522949219,76.30999755859375,76.58000183105469,75.38999938964844,75.69000244140625,2136100
2017-02-08,65.59732818603516,77.4800033569336,77.75,76.77999877929688,77.0,3397800
2017-02-09,64.77607727050781,76.51000213623047,77.7699966430664,76.4800033569336,77.7699966430664,2192300
2017-02-10,64.79299926757812,76.52999877929688,76.77999877929688,75.54000091552734,76.77999877929688,1667900
2017-02-13,65.96983337402344,77.91999816894531,78.02999877929688,76.80999755859375,77.01000213623047,2637600
2017-02-14,65.90209197998047,77.83999633789062,77.97000122070312,77.06999969482422,77.83999633789062,2589600
2017-02-15,69.08544921875,81.5999984741211,81.62999725341797,77.95999908447266,80.80000305175781,7032700
2017-02-16,69.39871215820312,81.97000122070312,82.56999969482422,80.75,81.0,3465000
2017-02-17,69.83050537109375,82.4800033569336,82.5,81.4800033569336,81.80000305175781,2933200
2017-02-21,70.11833953857422,82.81999969482422,82.87000274658203,81.98999786376953,82.5,2375600
2017-02-22,69.85444641113281,82.05999755859375,82.38999938964844,81.5199966430664,82.30999755859375,3679500
2017-02-23,69.47136688232422,81.61000061035156,82.16000366210938,81.02999877929688,82.1500015258789,2277500
2017-02-24,69.53096008300781,81.68000030517578,81.69999694824219,80.81999969482422,80.97000122070312,2841100
2017-02-27,70.04171752929688,82.27999877929688,82.43000030517578,81.23999786376953,81.6500015258789,1793100
2017-02-28,69.74378967285156,81.93000030517578,82.23999786376953,81.58000183105469,82.18000030517578,2045400
2017-03-01,71.30160522460938,83.76000213623047,83.79000091552734,82.1500015258789,82.44999694824219,2265100
2017-03-02,71.20797729492188,83.6500015258789,84.08000183105469,83.04000091552734,83.38999938964844,2714300
2017-03-03,70.807861328125,83.18000030517578,83.6500015258789,83.04000091552734,83.62000274658203,2357200
2017-03-06,71.37820434570312,83.8499984741211,84.23999786376953,82.3499984741211,83.0,3717400
2017-03-07,71.003662109375,83.41000366210938,84.16999816894531,83.20999908447266,83.69999694824219,2892700
2017-03-08,71.0632553100586,83.4800033569336,83.8499984741211,83.18000030517578,83.7699966430664,2381400
2017-03-09,70.79934692382812,83.16999816894531,83.66000366210938,82.80000305175781,83.37999725341797,2005300
2017-03-10,69.97364044189453,82.19999694824219,83.87000274658203,82.02999877929688,83.87000274658203,7495200
2017-03-13,70.45032501220703,82.76000213623047,82.98999786376953,82.05000305175781,82.1500015258789,4873800
2017-03-14,71.2334976196289,83.68000030517578,83.7300033569336,82.4000015258789,82.5199966430664,4881100
2017-03-15,71.08877563476562,83.51000213623047,83.66999816894531,82.55999755859375,83.44999694824219,4499200
2017-03-16,70.4162826538086,82.72000122070312,83.5,82.41000366210938,83.29000091552734,4107700
2017-03-17,70.8759765625,83.26000213623047,83.33999633789062,82.7300033569336,83.30999755859375,4184000
2017-03-20,70.56954956054688,82.9000015258789,83.69999694824219,82.87999725341797,83.26000213623047,2714000
2017-03-21,69.63312530517578,81.80000305175781,83.45999908447266,81.69000244140625,83.25,3316600
2017-03-22,69.90553283691406,82.12000274658203,82.26000213623047,81.6500015258789,81.83999633789062,2604300
2017-03-23,69.41179656982422,81.54000091552734,82.33000183105469,81.30999755859375,82.23999786376953,3395000
2017-03-24,69.4969482421875,81.63999938964844,82.94999694824219,81.4000015258789,81.86000061035156,2223500
2017-03-27,69.29261016845703,81.4000015258789,81.54000091552734,80.38999938964844,81.0,2450700
2017-03-28,69.97364044189453,82.19999694824219,82.51000213623047,81.06999969482422,81.30999755859375,2916400
2017-03-29,69.72677612304688,81.91000366210938,82.22000122070312,81.47000122070312,81.88999938964844,2040500
2017-03-30,69.97364044189453,82.19999694824219,82.61000061035156,81.62999725341797,81.87000274658203,1337700
2017-03-31,69.76081085205078,81.94999694824219,82.4800033569336,81.7699966430664,82.05000305175781,2337300
2017-04-03,69.15641784667969,81.23999786376953,82.2699966430664,80.86000061035156,82.0199966430664,3084400
2017-04-04,69.15641784667969,81.23999786376953,81.38999938964844,80.5,80.80999755859375,5040800
2017-04-05,68.13491821289062,80.04000091552734,81.6500015258789,80.0,81.58999633789062,3513800
2017-04-06,68.37326049804688,80.31999969482422,80.66000366210938,79.58999633789062,80.11000061035156,3970800
2017-04-07,68.10936737060547,80.01000213623047,80.58999633789062,79.6500015258789,80.30000305175781,3308900
2017-04-10,67.53048706054688,79.33000183105469,80.12000274658203,79.19000244140625,80.0,2907000
2017-04-11,66.46642303466797,78.08000183105469,78.94999694824219,76.94000244140625,78.94000244140625,6040200
2017-04-12,65.43641662597656,76.87000274658203,78.44999694824219,76.62999725341797,78.2699966430664,2904100
2017-04-13,65.12996673583984,76.51000213623047,77.8499984741211,76.47000122070312,76.87000274658203,2223200
2017-04-17,65.02783203125,76.38999938964844,77.19999694824219,76.1500015258789,76.77999877929688,2462200
2017-04-18,65.89610290527344,77.41000366210938,77.52999877929688,75.81999969482422,75.83000183105469,3342500
2017-04-19,65.5385513305664,76.98999786376953,78.19999694824219,76.93000030517578,77.69000244140625,2625500
2017-04-20,66.96017456054688,78.66000366210938,78.88999938964844,77.19999694824219,77.5199966430664,2898900
2017-04-21,66.0833740234375,77.62999725341797,78.18000030517578,76.41000366210938,77.19999694824219,4476600
2017-04-24,67.4368667602539,79.22000122070312,80.06999969482422,78.98999786376953,79.47000122070312,2993600
2017-04-25,67.54753112792969,79.3499984741211,79.7300033569336,78.94999694824219,79.4000015258789,2570300
2017-04-26,66.38131713867188,77.9800033569336,79.45999908447266,77.58000183105469,79.41000366210938,2998700
2017-04-27,66.2706527709961,77.8499984741211,78.87999725341797,77.55999755859375,78.6500015258789,2375300
2017-04-28,64.86605072021484,76.19999694824219,77.9800033569336,75.95999908447266,77.86000061035156,4316400
2017-05-01,64.88308715820312,76.22000122070312,76.41999816894531,74.6500015258789,75.05000305175781,4571800
2017-05-02,64.2786865234375,75.51000213623047,76.48999786376953,75.30000305175781,76.4800033569336,5528100
2017-05-03,64.35531616210938,75.5999984741211,75.86000061035156,75.16000366210938,75.30999755859375,3132000
2017-05-04,64.40640258789062,75.66000366210938,76.16999816894531,75.20999908447266,75.73999786376953,2300600
2017-05-05,64.51705932617188,75.79000091552734,75.87000274658203,75.2699966430664,75.77999877929688,3283400
2017-05-08,65.01927947998047,76.37999725341797,76.58999633789062,75.36000061035156,75.66000366210938,5040200
2017-05-09,66.82395935058594,78.5,79.19000244140625,76.7699966430664,76.83000183105469,5265300
2017-05-10,67.27513122558594,79.02999877929688,80.01000213623047,78.62000274658203,79.51000213623047,3944400
2017-05-11,66.77288055419922,78.44000244140625,79.25,77.80999755859375,78.7300033569336,2288800
2017-05-12,66.93461608886719,78.62999725341797,79.04000091552734,78.45999908447266,78.62000274658203,1975300
2017-05-15,68.27961730957031,80.20999908447266,80.37000274658203,78.80999755859375,79.16999816894531,4034200
2017-05-16,68.99467468261719,81.05000305175781,81.30999755859375,80.08000183105469,80.44999694824219,3011900
2017-05-17,66.75585174560547,78.41999816894531,80.2699966430664,78.37000274658203,80.0199966430664,3592000
2017-05-18,68.50945281982422,80.4800033569336,81.31999969482422,79.02999877929688,79.5199966430664,5026600
2017-05-19,69.15641784667969,81.23999786376953,82.2699966430664,80.6500015258789,80.6500015258789,4024400
2017-05-22,69.8799819946289,82.08999633789062,82.36000061035156,81.43000030517578,81.56999969482422,2009500
2017-05-23,69.76930236816406,81.95999908447266,82.31999969482422,80.9000015258789,82.08999633789062,2146500
2017-05-24,69.90553283691406,82.12000274658203,82.58000183105469,81.66999816894531,82.45999908447266,1749100
2017-05-25,70.09281158447266,82.33999633789062,82.94999694824219,81.73999786376953,82.31999969482422,4015000
2017-05-26,70.49290466308594,82.80999755859375,82.88999938964844,81.94000244140625,82.5,1910600
2017-05-30,72.18692016601562,84.80000305175781,85.16999816894531,83.0,83.0,6744900
2017-05-31,73.0041275024414,85.76000213623047,90.48999786376952,85.76000213623047,88.98999786376953,14864300
2017-06-01,69.98212432861328,82.20999908447266,86.31999969482422,81.9000015258789,86.27999877929688,11366000
2017-06-02,68.8755111694336,80.91000366210938,82.13999938964844,79.91999816894531,81.61000061035156,8927600
2017-06-05,67.03678894042969,78.75,81.30000305175781,78.26000213623047,81.01000213623047,8580200
2017-06-06,68.18599700927734,80.0999984741211,80.44000244140625,78.61000061035156,78.61000061035156,5486300
2017-06-07,69.19613647460938,80.83000183105469,81.0999984741211,80.12999725341797,80.1500015258789,3913700
2017-06-08,70.57440185546875,82.44000244140625,82.51000213623047,80.33999633789062,81.30000305175781,3754700
2017-06-09,67.28711700439453,78.5999984741211,82.9800033569336,77.58000183105469,82.93000030517578,4941900
2017-06-12,68.26302337646484,79.73999786376953,80.47000122070312,77.93000030517578,78.01000213623047,5528600
2017-06-13,69.53856658935547,81.2300033569336,81.7300033569336,80.1500015258789,80.1500015258789,4063400
2017-06-14,69.2903060913086,80.94000244140625,81.86000061035156,79.9800033569336,81.69000244140625,3173900
2017-06-15,68.2715835571289,79.75,80.75,79.54000091552734,79.77999877929688,2986100
2017-06-16,68.51985931396484,80.04000091552734,80.2300033569336,78.97000122070312,80.18000030517578,5700600
2017-06-19,68.80233764648438,80.37000274658203,81.25,79.83999633789062,81.0,3118000
2017-06-20,67.8007583618164,79.19999694824219,81.6500015258789,79.18000030517578,80.27999877929688,3918100
2017-06-21,68.46849822998047,79.9800033569336,80.20999908447266,79.0,79.5,3525100
2017-06-22,69.61563110351562,81.31999969482422,81.66999816894531,80.0,80.80000305175781,4364500
2017-06-23,69.81250762939453,81.55000305175781,82.13999938964844,80.9000015258789,81.16000366210938,10736900
2017-06-26,68.97356414794922,80.56999969482422,82.0999984741211,79.91000366210938,81.94999694824219,2536500
2017-06-27,66.89331817626953,78.13999938964844,80.55000305175781,77.81999969482422,80.13999938964844,4009800
2017-06-28,67.8007583618164,79.19999694824219,79.38999938964844,77.86000061035156,78.55000305175781,2721300
2017-06-29,66.5508804321289,77.73999786376953,79.12000274658203,76.18000030517578,78.94000244140625,3580600
2017-06-30,66.60224914550781,77.80000305175781,78.33000183105469,77.22000122070312,78.30000305175781,2193600
2017-07-03,65.15550994873047,76.11000061035156,78.55000305175781,76.06999969482422,78.2699966430664,1368100
2017-07-05,66.5508804321289,77.73999786376953,78.11000061035156,76.37999725341797,76.48999786376953,2767400
2017-07-06,66.19990539550781,77.33000183105469,77.7300033569336,76.51000213623047,76.91000366210938,2898000
2017-07-07,67.17583465576172,78.47000122070312,78.8499984741211,77.5,77.63999938964844,2803700
2017-07-10,67.39839935302734,78.7300033569336,78.86000061035156,77.76000213623047,78.51000213623047,2167800
2017-07-11,68.36575317382812,79.86000061035156,80.36000061035156,78.2699966430664,78.94999694824219,2763000
2017-07-12,68.80233764648438,80.37000274658203,81.16999816894531,80.02999877929688,80.4000015258789,2590800
2017-07-13,68.71673583984375,80.2699966430664,80.75,79.86000061035156,80.31999969482422,1709300
2017-07-14,69.81250762939453,81.55000305175781,81.69000244140625,80.51000213623047,80.72000122070312,2153600
2017-07-17,69.4187240600586,81.08999633789062,81.8499984741211,80.94000244140625,81.61000061035156,1483000
2017-07-18,69.46153259277344,81.13999938964844,81.19000244140625,80.1500015258789,80.95999908447266,1686000
2017-07-19,68.80233764648438,80.37000274658203,81.37999725341797,80.12000274658203,81.3499984741211,2810300
2017-07-20,69.21324920654297,80.8499984741211,80.88999938964844,79.98999786376953,80.3499984741211,1804800
2017-07-21,67.59526824951172,78.95999908447266,80.22000122070312,78.43000030517578,80.06999969482422,3122500
2017-07-24,67.41551208496094,78.75,79.45999908447266,78.41999816894531,78.95999908447266,1924700
2017-07-25,68.07469177246094,79.5199966430664,80.0999984741211,78.44999694824219,78.79000091552734,1865700
2017-07-26,69.10198974609375,80.72000122070312,81.30000305175781,79.80000305175781,80.13999938964844,2298100
2017-07-27,68.10039520263672,79.55000305175781,81.27999877929688,78.95999908447266,80.83000183105469,2683400
2017-07-28,67.83499145507812,79.23999786376953,79.37000274658203,78.48999786376953,79.23999786376953,1677700
2017-07-31,67.63809204101562,79.01000213623047,79.93000030517578,78.94000244140625,79.45999908447266,2199700
2017-08-01,67.58674621582031,78.94999694824219,79.47000122070312,78.63999938964844,79.2300033569336,1728100
2017-08-02,67.47545623779297,78.81999969482422,79.6500015258789,78.36000061035156,79.48999786376953,2250800
2017-08-03,66.72209930419922,77.94000244140625,78.98999786376953,77.7300033569336,78.66999816894531,2162900
2017-08-04,66.58512115478516,77.77999877929688,78.4000015258789,77.52999877929688,78.08999633789062,2382200
2017-08-07,67.51824188232422,78.87000274658203,79.6500015258789,77.76000213623047,79.6500015258789,2047900
2017-08-08,67.60383605957031,78.97000122070312,79.87999725341797,78.41000366210938,78.66000366210938,1894200
2017-08-09,66.75633239746094,77.9800033569336,78.6500015258789,77.41999816894531,78.5199966430664,1979000
2017-08-10,65.77186584472656,76.83000183105469,77.94999694824219,76.6500015258789,77.47000122070312,2355400
2017-08-11,66.8077163696289,78.04000091552734,78.29000091552734,76.41000366210938,76.76000213623047,1919400
2017-08-14,68.40000915527344,79.9000015258789,80.16000366210938,78.56999969482422,78.66000366210938,2230200
2017-08-15,68.45136260986328,79.95999908447266,80.37000274658203,79.27999877929688,79.93000030517578,1784200
2017-08-16,68.53697204589844,80.05999755859375,80.9000015258789,79.79000091552734,80.01000213623047,2147200
2017-08-17,66.39679718017578,77.55999755859375,79.88999938964844,77.55000305175781,79.80000305175781,2064500
2017-08-18,66.5508804321289,77.73999786376953,78.06999969482422,77.02999877929688,77.5999984741211,1884400
2017-08-21,66.51664733886719,77.69999694824219,77.98999786376953,76.94999694824219,77.80999755859375,1461300
2017-08-22,67.77507019042969,79.16999816894531,79.30000305175781,78.08999633789062,78.12000274658203,1735400
2017-08-23,67.68946075439453,79.06999969482422,79.30000305175781,78.12000274658203,78.5,1597900
2017-08-24,67.86065673828125,79.2699966430664,79.44000244140625,78.83000183105469,79.3499984741211,1316900
2017-08-25,67.60383605957031,78.97000122070312,79.83999633789062,78.80999755859375,79.56999969482422,1006600
2017-08-28,68.00621795654297,79.44000244140625,79.70999908447266,79.19999694824219,79.20999908447266,1888500
2017-08-29,68.10039520263672,79.55000305175781,79.81999969482422,78.54000091552734,78.69000244140625,2737200
2017-08-30,71.67017364501953,83.72000122070312,83.88999938964844,81.23999786376953,82.12999725341797,6868400
2017-08-31,71.62736511230469,83.66999816894531,85.0,83.4000015258789,84.33999633789062,5136800
2017-09-01,72.23518371582031,84.37999725341797,85.18000030517578,83.5999984741211,83.97000122070312,2647300
2017-09-05,71.05384063720703,83.0,84.0999984741211,82.01000213623047,83.73999786376953,2890500
2017-09-06,70.63433837890625,82.51000213623047,83.55999755859375,82.22000122070312,83.20999908447266,3021700
2017-09-07,69.80801391601562,81.0999984741211,82.68000030517578,80.80000305175781,82.6500015258789,3993100
2017-09-08,69.23992156982422,80.44000244140625,81.58999633789062,80.0999984741211,81.20999908447266,2695200
2017-09-11,70.7720718383789,82.22000122070312,82.69000244140625,80.80999755859375,80.80999755859375,4105000
2017-09-12,70.7118148803711,82.1500015258789,82.80000305175781,81.48999786376953,82.62999725341797,2657200
2017-09-13,70.63431549072266,82.05999755859375,82.38999938964844,81.69999694824219,81.83000183105469,1964200
2017-09-14,70.87535095214844,82.33999633789062,83.13999938964844,81.70999908447266,81.75,2226100
2017-09-15,72.16648864746094,83.83999633789062,84.05999755859375,82.19000244140625,82.37000274658203,2923800
2017-09-18,73.31133270263672,85.16999816894531,85.54000091552734,84.06999969482422,85.0,3348500
2017-09-19,73.37158966064453,85.23999786376953,85.70999908447266,84.33000183105469,85.20999908447266,1790900
2017-09-20,72.0373764038086,83.69000244140625,85.29000091552734,82.91000366210938,85.20999908447266,2171800
2017-09-21,72.51078796386719,84.23999786376953,84.37999725341797,83.08999633789062,83.5199966430664,2885200
2017-09-22,73.09613800048828,84.91999816894531,85.23999786376953,83.75,83.80999755859375,2097700
2017-09-25,72.20094299316406,83.87999725341797,85.0,83.62000274658203,84.47000122070312,1923100
2017-09-26,72.22675323486328,83.91000366210938,84.66000366210938,83.5999984741211,84.58000183105469,1281400
2017-09-27,73.09613800048828,84.91999816894531,85.2300033569336,83.80999755859375,84.56999969482422,1513000
2017-09-28,73.71588134765625,85.63999938964844,85.77999877929688,84.44999694824219,84.58999633789062,1570100
2017-09-29,74.17208099365234,86.16999816894531,86.41000366210938,85.58000183105469,85.68000030517578,1712500
2017-10-02,73.87080383300781,85.81999969482422,86.7699966430664,85.68000030517578,86.58999633789062,1688500
2017-10-03,73.9396743774414,85.9000015258789,86.52999877929688,85.83999633789062,85.95999908447266,2215100
2017-10-04,74.88652038574219,87.0,87.08000183105469,85.58000183105469,85.75,2533900
2017-10-05,75.652587890625,87.88999938964844,88.3499984741211,86.69999694824219,87.0999984741211,2683500
2017-10-06,75.63539123535156,87.87000274658203,87.98999786376953,87.4000015258789,87.48999786376953,1118500
2017-10-09,75.4976577758789,87.70999908447266,88.2699966430664,87.27999877929688,87.95999908447266,1748400
2017-10-10,75.73865509033203,87.98999786376953,88.13999938964844,87.37000274658203,88.08000183105469,1294000
2017-10-11,76.23790740966797,88.56999969482422,88.58999633789062,87.69000244140625,87.70999908447266,1761900
2017-10-12,76.46171569824219,88.83000183105469,89.05999755859375,88.30000305175781,88.4800033569336,2309600
2017-10-13,76.65971374511719,89.05999755859375,89.66999816894531,88.51000213623047,88.94999694824219,2230900
2017-10-16,76.46171569824219,88.83000183105469,89.62999725341797,88.20999908447266,89.4800033569336,2007700
2017-10-17,76.556396484375,88.94000244140625,89.05999755859375,88.37000274658203,88.66999816894531,1247300
2017-10-18,76.6080322265625,89.0,89.26000213623047,88.27999877929688,89.20999908447266,1129500
2017-10-19,76.43589782714844,88.80000305175781,88.83000183105469,87.37999725341797,88.31999969482422,1577500
2017-10-20,76.54780578613281,88.93000030517578,89.93000030517578,88.76000213623047,89.61000061035156,1778500
2017-10-23,76.4100570678711,88.7699966430664,89.66999816894531,88.55999755859375,89.43000030517578,2031000
2017-10-24,77.71842956542969,90.29000091552734,90.79000091552734,88.37999725341797,88.7699966430664,2671600
2017-10-25,77.34830474853516,89.86000061035156,90.4499969482422,89.2300033569336,89.66000366210938,2039600
2017-10-26,77.95083618164062,90.55999755859376,90.95999908447266,89.86000061035156,90.26000213623048,1239700
2017-10-27,78.5103530883789,91.20999908447266,91.37999725341795,89.95999908447266,90.7699966430664,1625000
2017-10-30,78.60499572753906,91.31999969482422,91.95999908447266,90.88999938964844,91.3499984741211,1248000
2017-10-31,78.58778381347656,91.3000030517578,91.73999786376952,90.75,91.47000122070312,1530500
2017-11-01,78.32096862792969,90.98999786376952,92.11000061035156,90.58999633789062,91.8499984741211,2374000
2017-11-02,78.1488265991211,90.79000091552734,91.47000122070312,90.26000213623048,90.8499984741211,1448200
2017-11-03,79.02680969238281,91.80999755859376,91.83000183105467,90.19000244140624,90.97000122070312,1367400
2017-11-06,79.43134307861328,92.27999877929688,92.95999908447266,91.6500015258789,92.41999816894533,1531300
2017-11-07,79.104248046875,91.9000015258789,92.56999969482422,91.6999969482422,92.08000183105467,1416500
2017-11-08,79.19031524658203,92.0,92.4499969482422,91.04000091552734,91.9000015258789,1617600
2017-11-09,77.21058654785156,89.69999694824219,91.69000244140624,87.9800033569336,91.66999816894533,3143600
2017-11-10,77.11589050292969,89.58999633789062,90.02999877929688,88.87999725341797,89.54000091552734,2736400
2017-11-13,77.49462890625,90.02999877929688,90.20999908447266,89.0,89.36000061035156,2428800
2017-11-14,77.84754943847656,90.44000244140624,90.48999786376952,89.4000015258789,89.79000091552734,2172600
2017-11-15,76.74576568603516,89.16000366210938,89.94999694824219,88.66999816894531,89.58000183105469,2250500
2017-11-16,77.88197326660156,90.4800033569336,90.75,89.41000366210938,89.79000091552734,2297900
2017-11-17,77.830322265625,90.41999816894533,91.0500030517578,90.23999786376952,91.0,2342900
2017-11-20,80.11134338378906,93.06999969482422,93.98999786376952,90.7300033569336,90.97000122070312,6529600
2017-11-21,77.63235473632812,90.19000244140624,92.83000183105467,88.87999725341797,92.62000274658205,6028700
2017-11-22,76.3067855834961,88.6500015258789,90.73999786376952,88.43000030517578,89.61000061035156,4028200
2017-11-24,76.73717498779297,89.1500015258789,89.25,88.01000213623047,88.66999816894531,1623800
2017-11-27,75.27386474609375,87.44999694824219,88.83000183105469,87.4000015258789,88.48999786376953,2890700
2017-11-28,74.94673919677734,87.06999969482422,87.44000244140625,86.38999938964844,87.08000183105469,3843100
2017-11-29,73.73310089111328,85.66000366210938,87.29000091552734,83.9000015258789,87.08000183105469,6130300
2017-11-30,74.51187896728516,86.11000061035156,86.2699966430664,84.98999786376953,85.81999969482422,3866600
2017-12-01,73.89749908447266,85.4000015258789,85.7699966430664,83.58999633789062,85.51000213623047,3545000
2017-12-04,73.36967468261719,84.79000091552734,85.63999938964844,83.8499984741211,85.55999755859375,3723600
2017-12-05,73.40428924560547,84.83000183105469,85.69999694824219,84.16000366210938,84.52999877929688,2340800
2017-12-06,73.90618133544922,85.41000366210938,85.4800033569336,84.02999877929688,84.26000213623047,2805100
2017-12-07,74.51187896728516,86.11000061035156,86.51000213623047,85.16999816894531,85.61000061035156,3914200
2017-12-08,74.0013198852539,85.5199966430664,86.91999816894531,84.91000366210938,86.44999694824219,3411400
2017-12-11,74.24365997314453,85.80000305175781,86.36000061035156,85.29000091552734,85.48999786376953,2322700
2017-12-12,73.96670532226562,85.4800033569336,85.9800033569336,84.91000366210938,85.75,2248900
2017-12-13,73.70711517333984,85.18000030517578,85.93000030517578,85.12999725341797,85.81999969482422,2068000
2017-12-14,73.93211364746094,85.44000244140625,85.97000122070312,84.81999969482422,85.16999816894531,2288000
2017-12-15,75.01376342773438,86.69000244140625,87.20999908447266,85.29000091552734,86.06999969482422,3766000
2017-12-18,76.22518157958984,88.08999633789062,88.3499984741211,87.19999694824219,87.20999908447266,2743100
2017-12-19,76.10405731201172,87.94999694824219,88.47000122070312,87.41000366210938,87.77999877929688,2098600
2017-12-20,76.70974731445312,88.6500015258789,88.93000030517578,87.83999633789062,88.12000274658203,2093000
2017-12-21,76.70974731445312,88.6500015258789,89.13999938964844,88.41999816894531,89.0,1917100
2017-12-22,76.88282012939453,88.8499984741211,88.87000274658203,88.26000213623047,88.5,1680400
2017-12-26,76.69246673583984,88.62999725341797,88.8499984741211,87.68000030517578,88.27999877929688,1378700
2017-12-27,77.09912872314453,89.0999984741211,89.58000183105469,88.56999969482422,88.88999938964844,1827400
2017-12-28,77.3414306640625,89.37999725341797,89.86000061035156,88.69999694824219,89.30000305175781,1973000
2017-12-29,77.03855895996094,89.02999877929688,89.68000030517578,88.7699966430664,89.36000061035156,3414800
2018-01-02,78.12020874023438,90.27999877929688,90.6500015258789,88.93000030517578,89.23999786376953,2343200
2018-01-03,79.08936309814453,91.4000015258789,91.61000061035156,90.05000305175781,90.27999877929688,2009600
2018-01-04,79.0028305053711,91.3000030517578,92.27999877929688,91.25,91.87000274658205,1879600
2018-01-05,79.32299041748047,91.66999816894533,92.2699966430664,90.83000183105467,91.5199966430664,1799100
2018-01-08,79.4614486694336,91.83000183105467,92.20999908447266,91.36000061035156,91.80999755859376,1907400
2018-01-09,79.29703521728516,91.63999938964844,92.33000183105467,91.41999816894533,91.8000030517578,2779700
2018-01-10,77.97309112548828,90.11000061035156,91.1500015258789,89.79000091552734,91.08000183105467,2654400
2018-01-11,78.90765380859375,91.19000244140624,91.26000213623048,89.94000244140625,90.4000015258789,1924200
2018-01-12,79.62586975097656,92.0199966430664,92.58999633789062,90.56999969482422,91.05999755859376,3175700
2018-01-16,80.56037902832031,93.0999984741211,93.6999969482422,92.3499984741211,92.37999725341795,3373700
2018-01-17,82.69771575927734,95.56999969482422,95.95999908447266,93.61000061035156,94.0,4011300
2018-01-18,84.14276885986328,97.23999786376952,98.37999725341795,95.33000183105467,95.58000183105467,5285100
2018-01-19,83.1909408569336,96.13999938964844,97.94000244140624,96.13999938964844,97.63999938964844,2762400
2018-01-22,83.63224792480469,96.6500015258789,97.0,95.7699966430664,96.38999938964844,4442400
2018-01-23,83.47647857666016,96.47000122070312,97.12000274658205,95.88999938964844,96.69000244140624,3247100
2018-01-24,82.49867248535156,95.33999633789062,96.63999938964844,93.20999908447266,94.37999725341795,6258400
2018-01-25,79.59124755859375,91.9800033569336,96.98999786376952,91.93000030517578,96.19000244140624,3655900
2018-01-26,81.20072937011719,93.83999633789062,94.16999816894533,92.58000183105467,93.08999633789062,4752300
2018-01-29,81.1488037109375,93.77999877929688,94.44000244140624,92.41000366210938,93.1999969482422,3078100
2018-01-30,79.21916961669922,91.5500030517578,93.38999938964844,91.37000274658205,92.7699966430664,3684900
2018-01-31,79.50471496582031,91.87999725341795,92.5500030517578,91.41999816894533,91.88999938964844,3462000
2018-02-01,79.30570220947266,91.6500015258789,92.58000183105467,91.25,91.25,2312200
2018-02-02,77.10779571533203,89.11000061035156,91.29000091552734,89.05999755859375,90.73999786376952,2922600
2018-02-05,73.89749908447266,85.4000015258789,89.61000061035156,85.33000183105469,88.75,3817400
2018-02-06,76.61458587646484,88.54000091552734,88.70999908447266,82.76000213623047,84.19999694824219,5440800
2018-02-07,73.8542251586914,85.3499984741211,87.94999694824219,85.29000091552734,86.75,4555800
2018-02-08,71.54389190673828,82.68000030517578,85.5999984741211,82.56999969482422,85.54000091552734,5279100
2018-02-09,72.62549591064453,83.93000030517578,84.58000183105469,80.94999694824219,83.91000366210938,5649700
2018-02-12,73.59463500976562,85.05000305175781,85.9000015258789,84.02999877929688,84.30000305175781,3287700
2018-02-13,72.98028564453125,84.33999633789062,86.43000030517578,83.7699966430664,86.01000213623047,2688900
2018-02-14,73.66387176513672,85.12999725341797,85.44999694824219,83.38999938964844,83.5199966430664,2819600
2018-02-15,73.89749908447266,85.4000015258789,85.94000244140625,84.20999908447266,85.94000244140625,2214400
2018-02-16,74.49456787109375,86.08999633789062,86.79000091552734,85.16999816894531,85.27999877929688,2570000
2018-02-20,76.50208282470703,88.41000366210938,89.48999786376953,86.91999816894531,87.27999877929688,3961000
2018-02-21,76.50208282470703,88.41000366210938,90.04000091552734,87.8499984741211,88.70999908447266,2604400
2018-02-22,76.63186645507812,88.55999755859375,89.36000061035156,88.06999969482422,88.45999908447266,2430000
2018-02-23,78.1980972290039,90.37000274658205,90.43000030517578,89.16999816894531,89.3499984741211,2114900
2018-02-26,79.92007446289062,92.36000061035156,92.41999816894533,90.56999969482422,90.56999969482422,2683600
2018-02-27,79.83354187011719,92.26000213623048,93.6500015258789,91.62999725341795,92.20999908447266,3256300
2018-02-28,78.00772094726562,90.1500015258789,94.91999816894533,89.5999984741211,94.5,4248500
2018-03-01,76.41554260253906,88.30999755859375,90.52999877929688,86.79000091552734,89.88999938964844,4136100
2018-03-02,77.47124481201172,89.52999877929688,89.66999816894531,86.9800033569336,87.44000244140625,2298700
2018-03-05,78.8643798828125,91.13999938964844,91.6999969482422,88.7699966430664,88.83000183105469,2972200
2018-03-06,79.5479965209961,91.93000030517578,92.56999969482422,91.18000030517578,91.7300033569336,1958600
2018-03-07,80.24887084960938,92.73999786376952,92.8000030517578,90.5500030517578,91.33000183105467,2981100
2018-03-08,80.64900207519531,92.72000122070312,93.3000030517578,92.06999969482422,92.9000015258789,2175600
2018-03-09,82.39732360839844,94.7300033569336,94.8499984741211,93.3000030517578,93.3000030517578,2768700
2018-03-12,83.0931625366211,95.52999877929688,95.7300033569336,94.66999816894533,94.73999786376952,2766100
2018-03-13,82.33642578125,94.66000366210938,96.8499984741211,94.22000122070312,96.0,3521800
2018-03-14,81.8405990600586,94.08999633789062,95.33000183105467,93.2699966430664,94.94000244140624,1549700
2018-03-15,81.7101821899414,93.94000244140624,94.36000061035156,93.16000366210938,93.91999816894533,1274000
2018-03-16,81.89283752441406,94.1500015258789,95.01000213623048,93.76000213623048,94.0999984741211,4067800
2018-03-19,81.32746124267578,93.5,93.81999969482422,91.83999633789062,93.7300033569336,2900300
2018-03-20,80.64028930664062,92.70999908447266,93.62999725341795,92.37000274658205,93.51000213623048,1764000
2018-03-21,80.71859741210938,92.8000030517578,93.88999938964844,92.31999969482422,92.5,1612700
2018-03-22,78.7528076171875,90.54000091552734,92.43000030517578,90.4800033569336,91.52999877929688,2842400
2018-03-23,76.28252410888672,87.69999694824219,90.8499984741211,87.6500015258789,90.36000061035156,2613300
2018-03-26,80.98822784423828,93.11000061035156,93.19000244140624,88.94000244140625,89.33000183105469,3669400
2018-03-27,79.1964340209961,91.0500030517578,94.31999969482422,90.2699966430664,93.77999877929688,4507500
2018-03-28,78.20481872558594,89.91000366210938,91.62000274658205,89.41000366210938,90.70999908447266,2602000
2018-03-29,79.26598358154297,91.12999725341795,92.0199966430664,89.8499984741211,90.6999969482422,2663500
2018-04-02,77.19583129882812,88.75,90.87999725341795,87.91999816894531,90.47000122070312,3308600
2018-04-03,77.86558532714844,89.5199966430664,89.91999816894531,87.9000015258789,89.61000061035156,2721600
2018-04-04,79.36167907714844,91.23999786376952,91.52999877929688,87.54000091552734,87.80999755859375,2069900
2018-04-05,79.10072326660156,90.94000244140624,92.4499969482422,90.26000213623048,92.0999984741211,1769400
2018-04-06,76.81310272216797,88.30999755859375,90.4800033569336,88.12999725341797,89.8499984741211,2294300
2018-04-09,76.53478240966797,87.98999786376953,90.44000244140624,87.9000015258789,89.12000274658203,2513900
2018-04-10,78.30919647216797,90.02999877929688,90.80999755859376,88.76000213623047,89.5,2210200
2018-04-11,78.97895812988281,90.8000030517578,91.1500015258789,89.18000030517578,89.25,1785200
2018-04-12,80.90994262695312,93.0199966430664,93.23999786376952,91.1999969482422,91.69000244140624,2984200
2018-04-13,80.70117950439453,92.77999877929688,93.5999984741211,92.1999969482422,93.5,1869700
2018-04-16,81.01431274414062,93.13999938964844,93.58000183105467,92.4800033569336,93.18000030517578,2125300
2018-04-17,82.780029296875,95.16999816894533,95.54000091552734,93.6500015258789,93.6500015258789,1920000
2018-04-18,82.25816345214844,94.56999969482422,95.4499969482422,94.02999877929688,94.77999877929688,1909600
2018-04-19,78.15263366699219,89.8499984741211,92.9800033569336,89.76000213623047,92.9800033569336,3774200
2018-04-20,78.0743408203125,89.76000213623047,90.0,88.66000366210938,89.38999938964844,4413800
2018-04-23,76.54347229003906,88.0,90.19000244140624,87.5199966430664,90.16999816894533,2790300
2018-04-24,76.23906707763672,87.6500015258789,89.47000122070312,87.31999969482422,89.2699966430664,3137000
2018-04-25,76.34343719482422,87.7699966430664,88.91999816894531,87.33000183105469,88.05999755859375,2652400
2018-04-26,77.15233612060547,88.69999694824219,89.02999877929688,87.72000122070312,88.44999694824219,1981400
2018-04-27,76.26514434814453,87.68000030517578,89.37999725341797,87.20999908447266,89.2699966430664,2738600
2018-04-30,75.97809600830078,87.3499984741211,88.20999908447266,86.02999877929688,87.7699966430664,3756200
2018-05-01,77.2915267944336,88.86000061035156,89.0,86.73999786376953,87.13999938964844,2094300
2018-05-02,76.80441284179688,88.30000305175781,89.20999908447266,87.4800033569336,89.01000213623047,1586700
2018-05-03,76.46519470214844,87.91000366210938,88.2699966430664,86.2300033569336,87.5199966430664,2261100
2018-05-04,78.5179672241211,90.2699966430664,90.31999969482422,87.12000274658203,87.55000305175781,2404800
2018-05-07,78.71800994873047,90.5,91.16999816894533,89.86000061035156,89.86000061035156,1867000
2018-05-08,79.51824188232422,91.41999816894533,91.4499969482422,90.11000061035156,90.93000030517578,1575000
2018-05-09,80.56199645996094,92.62000274658205,92.73999786376952,91.41999816894533,91.86000061035156,1939400
2018-05-10,81.18827056884766,93.33999633789062,93.4000015258789,92.38999938964844,93.08000183105467,1914400
2018-05-11,80.54461669921875,92.5999984741211,93.63999938964844,92.41999816894533,93.08000183105467,1359000
2018-05-14,81.64927673339844,93.87000274658205,94.91999816894533,93.19000244140624,93.19000244140624,2173500
2018-05-15,81.37963104248047,93.55999755859376,93.8499984741211,92.79000091552734,93.06999969482422,2074900
2018-05-16,82.43212127685547,94.7699966430664,94.8000030517578,93.58000183105467,93.9499969482422,1472800
2018-05-17,82.66696166992188,95.04000091552734,95.18000030517578,94.16000366210938,94.20999908447266,3344100
2018-05-18,82.52777862548828,94.87999725341795,95.56999969482422,94.08000183105467,94.6999969482422,3222000
2018-05-21,82.89311981201172,95.3000030517578,96.06999969482422,94.5,95.56999969482422,1694200
2018-05-22,83.24971771240234,95.70999908447266,96.37000274658205,95.33999633789062,95.77999877929688,1336100
2018-05-23,82.1015853881836,94.38999938964844,95.06999969482422,94.0500030517578,94.61000061035156,3026100
2018-05-24,82.66696166992188,95.04000091552734,95.2699966430664,93.98999786376952,94.51000213623048,1920700
2018-05-25,83.0235824584961,95.4499969482422,95.5,94.54000091552734,94.93000030517578,1467900
2018-05-29,82.1015853881836,94.38999938964844,95.31999969482422,93.87999725341795,94.68000030517578,3474600
2018-05-30,82.61477661132812,94.9800033569336,96.9800033569336,93.0,93.06999969482422,3232400
2018-05-31,84.52835083007812,97.18000030517578,98.38999938964844,95.5500030517578,95.91000366210938,5076800
2018-06-01,85.58952331542969,98.4000015258789,98.43000030517578,96.45999908447266,97.68000030517578,2301700
2018-06-04,86.96382904052734,99.9800033569336,100.29000091552734,97.43000030517578,98.5,2619700
2018-06-05,87.53790283203125,100.63999938964844,100.91999816894533,99.6500015258789,100.01000213623048,1869400
2018-06-06,88.8078384399414,102.0999984741211,102.1500015258789,100.11000061035156,100.86000061035156,2183500
2018-06-07,89.10497283935547,101.95999908447266,103.58999633789062,101.5500030517578,102.30999755859376,3660600
2018-06-08,88.31842803955078,101.05999755859376,101.30999755859376,100.0,101.1999969482422,2304800
2018-06-11,88.60682678222656,101.38999938964844,101.8499984741211,100.6999969482422,100.86000061035156,1635500
2018-06-12,89.15739440917969,102.0199966430664,102.06999969482422,100.9499969482422,101.58000183105467,1998400
2018-06-13,88.3096923828125,101.0500030517578,102.22000122070312,100.7300033569336,102.13999938964844,2064300
2018-06-14,88.87772369384766,101.6999969482422,102.9800033569336,101.30999755859376,101.7300033569336,1855700
2018-06-15,88.70294952392578,101.5,101.95999908447266,100.0999984741211,101.95999908447266,3118200
2018-06-18,88.34467315673828,101.08999633789062,101.26000213623048,99.83000183105467,100.4499969482422,1859100
2018-06-19,87.44450378417969,100.05999755859376,100.12999725341795,98.9000015258789,99.5,1759000
2018-06-20,88.2660140991211,101.0,101.06999969482422,99.77999877929688,100.3499984741211,1419200
2018-06-21,86.65800476074219,99.16000366210938,101.33999633789062,98.9800033569336,101.33999633789062,1691500
2018-06-22,86.5968017578125,99.08999633789062,99.87999725341795,98.68000030517578,99.83000183105467,6226500
2018-06-25,85.77532958984375,98.1500015258789,98.5,96.88999938964844,98.13999938964844,4653500
2018-06-26,86.26473236083984,98.70999908447266,99.41000366210938,98.0500030517578,98.4499969482422,2365600
2018-06-27,84.3333511352539,96.5,99.3499984741211,96.44000244140624,98.68000030517578,4415200
2018-06-28,83.85269927978516,95.9499969482422,96.69000244140624,95.0500030517578,96.19000244140624,2349500
2018-06-29,83.82648468017578,95.91999816894533,97.83000183105467,95.75,96.43000030517578,3116700
2018-07-02,84.16731262207031,96.30999755859376,96.37000274658205,94.62000274658205,95.04000091552734,2058400
2018-07-03,82.5942611694336,94.51000213623048,96.83999633789062,94.37000274658205,96.73999786376952,876000
2018-07-05,84.24595642089844,96.4000015258789,96.54000091552734,94.93000030517578,95.33000183105467,1977700
2018-07-06,84.9450912475586,97.1999969482422,97.41000366210938,95.91999816894533,96.38999938964844,1551000
2018-07-09,84.9276123046875,97.18000030517578,97.86000061035156,96.16999816894533,97.41999816894533,1861300
2018-07-10,86.11617279052734,98.54000091552734,98.66999816894533,97.0199966430664,97.41000366210938,2229000
2018-07-11,84.08865356445312,96.22000122070312,97.91000366210938,95.97000122070312,97.4000015258789,1509700
2018-07-12,85.99380493164062,98.4000015258789,98.58000183105467,95.9000015258789,96.18000030517578,2328900
2018-07-13,85.74913024902344,98.12000274658205,98.73999786376952,97.88999938964844,98.62000274658205,1130200
2018-07-16,85.32963562011719,97.63999938964844,98.38999938964844,97.31999969482422,98.3499984741211,1380000
2018-07-17,85.8714599609375,98.26000213623048,98.33999633789062,96.45999908447266,96.97000122070312,1928500
2018-07-18,86.5968017578125,99.08999633789062,99.4000015258789,98.47000122070312,98.52999877929688,1635200
2018-07-19,85.8714599609375,98.26000213623048,98.95999908447266,97.4000015258789,98.79000091552734,1389500
2018-07-20,85.47820281982422,97.80999755859376,98.69000244140624,97.3000030517578,98.0199966430664,1387500
2018-07-23,85.4607162475586,97.79000091552734,97.95999908447266,96.33000183105467,97.38999938964844,1403700
2018-07-24,85.16357421875,97.4499969482422,99.18000030517578,97.30999755859376,98.04000091552734,2964600
2018-07-25,84.3770523071289,96.5500030517578,98.1500015258789,95.08999633789062,97.4800033569336,2612700
2018-07-26,85.38204956054688,97.6999969482422,98.55999755859376,96.7300033569336,97.56999969482422,2546000
2018-07-27,84.75284576416016,96.9800033569336,99.08999633789062,96.70999908447266,98.08999633789062,2147600
2018-07-30,83.29340362548828,95.30999755859376,97.56999969482422,95.01000213623048,97.56999969482422,2545000
2018-07-31,84.01874542236328,96.13999938964844,96.86000061035156,95.58000183105467,95.68000030517578,2500900
2018-08-01,83.93135070800781,96.04000091552734,96.73999786376952,95.43000030517578,95.43000030517578,1717700
2018-08-02,84.06244659423828,96.19000244140624,96.5500030517578,94.75,95.0,1711800
2018-08-03,84.38583374023438,96.55999755859376,96.6999969482422,95.87000274658205,96.08000183105467,1017800
2018-08-06,85.10240936279297,97.37999725341795,97.41999816894533,96.05999755859376,96.19000244140624,1322200
2018-08-07,86.15984344482422,98.58999633789062,98.69000244140624,97.4499969482422,97.70999908447266,1128800
2018-08-08,86.07247161865234,98.48999786376952,98.70999908447266,97.94000244140624,98.5,1256600
2018-08-09,85.4170150756836,97.73999786376952,98.66999816894533,97.73999786376952,98.54000091552734,1451100
2018-08-10,82.97005462646484,94.94000244140624,96.70999908447266,94.08000183105467,95.33000183105467,2817400
2018-08-13,83.13607788085938,95.12999725341795,96.12999725341795,94.83999633789062,95.19000244140624,1939300
2018-08-14,82.89140319824219,94.8499984741211,96.23999786376952,94.81999969482422,95.58000183105467,1761600
2018-08-15,81.93881225585938,93.76000213623048,94.5199966430664,92.80999755859376,93.94000244140624,2022300
2018-08-16,82.37577819824219,94.26000213623048,95.06999969482422,93.95999908447266,94.38999938964844,1828700
2018-08-17,82.6554183959961,94.58000183105467,94.83000183105467,92.66999816894533,93.45999908447266,2869400
2018-08-20,81.92135620117188,93.73999786376952,94.91000366210938,93.23999786376952,94.79000091552734,2161000
2018-08-21,83.82648468017578,95.91999816894533,96.45999908447266,93.41999816894533,94.05999755859376,4051300
2018-08-22,85.57431030273438,97.91999816894533,98.12000274658205,92.0500030517578,92.5500030517578,7540400
2018-08-23,85.11114501953125,97.38999938964844,98.9800033569336,97.23999786376952,98.29000091552734,2666100
2018-08-24,86.32591247558594,98.77999877929688,98.88999938964844,97.44000244140624,98.05999755859376,2674800
2018-08-27,87.45325469970703,100.06999969482422,100.72000122070312,99.0,99.29000091552734,2907200
2018-08-28,87.7591323852539,100.41999816894533,100.87000274658205,99.45999908447266,100.61000061035156,3673300
2018-08-29,87.54065704345703,100.16999816894533,100.41999816894533,99.75,100.41999816894533,2370100
2018-08-30,86.55713653564453,98.56999969482422,100.16999816894533,98.27999877929688,99.4800033569336,1891700
2018-08-31,86.80302429199219,98.8499984741211,99.23999786376952,98.1999969482422,98.20999908447266,1710000
2018-09-04,86.15319061279297,98.11000061035156,98.88999938964844,97.11000061035156,97.48999786376952,4053200
2018-09-05,85.94244384765625,97.87000274658205,98.83999633789062,97.48999786376952,98.12000274658205,2689000
2018-09-06,85.25751495361328,97.08999633789062,98.08999633789062,96.11000061035156,97.4499969482422,2809800
2018-09-07,82.50897216796875,93.95999908447266,95.91999816894533,93.58999633789062,94.86000061035156,5451300
2018-09-10,83.06217193603516,94.58999633789062,95.18000030517578,93.0500030517578,94.55999755859376,3120100
2018-09-11,81.885498046875,93.25,94.38999938964844,93.0999984741211,94.12000274658205,3229900
2018-09-12,79.92727661132812,91.0199966430664,92.55999755859376,89.3499984741211,92.0999984741211,5793600
2018-09-13,81.13908386230469,92.4000015258789,93.06999969482422,90.87999725341795,92.19000244140624,3516800
2018-09-14,81.25325012207031,92.52999877929688,93.43000030517578,92.08999633789062,92.5500030517578,2843300
2018-09-17,80.18192291259766,91.30999755859376,92.81999969482422,91.16000366210938,92.11000061035156,1976300
2018-09-18,80.66490936279297,91.86000061035156,92.47000122070312,91.3499984741211,91.66999816894533,2354900
2018-09-19,81.29717254638672,92.58000183105467,92.80999755859376,91.8000030517578,92.0199966430664,1843200
2018-09-20,83.51004791259766,95.0999984741211,95.66000366210938,93.4499969482422,93.5500030517578,3494900
2018-09-21,83.03584289550781,94.55999755859376,95.6999969482422,94.19000244140624,95.55999755859376,4416500
2018-09-24,83.42222595214844,95.0,95.37000274658205,93.33000183105467,94.13999938964844,2558800
2018-09-25,81.27960968017578,92.55999755859376,93.48999786376952,90.5500030517578,92.4000015258789,6037200
2018-09-26,81.0688247680664,92.31999969482422,93.75,92.19000244140624,92.4000015258789,3802500
2018-09-27,80.9458999633789,92.18000030517578,92.54000091552734,91.61000061035156,92.30999755859376,1963500
2018-09-28,81.1917953491211,92.45999908447266,92.5199966430664,91.5999984741211,91.95999908447266,1650200
2018-10-01,81.13031005859375,92.38999938964844,93.38999938964844,92.25,92.80999755859376,1728800
2018-10-02,81.0425033569336,92.29000091552734,93.91999816894533,92.11000061035156,92.1999969482422,1737100
2018-10-03,80.63855743408203,91.83000183105467,93.04000091552734,90.86000061035156,91.70999908447266,2915000
2018-10-04,79.02277374267578,89.98999786376953,91.5999984741211,89.56999969482422,91.13999938964844,4047400
2018-10-05,76.52891540527344,87.1500015258789,89.4800033569336,86.26000213623047,89.0,5815600
2018-10-08,75.94056701660156,86.4800033569336,87.2300033569336,85.5199966430664,86.79000091552734,2879400
2018-10-09,76.18643951416016,86.76000213623047,86.94999694824219,85.58999633789062,86.62000274658203,3950200
2018-10-10,73.67501068115234,83.9000015258789,86.04000091552734,83.18000030517578,85.45999908447266,8523800
2018-10-11,73.4729995727539,83.66999816894531,86.58999633789062,83.25,85.55999755859375,4849900
2018-10-12,73.91207885742188,84.16999816894531,85.7699966430664,83.06999969482422,85.2300033569336,3600600
2018-10-15,73.67501068115234,83.9000015258789,84.66999816894531,83.0999984741211,83.70999908447266,3153700
2018-10-16,75.30831146240234,85.76000213623047,85.83999633789062,84.13999938964844,84.79000091552734,3397300
2018-10-17,74.86046600341797,85.25,86.41999816894531,84.5999984741211,86.3499984741211,3529100
2018-10-18,73.033935546875,83.16999816894531,84.29000091552734,81.55000305175781,83.0,4923200
2018-10-19,72.30510711669922,82.33999633789062,84.22000122070312,81.87000274658203,82.93000030517578,2564400
2018-10-22,72.48951721191406,82.55000305175781,83.38999938964844,82.36000061035156,83.01000213623047,2337000
2018-10-23,72.57732391357422,82.6500015258789,83.01000213623047,79.69999694824219,80.73999786376953,4656400
2018-10-24,68.33595275878906,77.81999969482422,80.73999786376953,77.76000213623047,80.31999969482422,7790900
2018-10-25,69.4424057006836,79.08000183105469,79.9000015258789,78.76000213623047,78.94000244140625,4192500
2018-10-26,69.39851379394531,79.02999877929688,80.0999984741211,76.62000274658203,77.55999755859375,4536600
2018-10-29,70.61034393310547,80.41000366210938,81.94999694824219,78.9800033569336,81.31999969482422,5055500
2018-10-30,72.70906066894531,82.80000305175781,82.86000061035156,80.41999816894531,80.62000274658203,4698800
2018-10-31,73.50814819335938,83.70999908447266,84.30000305175781,82.87999725341797,83.93000030517578,3498700
2018-11-01,77.27529907226562,88.0,88.5,83.72000122070312,84.16000366210938,3669500
2018-11-02,76.55523681640625,87.18000030517578,89.01000213623047,86.25,88.31999969482422,3754900
2018-11-05,75.85275268554688,86.37999725341797,87.41999816894531,85.58999633789062,87.08999633789062,2143600
2018-11-06,77.24020385742188,87.95999908447266,88.0,86.37000274658203,86.55999755859375,1751300
2018-11-07,77.54752349853516,88.30999755859375,89.0199966430664,87.38999938964844,89.01000213623047,2253800
2018-11-08,78.97012329101562,89.93000030517578,90.08000183105467,87.58999633789062,87.58999633789062,2551100
2018-11-09,76.91527557373047,87.58999633789062,89.7300033569336,87.01000213623047,89.45999908447266,3043200
2018-11-12,73.93843841552734,84.19999694824219,86.62000274658203,84.0999984741211,86.4000015258789,3334300
2018-11-13,74.90437316894531,85.30000305175781,86.80999755859375,84.62999725341797,84.83999633789062,3042500
2018-11-14,75.63320922851562,86.12999725341797,87.11000061035156,85.47000122070312,86.31999969482422,2395700
2018-11-15,78.87351989746094,89.81999969482422,89.87000274658203,86.02999877929688,86.02999877929688,4772900
2018-11-16,78.574951171875,89.4800033569336,89.95999908447266,87.63999938964844,88.0999984741211,3167900
2018-11-19,75.09754943847656,85.5199966430664,89.97000122070312,85.44999694824219,89.62000274658203,6808500
2018-11-20,78.17102813720703,89.0199966430664,89.87000274658203,83.83999633789062,84.76000213623047,6660100
2018-11-21,78.75057220458984,89.68000030517578,90.83000183105467,88.20999908447266,89.55000305175781,3561100
2018-11-23,77.83731842041016,88.63999938964844,89.4000015258789,87.87000274658203,88.6500015258789,1163000
2018-11-26,79.09304809570312,90.06999969482422,90.62999725341795,89.0199966430664,90.30999755859376,2474600
2018-11-27,78.66275024414062,89.58000183105469,90.13999938964844,88.36000061035156,89.45999908447266,2614600
2018-11-28,80.09297943115234,90.72000122070312,90.79000091552734,88.0,89.43000030517578,3864600
2018-11-29,79.0335693359375,89.5199966430664,90.58999633789062,89.3499984741211,89.9800033569336,2831700
2018-11-30,81.15242004394531,91.91999816894533,91.97000122070312,88.79000091552734,89.69999694824219,3335800
2018-12-03,82.5561752319336,93.51000213623048,94.62000274658205,92.80999755859376,93.33999633789062,3563800
2018-12-04,79.8458023071289,90.44000244140624,93.37999725341795,90.33999633789062,93.13999938964844,3858000
2018-12-06,79.04239654541016,89.52999877929688,89.55000305175781,86.16999816894531,87.33000183105469,2957300
2018-12-07,76.29669952392578,86.41999816894531,89.9800033569336,86.19000244140625,89.06999969482422,2961000
2018-12-10,78.11537170410156,88.4800033569336,88.63999938964844,86.0,86.36000061035156,2600600
2018-12-11,78.25664520263672,88.63999938964844,91.04000091552734,88.27999877929688,89.91000366210938,2094300
2018-12-12,78.6451187133789,89.08000183105469,90.5199966430664,89.0,90.5199966430664,2301000
2018-12-13,78.09771728515625,88.45999908447266,89.98999786376953,88.08000183105469,89.66999816894531,1668400
2018-12-14,77.04714965820312,87.2699966430664,88.38999938964844,86.97000122070312,87.4800033569336,2947800
2018-12-17,77.08242797851562,87.30999755859375,88.95999908447266,86.75,87.25,2933800
2018-12-18,77.73576354980469,88.05000305175781,89.36000061035156,87.5,88.2300033569336,2873900
2018-12-19,73.88652038574219,83.69000244140625,87.91999816894531,83.23999786376953,86.7300033569336,4216200
2018-12-20,73.04778289794922,82.73999786376953,84.55000305175781,81.52999877929688,83.23999786376953,3555400
2018-12-21,72.67697143554688,82.31999969482422,85.11000061035156,81.94000244140625,83.41000366210938,5189000
2018-12-24,70.99954223632812,80.41999816894531,82.91000366210938,80.36000061035156,82.11000061035156,1353300
2018-12-26,74.46035766601562,84.33999633789062,84.43000030517578,80.08000183105469,81.19000244140625,2519000
2018-12-27,75.36087036132812,85.36000061035156,85.43000030517578,81.86000061035156,83.26000213623047,2070300
2018-12-28,75.44916534423828,85.45999908447266,86.9000015258789,84.43000030517578,85.48999786376953,2070700
2018-12-31,75.77584075927734,85.83000183105469,86.54000091552734,84.97000122070312,86.08999633789062,1748400
2019-01-02,75.85526275634766,85.91999816894531,86.43000030517578,83.95999908447266,84.02999877929688,2523900
2019-01-03,71.27324676513672,80.7300033569336,84.3499984741211,80.55000305175781,82.98999786376953,4376600
2019-01-04,73.00363159179688,82.69000244140625,83.01000213623047,80.45999908447266,81.45999908447266,3470000
2019-01-07,73.46270751953125,83.20999908447266,84.19000244140625,82.08000183105469,82.54000091552734,2656300
2019-01-08,75.2549057006836,85.23999786376953,85.27999877929688,82.66999816894531,84.2699966430664,3993500
2019-01-09,77.16191101074219,87.4000015258789,88.5,85.81999969482422,85.81999969482422,3321600
2019-01-10,78.23016357421875,88.61000061035156,88.66000366210938,86.56999969482422,86.88999938964844,2042400
2019-01-11,79.51032257080078,90.05999755859375,91.11000061035156,88.06999969482422,88.06999969482422,3029800
2019-01-14,77.25019836425781,87.5,88.98999786376953,87.36000061035156,88.68000030517578,2239300
2019-01-15,77.34732055664062,87.61000061035156,88.54000091552734,87.01000213623047,87.66000366210938,1960500
2019-01-16,76.80875396728516,87.0,88.5199966430664,86.88999938964844,87.5999984741211,1667100
2019-01-17,78.40672302246094,88.80999755859375,88.8499984741211,85.44000244140625,86.51000213623047,2563000
2019-01-18,80.65802764892578,91.36000061035156,91.52999877929688,88.43000030517578,89.61000061035156,3471600
2019-01-22,78.68927764892578,89.12999725341797,90.75,88.20999908447266,90.56999969482422,2749500
2019-01-23,78.45087432861328,88.86000061035156,89.70999908447266,87.7699966430664,89.4000015258789,1590400
2019-01-24,83.6509017944336,94.75,95.5,90.52999877929688,90.52999877929688,6478700
2019-01-25,86.2288589477539,97.66999816894533,98.1500015258789,95.5500030517578,95.8000030517578,4301100
2019-01-28,85.93751525878906,97.33999633789062,97.6999969482422,94.86000061035156,94.9499969482422,2260100
2019-01-29,85.64618682861328,97.01000213623048,98.3000030517578,96.56999969482422,98.3000030517578,2171800
2019-01-30,87.41190338134766,99.01000213623048,99.44000244140624,97.11000061035156,97.56999969482422,2653700
2019-01-31,87.27945709228516,98.86000061035156,98.95999908447266,98.02999877929688,98.73999786376952,2588200
2019-02-01,88.76268005371094,100.54000091552734,100.62999725341795,98.83999633789062,99.16999816894533,3074200
2019-02-04,88.02108001708984,99.6999969482422,100.79000091552734,98.7300033569336,100.47000122070312,2541900
2019-02-05,88.63908386230469,100.4000015258789,100.51000213623048,99.0500030517578,99.54000091552734,2472600
2019-02-06,90.41362762451172,102.41000366210938,103.4800033569336,101.0,101.0500030517578,3279400
2019-02-07,88.84212493896484,100.62999725341795,102.0999984741211,99.54000091552734,101.31999969482422,3471800
2019-02-08,88.93043518066406,100.7300033569336,100.91999816894533,99.06999969482422,99.4499969482422,2407700
2019-02-11,89.83092498779297,101.75,102.6500015258789,101.0199966430664,102.4000015258789,2232300
2019-02-12,91.87030792236328,104.05999755859376,104.87999725341795,102.87999725341795,103.12999725341795,3693600
2019-02-13,92.18816375732422,104.41999816894533,105.08999633789062,103.47000122070312,104.43000030517578,2417100
2019-02-14,92.24999237060548,104.48999786376952,105.04000091552734,103.61000061035156,104.2300033569336,2971500
2019-02-15,93.35355377197266,105.73999786376952,105.83000183105467,104.29000091552734,105.37000274658205,2289400
2019-02-19,92.0115966796875,104.22000122070312,105.6999969482422,104.1500015258789,105.44000244140624,3722200
2019-02-20,94.3070297241211,106.81999969482422,108.27999877929688,104.70999908447266,105.0999984741211,4811700
2019-02-21,92.94742584228516,105.27999877929688,106.8000030517578,104.91999816894533,106.33000183105467,3518500
2019-02-22,93.5036392211914,105.91000366210938,106.33000183105467,105.19000244140624,106.08000183105467,2248000
2019-02-25,95.26053619384766,107.9000015258789,108.22000122070312,106.61000061035156,106.8000030517578,3987500
2019-02-26,94.62484741210938,107.18000030517578,107.86000061035156,106.8000030517578,107.36000061035156,2083400
2019-02-27,93.52130126953124,105.93000030517578,106.62000274658205,104.97000122070312,106.33000183105467,2617100
2019-02-28,94.91448211669922,106.95999908447266,107.22000122070312,104.9499969482422,104.9499969482422,3212300
2019-03-01,96.22781372070312,108.44000244140624,108.79000091552734,106.75,107.83999633789062,2821400
2019-03-04,96.42303466796876,108.66000366210938,109.4800033569336,106.76000213623048,109.0,2518100
2019-03-05,96.04146575927734,108.2300033569336,109.04000091552734,107.95999908447266,108.61000061035156,2843100
2019-03-06,94.76361846923828,106.79000091552734,108.66000366210938,106.55999755859376,108.31999969482422,2028000
2019-03-07,93.77862548828124,105.68000030517578,106.76000213623048,105.22000122070312,106.76000213623048,2507000
2019-03-08,93.5390167236328,105.41000366210938,105.68000030517578,104.12000274658205,104.75,4791700
2019-03-11,95.55340576171876,107.68000030517578,107.73999786376952,105.43000030517578,105.4499969482422,2884100
2019-03-12,95.75749206542967,107.91000366210938,108.5500030517578,106.66000366210938,107.66999816894533,2392000
2019-03-13,95.90836334228516,108.08000183105467,109.05999755859376,107.69000244140624,108.41999816894533,1814100
2019-03-14,96.05921173095705,108.25,108.38999938964844,107.12000274658205,108.38999938964844,1961300
2019-03-15,97.07081604003906,109.38999938964844,110.6500015258789,108.3499984741211,108.9800033569336,4574400
2019-03-18,96.85784149169922,109.1500015258789,110.37000274658205,108.43000030517578,109.02999877929688,2745900
2019-03-19,97.56775665283205,109.9499969482422,110.37999725341795,109.29000091552734,109.91000366210938,1944900
2019-03-20,96.37864685058594,108.61000061035156,110.2699966430664,108.12000274658205,109.97000122070312,2640800
2019-03-21,97.7718505859375,110.18000030517578,111.12000274658205,108.5,109.0,3724900
2019-03-22,95.30493927001952,107.4000015258789,109.98999786376952,107.31999969482422,109.79000091552734,2300200
2019-03-25,93.39704895019533,105.25,106.08999633789062,104.0,104.83999633789062,2690800
2019-03-26,95.0387191772461,107.0999984741211,107.13999938964844,105.72000122070312,106.02999877929688,3310000
2019-03-27,93.13968658447266,104.95999908447266,107.47000122070312,103.77999877929688,106.95999908447266,2621100
2019-03-28,92.34993743896484,104.06999969482422,105.63999938964844,103.3000030517578,105.05999755859376,2615200
2019-03-29,93.414794921875,105.2699966430664,105.76000213623048,104.5999984741211,105.16999816894533,2777700
2019-04-01,96.0858154296875,108.27999877929688,108.62000274658205,106.26000213623048,106.5199966430664,3445800
2019-04-02,95.93495178222656,108.11000061035156,108.48999786376952,107.41000366210938,108.12999725341795,1684200
2019-04-03,97.47012329101562,109.83999633789062,111.05999755859376,109.16000366210938,109.62000274658205,2739500
2019-04-04,98.09130096435548,110.54000091552734,110.95999908447266,109.13999938964844,109.76000213623048,2435700
2019-04-05,98.90770721435548,111.45999908447266,111.8000030517578,110.5500030517578,111.08999633789062,2529000
2019-04-08,99.15615844726562,111.73999786376952,111.83000183105467,110.36000061035156,110.75,2237900
2019-04-09,98.04693603515624,110.48999786376952,111.7300033569336,110.08000183105467,111.5,1856900
2019-04-10,99.44900512695312,112.06999969482422,112.12000274658205,109.9499969482422,110.4000015258789,1966700
2019-04-11,99.2271499633789,111.81999969482422,112.68000030517578,111.16999816894533,112.37000274658205,1784900
2019-04-12,101.34800720214844,114.20999908447266,114.29000091552734,112.13999938964844,112.81999969482422,1984200
2019-04-15,100.22103118896484,112.94000244140624,114.58999633789062,112.62000274658205,114.44000244140624,1420500
2019-04-16,101.69408416748048,114.5999984741211,114.98999786376952,113.25,113.33000183105467,2298600
2019-04-17,101.5166015625,114.4000015258789,115.93000030517578,113.8499984741211,115.08000183105467,2505900
2019-04-18,101.86268615722656,114.79000091552734,115.08999633789062,113.76000213623048,115.08999633789062,2052800
2019-04-22,100.81555938720705,113.61000061035156,114.5999984741211,113.4499969482422,114.41000366210938,2295900
2019-04-23,101.25926971435548,114.11000061035156,114.4000015258789,113.22000122070312,113.56999969482422,3437900
2019-04-24,104.08113861083984,117.29000091552734,118.54000091552734,114.1500015258789,114.77999877929688,5727100
2019-04-25,102.06678009033205,115.0199966430664,116.4000015258789,113.51000213623048,116.37999725341795,2952900
2019-04-26,101.5521011352539,114.44000244140624,114.58999633789062,112.16000366210938,113.25,2244900
2019-04-29,101.05517578125,113.87999725341795,114.79000091552734,113.4000015258789,114.25,1877100
2019-04-30,103.1494140625,116.23999786376952,116.83000183105467,113.93000030517578,114.45999908447266,2624800
2019-05-01,101.78282165527344,114.6999969482422,116.95999908447266,114.63999938964844,116.55999755859376,1601800
2019-05-02,103.78829193115234,116.95999908447266,117.41999816894533,114.5500030517578,114.83000183105467,2223200
2019-05-03,103.77941131591795,116.9499969482422,117.95999908447266,115.93000030517578,117.58000183105467,2476300
2019-05-06,101.98690795898438,114.93000030517578,115.38999938964844,113.4000015258789,114.06999969482422,2247800
2019-05-07,100.877685546875,113.68000030517578,114.29000091552734,111.79000091552734,113.4000015258789,2965400
2019-05-08,98.10018157958984,110.5500030517578,112.97000122070312,110.47000122070312,112.45999908447266,3819500
2019-05-09,98.10018157958984,110.5500030517578,111.08999633789062,107.8499984741211,109.13999938964844,3408800
2019-05-10,98.14454650878906,110.5999984741211,111.1500015258789,107.68000030517578,110.20999908447266,2422000
2019-05-13,92.49191284179688,104.2300033569336,107.68000030517578,103.66000366210938,107.13999938964844,4900300
2019-05-14,94.72814178466795,106.75,107.20999908447266,104.9800033569336,105.16999816894533,2271900
2019-05-15,95.73973846435548,107.88999938964844,108.83000183105467,105.52999877929688,105.58999633789062,2305600
2019-05-16,92.90899658203124,104.6999969482422,106.18000030517578,104.05999755859376,105.66000366210938,4409800
2019-05-17,89.47482299804688,100.83000183105467,103.86000061035156,100.19000244140624,103.22000122070312,5468000
2019-05-20,86.51982116699219,97.5,99.23999786376952,96.72000122070312,97.87999725341795,4506000
2019-05-21,88.63182067871094,99.87999725341795,101.75,99.0999984741211,101.41999816894533,4636600
2019-05-22,90.01615142822266,101.44000244140624,103.0999984741211,98.58999633789062,98.83999633789062,5187100
2019-05-23,87.61132049560547,98.7300033569336,100.55999755859376,97.5999984741211,99.4800033569336,3387300
2019-05-24,87.33623504638672,98.41999816894533,100.41999816894533,98.33000183105467,99.56999969482422,2283100
2019-05-28,86.1737289428711,97.11000061035156,99.13999938964844,96.76000213623048,98.66000366210938,3602400
2019-05-29,87.0611343383789,98.11000061035156,98.83000183105467,95.94000244140624,96.12000274658205,3051200
2019-05-30,87.49835968017578,98.05999755859376,99.56999969482422,97.37000274658205,97.81999969482422,2099600
2019-05-31,86.21346282958984,96.62000274658205,98.58999633789062,96.4800033569336,96.98999786376952,2156800
2019-06-03,85.72270202636719,96.06999969482422,98.31999969482422,95.51000213623048,97.30999755859376,2900000
2019-06-04,90.09494018554688,100.97000122070312,101.08000183105467,96.91000366210938,97.51000213623048,3588600
2019-06-05,89.11343383789062,99.87000274658205,102.43000030517578,98.43000030517578,101.63999938964844,1785600
2019-06-06,89.20265197753906,99.97000122070312,100.30999755859376,98.62999725341795,99.70999908447266,1881100
2019-06-07,89.84510803222656,100.69000244140624,100.98999786376952,99.7300033569336,100.66999816894533,3046400
2019-06-10,95.07393646240234,106.5500030517578,107.52999877929688,103.12999725341795,104.29000091552734,4179100
2019-06-11,93.84255981445312,105.16999816894533,108.55999755859376,104.66999816894533,107.66999816894533,2325100
2019-06-12,93.12875366210938,104.37000274658205,104.88999938964844,103.66000366210938,104.88999938964844,1506600
2019-06-13,94.38687133789062,105.77999877929688,105.87000274658205,104.48999786376952,104.77999877929688,1696200
2019-06-14,92.8164291381836,104.0199966430664,104.41000366210938,102.77999877929688,103.44000244140624,2327200
2019-06-17,93.78009796142578,105.0999984741211,105.77999877929688,103.47000122070312,104.1999969482422,1859200
2019-06-18,98.0988311767578,109.94000244140624,110.58999633789062,106.0500030517578,106.69000244140624,3190000
2019-06-19,99.08035278320312,111.04000091552734,111.52999877929688,109.5,110.48999786376952,2474500
2019-06-20,100.43661499023438,112.55999755859376,113.94000244140624,111.51000213623048,113.5500030517578,2437100
2019-06-21,101.42705535888672,113.66999816894533,114.36000061035156,111.52999877929688,112.12000274658205,4351300
2019-06-24,100.74000549316406,112.9000015258789,114.31999969482422,112.66000366210938,113.70999908447266,2052100
2019-06-25,98.40220642089844,110.27999877929688,113.54000091552734,109.8499984741211,113.01000213623048,2516200
2019-06-26,98.9286651611328,110.87000274658205,112.73999786376952,110.38999938964844,111.48999786376952,3823400
2019-06-27,100.68647003173828,112.83999633789062,113.72000122070312,111.27999877929688,111.69000244140624,2054000
2019-06-28,100.71324157714844,112.87000274658205,114.41999816894533,112.61000061035156,113.36000061035156,6136800
2019-07-01,102.61382293701172,115.0,118.13999938964844,114.41000366210938,117.16999816894533,2586300
2019-07-02,101.28431701660156,113.51000213623048,114.5,112.63999938964844,114.48999786376952,1357300
2019-07-03,100.98094177246094,113.16999816894533,113.66999816894533,111.86000061035156,113.62000274658205,1444500
2019-07-05,100.7043228149414,112.86000061035156,112.9800033569336,111.30999755859376,112.06999969482422,1022100
2019-07-08,99.7852554321289,111.83000183105467,112.62000274658205,111.43000030517578,112.19000244140624,1790500
2019-07-09,101.0879898071289,113.29000091552734,113.91999816894533,111.4000015258789,111.76000213623048,1952600
2019-07-10,101.73045349121094,114.01000213623048,115.7300033569336,112.94000244140624,114.68000030517578,1762000
2019-07-11,101.65013122558594,113.91999816894533,114.2699966430664,113.02999877929688,114.2699966430664,1414200
2019-07-12,103.68456268310548,116.1999969482422,116.26000213623048,114.22000122070312,114.22000122070312,2139300
2019-07-15,104.416259765625,117.0199966430664,117.69000244140624,116.22000122070312,116.9000015258789,1228300
2019-07-16,103.02427673339844,115.45999908447266,116.08999633789062,114.16000366210938,116.0,2007400
2019-07-17,101.6679916381836,113.94000244140624,116.01000213623048,113.93000030517578,115.94000244140624,1545000
2019-07-18,103.5150375366211,116.01000213623048,116.25,113.25,114.0,2245000
2019-07-19,103.30982971191406,115.77999877929688,117.06999969482422,115.5199966430664,116.29000091552734,1558600
2019-07-22,105.03192901611328,117.70999908447266,118.08000183105467,115.5500030517578,116.0500030517578,1667000
2019-07-23,107.00389862060548,119.91999816894533,119.93000030517578,117.69000244140624,118.5,2307800
2019-07-24,111.2155303955078,124.63999938964844,124.79000091552734,120.51000213623048,121.0199966430664,4240300
2019-07-25,109.02049255371094,122.18000030517578,124.0999984741211,120.58000183105467,123.19000244140624,2675400
2019-07-26,108.68142700195312,121.8000030517578,123.04000091552734,121.70999908447266,122.77999877929688,1372900
2019-07-29,108.15496063232422,121.20999908447266,122.5,120.81999969482422,122.08000183105467,1694700
2019-07-30,107.9319076538086,120.95999908447266,121.37999725341795,119.56999969482422,120.3000030517578,1163000
2019-07-31,104.8088836669922,117.45999908447266,120.97000122070312,116.05999755859376,120.97000122070312,2460100
2019-08-01,102.13198852539062,114.45999908447266,120.1500015258789,113.11000061035156,117.77999877929688,2978600
2019-08-02,100.54369354248048,112.68000030517578,114.94000244140624,112.23999786376952,114.20999908447266,2717700
2019-08-05,96.03760528564452,107.62999725341795,109.8499984741211,106.13999938964844,109.44000244140624,3642300
2019-08-06,97.50989532470705,109.27999877929688,110.38999938964844,108.12999725341795,108.86000061035156,2868500
2019-08-07,97.99172973632812,109.81999969482422,110.26000213623048,107.16000366210938,107.8499984741211,2048700
2019-08-08,100.23140716552734,112.33000183105467,112.45999908447266,109.4000015258789,110.22000122070312,1837600
2019-08-09,98.74126434326172,110.66000366210938,111.8499984741211,109.77999877929688,111.2300033569336,1713700
2019-08-12,97.22437286376952,108.95999908447266,110.62000274658205,108.27999877929688,110.22000122070312,1395200
2019-08-13,100.84708404541016,113.0199966430664,113.58000183105467,108.13999938964844,109.11000061035156,3047900
2019-08-14,98.428955078125,110.30999755859376,111.70999908447266,109.5500030517578,110.58000183105467,1840600
2019-08-15,96.76929473876952,108.4499969482422,110.9499969482422,107.80999755859376,110.61000061035156,2161500
2019-08-16,98.6163558959961,110.5199966430664,111.25,109.1999969482422,109.80999755859376,2576200
2019-08-19,99.19631958007812,111.16999816894533,113.72000122070312,110.80999755859376,113.05999755859376,2784500
2019-08-20,98.41111755371094,110.29000091552734,111.45999908447266,109.93000030517578,110.37000274658205,2254700
2019-08-21,96.89421081542967,108.58999633789062,111.6999969482422,107.77999877929688,109.0,3236500
2019-08-22,96.9299087524414,108.62999725341795,109.4000015258789,107.22000122070312,108.5500030517578,2761400
2019-08-23,92.95027923583984,104.16999816894533,107.51000213623048,103.72000122070312,106.9800033569336,4382700
2019-08-26,94.60993957519533,106.02999877929688,106.08999633789062,105.0,105.56999969482422,2510400
2019-08-27,95.52008819580078,107.0500030517578,107.79000091552734,106.31999969482422,107.29000091552734,2222700
2019-08-28,96.39451599121094,108.02999877929688,108.05999755859376,105.83000183105467,106.44000244140624,1553300
2019-08-29,97.7666015625,109.0199966430664,110.37000274658205,108.83999633789062,109.26000213623048,1949100
2019-08-30,98.49299621582033,109.83000183105467,110.95999908447266,109.16999816894533,109.95999908447266,1881700
2019-09-03,95.3991241455078,106.37999725341795,108.9499969482422,105.83000183105467,108.70999908447266,2607300
2019-09-04,97.91902923583984,109.19000244140624,109.2300033569336,108.13999938964844,108.20999908447266,1181100
2019-09-05,101.35370635986328,113.0199966430664,113.9000015258789,111.0999984741211,111.2699966430664,2294800
2019-09-06,101.03982543945312,112.66999816894533,113.5500030517578,112.43000030517578,113.2300033569336,1217100
2019-09-09,101.2191925048828,112.87000274658205,113.7699966430664,112.27999877929688,113.19000244140624,1208600
2019-09-10,102.21460723876952,113.9800033569336,113.9800033569336,111.25,112.36000061035156,1459700
2019-09-11,103.16517639160156,115.04000091552734,116.37999725341795,113.20999908447266,114.02999877929688,2387300
2019-09-12,104.21443939208984,116.20999908447266,118.45999908447266,115.52999877929688,118.0,2053700
2019-09-13,104.492431640625,116.5199966430664,116.98999786376952,115.41999816894533,116.02999877929688,1646300
2019-09-16,103.3625030517578,115.26000213623048,115.80999755859376,114.56999969482422,115.18000030517578,1192000
2019-09-17,103.38043975830078,115.27999877929688,115.87000274658205,114.44000244140624,114.9800033569336,1426800
2019-09-18,104.5282974243164,116.55999755859376,116.62000274658205,114.81999969482422,115.20999908447266,1350500
2019-09-19,103.91847229003906,115.87999725341795,116.83999633789062,115.06999969482422,116.0999984741211,1636000
2019-09-20,103.42526245117188,115.33000183105467,116.62000274658205,114.62000274658205,115.76000213623048,3204100
2019-09-23,102.49264526367188,114.29000091552734,115.13999938964844,113.4000015258789,114.9499969482422,1593900
2019-09-24,99.50634765625,110.95999908447266,115.05999755859376,110.61000061035156,115.04000091552734,2916400
2019-09-25,101.04881286621094,112.68000030517578,113.05999755859376,109.76000213623048,111.13999938964844,2349700
2019-09-26,101.46131896972656,113.13999938964844,113.44000244140624,111.66999816894533,112.8499984741211,1020500
2019-09-27,99.57810974121094,111.04000091552734,113.86000061035156,110.37000274658205,112.95999908447266,1517800
2019-09-30,100.19686126708984,111.7300033569336,112.23999786376952,110.54000091552734,112.1500015258789,2276600
2019-10-01,98.44815063476562,109.77999877929688,116.19000244140624,109.55999755859376,114.80999755859376,2901800
2019-10-02,97.7217788696289,108.97000122070312,109.80999755859376,108.11000061035156,109.12999725341795,1545800
2019-10-03,99.42565155029295,110.87000274658205,111.3000030517578,108.0,108.87000274658205,1816100
2019-10-04,101.36266326904295,113.02999877929688,113.22000122070312,111.19000244140624,111.8499984741211,1437500
2019-10-07,99.39873504638672,110.83999633789062,113.29000091552734,110.77999877929688,112.91999816894533,1658300
2019-10-08,95.1749038696289,106.12999725341795,110.36000061035156,106.08999633789062,109.98999786376952,3196500
2019-10-09,96.91468048095705,108.06999969482422,108.87000274658205,106.77999877929688,107.7699966430664,1869200
2019-10-10,97.24649047851562,108.44000244140624,109.7699966430664,107.5199966430664,107.8000030517578,1883200
2019-10-11,99.73949432373048,111.22000122070312,112.72000122070312,109.7300033569336,109.7300033569336,2613900
2019-10-14,98.9503402709961,110.33999633789062,111.0,109.98999786376952,110.56999969482422,1755600
2019-10-15,101.59583282470705,113.29000091552734,113.41000366210938,110.5,110.75,2615400
2019-10-16,99.17453002929688,110.58999633789062,113.25,110.38999938964844,112.70999908447266,1928100
2019-10-17,98.64543151855467,110.0,112.26000213623048,109.62999725341795,111.7699966430664,1494100
2019-10-18,98.17911529541016,109.4800033569336,110.43000030517578,108.41999816894533,110.16999816894533,1444800
2019-10-21,99.640869140625,111.11000061035156,111.4800033569336,109.98999786376952,110.19000244140624,1327300
2019-10-22,99.4346160888672,110.87999725341795,112.23999786376952,110.7300033569336,111.25,1641100
2019-10-23,94.67271423339844,105.56999969482422,107.75,104.58000183105467,107.5,4584000
2019-10-24,94.4485321044922,105.31999969482422,106.68000030517578,104.91999816894533,106.37000274658205,3038400
2019-10-25,95.80265808105467,106.83000183105467,107.02999877929688,105.12000274658205,105.5500030517578,1867700
2019-10-28,97.59620666503906,108.83000183105467,109.08000183105467,107.41999816894533,107.6999969482422,2085000
2019-10-29,96.89672088623048,108.0500030517578,110.12000274658205,107.83999633789062,109.23999786376952,2765800
2019-10-30,97.07609558105467,108.25,110.98999786376952,107.7699966430664,110.51000213623048,2543700
2019-10-31,95.62329864501952,106.62999725341795,107.6999969482422,104.9499969482422,107.6999969482422,3847400
2019-11-01,98.0804672241211,109.37000274658205,109.91999816894533,107.55999755859376,107.62000274658205,1991800
2019-11-04,99.89195251464844,111.38999938964844,112.26000213623048,110.3499984741211,111.06999969482422,1681300
2019-11-05,101.73931121826172,113.4499969482422,114.43000030517578,111.33999633789062,111.47000122070312,3043500
2019-11-06,100.46590423583984,112.02999877929688,113.22000122070312,110.6500015258789,113.0,1676800
2019-11-07,100.69905853271484,112.29000091552734,113.81999969482422,111.52999877929688,113.7699966430664,1139200
2019-11-08,101.35370635986328,113.0199966430664,113.04000091552734,111.16999816894533,111.9800033569336,1123900
2019-11-11,100.9322280883789,112.5500030517578,112.73999786376952,111.41999816894533,112.5500030517578,1263500
2019-11-12,101.56893920898438,113.26000213623048,114.01000213623048,112.73999786376952,113.02999877929688,2277100
2019-11-13,102.38499450683594,114.16999816894533,114.38999938964844,111.91000366210938,112.26000213623048,1683600
2019-11-14,101.62274169921876,113.31999969482422,113.6999969482422,112.54000091552734,113.6999969482422,1102200
2019-11-15,101.69447326660156,113.4000015258789,114.9499969482422,112.58999633789062,114.6999969482422,1767400
2019-11-18,100.41210174560548,111.97000122070312,113.02999877929688,111.6999969482422,113.02999877929688,1845200
2019-11-19,100.1789321899414,111.70999908447266,113.02999877929688,111.56999969482422,112.7300033569336,1876200
2019-11-20,97.3720245361328,108.58000183105467,110.83000183105467,108.22000122070312,110.8000030517578,2987600
2019-11-21,97.5513687133789,108.77999877929688,109.23999786376952,107.8499984741211,109.05999755859376,2903000
2019-11-22,99.22834777832033,110.6500015258789,111.08000183105467,109.13999938964844,111.08000183105467,1783600
2019-11-25,101.27300262451172,112.93000030517578,113.47000122070312,111.31999969482422,111.62000274658205,3030500
2019-11-26,103.03068542480467,114.88999938964844,115.4499969482422,107.51000213623048,108.62000274658205,7432900
2019-11-27,101.9635238647461,113.6999969482422,116.30999755859376,113.02999877929688,116.11000061035156,3948800
2019-11-29,101.29093170166016,112.9499969482422,114.38999938964844,112.44000244140624,113.02999877929688,1036700
2019-12-02,99.775390625,111.26000213623048,113.36000061035156,110.93000030517578,113.05999755859376,1715800
2019-12-03,98.86963653564452,110.25,110.43000030517578,108.66999816894533,109.54000091552734,2108500
2019-12-04,102.582275390625,114.38999938964844,114.51000213623048,111.8000030517578,111.8000030517578,2890100
2019-12-05,102.20384979248048,113.43000030517578,115.2300033569336,113.16000366210938,113.9499969482422,2443400
2019-12-06,104.42039489746094,115.88999938964844,116.0999984741211,114.4000015258789,114.73999786376952,2150300
2019-12-09,103.27609252929688,114.62000274658205,115.77999877929688,114.51000213623048,115.77999877929688,1551800
2019-12-10,103.08687591552734,114.41000366210938,115.44000244140624,114.02999877929688,114.58000183105467,2815900
2019-12-11,104.38435363769533,115.8499984741211,116.48999786376952,114.79000091552734,114.9499969482422,2203200
2019-12-12,106.15035247802734,117.80999755859376,118.66000366210938,115.61000061035156,115.87000274658205,2424000
2019-12-13,107.01534271240234,118.7699966430664,119.47000122070312,116.9000015258789,117.58000183105467,1644300
2019-12-16,107.09644317626952,118.86000061035156,120.5,118.48999786376952,119.5199966430664,2062500
2019-12-17,107.06040954589844,118.81999969482422,119.41000366210938,118.06999969482422,118.91000366210938,1467400
2019-12-18,105.42054748535156,117.0,119.52999877929688,116.86000061035156,118.88999938964844,2708400
2019-12-19,106.9522933959961,118.6999969482422,118.81999969482422,117.12999725341795,117.37999725341795,1591000
2019-12-20,107.96145629882812,119.81999969482422,120.22000122070312,117.9000015258789,120.18000030517578,4449000
2019-12-23,107.3757781982422,119.16999816894533,120.5500030517578,119.02999877929688,120.0,1565700
2019-12-24,107.871337890625,119.72000122070312,119.87999725341795,119.11000061035156,119.26000213623048,487800
2019-12-26,107.88035583496094,119.7300033569336,120.12999725341795,119.26000213623048,119.66999816894533,912600
2019-12-27,107.6280746459961,119.4499969482422,120.0,118.98999786376952,119.72000122070312,1360900
2019-12-30,107.09644317626952,118.86000061035156,119.4499969482422,117.94000244140624,119.27999877929688,1107300
2019-12-31,107.07843780517578,118.83999633789062,119.13999938964844,118.13999938964844,118.81999969482422,963500
2020-01-02,108.51107025146484,120.43000030517578,120.6500015258789,118.73999786376952,120.11000061035156,1279300
2020-01-03,106.60088348388672,118.30999755859376,119.66999816894533,117.7300033569336,118.0,1374400
2020-01-06,105.34844207763672,116.91999816894533,117.31999969482422,115.61000061035156,116.25,1979400
2020-01-07,107.74519348144533,119.58000183105467,120.87999725341795,118.4000015258789,118.9000015258789,2214700
2020-01-08,108.71829986572266,120.66000366210938,121.45999908447266,119.69000244140624,120.30999755859376,2036500
2020-01-09,108.71829986572266,120.66000366210938,121.69000244140624,119.73999786376952,121.62999725341795,1418500
2020-01-10,106.83515167236328,118.56999969482422,120.80999755859376,118.37000274658205,120.8000030517578,1610500
2020-01-13,107.27667999267578,119.05999755859376,119.63999938964844,118.22000122070312,118.77999877929688,1357600
2020-01-14,107.70013427734376,119.52999877929688,120.58999633789062,118.6999969482422,118.9800033569336,1326800
2020-01-15,105.88007354736328,117.51000213623048,119.41000366210938,117.2300033569336,119.41000366210938,1729200
2020-01-16,107.3397445678711,119.12999725341795,119.22000122070312,118.01000213623048,118.4800033569336,1413600
2020-01-17,107.64608764648438,119.47000122070312,119.91999816894533,119.0199966430664,119.75,2303300
2020-01-21,107.50189971923828,119.30999755859376,119.66999816894533,118.0,118.19000244140624,2548400
2020-01-22,108.50205993652344,120.41999816894533,121.0500030517578,119.27999877929688,119.63999938964844,1654700
2020-01-23,108.89852142333984,120.86000061035156,121.06999969482422,118.8499984741211,120.41999816894533,2170200
2020-01-24,105.9341278076172,117.56999969482422,122.1999969482422,116.9000015258789,121.77999877929688,1972200
2020-01-27,101.10460662841795,112.20999908447266,114.9800033569336,112.1999969482422,114.6500015258789,2737800
2020-01-28,102.99674987792967,114.30999755859376,114.58999633789062,113.0500030517578,114.02999877929688,2670500
2020-01-29,102.02366638183594,113.2300033569336,114.47000122070312,112.5999984741211,114.30999755859376,3500900
2020-01-30,101.248779296875,112.37000274658205,113.5,110.95999908447266,112.2300033569336,2761000
2020-01-31,98.88807678222656,109.75,111.72000122070312,109.1999969482422,111.66000366210938,3245400
2020-02-03,99.1133270263672,110.0,111.61000061035156,109.5500030517578,110.6999969482422,2134800
2020-02-04,101.3298568725586,112.45999908447266,113.37999725341795,111.62000274658205,112.26000213623048,2249800
2020-02-05,105.1322021484375,116.68000030517578,117.05999755859376,114.11000061035156,115.08000183105467,2192400
2020-02-06,104.33029174804688,115.79000091552734,117.19000244140624,115.3499984741211,116.94000244140624,1398100
2020-02-07,101.15865325927734,112.2699966430664,115.13999938964844,112.11000061035156,115.0,1663800
2020-02-10,101.72631072998048,112.9000015258789,112.9000015258789,110.4499969482422,110.91000366210938,1813900
2020-02-11,105.31240844726562,116.87999725341795,117.7699966430664,113.4499969482422,113.4499969482422,2765500
2020-02-12,107.05142974853516,118.80999755859376,119.0500030517578,117.29000091552734,117.41000366210938,1856000
2020-02-13,107.11446380615234,118.87999725341795,119.04000091552734,116.9499969482422,118.2300033569336,2391100
2020-02-14,106.0062255859375,117.6500015258789,119.37000274658205,116.6999969482422,119.0500030517578,1869000
2020-02-18,106.83515167236328,118.56999969482422,118.88999938964844,116.06999969482422,116.2300033569336,3074300
2020-02-19,111.62860870361328,123.88999938964844,127.3000030517578,122.38999938964844,125.05999755859376,4598900
2020-02-20,112.22332000732422,124.5500030517578,125.56999969482422,122.37000274658205,124.4000015258789,3062400
2020-02-21,110.61048889160156,122.76000213623048,123.97000122070312,120.80999755859376,122.91999816894533,2813700
2020-02-24,105.7449188232422,117.36000061035156,119.69000244140624,116.97000122070312,119.33999633789062,3041400
2020-02-25,103.31212615966795,114.66000366210938,118.77999877929688,113.37999725341795,118.54000091552734,3251400
2020-02-26,103.4743194580078,114.83999633789062,117.38999938964844,114.29000091552734,115.9800033569336,2896600
2020-02-27,97.58582305908205,107.72000122070312,113.70999908447266,107.56999969482422,111.81999969482422,3541300
2020-02-28,98.79071807861328,109.0500030517578,110.05999755859376,103.5,103.95999908447266,6033200
2020-03-02,100.80182647705078,111.2699966430664,111.44000244140624,107.23999786376952,110.08999633789062,3979400
2020-03-03,97.11474609375,107.1999969482422,113.19000244140624,106.56999969482422,110.12999725341795,3416000
2020-03-04,101.87989807128906,112.45999908447266,112.54000091552734,106.68000030517578,109.0,2181000
2020-03-05,98.6276397705078,108.87000274658205,112.06999969482422,107.91999816894533,109.02999877929688,2197200
2020-03-06,96.93356323242188,107.0,107.45999908447266,104.51000213623048,105.0,3801200
2020-03-09,88.33637237548828,97.51000213623048,103.61000061035156,97.11000061035156,99.61000061035156,4936400
2020-03-10,92.80256652832033,102.44000244140624,102.54000091552734,96.12000274658205,100.12999725341795,4355300
2020-03-11,85.52801513671875,94.41000366210938,100.6500015258789,93.95999908447266,99.4800033569336,4167900
2020-03-12,81.54195404052734,90.01000213623047,95.36000061035156,87.25,89.79000091552734,8483800
2020-03-13,90.40186309814452,99.79000091552734,100.45999908447266,89.36000061035156,94.87999725341795,6399300
2020-03-16,75.38169860839844,83.20999908447266,92.86000061035156,83.0199966430664,89.83999633789062,7287000
2020-03-17,86.46112060546875,95.44000244140624,96.9000015258789,82.31999969482422,86.13999938964844,5555700
2020-03-18,74.49390411376953,82.2300033569336,92.48999786376952,79.08000183105469,87.44000244140625,5725800
2020-03-19,81.82279968261719,90.31999969482422,91.6999969482422,79.44000244140625,82.44000244140625,4465000
2020-03-20,77.0757827758789,85.08000183105469,93.37000274658205,84.87999725341797,92.41000366210938,4567500
2020-03-23,77.14826965332031,85.16000366210938,87.51000213623047,80.51000213623047,85.77999877929688,4063700
2020-03-24,84.91199493408203,93.7300033569336,94.0,87.44000244140625,89.77999877929688,3651400
2020-03-25,85.48271942138672,94.36000061035156,97.44000244140624,89.73999786376953,92.66000366210938,3859600
2020-03-26,83.90641021728516,92.62000274658205,96.5,90.86000061035156,94.52999877929688,5063600
2020-03-27,80.32801818847656,88.66999816894531,92.62999725341795,88.26000213623047,89.26000213623047,3009900
2020-03-30,82.41165161132812,90.97000122070312,91.47000122070312,87.5999984741211,89.54000091552734,3268200
2020-03-31,81.21583557128906,89.6500015258789,92.2699966430664,89.18000030517578,90.55999755859376,3432100
2020-04-01,76.17890167236328,84.08999633789062,88.11000061035156,83.66999816894531,86.04000091552734,3231900
2020-04-02,79.44926452636719,87.69999694824219,88.2699966430664,82.9000015258789,83.12999725341797,3638200
2020-04-03,78.4165267944336,86.55999755859375,88.80000305175781,85.33999633789062,87.38999938964844,2253800
2020-04-06,86.78722381591797,95.8000030517578,96.3000030517578,89.91999816894531,90.13999938964844,3673600
2020-04-07,87.19491577148438,96.25,100.91999816894533,95.8499984741211,99.0199966430664,3814800
2020-04-08,91.86040496826172,101.4000015258789,101.55999755859376,95.75,97.22000122070312,3001300
2020-04-09,89.49595642089844,98.79000091552734,103.56999969482422,97.87000274658205,101.33999633789062,2806200
2020-04-13,90.2931671142578,99.66999816894533,100.22000122070312,97.33000183105467,97.5199966430664,2348300
2020-04-14,93.3279800415039,103.0199966430664,103.3000030517578,100.06999969482422,101.8000030517578,3177900
2020-04-15,90.99976348876952,100.4499969482422,101.16000366210938,98.2699966430664,100.7300033569336,1884100
2020-04-16,92.24996948242188,101.83000183105467,102.33999633789062,99.11000061035156,101.5199966430664,2621700
2020-04-17,93.1286849975586,102.8000030517578,104.7300033569336,101.38999938964844,103.95999908447266,1917000
2020-04-20,91.41650390625,100.91000366210938,103.02999877929688,100.0,102.16000366210938,1498300
2020-04-21,87.39421081542969,96.47000122070312,99.06999969482422,96.0500030517578,98.05999755859376,4028000
2020-04-22,92.5126724243164,102.12000274658205,102.72000122070312,99.26000213623048,99.93000030517578,3170600
2020-04-23,92.2318344116211,101.80999755859376,103.94000244140624,101.12000274658205,102.08000183105467,2585200
2020-04-24,95.9551773071289,105.91999816894533,106.43000030517578,101.61000061035156,101.61000061035156,2899900
2020-04-27,97.8666534423828,108.02999877929688,108.55999755859376,106.22000122070312,106.61000061035156,1848900
2020-04-28,97.48616790771484,107.61000061035156,111.8000030517578,107.48999786376952,110.93000030517578,1648700
2020-04-29,102.67708587646484,113.33999633789062,114.05999755859376,109.1999969482422,109.33999633789062,2544300
2020-04-30,99.2889633178711,109.5999984741211,113.0,109.3499984741211,111.4499969482422,2455900
2020-05-01,93.8896484375,103.63999938964844,107.29000091552734,103.2300033569336,106.37000274658205,2782100
2020-05-04,93.67223358154295,103.4000015258789,103.83999633789062,100.98999786376952,103.12999725341795,2550500
2020-05-05,95.97329711914062,105.94000244140624,107.3000030517578,105.13999938964844,105.73999786376952,1818400
2020-05-06,95.34820556640624,105.25,107.6999969482422,104.8000030517578,106.83000183105467,1328700
2020-05-07,96.34471130371094,106.3499984741211,107.73999786376952,105.83000183105467,106.95999908447266,1159000
2020-05-08,99.497314453125,109.83000183105467,109.87000274658205,106.5,107.12000274658205,1286200
2020-05-11,98.219970703125,108.41999816894533,109.44000244140624,107.25,108.04000091552734,1436600
2020-05-12,96.57119750976562,106.5999984741211,110.66000366210938,106.4499969482422,109.37999725341795,2018400
2020-05-13,94.03461456298828,103.8000030517578,107.37999725341795,102.36000061035156,106.51000213623048,2470100
2020-05-14,95.5656280517578,105.48999786376952,105.56999969482422,100.45999908447266,103.51000213623048,2053000
2020-05-15,92.22276306152344,101.8000030517578,103.55999755859376,100.08999633789062,103.0500030517578,4237500
2020-05-18,98.14749908447266,108.33999633789062,109.16000366210938,104.56999969482422,105.08000183105467,2536200
2020-05-19,96.32659149169922,106.33000183105467,110.37999725341795,106.11000061035156,107.80999755859376,3591500
2020-05-20,103.79137420654295,114.56999969482422,115.56999969482422,110.86000061035156,111.69000244140624,4753400
2020-05-21,100.56629943847656,111.01000213623048,114.23999786376952,110.0999984741211,113.41999816894533,3021000
2020-05-22,100.61160278320312,111.05999755859376,111.8000030517578,109.5199966430664,110.76000213623048,1764900
2020-05-26,102.0973129272461,112.6999969482422,115.23999786376952,112.5500030517578,113.87000274658205,2112200
2020-05-27,103.89103698730467,114.68000030517578,115.38999938964844,111.62999725341795,113.81999969482422,1825600
2020-05-28,101.06741333007812,110.95999908447266,114.36000061035156,110.45999908447266,114.16999816894533,2274200
2020-05-29,102.88001251220705,112.9499969482422,113.30999755859376,110.41000366210938,111.30999755859376,2913300
2020-06-01,102.72515869140624,112.77999877929688,113.44000244140624,111.33000183105467,112.37000274658205,1209500
2020-06-02,106.38675689697266,116.8000030517578,116.87000274658205,112.44000244140624,113.0,3112600
2020-06-03,110.77701568603516,121.62000274658205,122.87000274658205,118.38999938964844,118.8499984741211,3762300
2020-06-04,111.46925354003906,122.37999725341795,122.86000061035156,119.87000274658205,119.87000274658205,1653200
2020-06-05,113.48223876953124,124.58999633789062,127.38999938964844,123.95999908447266,124.8499984741211,3549800
2020-06-08,112.68070220947266,123.70999908447266,125.3499984741211,122.83000183105467,125.0,1809800
2020-06-09,112.38921356201172,123.38999938964844,124.36000061035156,121.56999969482422,122.0500030517578,2471500
2020-06-10,111.92469024658205,122.87999725341795,124.58000183105467,121.98999786376952,124.19000244140624,1892700
2020-06-11,105.33927154541016,115.6500015258789,121.18000030517578,115.43000030517578,120.95999908447266,3210500
2020-06-12,107.8532257080078,118.41000366210938,119.6999969482422,115.5,119.51000213623048,3138700
2020-06-15,107.93519592285156,118.5,118.66999816894533,115.06999969482422,116.1500015258789,1695500
2020-06-16,111.75164794921876,122.69000244140624,124.3499984741211,120.1999969482422,123.62999725341795,2706300
2020-06-17,111.60589599609376,122.52999877929688,123.73999786376952,121.8499984741211,122.58999633789062,1478900
2020-06-18,111.86093139648438,122.80999755859376,123.47000122070312,121.98999786376952,122.36000061035156,1248700
2020-06-19,109.46540069580078,120.18000030517578,124.38999938964844,119.94000244140624,124.38999938964844,4495800
2020-06-22,109.75688934326172,120.5,120.7300033569336,118.3499984741211,120.0199966430664,2034600
2020-06-23,112.26168060302734,123.25,124.51000213623048,120.97000122070312,122.5,2693900
2020-06-24,108.81871032714844,119.47000122070312,122.61000061035156,118.62999725341795,122.37999725341795,2102900
2020-06-25,109.39252471923828,120.0999984741211,120.3000030517578,117.61000061035156,119.81999969482422,1809100
2020-06-26,107.3613510131836,117.87000274658205,120.0199966430664,117.13999938964844,119.87000274658205,2264100
2020-06-29,108.39060974121094,119.0,119.30999755859376,117.11000061035156,118.91000366210938,1406200
2020-06-30,111.70609283447266,122.63999938964844,123.1999969482422,119.01000213623048,119.5199966430664,2400500
2020-07-01,109.63846588134766,120.37000274658205,122.41999816894533,120.3000030517578,122.29000091552734,1587300
2020-07-02,110.43089294433594,121.23999786376952,122.80999755859376,120.73999786376952,122.41000366210938,1624100
2020-07-06,112.59872436523438,123.62000274658205,124.51000213623048,122.87999725341795,122.95999908447266,1273300
2020-07-07,111.6878662109375,122.62000274658205,124.36000061035156,121.54000091552734,121.69000244140624,1920300
2020-07-08,111.90648651123048,122.86000061035156,123.5999984741211,120.98999786376952,123.06999969482422,1818900
2020-07-09,113.1178970336914,124.19000244140624,125.04000091552734,121.04000091552734,122.47000122070312,1840900
2020-07-10,113.4002456665039,124.5,125.08000183105467,122.80999755859376,124.41000366210938,1769000
2020-07-13,106.796630859375,117.25,122.93000030517578,116.45999908447266,121.7300033569336,14320000
2020-07-14,107.4888687133789,118.01000213623048,118.27999877929688,113.80999755859376,116.19000244140624,6274100
2020-07-15,107.38868713378906,117.9000015258789,119.36000061035156,116.95999908447266,119.26000213623048,4159200
2020-07-16,105.63985443115234,115.9800033569336,116.9000015258789,114.91000366210938,116.72000122070312,4183100
2020-07-17,106.34121704101562,116.75,117.16999816894533,115.76000213623048,116.45999908447266,2709200
2020-07-20,106.6235580444336,117.05999755859376,117.8499984741211,115.54000091552734,117.04000091552734,3532200
2020-07-21,104.36469268798828,114.58000183105467,117.48999786376952,113.88999938964844,117.29000091552734,5033300
2020-07-22,103.72708129882812,113.87999725341795,115.01000213623048,113.0500030517578,114.63999938964844,4271300
2020-07-23,101.96003723144533,111.94000244140624,113.98999786376952,110.47000122070312,113.55999755859376,4216300
2020-07-24,102.20597076416016,112.20999908447266,113.97000122070312,110.83999633789062,110.98999786376952,3736100
2020-07-27,105.47592163085938,115.8000030517578,116.08000183105467,112.91000366210938,113.12000274658205,3977500
2020-07-28,105.13890075683594,115.43000030517578,115.98999786376952,113.7699966430664,114.7699966430664,4393700
2020-07-29,107.05166625976562,117.52999877929688,117.76000213623048,115.61000061035156,115.95999908447266,3944200
2020-07-30,105.93132019042967,116.3000030517578,116.55999755859376,114.16999816894533,114.73999786376952,3164100
2020-07-31,104.61061096191406,114.8499984741211,116.52999877929688,113.37000274658205,116.52999877929688,3293300
2020-08-03,106.1772689819336,116.56999969482422,116.80999755859376,115.11000061035156,115.87000274658205,3068200
2020-08-04,106.73287200927734,117.18000030517578,118.04000091552734,116.12000274658205,116.37000274658205,3310000
2020-08-05,105.81291961669922,116.16999816894533,116.73999786376952,114.93000030517578,116.58000183105467,3115000
2020-08-06,106.33208465576172,116.73999786376952,117.1500015258789,115.06999969482422,116.11000061035156,2299200
2020-08-07,105.94954681396484,116.31999969482422,117.3000030517578,115.5199966430664,116.87000274658205,2110800
2020-08-10,106.35032653808594,116.76000213623048,117.30999755859376,115.45999908447266,116.23999786376952,3412000
2020-08-11,106.16814422607422,116.55999755859376,119.43000030517578,116.33000183105467,117.31999969482422,4316100
2020-08-12,108.59101104736328,119.22000122070312,119.56999969482422,116.75,117.1999969482422,3601900
2020-08-13,107.57998657226562,118.11000061035156,119.13999938964844,117.5500030517578,118.25,2894300
2020-08-14,106.73287200927734,117.18000030517578,119.05999755859376,117.06999969482422,118.56999969482422,2079800
2020-08-17,106.96968841552734,117.44000244140624,118.5,117.25,118.43000030517578,2592400
2020-08-18,107.37044525146484,117.87999725341795,118.69000244140624,117.19000244140624,118.01000213623048,5718000
2020-08-19,107.61640167236328,118.1500015258789,119.47000122070312,117.51000213623048,118.5,4722400
2020-08-20,106.97879028320312,117.4499969482422,118.5,116.63999938964844,117.72000122070312,2866800
2020-08-21,105.6762924194336,116.0199966430664,117.2300033569336,115.73999786376952,117.06999969482422,3055900
2020-08-24,106.77842712402344,117.2300033569336,117.54000091552734,116.22000122070312,117.20999908447266,2292200
2020-08-25,109.21038818359376,119.9000015258789,120.0,117.4000015258789,117.4000015258789,3007000
2020-08-26,109.76598358154295,120.51000213623048,121.25,118.9800033569336,119.91000366210938,3462600
2020-08-27,108.98777770996094,119.04000091552734,120.97000122070312,117.9499969482422,120.9499969482422,3055400
2020-08-28,109.48217010498048,119.58000183105467,119.62000274658205,118.29000091552734,119.12999725341795,2123100
2020-08-31,107.01016235351562,116.87999725341795,118.9800033569336,116.8000030517578,118.75,2948000
2020-09-01,108.73141479492188,118.76000213623048,118.87000274658205,116.86000061035156,117.79000091552734,2787000
2020-09-02,111.54216003417967,121.83000183105467,122.5199966430664,118.75,119.12999725341795,5158000
2020-09-03,107.22988891601562,117.12000274658205,121.36000061035156,116.76000213623048,121.3499984741211,5880300
2020-09-04,107.52288055419922,117.44000244140624,118.38999938964844,114.25,117.11000061035156,3766400
2020-09-08,103.39371490478516,112.93000030517578,116.23999786376952,112.8000030517578,114.38999938964844,5379100
2020-09-09,105.71007537841795,115.45999908447266,116.25,114.20999908447266,114.95999908447266,3698400
2020-09-10,104.62056732177734,114.2699966430664,116.8499984741211,113.66999816894533,115.80999755859376,2403800
2020-09-11,104.19023895263672,113.8000030517578,115.79000091552734,112.5,115.12000274658205,2361900
2020-09-14,104.9410171508789,114.62000274658205,115.77999877929688,113.69000244140624,115.77999877929688,2350500
2020-09-15,106.25940704345705,116.05999755859376,116.9800033569336,115.1500015258789,115.5199966430664,2237300
2020-09-16,105.8016128540039,115.55999755859376,117.7300033569336,115.44000244140624,117.01000213623048,2476800
2020-09-17,105.7375259399414,115.48999786376952,115.62999725341795,112.5999984741211,112.80999755859376,2537800
2020-09-18,105.20652770996094,114.91000366210938,116.3000030517578,114.08999633789062,116.04000091552734,5849900
2020-09-21,104.30927276611328,113.93000030517578,114.04000091552734,111.87999725341795,112.97000122070312,3282100
2020-09-22,105.01424407958984,114.6999969482422,114.75,112.91000366210938,114.13999938964844,2220100
2020-09-23,103.00003814697266,112.5,115.62999725341795,112.18000030517578,114.88999938964844,3149800
2020-09-24,103.16483306884766,112.68000030517578,114.31999969482422,111.45999908447266,111.98999786376952,2255500
2020-09-25,103.89727783203124,113.4800033569336,113.66000366210938,110.66000366210938,111.7699966430664,2293600
2020-09-28,107.1749496459961,117.05999755859376,117.06999969482422,114.7699966430664,115.31999969482422,2071500
2020-09-29,106.7995834350586,116.6500015258789,117.94000244140624,115.83999633789062,115.98999786376952,2293900
2020-09-30,106.88198852539062,116.73999786376952,118.25,116.20999908447266,116.70999908447266,3185100
2020-10-01,108.94198608398438,118.98999786376952,119.63999938964844,117.37000274658205,118.9800033569336,3092800
2020-10-02,104.38250732421876,114.01000213623048,117.9499969482422,114.0,116.5,3172700
2020-10-05,106.75379943847656,116.5999984741211,116.69000244140624,114.97000122070312,115.36000061035156,4414000
2020-10-06,105.7833023071289,115.54000091552734,118.93000030517578,115.02999877929688,115.95999908447266,3773000
2020-10-07,108.64900207519533,118.66999816894533,118.9800033569336,115.79000091552734,117.0999984741211,4256000
2020-10-08,110.17798614501952,120.33999633789062,121.0999984741211,119.29000091552734,119.93000030517578,3992900
2020-10-09,112.91548919677734,123.33000183105467,124.41000366210938,121.76000213623048,122.33000183105467,3984700
2020-10-12,115.46074676513672,126.11000061035156,126.31999969482422,124.01000213623048,124.72000122070312,3053000
2020-10-13,113.15353393554688,123.58999633789062,126.48999786376952,123.31999969482422,126.3499984741211,2439600
2020-10-14,112.64998626708984,123.04000091552734,124.19000244140624,122.48999786376952,123.70999908447266,1494900
2020-10-15,113.51061248779295,123.9800033569336,124.55999755859376,120.9000015258789,121.44000244140624,2033100
2020-10-16,113.19933319091795,123.63999938964844,125.81999969482422,123.54000091552734,124.75,2232500
2020-10-19,112.2563018798828,122.61000061035156,125.26000213623048,122.33000183105467,124.62000274658205,2390800
2020-10-20,113.18102264404295,123.62000274658205,124.5199966430664,122.48999786376952,122.95999908447266,2898400
2020-10-21,114.2247314453125,124.76000213623048,125.80999755859376,123.0,124.08000183105467,3992800
2020-10-22,114.215576171875,124.75,125.13999938964844,122.91999816894533,124.55999755859376,2070400
2020-10-23,113.7120132446289,124.1999969482422,125.6500015258789,123.4499969482422,125.22000122070312,2304100
2020-10-26,110.90127563476562,121.12999725341795,123.6500015258789,119.80999755859376,123.37999725341795,2186200
2020-10-27,110.13220977783205,120.29000091552734,122.1999969482422,120.2300033569336,121.58999633789062,2475100
2020-10-28,106.63478088378906,116.47000122070312,119.54000091552734,116.1999969482422,118.9000015258789,3387200
2020-10-29,108.47504425048828,118.4800033569336,119.4499969482422,115.63999938964844,116.2300033569336,2680200
2020-10-30,108.52083587646484,118.52999877929688,118.66000366210938,116.33000183105467,117.30999755859376,3099200
2020-11-02,108.47504425048828,118.4800033569336,120.13999938964844,117.62000274658205,120.13999938964844,2445300
2020-11-03,109.6378173828125,119.75,121.30999755859376,119.2699966430664,119.5,2549900
2020-11-04,115.30509948730467,125.94000244140624,126.37999725341795,121.0199966430664,122.38999938964844,3765300
2020-11-05,119.3884735107422,130.39999389648438,130.9499969482422,126.86000061035156,127.4499969482422,3752900
2020-11-06,122.2266845703125,133.5,133.77999877929688,130.0,130.97999572753906,3814600
2020-11-09,124.35077667236328,135.82000732421875,140.3800048828125,135.6999969482422,138.55999755859375,5150800
2020-11-10,123.39859771728516,134.77999877929688,136.86000061035156,133.89999389648438,135.0,4742600
2020-11-11,125.77903747558594,137.3800048828125,138.63999938964844,135.55999755859375,135.55999755859375,2515200
2020-11-12,124.03948974609376,135.47999572753906,137.69000244140625,134.38999938964844,137.35000610351562,2013500
2020-11-13,124.7627944946289,136.27000427246094,137.92999267578125,135.67999267578125,137.42999267578125,2220300
2020-11-16,126.3558120727539,138.00999450683594,140.1699981689453,136.80999755859375,137.77999877929688,3433200
2020-11-17,124.39654541015624,135.8699951171875,137.4600067138672,135.14999389648438,136.99000549316406,2978000
2020-11-18,121.97947692871094,133.22999572753906,136.50999450683594,132.97000122070312,135.9499969482422,2359100
2020-11-19,124.67120361328124,136.1699981689453,136.22999572753906,131.5,131.66000366210938,2473900
2020-11-20,123.49016571044922,134.8800048828125,136.91000366210938,134.67999267578125,136.6199951171875,2295000
2020-11-23,125.4952392578125,137.07000732421875,137.33999633789062,135.17999267578125,135.27999877929688,2881900
2020-11-24,125.3304443359375,136.88999938964844,137.9199981689453,132.83999633789062,137.69000244140625,4677800
2020-11-25,124.46979522705078,135.9499969482422,137.9499969482422,134.9600067138672,136.61000061035156,2040200
2020-11-27,126.11780548095705,137.75,138.5500030517578,137.24000549316406,138.1199951171875,1305700
2020-11-30,127.33551788330078,139.0800018310547,139.32000732421875,137.10000610351562,137.64999389648438,3010400
2020-12-01,128.84617614746094,140.72999572753906,141.91000366210938,138.80999755859375,140.0,3161000
2020-12-02,128.78208923339844,140.66000366210938,141.63999938964844,140.07000732421875,140.7100067138672,2193000
2020-12-03,128.51539611816406,139.75,141.4199981689453,139.3300018310547,140.5800018310547,1734100
2020-12-04,132.39613342285156,143.97000122070312,144.13999938964844,139.2100067138672,139.75,3349100
2020-12-07,132.1570587158203,143.7100067138672,144.67999267578125,142.5,144.67999267578125,1734400
2020-12-08,134.3825225830078,146.1300048828125,146.30999755859375,143.2100067138672,143.25,2837400
2020-12-09,130.38218688964844,141.77999877929688,146.30999755859375,140.91000366210938,145.39999389648438,3019500
2020-12-10,129.92237854003906,141.27999877929688,142.6699981689453,140.13999938964844,140.57000732421875,2704300
2020-12-11,129.80282592773438,141.14999389648438,142.05999755859375,139.49000549316406,140.0399932861328,3216000
2020-12-14,130.8879852294922,142.3300018310547,143.92999267578125,141.66000366210938,142.05999755859375,2214400
2020-12-15,132.47889709472656,144.05999755859375,145.25999450683594,143.49000549316406,145.25999450683594,2554500
2020-12-16,131.32020568847656,142.8000030517578,144.75999450683594,141.57000732421875,144.75999450683594,1583100
2020-12-17,132.22137451171875,143.77999877929688,143.8699951171875,142.61000061035156,143.5500030517578,2354200
2020-12-18,132.93870544433594,144.55999755859375,145.0,143.44000244140625,144.3800048828125,4230700
2020-12-21,131.12709045410156,142.58999633789062,143.38999938964844,141.30999755859375,141.72999572753906,1827200
2020-12-22,132.68121337890625,144.27999877929688,144.67999267578125,142.6699981689453,142.72999572753906,2161600
2020-12-23,131.7064208984375,143.22000122070312,145.6199951171875,143.0800018310547,144.8000030517578,2200900
2020-12-24,132.85594177246094,144.47000122070312,144.47999572753906,143.00999450683594,144.11000061035156,466400
2020-12-28,133.04904174804688,144.67999267578125,147.47999572753906,144.44000244140625,146.41000366210938,1630800
2020-12-29,132.11105346679688,143.66000366210938,145.24000549316406,142.74000549316406,145.17999267578125,1130900
2020-12-30,134.428466796875,146.17999267578125,146.61000061035156,144.5,144.64999389648438,1138800
2020-12-31,135.85386657714844,147.72999572753906,147.8300018310547,145.6999969482422,146.5,1626800
2021-01-04,134.28134155273438,146.02000427246094,150.5399932861328,144.6199951171875,148.4499969482422,2496600
2021-01-05,136.68153381347656,148.6300048828125,148.6699981689453,145.13999938964844,145.77000427246094,1513700
2021-01-06,137.29763793945312,149.3000030517578,152.2899932861328,147.11000061035156,147.72999572753906,2498200
2021-01-07,143.1003875732422,155.61000061035156,156.2100067138672,151.13999938964844,151.8300018310547,2661100
2021-01-08,144.1395263671875,156.74000549316406,159.80999755859375,155.82000732421875,156.02000427246094,4204900
2021-01-11,145.57412719726562,158.3000030517578,159.1999969482422,155.00999450683594,156.1300048828125,2609400
2021-01-12,146.30064392089844,159.08999633789062,159.33999633789062,156.52000427246094,157.00999450683594,2573800
2021-01-13,145.73968505859375,158.47999572753906,161.77999877929688,158.14999389648438,160.0,2622900
2021-01-14,146.64088439941406,159.4600067138672,160.82000732421875,159.17999267578125,159.17999267578125,2028100
2021-01-15,145.06832885742188,157.75,159.05999755859375,155.52999877929688,158.02999877929688,2338000
2021-01-19,147.6340789794922,160.5399932861328,160.97000122070312,158.3000030517578,158.4600067138672,2992100
2021-01-20,146.9811248779297,159.8300018310547,162.97999572753906,159.5800018310547,161.42999267578125,2296100
2021-01-21,146.4845733642578,159.2899932861328,160.92999267578125,157.55999755859375,160.61000061035156,2469500
2021-01-22,143.07281494140625,155.5800018310547,158.94000244140625,155.4199981689453,157.72999572753906,3147200
2021-01-25,141.3623046875,153.72000122070312,157.2899932861328,152.49000549316406,157.0,3697100
2021-01-26,142.48428344726562,154.94000244140625,155.52999877929688,152.02999877929688,153.92999267578125,2329100
2021-01-27,135.62396240234375,147.47999572753906,152.82000732421875,146.75,151.08999633789062,5644400
2021-01-28,137.21490478515625,149.2100067138672,151.86000061035156,148.4499969482422,150.3699951171875,4352000
2021-01-29,135.4860382080078,147.3300018310547,149.52999877929688,146.64999389648438,148.5800018310547,3512700
2021-02-01,139.6702423095703,151.8800048828125,152.25999450683594,147.32000732421875,148.33999633789062,2958500
2021-02-02,139.6610565185547,151.8699951171875,154.25,150.99000549316406,153.02000427246094,2536500
2021-02-03,135.71592712402344,147.5800018310547,152.41000366210938,147.4600067138672,152.0,2703600
2021-02-04,138.41957092285156,150.52000427246094,150.64999389648438,147.0,147.8300018310547,2027600
2021-02-05,136.80105590820312,148.75999450683594,151.92999267578125,148.61000061035156,151.72000122070312,2169300
2021-02-08,140.88412475585938,153.1999969482422,153.3000030517578,148.75999450683594,150.16000366210938,2295700
2021-02-09,140.56227111816406,152.85000610351562,153.50999450683594,151.72999572753906,152.6999969482422,1689300
2021-02-10,140.9116668701172,153.22999572753906,154.7899932861328,151.60000610351562,154.6999969482422,1761800
2021-02-11,146.03392028808594,158.8000030517578,159.00999450683594,154.61000061035156,154.61000061035156,2981500
2021-02-12,147.8547821044922,160.77999877929688,161.39999389648438,157.91000366210938,158.99000549316406,2387900
2021-02-16,147.58807373046875,160.49000549316406,163.9499969482422,160.36000061035156,162.85000610351562,3172400
2021-02-17,146.90757751464844,159.75,162.11000061035156,155.0,157.14999389648438,3815900
2021-02-18,145.3810272216797,158.08999633789062,158.77000427246094,155.66000366210938,157.94000244140625,3807700
2021-02-19,150.63198852539062,163.8000030517578,164.39999389648438,160.0,160.6300048828125,2944000
2021-02-22,146.43858337402344,159.24000549316406,163.41000366210938,158.47000122070312,162.30999755859375,3510200
2021-02-23,145.02236938476562,157.6999969482422,158.6699981689453,153.30999755859375,157.36000061035156,3022200
2021-02-24,148.7559814453125,161.75999450683594,161.9199981689453,155.16000366210938,156.52000427246094,2748700
2021-02-25,141.9309844970703,153.67999267578125,160.14999389648438,153.2899932861328,158.6999969482422,3282600
2021-02-26,143.9073486328125,155.82000732421875,157.75,152.25999450683594,156.55999755859375,5574200
2021-03-01,146.465576171875,158.58999633789062,158.77999877929688,155.02999877929688,157.0800018310547,3385500
2021-03-02,142.4943389892578,154.2899932861328,159.41000366210938,154.02999877929688,159.41000366210938,3016500
2021-03-03,138.4768829345703,149.94000244140625,155.0,149.52000427246094,153.1699981689453,2665700
2021-03-04,133.4712371826172,144.52000427246094,149.58999633789062,142.25,149.19000244140625,4870000
2021-03-05,137.4979248046875,148.8800048828125,149.6199951171875,143.38999938964844,149.0,4040100
2021-03-08,133.04641723632812,144.05999755859375,149.55999755859375,143.77000427246094,147.77000427246094,3996300
2021-03-09,138.00587463378906,149.42999267578125,151.11000061035156,148.1699981689453,148.72999572753906,5203400
2021-03-10,135.86325073242188,147.11000061035156,151.52000427246094,147.08999633789062,151.3300018310547,3137300
2021-03-11,139.48358154296875,151.02999877929688,152.1199951171875,149.99000549316406,150.35000610351562,4462100
2021-03-12,138.1074676513672,149.5399932861328,149.8300018310547,147.5500030517578,148.60000610351562,3658500
2021-03-15,139.4558563232422,151.0,151.11000061035156,147.9600067138672,149.6199951171875,2113200
2021-03-16,141.3768310546875,153.0800018310547,154.50999450683594,151.94000244140625,152.33999633789062,2324600
2021-03-17,142.374267578125,154.16000366210938,154.8699951171875,150.07000732421875,150.4199981689453,2852800
2021-03-18,138.02435302734375,149.4499969482422,153.27999877929688,149.27999877929688,151.35000610351562,3853400
2021-03-19,140.29629516601562,151.91000366210938,153.2100067138672,147.74000549316406,149.39999389648438,4624900
2021-03-22,142.6882781982422,154.5,156.32000732421875,153.22000122070312,153.22000122070312,3321600
2021-03-23,138.98487854003906,150.49000549316406,154.97000122070312,149.6300048828125,154.58999633789062,2505200
2021-03-24,138.93865966796875,150.44000244140625,153.97000122070312,150.1999969482422,152.33999633789062,2792800
2021-03-25,138.43997192382812,149.89999389648438,150.91000366210938,146.50999450683594,148.44000244140625,2725300
2021-03-26,145.09872436523438,157.11000061035156,157.3699951171875,148.0,148.4199981689453,3686200
2021-03-29,142.08798217773438,153.85000610351562,156.2100067138672,152.02000427246094,155.02999877929688,2779000
2021-03-30,140.94277954101562,152.61000061035156,153.42999267578125,151.5,152.14999389648438,2114000
2021-03-31,143.2239532470703,155.0800018310547,156.11000061035156,153.61000061035156,154.22000122070312,3457000
2021-04-01,148.1187744140625,160.3800048828125,160.49000549316406,156.8800048828125,157.3800048828125,3345800
2021-04-05,150.990966796875,163.49000549316406,163.89999389648438,160.60000610351562,162.16000366210938,2628400
2021-04-06,149.34707641601562,161.7100067138672,163.08999633789062,159.75999450683594,162.3000030517578,2422100
2021-04-07,147.2598419189453,159.4499969482422,161.97999572753906,158.6300048828125,161.67999267578125,2062700
2021-04-08,149.7257080078125,162.1199951171875,162.22999572753906,159.5,161.6199951171875,2599500
2021-04-09,148.9130096435547,161.24000549316406,161.97000122070312,160.1699981689453,160.8000030517578,2250400
2021-04-12,147.5184326171875,159.72999572753906,160.88999938964844,158.9600067138672,160.63999938964844,2026700
2021-04-13,146.99200439453125,159.16000366210938,160.9499969482422,157.36000061035156,160.5500030517578,1704600
2021-04-14,146.34555053710938,158.4600067138672,160.6300048828125,157.64999389648438,157.7100067138672,1596400
2021-04-15,148.42352294921875,160.7100067138672,161.32000732421875,158.69000244140625,160.0,1816000
2021-04-16,147.3152618408203,159.50999450683594,161.3300018310547,159.13999938964844,160.99000549316406,1861900
2021-04-19,144.91403198242188,156.91000366210938,159.0,155.6999969482422,158.47999572753906,3405000
2021-04-20,142.6605987548828,154.47000122070312,156.25999450683594,153.57000732421875,154.89999389648438,2339700
2021-04-21,146.18850708007812,158.2899932861328,158.33999633789062,154.1199951171875,155.49000549316406,2713100
2021-04-22,143.49176025390625,155.3699951171875,158.1300048828125,154.91000366210938,157.27000427246094,2487900
2021-04-23,146.86273193359375,159.02000427246094,159.97000122070312,156.11000061035156,156.6999969482422,3415500
2021-04-26,148.35885620117188,160.63999938964844,161.89999389648438,158.27000427246094,158.6300048828125,2705500
2021-04-27,147.35218811035156,159.5500030517578,161.9199981689453,159.47000122070312,161.33999633789062,3232400
2021-04-28,144.12899780273438,156.05999755859375,158.75999450683594,155.0399932861328,158.5,3304600
2021-04-29,145.92991638183594,158.00999450683594,158.11000061035156,154.00999450683594,156.5399932861328,5833000
2021-04-30,141.45071411132812,153.16000366210938,156.30999755859375,152.57000732421875,155.5399932861328,4035000
2021-05-03,139.7513885498047,151.32000732421875,154.17999267578125,150.6999969482422,154.0,3265500
2021-05-04,140.29629516601562,151.91000366210938,152.0,148.5500030517578,150.0,3849600
2021-05-05,142.1618194580078,153.92999267578125,155.22000122070312,152.3000030517578,153.27999877929688,4415400
2021-05-06,143.5379180908203,155.4199981689453,156.47999572753906,152.86000061035156,153.99000549316406,4775100
2021-05-07,145.23728942871094,157.25999450683594,158.35000610351562,156.02000427246094,156.6699981689453,2706500
2021-05-10,139.26193237304688,150.7899932861328,157.1699981689453,150.75999450683594,156.8300018310547,4132300
2021-05-11,139.30807495117188,150.83999633789062,152.08999633789062,147.85000610351562,148.33999633789062,4643100
2021-05-12,134.88426208496094,146.0500030517578,149.00999450683594,145.64999389648438,147.39999389648438,4733000
2021-05-13,135.41995239257812,146.6300048828125,149.3300018310547,145.6199951171875,147.61000061035156,4053200
2021-05-14,138.172119140625,149.61000061035156,150.77000427246094,146.6300048828125,147.99000549316406,4852100
2021-05-17,136.77760314941406,148.10000610351562,148.82000732421875,145.8300018310547,148.3699951171875,5079800
2021-05-18,134.73651123046875,145.88999938964844,149.7899932861328,145.80999755859375,149.61000061035156,4223000
2021-05-19,141.4137725830078,153.1199951171875,153.3300018310547,144.07000732421875,145.7899932861328,7065800
2021-05-20,147.27833557128906,159.47000122070312,161.1999969482422,154.8699951171875,155.3699951171875,5986500
2021-05-21,147.17669677734375,159.36000061035156,160.77000427246094,158.97999572753906,159.69000244140625,3526700
2021-05-24,150.08587646484375,162.50999450683594,162.99000549316406,160.72999572753906,160.99000549316406,3434600
2021-05-25,151.20338439941406,163.72000122070312,165.1699981689453,162.69000244140625,164.30999755859375,3327300
2021-05-26,151.3511962890625,163.8800048828125,165.16000366210938,162.6699981689453,163.72000122070312,4016300
2021-05-27,151.36973571777344,163.2100067138672,165.35000610351562,162.94000244140625,163.19000244140625,3469200
2021-05-28,152.6588897705078,164.60000610351562,165.6199951171875,163.0800018310547,163.72999572753906,2750200
2021-06-01,151.8148956298828,163.69000244140625,166.32000732421875,162.1699981689453,163.75999450683594,2981800
2021-06-02,152.5661163330078,164.5,165.32000732421875,163.36000061035156,163.86000061035156,2071800
2021-06-03,150.3124237060547,162.07000732421875,163.72999572753906,161.02000427246094,161.63999938964844,2553700
2021-06-04,153.5677947998047,165.5800018310547,166.14999389648438,162.38999938964844,162.38999938964844,2443000
2021-06-07,152.54759216308594,164.47999572753906,165.57000732421875,164.00999450683594,164.66000366210938,1999200
2021-06-08,152.94639587402344,164.91000366210938,166.50999450683594,163.24000549316406,166.50999450683594,2437100
2021-06-09,154.3004913330078,166.3699951171875,166.91000366210938,164.94000244140625,165.4199981689453,3245400
2021-06-10,155.20008850097656,167.33999633789062,167.8699951171875,164.69000244140625,167.19000244140625,2905800
2021-06-11,155.4412078857422,167.60000610351562,167.74000549316406,166.44000244140625,167.69000244140625,2383300
2021-06-14,156.2202911376953,168.44000244140625,168.44000244140625,165.77999877929688,167.77000427246094,2755500
2021-06-15,155.45977783203125,167.6199951171875,168.92999267578125,167.08999633789062,168.42999267578125,2377800
2021-06-16,153.97586059570312,166.02000427246094,168.6300048828125,164.4499969482422,168.05999755859375,2360900
2021-06-17,154.1613311767578,166.22000122070312,168.22000122070312,165.08999633789062,166.02000427246094,2391500
2021-06-18,150.4237060546875,162.19000244140625,165.33999633789062,161.47000122070312,165.33999633789062,3936500
2021-06-21,152.2415008544922,164.14999389648438,164.30999755859375,162.17999267578125,162.57000732421875,2973200
2021-06-22,151.7963409423828,163.6699981689453,164.1999969482422,162.42999267578125,163.5399932861328,2983800
2021-06-23,151.75926208496094,163.6300048828125,164.92999267578125,163.0,163.6300048828125,2257000
2021-06-24,154.92185974121094,167.0399932861328,167.27000427246094,165.24000549316406,166.1999969482422,2059900
2021-06-25,155.4969024658203,167.66000366210938,169.47000122070312,167.07000732421875,167.52999877929688,2959500
2021-06-28,158.1957550048828,170.57000732421875,171.16000366210938,168.44000244140625,168.94000244140625,2265900
2021-06-29,158.96556091308594,171.39999389648438,171.83999633789062,169.89999389648438,170.27999877929688,2121400
2021-06-30,159.67042541503906,172.16000366210938,172.4499969482422,170.1999969482422,171.14999389648438,2954400
2021-07-01,156.89735412597656,169.1699981689453,172.08999633789062,168.88999938964844,172.02999877929688,2865100
2021-07-02,158.2885284423828,170.6699981689453,171.22999572753906,169.6300048828125,170.2899932861328,1563500
2021-07-06,156.10902404785156,168.32000732421875,171.52999877929688,166.75,171.52999877929688,2293400
2021-07-07,153.42864990234375,165.42999267578125,169.42999267578125,164.63999938964844,169.27000427246094,4204600
2021-07-08,152.01890563964844,163.91000366210938,164.3000030517578,160.17999267578125,162.30999755859375,3152500
2021-07-09,154.2077178955078,166.27000427246094,166.61000061035156,162.74000549316406,163.9600067138672,2346200
2021-07-12,155.39486694335938,167.5500030517578,167.6199951171875,165.6699981689453,166.52000427246094,2074000
2021-07-13,155.12588500976562,167.25999450683594,168.36000061035156,165.97999572753906,167.02000427246094,2127100
2021-07-14,154.10574340820312,166.16000366210938,170.0,165.8699951171875,168.6699981689453,2012800
2021-07-15,151.78707885742188,163.66000366210938,165.91000366210938,162.32000732421875,165.91000366210938,3505900
2021-07-16,148.80064392089844,160.44000244140625,164.75,160.25999450683594,163.99000549316406,2284100
2021-07-19,147.4466094970703,158.97999572753906,159.61000061035156,156.5500030517578,158.72000122070312,2772000
2021-07-20,149.23655700683594,160.91000366210938,161.80999755859375,157.9199981689453,159.33999633789062,2831100
2021-07-21,152.88145446777344,164.83999633789062,164.83999633789062,160.77999877929688,161.2899932861328,2076000
2021-07-22,150.26605224609375,162.02000427246094,163.02999877929688,160.8300018310547,162.25999450683594,3250900
2021-07-23,151.68504333496094,163.5500030517578,163.83999633789062,161.6699981689453,163.22999572753906,2178700
2021-07-26,152.0096435546875,163.89999389648438,164.33999633789062,161.27000427246094,161.27000427246094,1733600
2021-07-27,150.79469299316406,162.58999633789062,163.75,159.5399932861328,163.50999450683594,4077700
2021-07-28,152.13951110839844,164.0399932861328,164.64999389648438,162.83999633789062,163.32000732421875,3632400
2021-07-29,154.45809936523438,166.5399932861328,167.16000366210938,164.5399932861328,164.77999877929688,3164400
2021-07-30,155.2742919921875,167.4199981689453,168.1999969482422,165.13999938964844,165.5800018310547,2678800
2021-08-02,155.45977783203125,167.6199951171875,171.3300018310547,167.3699951171875,168.63999938964844,2822000
2021-08-03,156.44288635253906,168.67999267578125,169.02000427246094,165.58999633789062,168.3699951171875,3271200
2021-08-04,160.05992126464844,172.5800018310547,175.25,168.60000610351562,168.74000549316406,10201100
2021-08-05,157.6021728515625,169.92999267578125,173.77000427246094,168.8300018310547,173.55999755859375,3468300
2021-08-06,158.7151336669922,171.1300048828125,171.88999938964844,168.3699951171875,168.8300018310547,3164200
2021-08-09,158.88209533691406,171.30999755859375,172.52999877929688,169.38999938964844,171.05999755859375,2580800
2021-08-10,158.5946044921875,171.0,171.63999938964844,169.0,171.30999755859375,1943800
2021-08-11,158.09376525878906,170.4600067138672,172.08999633789062,168.67999267578125,172.0399932861328,1946400
2021-08-12,156.35012817382812,168.5800018310547,169.7100067138672,166.55999755859375,169.5,2562100
2021-08-13,157.74131774902344,170.0800018310547,170.77000427246094,168.38999938964844,169.35000610351562,2040700
2021-08-16,158.65951538085938,171.07000732421875,171.55999755859375,169.47000122070312,169.6300048828125,2163200
2021-08-17,154.23556518554688,166.3000030517578,170.13999938964844,165.66000366210938,170.13999938964844,4593000
2021-08-18,153.7532501220703,165.77999877929688,168.0399932861328,161.2899932861328,164.89999389648438,5452700
2021-08-19,154.69000244140625,166.7899932861328,166.97000122070312,163.5500030517578,165.1199951171875,3451100
2021-08-20,154.55087280273438,166.63999938964844,168.17999267578125,165.07000732421875,166.8699951171875,2913000
2021-08-23,157.32395935058594,169.6300048828125,172.8000030517578,166.05999755859375,170.24000549316406,13465500
2021-08-24,153.81817626953125,165.85000610351562,170.36000061035156,164.75,169.83999633789062,8137000
2021-08-25,152.10238647460938,164.0,167.92999267578125,163.0800018310547,166.11000061035156,19156400
2021-08-26,155.8744659423828,167.36000061035156,168.47999572753906,163.69000244140625,165.0,7306300
2021-08-27,155.05484008789062,166.47999572753906,169.80999755859375,166.1699981689453,167.3000030517578,9136200
2021-08-30,155.5205078125,166.97999572753906,168.27000427246094,166.64999389648438,166.97000122070312,4901600
2021-08-31,151.76710510253906,162.9499969482422,166.52000427246094,161.33999633789062,166.14999389648438,9136300
2021-09-01,150.05335998535156,161.11000061035156,164.1999969482422,161.0399932861328,163.77000427246094,6513600
2021-09-02,151.45974731445312,162.6199951171875,162.94000244140625,161.22000122070312,162.1300048828125,4514700
2021-09-03,151.2921142578125,162.44000244140625,163.5,161.74000549316406,162.52000427246094,2385600
2021-09-07,152.0651397705078,163.27000427246094,163.74000549316406,162.14999389648438,162.66000366210938,5132100
2021-09-08,152.4376983642578,163.6699981689453,165.6699981689453,162.39999389648438,163.7100067138672,4620100
2021-09-09,157.22494506835938,168.80999755859375,170.1300048828125,163.27000427246094,163.27000427246094,7601800
2021-09-10,158.2773895263672,169.94000244140625,172.08999633789062,169.5500030517578,169.60000610351562,4280800
2021-09-13,160.95045471191406,172.80999755859375,173.13999938964844,170.3000030517578,171.58999633789062,7431700
2021-09-14,161.5651397705078,173.47000122070312,174.10000610351562,171.5399932861328,173.5399932861328,5335200
2021-09-15,162.13328552246094,174.0800018310547,174.4600067138672,172.0800018310547,173.94000244140625,4498500
2021-09-16,161.322998046875,173.2100067138672,174.4600067138672,172.42999267578125,172.42999267578125,4582700
2021-09-17,159.74896240234375,171.52000427246094,173.02000427246094,170.2899932861328,171.39999389648438,13056400
2021-09-20,157.84898376464844,169.47999572753906,170.75999450683594,167.02999877929688,170.10000610351562,10189700
2021-09-21,158.86415100097656,170.57000732421875,171.63999938964844,168.24000549316406,170.82000732421875,4011300
2021-09-22,161.91905212402344,173.85000610351562,174.25999450683594,171.22999572753906,172.0,3484500
2021-09-23,165.0670928955078,177.22999572753906,177.7899932861328,174.14999389648438,174.5,3391900
2021-09-24,166.27786254882812,178.52999877929688,178.83999633789062,175.83999633789062,176.5500030517578,2393300
2021-09-27,164.7690887451172,176.91000366210938,178.1300048828125,175.60000610351562,177.27000427246094,4497200
2021-09-28,159.53472900390625,171.2899932861328,174.8800048828125,171.17999267578125,172.27999877929688,5494000
2021-09-29,157.25291442871094,168.83999633789062,171.8300018310547,168.1199951171875,170.5399932861328,3498400
2021-09-30,155.9862060546875,167.47999572753906,171.25999450683594,167.36000061035156,170.36000061035156,4820600
2021-10-01,155.88375854492188,167.3699951171875,168.8800048828125,164.75999450683594,167.8300018310547,3549200
2021-10-04,152.9872283935547,164.25999450683594,167.6999969482422,163.64999389648438,166.74000549316406,5377500
2021-10-05,154.02101135253906,165.3699951171875,166.72999572753906,163.9600067138672,165.24000549316406,2899100
2021-10-06,154.65438842773438,166.0500030517578,166.27000427246094,163.13999938964844,163.77999877929688,2754000
2021-10-07,155.5205078125,166.97999572753906,169.2899932861328,166.74000549316406,167.42999267578125,2174100
2021-10-08,157.04795837402344,168.6199951171875,168.9499969482422,166.67999267578125,168.47999572753906,3145900
2021-10-11,156.37738037109375,167.89999389648438,171.5399932861328,167.8000030517578,168.1199951171875,1964800
2021-10-12,152.76368713378906,164.02000427246094,169.57000732421875,163.82000732421875,168.50999450683594,3018000
2021-10-13,153.07102966308594,164.35000610351562,166.7100067138672,163.57000732421875,165.9600067138672,3416600
2021-10-14,156.65682983398438,168.1999969482422,168.60000610351562,166.1300048828125,166.52000427246094,5043100
2021-10-15,160.23329162597656,172.0399932861328,172.10000610351562,169.72000122070312,170.02999877929688,2887000
2021-10-18,161.4347686767578,173.3300018310547,173.66000366210938,169.72000122070312,170.3800048828125,2541500
2021-10-19,164.50828552246094,176.6300048828125,176.75,172.5500030517578,173.74000549316406,3336700
2021-10-20,164.7783660888672,176.9199981689453,177.86000061035156,175.9199981689453,176.91000366210938,3025800
2021-10-21,166.53866577148438,178.80999755859375,179.0500030517578,176.13999938964844,176.66000366210938,2744000
2021-10-22,166.1754150390625,178.4199981689453,180.7700042724609,177.67999267578125,179.24000549316406,3074300
2021-10-25,168.13133239746094,180.5200042724609,181.1000061035156,178.4199981689453,178.5800018310547,2498200
2021-10-26,167.53526306152344,179.8800048828125,182.38999938964844,179.63999938964844,181.97000122070312,2209200
2021-10-27,158.76171875,170.4600067138672,175.0,170.0,174.11000061035156,6263900
2021-10-28,160.62445068359375,172.4600067138672,174.35000610351562,171.52999877929688,172.25999450683594,2781100
2021-10-29,161.58377075195312,173.49000549316406,173.86000061035156,170.58999633789062,171.39999389648438,3137400
2021-11-01,162.98085021972656,174.99000549316406,175.25,172.91000366210938,173.17999267578125,2180700
2021-11-02,165.72837829589844,177.94000244140625,178.25,174.6999969482422,174.99000549316406,2405800
2021-11-03,166.52935791015625,178.8000030517578,179.27000427246094,175.8699951171875,177.4199981689453,1997700
2021-11-04,168.32691955566406,180.72999572753903,180.9600067138672,176.25,179.0,5252700
2021-11-05,171.54013061523438,184.17999267578125,186.1000061035156,182.1999969482422,183.75,3415700
2021-11-08,171.80093383789062,184.4600067138672,185.94000244140625,183.3600006103516,183.47000122070312,2582300
2021-11-09,172.3038787841797,185.0,185.88999938964844,182.82000732421875,184.32000732421875,2508500
2021-11-10,168.44798278808594,180.8600006103516,185.5,180.0399932861328,183.0,2735500
2021-11-11,170.53427124023438,183.1000061035156,183.3699951171875,180.42999267578125,183.22999572753903,1703300
2021-11-12,172.1082763671875,184.7899932861328,185.6999969482422,181.5500030517578,183.57000732421875,1847600
2021-11-15,172.35972595214844,185.0599975585937,185.72000122070312,183.7400054931641,185.72000122070312,1337200
2021-11-16,174.79061889648438,187.6699981689453,187.8500061035156,184.5,184.5800018310547,2126300
2021-11-17,174.203857421875,187.0399932861328,188.1000061035156,185.5399932861328,188.02999877929688,2242300
2021-11-18,175.18179321289062,188.08999633789065,188.69000244140625,185.9900054931641,188.1000061035156,2091800
2021-11-19,175.84307861328125,188.8000030517578,190.0,187.72000122070312,188.08999633789065,3299800
2021-11-22,172.76953125,185.5,191.9499969482422,185.3600006103516,190.0,5228600
2021-11-23,169.92884826660156,182.4499969482422,188.0,180.22999572753903,186.25,4976400
2021-11-24,169.947509765625,182.47000122070312,182.509994506836,179.6699981689453,181.4499969482422,2914800
2021-11-26,165.7842559814453,178.0,180.41000366210932,176.77999877929688,179.0,2539100
2021-11-29,170.62741088867188,183.1999969482422,183.69000244140625,178.4499969482422,180.5399932861328,4374800
2021-11-30,167.87985229492188,180.25,184.259994506836,178.91000366210938,182.6100006103516,4561800
2021-12-01,168.42933654785156,180.83999633789065,188.1999969482422,180.6499938964844,182.27999877929688,4831300
2021-12-02,168.87811279296875,180.6300048828125,182.52999877929688,178.0,180.0,3795600
2021-12-03,169.0277099609375,180.7899932861328,183.9499969482422,178.7100067138672,182.97000122070312,2958600
2021-12-06,169.28013610839844,181.0599975585937,182.6699981689453,176.19000244140625,182.32000732421875,3938200
2021-12-07,174.4971160888672,186.63999938964844,187.69000244140625,183.58999633789065,183.6699981689453,4850000
2021-12-08,174.141845703125,186.259994506836,186.5200042724609,184.3300018310547,185.759994506836,3167800
2021-12-09,171.72967529296875,183.67999267578125,187.66000366210932,183.47999572753903,184.92999267578125,3457800
2021-12-10,171.4959716796875,183.42999267578125,186.5,181.1300048828125,186.41000366210932,2570800
2021-12-13,166.85867309570312,178.47000122070312,184.66000366210932,178.22000122070312,183.4499969482422,4457700
2021-12-14,164.8111572265625,176.27999877929688,178.24000549316406,173.58999633789062,176.9499969482422,3770900
2021-12-15,167.84971618652344,179.52999877929688,179.67999267578125,174.13999938964844,177.61000061035156,3598700
2021-12-16,161.37054443359375,172.60000610351562,180.8000030517578,172.16000366210938,180.1499938964844,4817300
2021-12-17,159.0425567626953,170.11000061035156,172.4199981689453,169.0399932861328,171.1199951171875,7659800
2021-12-20,157.3690185546875,168.32000732421875,169.1199951171875,166.35000610351562,166.83999633789062,4087400
2021-12-21,160.88441467285156,172.0800018310547,172.33999633789062,168.92999267578125,170.1199951171875,3018100
2021-12-22,161.08071899414062,172.2899932861328,172.6199951171875,170.97999572753906,171.64999389648438,2025500
2021-12-23,161.42665100097656,172.66000366210938,174.44000244140625,172.57000732421875,172.8000030517578,2026200
2021-12-27,164.05381774902344,175.47000122070312,175.52999877929688,173.00999450683594,173.00999450683594,2134900
2021-12-28,163.0347442626953,174.3800048828125,176.7899932861328,174.02999877929688,176.4199981689453,1634800
2021-12-29,164.10057067871094,175.52000427246094,176.5500030517578,174.52999877929688,174.52999877929688,1685500
2021-12-30,163.40872192382812,174.77999877929688,176.9600067138672,174.47000122070312,176.0,1638600
2021-12-31,164.33432006835938,175.77000427246094,176.66000366210938,174.5800018310547,174.75,1917200
2022-01-03,165.6245574951172,177.14999389648438,177.60000610351562,174.75,175.1699981689453,2667500
2022-01-04,164.12863159179688,175.5500030517578,179.52000427246094,174.1199951171875,177.67999267578125,3889300
2022-01-05,161.59494018554688,172.83999633789062,177.17999267578125,172.72999572753906,175.32000732421875,3655200
2022-01-06,162.10916137695312,173.38999938964844,174.9600067138672,172.0399932861328,173.10000610351562,3584400
2022-01-07,157.85519409179688,168.83999633789062,173.75999450683594,166.0,173.10000610351562,6747500
2022-01-10,159.31370544433594,170.39999389648438,170.72999572753906,165.3800048828125,168.11000061035156,6017100
2022-01-11,162.3335723876953,173.6300048828125,174.02999877929688,168.4600067138672,168.77000427246094,3789300
2022-01-12,162.4457244873047,173.75,175.38999938964844,171.97000122070312,175.38999938964844,1993400
2022-01-13,158.73402404785156,169.77999877929688,176.27000427246094,169.24000549316406,175.61000061035156,3954000
2022-01-14,160.80958557128906,172.0,172.1199951171875,168.08999633789062,168.41000366210938,2869600
2022-01-18,155.6674346923828,166.5,170.1199951171875,166.1699981689453,168.69000244140625,4160300
2022-01-19,152.4512176513672,163.05999755859375,168.7899932861328,162.97000122070312,167.10000610351562,3736600
2022-01-20,148.3094940185547,158.6300048828125,164.75999450683594,158.60000610351562,163.82000732421875,4021300
2022-01-21,149.1415557861328,159.52000427246094,162.67999267578125,156.9600067138672,158.82000732421875,5547500
2022-01-24,150.93666076660156,161.44000244140625,161.72000122070312,151.47000122070312,159.00999450683594,6665200
2022-01-25,145.63555908203125,155.77000427246094,159.58999633789062,155.4199981689453,157.38999938964844,4064200
2022-01-26,149.37527465820312,159.77000427246094,165.10000610351562,157.33999633789062,159.0,5850000
2022-01-27,144.53231811523438,154.58999633789062,163.75,154.0399932861328,162.60000610351562,4691100
2022-01-28,148.3094940185547,158.6300048828125,158.7100067138672,151.17999267578125,154.1199951171875,3839700
2022-01-31,153.3020477294922,163.97000122070312,164.22999572753906,157.2100067138672,158.32000732421875,4504800
2022-02-01,154.6109161376953,165.3699951171875,165.5,161.0500030517578,164.10000610351562,3038000
2022-02-02,157.920654296875,168.91000366210938,169.42999267578125,164.89999389648438,165.42999267578125,2824500
2022-02-03,151.47891235351562,162.02000427246094,167.6199951171875,161.57000732421875,165.63999938964844,4452100
2022-02-04,150.5532989501953,161.02999877929688,162.3800048828125,156.77000427246094,160.14999389648438,5174400
2022-02-07,150.35696411132812,160.82000732421875,163.25,160.3000030517578,161.0800018310547,2443300
2022-02-08,152.5166778564453,163.1300048828125,163.67999267578125,160.39999389648438,160.92999267578125,3173200
2022-02-09,157.26622009277344,168.2100067138672,168.33999633789062,163.47999572753906,165.3800048828125,3207900
2022-02-10,151.1516571044922,161.6699981689453,168.3300018310547,161.02999877929688,163.82000732421875,3462600
2022-02-11,143.8871612548828,153.89999389648438,163.27999877929688,153.0800018310547,161.9600067138672,5455500
2022-02-14,143.9619903564453,153.97999572753906,157.08999633789062,151.52000427246094,154.9199981689453,4501500
2022-02-15,151.4976043701172,162.0399932861328,162.33999633789062,157.10000610351562,157.27000427246094,4909600
2022-02-16,157.3876953125,168.33999633789062,168.88999938964844,161.57000732421875,161.88999938964844,5825200
2022-02-17,149.99232482910156,160.42999267578125,166.27000427246094,160.3300018310547,166.1300048828125,4702700
2022-02-18,149.92689514160156,160.36000061035156,162.6999969482422,158.57000732421875,161.11000061035156,3921600
2022-02-22,150.41310119628906,160.8800048828125,162.8800048828125,158.2899932861328,158.89999389648438,4269500
2022-02-23,146.3087158203125,156.49000549316406,163.5,156.1699981689453,162.07000732421875,5087000
2022-02-24,150.12306213378906,159.7899932861328,160.0,152.02999877929688,154.3300018310547,4152200
2022-02-25,152.31210327148438,162.1199951171875,162.17999267578125,157.6699981689453,159.8800048828125,2741600
2022-02-28,150.5928497314453,160.2899932861328,161.3300018310547,157.24000549316406,161.3300018310547,3606900
2022-03-01,147.4548797607422,156.9499969482422,160.75,155.5500030517578,159.52999877929688,3761800
2022-03-02,150.15126037597656,159.82000732421875,161.52999877929688,157.11000061035156,157.47000122070312,2578700
2022-03-03,149.6439208984375,159.27999877929688,161.6999969482422,156.97000122070312,161.4600067138672,2656100
2022-03-04,147.36090087890625,156.85000610351562,159.27000427246094,155.75,157.67999267578125,2778600
2022-03-07,137.43038940429688,146.27999877929688,157.33999633789062,146.2100067138672,157.02000427246094,5701300
2022-03-08,139.534912109375,148.52000427246094,152.77999877929688,143.85000610351562,146.02000427246094,4745200
2022-03-09,144.32632446289062,153.6199951171875,155.05999755859375,151.3000030517578,153.08999633789062,3046300
2022-03-10,141.45144653320312,150.55999755859375,151.7899932861328,147.85000610351562,150.85000610351562,4035700
2022-03-11,138.67051696777344,147.60000610351562,153.77999877929688,147.2899932861328,153.1999969482422,3964300
2022-03-14,136.81971740722656,145.6300048828125,148.83999633789062,143.80999755859375,147.52000427246094,3910500
2022-03-15,141.78968811035156,150.9199981689453,151.4600067138672,146.41000366210938,147.32000732421875,3309900
2022-03-16,148.97686767578125,158.57000732421875,158.75,152.52999877929688,153.08999633789062,4376200
2022-03-17,150.3015594482422,159.97999572753906,160.0500030517578,155.75999450683594,156.8699951171875,4272400
2022-03-18,153.5616455078125,163.4499969482422,163.94000244140625,157.08999633789062,158.55999755859375,9901900
2022-03-21,154.28506469726562,164.22000122070312,164.74000549316406,161.47000122070312,161.8000030517578,3258900
2022-03-22,154.80181884765625,164.77000427246094,166.49000549316406,163.4199981689453,163.7899932861328,2568300
2022-03-23,149.51239013671875,159.13999938964844,164.30999755859375,158.7899932861328,163.3800048828125,3409900
2022-03-24,154.9802703857422,164.9600067138672,165.05999755859375,159.86000061035156,160.82000732421875,3152200
2022-03-25,155.60977172851562,165.6300048828125,165.9199981689453,162.86000061035156,165.05999755859375,2236300
2022-03-28,157.14114379882812,167.25999450683594,167.4499969482422,163.35000610351562,164.17999267578125,2745200
2022-03-29,159.88449096679688,170.17999267578125,171.55999755859375,167.72999572753906,169.0500030517578,3127700
2022-03-30,156.40830993652344,166.47999572753906,170.0,165.77999877929688,168.77999877929688,2689100
2022-03-31,155.1869659423828,165.17999267578125,167.94000244140625,165.0800018310547,166.9600067138672,3881500
2022-04-01,155.35609436035156,165.36000061035156,167.13999938964844,162.85000610351562,166.5,2941000
2022-04-04,154.54811096191406,164.5,165.9499969482422,161.72000122070312,165.1699981689453,4159600
2022-04-05,150.3015594482422,159.97999572753906,163.50999450683594,155.8699951171875,162.50999450683594,7223600
2022-04-06,150.5834197998047,160.27999877929688,164.27999877929688,157.27000427246094,157.4199981689453,6036000
2022-04-07,151.49472045898438,161.25,162.91000366210938,159.13999938964844,159.27000427246094,3161800
2022-04-08,149.1365966796875,158.74000549316406,161.00999450683594,158.39999389648438,160.4600067138672,3025000
2022-04-11,145.51951599121094,154.88999938964844,158.08999633789062,154.69000244140625,157.6699981689453,3693700
2022-04-12,146.0926055908203,155.5,159.55999755859375,154.99000549316406,157.3300018310547,2580000
2022-04-13,148.55406188964844,158.1199951171875,158.9600067138672,155.2100067138672,156.72000122070312,2335200
2022-04-14,147.0321044921875,156.5,159.86000061035156,156.2899932861328,158.3699951171875,5228700
2022-04-18,150.63978576660156,160.33999633789062,161.25,156.1699981689453,156.27999877929688,2728500
2022-04-19,152.5,162.32000732421875,162.8000030517578,158.61000061035156,160.33999633789062,2674700
2022-04-20,151.61685180664062,161.3800048828125,165.55999755859375,160.5399932861328,164.4600067138672,2582400
2022-04-21,149.1083984375,158.7100067138672,164.67999267578125,157.97000122070312,162.5,3555000
2022-04-22,145.8577117919922,155.25,159.6300048828125,155.1699981689453,157.97999572753906,2640400
2022-04-25,149.30569458007812,158.9199981689453,159.14999389648438,153.75999450683594,154.19000244140625,4487500
2022-04-26,143.56533813476562,152.80999755859375,157.32000732421875,152.74000549316406,156.92999267578125,3661200
2022-04-27,142.54129028320312,151.72000122070312,155.72999572753906,149.67999267578125,150.0,3077300
2022-04-28,150.7431640625,160.4499969482422,162.27000427246094,153.72999572753906,154.1300048828125,4156000
2022-04-29,145.04034423828125,154.3800048828125,159.72000122070312,154.24000549316406,158.0399932861328,4835800
2022-05-02,148.58229064941406,158.14999389648438,158.5399932861328,152.7899932861328,155.33999633789062,2865900
2022-05-03,149.25872802734375,158.8699951171875,159.7100067138672,156.50999450683594,157.8800048828125,2441900
2022-05-04,154.80181884765625,164.77000427246094,164.9199981689453,154.25999450683594,158.67999267578125,3940400
2022-05-05,148.6668243408203,158.24000549316406,163.3699951171875,156.50999450683594,162.02000427246094,3961500
2022-05-06,146.68447875976562,156.1300048828125,158.77000427246094,154.35000610351562,156.5500030517578,2710400
2022-05-09,143.0392303466797,152.25,156.02999877929688,151.77999877929688,154.1999969482422,4123100
2022-05-10,145.8295440673828,155.22000122070312,158.50999450683594,152.64999389648438,155.94000244140625,3157800
2022-05-11,142.79495239257812,151.99000549316406,157.30999755859375,151.75,153.42999267578125,3861700
2022-05-12,143.6405029296875,152.88999938964844,153.67999267578125,149.97000122070312,151.0399932861328,3117700
2022-05-13,149.1365966796875,158.74000549316406,159.6999969482422,153.8800048828125,155.0399932861328,4783200
2022-05-16,147.91525268554688,157.44000244140625,159.17999267578125,155.5800018310547,157.22999572753906,2328400
2022-05-17,153.92803955078125,163.83999633789062,164.3800048828125,160.6199951171875,160.99000549316406,4952200
2022-05-18,150.24522399902344,159.9199981689453,166.3300018310547,159.24000549316406,166.3300018310547,5684400
2022-05-19,151.20350646972656,160.94000244140625,164.1699981689453,159.0800018310547,160.85000610351562,3812600
2022-05-20,152.61277770996094,162.44000244140625,165.16000366210938,156.72000122070312,163.60000610351562,3977400
2022-05-23,151.77659606933594,161.5500030517578,163.5,159.8800048828125,161.6199951171875,2291100
2022-05-24,152.0584259033203,161.85000610351562,163.25,158.80999755859375,159.8800048828125,3172000
2022-05-25,152.5,162.32000732421875,163.24000549316406,159.33999633789062,160.47000122070312,2500300
2022-05-26,154.07835388183594,164.0,165.88999938964844,161.41000366210938,162.36000061035156,3820100
2022-05-27,158.14651489257812,167.5500030517578,168.16000366210938,164.1699981689453,165.49000549316406,4942300
2022-05-31,158.9487762451172,168.39999389648438,169.58999633789062,163.58999633789062,166.89999389648438,5102500
2022-06-01,155.5225067138672,164.77000427246094,169.30999755859375,163.32000732421875,169.17999267578125,3283600
2022-06-02,159.7416229248047,169.24000549316406,169.41000366210938,163.67999267578125,164.50999450683594,2637700
2022-06-03,155.96612548828125,165.24000549316406,166.97999572753906,164.80999755859375,166.58999633789062,2539100
2022-06-06,155.9944305419922,165.27000427246094,168.8300018310547,164.55999755859375,167.35000610351562,2273800
2022-06-07,157.5801544189453,166.9499969482422,167.33999633789062,162.83999633789062,163.74000549316406,2108000
2022-06-08,155.7490234375,165.00999450683594,167.9600067138672,163.92999267578125,165.86000061035156,2928800
2022-06-09,152.53985595703125,161.61000061035156,167.02999877929688,161.50999450683594,163.99000549316406,3144800
2022-06-10,148.1130828857422,156.9199981689453,160.17999267578125,156.80999755859375,158.35000610351562,3369800
2022-06-13,139.4766082763672,147.77000427246094,154.42999267578125,147.3300018310547,153.22999572753906,5861600
2022-06-14,138.9102783203125,147.1699981689453,150.13999938964844,146.0500030517578,149.2100067138672,2765000
2022-06-15,141.65696716308594,150.0800018310547,152.47000122070312,146.72999572753906,149.1699981689453,3263200
2022-06-16,135.4084930419922,143.4600067138672,146.36000061035156,141.69000244140625,146.36000061035156,4722800
2022-06-17,136.51283264160156,144.6300048828125,145.5,141.7899932861328,144.02000427246094,6723900
2022-06-21,140.0240478515625,148.35000610351562,150.2899932861328,147.2899932861328,147.3300018310547,3085600
2022-06-22,139.36334228515625,147.64999389648438,148.97999572753906,145.86000061035156,146.9499969482422,3720400
2022-06-23,137.37176513671875,145.5399932861328,149.2100067138672,143.94000244140625,149.02000427246094,2946000
2022-06-24,141.28887939453125,149.69000244140625,150.0500030517578,147.1999969482422,147.58999633789062,5108900
2022-06-27,142.13832092285156,150.58999633789062,152.3300018310547,149.5399932861328,151.10000610351562,2048300
2022-06-28,140.15618896484375,148.49000549316406,153.16000366210938,148.3699951171875,151.41000366210938,2786500
2022-06-29,139.004638671875,147.27000427246094,147.50999450683594,144.75,146.91000366210938,2586600
2022-06-30,137.89085388183594,146.08999633789062,149.22000122070312,143.3000030517578,145.4499969482422,4158000
2022-07-01,134.8893585205078,142.91000366210938,145.10000610351562,140.52000427246094,143.94000244140625,3175000
2022-07-05,135.0404052734375,143.07000732421875,143.1699981689453,138.5,139.89999389648438,3792500
2022-07-06,136.57888793945312,144.6999969482422,145.91000366210938,142.02999877929688,143.63999938964844,2708600
2022-07-07,140.23171997070312,148.57000732421875,149.67999267578125,147.24000549316406,147.7100067138672,2742600
2022-07-08,141.52481079101562,149.94000244140625,150.5399932861328,145.72000122070312,147.39999389648438,1997900
2022-07-11,139.2783966064453,147.55999755859375,149.25999450683594,146.25999450683594,148.17999267578125,2684900
2022-07-12,139.7409210205078,148.0500030517578,150.17999267578125,147.39999389648438,148.4600067138672,2305800
2022-07-13,140.8169403076172,149.19000244140625,149.97000122070312,145.19000244140625,145.49000549316406,2306900
2022-07-14,144.70567321777344,153.30999755859375,154.16000366210938,147.22000122070312,148.75,3794000
2022-07-15,149.10415649414062,157.97000122070312,158.27999877929688,153.3300018310547,153.83999633789062,3736600
2022-07-18,146.5367889404297,155.25,159.38999938964844,154.3699951171875,158.83999633789062,2930000
2022-07-19,152.38885498046875,161.4499969482422,162.0,156.8300018310547,156.92999267578125,3582000
2022-07-20,153.96510314941406,163.1199951171875,163.72000122070312,158.75999450683594,159.64999389648438,3126000
2022-07-21,155.91896057128906,165.19000244140625,165.24000549316406,162.27999877929688,164.3800048828125,2990800
2022-07-22,154.10670471191406,163.27000427246094,165.66000366210938,162.30999755859375,165.66000366210938,2944900
2022-07-25,153.8896026611328,163.0399932861328,163.14999389648438,160.27000427246094,162.9499969482422,3085800
2022-07-26,152.7003173828125,161.77999877929688,164.27000427246094,161.25999450683594,163.5500030517578,3151300
2022-07-27,158.88270568847656,168.3300018310547,169.6300048828125,163.25999450683594,163.25999450683594,4672500
2022-07-28,160.1475067138672,169.6699981689453,170.9499969482422,167.3000030517578,168.7100067138672,3880200
2022-07-29,162.30899047851562,171.9600067138672,172.72000122070312,167.7100067138672,168.39999389648438,4744400
2022-08-01,161.83702087402344,171.4600067138672,172.3699951171875,169.44000244140625,170.7100067138672,2277100
2022-08-02,161.18577575683594,170.77000427246094,172.52999877929688,169.61000061035156,170.27999877929688,2179600
2022-08-03,166.4620361328125,176.36000061035156,176.97999572753906,171.0,171.0,2766400
2022-08-04,167.0283203125,176.9600067138672,177.9499969482422,175.13999938964844,176.3699951171875,2395100
2022-08-05,167.30210876464844,177.25,177.52000427246094,174.10000610351562,174.75,2495300
2022-08-08,165.99005126953125,175.86000061035156,177.75,173.77999877929688,176.22000122070312,2308600
2022-08-09,160.80821228027344,170.3699951171875,173.88999938964844,169.0399932861328,173.41000366210938,3717700
2022-08-10,165.25387573242188,175.0800018310547,175.3000030517578,171.22000122070312,173.72000122070312,3213500
2022-08-11,164.75360107421875,174.5500030517578,178.27999877929688,174.22999572753906,176.16000366210938,2709900
2022-08-12,169.1992645263672,179.25999450683594,179.75999450683594,175.22999572753906,175.22999572753906,3198300
2022-08-15,169.79393005371094,179.88999938964844,180.00999450683594,177.42999267578125,178.41000366210938,2798500
2022-08-16,168.9916229248047,179.0399932861328,179.72999572753906,176.80999755859375,179.32000732421875,3138200
2022-08-17,160.58168029785156,170.1300048828125,174.02000427246094,167.10000610351562,174.0,6158600
2022-08-18,160.58168029785156,170.1300048828125,172.47999572753906,165.94000244140625,167.72999572753906,4513300
2022-08-19,158.5712127685547,168.0,168.89999389648438,167.02000427246094,168.42999267578125,3396500
2022-08-22,154.64466857910156,163.83999633789062,166.27999877929688,162.92999267578125,165.16000366210938,3731100
2022-08-23,155.18270874023438,164.41000366210938,166.2899932861328,163.47999572753906,163.47999572753906,2128300
2022-08-24,154.46536254882812,163.64999389648438,164.85000610351562,162.24000549316406,163.80999755859375,3253100
2022-08-25,157.6934356689453,167.07000732421875,167.25,164.17999267578125,164.2899932861328,2981700
2022-08-26,149.76486206054688,158.6699981689453,167.47999572753906,158.50999450683594,166.83999633789062,4238300
2022-08-29,147.1851806640625,155.19000244140625,157.85000610351562,154.1699981689453,156.82000732421875,3353300
2022-08-30,144.85203552246094,152.72999572753906,156.25999450683594,151.52000427246094,156.1300048828125,3670100
2022-08-31,143.71395874023438,151.52999877929688,153.4600067138672,150.33999633789062,153.4600067138672,3535300
2022-09-01,142.91726684570312,150.69000244140625,151.0399932861328,146.5399932861328,148.99000549316406,3783900
2022-09-02,140.9635467529297,148.6300048828125,153.25,147.85000610351562,151.66000366210938,2787500
2022-09-06,140.58416748046875,148.22999572753906,150.07000732421875,146.52999877929688,148.61000061035156,2480300
2022-09-07,142.92677307128906,150.6999969482422,151.80999755859375,148.22000122070312,149.5800018310547,2496600
2022-09-08,144.28297424316406,152.1300048828125,152.83999633789062,148.85000610351562,149.5800018310547,2457600
2022-09-09,146.2272491455078,154.17999267578125,155.1999969482422,152.49000549316406,152.49000549316406,2620300
2022-09-12,147.62142944335938,155.64999389648438,155.85000610351562,153.69000244140625,155.44000244140625,3866800
2022-09-13,140.6031494140625,148.25,152.1999969482422,147.8000030517578,151.0,4202100
2022-09-14,142.49996948242188,150.25,151.2899932861328,147.99000549316406,149.52000427246094,2272900
2022-09-15,140.2427215576172,147.8699951171875,150.75999450683594,146.99000549316406,149.6999969482422,3142400
2022-09-16,141.6084442138672,149.30999755859375,149.47999572753906,145.1699981689453,146.72999572753906,4592400
2022-09-19,141.8929901123047,149.61000061035156,150.38999938964844,147.8699951171875,148.07000732421875,2398200
2022-09-20,142.05419921875,149.77999877929688,150.50999450683594,148.25999450683594,148.6999969482422,2574300
2022-09-21,140.7833251953125,148.44000244140625,154.0,148.33999633789062,149.9600067138672,3315600
2022-09-22,137.84320068359375,145.33999633789062,148.3300018310547,144.1999969482422,147.99000549316406,3355700
2022-09-23,134.59963989257812,141.9199981689453,144.3800048828125,140.08999633789062,143.80999755859375,4839300
2022-09-26,133.55638122558594,140.82000732421875,143.74000549316406,140.6199951171875,142.6699981689453,4502400
2022-09-27,134.4952850341797,141.80999755859375,143.92999267578125,139.8699951171875,142.69000244140625,2964300
2022-09-28,137.12245178222656,144.5800018310547,145.35000610351562,139.9199981689453,140.85000610351562,3307000
2022-09-29,134.66603088378906,141.99000549316406,142.89999389648438,139.9199981689453,142.89999389648438,3453500
2022-09-30,132.15272521972656,139.33999633789062,142.6300048828125,139.24000549316406,140.86000061035156,3525900
2022-10-03,137.64405822753906,145.1300048828125,146.61000061035156,139.85000610351562,141.27999877929688,4708300
2022-10-04,143.0690460205078,150.85000610351562,151.75,148.00999450683594,148.25,4181800
2022-10-05,144.05538940429688,151.88999938964844,152.9600067138672,148.83999633789062,149.10000610351562,3052000
2022-10-06,143.18283081054688,150.97000122070312,153.6199951171875,150.72000122070312,151.3300018310547,2286500
2022-10-07,137.4449005126953,144.9199981689453,148.6300048828125,144.1300048828125,147.6699981689453,4351100
2022-10-10,133.6322784423828,140.89999389648438,145.47999572753906,138.91000366210938,145.13999938964844,3828700
2022-10-11,131.6405792236328,138.8000030517578,141.07000732421875,136.9600067138672,139.66000366210938,4735300
2022-10-12,131.44140625,138.58999633789062,140.33999633789062,138.39999389648438,139.02999877929688,2541100
2022-10-13,135.38681030273438,142.75,143.94000244140625,133.47999572753906,134.6999969482422,5040500
2022-10-14,129.6773681640625,136.72999572753906,144.9499969482422,136.5,144.6199951171875,4970400
2022-10-17,131.9440460205078,139.1199951171875,141.27999877929688,137.75,140.0500030517578,5039800
2022-10-18,133.82192993164062,141.10000610351562,145.2100067138672,139.33999633789062,144.63999938964844,3280300
2022-10-19,134.04005432128906,141.3300018310547,142.97000122070312,139.25999450683594,140.75999450683594,2465400
2022-10-20,134.75137329101562,142.0800018310547,146.75,141.25,142.44000244140625,3341100
2022-10-21,139.0287322998047,146.58999633789062,147.4199981689453,140.9499969482422,141.92999267578125,3612400
2022-10-24,137.0749969482422,144.52999877929688,146.8800048828125,142.3800048828125,144.97999572753906,3334500
2022-10-25,138.82009887695312,146.3699951171875,147.50999450683594,144.41000366210938,145.05999755859375,3644800
2022-10-26,134.08750915527344,141.3800048828125,145.64999389648438,140.5399932861328,142.77000427246094,6726400
2022-10-27,133.42359924316406,140.67999267578125,143.35000610351562,140.0399932861328,142.49000549316406,4666400
2022-10-28,137.4069366455078,144.8800048828125,145.99000549316406,141.14999389648438,141.5,3482000
2022-10-31,135.2635040283203,142.6199951171875,143.8800048828125,140.60000610351562,143.80999755859375,3078300
2022-11-01,137.23622131347656,144.6999969482422,145.91000366210938,143.32000732421875,145.11000061035156,2322800
2022-11-02,133.95474243164062,141.24000549316406,147.80999755859375,141.02000427246094,145.44000244140625,3327700
2022-11-03,130.90081787109375,138.02000427246094,141.00999450683594,137.7899932861328,139.39999389648438,3706400
2022-11-04,136.84739685058594,144.2899932861328,145.39999389648438,141.11000061035156,142.32000732421875,5004300
2022-11-07,141.24806213378906,148.92999267578125,149.19000244140625,143.8800048828125,145.80999755859375,3981600
2022-11-08,143.24920654296875,151.0399932861328,155.60000610351562,150.02999877929688,151.13999938964844,4968300
2022-11-09,140.58416748046875,148.22999572753906,150.83999633789062,147.58999633789062,149.13999938964844,3696300
2022-11-10,152.09796142578125,160.3699951171875,160.75999450683594,154.5,155.91000366210938,5617300
2022-11-11,155.59764099121094,164.05999755859375,164.88999938964844,159.30999755859375,159.39999389648438,3211500
2022-11-14,152.94204711914062,161.25999450683594,166.80999755859375,160.85000610351562,163.1199951171875,4269700
2022-11-15,156.65037536621094,165.1699981689453,167.86000061035156,162.55999755859375,167.4600067138672,4158100
2022-11-16,152.95155334472656,161.27000427246094,162.11000061035156,160.22999572753906,161.88999938964844,3859000
2022-11-17,153.1412353515625,161.47000122070312,161.69000244140625,158.08999633789062,158.4499969482422,2835400
2022-11-18,153.50164794921875,161.85000610351562,163.8800048828125,160.97000122070312,163.55999755859375,4016500
2022-11-21,151.02627563476562,159.24000549316406,162.00999450683594,159.14999389648438,161.16000366210938,6276300
2022-11-22,159.74221801757812,168.42999267578125,168.85000610351562,162.7100067138672,165.17999267578125,5739900
2022-11-23,160.4725341796875,169.1999969482422,173.3000030517578,167.6999969482422,169.35000610351562,3851800
2022-11-25,158.47132873535156,167.08999633789062,169.5,166.97999572753906,169.0399932861328,1698600
2022-11-28,155.55018615722656,164.00999450683594,167.3000030517578,162.5399932861328,164.88999938964844,3910900
2022-11-29,155.43641662597656,163.88999938964844,165.00999450683594,162.41000366210938,164.75999450683594,2685800
2022-11-30,163.04270935058594,171.91000366210938,172.19000244140625,162.6999969482422,164.55999755859375,5396300
2022-12-01,162.6349334716797,171.47999572753906,173.2100067138672,169.75999450683594,173.2100067138672,3222200
2022-12-02,160.64390563964844,168.6300048828125,168.7899932861328,165.24000549316406,167.1999969482422,3055200
2022-12-05,159.89129638671875,167.83999633789062,168.89999389648438,166.77999877929688,167.86000061035156,2615800
2022-12-06,158.624267578125,166.50999450683594,168.4499969482422,165.3000030517578,167.75,3572100
2022-12-07,158.14796447753906,166.00999450683594,168.47999572753906,165.00999450683594,166.2899932861328,1881600
2022-12-08,161.61557006835938,169.64999389648438,169.8000030517578,165.9199981689453,167.07000732421875,2836300
2022-12-09,160.69151306152344,168.67999267578125,170.36000061035156,167.89999389648438,168.47000122070312,2514900
2022-12-12,164.1019287109375,172.25999450683594,172.33999633789062,167.74000549316406,169.1699981689453,2966800
2022-12-13,167.1790008544922,175.49000549316406,179.9499969482422,173.67999267578125,178.00999450683594,4778100
2022-12-14,163.54945373535156,171.67999267578125,176.85000610351562,170.11000061035156,175.8699951171875,3202500
2022-12-15,158.22418212890625,166.08999633789062,169.77000427246094,165.49000549316406,169.22000122070312,3985000
2022-12-16,158.91961669921875,166.82000732421875,167.25,164.07000732421875,165.27999877929688,7411900
2022-12-19,157.31915283203125,165.13999938964844,167.49000549316406,163.75,167.44000244140625,2621800
2022-12-20,156.5475311279297,164.3300018310547,165.80999755859375,163.55999755859375,163.72000122070312,2102300
2022-12-21,159.48165893554688,167.41000366210938,167.83999633789062,165.22000122070312,165.3800048828125,2181400
2022-12-22,155.99501037597656,163.75,164.8300018310547,161.05999755859375,164.8300018310547,2972000
2022-12-23,156.08070373535156,163.83999633789062,164.1199951171875,161.25,162.6999969482422,1498300
2022-12-27,154.51840209960938,162.1999969482422,163.6999969482422,161.14999389648438,163.57000732421875,1932000
2022-12-28,152.6893310546875,160.27999877929688,163.57000732421875,160.05999755859375,161.5,1499900
2022-12-29,156.21408081054688,163.97999572753906,164.77999877929688,161.5,162.5800018310547,2148900
2022-12-30,156.26171875,164.02999877929688,164.16000366210938,160.75999450683594,162.36000061035156,1619400
2023-01-03,154.75657653808594,162.4499969482422,166.1999969482422,161.44000244140625,165.57000732421875,4475700
2023-01-04,158.052734375,165.91000366210938,167.58999633789062,163.75999450683594,165.3800048828125,3477900
2023-01-05,152.1272430419922,159.69000244140625,165.6300048828125,159.5800018310547,164.47000122070312,4750300
2023-01-06,157.68116760253906,165.52000427246094,166.75,159.92999267578125,161.75999450683594,3483400
2023-01-09,159.1863250732422,167.10000610351562,169.91000366210938,165.67999267578125,167.38999938964844,3734100
2023-01-10,161.20596313476562,169.22000122070312,169.75,166.5,166.5,2351900
2023-01-11,161.74896240234375,169.7899932861328,170.1300048828125,167.30999755859375,167.72000122070312,3068900
2023-01-12,160.68199157714844,168.6699981689453,170.63999938964844,167.16000366210938,170.02000427246094,2478100
2023-01-13,160.97731018066406,168.97999572753906,169.42999267578125,166.4199981689453,167.5,1891200
2023-01-17,159.00534057617188,166.91000366210938,169.1699981689453,166.0500030517578,167.91000366210938,3320200
2023-01-18,158.138427734375,166.0,169.3800048828125,165.89999389648438,168.52999877929688,2627700
2023-01-19,155.40432739257812,163.1300048828125,165.63999938964844,162.10000610351562,165.55999755859375,3082500
2023-01-20,157.34774780273438,165.1699981689453,165.24000549316406,161.0399932861328,163.82000732421875,3841900
2023-01-23,161.6251220703125,169.66000366210938,170.25,165.6199951171875,166.5399932861328,3521900
2023-01-24,160.8629913330078,168.86000061035156,170.02999877929688,167.36000061035156,167.91000366210938,2407100
2023-01-25,160.472412109375,168.4499969482422,168.72999572753906,164.2100067138672,166.6199951171875,2739800
2023-01-26,162.65396118164062,170.74000549316406,170.9499969482422,166.86000061035156,169.94000244140625,3539900
2023-01-27,162.7397003173828,170.8300018310547,172.02999877929688,168.39999389648438,169.07000732421875,2453400
2023-01-30,160.92965698242188,168.92999267578125,171.14999389648438,168.33999633789062,169.10000610351562,3135600
2023-01-31,163.34939575195312,171.47000122070312,171.52000427246094,168.89999389648438,168.92999267578125,2549400
2023-02-01,168.22689819335938,176.58999633789062,178.50999450683594,171.22999572753906,171.3300018310547,4200300
2023-02-02,170.80857849121094,179.3000030517578,180.0500030517578,176.19000244140625,177.86000061035156,4206200
2023-02-03,170.351318359375,178.82000732421875,181.33999633789065,176.22000122070312,176.92999267578125,4005700
2023-02-06,169.1414337158203,177.5500030517578,179.32000732421875,176.3699951171875,176.99000549316406,2916600
2023-02-07,172.44711303710938,181.0200042724609,181.8600006103516,177.00999450683594,178.38999938964844,3531600
2023-02-08,169.34149169921875,177.75999450683594,179.8699951171875,177.39999389648438,178.64999389648438,3520600
2023-02-09,170.06549072265625,178.52000427246094,182.22999572753903,177.32000732421875,180.75,2983300
2023-02-10,170.00836181640625,178.4600067138672,179.02000427246094,176.07000732421875,177.13999938964844,4003300
2023-02-13,171.9040985107422,180.4499969482422,181.6300048828125,178.9499969482422,179.3800048828125,3975500
2023-02-14,173.89511108398438,182.5399932861328,183.1300048828125,178.52999877929688,179.07000732421875,3784200
2023-02-15,186.88917541503903,196.17999267578125,196.41000366210932,191.1000061035156,194.33999633789065,7456000
2023-02-16,184.65045166015625,193.8300018310547,196.3000030517578,192.9600067138672,194.5599975585937,4481700
2023-02-17,183.58349609375,192.7100067138672,194.3999938964844,191.3600006103516,193.08999633789065,3774900
2023-02-21,177.16268920898438,185.97000122070312,191.17999267578125,185.47999572753903,190.6300048828125,5117800
2023-02-22,175.05735778808594,183.759994506836,186.67999267578125,182.83999633789065,186.67999267578125,3512600
2023-02-23,176.8578338623047,185.6499938964844,187.47000122070312,183.13999938964844,186.97999572753903,4501800
2023-02-24,175.08724975585938,182.94000244140625,183.8699951171875,181.6100006103516,183.27999877929688,3177900
2023-02-27,175.307373046875,183.1699981689453,185.8999938964844,182.94000244140625,185.5800018310547,2769500
2023-02-28,175.59449768066406,183.47000122070312,185.52999877929688,182.5399932861328,183.0,2644400
2023-03-01,175.24993896484375,183.1100006103516,185.52999877929688,182.6999969482422,183.8600006103516,2600300
2023-03-02,176.66641235351562,184.58999633789065,185.3099975585937,179.22000122070312,181.1300048828125,2906400
2023-03-03,178.2551727294922,186.25,186.8000030517578,182.94000244140625,185.3099975585937,3112400
2023-03-06,177.5564727783203,185.5200042724609,188.5599975585937,185.08999633789065,187.32000732421875,2664100
2023-03-07,177.00140380859375,184.94000244140625,186.94000244140625,183.509994506836,186.02999877929688,2415100
2023-03-08,178.5614471435547,186.57000732421875,187.4499969482422,185.1999969482422,186.3699951171875,3182000
2023-03-09,175.6806182861328,183.5599975585937,188.7899932861328,183.3800048828125,187.1199951171875,3627300
2023-03-10,173.95790100097656,181.759994506836,185.5800018310547,181.3300018310547,184.72999572753903,3166800
2023-03-13,174.71397399902344,182.5500030517578,184.3000030517578,179.0800018310547,179.80999755859375,3310200
2023-03-14,178.5709991455078,186.5800018310547,188.02999877929688,183.9900054931641,184.9600067138672,4147400
2023-03-15,175.07766723632812,182.92999267578125,185.509994506836,180.33999633789065,184.22999572753903,3972700
2023-03-16,178.61886596679688,186.6300048828125,187.3099975585937,180.1999969482422,181.32000732421875,3753500
2023-03-17,177.87232971191406,185.8500061035156,188.8000030517578,184.47000122070312,187.38999938964844,6216500
2023-03-20,179.03042602539062,187.0599975585937,187.5200042724609,185.1199951171875,186.1000061035156,3033500
2023-03-21,180.3128662109375,188.3999938964844,189.9199981689453,186.0,188.8800048828125,3232700
2023-03-22,178.5997314453125,186.6100006103516,191.5,186.3500061035156,188.8600006103516,3481000
2023-03-23,181.3178100585937,189.4499969482422,192.5399932861328,187.0599975585937,188.97000122070312,2658300
2023-03-24,179.63336181640625,187.69000244140625,189.4199981689453,185.66000366210932,189.1000061035156,3401800
2023-03-27,176.8386993408203,184.7700042724609,188.3600006103516,184.47999572753903,188.25,3616900
2023-03-28,175.7189178466797,183.6000061035156,184.0,180.8800048828125,183.72000122070312,3319900
2023-03-29,181.04981994628903,189.1699981689453,190.3000030517578,186.0399932861328,186.0399932861328,3577800
2023-03-30,185.87350463867188,194.2100067138672,195.1300048828125,190.88999938964844,191.25,4367100
2023-03-31,188.7542724609375,197.22000122070312,197.5599975585937,193.25,193.5200042724609,3873000
2023-04-03,187.8546295166016,196.27999877929688,197.75,194.259994506836,196.47000122070312,3120700
2023-04-04,186.74441528320312,195.1199951171875,198.25,193.7899932861328,197.5599975585937,3633600
2023-04-05,182.1983184814453,190.3699951171875,194.509994506836,189.0500030517578,194.3600006103516,3368300
2023-04-06,179.13565063476562,187.1699981689453,189.8000030517578,186.82000732421875,188.7400054931641,3010100
2023-04-10,182.75343322753903,190.9499969482422,191.2100067138672,185.009994506836,185.6300048828125,2573500
2023-04-11,181.279525756836,189.41000366210932,192.32000732421875,189.07000732421875,192.22000122070312,2336400
2023-04-12,179.2505340576172,187.2899932861328,190.8000030517578,187.0200042724609,190.8000030517578,2085400
2023-04-13,180.9828338623047,189.1000061035156,190.1000061035156,186.16000366210932,187.3000030517578,2020200
2023-04-14,180.4181671142578,188.509994506836,191.0800018310547,187.0399932861328,188.1300048828125,1988100
2023-04-17,181.43264770507807,189.57000732421875,189.9499969482422,187.3999938964844,187.66000366210932,2095000
2023-04-18,181.44219970703125,189.5800018310547,191.9600067138672,188.44000244140625,190.9199981689453,1745500
2023-04-19,180.4564514160156,188.5500030517578,189.02999877929688,187.5599975585937,187.88999938964844,1556000
2023-04-20,178.95382690429688,186.97999572753903,189.22000122070312,183.1000061035156,185.57000732421875,2807800
2023-04-21,178.34127807617188,186.33999633789065,187.1999969482422,184.63999938964844,186.25,1975300
2023-04-24,178.9346923828125,186.9600067138672,187.38999938964844,185.7100067138672,186.33999633789065,1782000
2023-04-25,173.36448669433594,181.13999938964844,186.13999938964844,181.07000732421875,186.1300048828125,3474800
2023-04-26,172.90512084960938,180.66000366210932,182.47999572753903,179.64999389648438,181.22999572753903,3603100
2023-04-27,169.99562072753906,177.6199951171875,178.94000244140625,171.24000549316406,178.52999877929688,4621700
2023-04-28,172.1586151123047,179.8800048828125,180.16000366210932,176.27000427246094,177.63999938964844,3167800
2023-05-01,174.70440673828125,182.5399932861328,182.92999267578125,180.66000366210932,180.75,2572800
2023-05-02,175.77635192871094,183.66000366210932,186.58999633789065,182.1199951171875,184.44000244140625,2710800
2023-05-03,174.5608673095703,182.38999938964844,185.17999267578125,182.02999877929688,183.4199981689453,1788500
2023-05-04,173.54635620117188,181.3300018310547,182.97000122070312,180.47999572753903,182.0,2308200
2023-05-05,175.5179443359375,183.38999938964844,184.4499969482422,179.57000732421875,180.63999938964844,3672100
2023-05-08,176.59939575195312,184.5200042724609,184.57000732421875,181.72999572753903,183.7899932861328,1936900
2023-05-09,171.90975952148438,179.6199951171875,182.72000122070312,178.02999877929688,182.52999877929688,3353300
2023-05-10,173.64205932617188,181.42999267578125,182.2899932861328,179.55999755859375,181.67999267578125,3364700
2023-05-11,172.83811950683594,180.58999633789065,181.08999633789065,178.74000549316406,180.3999938964844,2252600
2023-05-12,172.81898498535156,180.57000732421875,182.5500030517578,178.8699951171875,181.44000244140625,1376800
2023-05-15,176.4558563232422,184.3699951171875,184.72000122070312,180.27999877929688,180.67999267578125,2435800
2023-05-16,174.94369506835938,182.7899932861328,185.259994506836,182.58999633789065,183.6300048828125,2178800
2023-05-17,179.89178466796875,187.9600067138672,188.6000061035156,183.1499938964844,184.0,3002200
2023-05-18,184.00718688964844,192.259994506836,193.0399932861328,188.3699951171875,188.9499969482422,2959000
2023-05-19,182.3514709472656,190.52999877929688,192.6499938964844,189.759994506836,192.259994506836,3598300
2023-05-22,183.0979461669922,191.3099975585937,193.13999938964844,189.4600067138672,189.91000366210932,2494400
2023-05-23,179.85345458984375,187.9199981689453,190.3600006103516,187.3999938964844,189.7899932861328,3864700
2023-05-24,165.7653350830078,173.1999969482422,176.6300048828125,169.74000549316406,171.5,10367100
2023-05-25,164.99009704589844,172.38999938964844,173.94000244140625,161.92999267578125,166.50999450683594,9915900
2023-05-26,168.95240783691406,176.52999877929688,177.74000549316406,171.49000549316406,172.47999572753906,6794800
2023-05-30,169.81375122070312,177.42999267578125,178.83999633789062,174.80999755859375,178.1199951171875,5233100
2023-05-31,170.06259155273438,177.69000244140625,180.0,175.24000549316406,175.39999389648438,7035300
2023-06-01,172.6658477783203,180.41000366210932,182.1999969482422,176.6999969482422,179.22000122070312,4361700
2023-06-02,172.90626525878906,179.8000030517578,182.0,178.9199981689453,181.3099975585937,3697400
2023-06-05,168.27105712890625,174.97999572753906,179.33999633789062,173.66000366210938,179.1699981689453,3311400
2023-06-06,171.1464385986328,177.97000122070312,178.72000122070312,173.41000366210938,173.61000061035156,3487400
2023-06-07,173.45440673828125,180.3699951171875,183.3600006103516,178.27000427246094,178.27000427246094,4060900
2023-06-08,174.71417236328125,181.67999267578125,182.5399932861328,180.0500030517578,181.44000244140625,2995000
2023-06-09,175.4643096923828,182.4600067138672,185.88999938964844,181.0800018310547,183.2700042724609,3164500
2023-06-12,180.4649200439453,187.66000366210932,187.9600067138672,184.7100067138672,185.0,3845700
2023-06-13,184.9943084716797,192.3699951171875,192.5399932861328,189.4199981689453,190.33999633789065,3827900
2023-06-14,184.53271484375,191.88999938964844,193.97000122070312,189.8600006103516,192.6199951171875,4061300
2023-06-15,182.3882293701172,189.66000366210932,191.88999938964844,189.4499969482422,190.77999877929688,3414400
2023-06-16,181.13804626464844,188.3600006103516,191.77999877929688,187.75,190.4900054931641,6889200
2023-06-20,180.77261352539065,187.97999572753903,189.0,185.3999938964844,187.0,2663500
2023-06-21,178.3300323486328,185.44000244140625,188.259994506836,185.33999633789065,186.0200042724609,2941300
2023-06-22,178.9743194580078,186.1100006103516,186.3699951171875,183.22999572753903,183.8800048828125,2973200
2023-06-23,178.81085205078125,185.94000244140625,187.08999633789065,183.5200042724609,184.1000061035156,5021500
2023-06-26,179.19549560546875,186.33999633789065,191.6300048828125,186.2400054931641,187.8500061035156,3365800
2023-06-27,185.00393676757807,192.3800048828125,192.6100006103516,185.009994506836,186.8000030517578,3631900
2023-06-28,182.6190490722656,189.8999938964844,191.16000366210932,188.57000732421875,190.0200042724609,3836400
2023-06-29,182.21511840820312,189.47999572753903,190.66000366210932,187.6000061035156,189.8000030517578,2623200
2023-06-30,187.3407592773437,194.8099975585937,195.3600006103516,190.8000030517578,190.97999572753903,3376000
2023-07-03,186.8791961669922,194.3300018310547,196.5500030517578,192.2700042724609,193.97999572753903,1367600
2023-07-05,182.71519470214844,190.0,193.3500061035156,189.8699951171875,192.42999267578125,2693700
2023-07-06,179.05126953125,186.19000244140625,187.9600067138672,184.57000732421875,186.8999938964844,4203800
2023-07-07,178.2050018310547,185.3099975585937,188.66000366210932,185.17999267578125,186.38999938964844,3038000
2023-07-10,183.7249298095703,191.0500030517578,191.08999633789065,185.7700042724609,185.91000366210932,3367200
2023-07-11,183.62875366210932,190.9499969482422,192.07000732421875,187.6000061035156,191.66000366210932,2039700
2023-07-12,187.9081268310547,195.3999938964844,196.0500030517578,192.5800018310547,193.41000366210932,3117600
2023-07-13,190.6681060791016,198.2700042724609,199.44000244140625,195.91000366210932,196.67999267578125,3364400
2023-07-14,184.6096649169922,191.97000122070312,197.38999938964844,191.4900054931641,197.3800048828125,2922100
2023-07-17,188.8313446044922,196.3600006103516,197.5399932861328,190.5800018310547,190.5800018310547,3249100
2023-07-18,188.96597290039065,196.5,196.8099975585937,193.82000732421875,194.9199981689453,3022900
2023-07-19,188.2831878662109,195.7899932861328,197.3999938964844,195.3099975585937,197.1699981689453,2040800
2023-07-20,182.3786163330078,189.6499938964844,193.9499969482422,188.759994506836,191.8800048828125,3991000
2023-07-21,184.60006713867188,191.9600067138672,193.6499938964844,190.72000122070312,191.6499938964844,8748400
2023-07-24,184.9943084716797,192.3699951171875,193.6100006103516,190.6499938964844,191.44000244140625,2663500
2023-07-25,188.158203125,195.66000366210932,196.9499969482422,193.0,193.0,2958700
2023-07-26,184.1769256591797,191.5200042724609,192.82000732421875,189.8999938964844,191.92999267578125,2793200
2023-07-27,187.9562225341797,195.4499969482422,198.1000061035156,193.69000244140625,195.5,3474600
2023-07-28,190.81234741210932,198.4199981689453,199.0200042724609,196.19000244140625,198.2899932861328,2883900
2023-07-31,191.8798065185547,199.52999877929688,200.1000061035156,198.42999267578125,198.7400054931641,2091300
2023-08-01,191.83172607421875,199.47999572753903,200.07000732421875,196.82000732421875,197.63999938964844,1900300
2023-08-02,185.0808563232422,192.4600067138672,198.16000366210932,191.8699951171875,198.08999633789065,3739700
2023-08-03,184.14805603027344,191.4900054931641,193.2400054931641,188.94000244140625,190.67999267578125,3040100
2023-08-04,181.1284637451172,188.3500061035156,190.259994506836,184.7400054931641,189.0,3632900
2023-08-07,182.81137084960932,190.1000061035156,191.3699951171875,188.8699951171875,190.6999969482422,2035200
2023-08-08,179.4551544189453,186.6100006103516,187.3600006103516,183.75,187.0,2939500
2023-08-09,177.7241668701172,184.8099975585937,187.5,184.38999938964844,186.41000366210932,2341900
2023-08-10,177.62803649902344,184.7100067138672,188.9499969482422,184.13999938964844,187.0500030517578,2268000
2023-08-11,176.18551635742188,183.2100067138672,184.4499969482422,182.0200042724609,183.0,2859400
2023-08-14,178.28195190429688,185.38999938964844,185.6199951171875,182.5500030517578,183.3800048828125,2057000
2023-08-15,174.3679962158203,181.32000732421875,184.1000061035156,181.0399932861328,182.9600067138672,1959500
2023-08-16,170.3770751953125,177.1699981689453,180.63999938964844,175.77000427246094,180.38999938964844,4869000
2023-08-17,168.7615203857422,175.49000549316406,178.27000427246094,174.6300048828125,177.74000549316406,2804100
2023-08-18,169.0115509033203,175.75,176.5,173.4199981689453,173.89999389648438,2834600
2023-08-21,170.42520141601562,177.22000122070312,177.66000366210938,174.22000122070312,176.1199951171875,3345900
2023-08-22,169.88665771484375,176.66000366210938,179.3800048828125,175.36000061035156,178.99000549316406,4234700
2023-08-23,170.6752166748047,177.47999572753906,178.7899932861328,168.5399932861328,168.61000061035156,7413500
2023-08-24,167.03054809570312,173.69000244140625,178.25,172.9499969482422,176.77000427246094,6811300
2023-08-25,171.3291778564453,178.16000366210938,179.0,173.3800048828125,173.3800048828125,4538700
2023-08-28,173.41595458984375,180.3300018310547,181.1199951171875,179.24000549316406,180.08999633789062,2851700
2023-08-29,175.56045532226562,182.5599975585937,183.44000244140625,178.11000061035156,178.72000122070312,3574800
2023-08-30,174.60841369628906,181.57000732421875,182.8999938964844,180.3999938964844,181.67999267578125,3080900
2023-08-31,174.8103485107422,181.77999877929688,183.9600067138672,180.82000732421875,181.57000732421875,3362800
2023-09-01,176.26934814453125,182.42999267578125,182.63999938964844,180.66000366210932,182.6000061035156,1879000
2023-09-05,175.40940856933594,181.5399932861328,183.42999267578125,180.2100067138672,181.4199981689453,2488000
2023-09-06,176.0277862548828,182.17999267578125,182.47000122070312,178.75,181.5399932861328,3382500
2023-09-07,172.43344116210938,178.4600067138672,181.41000366210932,177.64999389648438,179.94000244140625,5562200
2023-09-08,171.47686767578125,177.47000122070312,178.8699951171875,176.7100067138672,178.39999389648438,3182200
2023-09-11,171.6508026123047,177.64999389648438,179.91000366210938,175.2899932861328,179.5399932861328,2768100
2023-09-12,169.13858032226562,175.0500030517578,179.00999450683594,175.02000427246094,176.5,2862900
2023-09-13,170.22076416015625,176.1699981689453,177.6199951171875,175.3000030517578,175.91000366210938,2269400
2023-09-14,173.60256958007812,179.6699981689453,180.11000061035156,175.22000122070312,178.25,4135400
2023-09-15,172.12423706054688,178.13999938964844,179.5800018310547,177.2100067138672,179.41000366210938,6062500
2023-09-18,173.65089416503906,179.72000122070312,180.3600006103516,177.39999389648438,178.10000610351562,2733700
2023-09-19,172.71363830566406,178.75,179.02000427246094,176.16000366210938,178.1999969482422,2852700
2023-09-20,170.13381958007812,176.0800018310547,179.0800018310547,175.92999267578125,179.02000427246094,2606500
2023-09-21,167.96945190429688,173.83999633789062,176.66000366210938,173.39999389648438,175.39999389648438,3780800
2023-09-22,169.55406188964844,175.47999572753906,176.8800048828125,174.25999450683594,174.99000549316406,2839700
2023-09-25,169.5057373046875,175.42999267578125,175.5800018310547,173.05999755859375,174.5,2300400
2023-09-26,166.52011108398438,172.33999633789062,173.82000732421875,171.4199981689453,173.36000061035156,3492500
2023-09-27,166.97422790527344,172.80999755859375,174.0,170.64999389648438,172.99000549316406,2558400
2023-09-28,170.45265197753906,176.41000366210938,177.6199951171875,172.25999450683594,172.80999755859375,2781800
2023-09-29,169.17723083496094,175.08999633789062,178.61000061035156,174.1300048828125,177.9600067138672,2703800
2023-10-02,169.5057373046875,175.42999267578125,176.89999389648438,173.69000244140625,175.0,1727200
2023-10-03,165.71812438964844,171.50999450683594,176.39999389648438,170.49000549316406,173.77999877929688,3226100
2023-10-04,167.92112731933594,173.7899932861328,174.3300018310547,171.72000122070312,172.58999633789062,3601000
2023-10-05,166.2882080078125,172.10000610351562,174.6300048828125,169.88999938964844,174.22000122070312,2874600
2023-10-06,168.0950469970703,173.97000122070312,175.2899932861328,170.1300048828125,170.7100067138672,3259900
2023-10-09,167.46702575683594,173.32000732421875,173.89999389648438,171.42999267578125,172.85000610351562,2571900
2023-10-10,170.0275115966797,175.97000122070312,177.57000732421875,173.47000122070312,173.64999389648438,2924500
2023-10-11,169.01296997070312,174.9199981689453,177.10000610351562,173.24000549316406,176.3699951171875,2466900
2023-10-12,167.73756408691406,173.60000610351562,176.17999267578125,172.22000122070312,175.88999938964844,3569000
2023-10-13,165.29298400878906,171.07000732421875,174.25999450683594,170.02999877929688,173.97999572753906,2699900
2023-10-16,166.91624450683594,172.75,173.75,171.5,171.72999572753906,3258900
2023-10-17,166.7809600830078,172.61000061035156,174.07000732421875,168.72999572753906,169.49000549316406,2283600
2023-10-18,165.48623657226562,171.27000427246094,172.9600067138672,169.72000122070312,170.6999969482422,3827200
2023-10-19,163.0223388671875,168.72000122070312,173.02999877929688,168.22999572753906,172.92999267578125,3692800
2023-10-20,160.8966522216797,166.52000427246094,169.74000549316406,166.00999450683594,169.02000427246094,3399600
2023-10-23,158.3361358642578,163.8699951171875,167.30999755859375,163.64999389648438,165.5500030517578,2757500
2023-10-24,159.36032104492188,164.92999267578125,165.32000732421875,162.85000610351562,164.6199951171875,3206300
2023-10-25,154.39390563964844,159.7899932861328,162.49000549316406,159.0,162.00999450683594,5142300
2023-10-26,155.42776489257812,160.86000061035156,163.92999267578125,160.67999267578125,160.8699951171875,3528300
2023-10-27,155.14756774902344,160.57000732421875,162.49000549316406,159.8000030517578,161.47999572753906,2168900
2023-10-30,150.61593627929688,155.8800048828125,158.02000427246094,154.99000549316406,157.6199951171875,4421400
2023-10-31,152.01699829101562,157.3300018310547,157.63999938964844,155.16000366210938,156.5,3151800
2023-11-01,153.8625030517578,159.24000549316406,159.47999572753906,155.47000122070312,157.4600067138672,4324600
2023-11-02,158.79026794433594,164.33999633789062,165.27000427246094,161.63999938964844,161.97999572753906,4105900
2023-11-03,162.2493438720703,167.9199981689453,169.4600067138672,165.94000244140625,165.94000244140625,3536600
2023-11-06,161.9111785888672,167.57000732421875,168.9199981689453,165.58999633789062,167.44000244140625,2132900
2023-11-07,162.43295288085938,168.11000061035156,169.1199951171875,166.94000244140625,167.57000732421875,2537400
2023-11-08,163.20591735839844,168.91000366210938,170.5,167.5,168.5,3452000
2023-11-09,161.48605346679688,167.1300048828125,170.6199951171875,166.77999877929688,169.47999572753906,4211500
2023-11-10,166.5007781982422,172.32000732421875,172.99000549316406,167.83999633789062,169.27999877929688,3671000
2023-11-13,164.89683532714844,170.66000366210938,171.6199951171875,170.10000610351562,170.75,3243700
2023-11-14,171.58314514160156,177.5800018310547,178.3000030517578,175.0,175.1999969482422,3448600
2023-11-15,174.67507934570312,180.77999877929688,182.8099975585937,179.02000427246094,179.02000427246094,3293200
2023-11-16,173.76681518554688,179.83999633789062,181.66000366210932,178.66000366210938,181.3300018310547,3286900
2023-11-17,176.86843872070312,183.0500030517578,183.57000732421875,181.1199951171875,182.9199981689453,3279000
2023-11-20,177.6124267578125,183.82000732421875,184.6999969482422,182.08999633789065,182.08999633789065,3811100
2023-11-21,175.12921142578125,181.25,184.52999877929688,179.44000244140625,183.0599975585937,4965900
2023-11-22,176.50125122070312,182.6699981689453,184.2100067138672,181.44000244140625,182.16000366210932,2926300
2023-11-24,176.86843872070312,183.0500030517578,183.38999938964844,182.2100067138672,182.8000030517578,1127100
2023-11-27,177.56411743164062,183.7700042724609,184.3800048828125,181.42999267578125,182.66000366210932,3520200
2023-11-28,177.01333618164062,183.1999969482422,184.5500030517578,182.33999633789065,183.259994506836,2797900
2023-11-29,176.5399169921875,182.7100067138672,186.92999267578125,182.52999877929688,185.2899932861328,2986600
2023-11-30,177.18727111816406,183.3800048828125,183.5,180.759994506836,183.17999267578125,4356200
2023-12-01,177.72120666503906,183.07000732421875,183.8800048828125,181.16000366210932,182.7700042724609,2332900
2023-12-04,177.9056396484375,183.259994506836,183.4499969482422,180.17999267578125,181.66000366210932,3316000
2023-12-05,175.3524932861328,180.6300048828125,182.509994506836,179.6300048828125,182.22000122070312,2620000
2023-12-06,175.29428100585938,180.57000732421875,183.0,180.1699981689453,183.0,2763400
2023-12-07,178.99293518066406,184.3800048828125,185.72000122070312,180.3699951171875,182.33999633789065,3717600
2023-12-08,179.4783172607422,184.8800048828125,186.3000030517578,183.8099975585937,184.25,2404200
2023-12-11,184.57492065429688,190.1300048828125,191.1100006103516,185.5599975585937,185.6499938964844,3499500
2023-12-12,185.390380859375,190.97000122070312,191.0500030517578,189.1199951171875,190.22000122070312,2841100
2023-12-13,186.65240478515625,192.2700042724609,193.08999633789065,189.66000366210932,191.41000366210932,3701800
2023-12-14,194.32159423828125,200.1699981689453,200.259994506836,193.19000244140625,193.19000244140625,5610000
2023-12-15,195.0108795166016,200.8800048828125,202.7700042724609,200.0200042724609,201.94000244140625,7057400
2023-12-18,190.8461761474609,196.58999633789065,201.19000244140625,196.16000366210932,200.8800048828125,3421000
2023-12-19,192.04995727539065,197.8300018310547,198.1000061035156,196.69000244140625,197.6999969482422,1981800
2023-12-20,186.57473754882807,192.19000244140625,197.44000244140625,192.0599975585937,196.259994506836,3629500
2023-12-21,190.54527282714844,196.27999877929688,197.6999969482422,194.7700042724609,195.1199951171875,2636800
2023-12-22,191.34127807617188,197.1000061035156,199.4600067138672,195.72999572753903,197.6199951171875,1754600
2023-12-26,193.0595703125,198.8699951171875,199.8300018310547,197.5399932861328,197.8999938964844,1606900
2023-12-27,193.52554321289065,199.3500061035156,199.44000244140625,198.0800018310547,198.8699951171875,1646100
2023-12-28,194.3895568847656,200.2400054931641,201.47000122070312,199.7100067138672,200.8600006103516,2215500
2023-12-29,192.75865173339844,198.5599975585937,200.6999969482422,198.08999633789065,199.8699951171875,1542400
2024-01-02,187.92413330078125,193.5800018310547,197.07000732421875,191.509994506836,197.07000732421875,3279200
2024-01-03,183.4391326904297,188.9600067138672,191.1000061035156,188.66000366210932,190.7700042724609,3297400
2024-01-04,180.6335601806641,186.07000732421875,186.88999938964844,181.8099975585937,181.8999938964844,3923500
2024-01-05,181.0995178222656,186.5500030517578,187.8000030517578,184.97999572753903,186.009994506836,2492200
2024-01-08,183.45852661132807,188.97999572753903,189.4600067138672,187.009994506836,187.17999267578125,2587200
2024-01-09,184.2157440185547,189.759994506836,190.32000732421875,185.88999938964844,186.5,3151700
2024-01-10,182.86636352539065,188.3699951171875,189.6199951171875,186.3500061035156,189.6199951171875,3080400
2024-01-11,183.4391326904297,188.9600067138672,189.759994506836,185.72999572753903,188.3800048828125,2918700
2024-01-12,182.8566436767578,188.3600006103516,190.3099975585937,187.4199981689453,189.69000244140625,1597100
2024-01-16,182.3032989501953,187.7899932861328,189.3699951171875,185.4499969482422,187.8500061035156,2373300
2024-01-17,180.01222229003906,185.42999267578125,185.6999969482422,182.8800048828125,184.67999267578125,2925900
2024-01-18,184.4196014404297,189.97000122070312,190.72000122070312,187.7100067138672,190.3600006103516,3585500
2024-01-19,189.079345703125,194.7700042724609,195.5800018310547,191.0399932861328,191.3600006103516,4408400
2024-01-22,191.54513549804688,197.3099975585937,197.8500061035156,195.47000122070312,196.0,2861800
2024-01-23,195.4865264892578,201.3699951171875,201.57000732421875,196.88999938964844,197.13999938964844,3801100
2024-01-24,192.5062255859375,198.3000030517578,202.44000244140625,197.8600006103516,200.8600006103516,4255300
2024-01-25,191.53543090820312,197.3000030517578,202.0500030517578,196.9600067138672,202.0,2957300
2024-01-26,188.263916015625,193.92999267578125,196.47000122070312,193.47000122070312,195.32000732421875,2379100
2024-01-29,191.4383544921875,197.1999969482422,197.32000732421875,192.9199981689453,193.94000244140625,2766500
2024-01-30,189.0502471923828,194.7400054931641,196.5599975585937,193.3500061035156,195.8300018310547,2479800
2024-01-31,186.73977661132807,192.3600006103516,196.08999633789065,191.6199951171875,193.509994506836,4125600
2024-02-01,186.40000915527344,192.009994506836,192.6300048828125,188.7400054931641,192.1100006103516,2628000
2024-02-02,186.4873962402344,192.1000061035156,192.8800048828125,189.7400054931641,190.3300018310547,2948400
2024-02-05,186.93392944335932,192.5599975585937,193.9900054931641,190.4199981689453,192.7899932861328,3193700
2024-02-06,184.167221069336,189.7100067138672,193.2100067138672,189.0200042724609,193.2100067138672,3991700
2024-02-07,186.3611602783203,191.97000122070312,192.82000732421875,188.8800048828125,191.8300018310547,3500400
2024-02-08,188.3900909423828,194.0599975585937,195.1699981689453,191.91000366210932,192.97000122070312,2594500
2024-02-09,189.3220672607422,195.0200042724609,195.52999877929688,193.4499969482422,195.52999877929688,3183900
2024-02-12,188.3804168701172,194.0500030517578,195.67999267578125,192.6100006103516,194.67999267578125,6264900
2024-02-13,179.29388427734375,184.69000244140625,188.9499969482422,183.009994506836,188.16000366210932,6800200
2024-02-14,180.87625122070312,186.32000732421875,187.0800018310547,184.75,185.91000366210932,3780800
2024-02-15,182.06060791015625,187.5399932861328,189.3300018310547,186.69000244140625,187.77999877929688,2811200
2024-02-16,182.7401428222656,188.2400054931641,190.5200042724609,186.0599975585937,187.58999633789065,4353300
2024-02-20,183.86622619628903,189.3999938964844,189.509994506836,186.0200042724609,187.25,4600500
2024-02-21,188.0600433349609,193.72000122070312,194.2899932861328,190.1699981689453,190.259994506836,5555900
2024-02-22,186.30291748046875,191.91000366210932,197.33999633789065,189.0399932861328,197.13999938964844,5780400
2024-02-23,184.5554962158203,190.1100006103516,193.0599975585937,189.8699951171875,193.0599975585937,3720400
2024-02-26,183.48765563964844,189.009994506836,191.4900054931641,188.8800048828125,191.27999877929688,2827100
2024-02-27,183.54591369628903,189.07000732421875,190.3699951171875,187.9900054931641,189.8000030517578,1886100
2024-02-28,182.274169921875,187.759994506836,188.6499938964844,186.22000122070312,187.1999969482422,1774800
2024-02-29,186.21554565429688,191.82000732421875,192.2899932861328,188.759994506836,190.1300048828125,3119300
2024-03-01,190.42877197265625,196.16000366210932,197.22000122070312,191.6199951171875,192.5500030517578,2934700
2024-03-04,189.863037109375,194.66000366210932,196.22999572753903,193.6999969482422,195.8300018310547,3150700
2024-03-05,185.122802734375,189.8000030517578,195.0500030517578,188.88999938964844,193.2899932861328,3328500
2024-03-06,186.9759826660156,191.6999969482422,194.0,190.38999938964844,191.3699951171875,3905300
2024-03-07,193.3548126220703,198.2400054931641,199.38999938964844,193.67999267578125,193.67999267578125,4275300
2024-03-08,191.11151123046875,195.94000244140625,199.6699981689453,195.5800018310547,199.0,3752600
2024-03-11,193.32557678222656,198.2100067138672,198.4900054931641,194.6000061035156,194.6000061035156,3110900
2024-03-12,194.2911529541016,199.1999969482422,199.6000061035156,196.52999877929688,199.3000030517578,3864600
2024-03-13,193.7059631347656,198.6000061035156,199.8300018310547,197.4199981689453,198.4499969482422,3647400
2024-03-14,189.63870239257807,194.42999267578125,199.8999938964844,193.5399932861328,199.0599975585937,4361800
2024-03-15,190.3897399902344,195.1999969482422,195.9199981689453,188.75,188.75,10198200
2024-03-18,186.5077972412109,191.22000122070312,198.2899932861328,191.1199951171875,197.2100067138672,2846500
2024-03-19,185.84457397460932,190.5399932861328,191.0800018310547,188.1000061035156,190.3300018310547,2226700
2024-03-20,189.5314178466797,194.32000732421875,194.75,189.9499969482422,190.4600067138672,2594300
2024-03-21,190.3409576416016,195.1499938964844,198.6699981689453,194.3000030517578,196.6300048828125,3109000
2024-03-22,188.7413787841797,193.509994506836,195.6199951171875,192.5500030517578,195.2899932861328,2104300
2024-03-25,185.932373046875,190.6300048828125,192.1100006103516,190.42999267578125,190.8099975585937,1768700
2024-03-26,184.30352783203125,188.9600067138672,191.92999267578125,188.759994506836,190.6300048828125,2711500
2024-03-27,188.5658416748047,193.3300018310547,193.3999938964844,189.3800048828125,190.67999267578125,2410300
2024-03-28,192.9159393310547,197.7899932861328,198.57000732421875,193.92999267578125,194.0399932861328,3119700
2024-04-01,191.77474975585932,196.6199951171875,199.69000244140625,196.17999267578125,197.3999938964844,2032300
2024-04-02,190.0776214599609,194.8800048828125,195.5800018310547,192.7400054931641,195.22000122070312,2495800
2024-04-03,190.54579162597656,195.3600006103516,196.6699981689453,192.6499938964844,193.0,1928300
2024-04-04,187.21983337402344,191.9499969482422,198.6999969482422,191.3300018310547,198.3500061035156,2931000
2024-04-05,189.9605712890625,194.759994506836,195.66000366210932,191.1699981689453,192.6300048828125,2087400
2024-04-08,191.8430328369141,196.69000244140625,196.97999572753903,194.02999877929688,194.6300048828125,2456700
2024-04-09,199.08990478515625,204.1199951171875,204.1999969482422,197.9199981689453,198.509994506836,4598000
2024-04-10,191.4918975830078,196.3300018310547,200.75,195.3999938964844,200.3800048828125,4517700
2024-04-11,193.74496459960932,198.63999938964844,199.08999633789065,194.2400054931641,197.9600067138672,3427100
2024-04-12,187.53195190429688,192.2700042724609,196.66000366210932,192.0800018310547,195.02999877929688,3337200
2024-04-15,185.6007232666016,190.2899932861328,195.8800048828125,189.22999572753903,194.9499969482422,2561500
2024-04-16,186.517578125,191.22999572753903,194.0399932861328,190.47000122070312,192.75,2268000
2024-04-17,184.7619171142578,189.42999267578125,192.8300018310547,189.1999969482422,192.4199981689453,2763200
2024-04-18,182.95751953125,187.5800018310547,190.1999969482422,186.6000061035156,188.32000732421875,2748900
2024-04-19,178.84152221679688,183.3600006103516,187.92999267578125,182.57000732421875,187.08999633789065,4121300
2024-04-22,181.7188262939453,186.3099975585937,188.3099975585937,183.19000244140625,184.44000244140625,3557800
2024-04-23,185.2496032714844,189.92999267578125,190.8600006103516,186.42999267578125,187.0,4177800
2024-04-24,191.6576995849609,196.5,201.67999267578125,195.02999877929688,200.02999877929688,6527500
2024-04-25,193.06222534179688,197.94000244140625,199.1000061035156,195.1000061035156,197.8600006103516,3301500
2024-04-26,196.992919921875,201.97000122070312,202.6000061035156,196.97000122070312,197.0599975585937,3136300
2024-04-29,198.87533569335932,203.8999938964844,203.97999572753903,200.63999938964844,200.8099975585937,2289200
2024-04-30,195.6664276123047,200.6100006103516,204.1999969482422,200.5,203.6300048828125,2668400
2024-05-01,189.1120147705078,193.88999938964844,199.5200042724609,193.8500061035156,197.0599975585937,3554600
2024-05-02,191.64796447753903,196.4900054931641,197.32000732421875,191.58999633789065,196.1000061035156,2728100
2024-05-03,194.7105865478516,199.6300048828125,201.8300018310547,199.0399932861328,199.0399932861328,2372800
2024-05-06,198.3096466064453,203.32000732421875,203.42999267578125,200.0,200.1699981689453,2168900
2024-05-07,198.553466796875,203.57000732421875,205.7700042724609,203.52999877929688,204.5,3276700
2024-05-08,199.8116912841797,204.8600006103516,205.0,201.8099975585937,202.38999938964844,2464300
2024-05-09,199.743408203125,204.7899932861328,205.4600067138672,203.6999969482422,204.47999572753903,2941800
2024-05-10,202.08425903320312,207.19000244140625,207.759994506836,205.2400054931641,205.9499969482422,2617000
2024-05-13,203.2449493408203,208.3800048828125,209.75,208.0500030517578,208.8300018310547,2314800
2024-05-14,206.7172088623047,211.94000244140625,212.4199981689453,206.7100067138672,209.0,2683400
2024-05-15,210.43331909179688,215.75,215.8999938964844,212.7100067138672,214.42999267578125,3802700
2024-05-16,208.84347534179688,214.1199951171875,216.0,213.66000366210932,216.0,2820000
2024-05-17,208.80447387695312,214.0800018310547,215.6300048828125,212.97000122070312,214.509994506836,2373800
2024-05-20,212.1206817626953,217.47999572753903,218.6999969482422,213.94000244140625,214.9600067138672,2647900
2024-05-21,211.3014068603516,216.63999938964844,217.0800018310547,214.5500030517578,215.1999969482422,3428800
2024-05-22,234.24180603027344,240.16000366210932,240.3699951171875,224.75,227.7899932861328,9445800
2024-05-23,228.77981567382807,234.5599975585937,241.8800048828125,232.0,240.8800048828125,5578400
2024-05-24,226.7803192138672,232.509994506836,238.32000732421875,232.1999969482422,236.3300018310547,4544300
2024-05-28,227.6874084472656,233.44000244140625,234.2899932861328,230.44000244140625,230.44000244140625,2673800
2024-05-29,222.5277404785156,228.1499938964844,231.6300048828125,227.8300018310547,229.7400054931641,3002100
2024-05-30,224.3321685791016,230.0,230.69000244140625,228.009994506836,228.67999267578125,2884600
2024-05-31,228.71153259277344,234.4900054931641,234.72999572753903,227.6499938964844,230.1000061035156,6460100
2024-06-03,226.4877014160156,232.2100067138672,236.2899932861328,228.509994506836,235.08999633789065,3087800
2024-06-04,225.84141540527344,230.6300048828125,232.17999267578125,228.9499969482422,231.8600006103516,2616000
2024-06-05,230.7865447998047,235.67999267578125,235.97000122070312,231.22000122070312,232.0,4016700
2024-06-06,232.48065185546875,237.41000366210932,238.3800048828125,233.2899932861328,234.5200042724609,2757000
2024-06-07,229.8954467773437,234.7700042724609,237.6100006103516,233.2700042724609,236.0500030517578,2208200
2024-06-10,230.4829864501953,235.3699951171875,235.97999572753903,231.19000244140625,232.2899932861328,2765600
2024-06-11,231.3936920166016,236.3000030517578,236.509994506836,233.1300048828125,233.6499938964844,3098600
2024-06-12,233.4892425537109,238.44000244140625,240.5800018310547,236.44000244140625,239.02999877929688,2515000
2024-06-13,229.1708221435547,234.02999877929688,236.25,232.4900054931641,232.5500030517578,2673800
2024-06-14,226.38980102539065,231.19000244140625,232.57000732421875,229.4499969482422,230.1000061035156,2252400
2024-06-17,227.5648803710937,232.38999938964844,232.5,227.94000244140625,230.5399932861328,2415000
2024-06-18,230.4927978515625,235.3800048828125,236.42999267578125,231.27999877929688,231.7400054931641,2457400
2024-06-20,224.7446746826172,229.509994506836,232.6699981689453,228.8099975585937,232.42999267578125,4562300
2024-06-21,226.252685546875,231.0500030517578,231.8800048828125,229.07000732421875,231.5399932861328,7167000
2024-06-24,223.7164764404297,228.4600067138672,231.94000244140625,228.1000061035156,231.0500030517578,2413600
2024-06-25,225.5574188232422,230.33999633789065,231.0800018310547,225.83999633789065,231.0800018310547,2001300
2024-06-26,223.1093292236328,227.83999633789065,229.9900054931641,226.57000732421875,229.32000732421875,2510600
2024-06-27,221.9734344482422,226.67999267578125,228.44000244140625,225.97999572753903,227.0,2159000
2024-06-28,223.52061462402344,228.259994506836,232.07000732421875,226.8600006103516,228.1499938964844,3634000
2024-07-01,220.50457763671875,225.17999267578125,226.9499969482422,223.9199981689453,226.6999969482422,2307800
2024-07-02,223.50103759765625,228.2400054931641,228.3699951171875,224.5599975585937,224.5599975585937,2417900
2024-07-03,225.2440948486328,230.0200042724609,230.9900054931641,227.0399932861328,228.6699981689453,1425700
2024-07-05,226.09600830078125,230.88999938964844,231.509994506836,228.3699951171875,231.4199981689453,2251800
2024-07-08,228.49514770507807,233.33999633789065,233.75,231.6699981689453,232.17999267578125,1729500
2024-07-09,227.19276428222656,232.009994506836,234.259994506836,230.91000366210932,233.759994506836,1315500
2024-07-10,233.38153076171875,238.3300018310547,239.08999633789065,233.1000061035156,234.4600067138672,4037600
2024-07-11,228.8868560791016,233.7400054931641,239.1999969482422,233.6699981689453,238.759994506836,3103700
2024-07-12,233.60675048828125,238.5599975585937,242.16000366210932,236.1499938964844,238.3500061035156,3105700
2024-07-15,232.78419494628903,237.72000122070312,239.7700042724609,236.1000061035156,237.13999938964844,2057200
2024-07-16,238.2777099609375,243.3300018310547,243.8300018310547,237.6499938964844,239.009994506836,1964600
2024-07-17,230.718017578125,235.6100006103516,244.13999938964844,235.41000366210932,240.47999572753903,4448200
2024-07-18,234.02783203125,238.9900054931641,241.1000061035156,236.2899932861328,236.47999572753903,3688500
2024-07-19,226.41915893554688,231.22000122070312,240.3000030517578,230.7400054931641,240.3000030517578,2894900
2024-07-22,235.05601501464844,240.0399932861328,240.259994506836,233.32000732421875,237.1199951171875,2827300
2024-07-23,225.537841796875,230.32000732421875,236.9199981689453,229.02999877929688,234.1000061035156,3876200
2024-07-24,219.95620727539065,224.6199951171875,230.9600067138672,223.7400054931641,230.6300048828125,4589600
2024-07-25,216.33302307128903,220.9199981689453,227.6100006103516,217.25,221.509994506836,5114600
2024-07-26,221.7286071777344,226.42999267578125,227.25,222.97000122070312,225.3000030517578,4296200
2024-07-29,222.678466796875,227.3999938964844,230.2700042724609,225.3300018310547,228.7400054931641,2672200
2024-07-30,219.9170379638672,224.5800018310547,230.17999267578125,222.8999938964844,228.8500061035156,3955600
2024-07-31,226.5758514404297,231.3800048828125,232.16000366210932,226.94000244140625,229.759994506836,4308100
2024-08-01,214.3745574951172,218.9199981689453,231.1999969482422,216.7700042724609,228.0800018310547,5404600
2024-08-02,203.64212036132807,207.9600067138672,213.07000732421875,206.7100067138672,212.47999572753903,6796700
2024-08-05,196.3957672119141,200.5599975585937,209.08999633789065,198.72999572753903,206.02999877929688,4879700
2024-08-06,200.6260528564453,204.8800048828125,208.6999969482422,201.17999267578125,201.3600006103516,4671100
2024-08-07,197.13018798828125,201.3099975585937,211.4199981689453,200.8600006103516,210.47000122070312,4178200
2024-08-08,209.2041778564453,213.63999938964844,214.13999938964844,204.2700042724609,206.19000244140625,4510100
2024-08-09,206.92254638671875,211.3099975585937,213.72999572753903,209.16000366210932,209.9499969482422,2482100
2024-08-12,207.67657470703125,212.0800018310547,213.3999938964844,210.0,212.1499938964844,1712100
2024-08-13,213.48342895507807,218.009994506836,218.6000061035156,213.1999969482422,213.25,4011000
2024-08-14,210.84930419921875,215.32000732421875,218.1100006103516,212.8000030517578,216.9199981689453,2409500
2024-08-15,219.0259246826172,223.6699981689453,224.2400054931641,219.4199981689453,220.4499969482422,5197400
2024-08-16,218.555892944336,223.19000244140625,223.8000030517578,221.4199981689453,223.0500030517578,2573600
2024-08-19,221.25857543945312,225.9499969482422,226.0800018310547,221.4900054931641,222.42999267578125,2803100
2024-08-20,218.8496551513672,223.4900054931641,226.0200042724609,221.38999938964844,223.9600067138672,3994200
2024-08-21,222.77639770507807,227.5,236.8600006103516,224.8099975585937,229.5200042724609,5595100
2024-08-22,217.302474975586,221.91000366210932,228.259994506836,221.259994506836,225.67999267578125,3708100
2024-08-23,223.64791870117188,228.38999938964844,229.2100067138672,224.759994506836,225.8500061035156,3208000
2024-08-26,220.92562866210932,225.6100006103516,228.19000244140625,223.7899932861328,227.83999633789065,2532300
2024-08-27,227.0263061523437,231.83999633789065,232.3500061035156,224.3099975585937,225.1100006103516,3707500
2024-08-28,222.4532470703125,227.1699981689453,233.25,225.13999938964844,231.0800018310547,3211800
2024-08-29,226.09600830078125,230.88999938964844,235.1100006103516,229.47999572753903,229.4900054931641,2711500
2024-08-30,229.96397399902344,234.83999633789065,236.13999938964844,231.82000732421875,234.94000244140625,2770900
2024-09-03,215.01123046875,218.7100067138672,230.0200042724609,217.6499938964844,228.69000244140625,4868600
2024-09-04,218.0489654541016,221.8000030517578,223.97999572753903,218.1199951171875,220.009994506836,2736400
2024-09-05,215.3553009033203,219.0599975585937,221.6199951171875,217.72000122070312,219.47999572753903,2730000
2024-09-06,210.0269775390625,213.63999938964844,219.41000366210932,212.6999969482422,218.57000732421875,3437000
2024-09-09,214.86376953125,218.5599975585937,219.3099975585937,216.0500030517578,217.009994506836,2450800
2024-09-10,215.02105712890625,218.72000122070312,219.02999877929688,214.1199951171875,217.5,2048900
2024-09-11,221.26368713378903,225.07000732421875,225.72000122070312,214.7100067138672,219.88999938964844,3431800
2024-09-12,217.78353881835932,221.52999877929688,223.4499969482422,218.92999267578125,223.44000244140625,2157800
2024-09-13,221.60775756835932,225.4199981689453,226.5500030517578,223.009994506836,223.83999633789065,2032300
2024-09-16,219.50393676757807,223.27999877929688,224.4600067138672,220.69000244140625,222.38999938964844,2124000
2024-09-17,221.5389404296875,225.3500061035156,229.0399932861328,222.6499938964844,227.44000244140625,2524500
2024-09-18,218.8747711181641,222.63999938964844,228.8699951171875,221.9600067138672,228.8699951171875,2527300
2024-09-19,229.501953125,233.4499969482422,235.759994506836,227.8699951171875,230.0,7157700
2024-09-20,222.9447479248047,226.77999877929688,232.47999572753903,224.3500061035156,231.97000122070312,5009500
2024-09-23,222.1877593994141,226.009994506836,226.83999633789065,224.1999969482422,224.77999877929688,1357900
2024-09-24,223.48545837402344,227.3300018310547,230.8000030517578,226.82000732421875,228.63999938964844,1984800
2024-09-25,222.80712890625,226.63999938964844,227.5800018310547,224.1000061035156,224.1000061035156,2042600
2024-09-26,228.52870178222656,232.4600067138672,233.97999572753903,224.8099975585937,232.6199951171875,3883000
2024-09-27,228.12564086914065,232.0500030517578,235.259994506836,231.08999633789065,234.7100067138672,2277800
2024-09-30,226.2774200439453,230.1699981689453,230.5599975585937,226.66000366210932,228.8999938964844,2711400
2024-10-01,219.8873443603516,223.6699981689453,229.44000244140625,222.3999938964844,228.92999267578125,3124400
2024-10-02,223.8786773681641,227.72999572753903,229.97000122070312,223.5399932861328,224.97999572753903,1858000
2024-10-03,222.7284698486328,226.5599975585937,228.83999633789065,224.4600067138672,224.6300048828125,2087700
2024-10-04,224.37022399902344,228.22999572753903,232.3600006103516,226.1100006103516,231.8999938964844,1895200
2024-10-07,222.6793212890625,226.509994506836,227.3099975585937,224.08999633789065,225.6499938964844,1564700
2024-10-08,225.5204315185547,229.3999938964844,230.509994506836,224.3099975585937,226.7400054931641,2447400
2024-10-09,229.29551696777344,233.2400054931641,233.5800018310547,229.2899932861328,230.3999938964844,2410700
2024-10-10,226.79844665527344,230.6999969482422,231.8300018310547,228.6699981689453,229.6999969482422,1793700
2024-10-11,228.92193603515625,232.8600006103516,234.0,229.32000732421875,229.32000732421875,1428900
2024-10-14,232.4315490722656,236.42999267578125,237.02999877929688,232.6999969482422,233.8000030517578,1770300
2024-10-15,222.05014038085932,225.8699951171875,236.759994506836,224.0800018310547,236.009994506836,4112200
2024-10-16,223.6427459716797,227.4900054931641,230.33999633789065,225.9600067138672,228.8500061035156,1585700
2024-10-17,223.49526977539065,227.33999633789065,233.5599975585937,227.1699981689453,232.5200042724609,3637700
2024-10-18,224.46853637695312,228.3300018310547,229.77999877929688,226.97000122070312,229.1699981689453,1763100
2024-10-21,221.85353088378903,225.6699981689453,226.41000366210932,222.41000366210932,226.3000030517578,2212200
2024-10-22,220.8212890625,224.6199951171875,225.6100006103516,222.7100067138672,224.44000244140625,1833700
2024-10-23,223.0135803222656,226.8500061035156,229.509994506836,224.009994506836,228.0800018310547,2492000
2024-10-24,225.79571533203125,229.67999267578125,230.33999633789065,227.4199981689453,228.7400054931641,2376100
2024-10-25,226.2774200439453,230.1699981689453,235.1999969482422,230.0399932861328,231.83999633789065,1733500
2024-10-28,226.2479248046875,230.13999938964844,231.9499969482422,228.6000061035156,229.1300048828125,3403700
2024-10-29,231.25184631347656,235.22999572753903,235.8600006103516,229.009994506836,229.6999969482422,2055900
2024-10-30,226.228256225586,230.1199951171875,232.9900054931641,229.8800048828125,230.77999877929688,2084400
2024-10-31,219.33680725097656,223.1100006103516,230.1999969482422,220.8300018310547,230.16000366210932,4258100
2024-11-01,221.666732788086,225.47999572753903,226.6000061035156,223.0,223.8699951171875,2922800
2024-11-04,220.3985595703125,224.19000244140625,226.77999877929688,223.44000244140625,225.0,1599600
2024-11-05,213.9200134277344,217.6000061035156,219.3099975585937,215.32000732421875,219.3099975585937,3753400
2024-11-06,222.42372131347656,226.25,228.08999633789065,221.94000244140625,223.67999267578125,3615300
2024-11-07,223.9180145263672,227.7700042724609,230.2700042724609,225.72000122070312,229.6300048828125,2500600
2024-11-08,221.9813232421875,225.8000030517578,228.1199951171875,224.759994506836,226.5599975585937,3426900
2024-11-11,216.7414703369141,220.47000122070312,225.009994506836,218.4199981689453,223.8500061035156,3271700
2024-11-12,215.83702087402344,219.5500030517578,220.8500061035156,215.8999938964844,220.4900054931641,2593900
2024-11-13,209.2404937744141,212.83999633789065,217.67999267578125,212.44000244140625,216.7700042724609,4609800
2024-11-14,208.65066528320312,212.2400054931641,215.0399932861328,211.4600067138672,213.44000244140625,3214100
2024-11-15,202.8602600097656,206.3500061035156,210.3800048828125,205.3999938964844,208.7700042724609,3881000
2024-11-18,206.1044311523437,209.6499938964844,209.88999938964844,206.1100006103516,206.5200042724609,3774000
2024-11-19,206.87124633789065,210.42999267578125,210.82000732421875,206.8000030517578,207.6999969482422,2958600
2024-11-20,207.4414520263672,211.009994506836,211.16000366210932,207.25,207.25,3072400
2024-11-21,210.34158325195312,213.9600067138672,215.009994506836,210.0500030517578,212.2899932861328,2540600
2024-11-22,210.9608917236328,214.58999633789065,214.75,211.5399932861328,211.5399932861328,2695200
2024-11-25,219.7988739013672,223.5800018310547,225.0,216.0,217.7400054931641,7303600
2024-11-26,215.34548950195312,219.0500030517578,233.5500030517578,216.009994506836,232.1499938964844,6568700
2024-11-27,213.49728393554688,217.1699981689453,219.3999938964844,213.8999938964844,219.32000732421875,2943400
2024-11-29,214.3623809814453,218.0500030517578,221.6999969482422,217.5,219.19000244140625,1992600
2024-12-02,219.34664916992188,223.1199951171875,224.7899932861328,217.009994506836,218.1300048828125,3240200
2024-12-03,217.79335021972656,221.5399932861328,223.3300018310547,219.9499969482422,221.5800018310547,2340500
2024-12-04,214.608154296875,218.3000030517578,223.2100067138672,217.8600006103516,223.1100006103516,2635200
2024-12-05,210.92156982421875,214.5500030517578,219.38999938964844,213.8600006103516,217.22999572753903,2474800
2024-12-06,214.5098419189453,218.1999969482422,218.58999633789065,213.72999572753903,214.72999572753903,3189400
2024-12-09,216.24740600585932,219.0399932861328,223.5500030517578,215.16000366210932,215.97000122070312,2467200
2024-12-10,212.86114501953125,215.6100006103516,219.6699981689453,214.5,219.0399932861328,2679400
2024-12-11,214.3518829345703,217.1199951171875,219.0399932861328,215.5599975585937,216.02999877929688,3839200
2024-12-12,214.9442443847656,217.72000122070312,218.72999572753903,214.63999938964844,215.1499938964844,2995000
2024-12-13,213.8484039306641,216.6100006103516,217.97000122070312,213.75,215.41000366210932,3067300
2024-12-16,213.55221557617188,216.3099975585937,217.7899932861328,213.66000366210932,214.9199981689453,3409800
2024-12-17,211.093978881836,213.82000732421875,217.92999267578125,212.3600006103516,215.88999938964844,3240500
2024-12-18,205.12110900878903,207.7700042724609,218.9499969482422,207.259994506836,215.16000366210932,4077400
2024-12-19,205.13096618652344,207.77999877929688,210.6100006103516,207.22999572753903,209.6000061035156,3941900
2024-12-20,209.0799865722656,211.77999877929688,213.3600006103516,205.8300018310547,206.27999877929688,6604100
2024-12-23,212.1503295898437,214.88999938964844,215.5800018310547,211.5500030517578,211.92999267578125,2478500
2024-12-24,215.3095092773437,218.08999633789065,218.2100067138672,213.6699981689453,215.94000244140625,1063500
2024-12-26,215.2799072265625,218.0599975585937,219.07000732421875,215.38999938964844,215.38999938964844,1189000
2024-12-27,214.2235565185547,216.9900054931641,218.25,215.2400054931641,217.42999267578125,1926700
2024-12-30,209.8500213623047,212.5599975585937,214.6300048828125,211.02999877929688,214.25,2578300
2024-12-31,209.75131225585932,212.4600067138672,214.5500030517578,211.07000732421875,214.0,1608800
2025-01-02,208.65545654296875,211.3500061035156,217.25,209.75,215.4900054931641,2378700
2025-01-03,212.6241912841797,215.3699951171875,216.1100006103516,210.3999938964844,212.759994506836,2547200
2025-01-06,215.22067260742188,218.0,221.52999877929688,214.77999877929688,215.3300018310547,2490700
2025-01-07,213.11782836914065,215.8699951171875,220.27999877929688,214.3000030517578,219.7899932861328,3573100
2025-01-08,217.6295623779297,220.44000244140625,221.16000366210932,212.6300048828125,215.3999938964844,3096400
2025-01-10,209.66244506835932,212.3699951171875,219.3699951171875,211.7899932861328,217.5399932861328,4108500
2025-01-13,210.23504638671875,212.9499969482422,213.3699951171875,208.08999633789065,209.33999633789065,3960600
2025-01-14,211.9133758544922,214.6499938964844,214.8300018310547,211.5399932861328,213.16000366210932,1634600
2025-01-15,215.43788146972656,218.22000122070312,219.58999633789065,215.6999969482422,217.5,3302500
2025-01-16,212.27867126464844,215.0200042724609,218.3000030517578,212.7100067138672,218.3000030517578,3116000
2025-01-17,216.3658905029297,219.16000366210932,220.63999938964844,217.83999633789065,220.5599975585937,2871100
2025-01-21,218.62667846679688,221.4499969482422,223.6499938964844,219.16000366210932,219.22999572753903,4090900
2025-01-22,221.22314453125,224.0800018310547,226.22000122070312,221.1000061035156,221.4499969482422,2883300
2025-01-23,225.4387359619141,228.3500061035156,228.42999267578125,221.52999877929688,221.8800048828125,2608000
2025-01-24,214.59869384765625,217.3699951171875,226.0399932861328,217.1300048828125,224.6199951171875,3929200
2025-01-27,212.673568725586,215.4199981689453,220.82000732421875,213.63999938964844,217.3999938964844,7088000
2025-01-28,206.84878540039065,209.5200042724609,213.91000366210932,207.8999938964844,212.8099975585937,3748600
2025-01-29,207.2338104248047,209.91000366210932,211.8699951171875,209.009994506836,209.5399932861328,2258500
2025-01-30,209.6920623779297,212.3999938964844,213.07000732421875,209.1000061035156,210.22999572753903,2976400
2025-01-31,209.18858337402344,211.88999938964844,217.6199951171875,210.69000244140625,211.7100067138672,3486400
2025-02-03,202.62335205078125,205.2400054931641,209.6499938964844,202.7700042724609,209.2899932861328,4483500
2025-02-04,203.383529663086,206.009994506836,208.3500061035156,204.07000732421875,204.6000061035156,4651500
2025-02-05,207.12521362304688,209.8000030517578,210.5500030517578,204.16000366210932,205.42999267578125,4515700
2025-02-06,205.1803436279297,207.8300018310547,210.509994506836,205.75,208.72999572753903,2715100
2025-02-07,202.5937347412109,205.2100067138672,209.5500030517578,203.7400054931641,207.67999267578125,3194700
2025-02-10,202.2481842041016,204.8600006103516,207.2100067138672,202.97000122070312,206.5800018310547,2820500
2025-02-11,200.86605834960932,203.4600067138672,206.6199951171875,202.63999938964844,202.92999267578125,2335700
2025-02-12,202.51475524902344,205.1300048828125,205.3999938964844,200.8000030517578,201.009994506836,2411500
2025-02-13,206.6710662841797,209.33999633789065,209.6499938964844,204.9900054931641,204.9900054931641,3134900
2025-02-14,211.8739013671875,214.6100006103516,215.1499938964844,210.6300048828125,211.2400054931641,3938600
2025-02-18,217.4123687744141,220.22000122070312,220.509994506836,215.7700042724609,217.2700042724609,7400200
2025-02-19,238.5790252685547,241.66000366210932,242.509994506836,224.1000061035156,230.0200042724609,9789600
2025-02-20,240.7115020751953,243.82000732421875,247.1000061035156,242.5500030517578,243.5399932861328,5889800
2025-02-21,235.8640899658203,238.91000366210932,246.0800018310547,237.759994506836,244.92999267578125,6176500
2025-02-24,233.9685821533203,236.9900054931641,240.63999938964844,236.17999267578125,240.27999877929688,4778300
2025-02-25,232.3001251220703,235.3000030517578,238.3300018310547,234.3800048828125,238.3300018310547,4136800
2025-02-26,230.7501220703125,233.72999572753903,236.3800048828125,231.8300018310547,235.0399932861328,2908200
2025-02-27,220.99609375,223.8500061035156,234.22999572753903,223.5,234.22999572753903,4480000
2025-02-28,227.1269073486328,230.0599975585937,230.1199951171875,223.0500030517578,225.9900054931641,4631200
2025-03-03,225.61642456054688,228.52999877929688,233.8300018310547,225.6699981689453,231.83999633789065,5000100
2025-03-04,224.2678985595703,226.17999267578125,231.44000244140625,223.8999938964844,230.4600067138672,4742400
2025-03-05,227.5301055908203,229.47000122070312,229.8600006103516,222.6999969482422,227.17999267578125,3927300
2025-03-06,220.88674926757807,222.7700042724609,228.8699951171875,222.0500030517578,225.67999267578125,4818700
2025-03-07,223.9506225585937,225.8600006103516,226.66000366210932,219.7400054931641,223.58999633789065,4062900
2025-03-10,214.4317779541016,216.259994506836,221.1499938964844,213.1499938964844,220.22000122070312,4946600
2025-03-11,207.3124847412109,209.0800018310547,217.38999938964844,206.47999572753903,217.3300018310547,4225500
2025-03-12,204.87326049804688,206.6199951171875,212.9900054931641,205.6199951171875,209.0800018310547,3917700
2025-03-13,202.07711791992188,203.8000030517578,208.16000366210932,202.58999633789065,206.0,2625200
2025-03-14,206.9852752685547,208.75,209.8500061035156,206.22999572753903,207.3600006103516,2614100
2025-03-17,209.89048767089844,211.67999267578125,213.3699951171875,207.3699951171875,207.75,2514500
2025-03-18,207.3917999267578,209.16000366210932,210.75,207.69000244140625,210.5800018310547,2657000
2025-03-19,208.1949462890625,209.97000122070312,213.02999877929688,208.08999633789065,209.19000244140625,2571900
2025-03-20,204.1593475341797,205.8999938964844,208.1699981689453,204.8099975585937,208.1699981689453,2775400
2025-03-21,202.6720428466797,204.3999938964844,205.2700042724609,201.27999877929688,203.0599975585937,5070200
2025-03-24,210.5449066162109,212.33999633789065,214.0800018310547,209.7400054931641,210.0,3458300
2025-03-25,211.77442932128903,213.5800018310547,214.6300048828125,210.97999572753903,210.97999572753903,2549800
2025-03-26,208.75021362304688,210.52999877929688,214.8999938964844,209.69000244140625,213.1499938964844,2453300
2025-03-27,207.1736602783203,208.94000244140625,211.0,205.8800048828125,208.67999267578125,2884800
2025-03-28,199.8560485839844,201.5599975585937,208.0599975585937,200.7700042724609,207.82000732421875,3521400
2025-03-31,199.96511840820312,201.6699981689453,202.5200042724609,196.8000030517578,200.22999572753903,3803700
2025-04-01,197.49615478515625,199.17999267578125,200.83999633789065,195.1199951171875,200.259994506836,3383000
2025-04-02,197.9027099609375,199.58999633789065,202.3000030517578,195.759994506836,195.759994506836,2437500
2025-04-03,179.3508758544922,180.8800048828125,193.1999969482422,180.3999938964844,191.82000732421875,6970800
2025-04-04,163.20851135253906,164.60000610351562,176.41000366210938,164.13999938964844,174.61000061035156,9633900
2025-04-07,169.8915252685547,171.33999633789062,183.3099975585937,158.64999389648438,163.1999969482422,10236500
2025-04-08,164.68589782714844,166.08999633789062,179.24000549316406,161.8300018310547,175.3800048828125,7640300
2025-04-09,194.96774291992188,196.6300048828125,198.4600067138672,164.5800018310547,166.0500030517578,10941600
2025-04-10,176.85218811035156,178.36000061035156,189.6300048828125,170.92999267578125,189.6300048828125,8547900
2025-04-11,177.64541625976562,179.16000366210938,180.97999572753903,167.1999969482422,172.1300048828125,6528800
2025-04-14,177.09014892578125,178.60000610351562,185.0,175.5800018310547,183.259994506836,3912100
2025-04-15,178.02220153808594,179.5399932861328,182.47000122070312,178.07000732421875,178.60000610351562,3035900
2025-04-16,174.4427032470703,175.92999267578125,177.36000061035156,170.38999938964844,173.6699981689453,4392800
2025-04-17,174.77984619140625,176.27000427246094,178.33999633789062,173.5800018310547,177.88999938964844,3341200
2025-04-21,173.5106658935547,174.99000549316406,175.47000122070312,171.0,172.64999389648438,3650100
2025-04-22,176.99099731445312,178.5,179.19000244140625,175.2100067138672,176.77999877929688,3735000
2025-04-23,181.56202697753903,183.1100006103516,187.83999633789065,182.47999572753903,185.9900054931641,4323300
2025-04-24,193.57955932617188,195.22999572753903,197.5200042724609,191.0500030517578,192.72999572753903,5606700
2025-04-25,192.94497680664065,194.58999633789065,196.3699951171875,191.69000244140625,192.9499969482422,3206800
2025-04-28,192.0823211669922,193.72000122070312,196.3699951171875,189.9499969482422,193.3600006103516,3401400
2025-04-29,191.04119873046875,192.6699981689453,194.82000732421875,190.3600006103516,191.5,3939800
2025-04-30,193.27218627929688,194.9199981689453,195.33999633789065,186.72999572753903,187.5500030517578,4415400
2025-05-01,192.10215759277344,193.7400054931641,197.1699981689453,193.44000244140625,196.83999633789065,3439500
2025-05-02,196.91116333007807,198.58999633789065,199.7100067138672,197.1499938964844,197.8600006103516,3795900
2025-05-05,196.0485076904297,197.72000122070312,199.72000122070312,195.58999633789065,196.16000366210932,2022700
2025-05-06,193.94644165039065,195.6000061035156,197.3999938964844,194.259994506836,194.88999938964844,2535500
2025-05-07,198.17041015625,199.8600006103516,200.72000122070312,195.69000244140625,196.6300048828125,2965700
2025-05-08,201.06573486328125,202.77999877929688,206.0399932861328,200.9600067138672,202.259994506836,3422400
2025-05-09,205.7557373046875,207.509994506836,210.13999938964844,206.2899932861328,207.2400054931641,3537500
2025-05-12,221.26351928710932,223.1499938964844,225.4900054931641,219.1000061035156,222.8699951171875,6358100
2025-05-13,224.76368713378903,226.67999267578125,227.07000732421875,220.25,221.97000122070312,4373500
2025-05-14,224.9025115966797,226.82000732421875,228.33999633789065,224.009994506836,227.63999938964844,4648400
2025-05-15,225.1999664306641,227.1199951171875,228.8000030517578,224.009994506836,224.42999267578125,3044800
2025-05-16,225.19004821777344,227.1100006103516,227.8000030517578,225.52999877929688,227.16000366210932,3617900
2025-05-19,222.64178466796875,224.5399932861328,226.8099975585937,223.07000732421875,223.63999938964844,3974200
2025-05-20,222.5922088623047,224.4900054931641,224.6000061035156,221.92999267578125,222.32000732421875,2619200
2025-05-21,220.3414001464844,222.22000122070312,227.38999938964844,221.3300018310547,222.6000061035156,5091100
2025-05-22,210.13836669921875,211.92999267578125,224.3999938964844,211.3699951171875,221.4600067138672,8968300
2025-05-23,208.69073486328125,210.47000122070312,211.0399932861328,206.0,208.97999572753903,4848100
2025-05-27,215.05645751953125,216.88999938964844,217.8699951171875,212.72999572753903,215.1499938964844,5542200
2025-05-28,213.79718017578125,215.6199951171875,218.19000244140625,215.4600067138672,217.6100006103516,3853900
2025-05-29,213.9261016845703,215.75,218.5,214.0,218.0599975585937,3800200
2025-05-30,212.17105102539065,213.97999572753903,215.83999633789065,210.8000030517578,215.27999877929688,10923400
2025-06-02,213.62863159179688,215.4499969482422,216.1999969482422,212.22000122070312,212.3999938964844,2233700
2025-06-03,216.5834197998047,218.42999267578125,218.88999938964844,213.0500030517578,214.02999877929688,3515800
2025-06-04,217.6392517089844,218.5,221.19000244140625,217.3300018310547,219.8300018310547,4199200
2025-06-05,217.1810607910156,218.0399932861328,222.58999633789065,217.0200042724609,219.8000030517578,3496200
2025-06-06,221.3844451904297,222.259994506836,225.3500061035156,220.6300048828125,220.67999267578125,3246000
2025-06-09,226.7631683349609,227.66000366210932,229.17999267578125,223.41000366210932,223.82000732421875,4110600
2025-06-10,232.42079162597656,233.33999633789065,234.759994506836,228.009994506836,228.2700042724609,4164800
2025-06-11,231.6239471435547,232.5399932861328,236.1199951171875,230.2700042724609,234.08999633789065,3311800
2025-06-12,231.20559692382807,232.1199951171875,233.7400054931641,230.8500061035156,231.52999877929688,2144000
2025-06-13,224.14352416992188,225.02999877929688,228.94000244140625,224.3800048828125,227.5599975585937,3349600
2025-06-16,230.88687133789065,231.8000030517578,231.9199981689453,227.5,228.1300048828125,3344900
2025-06-17,226.5440368652344,227.44000244140625,231.69000244140625,227.3099975585937,229.1999969482422,2726500
2025-06-18,228.74533081054688,229.6499938964844,233.0800018310547,228.83999633789065,230.4199981689453,2551500
2025-06-20,227.4504547119141,228.3500061035156,232.0200042724609,225.57000732421875,231.75,5316100
2025-06-23,230.0700836181641,230.97999572753903,231.3099975585937,226.6999969482422,228.19000244140625,3573500
2025-06-24,234.0543365478516,234.97999572753903,235.6100006103516,233.2100067138672,233.91000366210932,3636100
2025-06-25,233.7555084228516,234.67999267578125,236.4499969482422,231.6199951171875,235.6000061035156,3548600
2025-06-26,236.36520385742188,237.3000030517578,238.22000122070312,235.1000061035156,236.02999877929688,3057800
2025-06-27,236.02655029296875,236.9600067138672,239.07000732421875,234.94000244140625,237.0,3617800
2025-06-30,237.08236694335932,238.0200042724609,238.6699981689453,235.66000366210932,237.5399932861328,3258700
2025-07-01,239.6920318603516,240.63999938964844,241.8099975585937,235.82000732421875,236.5399932861328,3500600
2025-07-02,244.18426513671875,245.1499938964844,245.44000244140625,240.02999877929688,240.47000122070312,3538300
2025-07-03,244.7121734619141,245.67999267578125,246.5500030517578,244.17999267578125,245.83999633789065,1837400
2025-07-07,240.857421875,241.8099975585937,245.3099975585937,240.3600006103516,244.8099975585937,2783400
2025-07-08,244.18426513671875,245.1499938964844,247.72999572753903,242.66000366210932,243.6000061035156,3964200
2025-07-09,241.7638397216797,242.72000122070312,246.9199981689453,241.0,245.58999633789065,3339000
2025-07-10,244.1643524169922,245.1300048828125,245.7400054931641,242.22000122070312,244.77999877929688,2428200
2025-07-11,243.7161102294922,244.67999267578125,245.77999877929688,242.009994506836,243.3600006103516,2037700
2025-07-14,242.5009307861328,243.4600067138672,244.1300048828125,241.42999267578125,243.1300048828125,2045400
2025-07-15,239.472900390625,240.4199981689453,245.759994506836,240.2700042724609,244.9900054931641,3001700
2025-07-16,239.6621551513672,240.6100006103516,241.009994506836,236.27999877929688,239.75,2842100
2025-07-17,240.020736694336,240.97000122070312,241.88999938964844,239.0800018310547,239.94000244140625,2830800
2025-07-18,240.89727783203125,241.8500061035156,243.6000061035156,240.8300018310547,243.0399932861328,2761600
2025-07-21,239.5326690673828,240.47999572753903,245.72000122070312,240.3500061035156,243.3300018310547,2997800
2025-07-22,234.57228088378903,235.5,241.3999938964844,234.0,238.7899932861328,6027500
2025-07-23,227.1815185546875,228.0800018310547,232.5,222.0,230.7700042724609,7845200
2025-07-24,225.478256225586,226.3699951171875,228.47000122070312,223.759994506836,228.47000122070312,4771000
2025-07-25,226.92254638671875,227.82000732421875,228.6499938964844,225.17999267578125,226.63999938964844,2695600
2025-07-28,229.8609313964844,230.7700042724609,231.0399932861328,228.8600006103516,228.91000366210932,3136200
2025-07-29,229.84100341796875,230.75,232.63999938964844,229.13999938964844,231.97999572753903,2174200
2025-07-30,230.1995849609375,231.1100006103516,232.1999969482422,229.1000061035156,231.8300018310547,2324100
2025-07-31,223.7451171875,224.6300048828125,229.77999877929688,222.3699951171875,228.27999877929688,5339800
2025-08-01,220.8366241455078,221.7100067138672,223.16000366210932,218.8500061035156,222.3600006103516,3740500
2025-08-04,221.5238800048828,222.3999938964844,223.52999877929688,220.6000061035156,221.4199981689453,2848100
2025-08-05,219.81065368652344,220.67999267578125,225.0800018310547,219.38999938964844,222.97999572753903,3099000
2025-08-06,219.8206329345703,220.69000244140625,221.1699981689453,218.3699951171875,220.67999267578125,2547300
2025-08-07,222.24105834960932,223.1199951171875,225.63999938964844,222.19000244140625,223.1000061035156,2522000
2025-08-08,223.0677795410156,223.9499969482422,224.94000244140625,221.1499938964844,223.0599975585937,3078200
2025-08-11,223.18731689453125,224.07000732421875,228.32000732421875,223.44000244140625,225.0,3479200
2025-08-12,231.1259155273437,232.0399932861328,234.2899932861328,225.42999267578125,226.47999572753903,4979300
2025-08-13,236.69390869140625,237.6300048828125,238.2700042724609,232.1199951171875,232.97000122070312,3804700
2025-08-14,235.2794952392578,236.2100067138672,236.8699951171875,232.97000122070312,234.8600006103516,2182100
2025-08-15,230.7175445556641,231.6300048828125,237.2100067138672,231.0399932861328,237.2100067138672,3826400
2025-08-18,230.63784790039065,231.5500030517578,234.0399932861328,230.5,230.5,2260100
2025-08-19,229.5322265625,230.44000244140625,234.22000122070312,229.8099975585937,231.63999938964844,4569000
2025-08-20,243.9053649902344,244.8699951171875,245.3999938964844,228.1100006103516,239.69000244140625,8529000
2025-08-21,245.9771728515625,246.9499969482422,250.17999267578125,243.4900054931641,244.0,5991800
2025-08-22,251.2064971923828,252.1999969482422,257.2099914550781,248.22000122070312,249.17999267578125,4990800
2025-08-25,253.48748779296875,254.4900054931641,255.2700042724609,251.259994506836,252.63999938964844,3419100
2025-08-26,254.6230010986328,255.6300048828125,257.7200012207031,253.69000244140625,254.0,5735100
2025-08-27,254.49349975585932,255.5,256.25,252.8699951171875,254.58999633789065,3347400
2025-08-28,253.24842834472656,254.25,258.1300048828125,254.1699981689453,256.8800048828125,4038100
2025-08-29,250.32000732421875,251.3099975585937,254.25,250.5200042724609,253.0599975585937,3599000
2025-09-02,248.32000732421875,248.32000732421875,248.5200042724609,243.8300018310547,246.5,3115700
2025-09-03,244.5500030517578,244.5500030517578,248.8699951171875,241.92999267578125,248.32000732421875,3024500
2025-09-04,246.1100006103516,246.1100006103516,246.32000732421875,239.5800018310547,243.009994506836,3574700
2025-09-05,247.07000732421875,247.07000732421875,249.72999572753903,245.3800048828125,246.22000122070312,2166100
2025-09-08,248.97999572753903,248.97999572753903,249.42999267578125,246.63999938964844,248.0500030517578,2417900
2025-09-09,248.17999267578125,248.17999267578125,249.32000732421875,246.5200042724609,248.1100006103516,2154600
2025-09-10,247.2100067138672,247.2100067138672,249.0500030517578,245.8699951171875,248.3000030517578,2474500
2025-09-11,248.2400054931641,248.2400054931641,250.0,246.4900054931641,247.759994506836,2244700
2025-09-12,245.2100067138672,245.2100067138672,248.22999572753903,244.97999572753903,247.6199951171875,2110000
2025-09-15,244.91000366210932,244.91000366210932,246.97000122070312,238.77999877929688,239.4199981689453,2333100
2025-09-16,244.1000061035156,244.1000061035156,247.32000732421875,242.22000122070312,242.9499969482422,2913800
2025-09-17,246.32000732421875,246.32000732421875,250.1999969482422,244.1100006103516,244.1100006103516,2617600
2025-09-18,249.0500030517578,249.0500030517578,252.0,248.27999877929688,251.08999633789065,3129900
2025-09-19,245.3300018310547,245.3300018310547,249.9499969482422,243.5800018310547,249.9499969482422,5182600
2025-09-22,247.33999633789065,247.33999633789065,249.0399932861328,245.5800018310547,245.6100006103516,2167300
2025-09-23,246.77999877929688,246.77999877929688,250.3600006103516,246.3300018310547,248.3699951171875,2085700
2025-09-24,248.6100006103516,248.6100006103516,249.82000732421875,246.6999969482422,247.0500030517578,2479000
2025-09-25,247.52999877929688,247.52999877929688,248.3300018310547,243.5200042724609,247.57000732421875,2410900
2025-09-26,247.5599975585937,247.5599975585937,249.41000366210932,245.759994506836,248.7100067138672,2648500
2025-09-29,244.7899932861328,244.7899932861328,249.5,243.8500061035156,249.3300018310547,3296300
2025-09-30,245.6999969482422,245.6999969482422,247.1999969482422,243.07000732421875,245.8099975585937,2507800
2025-10-01,239.27999877929688,239.27999877929688,245.58999633789065,236.22000122070312,243.7100067138672,4916300
2025-10-02,241.6699981689453,241.6699981689453,243.97000122070312,240.44000244140625,242.1300048828125,2774100
2025-10-03,241.9900054931641,241.9900054931641,246.1999969482422,241.58999633789065,242.0500030517578,2118500
2025-10-06,242.5,242.5,245.009994506836,238.9199981689453,245.009994506836,4021200
2025-10-07,233.75,233.75,243.38999938964844,233.02999877929688,243.38999938964844,3397800
2025-10-08,237.92999267578125,237.92999267578125,239.3600006103516,233.8000030517578,233.8000030517578,4017900
2025-10-09,237.8800048828125,237.8800048828125,238.38999938964844,235.1000061035156,236.83999633789065,3069200
