Date,Adj Close,Close,High,Low,Open,Volume
2010-10-11,38.48085403442383,56.09999847412109,56.34999847412109,55.86000061035156,56.27999877929688,4345600
2010-10-12,38.37110900878906,55.93999862670898,56.119998931884766,55.47999954223633,55.77000045776367,6272500
2010-10-13,38.06243515014648,55.4900016784668,56.09999847412109,55.43999862670898,55.88999938964844,8059000
2010-10-14,37.63029479980469,54.86000061035156,55.5,54.59999847412109,55.11000061035156,9063400
2010-10-15,38.89927291870117,56.709999084472656,56.810001373291016,55.02000045776367,55.2599983215332,11232400
2010-10-18,39.756683349609375,57.959999084472656,57.959999084472656,56.209999084472656,56.369998931884766,10188400
2010-10-19,39.32455825805664,57.33000183105469,58.7400016784668,56.84999847412109,57.66999816894531,8711800
2010-10-20,39.59892654418945,57.72999954223633,58.36000061035156,57.16999816894531,57.83000183105469,6176700
2010-10-21,39.52346420288086,57.619998931884766,57.9900016784668,56.95000076293945,57.810001373291016,4702900
2010-10-22,39.4754524230957,57.54999923706055,57.790000915527344,57.25,57.59000015258789,3728000
2010-10-25,39.74981689453125,57.95000076293945,58.41999816894531,57.720001220703125,57.97999954223633,5179400
2010-10-26,39.27655029296875,57.2599983215332,57.5,56.59999847412109,57.11000061035156,7050800
2010-10-27,39.118770599365234,57.02999877929688,57.18000030517578,56.459999084472656,56.75,5668700
2010-10-28,39.28338241577149,57.27000045776367,57.630001068115234,56.90999984741211,57.36000061035156,4181300
2010-10-29,39.22851943969727,57.18999862670898,57.459999084472656,56.79999923706055,56.95000076293945,3384000
2010-11-01,39.39314270019531,57.43000030517578,57.95000076293945,56.90999984741211,57.02000045776367,4081600
2010-11-02,39.33140563964844,57.34000015258789,57.84999847412109,57.209999084472656,57.61000061035156,4076500
2010-11-03,39.3039665222168,57.29999923706055,57.720001220703125,57.06999969482422,57.2599983215332,4425800
2010-11-04,38.41911315917969,56.0099983215332,57.400001525878906,55.650001525878906,56.9900016784668,9590100
2010-11-05,38.01443099975586,55.41999816894531,56.09000015258789,54.880001068115234,56.02000045776367,6902400
2010-11-08,37.92524337768555,55.290000915527344,55.43000030517578,54.9900016784668,55.130001068115234,4527900
2010-11-09,37.678321838378906,54.93000030517578,55.43999862670898,54.75,55.18000030517578,7671600
2010-11-10,37.520538330078125,54.70000076293945,54.93999862670898,53.970001220703125,54.7599983215332,6174200
2010-11-11,37.46567153930664,54.619998931884766,54.81999969482422,54.09000015258789,54.27999877929688,5385900
2010-11-12,37.36278533935547,54.470001220703125,54.70000076293945,54.22999954223633,54.27999877929688,5015300
2010-11-15,37.39021301269531,54.5099983215332,54.83000183105469,54.22999954223633,54.31999969482422,3929700
2010-11-16,37.060977935791016,54.02999877929688,54.56999969482422,53.7599983215332,54.08000183105469,6811400
2010-11-17,36.95121383666992,53.869998931884766,54.060001373291016,53.43999862670898,53.75,5871700
2010-11-18,37.822357177734375,55.13999938964844,55.43000030517578,53.90999984741211,54.0,8362700
2010-11-19,37.7263298034668,55.0,55.58000183105469,54.720001220703125,55.52999877929688,9153900
2010-11-22,37.54798889160156,54.7400016784668,55.08000183105469,54.060001373291016,54.9900016784668,5289800
2010-11-23,36.766021728515625,53.59999847412109,54.33000183105469,53.5099983215332,54.27999877929688,7065900
2010-11-24,36.923789978027344,53.83000183105469,54.25,53.720001220703125,53.75,4303700
2010-11-26,36.73857879638672,53.560001373291016,53.900001525878906,53.369998931884766,53.52999877929688,1755400
2010-11-29,36.57394790649414,53.31999969482422,53.58000183105469,52.18999862670898,53.08000183105469,6368500
2010-11-30,36.141822814941406,52.68999862670898,53.02999877929688,52.41999816894531,52.61000061035156,6027300
2010-12-01,36.71114349365234,53.52000045776367,53.77000045776367,53.0,53.31999969482422,5721000
2010-12-02,36.93062973022461,53.84000015258789,53.91999816894531,53.18999862670898,53.34999847412109,3971400
2010-12-03,36.85519409179688,53.72999954223633,54.25,53.459999084472656,54.0,7120600
2010-12-06,36.62883758544922,53.400001525878906,53.63999938964844,53.150001525878906,53.400001525878906,4075000
2010-12-07,36.44363784790039,53.130001068115234,53.720001220703125,52.97999954223633,53.619998931884766,5837200
2010-12-08,36.5465202331543,53.27999877929688,53.54999923706055,53.0,53.040000915527344,4666400
2010-12-09,36.62883758544922,53.400001525878906,53.58000183105469,53.09999847412109,53.310001373291016,4701300
2010-12-10,36.96493148803711,53.88999938964844,54.0,53.290000915527344,53.31999969482422,6567800
2010-12-13,37.1158332824707,54.11000061035156,54.34000015258789,53.84999847412109,53.93999862670898,5523100
2010-12-14,38.93355941772461,56.7599983215332,57.220001220703125,55.2400016784668,56.45000076293945,23617700
2010-12-15,38.18590545654297,55.66999816894531,56.95000076293945,55.34999847412109,56.52999877929688,14247900
2010-12-16,38.84440612792969,56.630001068115234,56.79999923706055,55.63999938964844,55.70000076293945,12950800
2010-12-17,39.38628005981445,57.41999816894531,57.900001525878906,56.58000183105469,57.0,21618900
2010-12-20,39.54405212402344,57.650001525878906,57.97999954223633,57.43999862670898,57.560001373291016,6980600
2010-12-21,39.36570358276367,57.38999938964844,57.70000076293945,57.16999816894531,57.56999969482422,5598000
2010-12-22,39.06388854980469,56.95000076293945,57.369998931884766,56.630001068115234,57.20000076293945,4411800
2010-12-23,38.89927291870117,56.709999084472656,57.06999969482422,56.459999084472656,56.70000076293945,4074800
2010-12-27,38.71407318115234,56.43999862670898,56.66999816894531,56.0099983215332,56.52999877929688,2758400
2010-12-28,38.38481903076172,55.959999084472656,56.560001373291016,55.93999862670898,56.380001068115234,4025200
2010-12-29,38.32309341430664,55.869998931884766,56.369998931884766,55.869998931884766,56.150001525878906,3601700
2010-12-30,38.08988571166992,55.52999877929688,56.16999816894531,55.459999084472656,55.68999862670898,3414000
2010-12-31,37.657745361328125,54.900001525878906,55.61000061035156,54.77000045776367,55.470001220703125,3997500
2011-01-03,38.10358428955078,55.54999923706055,56.27999877929688,55.18000030517578,55.20000076293945,5453300
2011-01-04,38.92670822143555,56.75,57.2400016784668,55.68999862670898,55.77000045776367,8429500
2011-01-05,38.91300201416016,56.72999954223633,57.15999984741211,56.400001525878906,56.459999084472656,4552000
2011-01-06,38.78952407836914,56.54999923706055,57.18000030517578,56.06999969482422,56.68000030517578,3561400
2011-01-07,39.08447647094727,56.97999954223633,57.18999862670898,56.459999084472656,56.5,4680800
2011-01-10,38.71407318115234,56.43999862670898,56.95000076293945,56.209999084472656,56.470001220703125,4758900
2011-01-11,38.54258346557617,56.18999862670898,56.880001068115234,56.09000015258789,56.54999923706055,5863900
2011-01-12,38.99530029296875,56.84999847412109,56.91999816894531,56.04999923706055,56.29999923706055,4566400
2011-01-13,38.63175582885742,56.31999969482422,57.0,56.22999954223633,56.720001220703125,4660300
2011-01-14,38.75522994995117,56.5,57.27999877929688,56.04999923706055,56.04999923706055,5893700
2011-01-18,39.29712677001953,57.290000915527344,57.34000015258789,56.34999847412109,56.400001525878906,10611900
2011-01-19,39.08447647094727,56.97999954223633,57.43000030517578,56.59999847412109,57.209999084472656,5771500
2011-01-20,39.310821533203125,57.310001373291016,57.650001525878906,56.68000030517578,56.77999877929688,6313600
2011-01-21,39.07760620117188,56.970001220703125,57.40999984741211,56.7400016784668,57.40999984741211,6032900
2011-01-24,39.29712677001953,57.290000915527344,57.869998931884766,56.810001373291016,57.060001373291016,5647800
2011-01-25,39.20793533325195,57.15999984741211,58.18999862670898,56.7400016784668,56.90999984741211,8944000
2011-01-26,38.74150466918945,56.47999954223633,57.470001220703125,56.31999969482422,57.27000045776367,6833600
2011-01-27,38.74150466918945,56.47999954223633,56.869998931884766,56.060001373291016,56.459999084472656,4686000
2011-01-28,37.92524337768555,55.290000915527344,56.61000061035156,55.11000061035156,56.61000061035156,6928300
2011-01-31,37.781192779541016,55.08000183105469,55.459999084472656,54.84999847412109,55.220001220703125,6021300
2011-02-01,38.21333694458008,55.709999084472656,55.880001068115234,55.11000061035156,55.22999954223633,5615800
2011-02-02,38.158470153808594,55.630001068115234,55.650001525878906,54.790000915527344,55.13999938964844,5353400
2011-02-03,38.03498840332031,55.45000076293945,55.63999938964844,55.0,55.27000045776367,4227000
2011-02-04,37.86351776123047,55.20000076293945,55.619998931884766,54.7400016784668,55.619998931884766,4569900
2011-02-07,37.64400863647461,54.880001068115234,55.33000183105469,54.7599983215332,55.22999954223633,3861900
2011-02-08,37.6851692199707,54.93999862670898,55.15999984741211,54.630001068115234,54.7599983215332,3399300
2011-02-09,37.33534622192383,54.43000030517578,55.0,54.310001373291016,54.72999954223633,4502700
2011-02-10,37.2255973815918,54.27000045776367,54.79999923706055,54.0,54.33000183105469,4522300
2011-02-11,36.86204528808594,53.7400016784668,54.11000061035156,53.54999923706055,54.11000061035156,6896900
2011-02-14,36.94437789916992,53.86000061035156,54.08000183105469,53.34000015258789,53.61000061035156,5412600
2011-02-15,36.93062973022461,53.84000015258789,53.93999862670898,53.310001373291016,53.630001068115234,5143000
2011-02-16,36.32016754150391,52.95000076293945,53.43000030517578,52.36000061035156,53.34000015258789,11461500
2011-02-17,35.94976043701172,52.40999984741211,53.18999862670898,52.369998931884766,52.68999862670898,8918600
2011-02-18,35.83314895629883,52.2400016784668,52.72999954223633,52.02000045776367,52.2599983215332,9877900
2011-02-22,35.586212158203125,51.880001068115234,52.540000915527344,51.619998931884766,51.970001220703125,6473900
2011-02-23,35.030609130859375,51.06999969482422,52.18000030517578,51.06999969482422,51.88999938964844,8135500
2011-02-24,34.94828796386719,50.95000076293945,51.2400016784668,50.61000061035156,51.06999969482422,8606600
2011-02-25,35.846866607666016,52.2599983215332,52.369998931884766,51.04999923706055,51.18000030517578,7791100
2011-02-28,35.208946228027344,51.33000183105469,52.66999816894531,51.310001373291016,52.380001068115234,8054800
2011-03-01,35.60678482055664,51.90999984741211,52.4900016784668,51.7400016784668,52.16999816894531,6668500
2011-03-02,35.250099182128906,51.38999938964844,51.90999984741211,51.34000015258789,51.7400016784668,5437400
2011-03-03,35.92232131958008,52.369998931884766,52.540000915527344,51.459999084472656,51.63999938964844,6527500
2011-03-04,35.888023376464844,52.31999969482422,52.52999877929688,51.959999084472656,52.11000061035156,5795700
2011-03-07,35.49018478393555,51.7400016784668,52.56999969482422,51.68000030517578,52.52999877929688,6334200
2011-03-08,36.02521514892578,52.52000045776367,52.66999816894531,51.400001525878906,51.790000915527344,4298400
2011-03-09,35.99776077270508,52.47999954223633,52.79999923706055,52.08000183105469,52.75,4049200
2011-03-10,35.558773040771484,51.84000015258789,52.209999084472656,51.41999816894531,51.86000061035156,5675400
2011-03-11,36.7180061340332,53.52999877929688,53.869998931884766,51.77999877929688,51.86000061035156,11642100
2011-03-14,36.71114349365234,53.52000045776367,53.880001068115234,53.09000015258789,53.18000030517578,7015900
2011-03-15,36.354454040527344,53.0,53.38999938964844,52.18000030517578,52.5099983215332,6001400
2011-03-16,36.141822814941406,52.68999862670898,53.54999923706055,52.43000030517578,52.54999923706055,10020100
2011-03-17,36.73857879638672,53.560001373291016,54.70000076293945,53.31999969482422,54.0,10655000
2011-03-18,36.31330490112305,52.93999862670898,53.91999816894531,52.75,53.72999954223633,12834000
2011-03-21,36.41618347167969,53.09000015258789,53.93999862670898,53.04999923706055,53.75,4286100
2011-03-22,36.203556060791016,52.77999877929688,53.27999877929688,52.65999984741211,53.02999877929688,5560800
2011-03-23,36.141822814941406,52.68999862670898,52.93000030517578,52.22999954223633,52.709999084472656,4528300
2011-03-24,36.5396728515625,53.27000045776367,53.5,52.43000030517578,52.88999938964844,5093600
2011-03-25,36.45734786987305,53.150001525878906,53.790000915527344,53.0,53.40999984741211,5589900
2011-03-28,36.114383697509766,52.650001525878906,53.22999954223633,52.61000061035156,53.09000015258789,3808800
2011-03-29,36.6494026184082,53.43000030517578,53.45000076293945,52.65999984741211,52.70000076293945,3570800
2011-03-30,36.971797943115234,53.900001525878906,54.36000061035156,53.43000030517578,53.65999984741211,4562400
2011-03-31,36.66313171386719,53.45000076293945,54.04999923706055,53.45000076293945,53.72999954223633,4501100
2011-04-01,36.40933227539063,53.08000183105469,53.97999954223633,52.7599983215332,53.93999862670898,7942400
2011-04-04,37.060977935791016,54.02999877929688,54.29999923706055,53.209999084472656,53.310001373291016,5510000
2011-04-05,37.08840560913086,54.06999969482422,54.369998931884766,53.90999984741211,53.95000076293945,4638500
2011-04-06,37.060977935791016,54.02999877929688,54.560001373291016,53.9900016784668,54.2599983215332,4576400
2011-04-07,37.019813537597656,53.970001220703125,54.38999938964844,53.5,53.900001525878906,4408600
2011-04-08,36.971797943115234,53.900001525878906,54.31999969482422,53.58000183105469,53.970001220703125,4423100
2011-04-11,37.253028869628906,54.310001373291016,54.45000076293945,53.47999954223633,53.90999984741211,6327000
2011-04-12,37.46567153930664,54.619998931884766,54.75,54.0099983215332,54.04999923706055,6678800
2011-04-13,37.6851692199707,54.93999862670898,55.29999923706055,54.650001525878906,54.68999862670898,7572900
2011-04-14,37.60972213745117,54.83000183105469,55.0099983215332,54.27999877929688,54.75,7189000
2011-04-15,38.07615280151367,55.5099983215332,55.9900016784668,54.93999862670898,55.02999877929688,8002700
2011-04-18,37.877227783203125,55.220001220703125,55.560001373291016,54.790000915527344,54.95000076293945,6936300
2011-04-19,37.849796295166016,55.18000030517578,55.29999923706055,54.650001525878906,55.06999969482422,5952800
2011-04-20,38.53572845458984,56.18000030517578,56.43999862670898,55.619998931884766,56.0,7334700
2011-04-21,36.82775115966797,53.68999862670898,55.38999938964844,53.220001220703125,55.2599983215332,17489600
2011-04-25,37.51368713378906,54.68999862670898,54.7599983215332,53.15999984741211,53.5099983215332,10650800
2011-04-26,38.56316757202149,56.220001220703125,56.310001373291016,54.97999954223633,55.0099983215332,12800000
2011-04-27,38.974727630615234,56.81999969482422,56.959999084472656,56.09000015258789,56.29999923706055,8362400
2011-04-28,39.194217681884766,57.13999938964844,57.290000915527344,56.66999816894531,56.900001525878906,6301100
2011-04-29,38.99530029296875,56.84999847412109,57.0,55.869998931884766,56.90999984741211,19900000
2011-05-02,39.35885238647461,57.380001068115234,57.45000076293945,56.66999816894531,56.97999954223633,8552200
2011-05-03,39.441165924072266,57.5,57.79999923706055,57.06999969482422,57.119998931884766,6500000
2011-05-04,39.56462860107422,57.68000030517578,57.900001525878906,57.2599983215332,57.2599983215332,7241600
2011-05-05,39.38628005981445,57.41999816894531,57.84999847412109,57.27999877929688,57.56999969482422,7204300
2011-05-06,39.53032684326172,57.630001068115234,58.06999969482422,57.34000015258789,57.79999923706055,4535300
2011-05-09,39.57148742675781,57.68999862670898,57.93999862670898,57.31999969482422,57.380001068115234,3624900
2011-05-10,39.98989868164063,58.29999923706055,58.40999984741211,57.61000061035156,57.95000076293945,4717100
2011-05-11,40.37402725219727,58.86000061035156,59.20000076293945,58.04999923706055,58.5,7200000
2011-05-12,40.92277145385742,59.65999984741211,59.75,58.34000015258789,58.68999862670898,5500000
2011-05-13,41.47837829589844,60.470001220703125,61.08000183105469,59.75,59.86000061035156,9402700
2011-05-16,41.05997085571289,59.86000061035156,60.2400016784668,59.40999984741211,59.97999954223633,10068100
2011-05-17,41.76647186279297,60.88999938964844,61.18000030517578,58.83000183105469,59.88999938964844,11820900
2011-05-18,41.95854568481445,61.16999816894531,61.369998931884766,60.459999084472656,60.66999816894531,5182800
2011-05-19,41.86936950683594,61.040000915527344,61.52999877929688,60.68999862670898,61.43999862670898,3362000
2011-05-20,41.745906829833984,60.86000061035156,61.22999954223633,60.34000015258789,60.959999084472656,5276700
2011-05-23,41.47151947021485,60.459999084472656,60.61000061035156,59.900001525878906,60.04999923706055,4200000
2011-05-24,41.10112762451172,59.91999816894531,60.52999877929688,59.75,60.52999877929688,4162600
2011-05-25,41.04625701904297,59.84000015258789,60.02000045776367,59.52999877929688,59.9900016784668,3929100
2011-05-26,40.991355895996094,59.7599983215332,59.880001068115234,59.18999862670898,59.52000045776367,3771200
2011-05-27,40.71014404296875,59.34999847412109,59.900001525878906,59.119998931884766,59.470001220703125,3657500
2011-05-31,41.5263900756836,60.540000915527344,60.7400016784668,59.63999938964844,59.68000030517578,7626000
2011-06-01,40.950225830078125,59.70000076293945,60.790000915527344,59.65999984741211,60.54999923706055,4968500
2011-06-02,40.641544342041016,59.25,59.86000061035156,59.08000183105469,59.56999969482422,4053500
2011-06-03,40.25741958618164,58.68999862670898,59.11000061035156,58.58000183105469,58.880001068115234,4636200
2011-06-06,40.195682525634766,58.59999847412109,59.09999847412109,58.31999969482422,58.470001220703125,4144500
2011-06-07,40.353458404541016,58.83000183105469,59.540000915527344,58.540000915527344,58.70000076293945,3828700
2011-06-08,40.43577194213867,58.95000076293945,59.11000061035156,58.45000076293945,58.869998931884766,3716000
2011-06-09,40.38775253295898,58.880001068115234,59.61000061035156,58.560001373291016,59.0,5362300
2011-06-10,39.77726364135742,57.9900016784668,58.88999938964844,57.970001220703125,58.59999847412109,4780200
2011-06-13,40.05165481567383,58.38999938964844,58.790000915527344,57.869998931884766,58.02000045776367,5298000
2011-06-14,40.14767074584961,58.52999877929688,58.790000915527344,58.310001373291016,58.63999938964844,5146700
2011-06-15,39.70867538452149,57.88999938964844,58.68000030517578,57.86000061035156,58.040000915527344,5104300
2011-06-16,40.0173454284668,58.34000015258789,58.43999862670898,57.7400016784668,58.08000183105469,5550600
2011-06-17,39.79098892211914,58.0099983215332,58.900001525878906,57.77999877929688,58.81999969482422,6610500
2011-06-20,40.09279251098633,58.45000076293945,58.68000030517578,57.900001525878906,57.9900016784668,3851100
2011-06-21,39.90073013305664,58.16999816894531,58.59000015258789,57.880001068115234,58.58000183105469,4347900
2011-06-22,39.887020111083984,58.150001525878906,58.5,57.93000030517578,58.040000915527344,4015000
2011-06-23,39.736106872558594,57.93000030517578,57.9900016784668,56.959999084472656,57.54999923706055,4588000
2011-06-24,39.12562561035156,57.040000915527344,57.97999954223633,56.72999954223633,57.84000015258789,11908500
2011-06-27,39.70181274414063,57.880001068115234,57.9900016784668,56.81999969482422,56.81999969482422,5289300
2011-06-28,40.2299690246582,58.650001525878906,58.869998931884766,57.61000061035156,57.88999938964844,4073200
2011-06-29,39.633209228515625,57.77999877929688,58.75,57.68000030517578,58.66999816894531,7531500
2011-06-30,40.02420425415039,58.34999847412109,58.400001525878906,57.9900016784668,58.09999847412109,5069900
2011-07-01,39.97618865966797,58.27999877929688,58.43999862670898,57.88999938964844,58.43999862670898,5358000
2011-07-05,39.72924041748047,57.91999816894531,58.25,57.68000030517578,58.18000030517578,4639500
2011-07-06,39.57836151123047,57.70000076293945,58.13999938964844,57.52999877929688,57.9900016784668,5102900
2011-07-07,39.72240447998047,57.90999984741211,58.29999923706055,57.540000915527344,58.08000183105469,6116000
2011-07-08,39.537200927734375,57.63999938964844,58.29999923706055,57.36000061035156,57.7599983215332,4037900
2011-07-11,39.029598236083984,56.900001525878906,57.5,56.65999984741211,57.209999084472656,4186300
2011-07-12,39.029598236083984,56.900001525878906,57.290000915527344,56.84000015258789,57.150001525878906,3964400
2011-07-13,38.83067321777344,56.61000061035156,57.22999954223633,56.34999847412109,56.97999954223633,4514200
2011-07-14,38.19275665283203,55.68000030517578,56.59999847412109,55.4900016784668,56.560001373291016,7201300
2011-07-15,37.7606201171875,55.04999923706055,55.41999816894531,54.7400016784668,55.369998931884766,9209200
2011-07-18,37.49311447143555,54.65999984741211,55.2599983215332,54.310001373291016,55.119998931884766,6241800
2011-07-19,37.91153335571289,55.27000045776367,55.5099983215332,54.869998931884766,55.0099983215332,4977000
2011-07-20,37.71947479248047,54.9900016784668,55.41999816894531,54.93000030517578,55.27999877929688,4151300
2011-07-21,38.06243515014648,55.4900016784668,55.91999816894531,55.02000045776367,55.33000183105469,5539600
2011-07-22,37.877227783203125,55.220001220703125,55.459999084472656,55.0099983215332,55.34999847412109,3098400
2011-07-25,37.657745361328125,54.900001525878906,55.36000061035156,54.709999084472656,55.220001220703125,3174100
2011-07-26,37.520538330078125,54.70000076293945,55.06999969482422,54.41999816894531,54.77000045776367,4428200
2011-07-27,36.9032096862793,53.79999923706055,54.95000076293945,53.61000061035156,54.5,6502800
2011-07-28,36.6494026184082,53.43000030517578,54.650001525878906,53.33000183105469,53.63999938964844,6586100
2011-07-29,37.520538330078125,54.70000076293945,55.20000076293945,53.04999923706055,54.72999954223633,10640200
2011-08-01,36.88262939453125,53.77000045776367,55.27999877929688,53.04999923706055,55.02000045776367,8875500
2011-08-02,36.56710815429688,53.310001373291016,54.25,53.209999084472656,53.38999938964844,7526200
2011-08-03,36.57394790649414,53.31999969482422,53.43000030517578,52.34999847412109,53.34999847412109,7145700
2011-08-04,35.366703033447266,51.560001373291016,53.150001525878906,51.540000915527344,52.59999847412109,9918500
2011-08-05,35.75083541870117,52.119998931884766,52.970001220703125,51.22999954223633,51.81999969482422,9914200
2011-08-08,34.21434020996094,49.880001068115234,52.43999862670898,49.880001068115234,51.65999984741211,13911500
2011-08-09,34.67392349243164,50.54999923706055,50.790000915527344,48.5,50.0099983215332,16124400
2011-08-10,33.11001205444336,48.27000045776367,49.93999862670898,48.08000183105469,49.58000183105469,12558400
2011-08-11,34.04972457885742,49.63999938964844,50.09999847412109,47.65999984741211,48.119998931884766,14860500
2011-08-12,34.296669006347656,50.0,50.66999816894531,49.54999923706055,49.709999084472656,7919700
2011-08-15,35.39414978027344,51.59999847412109,51.68000030517578,50.18000030517578,50.47999954223633,7665700
2011-08-16,35.35966873168945,51.27000045776367,51.70000076293945,50.84999847412109,51.25,6630400
2011-08-17,35.67001724243164,51.720001220703125,51.79999923706055,51.290000915527344,51.29999923706055,8150100
2011-08-18,35.47691345214844,51.43999862670898,51.68000030517578,50.630001068115234,50.650001525878906,10138400
2011-08-19,35.84934616088867,51.97999954223633,52.41999816894531,50.7400016784668,50.790000915527344,9437000
2011-08-22,36.07691955566406,52.310001373291016,53.0,52.20000076293945,52.41999816894531,9289800
2011-08-23,36.98040771484375,53.619998931884766,53.619998931884766,52.220001220703125,52.36000061035156,7806600
2011-08-24,37.41490173339844,54.25,54.290000915527344,53.15999984741211,53.31999969482422,5349700
2011-08-25,36.87005233764648,53.459999084472656,54.59000015258789,52.970001220703125,54.43999862670898,8776000
2011-08-26,37.29765319824219,54.08000183105469,54.310001373291016,52.650001525878906,53.18999862670898,6936600
2011-08-29,37.78732299804688,54.790000915527344,55.13999938964844,54.040000915527344,54.31999969482422,4851700
2011-08-30,38.09768295288086,55.2400016784668,55.52999877929688,54.400001525878906,54.7400016784668,5380500
2011-08-31,38.2080307006836,55.400001525878906,55.61000061035156,55.08000183105469,55.31999969482422,5417000
2011-09-01,37.94596481323242,55.02000045776367,55.83000183105469,54.88999938964844,55.83000183105469,5492200
2011-09-02,37.31145095825195,54.09999847412109,55.20000076293945,54.06999969482422,54.41999816894531,6219200
2011-09-06,37.60112380981445,54.52000045776367,54.63999938964844,52.5,52.5099983215332,6889500
2011-09-07,38.194244384765625,55.380001068115234,55.47999954223633,54.4900016784668,54.91999816894531,6462500
2011-09-08,38.145957946777344,55.310001373291016,55.59000015258789,55.040000915527344,55.20000076293945,4501000
2011-09-09,37.27007293701172,54.040000915527344,55.09000015258789,53.38999938964844,53.38999938964844,7617300
2011-09-12,37.283878326416016,54.060001373291016,54.15999984741211,53.2599983215332,53.290000915527344,5406700
2011-09-13,37.87008285522461,54.90999984741211,55.06999969482422,53.97999954223633,54.369998931884766,4950400
2011-09-14,38.11146926879883,55.2599983215332,55.77000045776367,54.400001525878906,54.93000030517578,6070400
2011-09-15,38.80113983154297,56.2599983215332,56.459999084472656,55.54999923706055,55.77000045776367,5876100
2011-09-16,39.11150741577149,56.709999084472656,56.75,55.59000015258789,56.400001525878906,7635100
2011-09-19,38.98736953735352,56.52999877929688,56.90999984741211,55.90999984741211,56.119998931884766,4541400
2011-09-20,39.56669998168945,57.369998931884766,57.84000015258789,56.709999084472656,56.869998931884766,5168900
2011-09-21,38.6494369506836,56.040000915527344,57.36000061035156,56.0,57.18999862670898,5160000
2011-09-22,37.959747314453125,55.040000915527344,55.45000076293945,54.27999877929688,54.93999862670898,8969100
2011-09-23,38.00113296508789,55.09999847412109,55.2400016784668,53.86000061035156,54.61000061035156,5431200
2011-09-26,38.22872924804688,55.43000030517578,55.5,54.65999984741211,55.2400016784668,5903800
2011-09-27,38.98047256469727,56.52000045776367,56.810001373291016,55.630001068115234,55.970001220703125,5868700
2011-09-28,38.39424133300781,55.66999816894531,57.040000915527344,55.630001068115234,56.83000183105469,5663600
2011-09-29,38.47010803222656,55.77999877929688,56.77000045776367,54.9900016784668,56.34000015258789,5152700
2011-09-30,37.90457534790039,54.959999084472656,56.060001373291016,54.93000030517578,55.18000030517578,6430000
2011-10-03,37.17352294921875,53.900001525878906,55.34000015258789,53.869998931884766,54.65999984741211,7462900
2011-10-04,37.483863830566406,54.34999847412109,54.470001220703125,52.84999847412109,53.369998931884766,8517100
2011-10-05,38.57356262207031,55.93000030517578,56.040000915527344,53.95000076293945,54.61000061035156,7484200
2011-10-06,39.19425964355469,56.83000183105469,56.84999847412109,55.2599983215332,55.91999816894531,4828000
2011-10-07,38.80803680419922,56.27000045776367,56.84999847412109,55.95000076293945,56.84999847412109,4418200
2011-10-10,39.56669998168945,57.369998931884766,57.84000015258789,56.83000183105469,56.97999954223633,3346200
2011-10-11,39.373573303222656,57.09000015258789,57.619998931884766,56.95000076293945,57.27000045776367,4641500
2011-10-12,39.06321334838867,56.63999938964844,57.470001220703125,56.4900016784668,57.41999816894531,4798100
2011-10-13,39.2977180480957,56.97999954223633,57.310001373291016,56.400001525878906,56.47999954223633,5464400
2011-10-14,39.649452209472656,57.4900016784668,57.5099983215332,56.81999969482422,57.36000061035156,3268400
2011-10-17,38.92529296875,56.43999862670898,57.56999969482422,56.209999084472656,57.2599983215332,3108200
2011-10-18,39.50461959838867,57.27999877929688,57.56999969482422,56.02999877929688,56.5,6280800
2011-10-19,39.53220748901367,57.31999969482422,58.0,57.13999938964844,57.400001525878906,4470600
2011-10-20,39.49771881103516,57.27000045776367,57.79999923706055,56.43000030517578,57.4900016784668,4086000
2011-10-21,40.40809631347656,58.59000015258789,58.630001068115234,57.5,57.70000076293945,6345100
2011-10-24,40.6563835144043,58.95000076293945,59.04999923706055,58.25,58.470001220703125,4409900
2011-10-25,38.94598007202149,56.470001220703125,58.70000076293945,56.34999847412109,58.459999084472656,7676700
2011-10-26,39.27702331542969,56.95000076293945,57.209999084472656,55.9900016784668,56.84999847412109,6687800
2011-10-27,40.04256439208984,58.060001373291016,58.38999938964844,57.33000183105469,57.5,5936600
2011-10-28,39.4770393371582,57.2400016784668,58.09999847412109,56.9900016784668,57.75,6023500
2011-10-31,39.49771881103516,57.27000045776367,57.560001373291016,56.630001068115234,56.91999816894531,8792500
2011-11-01,38.30458450317383,55.540000915527344,56.65999984741211,55.369998931884766,56.41999816894531,7996600
2011-11-02,37.79422378540039,54.79999923706055,55.95000076293945,54.630001068115234,55.56999969482422,6826900
2011-11-03,38.414920806884766,55.70000076293945,55.79999923706055,54.91999816894531,54.91999816894531,4797000
2011-11-04,38.049407958984375,55.16999816894531,55.77000045776367,54.79999923706055,55.630001068115234,3565100
2011-11-07,40.2977409362793,58.43000030517578,58.59000015258789,57.4900016784668,57.84999847412109,20318400
2011-11-08,40.00119400024414,58.0,58.61000061035156,57.54999923706055,58.52000045776367,8870200
2011-11-09,39.66323852539063,57.5099983215332,58.18999862670898,57.369998931884766,57.70000076293945,9588100
2011-11-10,39.97358703613281,57.959999084472656,58.04999923706055,57.34000015258789,57.56999969482422,7661900
2011-11-11,39.90464019775391,57.86000061035156,58.4900016784668,57.79999923706055,58.25,5420700
2011-11-14,39.53911972045898,57.33000183105469,57.79999923706055,57.209999084472656,57.52000045776367,6204900
2011-11-15,39.22030258178711,56.59000015258789,57.150001525878906,56.560001373291016,56.959999084472656,8218000
2011-11-16,38.81832504272461,56.0099983215332,56.540000915527344,55.77999877929688,56.02999877929688,20135000
2011-11-17,38.74901580810547,55.90999984741211,56.560001373291016,55.68000030517578,55.900001525878906,9742700
2011-11-18,38.51336288452149,55.56999969482422,56.09999847412109,55.4900016784668,55.720001220703125,5523200
2011-11-21,38.09753036499024,54.970001220703125,55.459999084472656,54.90999984741211,55.29999923706055,7973800
2011-11-22,38.57574462890625,55.65999984741211,55.709999084472656,54.630001068115234,54.79999923706055,9559000
2011-11-23,38.07673645019531,54.93999862670898,55.68000030517578,54.91999816894531,55.59999847412109,6026500
2011-11-25,37.87576675415039,54.650001525878906,55.130001068115234,54.59000015258789,54.59000015258789,2816700
2011-11-28,38.74209213256836,55.900001525878906,55.970001220703125,55.02999877929688,55.58000183105469,6852600
2011-11-29,38.908424377441406,56.13999938964844,56.380001068115234,55.459999084472656,55.880001068115234,8167700
2011-11-30,40.13514709472656,57.90999984741211,57.93999862670898,56.47999954223633,56.5,10993600
2011-12-01,40.197513580322266,58.0,58.060001373291016,57.40999984741211,57.70000076293945,10555600
2011-12-02,40.26680755615234,58.09999847412109,58.41999816894531,57.720001220703125,58.29999923706055,7834400
2011-12-05,39.85099411010742,57.5,58.400001525878906,57.209999084472656,58.380001068115234,12342100
2011-12-06,40.12127685546875,57.88999938964844,58.06999969482422,57.380001068115234,57.68000030517578,15750000
2011-12-07,40.43313980102539,58.34000015258789,58.52000045776367,57.72999954223633,57.84999847412109,18663500
2011-12-08,40.4747428894043,58.400001525878906,59.43000030517578,56.0,58.59999847412109,41563500
2011-12-09,40.60641098022461,58.59000015258789,58.95000076293945,58.18000030517578,58.47999954223633,7072800
2011-12-12,39.61534118652344,57.15999984741211,58.40999984741211,57.150001525878906,58.29999923706055,10176200
2011-12-13,39.80245590209961,57.43000030517578,58.380001068115234,57.310001373291016,57.70000076293945,6843600
2011-12-14,39.93414306640625,57.619998931884766,58.16999816894531,57.13999938964844,57.13999938964844,6727200
2011-12-15,40.6272087097168,58.619998931884766,59.060001373291016,57.810001373291016,58.0,8683700
2011-12-16,41.61829376220703,60.04999923706055,61.0,59.650001525878906,59.75,21390500
2011-12-19,41.70144271850586,60.16999816894531,61.119998931884766,59.970001220703125,60.31999969482422,8013000
2011-12-20,42.38758850097656,61.15999984741211,61.2400016784668,60.68000030517578,60.79999923706055,7284900
2011-12-21,43.75984954833984,63.13999938964844,63.27000045776367,61.0,61.0,10636700
2011-12-22,43.89845275878906,63.34000015258789,63.59999847412109,62.59999847412109,62.61000061035156,5383300
2011-12-23,44.14103317260742,63.68999862670898,63.84999847412109,63.0,63.02000045776367,4134500
2011-12-27,44.64696502685547,64.41999816894531,64.63999938964844,63.369998931884766,63.380001068115234,4260500
2011-12-28,44.355865478515625,64.0,64.38999938964844,63.810001373291016,64.19000244140625,3925800
2011-12-29,44.86873245239258,64.73999786376953,64.77999877929688,63.84000015258789,64.20999908447266,3525300
2011-12-30,44.50141906738281,64.20999908447266,65.0,64.20999908447266,64.3499984741211,5112100
2012-01-03,44.43210983276367,64.11000061035156,65.19000244140625,63.45000076293945,64.94999694824219,10216800
2012-01-04,44.18953704833984,63.7599983215332,64.12999725341797,63.400001525878906,64.0999984741211,7096400
2012-01-05,44.640045166015625,64.41000366210938,64.91999816894531,63.58000183105469,63.81999969482422,6261500
2012-01-06,44.88259506225586,64.76000213623047,64.87000274658203,64.0,64.23999786376953,4587900
2012-01-09,44.49449157714844,64.19999694824219,64.63999938964844,63.29999923706055,64.62000274658203,7540500
2012-01-10,45.513282775878906,65.66999816894531,65.69999694824219,64.20999908447266,64.55000305175781,6150500
2012-01-11,46.01921844482422,66.4000015258789,66.44999694824219,65.1500015258789,65.26000213623047,4960000
2012-01-12,46.80931091308594,67.54000091552734,67.77999877929688,66.27999877929688,66.27999877929688,7191000
2012-01-13,46.85089492797852,67.5999984741211,67.66999816894531,66.7699966430664,67.12999725341797,5996400
2012-01-17,47.17661666870117,68.06999969482422,68.47000122070312,67.73999786376953,67.9000015258789,6924800
2012-01-18,47.97364044189453,69.22000122070312,69.38999938964844,67.62999725341797,67.73999786376953,7159000
2012-01-19,47.9182014465332,69.13999938964844,69.48999786376953,68.69999694824219,69.13999938964844,5700100
2012-01-20,48.21620559692383,69.56999969482422,69.62999725341797,68.83999633789062,69.0999984741211,6839100
2012-01-23,46.97563934326172,67.77999877929688,69.0,67.55999755859375,68.80999755859375,7258900
2012-01-24,47.2597885131836,68.19000244140625,68.58999633789062,67.18000030517578,67.30999755859375,5212600
2012-01-25,47.96670150756836,69.20999908447266,69.38999938964844,67.44999694824219,67.55999755859375,6436400
2012-01-26,47.18356323242188,68.08000183105469,69.19000244140625,67.61000061035156,69.19000244140625,7036800
2012-01-27,47.3637580871582,68.33999633789062,69.18000030517578,66.70999908447266,67.02999877929688,10338100
2012-01-30,47.35681915283203,68.33000183105469,68.38999938964844,67.2300033569336,67.98999786376953,6228100
2012-01-31,47.07959365844727,67.93000030517578,68.70999908447266,67.7699966430664,68.43000030517578,10033800
2012-02-01,48.403350830078125,69.83999633789062,69.94999694824219,68.08999633789062,68.45999908447266,7409700
2012-02-02,48.25087738037109,69.62000274658203,70.0,69.26000213623047,69.69000244140625,5379600
2012-02-03,48.015228271484375,69.27999877929688,69.87000274658203,69.01000213623047,69.61000061035156,6595400
2012-02-06,47.90434265136719,69.12000274658203,69.1500015258789,67.27999877929688,68.6500015258789,11863300
2012-02-07,47.93899917602539,69.16999816894531,69.23999786376953,68.1500015258789,68.70999908447266,6870500
2012-02-08,47.16969299316406,68.05999755859375,69.01000213623047,67.69999694824219,69.01000213623047,10922600
2012-02-09,46.32417678833008,66.83999633789062,68.05999755859375,66.66999816894531,68.01000213623047,9139700
2012-02-10,46.684566497802734,67.36000061035156,67.37000274658203,66.80000305175781,66.9000015258789,5262500
2012-02-13,47.52068710327149,68.19999694824219,68.43000030517578,67.36000061035156,67.37999725341797,4404000
2012-02-14,47.26985549926758,67.83999633789062,68.0199966430664,67.5,67.83999633789062,4272300
2012-02-15,47.311668395996094,67.9000015258789,68.12000274658203,67.5,67.95999908447266,4045900
2012-02-16,48.00146484375,68.88999938964844,69.19999694824219,67.9800033569336,68.06999969482422,5452100
2012-02-17,47.228065490722656,67.77999877929688,68.66000366210938,67.7699966430664,68.63999938964844,4968700
2012-02-21,46.46855163574219,66.69000244140625,67.77999877929688,66.6500015258789,67.44999694824219,5912900
2012-02-22,46.538230895996094,66.79000091552734,67.23999786376953,66.3499984741211,66.6500015258789,4293000
2012-02-23,46.92145538330078,67.33999633789062,67.55000305175781,66.58999633789062,66.79000091552734,3881300
2012-02-24,47.193206787109375,67.7300033569336,68.12000274658203,67.26000213623047,67.56999969482422,3231100
2012-02-27,46.991153717041016,67.44000244140625,67.70999908447266,66.7300033569336,67.20999908447266,3170500
2012-02-28,47.48586654663086,68.1500015258789,68.4000015258789,67.0199966430664,67.05000305175781,3839000
2012-02-29,47.388309478759766,68.01000213623047,68.58000183105469,67.9000015258789,68.05999755859375,4155300
2012-03-01,47.09566879272461,67.58999633789062,68.20999908447266,67.4000015258789,68.20999908447266,4770400
2012-03-02,47.193206787109375,67.7300033569336,67.87999725341797,67.16000366210938,67.69000244140625,3079200
2012-03-05,46.844818115234375,67.2300033569336,67.69999694824219,67.12000274658203,67.62000274658203,3952100
2012-03-06,46.364036560058594,66.54000091552734,67.26000213623047,65.80000305175781,65.94000244140625,6155500
2012-03-07,46.64970779418945,66.94999694824219,67.19999694824219,66.36000061035156,66.68000030517578,3281700
2012-03-08,47.24199295043945,67.80000305175781,68.16999816894531,67.12000274658203,67.29000091552734,3867900
2012-03-09,47.388309478759766,68.01000213623047,68.25,67.54000091552734,67.83999633789062,3167100
2012-03-12,47.40225601196289,68.02999877929688,68.37000274658203,67.80999755859375,68.0,3177400
2012-03-13,48.01542282104492,68.91000366210938,68.93000030517578,68.18000030517578,68.44999694824219,2794600
2012-03-14,47.56251525878906,68.26000213623047,68.87999725341797,68.06999969482422,68.80000305175781,3484200
2012-03-15,47.56251525878906,68.26000213623047,68.30000305175781,67.77999877929688,68.23999786376953,3891200
2012-03-16,46.94933319091797,67.37999725341797,68.48999786376953,67.3499984741211,68.08999633789062,8288800
2012-03-19,47.41619491577149,68.05000305175781,68.30000305175781,67.0,67.19999694824219,2938700
2012-03-20,47.08869552612305,67.58000183105469,68.55999755859375,67.55000305175781,67.83000183105469,3316400
2012-03-21,46.71939086914063,67.05000305175781,67.70999908447266,67.0199966430664,67.70999908447266,4316900
2012-03-22,46.41978073120117,66.62000274658203,66.8499984741211,66.30999755859375,66.73999786376953,6085000
2012-03-23,46.447662353515625,66.66000366210938,67.02999877929688,66.41999816894531,66.58999633789062,3663700
2012-03-26,47.04687881469727,67.5199966430664,67.72000122070312,67.19999694824219,67.27999877929688,5048500
2012-03-27,47.248966217041016,67.80999755859375,68.33999633789062,67.63999938964844,67.70999908447266,5209200
2012-03-28,47.15838241577149,67.68000030517578,67.97000122070312,67.29000091552734,67.55000305175781,3431700
2012-03-29,46.90753936767578,67.31999969482422,67.69999694824219,66.95999908447266,67.36000061035156,3092000
2012-03-30,47.36043930053711,67.97000122070312,68.0,67.25,67.66000366210938,3857300
2012-04-02,47.45800018310547,68.11000061035156,68.19999694824219,67.12000274658203,67.56999969482422,4508500
2012-04-03,47.33256912231445,67.93000030517578,68.2699966430664,67.47000122070312,68.06999969482422,4790100
2012-04-04,47.27682876586914,67.8499984741211,68.1500015258789,67.38999938964844,67.66000366210938,3602400
2012-04-05,47.39527893066406,68.0199966430664,68.13999938964844,67.48999786376953,67.7699966430664,3858100
2012-04-09,46.698490142822266,67.0199966430664,67.70999908447266,67.0199966430664,67.31999969482422,2769600
2012-04-10,46.12015914916992,66.19000244140625,66.98999786376953,65.98999786376953,66.69999694824219,3961900
2012-04-11,46.49642562866211,66.7300033569336,67.02999877929688,66.29000091552734,66.75,3132700
2012-04-12,46.628814697265625,66.91999816894531,67.2300033569336,66.70999908447266,66.95999908447266,2721300
2012-04-13,45.70208740234375,65.58999633789062,66.66999816894531,65.55000305175781,66.66999816894531,4543300
2012-04-16,46.168941497802734,66.26000213623047,66.33000183105469,65.37000274658203,65.58999633789062,3033000
2012-04-17,46.92844009399414,67.3499984741211,67.55999755859375,66.51000213623047,66.62000274658203,3820700
2012-04-18,46.78908920288086,67.1500015258789,68.01000213623047,67.13999938964844,67.3499984741211,2797500
2012-04-19,46.77513885498047,67.12999725341797,67.91000366210938,66.91999816894531,67.26000213623047,3407900
2012-04-20,47.70883560180664,68.47000122070312,68.58999633789062,67.2300033569336,67.25,5086200
2012-04-23,47.58341217041016,68.29000091552734,68.3499984741211,67.88999938964844,68.2300033569336,3544400
2012-04-24,47.820308685302734,68.62999725341797,69.0999984741211,68.36000061035156,68.41999816894531,4906100
2012-04-25,48.90731048583984,70.19000244140625,70.25,69.06999969482422,69.12000274658203,5861100
2012-04-26,49.32537841796875,70.79000091552734,71.0999984741211,69.75,69.79000091552734,5374300
2012-04-27,49.91763305664063,71.63999938964844,72.0,70.75,70.75,4435200
2012-04-30,49.5483283996582,71.11000061035156,71.80000305175781,70.83999633789062,71.11000061035156,4045900
2012-05-01,49.25568389892578,70.69000244140625,71.25,70.61000061035156,70.83000183105469,3626500
2012-05-02,49.59016036987305,71.16999816894531,71.25,70.12999725341797,70.30999755859375,3569300
2012-05-03,49.40899658203125,70.91000366210938,71.16000366210938,70.51000213623047,71.0,3093000
2012-05-04,48.61464691162109,69.7699966430664,70.58000183105469,69.7699966430664,70.47000122070312,4214600
2012-05-07,48.503177642822266,69.61000061035156,70.0,69.2699966430664,69.33000183105469,4184500
2012-05-08,49.262657165527344,70.69999694824219,70.77999877929688,69.25,69.33999633789062,5063300
2012-05-09,48.510135650634766,69.62000274658203,70.55999755859375,69.56999969482422,70.26000213623047,4001700
2012-05-10,48.83763122558594,70.08999633789062,70.23999786376953,69.69000244140625,70.05000305175781,3500000
2012-05-11,49.31840133666992,70.77999877929688,71.12999725341797,69.91999816894531,70.13999938964844,4666700
2012-05-14,49.16432571411133,70.19999694824219,70.70999908447266,69.58000183105469,69.94999694824219,4067600
2012-05-15,49.50049209594727,70.68000030517578,70.7699966430664,70.0,70.0199966430664,3779900
2012-05-16,49.71059036254883,70.9800033569336,71.18000030517578,70.5199966430664,71.0,3411000
2012-05-17,49.40244674682617,70.54000091552734,71.18000030517578,70.48999786376953,71.06999969482422,5584200
2012-05-18,48.4289665222168,69.1500015258789,70.69999694824219,68.52999877929688,70.69999694824219,5800500
2012-05-21,48.54800796508789,69.31999969482422,69.51000213623047,69.05000305175781,69.11000061035156,4248900
2012-05-22,48.260887145996094,68.91000366210938,69.72000122070312,68.83999633789062,69.30999755859375,5430100
2012-05-23,47.88970184326172,68.37999725341797,69.20999908447266,67.98999786376953,68.81999969482422,4558700
2012-05-24,48.393951416015625,69.0999984741211,69.13999938964844,68.30999755859375,68.52999877929688,3261900
2012-05-25,48.35892105102539,69.05000305175781,69.19999694824219,68.80000305175781,69.13999938964844,2959700
2012-05-29,48.51998901367188,69.27999877929688,69.37999725341797,68.75,69.2699966430664,4151900
2012-05-30,48.737117767333984,69.58999633789062,70.02999877929688,68.83999633789062,68.93000030517578,3535600
2012-05-31,48.6880989074707,69.5199966430664,70.0,69.0,69.5199966430664,5870100
2012-06-01,47.44848251342773,67.75,69.55000305175781,67.61000061035156,69.01000213623047,4177500
2012-06-04,48.11380386352539,68.69999694824219,68.93000030517578,67.7699966430664,67.7699966430664,4606600
2012-06-05,47.938724517822266,68.44999694824219,68.62000274658203,67.80000305175781,68.41000366210938,3198700
2012-06-06,49.01025772094727,69.9800033569336,70.08000183105469,68.61000061035156,68.81999969482422,3612900
2012-06-07,48.393951416015625,69.0999984741211,70.87000274658203,69.0999984741211,70.4800033569336,4457100
2012-06-08,48.23286056518555,68.87000274658203,69.58999633789062,68.56999969482422,68.62999725341797,4561100
2012-06-11,47.47649765014648,67.79000091552734,69.16999816894531,67.75,69.05000305175781,4872400
2012-06-12,48.05776977539063,68.62000274658203,68.69000244140625,67.63999938964844,67.87000274658203,3929500
2012-06-13,48.197853088378906,68.81999969482422,69.30999755859375,68.51000213623047,68.7300033569336,3944600
2012-06-14,49.31840515136719,70.41999816894531,70.66999816894531,68.69999694824219,68.87999725341797,4387300
2012-06-15,49.92769241333008,71.29000091552734,71.38999938964844,70.5199966430664,70.7699966430664,8431000
2012-06-18,50.43894958496094,72.0199966430664,72.13999938964844,71.08000183105469,71.23999786376953,4015600
2012-06-19,51.13931274414063,73.0199966430664,73.27999877929688,71.81999969482422,72.0199966430664,4557300
2012-06-20,50.97821807861328,72.79000091552734,73.75,72.52999877929688,73.0199966430664,4139700
2012-06-21,50.179832458496094,71.6500015258789,73.5,71.56999969482422,73.05999755859375,6063200
2012-06-22,50.74711227416992,72.45999908447266,72.5,71.29000091552734,71.5999984741211,18867200
2012-06-25,49.99773788452149,71.38999938964844,72.19000244140625,71.36000061035156,71.87000274658203,3871900
2012-06-26,50.04676818847656,71.45999908447266,72.3499984741211,71.30999755859375,71.43000030517578,3681000
2012-06-27,50.68408966064453,72.37000274658203,72.54000091552734,71.83000183105469,71.83999633789062,3492500
2012-06-28,50.01875305175781,71.41999816894531,72.30999755859375,70.87999725341797,72.12000274658203,4475700
2012-06-29,51.062259674072266,72.91000366210938,73.04000091552734,72.11000061035156,72.7300033569336,4918700
2012-07-02,52.07777404785156,74.36000061035156,74.37999725341797,72.94999694824219,73.02999877929688,4751000
2012-07-03,52.63803482055664,75.16000366210938,75.16999816894531,73.91999816894531,74.04000091552734,3046600
2012-07-05,52.056766510009766,74.33000183105469,74.87999725341797,73.61000061035156,74.05999755859375,3230900
2012-07-06,51.720584869384766,73.8499984741211,74.62000274658203,73.73999786376953,74.2699966430664,3103100
2012-07-09,52.38592529296875,74.80000305175781,74.80999755859375,73.77999877929688,74.08000183105469,3323800
2012-07-10,52.47696304321289,74.93000030517578,75.5,74.7300033569336,74.8499984741211,5896200
2012-07-11,53.28936004638672,76.08999633789062,76.16999816894531,74.58999633789062,74.77999877929688,7086100
2012-07-12,53.0932731628418,75.80999755859375,76.23999786376953,74.44999694824219,75.08000183105469,4817800
2012-07-13,53.89866638183594,76.95999908447266,77.0,75.73999786376953,75.76000213623047,3234900
2012-07-16,54.11576461791992,77.2699966430664,77.7300033569336,76.51000213623047,76.55999755859375,3175800
2012-07-17,55.1592903137207,78.76000213623047,78.9000015258789,77.62000274658203,77.62000274658203,4568600
2012-07-18,55.76158905029297,79.62000274658203,79.9000015258789,78.16999816894531,78.58999633789062,4587600
2012-07-19,55.77560043334961,79.63999938964844,80.25,78.87999725341797,79.4000015258789,4894800
2012-07-20,54.46592330932617,77.7699966430664,79.62000274658203,77.55999755859375,79.62000274658203,6772300
2012-07-23,54.297889709472656,77.52999877929688,77.69999694824219,75.69999694824219,76.87000274658203,4755300
2012-07-24,53.492462158203125,76.37999725341797,77.91000366210938,76.18000030517578,77.91000366210938,4162800
2012-07-25,54.59903717041016,77.95999908447266,78.7300033569336,76.5999984741211,77.79000091552734,4913700
2012-07-26,55.53048324584961,79.29000091552734,80.0,78.5,79.0,5867800
2012-07-27,58.77306365966797,83.91999816894531,83.9800033569336,80.4800033569336,80.51000213623047,12360300
2012-07-30,58.45092391967773,83.45999908447266,84.38999938964844,83.04000091552734,83.16999816894531,5817800
2012-07-31,57.8486328125,82.5999984741211,83.44000244140625,82.5999984741211,83.12999725341797,4537800
2012-08-01,57.3023567199707,81.81999969482422,83.61000061035156,81.75,83.41999816894531,4045600
2012-08-02,56.75607299804688,81.04000091552734,82.72000122070312,80.33999633789062,80.7300033569336,4648100
2012-08-03,57.57548522949219,82.20999908447266,83.0,81.9800033569336,82.54000091552734,4121400
2012-08-06,57.72954940795898,82.43000030517578,82.88999938964844,81.7300033569336,82.18000030517578,3820000
2012-08-07,57.127254486083984,81.56999969482422,83.0,81.5,83.0,3845900
2012-08-08,56.987213134765625,81.37000274658203,81.93000030517578,81.11000061035156,81.16000366210938,3371700
2012-08-09,57.40740585327149,81.97000122070312,82.12999725341797,80.95999908447266,81.0,3387500
2012-08-10,57.93967056274414,82.7300033569336,82.77999877929688,81.69999694824219,81.93000030517578,2832300
2012-08-13,57.58949279785156,82.2300033569336,82.47000122070312,81.86000061035156,82.37000274658203,3697000
2012-08-14,58.76421356201172,83.54000091552734,83.62000274658203,82.0199966430664,82.25,3614600
2012-08-15,58.84160614013672,83.6500015258789,83.87999725341797,83.20999908447266,83.27999877929688,2940200
2012-08-16,58.454689025878906,83.0999984741211,83.83999633789062,82.7699966430664,83.61000061035156,3610000
2012-08-17,58.65167999267578,83.37999725341797,83.56999969482422,82.2699966430664,83.45999908447266,4058700
2012-08-20,58.553184509277344,83.23999786376953,83.37999725341797,82.6500015258789,83.27999877929688,2295100
2012-08-21,58.46175384521485,83.11000061035156,83.91999816894531,82.91999816894531,83.01000213623047,3679900
2012-08-22,58.996341705322266,83.87000274658203,84.19000244140625,82.8499984741211,83.18000030517578,3696200
2012-08-23,58.84864807128906,83.66000366210938,84.02999877929688,83.30999755859375,83.55000305175781,3048000
2012-08-24,59.5028076171875,84.58999633789062,84.6500015258789,83.4000015258789,83.48999786376953,3118600
2012-08-27,59.3902702331543,84.43000030517578,85.27999877929688,84.0199966430664,84.36000061035156,3633600
2012-08-28,59.09482192993164,84.01000213623047,84.5199966430664,84.0,84.12000274658203,3467900
2012-08-29,58.89085006713867,83.72000122070312,84.12999725341797,83.58000183105469,83.68000030517578,2870900
2012-08-30,58.4898796081543,83.1500015258789,83.38999938964844,82.58999633789062,83.23999786376953,3213000
2012-08-31,59.031517028808594,83.91999816894531,84.41999816894531,83.52999877929688,83.80999755859375,4116200
2012-09-04,59.3199348449707,84.33000183105469,84.5999984741211,83.37000274658203,83.80000305175781,3719200
2012-09-05,59.144081115722656,84.08000183105469,84.7300033569336,83.95999908447266,84.37999725341797,4264200
2012-09-06,59.65755844116211,84.80999755859375,84.94000244140625,84.44000244140625,84.5199966430664,5789900
2012-09-07,59.05963897705078,83.95999908447266,85.27999877929688,83.7699966430664,85.0,4806100
2012-09-10,59.12297439575195,84.05000305175781,84.80000305175781,83.91000366210938,84.75,5113200
2012-09-11,59.04558181762695,83.94000244140625,84.2300033569336,83.77999877929688,83.8499984741211,4184000
2012-09-12,58.4898796081543,83.1500015258789,83.9800033569336,82.93000030517578,83.0,3276200
2012-09-13,58.609466552734375,83.31999969482422,83.70999908447266,82.1500015258789,82.91000366210938,4315300
2012-09-14,57.23074722290039,81.36000061035156,83.58999633789062,81.08000183105469,83.58999633789062,7436000
2012-09-17,57.7442741394043,82.08999633789062,82.08999633789062,80.5999984741211,81.08000183105469,6972100
2012-09-18,57.709083557128906,82.04000091552734,82.79000091552734,81.52999877929688,82.25,4608200
2012-09-19,57.4769401550293,81.70999908447266,82.33999633789062,81.52999877929688,82.2300033569336,3968200
2012-09-20,57.8919792175293,82.30000305175781,82.33000183105469,81.4000015258789,81.47000122070312,3979200
2012-09-21,57.7020378112793,82.02999877929688,82.79000091552734,81.5,82.47000122070312,6789200
2012-09-24,58.32105255126953,82.91000366210938,83.06999969482422,81.97000122070312,82.06999969482422,3261400
2012-09-25,58.95414733886719,83.80999755859375,84.76000213623047,82.98999786376953,83.01000213623047,6532100
2012-09-26,58.70793914794922,83.45999908447266,84.91999816894531,83.16000366210938,84.08999633789062,5420600
2012-09-27,59.256614685058594,84.23999786376953,84.55999755859375,83.06999969482422,83.54000091552734,3570800
2012-09-28,59.291778564453125,84.29000091552734,84.52999877929688,83.61000061035156,83.98999786376953,3629800
2012-10-01,59.847469329833984,85.08000183105469,85.33999633789062,84.36000061035156,84.5,4146000
2012-10-02,60.74085235595703,86.3499984741211,86.58999633789062,85.13999938964844,85.47000122070312,3758500
2012-10-03,61.057376861572266,86.80000305175781,86.83000183105469,86.13999938964844,86.13999938964844,4388700
2012-10-04,60.768985748291016,86.38999938964844,87.44999694824219,86.29000091552734,86.9800033569336,2787300
2012-10-05,61.15586471557617,86.94000244140625,87.31999969482422,86.63999938964844,86.8499984741211,3230800
2012-10-08,60.52277374267578,86.04000091552734,86.98999786376953,85.83000183105469,86.62000274658203,2107800
2012-10-09,60.09371566772461,85.43000030517578,86.04000091552734,85.1500015258789,85.69000244140625,3131900
2012-10-10,59.54502868652344,84.6500015258789,85.43000030517578,84.31999969482422,85.30000305175781,3141600
2012-10-11,59.51686096191406,84.61000061035156,85.54000091552734,84.61000061035156,85.22000122070312,2074500
2012-10-12,59.08777618408203,84.0,85.20999908447266,83.9800033569336,84.87000274658203,3150300
2012-10-15,60.64937973022461,86.22000122070312,86.37999725341797,84.25,84.5,3413800
2012-10-16,61.929649353027344,88.04000091552734,88.19000244140625,86.30000305175781,86.58000183105469,3567000
2012-10-17,62.74561309814453,89.19999694824219,89.63999938964844,87.73999786376953,87.98999786376953,4383200
2012-10-18,63.16062927246094,89.79000091552734,89.94999694824219,88.54000091552734,89.04000091552734,6010800
2012-10-19,61.31062698364258,87.16000366210938,89.81999969482422,86.69999694824219,89.81999969482422,5489600
2012-10-22,61.76081085205078,87.80000305175781,89.9000015258789,86.43000030517578,86.94000244140625,4656300
2012-10-23,61.42317581176758,87.31999969482422,88.0999984741211,86.12000274658203,87.18000030517578,4261200
2012-10-24,61.5498161315918,87.5,89.13999938964844,87.4800033569336,88.52999877929688,6540500
2012-10-25,61.936641693115234,88.05000305175781,88.48999786376953,87.75,88.05999755859375,5483100
2012-10-26,61.6412239074707,87.62999725341797,88.16000366210938,87.16000366210938,87.52999877929688,4187900
2012-10-31,60.83933639526367,86.48999786376953,88.19999694824219,86.18000030517578,87.70999908447266,3800400
2012-11-01,61.34579086303711,87.20999908447266,87.8499984741211,86.4800033569336,86.97000122070312,4154100
2012-11-02,60.81118774414063,86.44999694824219,87.62999725341797,86.26000213623047,87.36000061035156,3238100
2012-11-05,60.74085235595703,86.3499984741211,87.83000183105469,85.26000213623047,86.22000122070312,5033300
2012-11-06,61.40205001831055,87.29000091552734,87.88999938964844,86.55000305175781,86.80999755859375,3586100
2012-11-07,60.03038024902344,85.33999633789062,86.9000015258789,84.16000366210938,86.75,7163900
2012-11-08,59.60831451416016,84.73999786376953,85.5199966430664,84.58000183105469,85.05999755859375,4603100
2012-11-09,59.91080093383789,85.16999816894531,85.80999755859375,84.26000213623047,84.31999969482422,4030600
2012-11-12,60.15699768066406,85.5199966430664,86.13999938964844,84.76000213623047,85.37999725341797,3207800
2012-11-13,60.58788299560547,85.7699966430664,86.11000061035156,84.68000030517578,84.97000122070312,4890100
2012-11-14,59.35169219970703,84.0199966430664,85.95999908447266,83.68000030517578,85.70999908447266,4280800
2012-11-15,59.44353485107422,84.1500015258789,84.33999633789062,82.91999816894531,83.86000061035156,3569700
2012-11-16,59.71904373168945,84.54000091552734,84.98999786376953,83.44999694824219,84.27999877929688,6370800
2012-11-19,60.3265380859375,85.4000015258789,85.66999816894531,84.5999984741211,85.4800033569336,3796400
2012-11-20,61.15302658081055,86.56999969482422,86.56999969482422,85.0999984741211,85.22000122070312,4215200
2012-11-21,61.20953369140625,86.6500015258789,86.81999969482422,86.05000305175781,86.62000274658203,2624000
2012-11-23,61.88059997558594,87.5999984741211,87.63999938964844,86.55000305175781,87.0,2267200
2012-11-26,61.661617279052734,87.29000091552734,87.4000015258789,86.72000122070312,87.19000244140625,4925300
2012-11-27,61.44264602661133,86.9800033569336,87.52999877929688,86.87999725341797,87.4000015258789,3568700
2012-11-28,61.48503494262695,87.04000091552734,87.22000122070312,85.45999908447266,86.7699966430664,4704900
2012-11-29,62.59406280517578,88.61000061035156,88.87000274658203,87.16999816894531,87.44999694824219,4391500
2012-11-30,62.72830581665039,88.80000305175781,89.08000183105469,88.44999694824219,88.87999725341797,4408000
2012-12-03,62.445743560791016,88.4000015258789,89.58999633789062,88.11000061035156,88.91999816894531,3712100
2012-12-04,62.39628601074219,88.33000183105469,88.86000061035156,88.12000274658203,88.66000366210938,2745500
2012-12-05,62.87663269042969,89.01000213623047,89.41999816894531,87.7699966430664,88.55000305175781,3425400
2012-12-06,62.54462432861328,88.54000091552734,89.13999938964844,88.19999694824219,89.05000305175781,3975500
2012-12-07,62.38921737670898,88.31999969482422,88.80000305175781,87.62999725341797,88.77999877929688,3526400
2012-12-10,63.392311096191406,89.73999786376953,89.80999755859375,87.7300033569336,87.95999908447266,4492600
2012-12-11,63.54069137573242,89.94999694824219,90.25,89.62000274658203,89.87999725341797,4286300
2012-12-12,63.696067810058594,90.16999816894533,90.80999755859376,89.69999694824219,90.0,3571700
2012-12-13,62.97554016113281,89.1500015258789,90.3499984741211,88.69999694824219,90.05999755859375,2713300
2012-12-14,63.0108528137207,89.19999694824219,90.12999725341795,88.91000366210938,89.05000305175781,3398500
2012-12-17,63.222782135009766,89.5,89.63999938964844,89.02999877929688,89.25,3049800
2012-12-18,63.07443618774414,89.29000091552734,90.0,88.98999786376953,89.98999786376953,5514200
2012-12-19,62.50928497314453,88.48999786376953,89.58000183105469,88.37000274658203,89.51000213623047,4916500
2012-12-20,62.45281219482422,88.41000366210938,88.81999969482422,88.0,88.48999786376953,2887800
2012-12-21,61.5698127746582,87.16000366210938,87.97000122070312,86.33999633789062,87.97000122070312,7247000
2012-12-24,61.73933029174805,87.4000015258789,87.62000274658203,86.91000366210938,86.9800033569336,1596900
2012-12-26,61.37907791137695,86.88999938964844,87.5199966430664,86.0999984741211,87.30000305175781,2720400
2012-12-27,60.85631942749024,86.1500015258789,87.55000305175781,85.26000213623047,86.69999694824219,3122600
2012-12-28,60.2135009765625,85.23999786376953,86.13999938964844,85.16999816894531,85.5999984741211,2418700
2012-12-31,60.89165115356445,86.19999694824219,86.80000305175781,84.55999755859375,85.0,3896700
2013-01-02,62.97554016113281,89.1500015258789,89.23999786376953,87.29000091552734,87.36000061035156,5772800
2013-01-03,62.57994842529297,88.58999633789062,89.58000183105469,88.33999633789062,89.52999877929688,3871300
2013-01-04,62.85542678833008,88.9800033569336,89.27999877929688,88.41999816894531,88.58999633789062,3280500
2013-01-07,62.53756332397461,88.52999877929688,88.80000305175781,87.76000213623047,88.48999786376953,2573300
2013-01-08,62.26913833618164,88.1500015258789,88.68000030517578,87.44000244140625,88.44000244140625,5170700
2013-01-09,62.63644027709961,88.66999816894531,88.91999816894531,88.20999908447266,88.33999633789062,3372500
2013-01-10,62.02896881103516,87.80999755859375,89.0,87.2699966430664,88.31999969482422,5861200
2013-01-11,61.42853546142578,86.95999908447266,88.05000305175781,86.87000274658203,87.94999694824219,4681700
2013-01-14,61.40024566650391,86.91999816894531,87.25,86.5,87.16999816894531,4401000
2013-01-15,60.1004638671875,85.08000183105469,86.86000061035156,85.0,86.55999755859375,6277900
2013-01-16,59.56364059448242,84.31999969482422,85.33999633789062,84.2699966430664,85.02999877929688,7753800
2013-01-17,59.29518127441406,83.94000244140625,84.47000122070312,83.87999725341797,84.0999984741211,6268400
2013-01-18,57.98128128051758,82.08000183105469,83.87000274658203,81.58000183105469,83.80999755859375,14408700
2013-01-22,58.8360481262207,83.29000091552734,83.41000366210938,81.55999755859375,82.0,9394900
2013-01-23,58.68061828613281,83.06999969482422,84.48999786376953,82.87000274658203,83.05999755859375,7670400
2013-01-24,58.36275863647461,82.62000274658203,83.91999816894531,82.12000274658203,83.33999633789062,8071300
2013-01-25,58.9278564453125,83.41999816894531,83.43000030517578,82.08999633789062,82.7300033569336,7235200
2013-01-28,60.46076583862305,85.58999633789062,86.0999984741211,82.81999969482422,83.20999908447266,9426900
2013-01-29,61.16715621948242,86.58999633789062,87.88999938964844,85.0,85.0,21502900
2013-01-30,60.312408447265625,85.37999725341797,86.81999969482422,85.19999694824219,86.5999984741211,4963100
2013-01-31,60.36890411376953,85.45999908447266,86.12000274658203,85.04000091552734,85.08999633789062,4269700
2013-02-01,60.96228790283203,86.30000305175781,86.93000030517578,85.25,86.16999816894531,3379500
2013-02-04,60.56671524047852,85.73999786376953,86.23999786376953,85.44000244140625,85.44000244140625,3907500
2013-02-05,61.12475204467773,86.52999877929688,86.58999633789062,85.41999816894531,86.08000183105469,4577900
2013-02-06,61.16715621948242,86.58999633789062,87.47000122070312,86.0,86.45999908447266,5549100
2013-02-07,60.19939041137695,85.22000122070312,87.0,85.04000091552734,87.0,7639700
2013-02-08,61.2943000793457,86.7699966430664,87.16999816894531,85.38999938964844,85.61000061035156,8354900
2013-02-11,60.31416320800781,84.91999816894531,85.9800033569336,84.58999633789062,85.4800033569336,7538400
2013-02-12,60.04426193237305,84.54000091552734,85.2300033569336,84.27999877929688,85.0,4656000
2013-02-13,60.3283805847168,84.94000244140625,85.12999725341797,84.44999694824219,84.95999908447266,7943200
2013-02-14,60.172119140625,84.72000122070312,86.4000015258789,84.61000061035156,86.0,6189100
2013-02-15,59.38376235961914,83.61000061035156,84.72000122070312,83.31999969482422,84.23999786376953,5622200
2013-02-19,59.75307846069336,84.12999725341797,84.2699966430664,82.91999816894531,83.51000213623047,5944300
2013-02-20,60.12238693237305,84.6500015258789,85.33999633789062,84.23999786376953,84.37000274658203,6388300
2013-02-21,60.46331024169922,85.12999725341797,85.31999969482422,84.1500015258789,84.58999633789062,4094200
2013-02-22,61.66363906860352,86.81999969482422,86.87999725341797,85.06999969482422,85.06999969482422,4920400
2013-02-25,63.60261535644531,89.55000305175781,91.25,89.30000305175781,89.30000305175781,11422400
2013-02-26,63.54579162597656,89.47000122070312,90.20999908447266,88.66000366210938,89.62999725341797,4805200
2013-02-27,64.65374755859375,91.02999877929688,91.3000030517578,89.05999755859375,89.1500015258789,3549800
2013-02-28,65.02310943603516,91.5500030517578,93.41999816894533,90.87000274658205,91.0,6528600
2013-03-01,65.75465393066406,92.58000183105467,92.76000213623048,90.51000213623048,91.16000366210938,4317700
2013-03-04,65.8611831665039,92.7300033569336,92.75,91.5,92.11000061035156,3186700
2013-03-05,66.36546325683594,93.44000244140624,93.76000213623048,92.55999755859376,93.11000061035156,3570200
2013-03-06,66.24473571777344,93.2699966430664,94.29000091552734,93.08999633789062,93.81999969482422,3716300
2013-03-07,66.0174331665039,92.9499969482422,93.87999725341795,92.81999969482422,93.43000030517578,2980100
2013-03-08,66.05294799804688,93.0,93.87999725341795,92.8499984741211,93.43000030517578,3084900
2013-03-11,64.9449691772461,91.44000244140624,93.36000061035156,90.87000274658205,92.66000366210938,5699600
2013-03-12,65.1651382446289,91.75,91.80999755859376,91.04000091552734,91.58000183105467,4997500
2013-03-13,65.0160140991211,91.54000091552734,91.79000091552734,90.66999816894533,91.5999984741211,2606100
2013-03-14,65.4705581665039,92.18000030517578,92.29000091552734,91.1500015258789,91.6500015258789,3436800
2013-03-15,65.20777893066406,91.80999755859376,92.16000366210938,91.26000213623048,91.83999633789062,10172700
2013-03-18,64.1992416381836,90.38999938964844,91.36000061035156,90.3499984741211,91.2699966430664,3605900
2013-03-19,65.62679290771484,92.4000015258789,92.5199966430664,90.54000091552734,90.68000030517578,4010900
2013-03-20,66.79873657226562,94.0500030517578,94.88999938964844,92.87999725341795,92.91999816894533,4157700
2013-03-21,66.9833984375,94.30999755859376,94.30999755859376,93.47000122070312,93.6500015258789,3674000
2013-03-22,68.58145904541016,96.55999755859376,96.5999984741211,94.0999984741211,94.69000244140624,4724700
2013-03-25,68.75900268554688,96.80999755859376,97.5199966430664,96.01000213623048,96.91999816894533,5042200
2013-03-26,70.07295227050781,98.66000366210938,98.76000213623048,97.06999969482422,97.29000091552734,3127000
2013-03-27,71.13121795654297,100.1500015258789,100.31999969482422,98.0199966430664,98.05999755859376,3478300
2013-03-28,72.80741119384766,102.51000213623048,102.62000274658205,99.79000091552734,99.83999633789062,5506800
2013-04-01,72.66535186767578,102.30999755859376,103.9000015258789,101.6999969482422,102.62000274658205,4099700
2013-04-02,75.57026672363281,106.4000015258789,106.61000061035156,102.38999938964844,102.38999938964844,4970500
2013-04-03,74.44097900390625,104.80999755859376,106.79000091552734,103.93000030517578,106.68000030517578,5306700
2013-04-04,75.20095825195312,105.87999725341795,106.54000091552734,104.73999786376952,105.19000244140624,2850300
2013-04-05,73.89408111572266,104.04000091552734,104.62000274658205,103.47000122070312,104.20999908447266,4015900
2013-04-08,74.64692687988281,105.0999984741211,105.13999938964844,103.0199966430664,104.08999633789062,3133300
2013-04-09,74.07875061035156,104.3000030517578,105.4800033569336,103.77999877929688,105.4800033569336,2881600
2013-04-10,76.88422393798828,108.25,108.2699966430664,104.5,104.52999877929688,4641500
2013-04-11,76.86292266845703,108.22000122070312,109.36000061035156,107.62000274658205,108.56999969482422,4273000
2013-04-12,79.24224090576172,111.56999969482422,112.0999984741211,108.16999816894533,108.5,5726500
2013-04-15,77.04759216308594,108.4800033569336,111.44000244140624,108.1999969482422,111.30999755859376,4458900
2013-04-16,78.7308578491211,110.8499984741211,110.94000244140624,108.70999908447266,109.31999969482422,4627700
2013-04-17,77.72941589355469,109.44000244140624,110.38999938964844,107.6500015258789,109.94000244140624,3546600
2013-04-18,76.32311248779297,107.45999908447266,109.9000015258789,106.3000030517578,109.62999725341795,3889300
2013-04-19,79.10726928710938,111.37999725341795,111.61000061035156,107.16999816894533,107.16999816894533,6032500
2013-04-22,80.55620574951172,113.41999816894533,113.97000122070312,110.83000183105467,112.01000213623048,4305600
2013-04-23,80.08743286132812,112.76000213623048,114.9499969482422,112.0,113.70999908447266,4793700
2013-04-24,74.52621459960938,104.93000030517578,108.37000274658205,104.0199966430664,106.66999816894533,7490500
2013-04-25,77.1753921508789,108.66000366210938,109.23999786376952,105.20999908447266,105.48999786376952,8120000
2013-04-26,76.9765396118164,108.37999725341795,109.69000244140624,106.9000015258789,109.04000091552734,2933600
2013-04-29,75.76204681396484,106.66999816894533,108.37999725341795,106.33000183105467,108.1500015258789,4293900
2013-04-30,74.01482391357422,104.20999908447266,106.66000366210938,103.8499984741211,106.66000366210938,5477200
2013-05-01,74.24919891357422,104.54000091552734,106.87999725341795,104.30999755859376,105.0500030517578,3744500
2013-05-02,74.99496459960938,105.58999633789062,106.91999816894533,104.4000015258789,105.1500015258789,2919800
2013-05-03,75.62708282470703,106.4800033569336,107.56999969482422,106.13999938964844,106.6999969482422,2620500
2013-05-06,74.45516967773438,104.83000183105467,106.12999725341795,104.68000030517578,106.08000183105467,2624100
2013-05-07,74.19239807128906,104.45999908447266,105.55999755859376,104.18000030517578,105.0,2957100
2013-05-08,74.62566375732422,105.06999969482422,105.51000213623048,104.22000122070312,104.63999938964844,3224200
2013-05-09,74.26341247558594,104.55999755859376,105.75,104.12999725341795,104.80999755859376,2460800
2013-05-10,75.79755401611328,106.72000122070312,106.75,104.4000015258789,104.55999755859376,2905100
2013-05-13,75.91830444335938,106.88999938964844,107.58999633789062,105.62000274658205,106.18000030517578,2547000
2013-05-14,77.00263214111328,107.94000244140624,109.55999755859376,106.5199966430664,106.5199966430664,3756400
2013-05-15,76.63168334960938,107.41999816894533,109.16000366210938,106.4499969482422,108.08000183105467,2561900
2013-05-16,74.88385772705078,104.97000122070312,107.02999877929688,103.5999984741211,107.02999877929688,3915400
2013-05-17,75.35469818115234,105.62999725341795,106.0500030517578,104.33000183105467,105.88999938964844,3038000
2013-05-20,72.89356231689453,102.18000030517578,105.5,101.25,105.33000183105467,3905000
2013-05-21,74.36310577392578,104.23999786376952,104.68000030517578,102.4499969482422,102.4499969482422,3490400
2013-05-22,74.56998443603516,104.52999877929688,107.4000015258789,103.61000061035156,104.26000213623048,3535200
2013-05-23,75.3475570678711,105.62000274658205,106.33000183105467,103.0,103.0999984741211,3169500
2013-05-24,75.5544662475586,105.91000366210938,106.16999816894533,104.37000274658205,105.0999984741211,2411000
2013-05-28,75.76133728027344,106.1999969482422,108.02999877929688,105.4499969482422,106.76000213623048,3164400
2013-05-29,74.47010040283203,104.38999938964844,105.9499969482422,104.1500015258789,105.80999755859376,2909900
2013-05-30,75.06221008300781,105.22000122070312,105.83999633789062,104.19000244140624,104.48999786376952,2351700
2013-05-31,71.71643829345703,100.52999877929688,105.02999877929688,100.38999938964844,104.4000015258789,6097100
2013-06-03,70.71772003173828,99.12999725341795,101.25,97.22000122070312,100.61000061035156,5009900
2013-06-04,69.40509033203125,97.29000091552734,100.36000061035156,97.12000274658205,99.02999877929688,3164700
2013-06-05,67.486083984375,94.5999984741211,98.33000183105467,94.56999969482422,97.0,4995200
2013-06-06,69.54774475097656,97.48999786376952,97.52999877929688,94.1500015258789,95.01000213623048,4670200
2013-06-07,70.48943328857422,98.80999755859376,100.26000213623048,98.31999969482422,98.7699966430664,3576300
2013-06-10,70.13272857666016,98.30999755859376,99.44000244140624,97.87000274658205,98.9499969482422,2901300
2013-06-11,69.86162567138672,97.93000030517578,99.01000213623048,96.62000274658205,97.26000213623048,2064500
2013-06-12,68.74878692626953,96.37000274658205,99.5,95.97000122070312,98.97000122070312,2579600
2013-06-13,70.2754135131836,98.51000213623048,98.6999969482422,95.94000244140624,96.37999725341795,2958100
2013-06-14,69.49783325195312,97.41999816894533,98.9000015258789,96.91999816894533,98.2300033569336,3126400
2013-06-17,70.68206024169922,99.08000183105467,100.08999633789062,98.5,98.72000122070312,3082500
2013-06-18,72.40843200683594,101.5,102.29000091552734,99.06999969482422,99.12000274658205,3329000
2013-06-19,70.75337982177734,99.18000030517578,102.0,99.1500015258789,101.69000244140624,3825500
2013-06-20,68.68458557128906,96.27999877929688,98.58000183105467,95.91000366210938,98.5199966430664,3875100
2013-06-21,70.11137390136719,98.27999877929688,99.12000274658205,95.05999755859376,97.08000183105467,6938000
2013-06-24,68.58468627929688,96.13999938964844,97.2300033569336,95.41000366210938,96.7300033569336,3745400
2013-06-25,68.75592041015625,96.37999725341795,98.75,95.63999938964844,97.63999938964844,3068900
2013-06-26,71.0530014038086,99.5999984741211,100.16999816894533,97.25,97.33000183105467,2975900
2013-06-27,70.61781311035156,98.98999786376952,100.62000274658205,98.3499984741211,100.4800033569336,2998200
2013-06-28,70.3824234008789,98.66000366210938,99.87999725341795,97.77999877929688,98.73999786376952,5269700
2013-07-01,69.54774475097656,97.48999786376952,101.72000122070312,97.27999877929688,100.1999969482422,4898700
2013-07-02,68.52762603759766,96.05999755859376,97.27999877929688,95.4000015258789,96.79000091552734,4006100
2013-07-03,68.34927368164062,95.80999755859376,96.5,95.0500030517578,95.20999908447266,2132600
2013-07-05,69.65476989746094,97.63999938964844,97.9000015258789,96.77999877929688,96.91999816894533,2233500
2013-07-08,70.04000854492188,98.18000030517578,99.22000122070312,97.9000015258789,98.45999908447266,2464300
2013-07-09,70.1469955444336,98.33000183105467,99.68000030517578,98.06999969482422,98.88999938964844,2085600
2013-07-10,72.80794525146484,102.05999755859376,102.33000183105467,98.0199966430664,98.16000366210938,4175500
2013-07-11,73.66398620605469,103.26000213623048,103.6500015258789,101.16999816894533,103.63999938964844,3567100
2013-07-12,74.3844985961914,104.2699966430664,104.2699966430664,102.23999786376952,103.55999755859376,3710500
2013-07-15,74.51293182373047,104.4499969482422,104.6500015258789,102.93000030517578,104.25,2532900
2013-07-16,74.22755432128906,104.0500030517578,104.9000015258789,103.54000091552734,104.2699966430664,1895700
2013-07-17,74.41307830810547,104.30999755859376,104.9499969482422,103.88999938964844,104.5,2184200
2013-07-18,74.7412109375,104.7699966430664,106.0,104.2699966430664,104.5500030517578,2296700
2013-07-19,78.03701782226562,109.38999938964844,109.68000030517578,104.06999969482422,105.26000213623048,5448700
2013-07-22,77.72315216064453,108.9499969482422,109.0999984741211,107.81999969482422,108.25,2857100
2013-07-23,76.06096649169922,106.62000274658205,109.20999908447266,106.44000244140624,109.20999908447266,2560600
2013-07-24,76.04671478271484,106.5999984741211,107.48999786376952,105.87999725341795,107.44000244140624,1860200
2013-07-25,78.1226577758789,109.51000213623048,109.68000030517578,105.36000061035156,106.51000213623048,3355500
2013-07-26,78.18682861328125,109.5999984741211,109.87999725341795,108.41000366210938,109.0199966430664,2516500
2013-07-29,78.02277374267578,109.37000274658205,109.8000030517578,108.41999816894533,109.58000183105467,2027600
2013-07-30,79.32826232910156,111.1999969482422,111.3000030517578,109.4000015258789,109.91999816894533,3982200
2013-07-31,77.25232696533203,108.29000091552734,109.5500030517578,106.44000244140624,107.87999725341795,4432400
2013-08-01,78.03701782226562,109.38999938964844,109.87999725341795,108.41999816894533,109.5999984741211,2396200
2013-08-02,77.8016128540039,109.05999755859376,109.98999786376952,108.1999969482422,109.93000030517578,2103200
2013-08-05,76.63880920410156,107.43000030517578,108.97000122070312,107.26000213623048,108.9000015258789,1839700
2013-08-06,75.06221008300781,105.22000122070312,107.4000015258789,104.56999969482422,107.0,3633400
2013-08-07,80.1843032836914,112.4000015258789,113.3000030517578,103.30999755859376,104.58999633789062,9915200
2013-08-08,78.7432861328125,110.37999725341795,111.9000015258789,109.3499984741211,111.73999786376952,4758700
2013-08-09,78.208251953125,109.62999725341795,111.37999725341795,108.36000061035156,108.93000030517578,2825300
2013-08-12,77.19523620605469,108.20999908447266,109.41999816894533,108.1500015258789,108.77999877929688,1854200
2013-08-13,76.94556427001953,107.86000061035156,108.91999816894533,107.02999877929688,108.62999725341795,2683300
2013-08-14,76.40816497802734,106.63999938964844,108.22000122070312,106.5199966430664,107.02999877929688,2170500
2013-08-15,75.77765655517578,105.76000213623048,108.5199966430664,104.58999633789062,105.94000244140624,3267800
2013-08-16,75.16863250732422,104.91000366210938,106.8000030517578,104.83999633789062,105.76000213623048,2525400
2013-08-19,74.85337829589844,104.47000122070312,106.19000244140624,104.3499984741211,105.11000061035156,1723100
2013-08-20,75.66301727294922,105.5999984741211,106.22000122070312,104.12000274658205,104.12000274658205,1855500
2013-08-21,74.98233032226562,104.6500015258789,106.18000030517578,103.87999725341795,105.54000091552734,2341300
2013-08-22,76.15738677978516,106.29000091552734,107.36000061035156,104.83000183105467,106.0,2115100
2013-08-23,75.66301727294922,105.5999984741211,106.5,104.8499984741211,106.18000030517578,1572300
2013-08-26,81.50251770019531,113.75,116.25,110.75,110.7699966430664,11554700
2013-08-27,78.19224548339844,109.12999725341795,112.63999938964844,108.58000183105467,111.6999969482422,5315300
2013-08-28,78.24243927001953,109.1999969482422,110.0999984741211,108.3000030517578,108.5999984741211,3043100
2013-08-29,77.99882507324219,108.86000061035156,111.5,108.5,108.75,2739600
2013-08-30,78.05615234375,108.94000244140624,109.83000183105467,108.0199966430664,109.2300033569336,2655000
2013-09-03,79.539306640625,111.01000213623048,111.9800033569336,110.01000213623048,110.52999877929688,3309800
2013-09-04,80.9794921875,113.0199966430664,113.19000244140624,110.1999969482422,111.31999969482422,2955800
2013-09-05,80.91500091552734,112.93000030517578,113.27999877929688,111.80999755859376,112.88999938964844,2710500
2013-09-06,79.539306640625,111.01000213623048,113.04000091552734,109.98999786376952,113.04000091552734,3028400
2013-09-09,80.01220703125,111.66999816894533,111.95999908447266,110.45999908447266,111.33999633789062,2826800
2013-09-10,79.64679718017578,111.16000366210938,112.5999984741211,110.41999816894533,112.31999969482422,3139700
2013-09-11,80.22714233398438,111.97000122070312,112.88999938964844,111.37999725341795,112.2300033569336,3196200
2013-09-12,81.29473876953125,113.45999908447266,113.68000030517578,111.95999908447266,112.22000122070312,2685800
2013-09-13,82.44116973876953,115.05999755859376,115.22000122070312,113.2699966430664,113.97000122070312,3297100
2013-09-16,83.96014404296875,117.18000030517578,117.18000030517578,115.41000366210938,116.20999908447266,4710700
2013-09-17,82.92121124267578,115.7300033569336,117.3000030517578,115.33000183105467,117.3000030517578,3145200
2013-09-18,84.2037353515625,117.5199966430664,117.91000366210938,115.01000213623048,115.58999633789062,2609400
2013-09-19,83.96014404296875,117.18000030517578,117.8499984741211,115.66000366210938,117.8499984741211,3030400
2013-09-20,83.72370147705078,116.8499984741211,117.61000061035156,116.06999969482422,117.1500015258789,5324700
2013-09-23,82.43399810791016,115.0500030517578,116.5,115.02999877929688,115.88999938964844,2518800
2013-09-24,82.24051666259766,114.77999877929688,116.4800033569336,114.58999633789062,115.19000244140624,2225700
2013-09-25,80.59255981445312,112.4800033569336,114.8000030517578,112.4000015258789,114.8000030517578,3651700
2013-09-26,80.85768127441406,112.8499984741211,114.08000183105467,112.5500030517578,113.62999725341795,3534600
2013-09-27,81.10128784179688,113.19000244140624,114.2699966430664,112.16999816894533,112.43000030517578,1940200
2013-09-30,80.19132995605469,111.91999816894533,113.2699966430664,111.5,112.08000183105467,3041300
2013-10-01,82.09724426269531,114.58000183105467,114.61000061035156,111.73999786376952,111.98999786376952,2822600
2013-10-02,81.00814819335938,113.05999755859376,113.87999725341795,112.4000015258789,113.87999725341795,2472000
2013-10-03,79.61813354492188,111.12000274658205,113.05999755859376,110.06999969482422,112.98999786376952,3058800
2013-10-04,80.90066528320312,112.91000366210938,113.48999786376952,110.11000061035156,110.73999786376952,3088000
2013-10-07,78.97327423095703,110.22000122070312,111.70999908447266,110.08000183105467,111.47000122070312,2662300
2013-10-08,77.210693359375,107.76000213623048,110.8000030517578,106.91000366210938,110.16999816894533,4244200
2013-10-09,76.15023040771484,106.27999877929688,108.41999816894533,105.76000213623048,108.12999725341795,5440700
2013-10-10,78.7583236694336,109.91999816894533,109.98999786376952,106.98999786376952,107.16999816894533,3096600
2013-10-11,79.45335388183594,110.88999938964844,111.51000213623048,109.66000366210938,110.0,2431300
2013-10-14,79.9477310180664,111.58000183105467,111.69000244140624,109.58999633789062,110.0199966430664,2211100
2013-10-15,79.84740447998047,111.44000244140624,112.12000274658205,110.88999938964844,111.62000274658205,1968900
2013-10-16,81.88225555419922,114.27999877929688,114.8499984741211,112.3499984741211,112.41999816894533,3541600
2013-10-17,83.0072021484375,115.8499984741211,115.97000122070312,113.63999938964844,113.66999816894533,2656400
2013-10-18,82.3408432006836,114.91999816894533,116.0,113.77999877929688,115.9499969482422,2694000
2013-10-21,81.42371368408203,113.63999938964844,115.47000122070312,112.76000213623048,114.95999908447266,2683400
2013-10-22,83.26516723632812,116.20999908447266,116.63999938964844,113.4000015258789,114.37999725341795,3665700
2013-10-23,82.87823486328125,115.66999816894533,116.1500015258789,114.0999984741211,114.94000244140624,3365200
2013-10-24,83.25797271728516,116.1999969482422,117.52999877929688,115.75,116.27999877929688,3234200
2013-10-25,83.34396362304688,116.31999969482422,116.6500015258789,115.16999816894533,116.62000274658205,2002200
2013-10-28,84.78411865234375,118.33000183105467,118.95999908447266,115.8000030517578,115.98999786376952,3322000
2013-10-29,84.74113464355469,118.2699966430664,118.37999725341795,116.6999969482422,118.3000030517578,2655600
2013-10-30,83.74518585205078,116.87999725341795,118.5,116.56999969482422,118.31999969482422,2527800
2013-10-31,83.2149658203125,116.13999938964844,117.6500015258789,115.88999938964844,117.11000061035156,2648600
2013-11-01,85.04209899902344,118.69000244140624,118.75,116.55999755859376,117.06999969482422,2632300
2013-11-04,84.03179931640625,117.27999877929688,119.6999969482422,116.88999938964844,118.7300033569336,2248700
2013-11-05,82.49849700927734,115.13999938964844,116.87000274658205,114.8499984741211,116.33000183105467,3299300
2013-11-06,81.20160675048828,113.33000183105467,116.29000091552734,113.08999633789062,116.25,3494200
2013-11-07,79.55364990234375,111.02999877929688,115.25,110.6500015258789,114.16000366210938,3827400
2013-11-08,81.11564636230469,113.20999908447266,113.97000122070312,111.2699966430664,111.41000366210938,3060000
2013-11-11,81.08696746826172,113.16999816894533,113.9800033569336,111.66999816894533,113.0,2294800
2013-11-12,81.09415435791016,112.70999908447266,112.9499969482422,111.4499969482422,112.16999816894533,2413500
2013-11-13,81.68414306640625,113.52999877929688,113.97000122070312,110.8499984741211,111.5500030517578,3220900
2013-11-14,83.03680419921875,115.41000366210938,116.76000213623048,113.62000274658205,114.0199966430664,4040300
2013-11-15,82.72740173339844,114.9800033569336,115.62999725341795,113.6999969482422,115.0,2910500
2013-11-18,83.48289489746094,116.02999877929688,117.72000122070312,115.75,116.5,2879800
2013-11-19,83.0727767944336,115.45999908447266,116.16999816894533,114.6500015258789,115.70999908447266,2152200
2013-11-20,83.14469146728516,115.55999755859376,116.6999969482422,114.88999938964844,115.36000061035156,2269300
2013-11-21,80.76318359375,112.25,116.37999725341795,110.75,115.80999755859376,7457200
2013-11-22,81.32439422607422,113.02999877929688,113.5,112.2300033569336,113.01000213623048,4520400
2013-11-25,81.99352264404297,113.95999908447266,114.04000091552734,112.45999908447266,113.3499984741211,3305000
2013-11-26,81.78487396240234,113.66999816894533,114.7300033569336,113.54000091552734,114.06999969482422,2737700
2013-11-27,81.892822265625,113.81999969482422,114.87999725341795,112.81999969482422,114.45999908447266,2848200
2013-11-29,82.07987213134766,114.08000183105467,114.4499969482422,113.68000030517578,114.19000244140624,1828300
2013-12-02,82.3604736328125,114.47000122070312,114.87000274658205,113.77999877929688,114.29000091552734,2185500
2013-12-03,81.62660217285156,113.4499969482422,114.47000122070312,112.95999908447266,114.44000244140624,2582300
2013-12-04,81.35319519042969,113.06999969482422,113.54000091552734,112.04000091552734,112.73999786376952,2433500
2013-12-05,81.55462646484375,113.3499984741211,113.51000213623048,112.0999984741211,112.83999633789062,3638200
2013-12-06,82.108642578125,114.12000274658205,115.06999969482422,113.19000244140624,115.06999969482422,3243900
2013-12-09,82.00789642333984,113.9800033569336,114.31999969482422,113.51000213623048,114.18000030517578,2452600
2013-12-10,82.09423828125,114.0999984741211,114.25,113.12000274658205,113.12000274658205,3459800
2013-12-11,81.33879089355469,113.0500030517578,114.4499969482422,112.98999786376952,114.4499969482422,3660400
2013-12-12,80.99342346191406,112.56999969482422,113.86000061035156,112.33999633789062,112.9000015258789,3327500
2013-12-13,80.69841766357422,112.16000366210938,113.3000030517578,111.30999755859376,112.98999786376952,2645700
2013-12-16,80.6696548461914,112.12000274658205,114.04000091552734,112.06999969482422,112.7300033569336,2078600
2013-12-17,79.86383819580078,111.0,112.91999816894533,109.94000244140624,112.66999816894533,3987600
2013-12-18,81.10852813720703,112.7300033569336,112.75,109.70999908447266,111.3000030517578,4045700
2013-12-19,81.01499938964844,112.5999984741211,112.69000244140624,110.91999816894533,112.5500030517578,2802600
2013-12-20,82.04389953613281,114.02999877929688,114.9800033569336,112.0199966430664,112.4000015258789,5285600
2013-12-23,81.44671630859375,113.1999969482422,114.72000122070312,112.5199966430664,114.66999816894533,2156800
2013-12-24,80.76318359375,112.25,113.41000366210938,112.1999969482422,113.33999633789062,1013500
2013-12-26,82.28131866455078,114.36000061035156,114.4800033569336,112.4499969482422,112.62000274658205,1558500
2013-12-27,82.82815551757812,115.12000274658205,115.48999786376952,114.36000061035156,114.88999938964844,2038700
2013-12-30,83.09436798095703,115.48999786376952,115.5199966430664,114.38999938964844,115.36000061035156,1534000
2013-12-31,82.07987213134766,114.08000183105467,115.9499969482422,113.66999816894533,115.91000366210938,2362700
2014-01-02,83.3174057006836,115.8000030517578,116.19000244140624,114.05999755859376,114.36000061035156,2528800
2014-01-03,82.3604736328125,114.47000122070312,115.97000122070312,114.05999755859376,115.6999969482422,2075800
2014-01-06,81.6481704711914,113.4800033569336,114.91999816894533,113.12000274658205,114.47000122070312,2838100
2014-01-07,83.77066802978516,116.43000030517578,116.79000091552734,113.2699966430664,113.5,3632400
2014-01-08,83.37496948242188,115.87999725341795,116.9000015258789,115.3499984741211,116.63999938964844,2481800
2014-01-09,85.54064178466797,118.88999938964844,118.95999908447266,116.22000122070312,116.54000091552734,3400000
2014-01-10,84.89308166503906,117.98999786376952,119.0,116.1999969482422,119.0,3053100
2014-01-13,83.74909210205078,116.4000015258789,118.7300033569336,115.94000244140624,118.31999969482422,3703900
2014-01-14,84.69884490966797,117.72000122070312,117.94000244140624,116.22000122070312,116.83999633789062,2541200
2014-01-15,85.26724243164062,118.51000213623048,118.9499969482422,117.4000015258789,118.41999816894533,3064600
2014-01-16,85.64134979248047,119.02999877929688,119.69000244140624,118.20999908447266,118.81999969482422,2553200
2014-01-17,85.72769927978516,119.1500015258789,119.5500030517578,118.30999755859376,118.91000366210938,4010000
2014-01-21,85.79967498779297,119.25,120.0,118.56999969482422,119.95999908447266,3072700
2014-01-22,89.48348236083984,124.37000274658205,124.45999908447266,119.58000183105467,119.83000183105467,5086200
2014-01-23,88.92942810058594,123.5999984741211,124.22000122070312,121.5999984741211,123.0,3534800
2014-01-24,85.82839965820312,119.29000091552734,122.61000061035156,118.98999786376952,122.61000061035156,4992900
2014-01-27,85.2744140625,118.5199966430664,119.83000183105467,117.41999816894533,119.25,4125400
2014-01-28,86.8429183959961,120.6999969482422,121.87000274658205,118.30999755859376,118.38999938964844,4348600
2014-01-29,85.7420883178711,119.16999816894533,121.16000366210938,117.0,117.0,5730400
2014-01-30,86.97960662841797,120.88999938964844,121.9800033569336,119.5500030517578,120.06999969482422,3321100
2014-01-31,85.58382415771484,118.9499969482422,120.20999908447266,118.0999984741211,118.5500030517578,4934900
2014-02-03,84.00092315673828,116.75,120.5,116.47000122070312,119.68000030517578,5046200
2014-02-04,83.30301666259766,115.77999877929688,117.7300033569336,115.70999908447266,117.69000244140624,5093000
2014-02-05,82.79216766357422,115.06999969482422,116.94000244140624,114.56999969482422,115.43000030517578,4332200
2014-02-06,83.51167297363281,116.06999969482422,116.81999969482422,115.08000183105467,115.62000274658205,2737000
2014-02-07,85.5478286743164,118.9000015258789,119.04000091552734,115.80999755859376,116.44000244140624,2837900
2014-02-10,86.55512237548828,120.3000030517578,120.36000061035156,117.9000015258789,119.68000030517578,3352500
2014-02-11,87.67601776123047,121.23999786376952,121.25,118.8499984741211,120.0,2502700
2014-02-12,88.37747955322266,122.20999908447266,122.54000091552734,120.87000274658205,120.93000030517578,2187500
2014-02-13,89.7803955078125,124.1500015258789,124.16000366210938,121.22000122070312,121.6500015258789,2530100
2014-02-14,89.55625915527344,123.83999633789062,124.3000030517578,122.5199966430664,123.54000091552734,2677100
2014-02-18,90.35169982910156,124.94000244140624,126.31999969482422,124.56999969482422,124.83999633789062,3082100
2014-02-19,89.2018814086914,123.3499984741211,124.9000015258789,123.12999725341795,124.8499984741211,2779400
2014-02-20,89.30313873291016,123.48999786376952,124.30999755859376,122.9000015258789,123.3499984741211,3020000
2014-02-21,89.56348419189453,123.8499984741211,125.5,123.26000213623048,123.75,3395000
2014-02-24,90.9664077758789,125.79000091552734,126.58999633789062,124.1999969482422,124.38999938964844,2772600
2014-02-25,89.93228149414062,124.36000061035156,126.22000122070312,124.0199966430664,125.33999633789062,2416300
2014-02-26,88.1243896484375,121.86000061035156,124.2300033569336,121.73999786376952,123.9000015258789,3895700
2014-02-27,89.00663757324219,123.08000183105467,123.9000015258789,121.7699966430664,121.98999786376952,3772900
2014-02-28,89.6864013671875,124.0199966430664,126.9499969482422,123.16999816894533,124.26000213623048,4853600
2014-03-03,89.44776153564453,123.69000244140624,124.18000030517578,122.5199966430664,122.88999938964844,2503900
2014-03-04,91.1182632446289,126.0,126.05999755859376,124.51000213623048,125.31999969482422,2557800
2014-03-05,91.25567626953124,126.19000244140624,127.1500015258789,125.38999938964844,126.18000030517578,2478200
2014-03-06,89.8093490600586,124.19000244140624,127.41999816894533,124.12000274658205,126.69000244140624,3067500
2014-03-07,88.41365814208984,122.26000213623048,125.9000015258789,120.26000213623048,125.30999755859376,7124700
2014-03-10,90.68436431884766,125.4000015258789,126.0999984741211,122.25,122.26000213623048,3786300
2014-03-11,89.86717987060547,124.2699966430664,125.5999984741211,123.73999786376952,125.4499969482422,2655200
2014-03-12,91.1038055419922,125.9800033569336,126.0,122.9800033569336,122.9800033569336,2761100
2014-03-13,89.64302062988281,123.95999908447266,126.3499984741211,123.30999755859376,126.16999816894533,2436800
2014-03-14,88.61614227294922,122.54000091552734,124.91000366210938,122.36000061035156,123.4000015258789,2213600
2014-03-17,89.57069396972656,123.86000061035156,125.30999755859376,122.5500030517578,123.12000274658205,2574100
2014-03-18,92.18128967285156,127.47000122070312,127.4800033569336,124.30999755859376,124.5,3255600
2014-03-19,91.53768920898438,126.58000183105467,127.98999786376952,125.72000122070312,127.98999786376952,2599500
2014-03-20,91.8775863647461,127.0500030517578,127.0999984741211,125.23999786376952,126.16000366210938,2311200
2014-03-21,88.89815521240234,122.93000030517578,128.9600067138672,122.47000122070312,127.0500030517578,7101100
2014-03-24,87.7049331665039,121.27999877929688,123.5,118.55999755859376,123.2699966430664,4448100
2014-03-25,87.23490142822266,120.62999725341795,123.9499969482422,119.66000366210938,121.73999786376952,3863700
2014-03-26,86.85884094238281,120.11000061035156,122.88999938964844,120.0500030517578,121.2300033569336,3843800
2014-03-27,88.43534851074219,122.29000091552734,123.9800033569336,120.5,121.30999755859376,4553400
2014-03-28,87.17705535888672,120.5500030517578,124.12000274658205,120.37999725341795,122.2699966430664,3246000
2014-03-31,89.19466400146484,123.33999633789062,124.52999877929688,122.19000244140624,122.5,4761200
2014-04-01,91.16886901855467,126.06999969482422,126.2300033569336,123.51000213623048,123.66999816894533,3163600
2014-04-02,91.1038055419922,125.9800033569336,127.08999633789062,125.0199966430664,126.0199966430664,2892900
2014-04-03,89.76596069335938,124.12999725341795,127.25,123.12999725341795,126.16000366210938,3036300
2014-04-04,86.1357192993164,119.11000061035156,125.37999725341795,118.98999786376952,125.06999969482422,5017400
2014-04-07,85.92597198486328,118.81999969482422,119.73999786376952,116.55999755859376,118.19000244140624,4813100
2014-04-08,85.31851196289062,117.9800033569336,120.47000122070312,117.66999816894533,120.16999816894533,4181300
2014-04-09,86.77928161621094,120.0,120.19000244140624,117.5,117.94000244140624,3441800
2014-04-10,82.51986694335938,114.11000061035156,119.9499969482422,113.4000015258789,119.87000274658205,6201000
2014-04-11,80.95061492919922,111.94000244140624,116.08999633789062,111.9000015258789,113.2699966430664,7262400
2014-04-14,81.9485855102539,113.31999969482422,114.87999725341795,111.38999938964844,113.0,5428500
2014-04-15,83.1634750366211,115.0,115.98999786376952,111.4000015258789,113.9000015258789,4750200
2014-04-16,83.55401611328125,115.54000091552734,116.23999786376952,113.7300033569336,116.1500015258789,3451000
2014-04-17,83.49615478515625,115.45999908447266,117.19000244140624,115.0199966430664,115.61000061035156,3237500
2014-04-21,84.624267578125,117.0199966430664,117.08999633789062,114.63999938964844,116.45999908447266,2657900
2014-04-22,86.2730941772461,119.3000030517578,119.70999908447266,117.0500030517578,117.23999786376952,4277500
2014-04-23,81.9485855102539,113.31999969482422,116.4499969482422,111.51000213623048,116.06999969482422,10965800
2014-04-24,82.23783111572266,113.72000122070312,114.5,111.79000091552734,114.11000061035156,6112300
2014-04-25,80.56734466552734,111.41000366210938,113.62000274658205,111.3000030517578,113.62000274658205,4512500
2014-04-28,80.61798858642578,111.4800033569336,112.33999633789062,108.1999969482422,111.77999877929688,6113900
2014-04-29,80.92169952392578,111.9000015258789,112.4499969482422,110.66999816894533,112.3000030517578,4116200
2014-04-30,80.813232421875,111.75,112.2699966430664,110.41000366210938,111.80999755859376,4464900
2014-05-01,81.54360961914062,112.76000213623048,113.20999908447266,110.80999755859376,111.37999725341795,3642700
2014-05-02,81.29773712158203,112.41999816894533,113.72000122070312,111.66999816894533,113.12999725341795,4319200
2014-05-05,81.84732818603516,113.18000030517578,113.33999633789062,110.86000061035156,111.38999938964844,2544500
2014-05-06,81.19648742675781,112.27999877929688,113.66999816894533,112.1999969482422,112.55999755859376,3760900
2014-05-07,81.55083465576172,112.7699966430664,112.83999633789062,110.77999877929688,111.72000122070312,2823900
2014-05-08,80.11176300048828,110.77999877929688,113.72000122070312,110.56999969482422,112.4000015258789,4161900
2014-05-09,80.61798858642578,111.4800033569336,111.56999969482422,109.41000366210938,110.5,3487800
2014-05-12,80.79878997802734,111.7300033569336,112.7300033569336,111.38999938964844,111.77999877929688,3554700
2014-05-13,80.57337188720703,110.80999755859376,112.18000030517578,110.76000213623048,111.66000366210938,3676800
2014-05-14,81.48954010009766,112.06999969482422,112.4800033569336,110.5199966430664,111.13999938964844,2991500
2014-05-15,80.19524383544922,110.29000091552734,112.31999969482422,109.91999816894533,112.0,2785400
2014-05-16,81.3949966430664,111.94000244140624,112.02999877929688,110.58999633789062,110.86000061035156,4193600
2014-05-19,81.49681854248047,112.08000183105467,112.47000122070312,110.91999816894533,111.23999786376952,3652400
2014-05-20,81.59859466552734,112.22000122070312,112.8499984741211,111.88999938964844,112.8000030517578,3234200
2014-05-21,82.52206420898438,113.48999786376952,113.83999633789062,111.95999908447266,112.08000183105467,2805100
2014-05-22,83.51822662353516,114.86000061035156,115.58999633789062,113.01000213623048,113.18000030517578,2582700
2014-05-23,83.13285064697266,114.33000183105467,115.12000274658205,113.55999755859376,114.98999786376952,2812200
2014-05-27,84.26716613769531,115.88999938964844,115.91999816894533,114.72000122070312,115.7300033569336,2513900
2014-05-28,84.10719299316406,115.66999816894533,116.37999725341795,115.36000061035156,116.0999984741211,2261700
2014-05-29,84.34715270996094,116.0,116.5,115.5,115.7699966430664,2123100
2014-05-30,84.33989715576172,115.98999786376952,116.56999969482422,115.02999877929688,116.56999969482422,2251900
2014-06-02,84.67437744140625,116.4499969482422,117.05999755859376,115.83000183105467,116.72000122070312,2741200
2014-06-03,85.16155242919922,117.12000274658205,117.72000122070312,116.1999969482422,116.4499969482422,2474100
2014-06-04,86.63761901855469,119.1500015258789,119.37999725341795,117.22000122070312,117.5,3047900
2014-06-05,85.61235809326172,117.73999786376952,119.33999633789062,117.5999984741211,119.33999633789062,3116000
2014-06-06,85.67054748535156,117.81999969482422,118.83000183105467,117.0199966430664,118.81999969482422,2551800
2014-06-09,84.63800811767578,116.4000015258789,117.79000091552734,116.04000091552734,117.47000122070312,2900100
2014-06-10,85.14701080322266,117.0999984741211,117.1500015258789,115.6999969482422,115.76000213623048,1912800
2014-06-11,84.59436798095703,116.33999633789062,117.5199966430664,115.5999984741211,116.95999908447266,2178400
2014-06-12,84.49258422851562,116.1999969482422,116.62000274658205,115.61000061035156,116.13999938964844,1802900
2014-06-13,84.36898803710938,116.02999877929688,116.6999969482422,115.3000030517578,116.66999816894533,1457000
2014-06-16,84.4634780883789,116.16000366210938,116.91000366210938,115.7300033569336,116.0,2159600
2014-06-17,84.47075653076172,116.16999816894533,116.8499984741211,115.66999816894533,116.75,2106100
2014-06-18,85.43057250976562,117.48999786376952,117.55999755859376,115.5,116.44000244140624,2549100
2014-06-19,85.6923599243164,117.8499984741211,118.12000274658205,117.18000030517578,118.12000274658205,2206300
2014-06-20,87.96101379394531,120.97000122070312,121.0,117.83000183105467,118.52999877929688,6247400
2014-06-23,86.62308502197266,119.12999725341795,120.8499984741211,118.5,120.68000030517578,2317200
2014-06-24,86.3758544921875,118.79000091552734,120.26000213623048,118.33999633789062,119.45999908447266,2003100
2014-06-25,86.83393096923828,119.41999816894533,120.33999633789062,118.27999877929688,118.6999969482422,2666800
2014-06-26,86.63034057617188,119.13999938964844,119.97000122070312,117.4800033569336,119.95999908447266,2311400
2014-06-27,86.23042297363281,118.58999633789062,119.5,117.5,119.47000122070312,3331900
2014-06-30,86.07048034667969,118.37000274658205,119.16999816894533,118.1999969482422,118.95999908447266,2422700
2014-07-01,87.48110961914062,120.30999755859376,120.5,119.0500030517578,119.38999938964844,2072500
2014-07-02,88.0046157836914,121.02999877929688,121.22000122070312,120.0199966430664,120.08000183105467,1447000
2014-07-03,89.3280258178711,122.8499984741211,122.8499984741211,120.72000122070312,121.4499969482422,1963400
2014-07-07,87.37203216552734,120.16000366210938,123.11000061035156,120.04000091552734,121.8499984741211,3075700
2014-07-08,87.22660064697266,119.95999908447266,120.9800033569336,119.0999984741211,119.98999786376952,2455400
2014-07-09,86.9430160522461,119.56999969482422,120.62000274658205,118.91999816894533,120.4499969482422,2647600
2014-07-10,86.4922103881836,118.9499969482422,119.1999969482422,117.87999725341795,118.91000366210938,2642500
2014-07-11,87.08843231201172,119.7699966430664,120.8000030517578,119.11000061035156,120.43000030517578,2733200
2014-07-14,86.51399993896484,118.9800033569336,120.86000061035156,118.80999755859376,120.83999633789062,2149600
2014-07-15,84.97248077392578,116.86000061035156,119.47000122070312,116.56999969482422,118.73999786376952,3963000
2014-07-16,85.590576171875,117.70999908447266,117.8499984741211,116.2699966430664,117.8499984741211,4087100
2014-07-17,83.90362548828125,115.38999938964844,117.16999816894533,115.20999908447266,116.7300033569336,2688000
2014-07-18,86.01956176757812,118.3000030517578,118.68000030517578,114.93000030517578,116.11000061035156,3477600
2014-07-21,86.55036163330078,119.02999877929688,119.33999633789062,117.1999969482422,117.62999725341795,3076700
2014-07-22,88.06281280517578,121.11000061035156,121.2699966430664,119.3499984741211,119.58999633789062,2806100
2014-07-23,88.71721649169922,122.01000213623048,122.38999938964844,121.0,121.37999725341795,3527500
2014-07-24,88.89900970458984,122.26000213623048,122.36000061035156,121.31999969482422,122.1500015258789,3219700
2014-07-25,89.3207015991211,122.83999633789062,122.87999725341795,121.66999816894533,121.97000122070312,3028900
2014-07-28,89.1825942993164,122.6500015258789,123.0500030517578,121.66000366210938,122.62999725341795,2432000
2014-07-29,89.66249084472656,123.30999755859376,124.38999938964844,122.25,122.5199966430664,3988100
2014-07-30,94.53427124023438,130.00999450683594,131.24000549316406,128.6300048828125,128.6300048828125,8465700
2014-07-31,92.62918853759766,127.38999938964844,129.33999633789062,127.04000091552734,128.38999938964844,4839300
2014-08-01,91.291259765625,125.5500030517578,127.3000030517578,124.76000213623048,126.16999816894533,4542700
2014-08-04,93.54534149169922,128.64999389648438,129.38999938964844,126.5199966430664,129.0,6403700
2014-08-05,92.9854507446289,127.87999725341795,129.0,126.62000274658205,127.51000213623048,3749100
2014-08-06,92.41100311279295,127.08999633789062,128.77999877929688,126.52999877929688,127.26000213623048,2579000
2014-08-07,91.43668365478516,125.75,128.88999938964844,125.51000213623048,127.41000366210938,3065200
2014-08-08,92.3092269897461,126.9499969482422,127.41000366210938,125.13999938964844,125.22000122070312,2206800
2014-08-11,92.57827758789062,127.31999969482422,128.0,126.58000183105467,127.86000061035156,2529200
2014-08-12,92.2933349609375,126.31999969482422,126.9000015258789,125.4000015258789,126.22000122070312,2324500
2014-08-13,93.03857421875,127.33999633789062,127.8000030517578,126.3000030517578,126.6500015258789,2537300
2014-08-14,96.34103393554688,131.86000061035156,132.52000427246094,124.80999755859376,125.1999969482422,6408400
2014-08-15,97.02779388427734,132.8000030517578,133.30999755859375,130.0,133.30999755859375,4347800
2014-08-18,97.33468627929688,133.22000122070312,133.97999572753906,132.3699951171875,133.35000610351562,3156700
2014-08-19,97.18856048583984,133.02000427246094,133.69000244140625,131.8000030517578,133.36000061035156,1878900
2014-08-20,96.94014739990234,132.67999267578125,133.27000427246094,131.85000610351562,131.97000122070312,1748900
2014-08-21,96.8305435180664,132.52999877929688,133.00999450683594,132.0399932861328,132.9600067138672,1774300
2014-08-22,97.04244232177734,132.82000732421875,133.4600067138672,132.4199981689453,132.99000549316406,2017800
2014-08-25,98.48178100585938,134.7899932861328,134.92999267578125,133.3800048828125,133.3800048828125,2997500
2014-08-26,100.29373931884766,137.27000427246094,137.6699981689453,134.89999389648438,134.91000366210938,3891200
2014-08-27,100.70291137695312,137.8300018310547,138.57000732421875,136.69000244140625,137.94000244140625,2693200
2014-08-28,101.33123779296876,138.69000244140625,139.3800048828125,137.2899932861328,137.64999389648438,3899700
2014-08-29,101.8353500366211,139.3800048828125,139.72999572753906,138.30999755859375,139.4499969482422,2362500
2014-09-02,100.7978744506836,137.9600067138672,139.92999267578125,137.1999969482422,139.6199951171875,3287800
2014-09-03,101.2508773803711,138.5800018310547,138.85000610351562,137.33999633789062,138.52999877929688,2729300
2014-09-04,100.83438873291016,138.00999450683594,139.5,137.52999877929688,138.74000549316406,2975400
2014-09-05,100.73944091796876,137.8800048828125,138.3300018310547,135.6300048828125,138.22000122070312,3357100
2014-09-08,101.7550048828125,139.27000427246094,139.36000061035156,137.66000366210938,138.0,2512900
2014-09-09,100.38143157958984,137.38999938964844,138.97999572753906,137.07000732421875,138.66000366210938,3122500
2014-09-10,101.69657135009766,139.19000244140625,139.72000122070312,137.27000427246094,137.38999938964844,2330500
2014-09-11,101.5285415649414,138.9600067138672,139.92999267578125,137.35000610351562,138.52999877929688,3620000
2014-09-12,100.74674224853516,137.88999938964844,138.99000549316406,136.82000732421875,138.50999450683594,2329700
2014-09-15,100.80521392822266,137.97000122070312,138.05999755859375,136.88999938964844,137.57000732421875,2174500
2014-09-16,101.79884338378906,139.3300018310547,139.5500030517578,136.9499969482422,137.32000732421875,2398900
2014-09-17,102.8070831298828,140.7100067138672,141.57000732421875,138.6199951171875,140.0,3940900
2014-09-18,103.76422882080078,142.02000427246094,142.16000366210938,139.9499969482422,140.89999389648438,2160400
2014-09-19,105.21819305419922,144.00999450683594,144.4600067138672,142.2899932861328,142.99000549316406,6703300
2014-09-22,103.8811492919922,142.17999267578125,144.02000427246094,141.08999633789062,143.2899932861328,3082800
2014-09-23,102.78520965576172,140.67999267578125,142.39999389648438,140.57000732421875,141.83999633789062,2320900
2014-09-24,103.9250030517578,142.24000549316406,142.47999572753906,140.02000427246094,140.75,3227600
2014-09-25,102.17877960205078,139.85000610351562,143.02999877929688,139.39999389648438,142.0800018310547,2676400
2014-09-26,103.06282806396484,141.05999755859375,141.19000244140625,138.92999267578125,140.00999450683594,2296200
2014-09-29,102.33952331542967,140.07000732421875,141.5,139.3300018310547,139.9600067138672,2218700
2014-09-30,102.62445831298828,140.4600067138672,141.5800018310547,139.02000427246094,140.30999755859375,2646800
2014-10-01,101.42625427246094,138.82000732421875,140.77999877929688,138.17999267578125,140.38999938964844,3752200
2014-10-02,100.24259948730467,137.1999969482422,139.77000427246094,136.32000732421875,138.97999572753906,3060900
2014-10-03,101.66730499267578,139.14999389648438,139.7100067138672,137.89999389648438,138.07000732421875,3429000
2014-10-06,100.54215240478516,137.61000061035156,140.5500030517578,136.97999572753906,138.07000732421875,3190200
2014-10-07,99.38775634765624,136.02999877929688,137.5399932861328,135.97999572753906,137.13999938964844,2679500
2014-10-08,102.33952331542967,140.07000732421875,140.3800048828125,135.4199981689453,135.61000061035156,3621000
2014-10-09,100.52024841308594,137.5800018310547,140.19000244140625,137.02000427246094,139.57000732421875,2750500
2014-10-10,100.38143157958984,137.38999938964844,140.74000549316406,136.77999877929688,136.77999877929688,5750400
2014-10-13,97.5831069946289,133.55999755859375,137.80999755859375,133.52000427246094,137.0500030517578,6866700
2014-10-14,96.58943939208984,132.1999969482422,135.42999267578125,131.92999267578125,135.3800048828125,3736400
2014-10-15,95.63963317871094,130.89999389648438,131.3699951171875,128.60000610351562,131.02000427246094,4700100
2014-10-16,95.31085205078124,130.4499969482422,130.8800048828125,127.66999816894533,128.14999389648438,7906000
2014-10-17,97.67808532714844,133.69000244140625,139.85000610351562,129.5,131.25,7351500
2014-10-20,100.46908569335938,137.50999450683594,137.5500030517578,133.00999450683594,133.27999877929688,6623800
2014-10-21,105.27664184570312,144.08999633789062,145.49000549316406,137.00999450683594,138.49000549316406,8951400
2014-10-22,104.94786834716795,143.63999938964844,144.41000366210938,141.6699981689453,143.80999755859375,5222100
2014-10-23,107.58543395996094,147.25,148.13999938964844,145.24000549316406,145.89999389648438,4710700
2014-10-24,107.59273529052734,147.25999450683594,147.5,145.52000427246094,146.85000610351562,5318400
2014-10-27,108.27954864501952,148.1999969482422,148.47000122070312,146.11000061035156,146.6999969482422,4172500
2014-10-28,114.8479232788086,157.19000244140625,157.25,151.47000122070312,151.75,11623200
2014-10-29,116.08268737792967,158.8800048828125,159.72000122070312,156.91000366210938,157.91000366210938,7069800
2014-10-30,118.05536651611328,161.5800018310547,161.5800018310547,158.16000366210938,158.63999938964844,3864500
2014-10-31,118.49376678466795,162.17999267578125,164.64999389648438,161.4199981689453,164.55999755859375,7971100
2014-11-03,118.040771484375,161.55999755859375,162.41000366210938,159.64999389648438,162.0800018310547,5823800
2014-11-04,117.20055389404295,160.41000366210938,161.99000549316406,159.1699981689453,160.69000244140625,3719000
2014-11-05,116.12652587890624,158.94000244140625,161.30999755859375,158.80999755859375,161.30999755859375,4062900
2014-11-06,117.1567153930664,160.35000610351562,160.94000244140625,159.47000122070312,159.97000122070312,3310900
2014-11-07,117.08364868164062,160.25,162.25,158.32000732421875,162.07000732421875,3633300
2014-11-10,119.61390686035156,163.08999633789062,163.1999969482422,160.5,161.00999450683594,3160900
2014-11-11,119.12255859375,162.4199981689453,163.86000061035156,161.52000427246094,163.0800018310547,3015700
2014-11-12,118.76319122314452,161.92999267578125,163.07000732421875,161.0399932861328,161.77000427246094,3528900
2014-11-13,117.97115325927734,160.85000610351562,162.35000610351562,159.5800018310547,162.11000061035156,3636900
2014-11-14,115.6461181640625,157.67999267578125,161.27999877929688,156.6199951171875,161.10000610351562,4505700
2014-11-17,116.71698760986328,159.13999938964844,160.1999969482422,156.66000366210938,156.91000366210938,2662400
2014-11-18,118.99057006835938,162.24000549316406,162.38999938964844,158.3699951171875,158.91000366210938,3135600
2014-11-19,119.28390502929688,162.63999938964844,163.27999877929688,160.3699951171875,161.27999877929688,2422900
2014-11-20,119.3132553100586,162.67999267578125,164.8300018310547,161.75,161.91000366210938,3208900
2014-11-21,119.40862274169922,162.80999755859375,165.5800018310547,161.42999267578125,165.5800018310547,3717000
2014-11-24,120.41340637207033,164.17999267578125,165.67999267578125,162.9499969482422,163.0,2193300
2014-11-25,118.99057006835938,162.24000549316406,164.41000366210938,160.6999969482422,164.05999755859375,3564900
2014-11-26,120.8094253540039,164.72000122070312,164.83999633789062,162.47000122070312,162.75,2118000
2014-11-28,121.24214935302734,165.30999755859375,167.35000610351562,164.52000427246094,165.0,1794800
2014-12-01,122.04891204833984,166.41000366210938,167.3699951171875,164.1699981689453,165.1199951171875,2514200
2014-12-02,124.15383911132812,169.27999877929688,169.3300018310547,166.8000030517578,167.60000610351562,3290200
2014-12-03,123.2664566040039,168.07000732421875,169.49000549316406,166.5,169.27999877929688,2369100
2014-12-04,122.151611328125,166.5500030517578,168.75999450683594,166.4499969482422,167.5399932861328,3357800
2014-12-05,124.1245346069336,169.24000549316406,169.41000366210938,166.11000061035156,166.67999267578125,2548700
2014-12-08,125.88468170166016,171.63999938964844,173.13999938964844,169.0,169.38999938964844,3953700
2014-12-09,124.23450469970705,169.38999938964844,170.91000366210938,167.44000244140625,170.32000732421875,3712300
2014-12-10,121.30081176757812,165.38999938964844,169.75,165.0,169.0,3490200
2014-12-11,121.80687713623048,166.0800018310547,169.63999938964844,165.60000610351562,166.6999969482422,3173600
2014-12-12,120.67008972167967,164.52999877929688,167.7100067138672,162.3000030517578,163.13999938964844,3366700
2014-12-15,117.0543212890625,159.60000610351562,164.99000549316406,159.39999389648438,164.77000427246094,4428300
2014-12-16,116.93695068359376,159.44000244140625,163.9600067138672,157.5,157.67999267578125,4492800
2014-12-17,119.89999389648438,163.47999572753906,164.00999450683594,158.60000610351562,159.4600067138672,3417900
2014-12-18,123.56707763671876,168.47999572753906,168.58999633789062,164.5800018310547,166.10000610351562,3511800
2014-12-19,124.80656433105467,170.1699981689453,171.72999572753906,167.39999389648438,168.91000366210938,7856300
2014-12-22,120.67008972167967,164.52999877929688,169.0399932861328,163.91000366210938,168.30999755859375,4061500
2014-12-23,115.52879333496094,157.52000427246094,164.99000549316406,154.36000061035156,164.91000366210938,7091700
2014-12-24,117.83905792236328,160.6699981689453,163.1699981689453,156.47000122070312,156.52999877929688,2222800
2014-12-26,119.88532257080078,163.4600067138672,164.14999389648438,161.85000610351562,162.16000366210938,1707500
2014-12-29,119.43793487548828,162.85000610351562,164.0500030517578,161.52000427246094,163.8300018310547,1727600
2014-12-30,117.80976104736328,160.6300048828125,162.72999572753906,160.17999267578125,162.69000244140625,2019800
2014-12-31,116.8269500732422,159.2899932861328,163.27999877929688,159.25999450683594,161.6699981689453,2691900
2015-01-02,117.26702880859376,159.88999938964844,162.58999633789062,158.60000610351562,160.16000366210938,2605400
2015-01-05,115.87351989746094,157.99000549316406,159.60000610351562,154.25999450683594,157.42999267578125,4080300
2015-01-06,112.14038848876952,152.89999389648438,158.8800048828125,152.3300018310547,158.77999877929688,5075800
2015-01-07,116.0568618774414,158.24000549316406,158.5800018310547,153.00999450683594,154.08999633789062,3502400
2015-01-08,115.6388168334961,157.6699981689453,162.75999450683594,155.14999389648438,159.60000610351562,4560200
2015-01-09,114.2160186767578,155.72999572753906,158.75999450683594,154.6300048828125,158.75999450683594,3949100
2015-01-12,114.57533264160156,156.22000122070312,157.99000549316406,154.99000549316406,156.22000122070312,2700700
2015-01-13,113.7832489013672,155.13999938964844,160.9600067138672,153.41000366210938,158.88999938964844,4570400
2015-01-14,113.79790496826172,155.16000366210938,155.5399932861328,152.57000732421875,152.8699951171875,3426400
2015-01-15,111.42161560058594,151.9199981689453,157.74000549316406,151.52999877929688,156.14999389648438,2894000
2015-01-16,116.19618225097656,158.42999267578125,158.44000244140625,152.02999877929688,152.42999267578125,3513200
2015-01-20,115.58745574951172,157.60000610351562,159.72999572753906,154.64999389648438,159.2100067138672,3664400
2015-01-21,115.42611694335938,157.3800048828125,158.27000427246094,155.3800048828125,155.3800048828125,2804900
2015-01-22,117.03227996826172,159.57000732421875,159.77999877929688,154.11000061035156,158.1699981689453,3783100
2015-01-23,117.20833587646484,159.80999755859375,160.00999450683594,158.25,159.8000030517578,2249400
2015-01-26,117.1496810913086,159.72999572753906,161.47999572753906,157.6699981689453,159.6199951171875,3149600
2015-01-27,116.53356170654295,158.88999938964844,160.74000549316406,158.27999877929688,158.52999877929688,2876300
2015-01-28,113.41651153564452,154.63999938964844,160.91000366210938,154.50999450683594,158.32000732421875,4927100
2015-01-29,114.68537139892578,156.3699951171875,156.83999633789062,153.75999450683594,154.88999938964844,3435500
2015-01-30,111.67096710205078,152.25999450683594,156.8699951171875,151.52999877929688,155.5500030517578,5318200
2015-02-02,111.84700775146484,152.5,153.97000122070312,149.39999389648438,153.41000366210938,3832500
2015-02-03,111.64894104003906,152.22999572753906,153.75999450683594,148.8699951171875,153.75999450683594,4298400
2015-02-04,111.07691955566406,151.4499969482422,153.14999389648438,147.4199981689453,150.1300048828125,5827100
2015-02-05,112.47775268554688,153.36000061035156,153.89999389648438,151.02000427246094,152.2899932861328,3564400
2015-02-06,111.04022979736328,151.39999389648438,154.75999450683594,150.60000610351562,154.32000732421875,3242700
2015-02-09,110.02078247070312,150.00999450683594,151.8300018310547,149.1999969482422,150.0,3236400
2015-02-10,112.49077606201172,152.57000732421875,152.6300048828125,149.0500030517578,150.5,4108600
2015-02-11,112.8889389038086,153.11000061035156,155.24000549316406,152.25999450683594,153.3000030517578,3998700
2015-02-12,112.94051361083984,153.17999267578125,154.8300018310547,151.1199951171875,154.8300018310547,2935800
2015-02-13,113.1617202758789,153.47999572753906,153.80999755859375,150.2100067138672,153.6199951171875,3591400
2015-02-17,113.72209167480467,154.24000549316406,154.85000610351562,153.0,153.52000427246094,3895600
2015-02-18,114.8575210571289,155.77999877929688,156.22999572753906,153.63999938964844,154.22000122070312,3297900
2015-02-19,115.05662536621094,156.0500030517578,156.4199981689453,155.0399932861328,155.97000122070312,3913900
2015-02-20,116.2436294555664,157.66000366210938,157.75,155.05999755859375,156.42999267578125,4411100
2015-02-23,116.8040008544922,158.4199981689453,159.1999969482422,157.80999755859375,158.07000732421875,3094300
2015-02-24,116.02981567382812,157.3699951171875,159.11000061035156,156.25,159.0,2060500
2015-02-25,116.5533447265625,158.0800018310547,158.77999877929688,155.74000549316406,157.75999450683594,3262800
2015-02-26,117.20948791503906,158.97000122070312,159.39999389648438,156.0,158.47999572753906,3379800
2015-02-27,116.28787994384766,157.72000122070312,159.24000549316406,157.1999969482422,159.10000610351562,2472000
2015-03-02,117.69615936279295,159.6300048828125,159.89999389648438,157.6199951171875,159.2899932861328,3483500
2015-03-03,116.90718841552734,158.55999755859375,159.39999389648438,157.50999450683594,159.39999389648438,2334900
2015-03-04,117.3717269897461,159.19000244140625,159.74000549316406,156.80999755859375,158.0500030517578,3098600
2015-03-05,117.67403411865234,159.60000610351562,161.47999572753906,158.86000061035156,160.0,2470900
2015-03-06,114.19390869140624,154.8800048828125,159.9199981689453,154.0,158.5,4091400
2015-03-09,114.28978729248048,155.00999450683594,155.74000549316406,152.77999877929688,154.85000610351562,2135000
2015-03-10,113.23542022705078,153.5800018310547,155.6300048828125,152.2899932861328,152.8699951171875,3509600
2015-03-11,112.58660125732422,152.6999969482422,154.27000427246094,152.4199981689453,154.1199951171875,2487100
2015-03-12,113.72943878173828,154.25,154.77000427246094,152.9499969482422,154.25999450683594,1889400
2015-03-13,113.73680114746094,154.25999450683594,154.75,152.5800018310547,153.27999877929688,2737900
2015-03-16,120.20294952392578,163.02999877929688,163.1999969482422,156.74000549316406,157.72999572753906,5201600
2015-03-17,120.232421875,163.07000732421875,163.75999450683594,161.74000549316406,162.25,2620800
2015-03-18,122.7909164428711,166.5399932861328,167.60000610351562,161.8300018310547,162.97000122070312,3690100
2015-03-19,124.6858367919922,169.11000061035156,169.22000122070312,166.97000122070312,167.6699981689453,3756600
2015-03-20,125.41577911376952,170.10000610351562,172.36000061035156,168.50999450683594,170.39999389648438,9040600
2015-03-23,122.7909164428711,166.5399932861328,169.2100067138672,165.6999969482422,168.89999389648438,3879900
2015-03-24,122.40013885498048,166.00999450683594,168.25,165.39999389648438,166.05999755859375,2555600
2015-03-25,118.4260711669922,160.6199951171875,166.7899932861328,160.57000732421875,166.0,4010100
2015-03-26,118.37445831298828,160.5500030517578,162.69000244140625,157.36000061035156,158.83999633789062,3146500
2015-03-27,119.87852478027344,162.58999633789062,163.4499969482422,161.0,161.25999450683594,2438900
2015-03-30,121.14673614501952,164.30999755859375,165.82000732421875,163.0500030517578,164.50999450683594,2388100
2015-03-31,117.85834503173828,159.85000610351562,164.08999633789062,159.72000122070312,163.32000732421875,3111000
2015-04-01,115.83078002929688,157.10000610351562,159.38999938964844,154.63999938964844,159.3699951171875,5135000
2015-04-02,114.93121337890624,155.8800048828125,158.17999267578125,155.02999877929688,157.1199951171875,3015200
2015-04-06,114.48883056640624,155.27999877929688,157.27000427246094,154.60000610351562,154.8000030517578,3185700
2015-04-07,115.96348571777344,157.27999877929688,159.47000122070312,155.27999877929688,155.6199951171875,2942600
2015-04-08,118.21223449707033,160.3300018310547,160.99000549316406,157.66000366210938,157.67999267578125,3031200
2015-04-09,119.06755065917967,161.49000549316406,161.8000030517578,159.07000732421875,161.22999572753906,2860600
2015-04-10,120.46105194091795,163.3800048828125,163.69000244140625,160.30999755859375,161.58999633789062,2407200
2015-04-13,119.80484771728516,162.49000549316406,164.72000122070312,162.33999633789062,162.82000732421875,1767700
2015-04-14,119.86380767822266,162.57000732421875,163.47000122070312,160.55999755859375,162.5,2099400
2015-04-15,122.00201416015624,165.47000122070312,165.91000366210938,162.86000061035156,163.1199951171875,3659300
2015-04-16,123.03423309326172,166.8699951171875,167.63999938964844,165.07000732421875,166.39999389648438,3085600
2015-04-17,120.60850524902344,163.5800018310547,165.5,161.72000122070312,165.0,4249700
2015-04-20,122.37068176269533,165.97000122070312,166.0500030517578,163.05999755859375,164.63999938964844,2760900
2015-04-21,124.20655059814452,168.4600067138672,168.8800048828125,167.07000732421875,167.08999633789062,3794800
2015-04-22,124.67842864990234,169.10000610351562,173.60000610351562,167.00999450683594,173.0399932861328,5352200
2015-04-23,124.73005676269533,169.1699981689453,169.5500030517578,166.5800018310547,167.94000244140625,3668100
2015-04-24,123.8010482788086,167.91000366210938,169.25,166.05999755859375,168.14999389648438,2548300
2015-04-27,119.72372436523438,162.3800048828125,168.72000122070312,161.5500030517578,168.49000549316406,4386200
2015-04-28,119.80484771728516,162.49000549316406,165.3000030517578,160.6300048828125,162.14999389648438,4262800
2015-04-29,118.69153594970705,160.97999572753906,163.4600067138672,159.52999877929688,161.27999877929688,3281800
2015-04-30,116.42794799804688,157.91000366210938,161.7100067138672,156.47000122070312,159.83999633789062,4444300
2015-05-01,118.23436737060548,160.36000061035156,161.69000244140625,158.64999389648438,159.5,3259800
2015-05-04,119.52466583251952,162.11000061035156,163.9600067138672,161.4499969482422,161.5,3496200
2015-05-05,117.5560302734375,159.44000244140625,162.19000244140625,159.24000549316406,161.30999755859375,3086000
2015-05-06,117.19478607177734,158.9499969482422,160.38999938964844,156.64999389648438,160.0,3762700
2015-05-07,116.42056274414062,157.89999389648438,159.82000732421875,157.1999969482422,159.24000549316406,4374000
2015-05-08,119.6942367553711,162.33999633789062,162.86000061035156,159.1300048828125,159.77999877929688,4664200
2015-05-11,118.74308776855467,161.0500030517578,162.99000549316406,161.0,162.30999755859375,2723800
2015-05-12,117.24641418457033,158.24000549316406,159.25999450683594,155.7100067138672,159.0,4359700
2015-05-13,117.3575439453125,158.38999938964844,161.24000549316406,157.64999389648438,159.74000549316406,2727000
2015-05-14,120.01750946044922,161.97999572753906,162.16000366210938,158.19000244140625,159.89999389648438,2717500
2015-05-15,120.29911041259766,162.36000061035156,163.6300048828125,161.67999267578125,163.27000427246094,2384600
2015-05-18,121.09928131103516,163.44000244140625,163.89999389648438,161.27000427246094,161.6999969482422,2153900
2015-05-19,121.18817138671876,163.55999755859375,164.1199951171875,162.4600067138672,163.86000061035156,1746600
2015-05-20,121.49942016601562,163.97999572753906,165.58999633789062,162.39999389648438,163.97000122070312,2027300
2015-05-21,121.39569091796876,163.83999633789062,164.72999572753906,162.82000732421875,163.52000427246094,2156600
2015-05-22,121.20301818847656,163.5800018310547,164.57000732421875,163.02999877929688,163.5800018310547,1636000
2015-05-26,117.81690216064452,159.00999450683594,162.4600067138672,158.0,160.64999389648438,4078300
2015-05-27,118.87642669677734,160.44000244140625,161.0,159.27999877929688,159.9600067138672,3336300
2015-05-28,116.58697509765624,157.35000610351562,159.60000610351562,155.8300018310547,159.60000610351562,4205300
2015-05-29,115.77932739257812,156.25999450683594,157.97000122070312,155.5800018310547,156.7899932861328,4414300
2015-06-01,116.34988403320312,157.02999877929688,158.0,155.5,157.58999633789062,2849800
2015-06-02,115.91275024414062,156.44000244140625,157.97000122070312,154.8000030517578,156.8800048828125,2497200
2015-06-03,116.42394256591795,157.1300048828125,157.86000061035156,156.39999389648438,157.4499969482422,2160500
2015-06-04,117.13526916503906,158.08999633789062,158.47000122070312,156.3000030517578,156.60000610351562,3917700
2015-06-05,116.51287841796876,157.25,159.39999389648438,156.02999877929688,158.5,3431100
2015-06-08,115.93492126464844,156.47000122070312,158.47000122070312,155.6300048828125,157.3000030517578,2081700
2015-06-09,114.69760131835938,154.8000030517578,157.11000061035156,153.91000366210938,156.5500030517578,2766000
2015-06-10,115.2532730102539,155.5500030517578,155.8800048828125,150.85000610351562,153.39999389648438,5972800
2015-06-11,117.03897094726562,157.9600067138672,158.97000122070312,156.44000244140625,157.91000366210938,3633400
2015-06-12,115.67562103271484,156.1199951171875,157.74000549316406,155.00999450683594,157.22999572753906,2398100
2015-06-15,115.66081237792967,156.10000610351562,156.3699951171875,153.57000732421875,154.75,2585200
2015-06-16,115.757080078125,156.22999572753906,156.80999755859375,155.08999633789062,155.80999755859375,1723300
2015-06-17,115.327392578125,155.64999389648438,156.97999572753906,154.8800048828125,156.86000061035156,3008600
2015-06-18,118.63938903808594,160.1199951171875,160.77000427246094,156.30999755859375,156.3300018310547,3454500
2015-06-19,119.08394622802734,160.72000122070312,162.22999572753906,159.77000427246094,160.1300048828125,5182000
2015-06-22,120.19532775878906,162.22000122070312,163.25999450683594,161.4499969482422,161.6199951171875,1926600
2015-06-23,119.80264282226562,161.69000244140625,163.5,161.0399932861328,163.4499969482422,2451800
2015-06-24,118.4690170288086,159.88999938964844,161.83999633789062,159.27999877929688,161.52999877929688,2522600
2015-06-25,117.63167572021484,158.75999450683594,160.83999633789062,158.02000427246094,160.82000732421875,2411400
2015-06-26,117.08341979980467,158.02000427246094,159.7899932861328,157.22999572753906,159.41000366210938,3537900
2015-06-29,112.32657623291016,151.60000610351562,157.9600067138672,151.42999267578125,156.6300048828125,4784800
2015-06-30,113.74917602539062,153.52000427246094,154.22000122070312,151.50999450683594,153.24000549316406,3893300
2015-07-01,114.83836364746094,154.99000549316406,155.75,153.42999267578125,154.94000244140625,2299100
2015-07-02,113.5564956665039,153.25999450683594,155.57000732421875,153.00999450683594,155.14999389648438,2119800
2015-07-06,114.47526550292967,154.5,156.07000732421875,151.88999938964844,152.13999938964844,2773500
2015-07-07,115.13472747802734,155.38999938964844,155.6999969482422,152.17999267578125,155.25,2253200
2015-07-08,112.8526840209961,152.30999755859375,154.85000610351562,151.92999267578125,154.11000061035156,2393500
2015-07-09,112.11168670654295,151.30999755859375,153.89999389648438,151.0399932861328,152.44000244140625,4146300
2015-07-10,114.17887115478516,154.10000610351562,154.52999877929688,152.49000549316406,153.99000549316406,3976600
2015-07-13,115.40885925292967,155.75999450683594,156.55999755859375,154.9199981689453,155.27999877929688,1803400
2015-07-14,118.04661560058594,159.32000732421875,160.30999755859375,155.75999450683594,156.33999633789062,3624800
2015-07-15,118.88388061523438,160.4499969482422,162.5500030517578,159.5800018310547,160.4600067138672,2618600
2015-07-16,120.80290985107422,163.0399932861328,163.75,161.07000732421875,161.72999572753906,2487500
2015-07-17,120.973388671875,163.27000427246094,163.5,160.60000610351562,163.0500030517578,3248500
2015-07-20,121.7661590576172,164.33999633789062,165.39999389648438,162.88999938964844,163.55999755859375,2692400
2015-07-21,121.29196166992188,163.6999969482422,165.32000732421875,162.3699951171875,164.72000122070312,2690000
2015-07-22,121.69949340820312,164.25,164.67999267578125,161.47000122070312,161.47000122070312,2106900
2015-07-23,121.58831787109376,164.10000610351562,165.1199951171875,162.7899932861328,165.0,1716300
2015-07-24,117.50575256347656,158.58999633789062,163.72999572753906,157.2100067138672,162.11000061035156,4410700
2015-07-27,122.65526580810548,165.5399932861328,165.94000244140625,159.16000366210938,159.3699951171875,5757200
2015-07-28,127.99005126953124,172.74000549316406,174.8000030517578,166.1199951171875,166.1199951171875,8553600
2015-07-29,127.04905700683594,171.47000122070312,173.67999267578125,169.1199951171875,172.9199981689453,5112300
2015-07-30,127.2120590209961,171.69000244140625,172.47999572753906,168.2100067138672,170.08999633789062,4044100
2015-07-31,130.8426513671875,176.58999633789062,181.8099975585937,176.0,177.5,7289400
2015-08-03,130.10174560546875,175.58999633789062,177.0500030517578,174.02000427246094,176.8000030517578,2922600
2015-08-04,129.51637268066406,174.8000030517578,176.22000122070312,173.6199951171875,175.7899932861328,2474200
2015-08-05,130.73150634765625,176.44000244140625,177.52000427246094,175.3800048828125,175.52999877929688,2146700
2015-08-06,125.70794677734376,169.66000366210938,176.9600067138672,168.25,176.94000244140625,3775400
2015-08-07,127.67146301269533,172.30999755859375,172.47000122070312,166.39999389648438,169.6699981689453,4156000
2015-08-10,126.40444946289062,170.60000610351562,174.69000244140625,170.4499969482422,172.89999389648438,2729600
2015-08-11,124.89285278320312,168.55999755859375,169.72999572753906,166.88999938964844,169.6699981689453,2924900
2015-08-12,126.41921997070312,170.6199951171875,171.19000244140625,164.6199951171875,167.69000244140625,4486400
2015-08-13,125.4887466430664,168.5800018310547,170.99000549316406,168.02999877929688,170.5,1897000
2015-08-14,124.84859466552734,167.72000122070312,169.6300048828125,166.66000366210938,168.08999633789062,2704500
2015-08-17,126.38945770263672,169.7899932861328,169.88999938964844,166.0,167.0500030517578,1988800
2015-08-18,124.84859466552734,167.72000122070312,170.24000549316406,167.10000610351562,170.00999450683594,2273400
2015-08-19,123.9925308227539,166.57000732421875,167.72000122070312,164.4499969482422,166.82000732421875,3139800
2015-08-20,119.95797729492188,161.14999389648438,165.5,161.02999877929688,164.3300018310547,3491800
2015-08-21,115.52140808105467,155.19000244140625,163.9199981689453,155.19000244140625,158.97000122070312,6208400
2015-08-24,109.90131378173828,147.63999938964844,154.4199981689453,140.0,145.3300018310547,8697500
2015-08-25,108.07756805419922,145.19000244140625,153.8800048828125,144.8800048828125,152.5,6701100
2015-08-26,114.6207275390625,153.97999572753906,154.11000061035156,147.1300048828125,151.22999572753906,5251300
2015-08-27,115.91596221923828,155.72000122070312,157.10000610351562,151.36000061035156,154.8800048828125,4910500
2015-08-28,116.04247283935548,155.88999938964844,158.0,153.7100067138672,156.3800048828125,4649300
2015-08-31,112.98308563232422,151.77999877929688,156.35000610351562,151.3000030517578,155.3300018310547,4354500
2015-09-01,109.7673110961914,147.4600067138672,150.99000549316406,146.9499969482422,149.22999572753906,5523000
2015-09-02,113.36270904541016,152.2899932861328,152.35000610351562,147.25,149.07000732421875,4339100
2015-09-03,111.08484649658205,149.22999572753906,154.1199951171875,148.92999267578125,152.67999267578125,2868400
2015-09-04,109.43980407714844,147.02000427246094,148.9600067138672,145.75,147.49000549316406,3362800
2015-09-08,115.05245208740234,154.55999755859375,154.66000366210938,151.0,151.60000610351562,4508400
2015-09-09,112.46195220947266,151.0800018310547,156.75999450683594,150.6199951171875,156.19000244140625,2987600
2015-09-10,113.99545288085938,153.13999938964844,154.32000732421875,150.55999755859375,150.83999633789062,3477900
2015-09-11,114.04753875732422,153.2100067138672,153.4499969482422,150.92999267578125,152.0500030517578,2422700
2015-09-14,112.40245056152344,151.0,153.88999938964844,150.0500030517578,153.88999938964844,2896200
2015-09-15,113.25100708007812,152.13999938964844,152.7899932861328,150.24000549316406,152.02000427246094,2560200
2015-09-16,112.53644561767578,151.17999267578125,152.8800048828125,148.47000122070312,151.97000122070312,4004200
2015-09-17,114.5685806274414,153.91000366210938,156.33999633789062,151.0,151.6999969482422,3519500
2015-09-18,112.09723663330078,150.58999633789062,153.3699951171875,149.02999877929688,151.1199951171875,6487300
2015-09-21,109.49185943603516,147.08999633789062,152.8000030517578,146.32000732421875,151.97000122070312,4702600
2015-09-22,108.62837982177734,145.92999267578125,146.77999877929688,142.82000732421875,145.0,4518000
2015-09-23,108.47209167480467,145.72000122070312,147.0399932861328,144.02999877929688,146.0800018310547,2785400
2015-09-24,106.82695770263672,143.50999450683594,145.6300048828125,141.36000061035156,144.72000122070312,3519200
2015-09-25,103.11994934082033,138.52999877929688,146.75,136.75999450683594,146.05999755859375,5243700
2015-09-28,98.43775177001952,132.24000549316406,138.19000244140625,130.08999633789062,137.99000549316406,7514700
2015-09-29,99.61386108398438,133.82000732421875,138.0,131.42999267578125,132.0,6251500
2015-09-30,102.96366119384766,138.32000732421875,139.25,135.86000061035156,136.66000366210938,6209500
2015-10-01,104.38540649414062,140.22999572753906,140.63999938964844,136.60000610351562,138.5500030517578,4675900
2015-10-02,106.05280303955078,142.47000122070312,142.5399932861328,135.63999938964844,138.25999450683594,4803500
2015-10-05,107.04283142089844,143.8000030517578,144.91000366210938,142.22000122070312,144.0,4367100
2015-10-06,105.12232971191406,141.22000122070312,143.3699951171875,138.05999755859375,142.1199951171875,4759700
2015-10-07,110.2064971923828,148.0500030517578,148.30999755859375,140.24000549316406,142.64999389648438,8002400
2015-10-08,111.58360290527344,149.89999389648438,150.99000549316406,145.02999877929688,147.67999267578125,6638500
2015-10-09,111.35285949707033,149.58999633789062,150.75,148.00999450683594,149.25,3080900
2015-10-12,113.91354370117188,153.02999877929688,155.1199951171875,151.6300048828125,152.77999877929688,5473000
2015-10-13,109.85662841796876,147.5800018310547,152.97999572753906,147.44000244140625,151.5399932861328,4143900
2015-10-14,110.02783966064452,147.80999755859375,150.92999267578125,147.1300048828125,148.3800048828125,3197400
2015-10-15,113.5488052368164,152.5399932861328,152.77999877929688,146.97000122070312,147.4499969482422,3269600
2015-10-16,113.60089874267578,152.61000061035156,154.1199951171875,150.5800018310547,153.19000244140625,4793100
2015-10-19,114.9854736328125,154.47000122070312,156.13999938964844,152.4600067138672,152.61000061035156,3271700
2015-10-20,111.99300384521484,150.4499969482422,155.0,149.47000122070312,154.19000244140625,3385300
2015-10-21,111.72503662109376,150.08999633789062,152.75,147.3000030517578,152.3699951171875,3832600
2015-10-22,113.37763214111328,152.30999755859375,152.94000244140625,148.57000732421875,152.10000610351562,4079800
2015-10-23,115.93830108642578,155.75,156.1999969482422,151.86000061035156,153.61000061035156,3657300
2015-10-26,118.0448760986328,158.5800018310547,159.91000366210938,154.64999389648438,156.0,4346600
2015-10-27,120.57579040527344,161.97999572753906,162.1199951171875,157.8300018310547,158.5800018310547,3877200
2015-10-28,121.08938598632812,162.6699981689453,162.8699951171875,158.72999572753906,162.72000122070312,4878900
2015-10-29,119.5336685180664,160.5800018310547,165.0,158.94000244140625,164.99000549316406,4870200
2015-10-30,117.74710083007812,158.17999267578125,162.0,158.1300048828125,161.05999755859375,4589700
2015-11-02,120.8214340209961,162.30999755859375,162.75,158.3699951171875,159.00999450683594,3222500
2015-11-03,120.93310546875,162.4600067138672,163.14999389648438,160.5,160.97000122070312,2411500
2015-11-04,120.50135803222656,161.8800048828125,163.99000549316406,160.77000427246094,162.85000610351562,3059500
2015-11-05,120.01007080078124,161.22000122070312,162.47999572753906,158.82000732421875,162.1999969482422,2202400
2015-11-06,119.4443817138672,160.4600067138672,160.8699951171875,156.83999633789062,160.8699951171875,3344000
2015-11-09,118.82649230957033,159.6300048828125,160.61000061035156,158.32000732421875,159.75,2722200
2015-11-10,117.88853454589844,158.3699951171875,161.1699981689453,158.0500030517578,160.25,2871300
2015-11-11,116.7646026611328,156.86000061035156,159.57000732421875,156.75999450683594,159.25999450683594,1920400
2015-11-12,112.95646667480467,150.97999572753906,157.6999969482422,150.82000732421875,155.94000244140625,4767200
2015-11-13,113.38286590576172,151.5500030517578,153.52000427246094,148.0,150.67999267578125,3855000
2015-11-16,115.58992767333984,154.5,154.77999877929688,151.10000610351562,152.02000427246094,2443200
2015-11-17,117.9092254638672,157.60000610351562,159.1300048828125,153.6999969482422,154.91000366210938,3644300
2015-11-18,120.3931655883789,160.9199981689453,161.1199951171875,156.35000610351562,158.11000061035156,2975800
2015-11-19,119.32323455810548,159.49000549316406,161.52000427246094,158.8300018310547,159.88999938964844,2041000
2015-11-20,119.63745880126952,159.91000366210938,161.33999633789062,159.5500030517578,160.74000549316406,2728000
2015-11-23,121.55277252197266,162.47000122070312,163.1300048828125,159.6300048828125,159.6300048828125,4168400
2015-11-24,121.78466033935548,162.77999877929688,163.33999633789062,161.0,161.00999450683594,3687000
2015-11-25,122.6600112915039,163.9499969482422,164.58999633789062,162.7100067138672,163.0500030517578,2134200
2015-11-27,122.33827209472656,163.52000427246094,165.0,163.13999938964844,164.75999450683594,1052400
2015-11-30,120.52777862548828,161.10000610351562,164.0,160.36000061035156,163.49000549316406,2982600
2015-12-01,121.1861572265625,161.97999572753906,163.42999267578125,160.52000427246094,162.7100067138672,2429000
2015-12-02,120.09386444091795,160.52000427246094,162.38999938964844,160.10000610351562,161.6199951171875,2871600
2015-12-03,115.7021484375,154.64999389648438,160.52000427246094,153.7100067138672,160.27000427246094,4468600
2015-12-04,120.774658203125,161.42999267578125,161.9499969482422,154.9499969482422,154.9600067138672,3920900
2015-12-07,118.4329071044922,158.3000030517578,162.97000122070312,157.5399932861328,162.91000366210938,3566700
2015-12-08,119.2185287475586,159.35000610351562,160.6699981689453,156.0399932861328,156.61000061035156,2249200
2015-12-09,118.12622833251952,157.88999938964844,159.80999755859375,156.1199951171875,158.35000610351562,2995600
2015-12-10,119.45791625976562,159.6699981689453,160.85000610351562,157.0,158.97000122070312,2814000
2015-12-11,116.07622528076172,155.14999389648438,158.77999877929688,154.7899932861328,157.82000732421875,3005700
2015-12-14,118.29077911376952,158.11000061035156,158.33999633789062,153.42999267578125,155.97999572753906,2780600
2015-12-15,121.6649169921875,162.6199951171875,164.4499969482422,161.55999755859375,161.64999389648438,5365600
2015-12-16,123.13130950927734,164.5800018310547,165.22999572753906,162.10000610351562,164.30999755859375,3923600
2015-12-17,120.774658203125,161.42999267578125,164.99000549316406,159.80999755859375,164.5800018310547,3699400
2015-12-18,118.80699920654295,158.8000030517578,161.82000732421875,158.6199951171875,160.5,6227000
2015-12-21,119.16607666015624,159.27999877929688,160.3800048828125,157.3800048828125,159.8800048828125,3818900
2015-12-22,121.4255142211914,162.3000030517578,163.3699951171875,160.0399932861328,160.5,3125500
2015-12-23,121.73976135253906,162.72000122070312,163.5,161.64999389648438,163.02999877929688,2202100
2015-12-24,122.36073303222656,163.5500030517578,164.36000061035156,162.22000122070312,163.6999969482422,943000
2015-12-28,120.99907684326172,161.72999572753906,163.1300048828125,160.60000610351562,162.91000366210938,1513000
2015-12-29,123.02659606933594,164.44000244140625,164.9600067138672,162.0500030517578,162.9199981689453,2171100
2015-12-30,122.16619873046876,163.2899932861328,164.75,162.91000366210938,164.6300048828125,1493000
2015-12-31,121.447998046875,162.3300018310547,164.11000061035156,162.0500030517578,162.14999389648438,1775900
2016-01-04,118.46288299560548,158.33999633789062,159.22000122070312,156.08999633789062,159.0,5083200
2016-01-05,118.33565521240234,158.1699981689453,160.2100067138672,157.25,159.0,2678900
2016-01-06,117.25083923339844,156.72000122070312,157.92999267578125,154.89999389648438,155.00999450683594,3826900
2016-01-07,114.45277404785156,152.97999572753906,156.4499969482422,152.88999938964844,153.05999755859375,4162500
2016-01-08,112.75445556640624,150.7100067138672,154.86000061035156,150.4600067138672,153.1199951171875,4179600
2016-01-11,110.4950180053711,147.69000244140625,151.58999633789062,144.1699981689453,151.3300018310547,4747400
2016-01-12,112.81427764892578,150.7899932861328,151.24000549316406,146.9199981689453,148.42999267578125,4410600
2016-01-13,108.82662200927734,145.4600067138672,152.8300018310547,145.27999877929688,151.13999938964844,3982100
2016-01-14,114.58739471435548,153.16000366210938,155.3000030517578,144.57000732421875,146.02000427246094,5649000
2016-01-15,113.1958465576172,151.3000030517578,152.3000030517578,147.69000244140625,147.69000244140625,6213000
2016-01-19,113.1958465576172,151.3000030517578,154.6199951171875,148.22999572753906,153.4499969482422,4382200
2016-01-20,115.97899627685548,155.02000427246094,156.83999633789062,148.0500030517578,149.0,7338600
2016-01-21,114.30310821533205,152.77999877929688,155.02000427246094,150.24000549316406,154.75,4674000
2016-01-22,116.7720718383789,156.0800018310547,156.9600067138672,154.24000549316406,156.4499969482422,4577300
2016-01-25,114.78945922851562,153.42999267578125,158.0,153.0,156.17999267578125,4765100
2016-01-26,115.0512924194336,153.77999877929688,155.22999572753906,151.08999633789062,152.77999877929688,3645500
2016-01-27,112.57489013671876,150.47000122070312,154.88999938964844,148.8699951171875,154.88999938964844,3752300
2016-01-28,110.98880767822266,148.35000610351562,151.7100067138672,145.4199981689453,151.10000610351562,4246500
2016-01-29,114.26570892333984,152.72999572753906,153.0,145.25,149.39999389648438,7174400
2016-02-01,114.28070068359376,152.75,153.72000122070312,149.33999633789062,151.30999755859375,4602200
2016-02-02,112.3055191040039,150.11000061035156,151.49000549316406,148.47999572753906,150.47999572753906,3881400
2016-02-03,112.73950958251952,150.69000244140625,151.17999267578125,147.07000732421875,150.5,4530600
2016-02-04,112.15592193603516,149.91000366210938,151.9600067138672,148.8000030517578,150.5,3685200
2016-02-05,108.51241302490234,145.0399932861328,149.38999938964844,143.69000244140625,148.92999267578125,6451900
2016-02-08,106.98613739013672,143.0,144.57000732421875,140.16000366210938,143.5,4627300
2016-02-09,107.1058578491211,143.16000366210938,145.6300048828125,140.82000732421875,141.02000427246094,4211100
2016-02-10,108.3403091430664,144.80999755859375,147.1300048828125,143.9600067138672,145.2100067138672,4273500
2016-02-11,106.56993865966795,141.4600067138672,143.49000549316406,140.0399932861328,140.75999450683594,4374400
2016-02-12,109.0259017944336,144.72000122070312,144.97000122070312,141.13999938964844,143.1300048828125,3218000
2016-02-16,110.85652923583984,147.14999389648438,148.05999755859375,145.67999267578125,146.88999938964844,3371300
2016-02-17,113.80968475341795,151.07000732421875,151.52000427246094,147.39999389648438,148.3000030517578,3811100
2016-02-18,112.47631072998048,149.3000030517578,152.36000061035156,149.0800018310547,150.7899932861328,2892100
2016-02-19,113.09402465820312,150.1199951171875,151.75999450683594,148.25999450683594,148.97999572753906,2796800
2016-02-22,111.91879272460938,148.55999755859375,149.77000427246094,146.94000244140625,148.72000122070312,4603300
2016-02-23,110.9394073486328,147.25999450683594,149.72000122070312,146.86000061035156,148.14999389648438,3315200
2016-02-24,110.82640838623048,147.11000061035156,147.27000427246094,143.91000366210938,145.5,3316100
2016-02-25,110.55517578125,146.75,148.38999938964844,145.25999450683594,147.36000061035156,3446800
2016-02-26,111.1955795288086,147.60000610351562,149.5,146.9499969482422,148.50999450683594,3411500
2016-02-29,107.18767547607422,142.27999877929688,147.6699981689453,142.22000122070312,146.9600067138672,5193800
2016-03-01,111.79068756103516,148.38999938964844,148.4499969482422,142.27999877929688,144.3000030517578,4477700
2016-03-02,111.11268615722656,147.49000549316406,148.6300048828125,146.2100067138672,148.0,3689900
2016-03-03,109.8696517944336,145.83999633789062,147.2899932861328,145.32000732421875,147.22000122070312,2988900
2016-03-04,109.97510528564452,145.97999572753906,147.3000030517578,144.5399932861328,147.02999877929688,3471400
2016-03-07,110.9770965576172,147.30999755859375,147.8699951171875,144.75999450683594,144.97999572753906,3278800
2016-03-08,108.95808410644533,144.6300048828125,147.0,144.32000732421875,146.88999938964844,3064100
2016-03-09,106.14802551269533,140.89999389648438,144.0800018310547,139.91000366210938,144.0,6075400
2016-03-10,106.24598693847656,141.02999877929688,143.47999572753906,139.02000427246094,142.05999755859375,4572900
2016-03-11,108.91291809082033,144.57000732421875,144.99000549316406,142.1699981689453,142.9499969482422,4861700
2016-03-14,108.9505386352539,144.6199951171875,145.30999755859375,143.19000244140625,143.86000061035156,3013800
2016-03-15,107.8883056640625,143.2100067138672,145.3000030517578,142.8000030517578,144.83999633789062,3034200
2016-03-16,108.4683609008789,143.97999572753906,147.0,141.92999267578125,143.0,6104700
2016-03-17,108.58140563964844,144.1300048828125,145.8000030517578,141.83999633789062,143.72000122070312,4899700
2016-03-18,109.62100219726562,145.50999450683594,146.39999389648438,142.50999450683594,144.97000122070312,6802600
2016-03-21,110.75103759765624,147.00999450683594,147.9499969482422,145.02000427246094,145.3000030517578,3176800
2016-03-22,113.47068786621094,150.6199951171875,150.99000549316406,146.8300018310547,147.0500030517578,4213900
2016-03-23,112.06945037841795,148.75999450683594,151.91000366210938,148.13999938964844,150.30999755859375,3107600
2016-03-24,112.4310302734375,149.24000549316406,150.9499969482422,147.60000610351562,148.75999450683594,3025800
2016-03-28,111.7756118774414,148.3699951171875,150.36000061035156,147.32000732421875,149.32000732421875,2111000
2016-03-29,112.61940002441406,149.49000549316406,149.69000244140625,146.8000030517578,148.4600067138672,2735700
2016-03-30,112.61185455322266,149.47999572753906,150.8800048828125,148.3000030517578,149.61000061035156,2324500
2016-03-31,112.95088958740234,149.92999267578125,150.9600067138672,149.1300048828125,149.3300018310547,2799600
2016-04-01,116.1375732421875,154.16000366210938,154.44000244140625,149.10000610351562,150.02000427246094,3972200
2016-04-04,116.5142593383789,154.66000366210938,155.9600067138672,153.6999969482422,154.0,2314200
2016-04-05,115.2260284423828,152.9499969482422,155.16000366210938,152.6199951171875,153.67999267578125,2604600
2016-04-06,120.28106689453124,159.66000366210938,159.85000610351562,153.52000427246094,154.24000549316406,4067000
2016-04-07,118.56333923339844,157.3800048828125,159.97999572753906,156.57000732421875,159.0500030517578,3363900
2016-04-08,117.8703384399414,156.4600067138672,159.0,155.4199981689453,158.24000549316406,2522100
2016-04-11,117.81757354736328,156.38999938964844,157.75,155.27999877929688,156.39999389648438,2732800
2016-04-12,119.48251342773438,158.60000610351562,159.1999969482422,156.11000061035156,156.13999938964844,2763400
2016-04-13,120.5823745727539,160.05999755859375,160.88999938964844,158.22999572753906,159.02000427246094,3860600
2016-04-14,120.62757873535156,160.1199951171875,160.77000427246094,159.3699951171875,159.80999755859375,2406800
2016-04-15,120.6351318359375,160.1300048828125,160.38999938964844,158.4600067138672,160.14999389648438,2824300
2016-04-18,121.81790161132812,161.6999969482422,162.10000610351562,159.39999389648438,159.49000549316406,2081100
2016-04-19,122.11927032470705,162.10000610351562,162.5,160.33999633789062,160.8000030517578,2693000
2016-04-20,122.616455078125,162.75999450683594,163.83999633789062,161.8000030517578,163.02000427246094,2374300
2016-04-21,123.81432342529295,164.35000610351562,164.5399932861328,162.02999877929688,162.44000244140625,2348400
2016-04-22,122.94039916992188,163.19000244140625,164.6999969482422,162.17999267578125,164.52000427246094,2757200
2016-04-25,123.14379119873048,163.4600067138672,163.75,162.24000549316406,163.14999389648438,1596300
2016-04-26,122.6842803955078,162.85000610351562,163.91000366210938,162.02000427246094,163.38999938964844,2156600
2016-04-27,121.29054260253906,161.0,162.89999389648438,160.5,162.72000122070312,2729500
2016-04-28,120.95904541015624,160.55999755859375,163.67999267578125,159.36000061035156,160.22000122070312,3354100
2016-04-29,119.2564468383789,158.3000030517578,161.9199981689453,156.3800048828125,159.38999938964844,5386600
2016-05-02,119.77625274658205,158.99000549316406,159.4199981689453,157.2100067138672,158.6199951171875,2433700
2016-05-03,117.78741455078124,156.35000610351562,158.4600067138672,156.0,158.3699951171875,2862900
2016-05-04,116.15261840820312,154.17999267578125,155.86000061035156,153.52999877929688,155.27999877929688,3048400
2016-05-05,116.20539093017578,154.25,156.2100067138672,153.36000061035156,154.1300048828125,2325400
2016-05-06,115.4068603515625,153.19000244140625,154.4499969482422,151.36000061035156,153.49000549316406,3004800
2016-05-09,117.07927703857422,155.41000366210938,156.0800018310547,153.02000427246094,153.6999969482422,2990100
2016-05-10,118.45790100097656,157.24000549316406,157.5,154.9499969482422,155.9499969482422,2585000
2016-05-11,116.15261840820312,154.17999267578125,158.25,154.08999633789062,157.72999572753906,2741800
2016-05-12,115.18832397460938,152.89999389648438,155.0,151.97000122070312,154.67999267578125,2981600
2016-05-13,115.52959442138672,152.35000610351562,154.0800018310547,151.22000122070312,151.22000122070312,2451200
2016-05-16,116.22720336914062,153.27000427246094,153.86000061035156,151.6999969482422,152.35000610351562,2415100
2016-05-17,113.83092498779295,150.11000061035156,152.91000366210938,149.44000244140625,152.4499969482422,4486500
2016-05-18,114.37693786621094,150.8300018310547,151.42999267578125,149.2100067138672,149.91000366210938,3234500
2016-05-19,112.73897552490234,148.6699981689453,150.22999572753906,147.1199951171875,149.4499969482422,3023600
2016-05-20,113.88406372070312,150.17999267578125,151.7100067138672,148.64999389648438,148.9199981689453,3075800
2016-05-23,113.21673583984376,149.3000030517578,150.75,149.14999389648438,150.0399932861328,1543400
2016-05-24,115.8102035522461,152.72000122070312,152.94000244140625,150.38999938964844,150.7100067138672,2581000
2016-05-25,117.9713363647461,155.57000732421875,155.83999633789062,153.14999389648438,153.5399932861328,3053100
2016-05-26,117.95623016357422,155.5500030517578,156.27999877929688,154.5500030517578,154.9199981689453,1808600
2016-05-27,118.8586196899414,156.74000549316406,156.8800048828125,155.11000061035156,156.1999969482422,1364000
2016-05-31,119.77617645263672,157.9499969482422,158.42999267578125,156.86000061035156,157.4199981689453,3204400
2016-06-01,119.85199737548828,158.0500030517578,158.83999633789062,156.6699981689453,157.61000061035156,1716400
2016-06-02,121.23210906982422,159.8699951171875,159.8699951171875,157.9499969482422,158.22999572753906,2386300
2016-06-03,120.71648406982422,159.19000244140625,159.99000549316406,156.82000732421875,159.86000061035156,2149300
2016-06-06,121.47479248046876,160.19000244140625,160.75,158.88999938964844,159.5800018310547,1897600
2016-06-07,120.48898315429688,158.88999938964844,159.63999938964844,158.27999877929688,159.1300048828125,1896700
2016-06-08,119.81407165527344,158.0,158.94000244140625,157.5399932861328,158.47999572753906,2476000
2016-06-09,118.88892364501952,156.77999877929688,158.97999572753906,156.0,157.75999450683594,2383200
2016-06-10,117.37232208251952,154.77999877929688,156.32000732421875,153.63999938964844,155.25999450683594,2626100
2016-06-13,116.08318328857422,153.0800018310547,156.1199951171875,152.99000549316406,155.05999755859375,2340300
2016-06-14,116.01494598388672,152.99000549316406,153.47999572753906,151.63999938964844,152.74000549316406,2115200
2016-06-15,115.18832397460938,151.89999389648438,154.0800018310547,151.82000732421875,153.1300048828125,2443700
2016-06-16,115.49171447753906,152.3000030517578,152.89999389648438,150.6999969482422,151.67999267578125,2321700
2016-06-17,113.4593734741211,149.6199951171875,152.75999450683594,149.5500030517578,152.61000061035156,4681500
2016-06-20,114.24046325683594,150.64999389648438,152.69000244140625,150.3699951171875,151.7899932861328,3250500
2016-06-21,113.30770874023438,149.4199981689453,151.47000122070312,148.5,151.13999938964844,2622200
2016-06-22,113.60348510742188,149.80999755859375,152.17999267578125,149.0,149.0800018310547,4470100
2016-06-23,115.46890258789062,152.27000427246094,152.39999389648438,150.6300048828125,151.2100067138672,3000400
2016-06-24,111.0555191040039,146.4499969482422,149.3000030517578,146.02999877929688,147.1999969482422,4919200
2016-06-27,109.63744354248048,144.5800018310547,147.07000732421875,143.82000732421875,146.16000366210938,4176700
2016-06-28,112.54940032958984,148.4199981689453,148.4199981689453,145.60000610351562,145.88999938964844,4348000
2016-06-29,113.8233413696289,150.10000610351562,150.75,148.6300048828125,149.11000061035156,3771100
2016-06-30,115.37792205810548,152.14999389648438,152.42999267578125,149.8300018310547,150.8300018310547,3480700
2016-07-01,116.9931182861328,154.27999877929688,154.9499969482422,152.25,152.42999267578125,2758100
2016-07-05,116.98556518554688,154.27000427246094,154.94000244140625,153.3800048828125,154.2899932861328,2349100
2016-07-06,118.33534240722656,156.0500030517578,156.82000732421875,152.9499969482422,153.44000244140625,3834000
2016-07-07,118.74488067626952,156.58999633789062,156.75999450683594,155.25,155.86000061035156,2437100
2016-07-08,122.16484832763672,161.10000610351562,161.11000061035156,156.1999969482422,157.6199951171875,3741500
2016-07-11,121.46721649169922,160.17999267578125,162.32000732421875,160.0,161.36000061035156,2464700
2016-07-12,122.81700897216795,161.9600067138672,162.27999877929688,160.50999450683594,160.6199951171875,2407200
2016-07-13,121.72504425048828,160.52000427246094,162.66000366210938,160.30999755859375,162.63999938964844,2691800
2016-07-14,123.40853118896484,162.74000549316406,162.99000549316406,160.74000549316406,162.0,2444800
2016-07-15,123.81800079345705,163.27999877929688,164.57000732421875,161.55999755859375,163.4499969482422,3179700
2016-07-18,123.55258178710938,162.92999267578125,164.0,162.7899932861328,163.82000732421875,1815600
2016-07-19,123.21891021728516,162.49000549316406,164.7100067138672,161.94000244140625,163.1999969482422,2249500
2016-07-20,123.79527282714844,163.25,163.64999389648438,161.82000732421875,162.4499969482422,2161400
2016-07-21,124.50808715820312,164.19000244140625,164.25999450683594,162.7100067138672,163.38999938964844,1971800
2016-07-22,125.63035583496094,165.6699981689453,166.3300018310547,164.0,164.77999877929688,2500400
2016-07-25,126.30525970458984,166.55999755859375,166.9499969482422,164.07000732421875,165.6999969482422,2704900
2016-07-26,127.1469955444336,167.6699981689453,168.0500030517578,165.77000427246094,165.88999938964844,2883600
2016-07-27,129.4295196533203,170.67999267578125,171.08999633789062,167.44000244140625,167.4499969482422,4200200
2016-07-28,129.884521484375,171.27999877929688,171.8000030517578,166.50999450683594,168.92999267578125,5192500
2016-07-29,130.45327758789062,172.02999877929688,172.25999450683594,170.52999877929688,171.57000732421875,3121600
2016-08-01,132.06849670410156,174.16000366210938,174.97999572753906,172.27999877929688,172.91000366210938,3571900
2016-08-02,132.0608673095703,174.14999389648438,176.5,173.1699981689453,175.0500030517578,6589000
2016-08-03,131.5149383544922,173.42999267578125,174.38999938964844,172.27999877929688,173.74000549316406,3911800
2016-08-04,130.93856811523438,172.6699981689453,173.6699981689453,172.0399932861328,173.3000030517578,2122200
2016-08-05,131.68934631347656,173.66000366210938,174.52000427246094,172.50999450683594,173.35000610351562,2228300
2016-08-08,130.68838500976562,172.33999633789062,174.16000366210938,171.8300018310547,173.30999755859375,2706500
2016-08-09,130.49118041992188,172.0800018310547,173.3000030517578,171.67999267578125,172.66000366210938,2094200
2016-08-10,129.84661865234375,171.22999572753906,172.1999969482422,170.7100067138672,171.88999938964844,2476600
2016-08-11,130.756591796875,172.42999267578125,172.77999877929688,171.0500030517578,172.24000549316406,2142800
2016-08-12,131.2040252685547,173.02000427246094,173.14999389648438,170.67999267578125,171.24000549316406,1863200
2016-08-15,133.1565704345703,174.5800018310547,174.72000122070312,171.47999572753906,171.47999572753906,2784300
2016-08-16,131.310791015625,172.16000366210938,174.91000366210938,172.07000732421875,174.5399932861328,2622800
2016-08-17,132.95062255859375,174.30999755859375,174.5,171.67999267578125,172.00999450683594,2580900
2016-08-18,133.28623962402344,174.75,176.63999938964844,173.57000732421875,174.42999267578125,3422400
2016-08-19,132.42433166503906,173.6199951171875,174.9600067138672,172.25999450683594,174.10000610351562,2696400
2016-08-22,132.98114013671875,174.35000610351562,175.17999267578125,173.22000122070312,173.74000549316406,2603700
2016-08-23,133.019287109375,174.39999389648438,175.99000549316406,173.66000366210938,174.44000244140625,2375700
2016-08-24,130.30404663085938,170.83999633789062,174.8699951171875,170.27999877929688,174.0,3055000
2016-08-25,129.83871459960938,170.22999572753906,171.4600067138672,168.75999450683594,169.9199981689453,2623800
2016-08-26,131.16587829589844,171.97000122070312,172.99000549316406,169.77000427246094,170.8000030517578,2925300
2016-08-29,130.81500244140625,171.50999450683594,172.5,171.1199951171875,172.3699951171875,2512200
2016-08-30,130.2429656982422,170.75999450683594,171.94000244140625,170.1199951171875,171.16000366210938,1803100
2016-08-31,129.70904541015625,170.05999755859375,171.38999938964844,169.82000732421875,170.72999572753906,2936400
2016-09-01,129.76246643066406,170.1300048828125,170.55999755859375,168.6199951171875,170.5500030517578,1876100
2016-09-02,129.48788452148438,169.77000427246094,171.0500030517578,168.91000366210938,170.5500030517578,2083800
2016-09-06,130.30404663085938,170.83999633789062,171.77000427246094,169.38999938964844,169.85000610351562,1919700
2016-09-07,130.143798828125,170.6300048828125,171.44000244140625,169.1999969482422,169.77999877929688,2013000
2016-09-08,130.40316772460938,170.97000122070312,171.36000061035156,169.72999572753906,170.07000732421875,2611200
2016-09-09,127.03189086914062,166.5500030517578,169.75999450683594,166.52999877929688,169.69000244140625,3131400
2016-09-12,131.21923828125,172.0399932861328,172.5800018310547,165.92999267578125,166.0800018310547,4451500
2016-09-13,129.12942504882812,169.3000030517578,171.5,167.80999755859375,171.24000549316406,3162600
2016-09-14,129.77008056640625,170.13999938964844,171.77000427246094,169.5,169.64999389648438,2799000
2016-09-15,131.67689514160156,172.63999938964844,173.38999938964844,169.47000122070312,170.0399932861328,2923900
2016-09-16,131.92098999023438,172.9600067138672,173.38999938964844,171.0500030517578,172.58999633789062,4028300
2016-09-19,130.7158966064453,171.3800048828125,173.5,171.17999267578125,173.25,2226800
2016-09-20,132.24127197265625,173.3800048828125,174.25999450683594,172.4600067138672,172.94000244140625,2607700
2016-09-21,132.5997772216797,173.85000610351562,174.25,171.61000061035156,174.24000549316406,2516400
2016-09-22,133.94981384277344,175.6199951171875,175.72999572753906,173.75,174.60000610351562,2338300
2016-09-23,133.3243865966797,174.8000030517578,176.85000610351562,174.61000061035156,176.27000427246094,2238700
2016-09-26,132.35568237304688,173.52999877929688,174.4499969482422,172.8300018310547,174.22000122070312,1798500
2016-09-27,130.90652465820312,171.6300048828125,171.97999572753906,169.5,170.24000549316406,4798900
2016-09-28,129.4420623779297,169.7100067138672,172.22000122070312,169.0500030517578,172.22000122070312,3300700
2016-09-29,126.19287109375,165.4499969482422,170.38999938964844,165.3300018310547,170.38999938964844,3804000
2016-09-30,127.2301788330078,166.80999755859375,167.72000122070312,165.27000427246094,166.3800048828125,3999600
2016-10-03,127.6344223022461,167.33999633789062,167.5800018310547,164.44000244140625,166.0500030517578,2514600
2016-10-04,127.79460906982422,167.5500030517578,168.69000244140625,167.13999938964844,167.33999633789062,2797600
2016-10-05,127.55818939208984,167.24000549316406,168.38999938964844,166.9199981689453,167.5500030517578,1953400
2016-10-06,127.29888153076172,166.89999389648438,167.7899932861328,165.7899932861328,166.3300018310547,1904100
2016-10-07,127.7564926147461,167.5,168.14999389648438,166.3000030517578,167.94000244140625,1679800
2016-10-10,128.37429809570312,168.30999755859375,168.58999633789062,167.6699981689453,168.1999969482422,1628200
2016-10-11,125.33104705810548,164.32000732421875,167.82000732421875,163.50999450683594,167.82000732421875,2761900
2016-10-12,124.99541473388672,163.8800048828125,165.58999633789062,163.61000061035156,164.32000732421875,2250600
2016-10-13,125.30811309814452,164.2899932861328,165.08999633789062,162.50999450683594,162.85000610351562,2430900
2016-10-14,123.48524475097656,161.89999389648438,165.25,161.83999633789062,165.0500030517578,2817500
2016-10-17,124.03434753417967,162.6199951171875,163.4499969482422,161.13999938964844,162.1999969482422,2348400
2016-10-18,124.17170715332033,162.8000030517578,163.86000061035156,162.75,163.74000549316406,2001800
2016-10-19,122.85978698730467,161.0800018310547,163.61000061035156,161.02000427246094,163.4199981689453,2502700
2016-10-20,123.1801300048828,161.5,163.35000610351562,161.0,161.0,2922600
2016-10-21,120.8995590209961,158.50999450683594,161.22000122070312,158.35000610351562,160.69000244140625,3541000
2016-10-24,121.09027099609376,158.75999450683594,159.6999969482422,158.24000549316406,159.36000061035156,2920200
2016-10-25,120.4343490600586,157.89999389648438,159.27000427246094,157.8000030517578,158.83999633789062,2414300
2016-10-26,121.26567840576172,158.99000549316406,160.0500030517578,158.02999877929688,158.67999267578125,2716800
2016-10-27,122.47080993652344,160.57000732421875,161.60000610351562,159.63999938964844,159.7100067138672,3366900
2016-10-28,110.7324447631836,145.17999267578125,151.75999450683594,142.63999938964844,151.69000244140625,18311600
2016-10-31,107.66627502441406,141.16000366210938,146.67999267578125,140.94000244140625,146.5500030517578,8693700
2016-11-01,107.36121368408205,140.75999450683594,142.41000366210938,139.30999755859375,141.1699981689453,5589300
2016-11-02,105.78997802734376,138.6999969482422,140.61000061035156,138.63999938964844,140.30999755859375,4622500
2016-11-03,103.13572692871094,135.22000122070312,139.77000427246094,135.0,139.6999969482422,5791200
2016-11-04,103.27300262451172,135.39999389648438,137.61000061035156,133.63999938964844,133.7100067138672,5051500
2016-11-07,106.1789779663086,139.2100067138672,140.22999572753906,137.16000366210938,137.85000610351562,5146000
2016-11-08,105.59930419921876,138.4499969482422,140.0,137.35000610351562,139.5500030517578,3668500
2016-11-09,111.67823791503906,146.4199981689453,152.85000610351562,142.75,146.75,11793400
2016-11-10,115.60629272460938,151.57000732421875,152.22999572753906,148.75999450683594,150.39999389648438,8933400
2016-11-11,113.67655181884766,149.0399932861328,150.83999633789062,146.8000030517578,150.0500030517578,5159400
2016-11-14,112.4326171875,146.4199981689453,149.14999389648438,146.00999450683594,148.47000122070312,5060000
2016-11-15,112.92403411865234,147.05999755859375,148.4600067138672,145.00999450683594,146.8699951171875,4515100
2016-11-16,113.05458068847656,147.22999572753906,148.5,146.44000244140625,147.57000732421875,4108200
2016-11-17,113.1544418334961,147.36000061035156,148.4499969482422,146.50999450683594,147.72999572753906,3957300
2016-11-18,111.51883697509766,145.22999572753906,148.35000610351562,144.89999389648438,147.0500030517578,3764600
2016-11-21,111.76456451416016,145.5500030517578,146.1699981689453,145.11000061035156,145.99000549316406,2860500
2016-11-22,110.82776641845705,144.3300018310547,146.9499969482422,142.82000732421875,146.82000732421875,3586200
2016-11-23,111.36524963378906,145.02999877929688,145.1699981689453,142.83999633789062,142.94000244140625,3216900
2016-11-25,111.6723861694336,145.42999267578125,146.0,144.75999450683594,145.22000122070312,2004000
2016-11-28,111.39595794677734,145.07000732421875,145.9199981689453,144.5,145.25,2411700
2016-11-29,112.110107421875,146.0,146.7899932861328,145.30999755859375,145.36000061035156,2939100
2016-11-30,110.62809753417967,144.07000732421875,146.32000732421875,144.07000732421875,145.6999969482422,4296900
2016-12-01,109.33808135986328,142.38999938964844,144.24000549316406,142.13999938964844,144.24000549316406,3894000
2016-12-02,110.58204650878906,144.00999450683594,144.91000366210938,141.5,142.2899932861328,3517300
2016-12-05,111.56490325927734,145.2899932861328,146.3699951171875,143.72000122070312,145.4499969482422,3855500
2016-12-06,111.42668151855467,145.11000061035156,145.99000549316406,144.27999877929688,145.8000030517578,2399000
2016-12-07,108.41661834716795,141.19000244140625,143.8800048828125,139.66000366210938,143.52000427246094,7031300
2016-12-08,107.95587158203124,140.58999633789062,141.10000610351562,138.8300018310547,140.8300018310547,4387600
2016-12-09,110.15203857421876,143.4499969482422,144.5800018310547,141.0,141.5,4637300
2016-12-12,111.9258270263672,145.75999450683594,146.0399932861328,142.7899932861328,142.9199981689453,3310100
2016-12-13,113.9299774169922,148.3699951171875,149.97000122070312,146.5500030517578,146.80999755859375,4308700
2016-12-14,114.17571258544922,148.69000244140625,149.5500030517578,147.4199981689453,148.16000366210938,3196700
2016-12-15,115.4811019897461,150.38999938964844,150.47000122070312,148.77999877929688,149.17999267578125,2950500
2016-12-16,114.69784545898438,149.3699951171875,151.2100067138672,148.80999755859375,150.9199981689453,6356800
2016-12-19,113.44621276855467,147.74000549316406,150.35000610351562,147.2100067138672,149.75,3013800
2016-12-20,113.0469207763672,147.22000122070312,147.99000549316406,146.47000122070312,146.82000732421875,2615600
2016-12-21,112.24064636230467,146.1699981689453,147.6300048828125,145.6999969482422,147.07000732421875,2491800
2016-12-22,112.38656616210938,146.36000061035156,146.61000061035156,145.1199951171875,146.30999755859375,1820500
2016-12-23,113.30034637451172,147.5500030517578,147.72999572753906,146.24000549316406,146.35000610351562,2169700
2016-12-27,113.92227172851562,148.36000061035156,150.11000061035156,147.77000427246094,147.77000427246094,1941000
2016-12-28,113.39246368408205,147.6699981689453,149.14999389648438,147.36000061035156,148.6300048828125,1804000
2016-12-29,113.47695922851562,147.77999877929688,148.69000244140625,147.3699951171875,147.3699951171875,1655500
2016-12-30,112.2713394165039,146.2100067138672,148.75,145.6199951171875,147.6300048828125,3193100
2017-01-03,115.7422103881836,150.72999572753906,151.0,147.1199951171875,147.86000061035156,3640900
2017-01-04,117.38541412353516,152.8699951171875,153.72000122070312,151.77000427246094,152.08999633789062,3945900
2017-01-05,117.46991729736328,152.97999572753906,153.39999389648438,151.50999450683594,152.72000122070312,3441700
2017-01-06,120.38782501220705,156.77999877929688,161.0,156.6699981689453,159.8800048828125,9899300
2017-01-09,121.96965026855467,158.83999633789062,158.9499969482422,156.6300048828125,157.00999450683594,4247700
2017-01-10,121.9082260131836,158.75999450683594,159.1300048828125,157.24000549316406,158.49000549316406,3324400
2017-01-11,120.26497650146484,156.6199951171875,159.16000366210938,154.5,159.16000366210938,4821300
2017-01-12,119.29747772216795,155.36000061035156,156.14999389648438,154.55999755859375,155.44000244140625,3234800
2017-01-13,119.88103485107422,156.1199951171875,157.2100067138672,154.88999938964844,155.27999877929688,2637500
2017-01-17,118.86742401123048,154.8000030517578,156.1199951171875,153.52999877929688,155.13999938964844,3404900
2017-01-18,119.6123046875,155.77000427246094,155.94000244140625,154.50999450683594,155.69000244140625,2432600
2017-01-19,118.0995864868164,153.8000030517578,155.69000244140625,153.25,155.1300048828125,2571900
2017-01-20,118.76758575439452,154.6699981689453,155.35000610351562,153.82000732421875,154.7100067138672,3067400
2017-01-23,117.27030181884766,152.72000122070312,154.5500030517578,152.39999389648438,154.2100067138672,2458200
2017-01-24,116.60223388671876,151.85000610351562,153.0,150.3800048828125,152.82000732421875,3027700
2017-01-25,118.32988739013672,154.10000610351562,154.82000732421875,151.77000427246094,152.52999877929688,3479500
2017-01-26,117.46991729736328,152.97999572753906,155.8000030517578,152.89999389648438,155.0,3366900
2017-01-27,120.67959594726562,157.16000366210938,157.5,152.75999450683594,153.22999572753906,4885200
2017-01-30,118.58330535888672,154.42999267578125,157.17999267578125,153.77000427246094,157.10000610351562,3758400
2017-01-31,120.31100463867188,156.67999267578125,156.9600067138672,153.14999389648438,153.6999969482422,3351300
2017-02-01,122.60700988769533,159.6699981689453,159.75,157.0500030517578,158.58999633789062,3924800
2017-02-02,122.53791046142578,159.5800018310547,159.94000244140625,156.91000366210938,159.72999572753906,4445400
2017-02-03,128.64251708984375,167.52999877929688,167.85000610351562,164.86000061035156,166.10000610351562,7366600
2017-02-06,127.91304779052734,166.5800018310547,166.88999938964844,165.1300048828125,166.17999267578125,4389200
2017-02-07,128.09730529785156,166.82000732421875,167.72000122070312,165.60000610351562,167.0,3584300
2017-02-08,129.09555053710938,168.1199951171875,168.35000610351562,166.32000732421875,166.5,3493400
2017-02-09,128.596435546875,167.47000122070312,167.7899932861328,165.5,165.75,4281400
2017-02-10,128.91893005371094,167.88999938964844,168.30999755859375,167.02999877929688,167.8000030517578,2931200
2017-02-13,129.63023376464844,167.66000366210938,168.25999450683594,166.67999267578125,167.72000122070312,3602800
2017-02-14,129.9318084716797,168.0500030517578,168.07000732421875,165.57000732421875,167.07000732421875,3116700
2017-02-15,132.82347106933594,171.7899932861328,172.0,167.0,167.32000732421875,4058800
2017-02-16,133.0708770751953,172.11000061035156,172.1699981689453,170.3000030517578,171.55999755859375,2660600
2017-02-17,133.98318481445312,173.2899932861328,173.36000061035156,168.88999938964844,171.35000610351562,4154900
2017-02-21,133.8672637939453,173.13999938964844,173.5,171.86000061035156,172.85000610351562,3941200
2017-02-22,133.4574432373047,172.61000061035156,174.6999969482422,171.88999938964844,172.3300018310547,2579800
2017-02-23,134.5399169921875,174.00999450683594,174.00999450683594,171.88999938964844,172.75,2190800
2017-02-24,134.9651641845703,174.55999755859375,174.72000122070312,172.47999572753906,173.2899932861328,2677300
2017-02-27,136.1790313720703,176.1300048828125,176.27000427246094,173.7100067138672,174.2100067138672,2850700
2017-02-28,136.48831176757812,176.52999877929688,178.25,175.4199981689453,175.4600067138672,3370400
2017-03-01,137.81044006347656,178.24000549316406,179.67999267578125,175.75999450683594,178.0,3532300
2017-03-02,137.67898559570312,178.07000732421875,178.86000061035156,176.82000732421875,177.72000122070312,3493000
2017-03-03,139.32583618164062,180.1999969482422,180.52999877929688,177.5500030517578,178.4600067138672,2893800
2017-03-06,138.7537078857422,179.4600067138672,180.33999633789065,178.16000366210938,179.5500030517578,3280100
2017-03-07,137.14552307128906,177.3800048828125,178.58999633789062,176.27999877929688,177.39999389648438,3328900
2017-03-08,137.4547576904297,177.77999877929688,178.75999450683594,177.13999938964844,177.25,2320800
2017-03-09,138.33616638183594,178.9199981689453,179.1199951171875,177.07000732421875,178.0500030517578,2505300
2017-03-10,140.28460693359375,181.44000244140625,181.92999267578125,179.11000061035156,179.47000122070312,4589000
2017-03-13,139.9830780029297,181.0500030517578,182.0,180.32000732421875,181.92999267578125,2531000
2017-03-14,139.2639617919922,180.1199951171875,181.5599975585937,179.6300048828125,180.4199981689453,2746300
2017-03-15,141.18150329589844,182.6000061035156,184.2100067138672,180.3099975585937,180.3099975585937,4197300
2017-03-16,139.25625610351562,180.11000061035156,181.83999633789065,178.02000427246094,181.6000061035156,6014400
2017-03-17,130.36480712890625,168.61000061035156,171.58999633789062,165.9499969482422,167.3699951171875,23936800
2017-03-20,130.85189819335938,169.24000549316406,169.7100067138672,167.75999450683594,169.6300048828125,5831500
2017-03-21,129.00399780273438,166.85000610351562,170.2100067138672,166.49000549316406,170.0500030517578,4922700
2017-03-22,129.46791076660156,167.4499969482422,167.97999572753906,166.58999633789062,167.92999267578125,5070400
2017-03-23,128.37771606445312,166.0399932861328,168.02000427246094,165.57000732421875,167.47999572753906,4432200
2017-03-24,128.14578247070312,165.74000549316406,166.92999267578125,165.0800018310547,166.69000244140625,3175600
2017-03-27,127.50404357910156,164.91000366210938,166.61000061035156,163.0,164.77000427246094,4734000
2017-03-28,127.34941864013672,164.7100067138672,166.25999450683594,163.72999572753906,164.11000061035156,6526400
2017-03-29,126.07369995117188,163.05999755859375,165.22000122070312,162.94000244140625,164.47000122070312,4070800
2017-03-30,127.0942611694336,164.3800048828125,164.8000030517578,163.2100067138672,164.07000732421875,2262300
2017-03-31,126.85458374023438,164.07000732421875,165.47999572753906,163.85000610351562,164.32000732421875,2811800
2017-04-03,126.71538543701172,163.88999938964844,165.02000427246094,163.52000427246094,164.6300048828125,3047800
2017-04-04,127.07880401611328,164.36000061035156,164.49000549316406,163.1199951171875,163.77999877929688,2239400
2017-04-05,125.439697265625,162.24000549316406,164.75999450683594,161.67999267578125,163.27000427246094,3542300
2017-04-06,125.44743347167967,162.25,163.4499969482422,161.61000061035156,162.1999969482422,3024200
2017-04-07,126.32105255126952,163.3800048828125,164.24000549316406,162.25,162.91000366210938,2204400
2017-04-10,125.86490631103516,162.7899932861328,164.24000549316406,162.6199951171875,163.85000610351562,1772000
2017-04-11,126.1123504638672,163.11000061035156,163.39999389648438,161.55999755859375,162.88999938964844,1990300
2017-04-12,126.06599426269533,163.0500030517578,164.10000610351562,162.16000366210938,164.0800018310547,2248600
2017-04-13,124.95256042480467,161.61000061035156,163.6300048828125,161.3300018310547,163.27999877929688,2568800
2017-04-17,125.33914184570312,162.11000061035156,162.52000427246094,161.25999450683594,161.33999633789062,2364900
2017-04-18,124.67420959472656,161.25,161.92999267578125,160.27999877929688,161.92999267578125,2532100
2017-04-19,124.6819305419922,161.25999450683594,162.63999938964844,161.1300048828125,162.10000610351562,2344100
2017-04-20,125.2850341796875,162.0399932861328,162.77000427246094,161.00999450683594,161.0500030517578,2070200
2017-04-21,124.02471923828124,160.41000366210938,162.72999572753906,160.25,162.14999389648438,2906900
2017-04-24,126.13552856445312,163.13999938964844,163.60000610351562,161.89999389648438,162.5,3498400
2017-04-25,127.3416748046875,164.6999969482422,165.3000030517578,163.39999389648438,163.52000427246094,3529400
2017-04-26,127.27204895019533,164.61000061035156,165.61000061035156,164.33999633789062,165.61000061035156,4175500
2017-04-27,125.810791015625,162.72000122070312,163.42999267578125,160.0,160.1300048828125,5699200
2017-04-28,126.2746810913086,163.32000732421875,163.47999572753906,161.52999877929688,162.38999938964844,2942200
2017-05-01,125.71803283691406,162.60000610351562,164.44000244140625,162.4499969482422,163.67999267578125,2522000
2017-05-02,126.40617370605467,163.49000549316406,163.94000244140625,162.41000366210938,163.91000366210938,3737800
2017-05-03,126.65352630615234,163.80999755859375,164.0800018310547,163.0,163.82000732421875,2855100
2017-05-04,127.02467346191406,164.2899932861328,164.82000732421875,163.52000427246094,164.1699981689453,2543400
2017-05-05,126.65352630615234,163.80999755859375,164.80999755859375,162.4199981689453,164.80999755859375,2970400
2017-05-08,126.05046081542967,163.02999877929688,163.80999755859375,162.47000122070312,163.72999572753906,2291900
2017-05-09,126.1974105834961,163.22000122070312,164.0800018310547,162.8300018310547,163.1699981689453,2305500
2017-05-10,124.10211181640624,160.50999450683594,163.47999572753906,159.6999969482422,163.25,5201000
2017-05-11,123.76959228515624,160.0800018310547,160.52000427246094,158.2899932861328,159.86000061035156,3510200
2017-05-12,123.87785339355467,160.22000122070312,160.6199951171875,159.4600067138672,160.49000549316406,2706000
2017-05-15,124.57875061035156,159.97000122070312,160.14999389648438,158.7100067138672,158.8800048828125,3318700
2017-05-16,124.5943603515625,159.99000549316406,160.49000549316406,159.4600067138672,159.77000427246094,2281200
2017-05-17,122.31253051757812,157.05999755859375,159.2899932861328,156.92999267578125,158.77000427246094,3073200
2017-05-18,123.01345825195312,157.9600067138672,158.7899932861328,156.2899932861328,157.3699951171875,2163300
2017-05-19,121.88419342041016,156.50999450683594,158.5800018310547,156.35000610351562,157.58999633789062,2577300
2017-05-22,119.16633605957033,153.02000427246094,154.60000610351562,152.4499969482422,153.58999633789062,6911700
2017-05-23,119.98407745361328,154.07000732421875,154.57000732421875,152.16000366210938,152.64999389648438,3582000
2017-05-24,120.39683532714844,154.60000610351562,154.99000549316406,153.7899932861328,154.77000427246094,2667500
2017-05-25,121.04310607910156,155.42999267578125,156.0399932861328,154.6199951171875,155.19000244140625,2965800
2017-05-26,120.71612548828124,155.00999450683594,156.1300048828125,154.7899932861328,155.60000610351562,2731600
2017-05-30,119.81270599365234,153.85000610351562,155.3699951171875,153.55999755859375,155.00999450683594,2716700
2017-05-31,120.89518737792967,155.24000549316406,155.3699951171875,153.6699981689453,153.6699981689453,3891300
2017-06-01,121.6739501953125,156.24000549316406,156.77000427246094,155.24000549316406,155.39999389648438,3005300
2017-06-02,123.94015502929688,159.14999389648438,159.6199951171875,157.0,157.27000427246094,3320800
2017-06-05,124.77342987060548,160.22000122070312,161.1199951171875,158.27000427246094,160.2899932861328,4611100
2017-06-06,124.23609924316406,159.52999877929688,160.9199981689453,159.24000549316406,160.1300048828125,3002500
2017-06-07,125.8948745727539,161.66000366210938,162.0500030517578,159.75,159.82000732421875,3571500
2017-06-08,126.66577911376952,162.64999389648438,163.1699981689453,161.41000366210938,161.97999572753906,3555100
2017-06-09,127.76387786865234,164.05999755859375,166.13999938964844,162.6300048828125,162.75,4086800
2017-06-12,128.40248107910156,164.8800048828125,167.22999572753906,163.27999877929688,165.0,4344500
2017-06-13,128.05201721191406,164.42999267578125,165.08999633789062,163.77000427246094,164.47000122070312,2568200
2017-06-14,128.57382202148438,165.10000610351562,165.8800048828125,163.97000122070312,164.36000061035156,2594800
2017-06-15,127.8028335571289,164.11000061035156,164.89999389648438,162.5500030517578,164.24000549316406,3585000
2017-06-16,126.48668670654295,162.4199981689453,164.10000610351562,161.1300048828125,163.83999633789062,5887200
2017-06-19,128.56600952148438,165.08999633789062,165.22000122070312,162.69000244140625,163.10000610351562,3043900
2017-06-20,129.50051879882812,166.2899932861328,168.6999969482422,164.7899932861328,165.42999267578125,3857900
2017-06-21,133.44110107421875,171.35000610351562,171.75999450683594,166.36000061035156,167.1999969482422,5490800
2017-06-22,135.36459350585938,173.82000732421875,175.4499969482422,172.10000610351562,172.44000244140625,5745800
2017-06-23,134.336669921875,172.5,174.1300048828125,170.9600067138672,173.24000549316406,14368500
2017-06-26,135.24778747558594,173.6699981689453,174.72000122070312,172.41000366210938,173.38999938964844,3037600
2017-06-27,133.05169677734375,170.85000610351562,173.9199981689453,170.77000427246094,173.02000427246094,2941500
2017-06-28,135.55931091308594,174.07000732421875,174.5399932861328,170.8300018310547,171.4199981689453,2890500
2017-06-29,134.40675354003906,172.58999633789062,174.72000122070312,171.02000427246094,174.49000549316406,2491800
2017-06-30,134.12637329101562,172.22999572753906,174.25,172.00999450683594,173.61000061035156,2695500
2017-07-03,134.5703125,172.8000030517578,174.3300018310547,172.6300048828125,172.6300048828125,1395100
2017-07-05,135.707275390625,174.25999450683594,174.3800048828125,171.9199981689453,172.6699981689453,2830000
2017-07-06,133.7292022705078,171.72000122070312,173.61000061035156,171.30999755859375,173.10000610351562,2566400
2017-07-07,133.5033721923828,171.42999267578125,172.02999877929688,170.58999633789062,171.63999938964844,2612900
2017-07-10,134.10299682617188,172.1999969482422,172.5500030517578,171.0,171.58999633789062,2070600
2017-07-11,134.97525024414062,173.32000732421875,174.44000244140625,172.07000732421875,174.17999267578125,2198000
2017-07-12,134.93630981445312,173.27000427246094,174.24000549316406,172.6699981689453,173.7100067138672,1976900
2017-07-13,136.314697265625,175.0399932861328,176.1999969482422,173.08999633789062,173.27999877929688,2999900
2017-07-14,137.9423370361328,177.1300048828125,177.67999267578125,174.41000366210938,175.42999267578125,2720600
2017-07-17,138.15257263183594,177.39999389648438,178.89999389648438,176.67999267578125,176.83999633789062,2692400
2017-07-18,138.2149658203125,177.47999572753906,177.6300048828125,176.13999938964844,176.66000366210938,1820100
2017-07-19,139.53878784179688,179.17999267578125,179.1999969482422,176.52000427246094,178.10000610351562,2440700
2017-07-20,139.6478271484375,179.32000732421875,180.72999572753903,178.8800048828125,179.0500030517578,3039300
2017-07-21,140.34092712402344,180.2100067138672,180.5500030517578,179.16000366210938,179.25999450683594,2674700
2017-07-24,141.0028533935547,181.0599975585937,181.4600067138672,178.66000366210938,180.19000244140625,2503100
2017-07-25,140.87046813964844,180.88999938964844,182.6000061035156,180.33999633789065,182.0500030517578,3343200
2017-07-26,136.97665405273438,175.88999938964844,178.86000061035156,175.1999969482422,176.00999450683594,5446100
2017-07-27,134.06405639648438,172.14999389648438,175.47999572753906,170.52999877929688,175.0,5523200
2017-07-28,135.92535400390625,174.5399932861328,175.05999755859375,171.7100067138672,171.97999572753906,2463500
2017-07-31,135.90196228027344,174.50999450683594,176.7899932861328,174.25,174.50999450683594,2424800
2017-08-01,135.60601806640625,174.1300048828125,175.11000061035156,173.66000366210938,174.80999755859375,2069600
2017-08-02,135.86306762695312,174.4600067138672,174.58999633789062,173.2100067138672,173.57000732421875,2209200
2017-08-03,135.6449432373047,174.17999267578125,174.7100067138672,173.25999450683594,173.52000427246094,1725900
2017-08-04,135.38796997070312,173.85000610351562,174.82000732421875,172.89999389648438,174.27000427246094,1915600
2017-08-07,135.95652770996094,174.5800018310547,174.64999389648438,173.25999450683594,173.8699951171875,1193800
2017-08-08,135.26336669921875,173.69000244140625,174.89999389648438,172.97999572753906,173.9600067138672,2325200
2017-08-09,135.15438842773438,173.5500030517578,174.17999267578125,172.64999389648438,173.10000610351562,1972200
2017-08-10,131.69664001464844,169.11000061035156,172.6699981689453,168.58999633789062,172.07000732421875,3443800
2017-08-11,131.94589233398438,169.42999267578125,170.6300048828125,168.75999450683594,169.82000732421875,1571600
2017-08-14,133.6902313232422,171.6699981689453,172.0800018310547,169.97000122070312,170.27999877929688,1915800
2017-08-15,133.31390380859375,170.0399932861328,171.4499969482422,169.75999450683594,171.10000610351562,1956300
2017-08-16,134.3723907470703,171.38999938964844,172.63999938964844,170.13999938964844,170.25999450683594,1618800
2017-08-17,131.5655975341797,167.80999755859375,171.0,167.8000030517578,170.69000244140625,2630600
2017-08-18,131.1579132080078,167.2899932861328,168.42999267578125,166.52000427246094,167.3699951171875,1741900
2017-08-21,131.83998107910156,168.16000366210938,168.63999938964844,167.00999450683594,167.4600067138672,1533300
2017-08-22,133.33746337890625,170.07000732421875,170.94000244140625,168.8300018310547,168.86000061035156,1933500
2017-08-23,132.49859619140625,169.0,169.94000244140625,168.75999450683594,169.66000366210938,1279400
2017-08-24,133.24342346191406,169.9499969482422,170.69000244140625,168.57000732421875,169.27999877929688,1922400
2017-08-25,133.07876586914062,169.74000549316406,171.57000732421875,169.39999389648438,170.82000732421875,1510800
2017-08-28,134.6781463623047,171.77999877929688,172.63999938964844,170.25999450683594,170.86000061035156,2359500
2017-08-29,135.03091430664062,172.22999572753906,172.35000610351562,170.35000610351562,170.66000366210938,1483000
2017-08-30,136.1442108154297,173.64999389648438,175.0800018310547,171.5399932861328,172.19000244140625,2310900
2017-08-31,139.37437438964844,177.77000427246094,178.63999938964844,173.74000549316406,173.74000549316406,3977500
2017-09-01,140.1113739013672,178.7100067138672,179.72999572753906,177.3000030517578,178.13999938964844,2431900
2017-09-05,138.56687927246094,176.74000549316406,178.5,175.36000061035156,178.0,1959900
2017-09-06,139.8526611328125,178.3800048828125,179.0800018310547,176.36000061035156,177.58999633789062,2242300
2017-09-07,141.6793670654297,180.7100067138672,182.7700042724609,177.27999877929688,178.5,2985300
2017-09-08,141.62448120117188,180.63999938964844,182.66000366210932,179.52000427246094,180.92999267578125,1993900
2017-09-11,146.21099853515625,186.4900054931641,186.7100067138672,182.5399932861328,182.5399932861328,3791200
2017-09-12,149.74691772460938,191.0,191.0399932861328,186.77999877929688,187.0,3894300
2017-09-13,148.72769165039062,189.6999969482422,190.94000244140625,187.7100067138672,189.8999938964844,3031400
2017-09-14,148.52383422851562,189.44000244140625,191.1000061035156,187.8099975585937,188.3699951171875,2318400
2017-09-15,146.97930908203125,187.47000122070312,189.66000366210932,186.3099975585937,189.66000366210932,5349000
2017-09-18,146.19532775878906,186.47000122070312,188.5599975585937,186.1199951171875,187.7899932861328,2443800
2017-09-19,146.07774353027344,186.32000732421875,187.44000244140625,185.8099975585937,186.8099975585937,2066100
2017-09-20,147.52809143066406,188.1699981689453,188.5500030517578,185.4199981689453,186.0800018310547,2685400
2017-09-21,146.32862854003906,186.63999938964844,188.9600067138672,186.5,188.32000732421875,2082200
2017-09-22,145.638671875,185.759994506836,186.82000732421875,184.0,185.47999572753903,2275600
2017-09-25,146.05422973632812,186.2899932861328,188.02999877929688,185.509994506836,185.509994506836,2545400
2017-09-26,145.51319885253906,185.6000061035156,187.5500030517578,185.3999938964844,186.509994506836,2307900
2017-09-27,144.94874572753906,184.8800048828125,186.8800048828125,183.8999938964844,185.0500030517578,2436700
2017-09-28,145.4034881591797,185.4600067138672,187.82000732421875,184.1300048828125,184.2899932861328,2576900
2017-09-29,146.1796112060547,186.4499969482422,186.5399932861328,183.1699981689453,185.6999969482422,3017300
2017-10-02,146.744140625,187.1699981689453,187.72999572753903,185.5599975585937,187.02999877929688,2682700
2017-10-03,146.79116821289062,187.22999572753903,188.22000122070312,185.6300048828125,188.0500030517578,1514200
2017-10-04,147.8574676513672,188.58999633789065,188.72000122070312,186.0200042724609,186.5500030517578,1660300
2017-10-05,146.4932403564453,186.8500061035156,190.0,184.3099975585937,189.0500030517578,4506600
2017-10-06,145.6857147216797,185.82000732421875,188.2400054931641,185.16000366210932,186.4600067138672,2032500
2017-10-09,145.4034881591797,185.4600067138672,186.83999633789065,184.3999938964844,185.9499969482422,1519600
2017-10-10,145.66217041015625,185.7899932861328,186.5800018310547,184.4600067138672,185.4600067138672,2036400
2017-10-11,144.3764190673828,184.1499938964844,185.5,182.67999267578125,185.27999877929688,3273200
2017-10-12,143.28660583496094,182.759994506836,184.38999938964844,182.0399932861328,183.38999938964844,2223800
2017-10-13,143.48263549804688,183.009994506836,183.3500061035156,182.009994506836,182.63999938964844,2331500
2017-10-16,142.61231994628906,181.8999938964844,184.1999969482422,181.1999969482422,182.9600067138672,2211500
2017-10-17,145.97576904296875,186.19000244140625,187.0599975585937,181.1300048828125,182.02999877929688,3753700
2017-10-18,146.04635620117188,186.27999877929688,188.83999633789065,185.8300018310547,187.8500061035156,2580200
2017-10-19,144.35287475585938,184.1199951171875,186.97999572753903,183.25,185.9900054931641,2563600
2017-10-20,143.4434051513672,182.9600067138672,184.82000732421875,181.2899932861328,184.08999633789065,3179200
2017-10-23,141.53826904296875,180.52999877929688,183.6199951171875,180.3699951171875,183.25,2571200
2017-10-24,141.412841796875,180.3699951171875,181.5399932861328,177.22999572753906,181.259994506836,3449800
2017-10-25,139.1627197265625,177.5,180.0399932861328,176.55999755859375,179.10000610351562,4052500
2017-10-26,138.39439392089844,176.52000427246094,177.44000244140625,169.67999267578125,170.8699951171875,5998500
2017-10-27,137.4221649169922,175.27999877929688,176.42999267578125,173.2899932861328,175.35000610351562,3478600
2017-10-30,136.88121032714844,174.58999633789062,176.8000030517578,173.5800018310547,175.5,2550800
2017-10-31,137.3751220703125,175.22000122070312,176.19000244140625,174.14999389648438,174.14999389648438,2906600
2017-11-01,137.5319366455078,175.4199981689453,177.30999755859375,174.72000122070312,175.3000030517578,2734900
2017-11-02,135.1720733642578,172.41000366210938,175.3800048828125,171.25999450683594,174.77000427246094,4029300
2017-11-03,135.9796142578125,173.44000244140625,174.02999877929688,171.60000610351562,172.10000610351562,2433100
2017-11-06,133.90980529785156,170.8000030517578,173.3300018310547,170.69000244140625,172.86000061035156,2692000
2017-11-07,136.0109405517578,173.47999572753906,174.75,170.61000061035156,170.61000061035156,3097100
2017-11-08,136.08932495117188,173.5800018310547,174.64999389648438,173.17999267578125,174.0,2003400
2017-11-09,136.4186248779297,174.0,174.22999572753906,171.30999755859375,172.75,2005100
2017-11-10,135.12503051757812,172.35000610351562,173.47999572753906,171.19000244140625,173.14999389648438,1927400
2017-11-13,134.45860290527344,171.5,172.94000244140625,171.10000610351562,171.5800018310547,2119800
2017-11-14,133.38449096679688,170.1300048828125,171.49000549316406,168.30999755859375,170.88999938964844,2604700
2017-11-15,132.79652404785156,169.3800048828125,170.52000427246094,168.3300018310547,170.19000244140625,3150600
2017-11-16,134.80149841308594,170.77000427246094,171.14999389648438,168.75,168.91000366210938,3131000
2017-11-17,134.19371032714844,170.0,171.08999633789062,169.5399932861328,170.6699981689453,2039700
2017-11-20,133.2384796142578,168.7899932861328,170.22000122070312,168.14999389648438,169.89999389648438,2012300
2017-11-21,134.06736755371094,169.83999633789062,170.49000549316406,168.88999938964844,169.35000610351562,2629600
2017-11-22,134.16212463378906,169.9600067138672,170.72999572753906,169.3300018310547,169.86000061035156,1533000
2017-11-24,134.2884063720703,170.1199951171875,170.75999450683594,169.49000549316406,169.5,999800
2017-11-27,133.9647674560547,169.7100067138672,171.25999450683594,169.55999755859375,170.55999755859375,2150100
2017-11-28,134.39891052246094,170.25999450683594,170.66000366210938,169.42999267578125,170.57000732421875,2658700
2017-11-29,135.95399475097656,172.22999572753906,174.0,170.58999633789062,171.0,3244500
2017-11-30,138.66152954101562,175.66000366210938,176.05999755859375,172.6300048828125,172.6300048828125,3819400
2017-12-01,139.877197265625,177.1999969482422,177.86000061035156,174.0500030517578,174.16000366210938,3389900
2017-12-04,141.0533447265625,178.69000244140625,180.7400054931641,178.16000366210938,178.4600067138672,4417100
2017-12-05,141.0375518798828,178.6699981689453,180.72999572753903,177.94000244140625,179.00999450683594,3589400
2017-12-06,139.1035614013672,176.22000122070312,179.47999572753906,174.67999267578125,179.4499969482422,2519700
2017-12-07,137.31959533691406,173.9600067138672,176.94000244140625,173.42999267578125,175.67999267578125,3102100
2017-12-08,138.46421813964844,175.41000366210938,175.97000122070312,173.42999267578125,174.42999267578125,3336300
2017-12-11,139.58514404296875,176.8300018310547,177.69000244140625,175.00999450683594,176.08999633789062,1874000
2017-12-12,139.1352081298828,176.25999450683594,176.99000549316406,174.1300048828125,176.8300018310547,2193700
2017-12-13,140.019287109375,177.3800048828125,178.22000122070312,175.97000122070312,176.8699951171875,3166900
2017-12-14,138.07745361328125,174.9199981689453,177.97000122070312,174.5500030517578,177.44000244140625,2723600
2017-12-15,139.75088500976562,177.0399932861328,177.41000366210938,174.13999938964844,176.38999938964844,5796800
2017-12-18,139.04046630859375,176.13999938964844,178.6300048828125,176.02999877929688,177.86000061035156,2799200
2017-12-19,139.61668395996094,176.8699951171875,177.27999877929688,175.41000366210938,176.1199951171875,2705000
2017-12-20,139.80615234375,177.11000061035156,179.1699981689453,177.0399932861328,177.60000610351562,3246100
2017-12-21,139.46670532226562,176.67999267578125,178.22999572753906,176.4600067138672,177.57000732421875,2106400
2017-12-22,139.26148986816406,176.4199981689453,177.49000549316406,175.77000427246094,176.6199951171875,1477900
2017-12-26,139.0009765625,176.08999633789062,176.9199981689453,175.5,176.17999267578125,1339200
2017-12-27,139.095703125,176.2100067138672,177.27999877929688,176.08999633789062,176.44000244140625,1403900
2017-12-28,138.33787536621094,175.25,177.0,175.05999755859375,176.77000427246094,1637700
2017-12-29,137.27223205566406,173.89999389648438,176.05999755859375,173.75999450683594,175.25,1948600
2018-01-02,139.71926879882812,177.0,177.82000732421875,174.4199981689453,175.35000610351562,2301100
2018-01-03,142.35581970214844,180.33999633789065,181.44000244140625,175.75999450683594,176.91000366210938,3084000
2018-01-04,141.7559051513672,179.5800018310547,180.8600006103516,178.75,180.6300048828125,2021100
2018-01-05,142.6005401611328,180.6499938964844,180.8800048828125,179.02999877929688,180.83999633789065,2211400
2018-01-08,142.56109619140625,180.6000061035156,181.25,178.42999267578125,180.47999572753903,2356200
2018-01-09,144.7554931640625,183.3800048828125,184.52999877929688,180.1199951171875,180.52999877929688,3031700
2018-01-10,144.34503173828125,182.8600006103516,183.6999969482422,180.3699951171875,182.66000366210932,2542700
2018-01-11,143.63458251953125,181.9600067138672,182.8600006103516,181.1000061035156,182.8600006103516,2101300
2018-01-12,146.06588745117188,185.0399932861328,185.6100006103516,181.75,182.33999633789065,3111400
2018-01-16,146.4605255126953,185.5399932861328,187.4499969482422,184.1699981689453,185.6199951171875,3374600
2018-01-17,148.41030883789062,188.009994506836,189.3000030517578,185.8999938964844,187.6999969482422,4018200
2018-01-18,148.0787811279297,187.58999633789065,188.5599975585937,185.5,187.4499969482422,3084900
2018-01-19,149.41282653808594,189.27999877929688,189.72000122070312,187.6000061035156,188.3600006103516,3652300
2018-01-22,151.82041931152344,192.3300018310547,192.57000732421875,189.42999267578125,189.72999572753903,3579800
2018-01-23,151.55201721191406,191.9900054931641,196.02999877929688,191.6000061035156,193.0,3486700
2018-01-24,150.47850036621094,190.6300048828125,192.94000244140625,189.509994506836,192.75,2765700
2018-01-25,150.04432678222656,190.0800018310547,191.8000030517578,188.8999938964844,191.3999938964844,2470300
2018-01-26,154.7252960205078,196.009994506836,196.8000030517578,190.9900054931641,191.0500030517578,3920300
2018-01-29,156.29617309570312,198.0,201.22999572753903,195.6499938964844,196.2100067138672,4565700
2018-01-30,150.9836883544922,191.2700042724609,196.47000122070312,190.5500030517578,196.17999267578125,3990800
2018-01-31,146.8631591796875,186.0500030517578,192.2700042724609,184.6499938964844,191.63999938964844,4677700
2018-02-01,146.47634887695312,185.5599975585937,186.8300018310547,182.3300018310547,185.0,4078100
2018-02-02,147.62094116210938,187.009994506836,192.6000061035156,183.009994506836,183.4600067138672,7029400
2018-02-05,137.94322204589844,174.75,188.6000061035156,174.6199951171875,186.82000732421875,6922800
2018-02-06,139.44302368164062,176.64999389648438,180.27999877929688,172.0399932861328,177.99000549316406,7527700
2018-02-07,140.09033203125,177.47000122070312,180.9900054931641,176.0,176.25,5715700
2018-02-08,136.65652465820312,173.1199951171875,180.4199981689453,173.0,177.92999267578125,6026800
2018-02-09,136.92495727539062,173.4600067138672,175.4600067138672,168.25,174.1300048828125,6093900
2018-02-12,138.0379180908203,174.8699951171875,176.6699981689453,173.0,174.3000030517578,4324800
2018-02-13,138.882568359375,175.94000244140625,176.6999969482422,172.4600067138672,173.8699951171875,3834700
2018-02-14,142.77975463867188,179.52000427246094,180.3099975585937,174.05999755859375,174.0800018310547,5958700
2018-02-15,146.02476501464844,183.6000061035156,185.0,179.89999389648438,180.0,4493400
2018-02-16,145.98495483398438,183.5500030517578,186.1199951171875,182.67999267578125,183.8000030517578,4365800
2018-02-20,145.53160095214844,182.97999572753903,184.3099975585937,182.13999938964844,182.88999938964844,4078400
2018-02-21,145.09420776367188,182.42999267578125,185.5,182.3999938964844,183.19000244140625,4054600
2018-02-22,145.11012268066406,182.4499969482422,185.16000366210932,182.009994506836,182.509994506836,3868200
2018-02-23,148.46646118164062,186.6699981689453,186.7899932861328,182.7700042724609,183.6300048828125,4163400
2018-02-26,149.92193603515625,188.5,190.3699951171875,187.02999877929688,187.4600067138672,4943600
2018-02-27,147.7665252685547,185.7899932861328,190.1000061035156,185.5500030517578,188.8300018310547,5016100
2018-02-28,146.15992736816406,183.7700042724609,187.38999938964844,183.69000244140625,185.8800048828125,4544000
2018-03-01,145.7781524658203,183.2899932861328,185.57000732421875,180.3800048828125,184.2100067138672,11757800
2018-03-02,147.2018585205078,185.0800018310547,185.8000030517578,181.0500030517578,181.0599975585937,19115500
2018-03-05,151.21832275390625,190.1300048828125,190.69000244140625,185.0,185.0500030517578,15187800
2018-03-06,151.393310546875,190.3500061035156,191.63999938964844,186.92999267578125,188.1999969482422,18446500
2018-03-07,149.1504364013672,187.52999877929688,190.22000122070312,186.41000366210932,189.72999572753903,7009900
2018-03-08,148.85618591308594,187.16000366210932,188.3999938964844,185.509994506836,187.8999938964844,9192600
2018-03-09,151.98977661132812,191.1000061035156,191.3800048828125,186.32000732421875,188.0,5674100
2018-03-12,150.5582275390625,189.3000030517578,190.38999938964844,188.32000732421875,189.5,6972400
2018-03-13,150.91610717773438,189.75,190.8300018310547,188.6300048828125,189.6000061035156,4712900
2018-03-14,151.56826782226562,190.57000732421875,192.6199951171875,189.8000030517578,191.17999267578125,3613300
2018-03-15,150.91610717773438,189.75,190.8800048828125,187.91000366210932,190.0500030517578,3320500
2018-03-16,149.7151641845703,188.2400054931641,190.25,187.22999572753903,189.75,16878400
2018-03-19,145.1896514892578,182.5500030517578,187.92999267578125,180.6699981689453,187.2899932861328,3970400
2018-03-20,144.77606201171875,182.02999877929688,184.0200042724609,181.1699981689453,183.0599975585937,2582200
2018-03-21,144.4261016845703,181.58999633789065,184.0399932861328,181.3999938964844,181.42999267578125,2531100
2018-03-22,140.04379272460938,176.0800018310547,180.75,176.0,179.9199981689453,3553000
2018-03-23,134.75477600097656,169.42999267578125,179.17999267578125,169.35000610351562,176.57000732421875,4529600
2018-03-26,139.3359375,175.19000244140625,175.8699951171875,170.11000061035156,172.77999877929688,4217100
2018-03-27,136.12277221679688,171.14999389648438,176.36000061035156,169.82000732421875,176.16000366210938,3963100
2018-03-28,135.57395935058594,170.4600067138672,172.5,168.02000427246094,171.35000610351562,4545900
2018-03-29,135.58987426757812,170.47999572753906,172.24000549316406,169.63999938964844,170.99000549316406,3769800
2018-04-02,132.06651306152344,166.0500030517578,170.5800018310547,163.30999755859375,169.9199981689453,4759800
2018-04-03,133.79241943359375,168.22000122070312,169.22000122070312,165.0800018310547,166.97000122070312,3374000
2018-04-04,138.0076904296875,173.52000427246094,174.27000427246094,165.8800048828125,166.1699981689453,3796700
2018-04-05,136.7987518310547,172.0,174.42999267578125,170.99000549316406,174.0,2766600
2018-04-06,133.72874450683594,168.13999938964844,171.72000122070312,166.1999969482422,170.86000061035156,3747800
2018-04-09,134.90585327148438,169.6199951171875,172.9499969482422,167.99000549316406,169.1999969482422,3856800
2018-04-10,137.69752502441406,173.1300048828125,173.8800048828125,170.11000061035156,170.88999938964844,2872300
2018-04-11,137.1248779296875,172.41000366210938,174.07000732421875,171.60000610351562,171.8000030517578,2575900
2018-04-12,136.01937866210938,171.02000427246094,174.11000061035156,170.9600067138672,172.67999267578125,3471400
2018-04-13,136.38522338867188,171.47999572753906,172.42999267578125,170.7899932861328,172.11000061035156,2656400
2018-04-16,136.3057098388672,171.3800048828125,173.1300048828125,171.07000732421875,172.75,2656400
2018-04-17,139.08935546875,174.8800048828125,175.6300048828125,171.5800018310547,173.0,3283900
2018-04-18,139.2722930908203,175.11000061035156,176.16000366210938,174.44000244140625,174.61000061035156,2205600
2018-04-19,137.5384521484375,172.92999267578125,175.39999389648438,171.7899932861328,174.47000122070312,2269400
2018-04-20,136.4488067626953,171.55999755859375,173.47000122070312,170.57000732421875,173.10000610351562,2958600
2018-04-23,138.91441345214844,174.66000366210938,176.97000122070312,171.25,171.6199951171875,3568700
2018-04-24,136.7510528564453,171.94000244140625,175.75999450683594,170.52999877929688,175.5500030517578,4389400
2018-04-25,139.0496063232422,174.8300018310547,175.44000244140625,170.33999633789062,173.66000366210938,4693800
2018-04-26,139.47909545898438,175.3699951171875,176.67999267578125,171.7899932861328,175.4199981689453,3682400
2018-04-27,141.1413116455078,177.4600067138672,177.9199981689453,174.86000061035156,174.9199981689453,2424800
2018-04-30,138.771240234375,174.47999572753906,178.74000549316406,174.35000610351562,177.91000366210938,3608700
2018-05-01,134.63548278808594,169.27999877929688,173.99000549316406,167.97999572753906,172.14999389648438,4799400
2018-05-02,134.75477600097656,169.42999267578125,171.07000732421875,168.3000030517578,169.3000030517578,4085700
2018-05-03,132.33689880371094,166.38999938964844,170.33999633789062,166.0500030517578,169.27999877929688,4152900
2018-05-04,133.60150146484375,167.97999572753906,169.5,165.22000122070312,165.9600067138672,3430000
2018-05-07,133.66510009765625,168.05999755859375,169.92999267578125,167.5,168.5800018310547,3175800
2018-05-08,134.0071258544922,168.49000549316406,170.5,167.5,168.80999755859375,3937700
2018-05-09,134.9217529296875,169.63999938964844,170.52999877929688,167.08999633789062,168.6999969482422,2861400
2018-05-10,135.8204803466797,170.77000427246094,171.49000549316406,169.36000061035156,170.25999450683594,2947100
2018-05-11,138.30197143554688,173.88999938964844,174.35000610351562,170.02999877929688,170.3800048828125,3740500
2018-05-14,139.94833374023438,175.9600067138672,177.8000030517578,173.0399932861328,174.10000610351562,3370600
2018-05-15,137.0692138671875,172.33999633789062,175.30999755859375,171.10000610351562,174.80999755859375,4491700
2018-05-16,139.2972869873047,173.8000030517578,174.5800018310547,170.6199951171875,171.35000610351562,2494200
2018-05-17,139.978515625,174.64999389648438,175.42999267578125,172.52999877929688,173.30999755859375,2268400
2018-05-18,141.301025390625,176.3000030517578,177.33999633789062,174.69000244140625,176.50999450683594,3377200
2018-05-21,141.43724060058594,176.47000122070312,177.94000244140625,175.89999389648438,177.1199951171875,2557200
2018-05-22,142.95208740234375,178.36000061035156,179.57000732421875,176.50999450683594,176.7100067138672,2742700
2018-05-23,144.21841430664062,179.94000244140625,179.99000549316406,176.66000366210938,177.1199951171875,2242000
2018-05-24,142.63143920898438,177.9600067138672,180.259994506836,176.99000549316406,180.0,2386100
2018-05-25,142.85585021972656,178.24000549316406,179.0800018310547,177.60000610351562,177.9600067138672,1812000
2018-05-29,142.21469116210938,177.44000244140625,178.3800048828125,175.77000427246094,176.99000549316406,2382000
2018-05-30,144.45880126953125,180.2400054931641,181.77999877929688,178.00999450683594,178.2899932861328,3419200
2018-05-31,143.96192932128906,179.6199951171875,180.9499969482422,178.3800048828125,180.3099975585937,5247200
2018-06-01,147.12777709960938,183.57000732421875,184.7700042724609,180.3600006103516,180.75,2892800
2018-06-04,148.6265411376953,185.44000244140625,185.97000122070312,182.8300018310547,183.17999267578125,2298800
2018-06-05,145.6530303955078,181.72999572753903,184.7100067138672,179.7899932861328,182.8000030517578,3980800
2018-06-06,147.11172485351562,183.5500030517578,184.1499938964844,180.8699951171875,182.009994506836,2213100
2018-06-07,146.91139221191406,183.3000030517578,184.0500030517578,182.509994506836,183.47000122070312,2729600
2018-06-08,147.7128448486328,184.3000030517578,185.6499938964844,183.6000061035156,183.88999938964844,2865000
2018-06-11,147.96127319335938,184.6100006103516,184.82000732421875,182.92999267578125,184.13999938964844,2409400
2018-06-12,148.32997131347656,185.07000732421875,185.1199951171875,183.41000366210932,184.2700042724609,2045300
2018-06-13,147.21591186523438,183.67999267578125,186.57000732421875,183.4499969482422,185.3600006103516,2243900
2018-06-14,148.90704345703125,185.7899932861328,186.07000732421875,182.6999969482422,184.08999633789065,2289600
2018-06-15,148.28187561035156,185.009994506836,186.7400054931641,184.0200042724609,186.47000122070312,6474500
2018-06-18,147.43234252929688,183.9499969482422,184.5,182.3800048828125,184.1300048828125,2370700
2018-06-19,149.22764587402344,186.19000244140625,186.33999633789065,182.8300018310547,182.8300018310547,2538500
2018-06-20,149.48410034179688,186.509994506836,187.509994506836,184.7400054931641,186.25,2415200
2018-06-21,149.06739807128906,185.9900054931641,186.509994506836,184.4199981689453,186.509994506836,2206400
2018-06-22,148.39410400390625,185.1499938964844,188.08999633789065,184.8300018310547,186.3099975585937,11153100
2018-06-25,148.5624237060547,185.3600006103516,186.69000244140625,184.07000732421875,185.009994506836,2678200
2018-06-26,147.94528198242188,184.58999633789065,185.9499969482422,183.97999572753903,185.33999633789065,2070600
2018-06-27,147.09568786621094,183.52999877929688,187.3600006103516,183.47000122070312,184.9199981689453,2354800
2018-06-28,146.94345092773438,183.33999633789065,184.5800018310547,181.6999969482422,183.16000366210932,2286300
2018-06-29,147.94528198242188,184.58999633789065,186.0500030517578,183.58999633789065,183.58999633789065,2606200
2018-07-02,148.50628662109375,185.2899932861328,185.4600067138672,182.6999969482422,184.08999633789065,2069800
2018-07-03,148.84291076660156,185.7100067138672,187.3999938964844,185.57000732421875,186.4499969482422,1348000
2018-07-05,150.16537475585938,187.3600006103516,188.1699981689453,185.6100006103516,186.13999938964844,1801000
2018-07-06,153.0907745361328,191.009994506836,191.4900054931641,188.009994506836,188.57000732421875,2751600
2018-07-09,155.6234588623047,194.1699981689453,194.38999938964844,191.1699981689453,191.5,3065500
2018-07-10,156.84173583984375,195.69000244140625,196.1499938964844,192.5399932861328,194.1699981689453,2757000
2018-07-11,154.80592346191406,193.1499938964844,195.19000244140625,192.5200042724609,194.6000061035156,2431400
2018-07-12,155.55136108398438,194.0800018310547,194.259994506836,192.5599975585937,194.19000244140625,2251900
2018-07-13,157.01803588867188,195.91000366210932,196.75,193.3800048828125,194.9900054931641,2232000
2018-07-16,156.1925506591797,194.8800048828125,196.57000732421875,194.1100006103516,195.7100067138672,1824800
2018-07-17,155.42311096191406,193.9199981689453,194.8999938964844,192.1100006103516,192.3699951171875,2567300
2018-07-18,154.52542114257812,192.8000030517578,194.0,192.0500030517578,193.25,2215800
2018-07-19,153.69189453125,191.759994506836,192.8500061035156,190.2899932861328,191.8600006103516,2539200
2018-07-20,152.6739959716797,190.4900054931641,191.47999572753903,189.4900054931641,191.47999572753903,2252200
2018-07-23,152.2572479248047,189.97000122070312,190.97000122070312,189.16000366210932,190.1100006103516,1767000
2018-07-24,153.4033203125,191.3999938964844,193.1999969482422,190.5,191.25,2440400
2018-07-25,154.71778869628906,193.0399932861328,193.4600067138672,190.7700042724609,191.6199951171875,2009300
2018-07-26,155.52725219726562,194.0500030517578,195.58999633789065,192.67999267578125,195.02999877929688,2835800
2018-07-27,154.23687744140625,192.44000244140625,196.22000122070312,189.57000732421875,196.0,4100200
2018-07-30,152.7862548828125,190.6300048828125,192.2100067138672,189.94000244140625,191.5,2984700
2018-07-31,157.531005859375,196.5500030517578,197.4900054931641,190.8699951171875,191.0,4429300
2018-08-01,156.96194458007812,195.83999633789065,196.97999572753903,194.6999969482422,196.3300018310547,2632800
2018-08-02,157.3947296142578,196.3800048828125,197.4199981689453,192.72999572753903,194.63999938964844,2500400
2018-08-03,158.68511962890625,197.9900054931641,198.41000366210932,196.1000061035156,196.2700042724609,2176200
2018-08-06,158.38052368164062,197.6100006103516,199.8300018310547,196.5200042724609,197.44000244140625,1913800
2018-08-07,160.61672973632812,200.3999938964844,200.8999938964844,197.63999938964844,197.69000244140625,2349800
2018-08-08,157.25048828125,196.1999969482422,198.5,195.07000732421875,198.5,3145900
2018-08-09,155.46316528320312,193.97000122070312,196.32000732421875,193.8300018310547,195.42999267578125,2766500
2018-08-10,155.82383728027344,194.4199981689453,195.17999267578125,192.259994506836,193.3000030517578,1769100
2018-08-13,156.777587890625,195.6100006103516,196.32000732421875,193.72000122070312,194.69000244140625,1802900
2018-08-14,156.8978271484375,195.759994506836,196.9600067138672,194.88999938964844,195.94000244140625,1240200
2018-08-15,156.49705505371094,195.259994506836,195.47999572753903,192.88999938964844,194.8300018310547,1900200
2018-08-16,158.514404296875,196.44000244140625,197.1300048828125,192.72999572753903,194.4600067138672,2361700
2018-08-17,159.30519104003906,197.4199981689453,198.509994506836,195.27999877929688,196.2400054931641,2183800
2018-08-20,159.41819763183594,197.5599975585937,198.5,196.8699951171875,197.88999938964844,1747900
2018-08-21,159.2164306640625,197.3099975585937,198.3999938964844,196.72999572753903,197.92999267578125,1666900
2018-08-22,159.64410400390625,197.83999633789065,198.75,195.8300018310547,197.1499938964844,1709300
2018-08-23,158.64352416992188,196.6000061035156,197.75,195.6199951171875,197.3699951171875,1351200
2018-08-24,158.67579650878906,196.63999938964844,197.5,195.6000061035156,196.8800048828125,1358500
2018-08-27,160.25738525390625,198.6000061035156,198.66000366210932,196.7899932861328,197.5200042724609,2034400
2018-08-28,160.27352905273438,198.6199951171875,199.8300018310547,198.0,199.0200042724609,1644200
2018-08-29,161.1853790283203,199.75,200.0,196.9199981689453,197.7899932861328,1775100
2018-08-30,161.6695556640625,200.3500061035156,200.69000244140625,198.6999969482422,199.5800018310547,1992500
2018-08-31,161.23379516601562,199.8099975585937,200.47000122070312,198.38999938964844,199.8300018310547,2981400
2018-09-04,158.74839782714844,196.72999572753903,199.75,195.3300018310547,199.25,2293500
2018-09-05,159.5714874267578,197.75,198.6699981689453,196.8500061035156,197.1300048828125,1809000
2018-09-06,158.28038024902344,196.1499938964844,198.58999633789065,195.1199951171875,197.5500030517578,1797300
2018-09-07,158.40147399902344,196.3000030517578,197.5500030517578,194.75,195.42999267578125,2604100
2018-09-10,163.40443420410156,202.5,203.69000244140625,196.38999938964844,197.3600006103516,4310800
2018-09-11,160.9593963623047,199.47000122070312,203.0,199.2700042724609,201.0,3386000
2018-09-12,160.98361206054688,199.5,201.5,198.13999938964844,199.67999267578125,2133500
2018-09-13,163.7514190673828,202.92999267578125,203.08999633789065,199.41000366210932,200.2400054931641,2780200
2018-09-14,161.85513305664062,200.5800018310547,204.4199981689453,200.0,203.63999938964844,2504200
2018-09-17,162.0407257080078,200.8099975585937,201.4499969482422,199.509994506836,200.2899932861328,1950100
2018-09-18,163.27529907226562,202.33999633789065,203.8699951171875,199.1999969482422,200.4199981689453,1982300
2018-09-19,163.96929931640625,203.1999969482422,204.3999938964844,201.57000732421875,202.69000244140625,2204600
2018-09-20,165.50247192382812,205.1000061035156,205.25,203.0200042724609,203.6000061035156,2225000
2018-09-21,165.50247192382812,205.1000061035156,206.6199951171875,204.1699981689453,205.66000366210932,7314000
2018-09-24,167.2051239013672,207.2100067138672,207.6699981689453,204.1100006103516,204.52999877929688,2642000
2018-09-25,166.59994506835938,206.4600067138672,208.8999938964844,206.259994506836,208.27999877929688,2556200
2018-09-26,166.89849853515625,206.8300018310547,208.8800048828125,206.2899932861328,206.2899932861328,2162600
2018-09-27,168.5607452392578,208.88999938964844,210.19000244140625,206.83999633789065,207.41000366210932,2571200
2018-09-28,167.26966857910156,207.2899932861328,208.8000030517578,206.7700042724609,208.5399932861328,3238200
2018-10-01,166.96302795410156,206.91000366210932,209.33999633789065,206.6199951171875,207.72999572753903,2518100
2018-10-02,167.57627868652344,207.6699981689453,208.1000061035156,206.08999633789065,206.4199981689453,2172100
2018-10-03,166.9549102783203,206.8999938964844,208.25,206.63999938964844,208.25,2258800
2018-10-04,164.18716430664062,203.47000122070312,207.1499938964844,200.8099975585937,206.08999633789065,3219800
2018-10-05,164.63099670410156,204.0200042724609,206.08999633789065,201.8300018310547,204.4499969482422,2481000
2018-10-08,165.88172912597656,205.57000732421875,206.1300048828125,203.22999572753903,203.3699951171875,2878100
2018-10-09,166.2287139892578,206.0,208.0800018310547,204.4900054931641,205.75,2509100
2018-10-10,162.3553924560547,201.1999969482422,206.3500061035156,200.7700042724609,205.0,4148000
2018-10-11,156.42446899414062,193.8500061035156,202.9600067138672,192.3800048828125,201.5500030517578,4175000
2018-10-12,159.28102111816406,197.38999938964844,198.08999633789065,194.1499938964844,195.6199951171875,3231400
2018-10-15,157.82850646972656,195.58999633789065,198.41000366210932,195.0,196.1999969482422,2091100
2018-10-16,163.27529907226562,202.33999633789065,202.67999267578125,196.22000122070312,197.22000122070312,2261500
2018-10-17,163.62234497070312,202.7700042724609,203.3099975585937,198.94000244140625,201.41000366210932,2459700
2018-10-18,163.58193969726562,202.72000122070312,204.509994506836,200.27999877929688,203.1699981689453,2433600
2018-10-19,162.83961486816406,201.8000030517578,205.1199951171875,201.4499969482422,202.7400054931641,2692500
2018-10-22,159.7893829345703,198.0200042724609,201.8000030517578,197.47000122070312,201.16000366210932,2717500
2018-10-23,159.48272705078125,197.63999938964844,199.08999633789065,193.72000122070312,196.3000030517578,2553500
2018-10-24,151.6070556640625,187.8800048828125,197.9600067138672,187.3699951171875,196.94000244140625,4288300
2018-10-25,151.7845916748047,188.1000061035156,190.5,181.3099975585937,188.66000366210932,4983700
2018-10-26,150.0738525390625,185.97999572753903,187.3300018310547,183.27999877929688,185.3999938964844,4580400
2018-10-29,151.85719299316406,188.19000244140625,190.91000366210932,184.8000030517578,189.32000732421875,3829500
2018-10-30,152.5753631591797,189.0800018310547,191.0,187.02999877929688,189.42999267578125,4040600
2018-10-31,155.569091796875,192.7899932861328,195.3300018310547,189.0399932861328,189.0800018310547,4541000
2018-11-01,155.65786743164062,192.8999938964844,194.3800048828125,190.9600067138672,192.8099975585937,2827300
2018-11-02,150.9453582763672,187.0599975585937,195.3500061035156,185.8300018310547,194.2899932861328,3696300
2018-11-05,153.2532196044922,189.9199981689453,190.72000122070312,187.5500030517578,187.67999267578125,2713500
2018-11-06,153.92295837402344,190.75,192.6999969482422,189.5200042724609,190.2100067138672,2139000
2018-11-07,159.46658325195312,197.6199951171875,197.72999572753903,192.009994506836,192.8099975585937,3077800
2018-11-08,158.17550659179688,196.0200042724609,198.27999877929688,195.27999877929688,197.5399932861328,2636600
2018-11-09,155.86769104003906,193.16000366210932,196.91000366210932,192.17999267578125,195.3699951171875,2344900
2018-11-12,154.5765838623047,191.5599975585937,194.72000122070312,190.47999572753903,193.6499938964844,2109100
2018-11-13,154.5685272216797,191.5500030517578,194.82000732421875,191.02999877929688,192.91000366210932,2232200
2018-11-14,153.60824584960938,190.3600006103516,193.3999938964844,189.66000366210932,192.02999877929688,2850300
2018-11-15,156.37911987304688,192.4499969482422,192.6300048828125,187.1199951171875,188.33999633789065,2607100
2018-11-16,157.7848663330078,194.17999267578125,195.2400054931641,191.69000244140625,192.3600006103516,3862300
2018-11-19,158.37802124023438,194.91000366210932,196.7700042724609,192.8699951171875,194.9199981689453,2629900
2018-11-20,159.6212615966797,196.44000244140625,198.67999267578125,192.759994506836,196.32000732421875,3288800
2018-11-21,156.63917541503906,192.7700042724609,197.5500030517578,192.6100006103516,195.1699981689453,2173600
2018-11-23,156.47665405273438,192.57000732421875,194.47999572753903,190.7700042724609,191.25,1349200
2018-11-26,157.88235473632812,194.3000030517578,196.3099975585937,192.4900054931641,194.94000244140625,2194600
2018-11-27,160.1575927734375,197.1000061035156,197.22999572753903,191.8699951171875,193.16000366210932,2329200
2018-11-28,163.66786193847656,201.4199981689453,202.0200042724609,196.0599975585937,196.9600067138672,2617800
2018-11-29,164.43978881835938,202.3699951171875,204.0,199.52999877929688,199.77999877929688,1937800
2018-11-30,169.21774291992188,208.25,208.9900054931641,201.7899932861328,202.1499938964844,4537200
2018-12-03,164.89483642578125,202.92999267578125,208.3000030517578,200.3800048828125,208.1000061035156,4035300
2018-12-04,160.69387817382812,197.759994506836,205.7400054931641,197.2899932861328,204.6000061035156,3881100
2018-12-06,161.70957946777344,199.009994506836,199.009994506836,193.1999969482422,195.72000122070312,3437300
2018-12-07,155.55841064453125,191.44000244140625,198.3999938964844,191.0500030517578,197.88999938964844,3152400
2018-12-10,157.7117156982422,194.08999633789065,194.7899932861328,188.19000244140625,193.02999877929688,2718300
2018-12-11,159.40997314453125,196.17999267578125,198.41000366210932,194.33999633789065,195.91000366210932,3047500
2018-12-12,159.59689331054688,196.41000366210932,199.44000244140625,196.3000030517578,198.08999633789065,2665600
2018-12-13,160.50697326660156,197.52999877929688,197.66000366210932,195.22000122070312,196.7700042724609,2129800
2018-12-14,156.07034301757812,192.07000732421875,196.1499938964844,191.66000366210932,195.0399932861328,2981300
2018-12-17,154.4533233642578,190.0800018310547,194.4499969482422,188.63999938964844,192.2400054931641,2919400
2018-12-18,152.03184509277344,187.1000061035156,191.94000244140625,184.41000366210932,191.44000244140625,3164300
2018-12-19,150.72366333007812,185.4900054931641,191.759994506836,182.52999877929688,187.0200042724609,3995400
2018-12-20,150.29296875,184.9600067138672,186.5399932861328,182.72000122070312,185.0599975585937,3806200
2018-12-21,146.43325805664062,180.2100067138672,187.6100006103516,179.2100067138672,183.8500061035156,7829800
2018-12-24,144.96249389648438,178.39999389648438,182.92999267578125,178.2899932861328,179.5,2205100
2018-12-26,152.64939880371094,187.8600006103516,188.02999877929688,178.8800048828125,179.0399932861328,2868200
2018-12-27,154.65646362304688,190.3300018310547,190.41000366210932,183.6199951171875,185.3600006103516,3137900
2018-12-28,154.98150634765625,190.72999572753903,194.58999633789065,190.0599975585937,191.6300048828125,2477500
2018-12-31,158.18301391601562,194.6699981689453,195.8000030517578,191.6100006103516,191.92999267578125,2764800
2019-01-02,155.93223571777344,191.8999938964844,193.1999969482422,188.9499969482422,192.5200042724609,3009100
2019-01-03,153.5594940185547,188.97999572753903,194.17999267578125,188.6699981689453,192.1499938964844,3973900
2019-01-04,158.8087158203125,195.44000244140625,196.5200042724609,190.83999633789065,191.4600067138672,4193400
2019-01-07,160.94583129882812,198.07000732421875,199.3600006103516,194.0,194.759994506836,3032500
2019-01-08,163.00967407226562,200.6100006103516,201.1199951171875,196.67999267578125,199.1999969482422,3290300
2019-01-09,162.8146514892578,200.3699951171875,202.8999938964844,199.6300048828125,202.3600006103516,2869700
2019-01-10,164.69171142578125,202.67999267578125,203.5200042724609,199.47000122070312,200.3699951171875,3131300
2019-01-11,162.9690399169922,200.5599975585937,200.9900054931641,198.0,200.63999938964844,3379700
2019-01-14,159.89752197265625,196.77999877929688,200.0,196.66000366210932,199.4900054931641,3378600
2019-01-15,162.0102081298828,199.3800048828125,199.9900054931641,196.0399932861328,196.3000030517578,2859800
2019-01-16,161.61209106445312,198.88999938964844,200.44000244140625,197.6000061035156,199.3000030517578,3302400
2019-01-17,164.0741424560547,201.9199981689453,202.52999877929688,197.97999572753903,198.3800048828125,2440200
2019-01-18,165.6667938232422,203.8800048828125,204.3300018310547,201.0399932861328,203.3300018310547,3095000
2019-01-22,164.1229248046875,201.97999572753903,203.47999572753903,200.77999877929688,202.6199951171875,3173100
2019-01-23,163.78164672851562,201.5599975585937,203.9499969482422,200.1300048828125,201.9900054931641,1917500
2019-01-24,163.30221557617188,200.97000122070312,202.3999938964844,199.7400054931641,201.6100006103516,2390800
2019-01-25,161.51455688476562,198.7700042724609,202.22999572753903,196.8800048828125,201.9499969482422,4383600
2019-01-28,155.97283935546875,191.9499969482422,194.97000122070312,190.009994506836,194.97000122070312,4186200
2019-01-29,156.1028289794922,192.1100006103516,193.6699981689453,190.8000030517578,192.17999267578125,3182100
2019-01-30,150.21168518066406,184.8600006103516,189.759994506836,179.64999389648438,188.88999938964844,8089100
2019-01-31,152.03997802734375,187.1100006103516,187.6000061035156,183.91000366210932,184.77999877929688,4397900
2019-02-01,152.0074920654297,187.07000732421875,187.8300018310547,185.5599975585937,186.509994506836,2488900
2019-02-04,151.28428649902344,186.17999267578125,187.13999938964844,184.2899932861328,186.9600067138672,2930900
2019-02-05,153.0150909423828,188.3099975585937,189.0599975585937,185.72000122070312,186.1999969482422,4933300
2019-02-06,155.00587463378906,190.759994506836,191.8699951171875,188.1100006103516,188.3099975585937,3322400
2019-02-07,149.6997833251953,184.22999572753903,190.6699981689453,182.6699981689453,190.6699981689453,4188100
2019-02-08,151.13804626464844,186.0,186.0500030517578,183.41000366210932,183.41000366210932,2601000
2019-02-11,150.9674072265625,185.7899932861328,187.1100006103516,185.509994506836,186.7899932861328,2867300
2019-02-12,153.11257934570312,188.42999267578125,188.9600067138672,186.42999267578125,187.3300018310547,2412400
2019-02-13,153.5594940185547,188.97999572753903,190.1199951171875,188.3999938964844,189.22000122070312,2166000
2019-02-14,152.8634796142578,186.67999267578125,187.8000030517578,185.759994506836,187.58999633789065,2611500
2019-02-15,154.2227783203125,188.33999633789065,189.1000061035156,185.9900054931641,188.07000732421875,3314600
2019-02-19,153.10093688964844,186.97000122070312,188.47000122070312,186.8500061035156,187.7899932861328,2267500
2019-02-20,153.0599822998047,186.9199981689453,189.22000122070312,186.47999572753903,187.19000244140625,3046400
2019-02-21,151.89723205566406,185.5,187.3999938964844,184.75,186.38999938964844,2947600
2019-02-22,153.5349578857422,187.5,188.8600006103516,185.8099975585937,185.88999938964844,2774100
2019-02-25,155.42648315429688,189.8099975585937,190.47000122070312,187.88999938964844,188.66000366210932,3182600
2019-02-26,155.6475830078125,190.0800018310547,191.6499938964844,189.3600006103516,189.5599975585937,2431000
2019-02-27,156.7448272705078,191.4199981689453,192.19000244140625,188.66000366210932,188.7400054931641,1886200
2019-02-28,155.6475830078125,190.0800018310547,191.6300048828125,189.72999572753903,191.3800048828125,2776200
2019-03-01,156.53189086914062,191.16000366210932,192.0599975585937,190.47000122070312,191.38999938964844,2409400
2019-03-04,155.40191650390625,189.77999877929688,192.1199951171875,187.41000366210932,191.82000732421875,2274800
2019-03-05,154.61585998535156,188.82000732421875,190.6699981689453,188.7899932861328,190.0,3445200
2019-03-06,149.97291564941406,183.1499938964844,189.3699951171875,182.42999267578125,188.8800048828125,3956100
2019-03-07,148.58908081054688,181.4600067138672,183.16000366210932,180.6000061035156,182.9199981689453,3421700
2019-03-08,148.1059112548828,180.8699951171875,181.3099975585937,179.00999450683594,180.6000061035156,2750900
2019-03-11,150.7836151123047,184.13999938964844,184.6000061035156,181.3999938964844,181.83999633789065,2816900
2019-03-12,150.81629943847656,184.17999267578125,184.9499969482422,183.5200042724609,184.6100006103516,2677500
2019-03-13,153.41212463378906,187.3500061035156,188.33999633789065,184.19000244140625,184.6999969482422,2719700
2019-03-14,153.7478485107422,187.759994506836,188.8600006103516,185.88999938964844,187.52999877929688,2909600
2019-03-15,156.5974578857422,191.2400054931641,191.63999938964844,188.1000061035156,188.4600067138672,6865000
2019-03-18,156.65476989746094,191.3099975585937,192.5200042724609,190.19000244140625,191.0800018310547,2430200
2019-03-19,156.8021697998047,191.4900054931641,192.759994506836,190.9199981689453,191.92999267578125,2268700
2019-03-20,156.49917602539062,191.1199951171875,192.7700042724609,189.8699951171875,191.5,2378700
2019-03-21,157.1296844482422,191.88999938964844,192.3699951171875,189.17999267578125,189.72999572753903,2292900
2019-03-22,152.87991333007812,186.6999969482422,192.8699951171875,186.5500030517578,190.9600067138672,3144700
2019-03-25,152.78976440429688,186.58999633789065,187.77999877929688,185.0399932861328,186.63999938964844,2523700
2019-03-26,154.16546630859375,188.2700042724609,189.58999633789065,187.02999877929688,187.5500030517578,2359100
2019-03-27,152.56871032714844,186.32000732421875,188.6000061035156,185.22000122070312,188.25,2022600
2019-03-28,153.65777587890625,187.6499938964844,187.88999938964844,186.0,187.0800018310547,1885600
2019-03-29,155.565673828125,189.97999572753903,191.0,188.5,189.3699951171875,3189700
2019-04-01,157.0314483642578,191.7700042724609,192.5599975585937,190.509994506836,191.13999938964844,2660500
2019-04-02,157.57186889648438,192.42999267578125,192.82000732421875,191.1999969482422,191.8099975585937,2141800
2019-04-03,157.9730987548828,192.9199981689453,193.8699951171875,191.7100067138672,193.17999267578125,1948100
2019-04-04,157.489990234375,192.3300018310547,194.42999267578125,190.9900054931641,192.8500061035156,1785900
2019-04-05,160.01205444335938,195.41000366210932,196.8699951171875,193.3000030517578,193.8800048828125,2163300
2019-04-08,159.5780792236328,194.8800048828125,195.3099975585937,192.5599975585937,194.52999877929688,1629800
2019-04-09,158.02223205566406,192.97999572753903,194.0,192.509994506836,193.58999633789065,1872600
2019-04-10,158.7674102783203,193.88999938964844,195.0,192.33999633789065,194.1499938964844,1653200
2019-04-11,157.309814453125,192.1100006103516,194.7899932861328,190.6499938964844,194.57000732421875,2082600
2019-04-12,156.7448272705078,191.4199981689453,193.47999572753903,190.7899932861328,193.0200042724609,2060800
2019-04-15,156.56463623046875,191.1999969482422,193.17999267578125,189.8500061035156,191.83999633789065,2038300
2019-04-16,153.9853057861328,188.0500030517578,192.57000732421875,187.44000244140625,192.2700042724609,2727300
2019-04-17,149.4160919189453,182.47000122070312,188.7400054931641,181.52999877929688,188.3500061035156,5242100
2019-04-18,145.3218536376953,177.47000122070312,183.4900054931641,176.85000610351562,183.2400054931641,8266600
2019-04-22,144.41293334960938,176.36000061035156,177.57000732421875,174.8699951171875,177.10000610351562,3215800
2019-04-23,147.1969451904297,179.75999450683594,180.6499938964844,175.75,176.94000244140625,3471700
2019-04-24,146.00146484375,178.3000030517578,180.8300018310547,178.25999450683594,180.13999938964844,2711600
2019-04-25,147.7865753173828,180.47999572753903,181.0200042724609,175.9199981689453,177.0800018310547,2453700
2019-04-26,148.59725952148438,181.47000122070312,181.8500061035156,180.02999877929688,180.6999969482422,2445400
2019-04-29,148.3515625,181.1699981689453,182.47000122070312,179.58999633789062,181.4499969482422,2662500
2019-04-30,146.8367156982422,179.32000732421875,182.0399932861328,177.8800048828125,181.6300048828125,3963000
2019-05-01,144.23277282714844,176.13999938964844,178.5,171.25,175.39999389648438,6109100
2019-05-02,144.527587890625,176.5,178.3000030517578,174.3000030517578,176.05999755859375,3014000
2019-05-03,145.19082641601562,177.30999755859375,177.77000427246094,176.47000122070312,176.92999267578125,2944500
2019-05-06,144.986083984375,177.05999755859375,177.24000549316406,173.8800048828125,175.49000549316406,2735000
2019-05-07,142.37393188476562,173.8699951171875,176.41000366210938,172.5,175.13999938964844,2797000
2019-05-08,140.96551513671875,172.14999389648438,175.5,171.6999969482422,173.5,3368400
2019-05-09,141.55514526367188,172.8699951171875,173.17999267578125,169.44000244140625,171.24000549316406,2854400
2019-05-10,140.71990966796875,171.85000610351562,172.4600067138672,168.44000244140625,172.4600067138672,2942300
2019-05-13,137.23974609375,167.60000610351562,169.60000610351562,167.1699981689453,169.24000549316406,3371800
2019-05-14,137.41172790527344,167.80999755859375,169.72000122070312,167.3000030517578,167.67999267578125,2525300
2019-05-15,139.0985565185547,169.8699951171875,170.60000610351562,166.3000030517578,167.22999572753906,2860200
2019-05-16,140.33738708496094,169.9199981689453,172.02000427246094,169.33999633789062,169.39999389648438,2716200
2019-05-17,140.32913208007812,169.91000366210938,171.24000549316406,169.11000061035156,169.27000427246094,2266600
2019-05-20,139.07376098632812,168.38999938964844,170.39999389648438,168.14999389648438,168.67999267578125,2144300
2019-05-21,140.14743041992188,169.69000244140625,170.02000427246094,168.52999877929688,169.77000427246094,2249300
2019-05-22,141.47718811035156,171.3000030517578,172.0500030517578,168.5800018310547,169.35000610351562,2615500
2019-05-23,142.14613342285156,172.11000061035156,173.05999755859375,170.49000549316406,171.33999633789062,2902500
2019-05-24,141.4606475830078,171.27999877929688,173.77000427246094,171.08999633789062,172.6199951171875,2417100
2019-05-28,139.45367431640625,168.85000610351562,172.77000427246094,168.75999450683594,171.55999755859375,4066200
2019-05-29,139.72622680664062,169.17999267578125,169.75999450683594,167.3300018310547,168.0,2671600
2019-05-30,139.61062622070312,169.0399932861328,170.0500030517578,168.1999969482422,169.44000244140625,1943300
2019-05-31,137.6780242919922,166.6999969482422,168.8699951171875,166.67999267578125,168.05999755859375,2808900
2019-06-03,142.35264587402344,172.36000061035156,176.80999755859375,170.55999755859375,172.0,5774800
2019-06-04,144.3099822998047,174.72999572753906,175.36000061035156,170.55999755859375,174.02999877929688,4553200
2019-06-05,144.1613311767578,174.5500030517578,175.77000427246094,173.08999633789062,175.67999267578125,2606400
2019-06-06,144.07875061035156,174.4499969482422,176.05999755859375,174.08999633789062,174.77999877929688,2396800
2019-06-07,144.95419311523438,175.50999450683594,176.0,173.27999877929688,175.6300048828125,2072000
2019-06-10,145.01202392578125,175.5800018310547,176.16000366210938,174.0500030517578,175.9499969482422,2091400
2019-06-11,144.2191162109375,174.6199951171875,177.14999389648438,174.1999969482422,176.27000427246094,2313800
2019-06-12,145.02854919433594,175.60000610351562,176.69000244140625,174.16000366210938,175.3000030517578,1888600
2019-06-13,145.94529724121094,176.7100067138672,177.4499969482422,175.22999572753906,175.8300018310547,1675800
2019-06-14,145.4249725341797,176.0800018310547,177.89999389648438,175.5500030517578,176.97000122070312,1621800
2019-06-17,147.3328094482422,178.38999938964844,178.5500030517578,175.39999389648438,176.0399932861328,1916800
2019-06-18,149.9921875,181.6100006103516,182.82000732421875,179.1199951171875,179.27000427246094,3125500
2019-06-19,150.9502410888672,182.7700042724609,183.1199951171875,180.63999938964844,181.47999572753903,2396500
2019-06-20,152.03219604492188,184.0800018310547,185.2899932861328,182.1100006103516,184.77999877929688,2780400
2019-06-21,154.53468322753906,187.1100006103516,187.1300048828125,182.91000366210932,183.88999938964844,6948100
2019-06-24,152.651611328125,184.8300018310547,187.0,184.6999969482422,186.07000732421875,2948300
2019-06-25,152.3295440673828,184.44000244140625,186.77999877929688,183.1699981689453,184.6000061035156,2264700
2019-06-26,151.2805938720703,183.1699981689453,184.94000244140625,182.7400054931641,184.7100067138672,2124600
2019-06-27,151.98263549804688,184.0200042724609,185.44000244140625,183.02999877929688,183.3500061035156,2193700
2019-06-28,152.19737243652344,184.27999877929688,186.1000061035156,183.66000366210932,184.1699981689453,3753200
2019-07-01,153.9070281982422,186.3500061035156,187.3000030517578,185.1000061035156,186.8800048828125,2079800
2019-07-02,154.14649963378906,186.63999938964844,186.6699981689453,184.1999969482422,186.02999877929688,1796300
2019-07-03,155.748779296875,188.5800018310547,189.4199981689453,187.1999969482422,187.5800018310547,1932600
2019-07-05,153.56834411621094,185.94000244140625,188.8800048828125,185.2400054931641,187.42999267578125,2225800
2019-07-08,150.51255798339844,182.2400054931641,185.009994506836,180.5200042724609,184.66000366210932,2700900
2019-07-09,149.97567749023438,181.58999633789065,182.2700042724609,180.509994506836,181.2100067138672,2273700
2019-07-10,150.53729248046875,182.2700042724609,183.2899932861328,181.02999877929688,182.1699981689453,1775700
2019-07-11,147.01068115234375,178.0,181.0,175.9499969482422,180.8600006103516,3621900
2019-07-12,144.47518920898438,174.92999267578125,178.08999633789062,174.19000244140625,177.82000732421875,4488700
2019-07-15,145.45802307128906,176.1199951171875,177.44000244140625,174.61000061035156,174.89999389648438,3256800
2019-07-16,146.572998046875,177.47000122070312,177.77000427246094,175.91000366210938,176.33999633789062,2260100
2019-07-17,146.2343292236328,177.05999755859375,179.4499969482422,177.00999450683594,178.13999938964844,1945200
2019-07-18,148.28260803222656,179.5399932861328,180.42999267578125,176.8000030517578,177.1300048828125,2374400
2019-07-19,147.3328094482422,178.38999938964844,181.5800018310547,178.19000244140625,180.6699981689453,2987200
2019-07-22,145.26803588867188,175.88999938964844,178.80999755859375,175.72000122070312,177.8300018310547,2556800
2019-07-23,145.36717224121094,176.00999450683594,176.77000427246094,175.52000427246094,176.42999267578125,2081800
2019-07-24,145.16891479492188,175.77000427246094,176.75,174.8800048828125,176.02000427246094,1898000
2019-07-25,143.79795837402344,174.11000061035156,176.5,173.77000427246094,175.77999877929688,2145500
2019-07-26,144.81378173828125,175.33999633789062,175.50999450683594,173.1199951171875,174.27000427246094,3070400
2019-07-29,145.4249725341797,176.0800018310547,177.16000366210938,174.83999633789062,175.27000427246094,1985400
2019-07-30,145.7305450439453,176.4499969482422,176.72000122070312,174.27000427246094,174.9199981689453,2005100
2019-07-31,154.09695434570312,186.5800018310547,188.0,177.89999389648438,180.0,7157600
2019-08-01,153.61793518066406,186.0,189.4600067138672,184.13999938964844,186.3999938964844,3484700
2019-08-02,154.6255340576172,187.22000122070312,187.8600006103516,185.009994506836,186.0,2966500
2019-08-05,149.9014129638672,181.5,185.9600067138672,180.5200042724609,185.5800018310547,4060000
2019-08-06,152.34600830078125,184.4600067138672,184.6000061035156,180.02999877929688,181.1000061035156,3172900
2019-08-07,151.58621215820312,183.5399932861328,184.13999938964844,179.61000061035156,183.0399932861328,3308900
2019-08-08,152.98199462890625,185.22999572753903,185.4199981689453,183.0500030517578,183.47000122070312,2449000
2019-08-09,162.08340454101562,196.25,200.0,182.82000732421875,185.1499938964844,8417100
2019-08-12,169.9542694091797,205.77999877929688,208.77999877929688,197.25,197.8999938964844,10599300
2019-08-13,170.235107421875,206.1199951171875,211.8999938964844,203.0,203.42999267578125,5586400
2019-08-14,165.41091918945312,198.8699951171875,205.3999938964844,198.72000122070312,202.8099975585937,4507100
2019-08-15,165.77688598632812,199.3099975585937,201.0,198.6300048828125,200.0,3065800
2019-08-16,169.6944580078125,204.0200042724609,205.4600067138672,200.3600006103516,201.8300018310547,2922500
2019-08-19,171.34130859375,206.0,206.5,201.1100006103516,203.22999572753903,2974900
2019-08-20,168.9874725341797,203.1699981689453,206.1199951171875,202.9499969482422,205.8999938964844,2710800
2019-08-21,169.62789916992188,203.94000244140625,205.3699951171875,203.5800018310547,204.4499969482422,1755200
2019-08-22,169.1954345703125,203.4199981689453,206.3500061035156,202.0,205.2700042724609,2677600
2019-08-23,165.58558654785156,199.0800018310547,203.6199951171875,198.009994506836,203.08999633789065,3416200
2019-08-26,170.85057067871094,205.41000366210932,206.3999938964844,199.6699981689453,200.6000061035156,4005200
2019-08-27,171.74887084960938,206.4900054931641,208.9499969482422,205.2700042724609,206.5399932861328,3394000
2019-08-28,172.60560607910156,207.5200042724609,210.13999938964844,205.3300018310547,205.509994506836,3789300
2019-08-29,172.1564178466797,206.97999572753903,209.83999633789065,205.259994506836,209.0,2391600
2019-08-30,173.5205078125,208.6199951171875,210.97000122070312,206.8800048828125,208.9900054931641,2621300
2019-09-03,170.94207763671875,205.5200042724609,207.88999938964844,204.67999267578125,207.3000030517578,2193000
2019-09-04,171.60751342773438,206.32000732421875,207.3699951171875,203.0,206.6999969482422,1935700
2019-09-05,172.71371459960938,207.6499938964844,208.47000122070312,205.97000122070312,206.6300048828125,1685300
2019-09-06,172.78025817871094,207.72999572753903,209.3500061035156,206.1000061035156,208.63999938964844,2388000
2019-09-09,168.2970733642578,202.33999633789065,202.9499969482422,198.7899932861328,202.52999877929688,4353200
2019-09-10,163.7473602294922,196.8699951171875,201.97000122070312,195.3600006103516,200.8099975585937,4866300
2019-09-11,162.89071655273438,195.83999633789065,198.4600067138672,195.1699981689453,197.1300048828125,2875300
2019-09-12,161.3602752685547,194.0,196.8300018310547,193.8999938964844,196.08999633789065,4448000
2019-09-13,162.58291625976562,195.47000122070312,196.6699981689453,194.3300018310547,194.41000366210932,2428800
2019-09-16,161.42681884765625,194.0800018310547,196.16000366210932,193.509994506836,196.16000366210932,1597400
2019-09-17,163.62266540527344,196.72000122070312,196.77999877929688,194.0399932861328,194.0399932861328,2447400
2019-09-18,162.22531127929688,195.0399932861328,196.8300018310547,193.259994506836,196.3600006103516,1897800
2019-09-19,162.732666015625,195.6499938964844,196.3699951171875,194.5200042724609,195.72000122070312,1483400
2019-09-20,163.80563354492188,196.94000244140625,199.32000732421875,195.75,196.0,6680400
2019-09-23,164.4876708984375,197.759994506836,198.8099975585937,197.3099975585937,197.75,1683900
2019-09-24,163.4812469482422,196.5500030517578,199.8000030517578,195.6100006103516,198.97999572753903,2322500
2019-09-25,163.07363891601562,196.0599975585937,198.3300018310547,195.9199981689453,197.5800018310547,1779900
2019-09-26,162.5081024169922,195.3800048828125,196.3099975585937,193.0800018310547,195.91000366210932,1877800
2019-09-27,162.1421356201172,194.94000244140625,196.8500061035156,193.83999633789065,195.5599975585937,1770300
2019-09-30,160.9527130126953,193.509994506836,196.67999267578125,191.69000244140625,192.8000030517578,2492300
2019-10-01,160.6865692138672,193.19000244140625,195.8800048828125,192.1000061035156,192.5800018310547,2331000
2019-10-02,157.37619018554688,189.2100067138672,193.5800018310547,188.77999877929688,193.5800018310547,2250800
2019-10-03,160.2124481201172,192.6199951171875,192.6699981689453,189.0,189.6000061035156,1888500
2019-10-04,162.68275451660156,195.58999633789065,196.009994506836,193.13999938964844,193.13999938964844,2158200
2019-10-07,163.99691772460938,197.1699981689453,198.82000732421875,194.4499969482422,194.5399932861328,2199300
2019-10-08,163.09030151367188,196.0800018310547,198.0,195.0,196.5500030517578,2032600
2019-10-09,163.59767150878906,196.69000244140625,198.67999267578125,195.9600067138672,198.67999267578125,1292900
2019-10-10,165.25286865234375,198.67999267578125,199.3600006103516,197.0200042724609,198.0,1297500
2019-10-11,167.01620483398438,200.8000030517578,203.88999938964844,199.97999572753903,200.22999572753903,2472200
2019-10-14,168.75453186035156,202.88999938964844,204.8999938964844,201.22999572753903,201.25,1638200
2019-10-15,170.22679138183594,204.66000366210932,204.8000030517578,202.6000061035156,203.4600067138672,1492800
2019-10-16,169.02073669433594,203.2100067138672,204.97999572753903,202.17999267578125,204.1499938964844,1758500
2019-10-17,169.3118133544922,203.5599975585937,204.75,201.5200042724609,201.58999633789065,1380800
2019-10-18,168.61317443847656,202.72000122070312,204.1199951171875,200.8099975585937,204.1100006103516,2043400
2019-10-21,168.78781127929688,202.92999267578125,203.6100006103516,200.77999877929688,203.57000732421875,1564000
2019-10-22,170.36817932128906,204.8300018310547,206.0599975585937,203.22000122070312,204.6300048828125,2136700
2019-10-23,169.11219787597656,203.32000732421875,205.88999938964844,203.0399932861328,204.22999572753903,1805800
2019-10-24,168.89596557617188,203.0599975585937,204.3000030517578,201.66000366210932,203.9499969482422,1220800
2019-10-25,168.8876495361328,203.0500030517578,203.7100067138672,201.509994506836,202.58999633789065,1321500
2019-10-28,170.51785278320312,205.009994506836,205.97999572753903,202.67999267578125,203.1699981689453,1652800
2019-10-29,173.82826232910156,208.9900054931641,211.25,204.91000366210932,205.259994506836,4460000
2019-10-30,175.4002685546875,210.8800048828125,211.0,204.16000366210932,206.3500061035156,3793500
2019-10-31,177.37155151367188,213.25,213.6699981689453,209.6000061035156,210.1000061035156,3255800
2019-11-01,181.28079223632807,217.9499969482422,219.3800048828125,214.0,214.259994506836,3685500
2019-11-04,178.33641052246094,214.41000366210932,219.83999633789065,214.3500061035156,218.72999572753903,2646600
2019-11-05,178.8936309814453,215.0800018310547,219.4900054931641,213.19000244140625,215.9199981689453,3012000
2019-11-06,179.9915313720703,216.3999938964844,218.5800018310547,215.4499969482422,215.4499969482422,2540200
2019-11-07,181.3140411376953,217.9900054931641,218.509994506836,215.4600067138672,216.91000366210932,2498300
2019-11-08,183.9091186523437,221.1100006103516,221.25,217.4600067138672,218.2100067138672,2069900
2019-11-11,183.568099975586,220.6999969482422,221.3800048828125,218.6999969482422,220.2400054931641,1364300
2019-11-12,184.075439453125,221.3099975585937,225.259994506836,219.8699951171875,221.3099975585937,2704500
2019-11-13,182.7113800048828,219.6699981689453,221.69000244140625,218.5399932861328,220.42999267578125,2333000
2019-11-14,182.9458465576172,218.5,218.7400054931641,213.5500030517578,218.22000122070312,2749300
2019-11-15,184.9218139648437,220.8600006103516,220.92999267578125,217.2100067138672,219.58999633789065,2028600
2019-11-18,184.76271057128903,220.6699981689453,221.58999633789065,219.2100067138672,221.0599975585937,2239500
2019-11-19,187.9695281982422,224.5,224.67999267578125,220.6999969482422,221.2400054931641,2551600
2019-11-20,188.815185546875,225.509994506836,226.5500030517578,223.1300048828125,224.3800048828125,3524300
2019-11-21,190.74929809570312,227.82000732421875,228.8000030517578,225.0200042724609,227.1199951171875,2659300
2019-11-22,193.1941680908203,230.7400054931641,230.8699951171875,227.8300018310547,228.0800018310547,1975000
2019-11-25,196.3757781982422,234.5399932861328,235.8000030517578,231.0800018310547,231.0800018310547,2637400
2019-11-26,196.25021362304688,234.38999938964844,234.88999938964844,232.009994506836,233.97999572753903,3300800
2019-11-27,196.3757781982422,234.5399932861328,235.27999877929688,231.8500061035156,234.6499938964844,1579800
2019-11-29,196.5265350341797,234.72000122070312,235.47000122070312,233.75,234.1300048828125,945600
2019-12-02,195.48829650878903,233.47999572753903,235.8000030517578,232.6300048828125,234.5399932861328,1633600
2019-12-03,194.8938446044922,232.7700042724609,233.17999267578125,230.77999877929688,231.47999572753903,1825400
2019-12-04,195.8231964111328,233.8800048828125,234.88999938964844,232.0,232.72999572753903,1908500
2019-12-05,195.42965698242188,233.41000366210932,233.7700042724609,231.4600067138672,233.69000244140625,2083600
2019-12-06,195.7310943603516,233.7700042724609,235.0,233.19000244140625,234.67999267578125,1860900
2019-12-09,194.93569946289065,232.82000732421875,235.0500030517578,232.6300048828125,234.9600067138672,1867900
2019-12-10,195.78970336914065,233.83999633789065,235.1199951171875,231.509994506836,231.9199981689453,1494700
2019-12-11,195.9320068359375,234.009994506836,234.97000122070312,233.02999877929688,234.02999877929688,1754100
2019-12-12,197.5898895263672,235.9900054931641,237.2400054931641,234.0599975585937,234.5800018310547,1851500
2019-12-13,198.21783447265625,236.7400054931641,238.1199951171875,235.13999938964844,235.6000061035156,2041200
2019-12-16,203.62661743164065,243.1999969482422,244.52999877929688,239.5,239.5,3047600
2019-12-17,203.32525634765625,242.83999633789065,244.9900054931641,241.27999877929688,243.5800018310547,2382500
2019-12-18,202.5717163085937,241.94000244140625,243.22000122070312,241.0200042724609,242.2100067138672,2956700
2019-12-19,202.4879608154297,241.83999633789065,243.3000030517578,239.92999267578125,242.77999877929688,2070800
2019-12-20,203.50942993164065,243.0599975585937,244.57000732421875,240.6999969482422,244.57000732421875,5091600
2019-12-23,203.4843139648437,243.02999877929688,244.0,241.58999633789065,243.97999572753903,1686200
2019-12-24,202.8982391357422,242.3300018310547,243.1000061035156,241.72000122070312,242.82000732421875,612800
2019-12-26,202.5382080078125,241.8999938964844,243.63999938964844,241.32000732421875,242.72000122070312,1098300
2019-12-27,202.2284240722656,241.52999877929688,242.9900054931641,240.16000366210932,242.2400054931641,1085000
2019-12-30,201.1734161376953,240.2700042724609,242.97999572753903,239.3999938964844,241.3999938964844,1454400
2019-12-31,201.84327697753903,241.07000732421875,241.4600067138672,238.5,240.27999877929688,1748300
2020-01-02,201.0310821533203,240.1000061035156,243.19000244140625,238.97999572753903,243.0,2088000
2020-01-03,199.6663360595703,238.47000122070312,240.259994506836,236.2400054931641,237.16000366210932,1879000
2020-01-06,201.19854736328125,240.3000030517578,240.4499969482422,236.5599975585937,237.1999969482422,1802800
2020-01-07,199.3062744140625,238.0399932861328,240.0,237.58999633789065,239.3099975585937,1518900
2020-01-08,199.4570159912109,238.22000122070312,239.5800018310547,236.6100006103516,237.92999267578125,2214700
2020-01-09,200.0514678955078,238.92999267578125,239.69000244140625,237.97000122070312,239.69000244140625,1629000
2020-01-10,199.4904937744141,238.259994506836,240.92999267578125,237.6100006103516,238.67999267578125,1777600
2020-01-13,198.36854553222656,236.9199981689453,238.3300018310547,234.7899932861328,238.259994506836,2004400
2020-01-14,200.94737243652344,240.0,240.67999267578125,235.1699981689453,235.8000030517578,2239100
2020-01-15,202.3707275390625,241.6999969482422,242.6000061035156,240.0500030517578,240.6699981689453,1920700
2020-01-16,201.3659820556641,240.5,243.8500061035156,239.8500061035156,242.17999267578125,2085700
2020-01-17,202.1949005126953,241.4900054931641,242.13999938964844,239.2700042724609,242.1100006103516,2582800
2020-01-21,198.9378662109375,237.6000061035156,242.009994506836,237.259994506836,240.97000122070312,3094200
2020-01-22,198.2261962890625,236.75,239.6999969482422,235.759994506836,238.75,1998200
2020-01-23,196.7944183349609,235.0399932861328,237.0599975585937,233.07000732421875,237.0599975585937,2088700
2020-01-24,188.88214111328125,225.58999633789065,235.8800048828125,224.5,235.8000030517578,5019900
2020-01-27,186.6717071533203,222.9499969482422,224.92999267578125,221.1699981689453,223.67999267578125,2843600
2020-01-28,188.2541656494141,224.83999633789065,226.6999969482422,222.8500061035156,223.57000732421875,2103900
2020-01-29,190.18832397460932,227.1499938964844,228.92999267578125,225.0,225.5,2001100
2020-01-30,189.3510284423828,226.1499938964844,226.97000122070312,223.3099975585937,226.0,2581600
2020-01-31,180.8945159912109,216.0500030517578,219.0800018310547,210.009994506836,218.759994506836,5968900
2020-02-03,181.58946228027344,216.8800048828125,219.6199951171875,215.5599975585937,216.38999938964844,2565400
2020-02-04,185.7172241210937,221.8099975585937,223.8500061035156,220.47999572753903,220.7700042724609,2765300
2020-02-05,194.1988677978516,231.94000244140625,234.63999938964844,223.7400054931641,223.7400054931641,3669500
2020-02-06,193.78863525390625,231.4499969482422,233.88999938964844,229.33999633789065,233.72000122070312,2007500
2020-02-07,192.01356506347656,229.3300018310547,232.17999267578125,227.6699981689453,231.41000366210932,2295100
2020-02-10,190.41436767578125,227.4199981689453,228.9600067138672,226.259994506836,228.1499938964844,2144700
2020-02-11,191.7037811279297,228.9600067138672,229.47000122070312,226.8000030517578,227.6999969482422,1934500
2020-02-12,190.0626983642578,227.0,230.22999572753903,225.8800048828125,229.47000122070312,2501300
2020-02-13,188.07272338867188,223.0399932861328,226.5200042724609,222.82000732421875,224.9900054931641,1946500
2020-02-14,188.4437255859375,223.47999572753903,223.4900054931641,221.33999633789065,222.92999267578125,1611900
2020-02-18,186.93438720703125,221.69000244140625,224.3500061035156,220.9199981689453,224.1499938964844,1936400
2020-02-19,188.00526428222656,222.9600067138672,224.0500030517578,222.0500030517578,222.94000244140625,1322900
2020-02-20,187.31382751464844,222.13999938964844,223.47999572753903,218.509994506836,223.1999969482422,1638000
2020-02-21,187.8619079589844,222.7899932861328,223.8000030517578,220.9900054931641,222.2400054931641,2047500
2020-02-24,183.72164916992188,217.8800048828125,223.9900054931641,215.759994506836,219.8800048828125,3049600
2020-02-25,177.3975067138672,210.3800048828125,219.5599975585937,209.82000732421875,218.0800018310547,3915500
2020-02-26,180.90528869628903,214.5399932861328,216.6999969482422,212.0200042724609,216.17999267578125,3314000
2020-02-27,171.59608459472656,203.5,215.27999877929688,203.22000122070312,214.9199981689453,4071100
2020-02-28,168.4171600341797,199.72999572753903,203.0,195.17999267578125,198.0500030517578,5316100
2020-03-02,178.9321746826172,212.1999969482422,212.3699951171875,198.7100067138672,199.8999938964844,4245700
2020-03-03,172.37184143066406,204.4199981689453,216.16000366210932,202.66000366210932,210.33999633789065,3975100
2020-03-04,181.385971069336,215.1100006103516,215.2899932861328,207.6199951171875,209.52999877929688,3880200
2020-03-05,178.86473083496094,212.1199951171875,216.38999938964844,207.5800018310547,207.66000366210932,3185400
2020-03-06,177.6251678466797,210.6499938964844,211.6100006103516,203.82000732421875,203.97000122070312,3100500
2020-03-09,167.27035522460938,198.3699951171875,203.6199951171875,190.75,197.7400054931641,4065600
2020-03-10,174.37875366210938,206.8000030517578,207.1000061035156,194.6699981689453,203.3600006103516,3928700
2020-03-11,167.50648498535156,198.6499938964844,203.9199981689453,195.8099975585937,201.0,3777000
2020-03-12,153.66917419433594,182.2400054931641,196.259994506836,181.7700042724609,184.6300048828125,4902600
2020-03-13,170.41558837890625,202.1000061035156,203.1699981689453,188.5200042724609,189.759994506836,6903900
2020-03-16,159.09954833984375,188.67999267578125,204.72000122070312,182.9600067138672,184.6699981689453,4932400
2020-03-17,175.22195434570312,207.8000030517578,210.91000366210932,191.6499938964844,192.2100067138672,5912800
2020-03-18,172.75979614257812,204.8800048828125,210.8999938964844,196.7400054931641,198.5599975585937,5597900
2020-03-19,167.5992431640625,198.759994506836,208.75,195.2700042724609,201.0,4796500
2020-03-20,158.73695373535156,188.25,201.97000122070312,186.0,198.88999938964844,5726800
2020-03-23,156.7806396484375,185.92999267578125,191.9600067138672,177.0500030517578,188.88999938964844,4396600
2020-03-24,170.61795043945312,202.33999633789065,202.8500061035156,190.009994506836,191.47000122070312,5288200
2020-03-25,162.86029052734375,193.13999938964844,201.3600006103516,190.009994506836,197.7700042724609,5301000
2020-03-26,167.37158203125,198.4900054931641,199.72000122070312,190.5,193.1199951171875,5162200
2020-03-27,167.18600463867188,198.2700042724609,205.8699951171875,194.009994506836,194.4199981689453,4119600
2020-03-30,175.79537963867188,208.47999572753903,209.4499969482422,200.0500030517578,200.0500030517578,3219000
2020-03-31,170.94683837890625,202.72999572753903,207.25,200.6999969482422,203.4900054931641,2929000
2020-04-01,166.79818725585938,197.8099975585937,201.3800048828125,194.9900054931641,197.5599975585937,2747900
2020-04-02,176.13267517089844,208.8800048828125,209.52999877929688,194.2100067138672,194.41000366210932,3867300
2020-04-03,173.20664978027344,205.41000366210932,209.75,203.02999877929688,207.42999267578125,2281400
2020-04-06,178.40940856933594,211.5800018310547,212.7100067138672,206.8500061035156,212.0,3702100
2020-04-07,176.0482940673828,208.77999877929688,215.17999267578125,207.3300018310547,213.4499969482422,2447500
2020-04-08,184.82632446289065,219.19000244140625,219.82000732421875,207.33999633789065,208.8999938964844,2861500
2020-04-09,183.99996948242188,218.2100067138672,219.3500061035156,215.6999969482422,217.3999938964844,2503300
2020-04-13,184.050521850586,218.2700042724609,219.17999267578125,215.1499938964844,216.97999572753903,2168000
2020-04-14,191.2432403564453,226.8000030517578,228.32000732421875,220.25,221.009994506836,3029000
2020-04-15,187.027084350586,221.8000030517578,225.509994506836,219.3099975585937,224.9900054931641,3107000
2020-04-16,194.700424194336,230.8999938964844,232.1000061035156,223.22000122070312,225.0,2617300
2020-04-17,198.13233947753903,234.97000122070312,236.9900054931641,229.22000122070312,236.8300018310547,2864200
2020-04-20,199.5068359375,236.6000061035156,239.5599975585937,232.38999938964844,234.1999969482422,2824000
2020-04-21,194.573974609375,230.75,235.7700042724609,229.0,235.0,2672900
2020-04-22,193.3428649902344,229.2899932861328,234.0,227.58999633789065,233.3500061035156,2845100
2020-04-23,196.0411834716797,232.4900054931641,235.6499938964844,228.8800048828125,229.08999633789065,3226400
2020-04-24,199.2369842529297,236.27999877929688,236.92999267578125,230.8000030517578,234.0399932861328,1946200
2020-04-27,204.4228363037109,242.42999267578125,243.0,235.0,236.6300048828125,2472600
2020-04-28,200.4090881347656,237.6699981689453,244.9499969482422,236.8600006103516,243.0,2548900
2020-04-29,198.739486694336,235.69000244140625,239.3099975585937,235.2400054931641,238.8999938964844,3365100
2020-04-30,201.716064453125,239.22000122070312,240.07000732421875,231.91000366210932,236.0200042724609,5704500
2020-05-01,194.7678985595703,230.97999572753903,237.0500030517578,228.0,233.0,3045400
2020-05-04,194.70887756347656,230.91000366210932,232.9199981689453,228.1000061035156,232.44000244140625,2035800
2020-05-05,199.304443359375,236.3600006103516,237.97999572753903,229.1699981689453,231.27999877929688,1975500
2020-05-06,199.49838256835932,236.58999633789065,239.67999267578125,235.69000244140625,237.3099975585937,1980500
2020-05-07,196.74952697753903,233.3300018310547,237.97000122070312,232.1000061035156,236.8999938964844,2451200
2020-05-08,198.00592041015625,234.82000732421875,235.72999572753903,231.6000061035156,234.9499969482422,1534300
2020-05-11,204.68423461914065,242.7400054931641,243.4900054931641,232.509994506836,233.07000732421875,2163700
2020-05-12,200.02120971679688,237.2100067138672,244.5,237.0500030517578,242.67999267578125,2241000
2020-05-13,199.70074462890625,236.8300018310547,243.94000244140625,235.22000122070312,235.22000122070312,2292700
2020-05-14,200.67047119140625,237.97999572753903,238.97000122070312,233.8000030517578,235.9499969482422,3322700
2020-05-15,203.9133453369141,240.1999969482422,240.42999267578125,233.88999938964844,234.42999267578125,3111500
2020-05-18,197.9623870849609,233.19000244140625,244.38999938964844,231.8000030517578,243.66000366210932,5631400
2020-05-19,193.0725250244141,227.42999267578125,233.44000244140625,227.1699981689453,232.63999938964844,3835800
2020-05-20,193.44607543945312,227.8699951171875,230.1199951171875,225.63999938964844,229.2700042724609,3714600
2020-05-21,190.8228759765625,224.77999877929688,228.2400054931641,224.0,228.1100006103516,2377500
2020-05-22,192.2235870361328,226.42999267578125,226.7700042724609,223.6100006103516,224.1699981689453,2334300
2020-05-26,188.8023834228516,222.3999938964844,228.3500061035156,221.72999572753903,227.52999877929688,2397800
2020-05-27,190.84835815429688,224.8099975585937,225.1300048828125,217.47000122070312,222.32000732421875,2932100
2020-05-28,190.2710418701172,224.1300048828125,226.6199951171875,222.25,226.259994506836,2591000
2020-05-29,194.99961853027344,229.6999969482422,230.57000732421875,222.0599975585937,225.0,4251200
2020-06-01,192.631088256836,226.91000366210932,230.5399932861328,225.7100067138672,228.88999938964844,1816700
2020-06-02,189.9229736328125,223.72000122070312,226.3600006103516,222.5800018310547,225.8000030517578,3198900
2020-06-03,187.6138916015625,221.0,224.2899932861328,218.25,223.4900054931641,3660500
2020-06-04,187.51202392578125,220.8800048828125,223.4499969482422,219.2100067138672,220.7700042724609,2392800
2020-06-05,191.5784454345703,225.6699981689453,225.9499969482422,218.1999969482422,219.6999969482422,3714600
2020-06-08,191.6463165283203,225.75,226.25,221.75,223.2700042724609,2270500
2020-06-09,190.9247131347656,224.8999938964844,228.3099975585937,224.57000732421875,226.0,2403600
2020-06-10,192.80935668945312,227.1199951171875,229.4900054931641,225.5200042724609,226.67999267578125,2851300
2020-06-11,185.83116149902344,218.8999938964844,229.77999877929688,218.6699981689453,228.0599975585937,3900700
2020-06-12,184.98220825195312,217.8999938964844,222.3500061035156,214.1999969482422,221.1000061035156,2426600
2020-06-15,186.57818603515625,219.77999877929688,221.0,213.8600006103516,215.8099975585937,2471800
2020-06-16,192.5971221923828,226.8699951171875,228.8800048828125,222.6199951171875,222.8300018310547,2581600
2020-06-17,191.83311462402344,225.97000122070312,228.8099975585937,224.52999877929688,228.5399932861328,2751100
2020-06-18,195.52598571777344,230.32000732421875,231.47999572753903,225.67999267578125,226.8600006103516,2469800
2020-06-19,202.63995361328125,238.6999969482422,239.07000732421875,231.3099975585937,233.3800048828125,5319500
2020-06-22,198.81130981445312,234.19000244140625,237.6499938964844,233.0599975585937,236.3099975585937,2337000
2020-06-23,200.1356506347656,235.75,239.1699981689453,233.44000244140625,234.8699951171875,2171500
2020-06-24,197.38510131835932,232.509994506836,237.0,231.3999938964844,235.2100067138672,1972900
2020-06-25,199.5923309326172,235.1100006103516,235.44000244140625,230.38999938964844,231.5,2080300
2020-06-26,197.665267944336,232.83999633789065,236.8600006103516,231.82000732421875,235.3699951171875,3613300
2020-06-29,196.57861328125,231.5599975585937,234.13999938964844,229.97999572753903,233.3999938964844,1938000
2020-06-30,200.2290496826172,235.8600006103516,237.32000732421875,231.8000030517578,233.3099975585937,2589000
2020-07-01,216.5794677734375,255.1199951171875,256.2300109863281,232.5800018310547,235.5200042724609,6575800
2020-07-02,219.22813415527344,258.239990234375,261.4599914550781,252.8699951171875,252.8699951171875,3338000
2020-07-06,217.53872680664065,256.25,264.9700012207031,253.8999938964844,260.0299987792969,3460400
2020-07-07,214.90704345703125,253.1499938964844,258.9100036621094,252.08999633789065,253.6000061035156,2365900
2020-07-08,213.58273315429688,251.58999633789065,253.97999572753903,249.25,253.1499938964844,1993700
2020-07-09,213.6421813964844,251.66000366210932,253.8300018310547,248.83999633789065,250.25,1739600
2020-07-10,211.4179077148437,249.0399932861328,251.57000732421875,247.07000732421875,250.6499938964844,1326100
2020-07-13,212.26687622070312,250.0399932861328,255.42999267578125,249.27999877929688,249.8300018310547,2528100
2020-07-14,214.85610961914065,253.08999633789065,253.7899932861328,240.47999572753903,242.759994506836,2368300
2020-07-15,215.0428924560547,253.3099975585937,254.57000732421875,250.7700042724609,254.57000732421875,1650100
2020-07-16,216.6473693847656,255.1999969482422,255.2899932861328,249.9199981689453,252.0599975585937,1530900
2020-07-17,219.4148712158203,258.4599914550781,259.95001220703125,254.759994506836,256.70001220703125,2044800
2020-07-20,221.5287475585937,260.95001220703125,262.82000732421875,258.32000732421875,260.0799865722656,1497400
2020-07-21,218.947982788086,257.9100036621094,260.0299987792969,257.2799987792969,258.6199951171875,1821600
2020-07-22,218.1584625244141,256.9800109863281,260.0,255.8000030517578,259.7900085449219,1598100
2020-07-23,214.1345367431641,252.2400054931641,260.0,251.6000061035156,259.5400085449219,2532000
2020-07-24,210.51806640625,247.97999572753903,251.8300018310547,245.5,251.259994506836,2187900
2020-07-27,215.3315277099609,253.6499938964844,255.1000061035156,247.02999877929688,247.3000030517578,2155700
2020-07-28,216.70681762695312,255.2700042724609,258.3999938964844,253.7700042724609,254.4600067138672,2266600
2020-07-29,211.25668334960932,248.8500061035156,252.8500061035156,245.7400054931641,250.3999938964844,3286700
2020-07-30,208.9560546875,246.13999938964844,247.82000732421875,245.1999969482422,246.3999938964844,1967400
2020-07-31,207.7081451416016,244.6699981689453,246.1000061035156,239.38999938964844,245.6300048828125,2830100
2020-08-03,209.9917449951172,247.3600006103516,249.0200042724609,244.52999877929688,244.8500061035156,1853900
2020-08-04,206.7912750244141,243.58999633789065,246.1699981689453,241.33999633789065,245.97000122070312,1912100
2020-08-05,204.99156188964844,241.47000122070312,245.41000366210932,240.8000030517578,243.91000366210932,1736400
2020-08-06,205.05946350097656,241.5500030517578,242.1999969482422,239.1100006103516,240.8500061035156,1747000
2020-08-07,204.32940673828125,240.69000244140625,243.6199951171875,238.57000732421875,243.5800018310547,1352300
2020-08-10,202.1900787353516,238.1699981689453,240.6699981689453,236.2100067138672,240.259994506836,1533200
2020-08-11,199.2017974853516,234.6499938964844,238.8999938964844,234.3600006103516,238.17999267578125,2296200
2020-08-12,205.20376586914065,241.72000122070312,243.0,234.69000244140625,234.69000244140625,2325500
2020-08-13,204.13412475585932,240.4600067138672,242.7700042724609,239.6100006103516,241.3099975585937,1362800
2020-08-14,204.860580444336,239.7100067138672,240.0599975585937,238.6199951171875,239.2100067138672,1225000
2020-08-17,207.6807861328125,243.009994506836,244.7400054931641,240.2100067138672,240.2100067138672,1697500
2020-08-18,206.39028930664065,241.5,244.3099975585937,240.0200042724609,243.5200042724609,1123800
2020-08-19,205.52716064453125,240.4900054931641,243.72999572753903,238.5,241.0200042724609,1900500
2020-08-20,204.02301025390625,238.72999572753903,240.69000244140625,237.3000030517578,240.1300048828125,1172800
2020-08-21,203.0914764404297,237.63999938964844,238.8800048828125,235.509994506836,238.8800048828125,1959900
2020-08-24,201.3224334716797,235.57000732421875,238.44000244140625,233.5599975585937,237.72999572753903,1565300
2020-08-25,212.1333465576172,248.22000122070312,249.9600067138672,240.8000030517578,242.8999938964844,6392100
2020-08-26,213.80841064453125,250.17999267578125,251.3800048828125,245.759994506836,248.3300018310547,3125000
2020-08-27,216.05604553222656,252.8099975585937,256.9100036621094,250.41000366210932,252.2400054931641,3928300
2020-08-28,216.3209381103516,253.1199951171875,254.13999938964844,247.7899932861328,253.3999938964844,12838400
2020-08-31,216.49188232421875,253.32000732421875,256.04998779296875,250.1000061035156,252.92999267578125,4053900
2020-09-01,214.3895263671875,250.8600006103516,252.0399932861328,248.67999267578125,250.0500030517578,2869000
2020-09-02,220.5940399169922,258.1199951171875,258.79998779296875,251.22000122070312,251.22000122070312,2871600
2020-09-03,211.8684234619141,247.91000366210932,260.0599975585937,246.3500061035156,259.2900085449219,3137700
2020-09-04,212.2871856689453,248.3999938964844,252.2700042724609,244.5800018310547,251.3300018310547,2910200
2020-09-08,206.1168365478516,241.17999267578125,246.9900054931641,239.52999877929688,246.22999572753903,3358600
2020-09-09,209.8686370849609,245.57000732421875,247.4900054931641,241.82000732421875,242.63999938964844,2244300
2020-09-10,205.65533447265625,240.63999938964844,246.13999938964844,238.8999938964844,244.5599975585937,2126400
2020-09-11,207.8516998291016,243.2100067138672,245.4900054931641,241.07000732421875,241.6999969482422,1899400
2020-09-14,210.87705993652344,246.75,247.83999633789065,244.25,244.83999633789065,2086500
2020-09-15,212.24447631835932,248.3500061035156,251.9199981689453,248.1000061035156,248.6999969482422,2243900
2020-09-16,211.74020385742188,247.759994506836,251.3500061035156,247.0,251.3500061035156,2325300
2020-09-17,212.01370239257807,248.0800018310547,249.72000122070312,243.0200042724609,243.52999877929688,2801100
2020-09-18,211.7060394287109,247.72000122070312,249.83999633789065,242.3500061035156,248.69000244140625,6042400
2020-09-21,207.8346099853516,243.19000244140625,247.0399932861328,238.1999969482422,247.0399932861328,2745300
2020-09-22,211.51803588867188,247.5,248.2899932861328,240.8999938964844,241.5500030517578,2172600
2020-09-23,207.32180786132807,242.58999633789065,249.22999572753903,241.47999572753903,247.3000030517578,2104300
2020-09-24,205.38186645507807,240.32000732421875,242.67999267578125,237.77999877929688,242.1499938964844,1827200
2020-09-25,208.37306213378903,243.82000732421875,244.17999267578125,237.8099975585937,239.509994506836,2635700
2020-09-28,211.1163330078125,247.02999877929688,249.0399932861328,244.7700042724609,247.67999267578125,2213900
2020-09-29,212.20172119140625,248.3000030517578,249.0500030517578,245.47999572753903,247.5500030517578,2008000
2020-09-30,217.2097930908203,254.16000366210932,256.1199951171875,248.1000061035156,249.8099975585937,3526600
2020-10-01,218.260971069336,255.38999938964844,258.510009765625,254.0500030517578,255.07000732421875,2428300
2020-10-02,209.7318725585937,245.41000366210932,254.66000366210932,244.009994506836,252.3999938964844,2514100
2020-10-05,218.7908477783203,256.010009765625,256.6499938964844,246.2400054931641,246.5200042724609,2852300
2020-10-06,215.95346069335932,252.69000244140625,257.3999938964844,252.13999938964844,257.3999938964844,2431400
2020-10-07,220.20950317382807,257.6700134277344,258.3999938964844,253.1000061035156,253.9600067138672,1842800
2020-10-08,205.18527221679688,240.08999633789065,250.0599975585937,239.0,249.2700042724609,5592300
2020-10-09,202.2881317138672,236.6999969482422,239.5800018310547,234.0200042724609,238.5,4183000
2020-10-12,204.68960571289065,239.509994506836,241.9199981689453,235.759994506836,237.72999572753903,2881600
2020-10-13,204.54432678222656,239.33999633789065,241.8699951171875,238.8699951171875,239.1999969482422,2065600
2020-10-14,203.1000213623047,237.6499938964844,242.2700042724609,237.1999969482422,240.3999938964844,2693600
2020-10-15,200.8437957763672,235.009994506836,236.9900054931641,232.8699951171875,236.0,2531000
2020-10-16,201.4506225585937,235.72000122070312,239.16000366210932,233.8000030517578,235.3500061035156,2059300
2020-10-19,197.16897583007807,230.7100067138672,237.44000244140625,230.009994506836,236.2100067138672,2749800
2020-10-20,197.50228881835932,231.1000061035156,232.8999938964844,229.3600006103516,231.0599975585937,1950100
2020-10-21,195.6819610595703,228.97000122070312,231.1100006103516,227.5399932861328,229.4600067138672,1978700
2020-10-22,194.8358764648437,227.97999572753903,229.92999267578125,226.16000366210932,228.1000061035156,2172900
2020-10-23,194.13507080078125,227.16000366210932,230.07000732421875,226.3000030517578,228.72000122070312,2104200
2020-10-26,192.1950836181641,224.88999938964844,228.22999572753903,221.7899932861328,226.0200042724609,3087100
2020-10-27,190.97303771972656,223.4600067138672,225.9499969482422,223.13999938964844,225.0599975585937,1934400
2020-10-28,184.9222717285156,216.3800048828125,221.0599975585937,215.92999267578125,219.0200042724609,2874000
2020-10-29,186.1529541015625,217.82000732421875,220.3300018310547,210.27999877929688,213.6300048828125,2994100
2020-10-30,185.4008636474609,216.94000244140625,217.2700042724609,213.9600067138672,216.22000122070312,3262500
2020-11-02,188.19549560546875,220.2100067138672,222.3699951171875,217.1999969482422,221.5599975585937,2029000
2020-11-03,188.06727600097656,220.0599975585937,223.0800018310547,218.4600067138672,221.759994506836,2533600
2020-11-04,196.84420776367188,230.3300018310547,235.97999572753903,225.1000061035156,226.2899932861328,3810000
2020-11-05,198.24581909179688,231.97000122070312,233.8300018310547,230.0,233.7700042724609,2070300
2020-11-06,197.9894256591797,231.6699981689453,233.2100067138672,230.0399932861328,232.66000366210932,2028500
2020-11-09,200.83529663085932,235.0,244.8000030517578,234.0,242.94000244140625,2996200
2020-11-10,206.4757843017578,241.6000061035156,245.83999633789065,239.47000122070312,244.0,3742800
2020-11-11,205.69810485839844,240.69000244140625,245.6699981689453,238.5,242.5200042724609,2244800
2020-11-12,202.66416931152344,237.13999938964844,240.88999938964844,235.63999938964844,240.5500030517578,2438200
2020-11-13,204.23013305664065,237.3600006103516,238.58999633789065,235.0,236.88999938964844,1767100
2020-11-16,203.6278533935547,236.66000366210932,239.82000732421875,235.259994506836,237.4199981689453,2069200
2020-11-17,199.9968719482422,232.44000244140625,236.92999267578125,232.1199951171875,235.009994506836,1935100
2020-11-18,195.97006225585932,227.759994506836,234.3699951171875,227.63999938964844,234.0500030517578,2466200
2020-11-19,193.31137084960932,224.6699981689453,226.97000122070312,223.58999633789065,226.97000122070312,2595700
2020-11-20,192.02072143554688,223.1699981689453,225.08999633789065,221.47999572753903,223.22000122070312,2956200
2020-11-23,191.2033233642578,222.22000122070312,223.1699981689453,220.33999633789065,222.0599975585937,2032600
2020-11-24,189.68899536132807,220.4600067138672,223.0500030517578,219.82000732421875,222.4499969482422,3198300
2020-11-25,189.55992126464844,220.3099975585937,223.7700042724609,218.9199981689453,221.1000061035156,2550300
2020-11-27,193.4318084716797,224.8099975585937,226.2100067138672,221.38999938964844,221.41000366210932,1698300
2020-11-30,191.04844665527344,222.0399932861328,225.27999877929688,219.4499969482422,224.3300018310547,4857700
2020-12-01,193.6641387939453,225.0800018310547,225.77999877929688,222.72000122070312,224.8800048828125,3050600
2020-12-02,194.9375762939453,226.5599975585937,230.0800018310547,224.6100006103516,225.0800018310547,2641200
2020-12-03,195.2387237548828,226.91000366210932,228.4499969482422,225.5200042724609,226.0,2167800
2020-12-04,197.2177124023437,229.2100067138672,230.3300018310547,225.75,225.75,2008800
2020-12-07,194.8428955078125,226.4499969482422,229.2100067138672,225.1100006103516,229.0,2250300
2020-12-08,196.9853515625,228.94000244140625,229.1000061035156,226.3500061035156,229.009994506836,2124500
2020-12-09,197.76840209960932,229.8500061035156,231.58999633789065,227.8800048828125,229.77999877929688,2210000
2020-12-10,196.3142547607422,228.16000366210932,230.0,227.5200042724609,229.6199951171875,1558100
2020-12-11,195.6603240966797,227.3999938964844,227.8000030517578,225.5,226.47000122070312,2019300
2020-12-14,197.4328155517578,229.4600067138672,232.19000244140625,227.5800018310547,229.47999572753903,2904700
2020-12-15,198.3534545898437,230.52999877929688,231.27999877929688,227.0,229.009994506836,2566600
2020-12-16,196.55519104003903,228.44000244140625,231.27999877929688,228.1100006103516,229.9900054931641,2589100
2020-12-17,198.96437072753903,231.2400054931641,231.3800048828125,228.8300018310547,229.1199951171875,2510400
2020-12-18,196.59817504882807,228.4900054931641,232.0399932861328,227.25,232.0399932861328,5888900
2020-12-21,195.5828857421875,227.3099975585937,227.94000244140625,221.5800018310547,225.67999267578125,2311400
2020-12-22,190.1450042724609,220.9900054931641,226.47999572753903,220.0800018310547,225.72000122070312,3571600
2020-12-23,191.8228302001953,222.94000244140625,223.5800018310547,220.66000366210932,221.47999572753903,1763500
2020-12-24,191.81423950195312,222.92999267578125,224.5800018310547,222.2899932861328,223.2400054931641,955400
2020-12-28,192.4337310791016,223.6499938964844,226.8999938964844,223.02999877929688,223.02999877929688,1495100
2020-12-29,195.20428466796875,226.8699951171875,229.47000122070312,225.2700042724609,225.8800048828125,1564400
2020-12-30,195.46243286132807,227.1699981689453,229.02999877929688,226.5800018310547,227.97999572753903,1891400
2020-12-31,197.82858276367188,229.9199981689453,230.25,225.88999938964844,227.3099975585937,1821000
2021-01-04,195.02362060546875,226.66000366210932,231.25,223.6699981689453,231.25,3088200
2021-01-05,195.97006225585932,227.759994506836,228.8999938964844,224.3500061035156,226.94000244140625,2494000
2021-01-06,200.6938018798828,233.25,233.52999877929688,225.0,225.0,3754800
2021-01-07,201.3563232421875,234.0200042724609,235.3699951171875,231.47000122070312,231.8600006103516,2647800
2021-01-08,205.20242309570312,238.4900054931641,238.8600006103516,235.1000061035156,235.52999877929688,2511100
2021-01-11,204.41082763671875,237.57000732421875,240.3500061035156,234.42999267578125,240.0,2600500
2021-01-12,203.567626953125,236.58999633789065,238.77999877929688,235.3500061035156,237.1199951171875,1771500
2021-01-13,204.5571136474609,237.7400054931641,238.5,235.22000122070312,235.9900054931641,1412300
2021-01-14,207.92999267578125,241.66000366210932,243.4900054931641,235.67999267578125,236.5,2594000
2021-01-15,211.2253875732422,245.4900054931641,246.83999633789065,240.0200042724609,241.17999267578125,2855200
2021-01-19,213.61734008789065,248.2700042724609,249.0,246.3800048828125,246.5,2172900
2021-01-20,217.1364898681641,252.3600006103516,253.3500061035156,246.1199951171875,247.4199981689453,2768200
2021-01-21,216.85256958007807,252.02999877929688,252.72999572753903,249.5200042724609,252.0,2215900
2021-01-22,218.1173553466797,253.5,255.22999572753903,250.5599975585937,252.259994506836,1866600
2021-01-25,221.2148895263672,257.1000061035156,257.1099853515625,251.8500061035156,252.0500030517578,1830700
2021-01-26,222.50552368164065,258.6000061035156,259.07000732421875,254.8600006103516,256.5899963378906,2008900
2021-01-27,216.0179748535156,251.0599975585937,259.44000244140625,250.32000732421875,255.47000122070312,3237900
2021-01-28,213.16993713378903,247.75,276.69000244140625,243.4499969482422,252.47999572753903,5205600
2021-01-29,207.7320709228516,241.42999267578125,246.47000122070312,240.25,244.92999267578125,3792800
2021-02-01,206.87159729003903,240.42999267578125,245.47999572753903,239.5800018310547,244.3000030517578,2173500
2021-02-02,206.9232635498047,240.4900054931641,241.9499969482422,236.8000030517578,240.0,2444200
2021-02-03,203.9892120361328,237.0800018310547,239.8699951171875,231.38999938964844,231.5599975585937,4479200
2021-02-04,204.1096954345703,237.22000122070312,237.8600006103516,233.75,236.27999877929688,2819700
2021-02-05,203.33529663085932,236.32000732421875,238.8800048828125,235.3800048828125,238.3099975585937,2421800
2021-02-08,204.41082763671875,237.57000732421875,239.6300048828125,235.8500061035156,237.9900054931641,2258200
2021-02-09,203.6192169189453,236.6499938964844,237.6699981689453,234.7899932861328,237.27999877929688,1996500
2021-02-10,205.17660522460932,238.4600067138672,240.3000030517578,236.6999969482422,238.3999938964844,2964400
2021-02-11,203.73764038085932,235.0399932861328,239.1300048828125,233.9900054931641,238.63999938964844,1633900
2021-02-12,205.6186981201172,237.2100067138672,237.3500061035156,233.4900054931641,235.0399932861328,1460300
2021-02-16,201.8306884765625,232.83999633789065,237.69000244140625,232.52999877929688,236.009994506836,2018100
2021-02-17,204.23175048828125,235.6100006103516,235.83999633789065,231.2400054931641,232.3300018310547,1575400
2021-02-18,201.5619659423828,232.52999877929688,235.42999267578125,232.3000030517578,235.42999267578125,1945300
2021-02-19,200.8338623046875,231.69000244140625,233.1499938964844,230.8500061035156,232.009994506836,2471500
2021-02-22,200.6431579589844,231.47000122070312,233.8000030517578,230.1199951171875,230.3300018310547,2334800
2021-02-23,201.50125122070312,232.4600067138672,238.0,230.97000122070312,232.6499938964844,2919200
2021-02-24,199.3601837158203,229.9900054931641,230.7899932861328,227.7100067138672,229.8699951171875,2690500
2021-02-25,197.2191925048828,227.5200042724609,230.5,226.8999938964844,229.9900054931641,2769200
2021-02-26,194.96543884277344,224.9199981689453,230.3099975585937,223.6199951171875,230.3099975585937,3453500
2021-03-01,196.80308532714844,227.0399932861328,227.92999267578125,225.22999572753903,225.8800048828125,2178100
2021-03-02,195.6329345703125,225.69000244140625,227.88999938964844,225.27999877929688,227.0,2407500
2021-03-03,194.11593627929688,223.94000244140625,225.69000244140625,221.3099975585937,223.5200042724609,2610600
2021-03-04,192.3563232421875,221.91000366210932,227.8699951171875,220.25,227.82000732421875,3577000
2021-03-05,197.40122985839844,227.72999572753903,228.1499938964844,221.4499969482422,222.4499969482422,3021300
2021-03-08,197.47055053710932,227.8099975585937,232.1999969482422,226.6999969482422,228.0800018310547,3101000
2021-03-09,198.493408203125,228.9900054931641,233.1199951171875,228.77999877929688,230.0,3057300
2021-03-10,199.3341827392578,229.9600067138672,233.4900054931641,229.0200042724609,231.4600067138672,2309800
2021-03-11,200.3830718994141,231.1699981689453,233.9600067138672,228.77999877929688,230.66000366210932,2244000
2021-03-12,199.68096923828125,230.3600006103516,230.759994506836,228.69000244140625,230.2400054931641,1752600
2021-03-15,204.53517150878903,235.9600067138672,236.16000366210932,229.8000030517578,230.0,2911000
2021-03-16,208.3144989013672,240.32000732421875,242.0200042724609,236.6199951171875,238.1199951171875,3386300
2021-03-17,211.7384490966797,244.2700042724609,245.8999938964844,239.22000122070312,240.3099975585937,3255500
2021-03-18,211.86846923828125,244.4199981689453,247.13999938964844,240.5,240.5,3063100
2021-03-19,213.18600463867188,245.94000244140625,247.3999938964844,241.6300048828125,245.7400054931641,12589900
2021-03-22,216.43658447265625,249.69000244140625,249.7700042724609,242.3600006103516,242.3600006103516,2059800
2021-03-23,212.4058837890625,245.0399932861328,250.0,244.8999938964844,249.9900054931641,2604700
2021-03-24,212.7786407470703,245.47000122070312,247.38999938964844,243.82000732421875,245.0,2237500
2021-03-25,213.45474243164065,246.25,247.5399932861328,244.97999572753903,247.0399932861328,2707600
2021-03-26,219.1844024658203,252.8600006103516,253.27999877929688,245.5399932861328,245.97000122070312,2638900
2021-03-29,221.0047607421875,254.9600067138672,256.6000061035156,251.4499969482422,251.52999877929688,2488100
2021-03-30,216.48861694335932,249.75,254.009994506836,248.8300018310547,253.17999267578125,1979000
2021-03-31,215.67379760742188,248.8099975585937,249.9499969482422,247.3600006103516,249.22999572753903,3571900
2021-04-01,215.9858856201172,249.1699981689453,250.0,246.41000366210932,249.72999572753903,2176900
2021-04-05,218.4563140869141,252.0200042724609,252.6300048828125,249.0599975585937,249.0599975585937,2230500
2021-04-06,215.9251708984375,249.1000061035156,252.5399932861328,248.2400054931641,251.7400054931641,2040100
2021-04-07,215.07571411132807,248.1199951171875,250.22000122070312,247.1000061035156,248.1699981689453,1583500
2021-04-08,214.0009002685547,246.8800048828125,249.47999572753903,245.97999572753903,249.1000061035156,1633600
2021-04-09,215.79513549804688,248.9499969482422,249.1000061035156,245.8099975585937,247.7100067138672,1368600
2021-04-12,215.78648376464844,248.94000244140625,250.0,247.7899932861328,248.5200042724609,1722000
2021-04-13,216.66197204589844,249.9499969482422,250.3500061035156,247.08999633789065,249.1499938964844,1766000
2021-04-14,216.37594604492188,249.6199951171875,251.5,249.0,249.97999572753903,1753800
2021-04-15,221.15213012695312,255.1300048828125,257.0,250.5,251.1000061035156,2366300
2021-04-16,221.65484619140625,255.7100067138672,258.82000732421875,254.6699981689453,256.44000244140625,2768700
2021-04-19,221.8802490234375,255.97000122070312,256.1099853515625,252.63999938964844,252.8500061035156,2345100
2021-04-20,224.62808227539065,259.1400146484375,260.3599853515625,254.83999633789065,254.83999633789065,1579300
2021-04-21,224.31602478027344,258.7799987792969,261.0,257.75,260.4100036621094,2173600
2021-04-22,221.08279418945312,255.0500030517578,258.4800109863281,253.66000366210932,257.5400085449219,3370700
2021-04-23,222.799072265625,257.0299987792969,258.1400146484375,253.6699981689453,254.97999572753903,2426900
2021-04-26,221.4901733398437,255.5200042724609,256.75,254.4199981689453,256.6499938964844,1782700
2021-04-27,221.15213012695312,255.1300048828125,256.5299987792969,253.759994506836,255.19000244140625,2184900
2021-04-28,205.18524169921875,236.7100067138672,243.97000122070312,233.759994506836,241.5200042724609,7550800
2021-04-29,203.4516448974609,234.7100067138672,236.0,231.02999877929688,235.07000732421875,4053400
2021-04-30,207.72506713867188,239.63999938964844,240.66000366210932,234.1999969482422,234.2700042724609,3420900
2021-05-03,212.7006072998047,245.3800048828125,247.0200042724609,240.5500030517578,240.6699981689453,3587700
2021-05-04,214.4169311523437,247.3600006103516,247.5800018310547,242.8699951171875,247.2700042724609,3555900
2021-05-05,216.1418914794922,249.3500061035156,249.97999572753903,245.91000366210932,246.2899932861328,2765100
2021-05-06,217.83221435546875,251.3000030517578,251.47999572753903,246.9600067138672,249.27999877929688,2790800
2021-05-07,220.35464477539065,254.2100067138672,255.72999572753903,251.77999877929688,251.77999877929688,2512700
2021-05-10,218.9763641357422,252.6199951171875,258.8099975585937,252.0599975585937,256.0,4079900
2021-05-11,218.69903564453125,252.3000030517578,255.9600067138672,251.6199951171875,253.16000366210932,2307100
2021-05-12,217.42477416992188,250.8300018310547,253.72000122070312,249.67999267578125,251.41000366210932,2431900
2021-05-13,218.49961853027344,252.07000732421875,254.08999633789065,249.7899932861328,250.1699981689453,3275300
2021-05-14,219.4336700439453,251.3800048828125,254.58999633789065,251.1499938964844,252.88999938964844,2286800
2021-05-17,220.3065948486328,252.3800048828125,254.66000366210932,250.63999938964844,252.2899932861328,1922200
2021-05-18,218.979736328125,250.8600006103516,253.1000061035156,250.32000732421875,252.0800018310547,1729400
2021-05-19,217.0331573486328,248.6300048828125,249.08999633789065,246.75,248.38999938964844,2652500
2021-05-20,219.91375732421875,251.92999267578125,254.38999938964844,247.91000366210932,248.009994506836,2227400
2021-05-21,219.11070251464844,251.009994506836,254.0599975585937,250.7400054931641,253.7100067138672,2177900
2021-05-24,216.26498413085932,247.75,253.47999572753903,247.57000732421875,250.5599975585937,2552000
2021-05-25,211.2457275390625,242.0,247.75,241.77999877929688,246.66000366210932,3210600
2021-05-26,208.23416137695312,238.5500030517578,242.47999572753903,238.3300018310547,241.83999633789065,3812100
2021-05-27,205.40591430664065,235.3099975585937,239.4600067138672,234.5800018310547,238.91000366210932,3701100
2021-05-28,207.70167541503903,237.94000244140625,240.8699951171875,236.1300048828125,236.2100067138672,3239300
2021-06-01,203.895736694336,233.5800018310547,242.27999877929688,232.94000244140625,242.1999969482422,3799600
2021-06-02,205.2749786376953,235.16000366210932,236.69000244140625,233.88999938964844,234.8999938964844,2266800
2021-06-03,205.78126525878903,235.7400054931641,236.5800018310547,233.3600006103516,233.6699981689453,2010600
2021-06-04,206.75021362304688,236.8500061035156,239.27999877929688,235.75,236.7400054931641,1875700
2021-06-07,207.0469970703125,237.19000244140625,240.57000732421875,235.1999969482422,236.9199981689453,2153800
2021-06-08,206.72398376464844,236.82000732421875,239.1199951171875,235.25,238.92999267578125,1638000
2021-06-09,209.0808868408203,239.5200042724609,241.3099975585937,236.72999572753903,237.9199981689453,3047700
2021-06-10,213.5502014160156,244.63999938964844,245.3300018310547,239.22000122070312,239.57000732421875,2655900
2021-06-11,211.91786193847656,242.7700042724609,245.5,241.97999572753903,244.8800048828125,2002300
2021-06-14,210.5386657714844,241.19000244140625,242.72000122070312,239.2899932861328,242.5599975585937,2083200
2021-06-15,209.3689422607422,239.8500061035156,241.97999572753903,239.0500030517578,241.7400054931641,2508800
2021-06-16,209.1332397460937,239.5800018310547,244.509994506836,238.0,240.8699951171875,3185600
2021-06-17,210.16326904296875,240.759994506836,242.42999267578125,238.33999633789065,239.5399932861328,2142800
2021-06-18,208.3475952148437,238.67999267578125,241.0,236.47000122070312,239.5800018310547,5560400
2021-06-21,209.7093963623047,240.2400054931641,240.91000366210932,237.6499938964844,239.63999938964844,2149000
2021-06-22,209.4213256835937,239.91000366210932,240.75,238.2899932861328,239.7100067138672,1780400
2021-06-23,208.3737945556641,238.7100067138672,239.75,236.92999267578125,239.6499938964844,1654300
2021-06-24,210.3291473388672,240.9499969482422,243.02999877929688,239.2899932861328,240.41000366210932,1943000
2021-06-25,211.8392944335937,242.67999267578125,243.6499938964844,240.1100006103516,241.63999938964844,4309900
2021-06-28,211.9789428710937,242.83999633789065,245.509994506836,242.66000366210932,244.02999877929688,1680700
2021-06-29,211.64727783203125,242.4600067138672,243.94000244140625,242.0599975585937,243.22000122070312,1337200
2021-06-30,212.7733154296875,243.75,244.2700042724609,242.0599975585937,242.72000122070312,2325100
2021-07-01,215.52301025390625,246.8999938964844,247.1000061035156,243.5500030517578,243.7400054931641,2091600
2021-07-02,217.09423828125,248.6999969482422,249.8999938964844,246.25,247.3300018310547,1943600
2021-07-06,212.68600463867188,243.6499938964844,248.1199951171875,243.1699981689453,247.259994506836,2792300
2021-07-07,212.31065368652344,243.22000122070312,244.27999877929688,241.33999633789065,244.07000732421875,2381700
2021-07-08,213.2359771728516,244.27999877929688,246.6999969482422,242.4499969482422,244.2400054931641,1994300
2021-07-09,214.0390472412109,245.1999969482422,245.92999267578125,241.7100067138672,243.08999633789065,1609900
2021-07-12,213.31448364257807,244.3699951171875,247.8999938964844,243.5399932861328,244.4900054931641,2149400
2021-07-13,213.71609497070312,244.8300018310547,246.75,242.97999572753903,245.38999938964844,1618200
2021-07-14,213.60260009765625,244.6999969482422,245.3300018310547,241.4900054931641,244.22000122070312,2185200
2021-07-15,215.2873077392578,246.6300048828125,247.57000732421875,242.13999938964844,244.3300018310547,2106700
2021-07-16,216.44830322265625,247.9600067138672,249.52999877929688,246.5399932861328,248.0800018310547,3141400
2021-07-19,215.37461853027344,246.72999572753903,249.9499969482422,244.8500061035156,247.8000030517578,2529900
2021-07-20,215.5142822265625,246.88999938964844,250.38999938964844,245.7100067138672,247.2700042724609,3035200
2021-07-21,213.7335205078125,244.8500061035156,246.9600067138672,242.69000244140625,246.91000366210932,1901900
2021-07-22,213.6375274658203,244.7400054931641,246.22000122070312,243.1300048828125,243.97999572753903,1379800
2021-07-23,216.23880004882807,247.72000122070312,248.5599975585937,244.8699951171875,246.2700042724609,1747300
2021-07-26,213.9343414306641,245.0800018310547,248.38999938964844,244.8099975585937,247.72000122070312,1518500
2021-07-27,213.58514404296875,244.67999267578125,245.6100006103516,243.3800048828125,244.1199951171875,2166400
2021-07-28,213.20977783203125,244.25,247.6999969482422,243.5200042724609,244.5500030517578,1649100
2021-07-29,211.64727783203125,242.4600067138672,245.16000366210932,242.2100067138672,244.4600067138672,1498900
2021-07-30,210.8441772460937,241.5399932861328,243.1000061035156,240.6300048828125,242.6199951171875,2284100
2021-08-02,209.3165435791016,239.7899932861328,242.47999572753903,238.3699951171875,242.1199951171875,1849400
2021-08-03,213.06138610839844,244.0800018310547,244.38999938964844,239.41000366210932,240.759994506836,2320400
2021-08-04,199.2955017089844,228.3099975585937,239.4199981689453,227.1000061035156,238.3699951171875,6952800
2021-08-05,204.253662109375,233.9900054931641,234.0399932861328,228.0599975585937,228.75,3294100
2021-08-06,200.90164184570312,230.1499938964844,233.25,228.7700042724609,231.8500061035156,2363800
2021-08-09,198.9288787841797,227.88999938964844,231.3999938964844,227.22000122070312,230.5200042724609,2250300
2021-08-10,198.989974975586,227.9600067138672,228.1999969482422,223.94000244140625,228.1999969482422,2860200
2021-08-11,199.13836669921875,228.1300048828125,230.0,227.4900054931641,229.13999938964844,2104900
2021-08-12,199.15582275390625,228.1499938964844,229.47999572753903,225.8099975585937,228.1999969482422,1798600
2021-08-13,200.4913787841797,229.67999267578125,231.88999938964844,228.759994506836,229.1100006103516,1797300
2021-08-16,203.2622985839844,231.07000732421875,231.2899932861328,227.9199981689453,228.259994506836,2434500
2021-08-17,203.37664794921875,231.1999969482422,231.27999877929688,229.5200042724609,229.66000366210932,2666500
2021-08-18,199.5413360595703,226.83999633789065,231.3300018310547,226.6000061035156,230.5200042724609,2988100
2021-08-19,197.3862152099609,224.38999938964844,227.6999969482422,223.3000030517578,225.69000244140625,2669000
2021-08-20,196.6297149658203,223.52999877929688,226.2400054931641,222.009994506836,224.38999938964844,2811600
2021-08-23,198.4857788085937,225.63999938964844,227.44000244140625,223.7700042724609,224.17999267578125,1932600
2021-08-24,197.3773956298828,224.3800048828125,225.67999267578125,223.5599975585937,225.5200042724609,1790400
2021-08-25,194.9231719970703,221.58999633789065,224.8300018310547,221.17999267578125,224.3099975585937,2173200
2021-08-26,194.817626953125,221.47000122070312,222.0599975585937,220.16000366210932,222.0599975585937,2844500
2021-08-27,195.96990966796875,222.77999877929688,225.3600006103516,220.22000122070312,222.22000122070312,2660900
2021-08-30,197.15750122070312,224.1300048828125,225.3099975585937,222.1000061035156,222.27999877929688,1881800
2021-08-31,198.38897705078125,225.52999877929688,225.6499938964844,223.33999633789065,224.94000244140625,2904700
2021-09-01,196.4713592529297,223.3500061035156,226.1199951171875,221.8800048828125,225.5500030517578,2699000
2021-09-02,198.7672576904297,225.9600067138672,226.02999877929688,223.42999267578125,223.63999938964844,1817800
2021-09-03,199.12794494628903,226.3699951171875,227.19000244140625,224.1999969482422,225.759994506836,1664100
2021-09-07,194.7032165527344,221.33999633789065,224.94000244140625,219.5200042724609,223.0,3281800
2021-09-08,194.289794921875,220.8699951171875,222.2899932861328,220.1000061035156,221.3300018310547,2140400
2021-09-09,189.63644409179688,215.5800018310547,220.6499938964844,215.41000366210932,220.5,3273600
2021-09-10,188.026611328125,213.75,216.9900054931641,213.5500030517578,216.5,2217800
2021-09-13,190.6392364501953,216.72000122070312,219.0500030517578,215.07000732421875,217.0599975585937,2553400
2021-09-14,190.0410614013672,216.0399932861328,217.9199981689453,215.1199951171875,217.6000061035156,1999300
2021-09-15,191.87957763671875,218.1300048828125,219.9199981689453,215.8600006103516,216.7700042724609,2555600
2021-09-16,191.20220947265625,217.3600006103516,218.6499938964844,214.0,218.0200042724609,2695600
2021-09-17,192.9791412353516,219.3800048828125,219.8800048828125,215.8699951171875,217.22999572753903,5659900
2021-09-20,189.2229766845703,215.1100006103516,219.8500061035156,214.27999877929688,218.3800048828125,3293000
2021-09-21,189.4429168701172,215.3600006103516,218.1000061035156,214.3600006103516,215.7100067138672,2112100
2021-09-22,187.92987060546875,213.63999938964844,216.5599975585937,213.4600067138672,216.5599975585937,2542800
2021-09-23,189.1701812744141,215.0500030517578,215.5599975585937,212.3000030517578,212.509994506836,2181500
2021-09-24,187.90350341796875,213.6100006103516,215.52999877929688,213.1999969482422,214.75,1908600
2021-09-27,187.46368408203125,213.1100006103516,214.9499969482422,212.6999969482422,213.25,1943000
2021-09-28,186.7247467041016,212.2700042724609,214.759994506836,211.6499938964844,212.3000030517578,2919000
2021-09-29,189.03823852539065,214.8999938964844,216.8000030517578,211.8500061035156,212.5,1900800
2021-09-30,187.0590362548828,212.6499938964844,216.6699981689453,212.5200042724609,215.7899932861328,2491900
2021-10-01,188.1762084960937,213.9199981689453,214.6100006103516,210.8000030517578,213.58999633789065,2629400
2021-10-04,185.99462890625,211.44000244140625,215.63999938964844,210.7700042724609,214.1000061035156,2856300
2021-10-05,186.3640899658203,211.8600006103516,213.9900054931641,211.0800018310547,211.2100067138672,2481900
2021-10-06,184.71034240722656,209.97999572753903,212.0800018310547,208.97000122070312,211.32000732421875,2928200
2021-10-07,183.95382690429688,209.1199951171875,212.4499969482422,208.52999877929688,208.52999877929688,3331700
2021-10-08,183.8043212890625,208.9499969482422,210.17999267578125,207.6499938964844,210.1300048828125,2349800
2021-10-11,181.8250732421875,206.6999969482422,209.88999938964844,206.58999633789065,209.0599975585937,1982200
2021-10-12,177.59390258789062,201.88999938964844,207.5599975585937,200.47000122070312,207.42999267578125,3544000
2021-10-13,179.10693359375,203.6100006103516,204.88999938964844,202.1000061035156,202.82000732421875,3303300
2021-10-14,181.89547729492188,206.77999877929688,207.5,204.4900054931641,204.4900054931641,3015100
2021-10-15,182.827880859375,207.83999633789065,209.0200042724609,206.22999572753903,208.4900054931641,3684600
2021-10-18,178.68472290039062,203.1300048828125,207.0,202.4499969482422,206.3600006103516,2812500
2021-10-19,181.89547729492188,206.77999877929688,206.8999938964844,203.0800018310547,204.4900054931641,2480500
2021-10-20,184.42886352539065,209.66000366210932,211.58999633789065,206.25,207.3999938964844,2308600
2021-10-21,183.8394927978516,208.9900054931641,210.259994506836,207.6699981689453,210.1499938964844,1921100
2021-10-22,184.0594024658203,209.2400054931641,210.5,208.5,209.6999969482422,1349300
2021-10-25,182.6431427001953,207.6300048828125,209.82000732421875,206.97000122070312,209.5,1916500
2021-10-26,183.56678771972656,208.67999267578125,209.97999572753903,207.6300048828125,208.1999969482422,1664400
2021-10-27,181.71951293945312,206.5800018310547,210.3999938964844,205.8099975585937,209.8699951171875,2003300
2021-10-28,182.23849487304688,207.1699981689453,209.4900054931641,205.6100006103516,207.08999633789065,2166500
2021-10-29,182.0625762939453,206.97000122070312,207.6999969482422,204.1999969482422,206.3500061035156,2592300
2021-11-01,184.543212890625,209.7899932861328,212.08999633789065,207.7700042724609,208.0,3105300
2021-11-02,188.47525024414065,214.259994506836,214.72000122070312,208.13999938964844,210.509994506836,3329300
2021-11-03,191.87957763671875,218.1300048828125,219.25,209.8000030517578,210.91000366210932,3775600
2021-11-04,189.06463623046875,214.92999267578125,218.4499969482422,211.72000122070312,218.3000030517578,2781300
2021-11-05,188.04425048828125,213.7700042724609,217.4199981689453,212.72999572753903,215.6100006103516,2300100
2021-11-08,185.93307495117188,211.3699951171875,214.44000244140625,210.92999267578125,214.0599975585937,2532900
2021-11-09,186.2321319580078,211.7100067138672,213.6999969482422,210.47000122070312,211.0200042724609,2296300
2021-11-10,187.55162048339844,213.2100067138672,215.5,212.52999877929688,213.27999877929688,2360400
2021-11-11,186.1001892089844,211.5599975585937,214.0800018310547,210.5599975585937,214.0800018310547,2615700
2021-11-12,185.95069885253903,211.38999938964844,212.8800048828125,210.3800048828125,212.3000030517578,4614100
2021-11-15,183.97254943847656,207.3999938964844,210.88999938964844,207.0800018310547,210.69000244140625,3129200
2021-11-16,182.1895904541016,205.38999938964844,209.0399932861328,205.2700042724609,208.02999877929688,2942500
2021-11-17,182.571029663086,205.82000732421875,207.3500061035156,203.6000061035156,205.2100067138672,3329300
2021-11-18,180.974365234375,204.0200042724609,206.22999572753903,203.72999572753903,205.6300048828125,4261500
2021-11-19,182.80165100097656,206.0800018310547,206.1999969482422,203.6699981689453,205.2700042724609,3217100
2021-11-22,179.83006286621094,202.72999572753903,206.3000030517578,200.75,205.4499969482422,2835100
2021-11-23,181.4267425537109,204.52999877929688,205.47999572753903,201.2700042724609,202.22999572753903,2149300
2021-11-24,180.9299774169922,203.97000122070312,205.27999877929688,202.9499969482422,204.3000030517578,1699800
2021-11-26,178.37533569335938,201.08999633789065,206.0,200.5200042724609,204.7400054931641,3197900
2021-11-29,180.4864654541016,203.47000122070312,204.8300018310547,201.58999633789065,202.47999572753903,2519900
2021-11-30,176.4149627685547,198.8800048828125,203.8699951171875,198.72999572753903,202.72999572753903,5400100
2021-12-01,178.1180877685547,200.8000030517578,205.63999938964844,198.63999938964844,200.44000244140625,3057700
2021-12-02,178.4462890625,201.1699981689453,203.1000061035156,199.3099975585937,200.72999572753903,2858200
2021-12-03,179.57281494140625,202.44000244140625,203.8000030517578,200.83999633789065,201.3800048828125,3591900
2021-12-06,185.2055053710937,208.7899932861328,211.7899932861328,205.97000122070312,206.3800048828125,3998600
2021-12-07,187.44976806640625,211.32000732421875,212.44000244140625,207.3600006103516,209.1499938964844,3309500
2021-12-08,189.4101104736328,213.52999877929688,213.91000366210932,210.42999267578125,212.88999938964844,2624400
2021-12-09,188.5585479736328,212.57000732421875,213.97999572753903,209.5,213.52999877929688,2699800
2021-12-10,187.0683135986328,210.88999938964844,214.4499969482422,210.009994506836,213.3000030517578,2812200
2021-12-13,187.5118865966797,211.38999938964844,213.19000244140625,209.0,210.42999267578125,2721300
2021-12-14,189.59637451171875,213.7400054931641,214.8099975585937,210.22999572753903,211.32000732421875,2602600
2021-12-15,194.4840087890625,219.25,219.5,213.1199951171875,214.0,3924500
2021-12-16,197.4378967285156,222.5800018310547,231.0399932861328,220.0,220.0,6027200
2021-12-17,197.3668975830078,222.5,224.16000366210932,219.32000732421875,222.69000244140625,6424000
2021-12-20,195.14041137695312,219.9900054931641,222.4900054931641,218.69000244140625,222.25,2922200
2021-12-21,195.96534729003903,220.9199981689453,223.25,219.9600067138672,220.5500030517578,2987500
2021-12-22,196.50645446777344,221.52999877929688,221.8999938964844,217.759994506836,220.0,2677700
2021-12-23,198.5111694335937,223.7899932861328,224.47999572753903,221.5,222.3699951171875,1668800
2021-12-27,199.7352905273437,225.1699981689453,225.4600067138672,222.6699981689453,223.8099975585937,1763200
2021-12-28,200.2675323486328,225.7700042724609,226.97999572753903,225.0500030517578,225.1699981689453,1304500
2021-12-29,201.8908233642578,227.6000061035156,228.2100067138672,224.9900054931641,225.5800018310547,1389400
2021-12-30,200.8884735107422,226.47000122070312,229.5500030517578,226.13999938964844,227.6000061035156,1507400
2021-12-31,199.55789184570312,224.97000122070312,227.7400054931641,224.8000030517578,226.259994506836,1668400
2022-01-03,201.0836181640625,226.69000244140625,226.97000122070312,222.02999877929688,223.6300048828125,2742800
2022-01-04,202.10366821289065,227.83999633789065,228.8000030517578,224.25,225.759994506836,2491700
2022-01-05,199.7086944580078,225.13999938964844,229.8699951171875,224.5200042724609,227.0399932861328,2806000
2022-01-06,199.7352905273437,225.1699981689453,226.66000366210932,223.69000244140625,225.13999938964844,2198300
2022-01-07,201.61582946777344,227.2899932861328,228.19000244140625,223.5399932861328,223.5399932861328,2343000
2022-01-10,204.3479156494141,230.3699951171875,230.63999938964844,226.0,229.25,3191900
2022-01-11,206.13088989257807,232.3800048828125,232.509994506836,228.1100006103516,230.47000122070312,2317900
2022-01-12,205.58090209960932,231.759994506836,232.6100006103516,228.5200042724609,232.3800048828125,1885800
2022-01-13,204.773681640625,230.8500061035156,233.22999572753903,230.3300018310547,232.0500030517578,2152900
2022-01-14,208.77426147460932,235.3600006103516,235.8000030517578,229.9900054931641,230.69000244140625,3012000
2022-01-18,207.4170837402344,233.8300018310547,234.7700042724609,231.6999969482422,233.5200042724609,3720400
2022-01-19,205.1728363037109,231.3000030517578,234.3300018310547,230.6999969482422,233.8000030517578,2061200
2022-01-20,203.0439300537109,228.8999938964844,233.72999572753903,228.8099975585937,233.72999572753903,2093700
2022-01-21,201.99722290039065,227.72000122070312,231.4600067138672,227.3099975585937,230.6000061035156,3534800
2022-01-24,200.54248046875,226.0800018310547,229.13999938964844,219.97999572753903,227.47999572753903,4419100
2022-01-25,199.6199951171875,225.0399932861328,227.5,222.2700042724609,223.67999267578125,2769900
2022-01-26,197.40237426757807,222.5399932861328,226.92999267578125,221.1199951171875,221.6199951171875,2861600
2022-01-27,198.6974334716797,224.0,228.0399932861328,222.3099975585937,222.3999938964844,2744000
2022-01-28,203.2568359375,229.13999938964844,229.1499938964844,222.25,224.0500030517578,2502100
2022-01-31,201.48277282714844,227.13999938964844,227.94000244140625,225.5200042724609,226.97999572753903,4504300
2022-02-01,202.84881591796875,228.67999267578125,229.1999969482422,225.5200042724609,227.13999938964844,2498200
2022-02-02,203.0705718994141,228.92999267578125,229.13999938964844,225.7400054931641,228.13999938964844,2397800
2022-02-03,198.7328948974609,224.0399932861328,229.0,223.75,228.66000366210932,3002400
2022-02-04,197.0209503173828,222.1100006103516,224.759994506836,220.97000122070312,222.1199951171875,3162000
2022-02-07,198.28054809570312,223.52999877929688,224.759994506836,220.6300048828125,222.08999633789065,3596400
2022-02-08,213.7860565185547,241.009994506836,244.7100067138672,232.2100067138672,232.94000244140625,8394800
2022-02-09,210.39752197265625,237.19000244140625,241.0399932861328,235.32000732421875,241.0399932861328,5075200
2022-02-10,202.97300720214844,228.82000732421875,236.13999938964844,227.7100067138672,235.0,5035000
2022-02-11,202.4230194091797,228.1999969482422,231.47000122070312,228.1499938964844,228.5200042724609,3557700
2022-02-14,200.64268493652344,224.2700042724609,226.92999267578125,220.8600006103516,226.6100006103516,3931500
2022-02-15,200.34744262695312,223.94000244140625,226.16000366210932,221.22000122070312,225.0,2474500
2022-02-16,199.2022857666016,222.66000366210932,225.1000061035156,221.0399932861328,223.47000122070312,2369000
2022-02-17,198.32553100585932,221.67999267578125,223.2899932861328,219.42999267578125,221.47999572753903,2157000
2022-02-18,197.51141357421875,220.7700042724609,223.97999572753903,219.7899932861328,220.97000122070312,2795800
2022-02-22,198.08401489257807,221.41000366210932,222.8999938964844,219.3000030517578,220.759994506836,2835900
2022-02-23,197.71717834472656,221.0,223.75,220.6199951171875,222.67999267578125,2994800
2022-02-24,196.16944885253903,219.2700042724609,219.8999938964844,214.38999938964844,218.92999267578125,3746700
2022-02-25,203.11187744140625,227.02999877929688,228.13999938964844,221.9600067138672,222.4900054931641,3557100
2022-02-28,202.61984252929688,226.47999572753903,226.75,222.52999877929688,224.02999877929688,4738100
2022-03-01,201.483627319336,225.2100067138672,227.7899932861328,223.7400054931641,225.27999877929688,4573500
2022-03-02,204.507568359375,228.58999633789065,230.3999938964844,224.6499938964844,225.0399932861328,3387200
2022-03-03,208.130859375,232.63999938964844,234.2700042724609,230.009994506836,230.8800048828125,3638400
2022-03-04,208.37242126464844,232.91000366210932,235.7400054931641,230.13999938964844,230.6999969482422,3764400
2022-03-07,209.669677734375,234.3600006103516,239.66000366210932,231.22999572753903,231.2899932861328,3713200
2022-03-08,206.7531280517578,231.1000061035156,236.8800048828125,230.5599975585937,233.8600006103516,2974900
2022-03-09,207.07522583007807,231.4600067138672,234.52999877929688,230.42999267578125,234.22999572753903,2640900
2022-03-10,203.04034423828125,226.9499969482422,230.4199981689453,226.0800018310547,229.66000366210932,3957200
2022-03-11,204.7401580810547,228.8500061035156,230.02999877929688,226.7700042724609,228.1100006103516,2667000
2022-03-14,205.062255859375,229.2100067138672,232.4499969482422,228.9199981689453,231.0800018310547,2902700
2022-03-15,207.16465759277344,231.5599975585937,233.0599975585937,228.1100006103516,231.3800048828125,3178200
2022-03-16,207.26307678222656,231.6699981689453,232.5200042724609,228.4499969482422,232.5200042724609,4220300
2022-03-17,211.0116424560547,235.8600006103516,236.57000732421875,231.22000122070312,231.72000122070312,3262300
2022-03-18,211.3605499267578,236.25,236.3999938964844,232.75,234.91000366210932,7617100
2022-03-21,211.42318725585932,236.32000732421875,240.32000732421875,234.72999572753903,237.07000732421875,2385200
2022-03-22,211.557373046875,236.47000122070312,237.5200042724609,234.5399932861328,236.32000732421875,2212200
2022-03-23,209.5086212158203,234.17999267578125,239.3800048828125,234.0399932861328,237.2899932861328,2533100
2022-03-24,211.9152374267578,236.8699951171875,237.8500061035156,234.0,235.8000030517578,2349000
2022-03-25,213.6329803466797,238.7899932861328,239.4900054931641,236.2100067138672,236.8699951171875,1424500
2022-03-28,215.13595581054688,240.47000122070312,240.57000732421875,237.97999572753903,238.82000732421875,2045300
2022-03-29,216.0932464599609,241.5399932861328,242.6100006103516,238.6100006103516,241.66000366210932,2230600
2022-03-30,217.0147399902344,242.57000732421875,244.72999572753903,242.0200042724609,243.57000732421875,2593300
2022-03-31,216.3437347412109,241.82000732421875,245.47999572753903,241.67999267578125,244.17999267578125,3102800
2022-04-01,217.5067901611328,243.1199951171875,243.9499969482422,240.72999572753903,243.02999877929688,1883900
2022-04-04,219.0723876953125,244.8699951171875,246.4499969482422,242.6499938964844,242.83999633789065,3518800
2022-04-05,218.79507446289065,244.5599975585937,248.75,243.7400054931641,243.7400054931641,2180800
2022-04-06,223.59933471679688,249.92999267578125,251.4600067138672,244.8500061035156,244.8500061035156,3869000
2022-04-07,225.1291656494141,251.63999938964844,252.72999572753903,249.0200042724609,249.1999969482422,2674400
2022-04-08,225.4691619873047,252.0200042724609,253.88999938964844,250.5399932861328,251.52999877929688,2745800
2022-04-11,224.44029235839844,250.8699951171875,258.45001220703125,250.1499938964844,253.6000061035156,2975200
2022-04-12,223.69772338867188,250.0399932861328,252.5500030517578,246.7700042724609,250.97000122070312,2261100
2022-04-13,226.8021545410156,253.509994506836,253.97000122070312,249.7700042724609,251.13999938964844,2402800
2022-04-14,227.25845336914065,254.0200042724609,257.57000732421875,253.6499938964844,254.3999938964844,2861800
2022-04-18,225.3886108398437,251.92999267578125,255.38999938964844,251.1499938964844,252.4900054931641,3615500
2022-04-19,226.6769561767578,253.3699951171875,255.72999572753903,250.3500061035156,252.4900054931641,2355100
2022-04-20,228.4751739501953,255.3800048828125,256.8999938964844,253.5,254.07000732421875,1888100
2022-04-21,228.54673767089844,255.4600067138672,258.3900146484375,254.9499969482422,256.4100036621094,2117300
2022-04-22,223.97509765625,250.3500061035156,255.8999938964844,250.0599975585937,254.1000061035156,2617800
2022-04-25,225.6033477783203,252.1699981689453,252.6499938964844,247.91000366210932,251.009994506836,2271000
2022-04-26,223.54562377929688,249.8699951171875,253.0,249.72000122070312,250.3000030517578,3306000
2022-04-27,222.5794219970703,248.7899932861328,252.0200042724609,246.44000244140625,249.0399932861328,2973500
2022-04-28,213.04248046875,238.1300048828125,242.91000366210932,231.1499938964844,235.72999572753903,6609500
2022-04-29,208.62294006347656,233.19000244140625,240.47999572753903,232.7400054931641,236.5,4029300
2022-05-02,206.5920867919922,230.9199981689453,234.0500030517578,227.32000732421875,233.3699951171875,4154800
2022-05-03,207.72830200195312,232.19000244140625,234.19000244140625,229.6000061035156,233.75,2443800
2022-05-04,211.2263336181641,236.1000061035156,237.1100006103516,231.3999938964844,232.57000732421875,2494900
2022-05-05,209.66070556640625,234.3500061035156,238.83999633789065,232.2400054931641,235.5,3357100
2022-05-06,211.584213256836,236.5,237.4600067138672,231.75,231.759994506836,4682100
2022-05-09,214.0355682373047,239.2400054931641,242.77999877929688,234.5399932861328,236.5800018310547,4376300
2022-05-10,215.35069274902344,240.7100067138672,244.41000366210932,240.47000122070312,242.2100067138672,4234800
2022-05-11,215.2880706787109,240.63999938964844,243.3800048828125,239.2100067138672,240.3600006103516,3411700
2022-05-12,218.9382476806641,244.72000122070312,244.83999633789065,239.0500030517578,240.0599975585937,3733300
2022-05-13,217.7572784423828,243.3999938964844,245.0,241.2899932861328,244.63999938964844,2631900
2022-05-16,219.93072509765625,243.8699951171875,245.1100006103516,241.16000366210932,241.2400054931641,2414500
2022-05-17,221.2654266357422,245.3500061035156,246.22000122070312,239.259994506836,245.13999938964844,2344100
2022-05-18,220.01190185546875,243.9600067138672,247.2899932861328,243.0,246.4900054931641,3376800
2022-05-19,220.74237060546875,244.7700042724609,245.8600006103516,241.8600006103516,242.3500061035156,2414200
2022-05-20,223.20437622070312,247.5,247.66000366210932,242.9600067138672,244.0599975585937,3860500
2022-05-23,224.5931854248047,249.0399932861328,251.0500030517578,247.8800048828125,249.67999267578125,2272600
2022-05-24,227.1634521484375,251.88999938964844,252.3999938964844,248.3300018310547,248.6699981689453,2667300
2022-05-25,228.17349243164065,253.009994506836,254.8099975585937,250.02999877929688,253.0,3538400
2022-05-26,228.20957946777344,253.0500030517578,255.6100006103516,252.0800018310547,253.38999938964844,2222300
2022-05-27,230.2026214599609,255.259994506836,256.2300109863281,250.9199981689453,253.5,2678900
2022-05-31,231.53732299804688,256.739990234375,257.260009765625,251.009994506836,255.0,6737500
2022-06-01,228.5432586669922,253.4199981689453,257.9700012207031,251.3500061035156,257.8800048828125,2664600
2022-06-02,223.90782165527344,248.27999877929688,252.72999572753903,243.8500061035156,252.6199951171875,3916200
2022-06-03,224.06109619140625,248.4499969482422,250.69000244140625,247.72000122070312,248.3000030517578,2086500
2022-06-06,221.3466033935547,245.44000244140625,248.8300018310547,243.6100006103516,248.3300018310547,2413700
2022-06-07,222.2213897705078,246.41000366210932,246.8000030517578,243.3699951171875,244.6499938964844,2693800
2022-06-08,221.3826904296875,245.47999572753903,246.8800048828125,243.5800018310547,246.66000366210932,2353900
2022-06-09,218.01882934570312,241.75,246.72000122070312,241.44000244140625,244.72000122070312,2695200
2022-06-10,216.44956970214844,240.009994506836,242.0800018310547,237.3999938964844,240.0200042724609,2910900
2022-06-13,213.52767944335932,236.7700042724609,239.0500030517578,235.9900054931641,237.94000244140625,4462300
2022-06-14,212.56268310546875,235.6999969482422,238.6999969482422,233.44000244140625,236.97000122070312,3020800
2022-06-15,212.4544982910156,235.5800018310547,237.259994506836,231.97999572753903,236.52999877929688,3076700
2022-06-16,208.06256103515625,230.7100067138672,234.5399932861328,229.58999633789065,233.6000061035156,4102700
2022-06-17,211.6789093017578,234.72000122070312,238.25,229.4900054931641,230.1300048828125,13114500
2022-06-21,215.0066680908203,238.41000366210932,238.8600006103516,233.92999267578125,236.83999633789065,3882200
2022-06-22,216.56690979003903,240.13999938964844,242.33999633789065,236.8999938964844,237.1699981689453,4172900
2022-06-23,219.22726440429688,243.08999633789065,244.0200042724609,240.91000366210932,241.72000122070312,3229600
2022-06-24,221.28347778320312,245.3699951171875,246.0,242.8800048828125,244.0,4527700
2022-06-27,220.81451416015625,244.8500061035156,246.2899932861328,244.02999877929688,245.1699981689453,2767500
2022-06-28,219.6060485839844,243.509994506836,247.5800018310547,243.38999938964844,245.92999267578125,2430100
2022-06-29,221.3375701904297,245.42999267578125,247.1000061035156,243.72000122070312,246.259994506836,2610400
2022-06-30,219.4166717529297,243.3000030517578,245.0,240.72999572753903,244.1699981689453,3033800
2022-07-01,221.44581604003903,245.5500030517578,246.0,240.72000122070312,243.25,2745500
2022-07-05,222.5099334716797,246.72999572753903,246.7400054931641,242.32000732421875,245.19000244140625,2483600
2022-07-06,221.1752319335937,245.25,248.0800018310547,244.5399932861328,246.6199951171875,4320500
2022-07-07,223.1322326660156,247.4199981689453,248.02999877929688,244.2899932861328,244.5,3068200
2022-07-08,224.08816528320312,248.47999572753903,250.2400054931641,247.1999969482422,248.1499938964844,2215400
2022-07-11,223.45687866210932,247.77999877929688,250.1100006103516,246.9900054931641,249.27999877929688,1805000
2022-07-12,222.7263946533203,246.97000122070312,250.08999633789065,245.67999267578125,247.77999877929688,2699300
2022-07-13,222.8346099853516,247.08999633789065,248.75,245.16000366210932,246.3699951171875,2498000
2022-07-14,221.4818572998047,245.58999633789065,246.82000732421875,242.9499969482422,245.0200042724609,2886400
2022-07-15,224.2775421142578,248.69000244140625,249.1300048828125,245.44000244140625,247.38999938964844,2805500
2022-07-18,219.90362548828125,243.83999633789065,249.4499969482422,242.9199981689453,248.5500030517578,2231400
2022-07-19,223.04205322265625,247.32000732421875,247.77999877929688,245.0399932861328,246.9600067138672,3375000
2022-07-20,222.41976928710932,246.6300048828125,248.4600067138672,244.6499938964844,246.6999969482422,2664600
2022-07-21,221.6531982421875,245.77999877929688,246.8000030517578,243.6100006103516,245.7400054931641,2009500
2022-07-22,221.80650329589844,245.9499969482422,249.1300048828125,245.22000122070312,246.8000030517578,1843600
2022-07-25,224.3046112060547,248.72000122070312,249.08999633789065,246.5599975585937,246.8600006103516,1771100
2022-07-26,226.48709106445312,251.13999938964844,253.7700042724609,248.75,249.6300048828125,2528600
2022-07-27,227.01011657714844,251.72000122070312,252.75,248.08999633789065,249.16000366210932,2180900
2022-07-28,225.2335205078125,249.75,251.72000122070312,245.72999572753903,251.72000122070312,2214400
2022-07-29,223.1773223876953,247.47000122070312,249.57000732421875,245.7400054931641,248.4600067138672,3289700
2022-08-01,221.52696228027344,245.63999938964844,248.16000366210932,244.6499938964844,247.33999633789065,1960500
2022-08-02,219.96676635742188,243.91000366210932,247.8500061035156,243.77999877929688,246.69000244140625,2295100
2022-08-03,222.87969970703125,247.13999938964844,249.3300018310547,245.17999267578125,245.94000244140625,2061400
2022-08-04,222.7354431152344,246.97999572753903,249.0,246.1999969482422,247.0,2650600
2022-08-05,222.0770721435547,246.25,247.0800018310547,241.7899932861328,246.4600067138672,2723900
2022-08-08,223.0149688720703,247.2899932861328,247.7400054931641,244.3099975585937,245.0,2784400
2022-08-09,223.97994995117188,248.3600006103516,249.72000122070312,247.2100067138672,247.2100067138672,2061600
2022-08-10,227.34378051757807,252.08999633789065,252.4600067138672,248.52999877929688,249.8099975585937,2628600
2022-08-11,223.970932006836,248.3500061035156,253.3600006103516,247.9900054931641,252.0399932861328,2686900
2022-08-12,224.00701904296875,248.38999938964844,249.8500061035156,246.3000030517578,248.5200042724609,3461100
2022-08-15,226.4329071044922,251.0800018310547,251.52999877929688,247.8800048828125,249.07000732421875,2659100
2022-08-16,228.2997283935547,253.1499938964844,254.16000366210932,251.66000366210932,251.8600006103516,2206100
2022-08-17,227.72720336914065,250.5800018310547,252.6499938964844,249.75,251.19000244140625,1882200
2022-08-18,226.9274444580078,249.6999969482422,251.0399932861328,247.9499969482422,250.92999267578125,1888800
2022-08-19,227.98165893554688,250.8600006103516,252.009994506836,247.6300048828125,247.6300048828125,2207500
2022-08-22,224.3828125,246.8999938964844,251.22999572753903,246.5399932861328,249.97999572753903,3078300
2022-08-23,222.1744079589844,244.47000122070312,246.69000244140625,242.8500061035156,246.69000244140625,2659700
2022-08-24,222.192611694336,244.4900054931641,244.97999572753903,242.6100006103516,243.57000732421875,2329200
2022-08-25,223.2740478515625,245.67999267578125,246.0599975585937,243.8099975585937,246.009994506836,1725400
2022-08-26,218.70278930664065,240.6499938964844,246.3600006103516,240.4499969482422,244.0500030517578,2969400
2022-08-29,217.5486297607422,239.3800048828125,241.02999877929688,238.009994506836,238.83999633789065,2113000
2022-08-30,217.3123321533203,239.1199951171875,240.3099975585937,238.2899932861328,239.8800048828125,3673000
2022-08-31,218.3847198486328,240.3000030517578,243.88999938964844,239.8500061035156,241.58999633789065,4303900
2022-09-01,223.1104736328125,245.5,245.7400054931641,240.7400054931641,241.1199951171875,2488200
2022-09-02,220.2659454345703,242.3699951171875,247.77999877929688,241.33999633789065,246.47999572753903,2325100
2022-09-06,220.1295928955078,242.22000122070312,244.58999633789065,241.5399932861328,243.7400054931641,2102600
2022-09-07,222.46522521972656,244.7899932861328,245.32000732421875,242.2700042724609,242.8000030517578,2127300
2022-09-08,223.06504821777344,245.4499969482422,246.0,242.91000366210932,244.8000030517578,2895800
2022-09-09,225.1007537841797,247.69000244140625,249.22999572753903,245.02999877929688,245.4499969482422,2318000
2022-09-12,215.9491271972656,237.6199951171875,241.6999969482422,235.1100006103516,238.0,6294600
2022-09-13,206.17044067382807,226.8600006103516,237.13999938964844,226.6199951171875,237.02999877929688,4447200
2022-09-14,207.3155212402344,228.1199951171875,228.77999877929688,226.1300048828125,227.52999877929688,2715600
2022-09-15,206.89749145507807,227.66000366210932,229.009994506836,225.8600006103516,228.1000061035156,2206100
2022-09-16,210.0601043701172,231.13999938964844,232.22000122070312,226.6100006103516,226.88999938964844,4604100
2022-09-19,209.7147827148437,230.759994506836,230.8600006103516,227.1000061035156,230.63999938964844,1981400
2022-09-20,206.94290161132807,227.7100067138672,229.9900054931641,226.52999877929688,228.5,1745900
2022-09-21,203.9893493652344,224.4600067138672,230.6199951171875,224.3600006103516,229.1300048828125,2186300
2022-09-22,206.9792633056641,227.75,229.3699951171875,223.3000030517578,223.5500030517578,2081200
2022-09-23,206.2703857421875,226.97000122070312,228.6100006103516,224.5599975585937,227.9900054931641,2148600
2022-09-26,206.17953491210932,226.8699951171875,228.63999938964844,225.3800048828125,226.7700042724609,2454000
2022-09-27,205.3798065185547,225.9900054931641,229.9600067138672,225.0200042724609,226.97000122070312,2009800
2022-09-28,209.91470336914065,230.97999572753903,231.8699951171875,227.7400054931641,229.9600067138672,2782400
2022-09-29,207.5791015625,228.41000366210932,231.5500030517578,226.97000122070312,231.5500030517578,2335700
2022-09-30,204.84359741210932,225.3999938964844,230.0,225.1699981689453,228.4199981689453,2543400
2022-10-03,209.42393493652344,230.44000244140625,230.9499969482422,226.4199981689453,228.2700042724609,2521700
2022-10-04,211.7686767578125,233.0200042724609,234.08999633789065,229.8000030517578,230.97999572753903,2331000
2022-10-05,212.49571228027344,233.82000732421875,235.4199981689453,230.9600067138672,232.6300048828125,2060400
2022-10-06,209.8783416748047,230.94000244140625,233.13999938964844,230.22999572753903,232.5200042724609,1523800
2022-10-07,208.14254760742188,229.02999877929688,231.5200042724609,228.57000732421875,230.0,2060000
2022-10-10,210.97799682617188,232.1499938964844,234.13999938964844,229.88999938964844,231.0800018310547,1630100
2022-10-11,223.05596923828125,245.44000244140625,250.47999572753903,237.83999633789065,239.4900054931641,6256000
2022-10-12,223.9647674560547,246.44000244140625,248.72999572753903,243.41000366210932,244.3600006103516,2639800
2022-10-13,228.708724975586,251.66000366210932,252.3699951171875,242.83999633789065,244.7700042724609,3288900
2022-10-14,228.4178771972656,251.33999633789065,253.1100006103516,250.22999572753903,252.0,2864400
2022-10-17,229.8628845214844,252.92999267578125,253.4199981689453,249.4900054931641,251.4199981689453,2577100
2022-10-18,229.1267547607422,252.1199951171875,254.6999969482422,251.02999877929688,253.8600006103516,2060000
2022-10-19,225.55514526367188,248.19000244140625,252.3500061035156,246.94000244140625,251.3099975585937,1883000
2022-10-20,224.8826446533203,247.4499969482422,249.0599975585937,246.009994506836,247.5500030517578,2058000
2022-10-21,228.96316528320312,251.94000244140625,252.38999938964844,247.009994506836,247.5200042724609,3531200
2022-10-24,237.4877014160156,261.32000732421875,261.5899963378906,254.8999938964844,254.9499969482422,2883200
2022-10-25,236.279037475586,259.989990234375,261.7900085449219,257.19000244140625,260.489990234375,2548900
2022-10-26,242.3406982421875,266.6600036621094,267.9800109863281,261.510009765625,262.989990234375,3008900
2022-10-27,242.85873413085932,267.2300109863281,269.3099975585937,265.8800048828125,268.0,2260900
2022-10-28,248.83865356445312,273.8099975585937,274.5400085449219,269.1199951171875,269.67999267578125,2924100
2022-10-31,245.69418334960932,270.3500061035156,271.8099975585937,268.0,269.20001220703125,3033600
2022-11-01,247.2482452392578,272.0599975585937,272.8699951171875,268.3800048828125,269.6000061035156,2062600
2022-11-02,244.4763641357422,269.010009765625,274.8800048828125,268.95001220703125,271.6400146484375,2637300
2022-11-03,241.63186645507807,265.8800048828125,268.6000061035156,265.0199890136719,268.5299987792969,2779500
2022-11-04,244.50369262695312,269.0400085449219,269.29998779296875,259.8399963378906,261.94000244140625,3402000
2022-11-07,251.75588989257807,277.0199890136719,277.4800109863281,267.75,268.1499938964844,2926700
2022-11-08,265.7241516113281,292.3900146484375,296.6700134277344,282.2200012207031,282.57000732421875,6911300
2022-11-09,263.2339782714844,289.6499938964844,296.2200012207031,289.260009765625,290.0,3469100
2022-11-10,264.47003173828125,291.010009765625,294.4800109863281,285.3500061035156,294.0799865722656,4083200
2022-11-11,259.0262756347656,285.0199890136719,289.3599853515625,279.6199951171875,288.54998779296875,3255100
2022-11-14,259.2807006835937,285.29998779296875,290.8999938964844,284.70001220703125,284.70001220703125,2812800
2022-11-15,257.7358093261719,283.6000061035156,289.42999267578125,280.2200012207031,286.0199890136719,2763200
2022-11-16,259.6665954589844,283.7699890136719,286.989990234375,282.5599975585937,284.0199890136719,2443500
2022-11-17,262.896728515625,287.29998779296875,288.79998779296875,282.6600036621094,282.9200134277344,2172000
2022-11-18,262.8875427246094,287.2900085449219,288.739990234375,284.42999267578125,284.42999267578125,2371700
2022-11-21,263.6836242675781,288.1600036621094,291.6000061035156,287.8999938964844,289.0899963378906,2795100
2022-11-22,262.6679382324219,287.04998779296875,289.3999938964844,283.5199890136719,288.010009765625,3636000
2022-11-23,259.3279724121094,283.3999938964844,289.5400085449219,281.6000061035156,287.44000244140625,2875600
2022-11-25,259.6391296386719,283.739990234375,285.57000732421875,281.4100036621094,281.95001220703125,1220700
2022-11-28,258.6142272949219,282.6199951171875,288.2799987792969,282.19000244140625,285.0,2375900
2022-11-29,258.03778076171875,281.989990234375,283.3800048828125,279.67999267578125,283.3800048828125,2135300
2022-11-30,262.0731506347656,286.3999938964844,287.9599914550781,278.92999267578125,282.5599975585937,5776200
2022-12-01,261.6522521972656,285.94000244140625,288.0899963378906,279.8800048828125,288.0,2914600
2022-12-02,261.2587280273437,285.510009765625,286.1199951171875,283.19000244140625,284.0599975585937,2267000
2022-12-05,260.7097473144531,284.9100036621094,286.7799987792969,283.0,283.7900085449219,3274700
2022-12-06,259.2273254394531,283.2900085449219,287.44000244140625,281.69000244140625,285.8399963378906,2608800
2022-12-07,261.48760986328125,285.760009765625,285.92999267578125,281.8099975585937,283.4100036621094,2492600
2022-12-08,261.31365966796875,285.57000732421875,286.5899963378906,283.739990234375,286.510009765625,1769800
2022-12-09,254.9814453125,278.6499938964844,285.1700134277344,278.3399963378906,284.19000244140625,2205700
2022-12-12,253.27029418945312,276.7799987792969,279.4800109863281,272.6300048828125,272.82000732421875,3427400
2022-12-13,249.1342315673828,272.260009765625,282.6700134277344,271.6199951171875,282.0199890136719,3871300
2022-12-14,248.1002197265625,271.1300048828125,273.3699951171875,267.2900085449219,271.9700012207031,3795000
2022-12-15,243.53407287597656,266.1400146484375,271.1199951171875,263.45001220703125,270.44000244140625,3200400
2022-12-16,244.6961669921875,267.4100036621094,267.9800109863281,264.3099975585937,264.95001220703125,8789000
2022-12-19,243.1314697265625,265.70001220703125,268.9100036621094,263.8099975585937,266.82000732421875,2679800
2022-12-20,242.2621154785156,264.75,267.67999267578125,262.82000732421875,266.69000244140625,1609100
2022-12-21,243.6438751220703,266.260009765625,267.3999938964844,264.25,264.8800048828125,2057000
2022-12-22,242.72879028320312,265.260009765625,266.1700134277344,263.19000244140625,265.79998779296875,1979100
2022-12-23,241.502670288086,263.9200134277344,265.2900085449219,262.8999938964844,264.8800048828125,1465500
2022-12-27,241.0176239013672,263.3900146484375,266.6099853515625,262.8800048828125,265.69000244140625,1604700
2022-12-28,239.2149658203125,261.4200134277344,265.6199951171875,261.1400146484375,264.4200134277344,1349500
2022-12-29,240.8071746826172,263.1600036621094,264.8800048828125,262.1400146484375,262.4700012207031,1446400
2022-12-30,240.3313446044922,262.6400146484375,263.2300109863281,259.510009765625,262.7300109863281,1622000
2023-01-03,239.4254302978516,261.6499938964844,262.6000061035156,258.8699951171875,260.8699951171875,2594800
2023-01-04,241.93272399902344,264.3900146484375,265.010009765625,261.0,263.010009765625,1773800
2023-01-05,244.19288635253903,266.8599853515625,268.0,262.5199890136719,264.07000732421875,2056000
2023-01-06,251.8245086669922,275.20001220703125,276.82000732421875,269.0299987792969,270.0400085449219,2887800
2023-01-09,247.17599487304688,270.1199951171875,275.5799865722656,268.6600036621094,275.5799865722656,2160700
2023-01-10,250.61666870117188,273.8800048828125,274.6099853515625,270.1099853515625,271.95001220703125,1783400
2023-01-11,249.7290496826172,272.9100036621094,276.8399963378906,270.17999267578125,275.9700012207031,2044400
2023-01-12,247.9080047607422,270.9200134277344,272.6499938964844,268.8900146484375,271.9200134277344,1454100
2023-01-13,248.64926147460932,271.7300109863281,272.2300109863281,270.20001220703125,270.94000244140625,1696800
2023-01-17,246.5354766845703,269.4200134277344,273.8299865722656,268.8299865722656,272.20001220703125,2472800
2023-01-18,241.93272399902344,264.3900146484375,270.5199890136719,263.6499938964844,269.4200134277344,2218100
2023-01-19,239.77316284179688,262.0299987792969,263.5199890136719,260.92999267578125,262.0,2090500
2023-01-20,240.88038635253903,263.239990234375,263.8399963378906,259.8699951171875,262.0299987792969,2574100
2023-01-23,238.80323791503903,260.9700012207031,264.7300109863281,259.8099975585937,264.0,2025000
2023-01-24,237.64108276367188,259.70001220703125,262.0,257.5199890136719,261.8500061035156,1596900
2023-01-25,234.7494964599609,256.5400085449219,261.54998779296875,256.0199890136719,260.0899963378906,1910600
2023-01-26,233.2305145263672,254.8800048828125,256.69000244140625,253.009994506836,256.5400085449219,2522100
2023-01-27,232.10498046875,253.6499938964844,255.5,252.5399932861328,254.8699951171875,2109900
2023-01-30,230.2199249267578,251.58999633789065,254.16000366210932,250.6000061035156,253.4600067138672,2042800
2023-01-31,230.9611053466797,252.3999938964844,253.8600006103516,249.88999938964844,253.8600006103516,3418300
2023-02-01,225.4799346923828,246.41000366210932,249.5500030517578,240.0,249.16000366210932,5344700
2023-02-02,225.5897521972656,246.52999877929688,246.57000732421875,236.3699951171875,243.77999877929688,5489100
2023-02-03,224.34524536132807,245.1699981689453,249.9600067138672,242.2100067138672,249.9600067138672,3073000
2023-02-06,223.1373748779297,243.8500061035156,246.8000030517578,243.4499969482422,245.3600006103516,2196900
2023-02-07,223.27462768554688,244.0,244.94000244140625,241.4199981689453,243.0200042724609,2408000
2023-02-08,219.79739379882807,240.1999969482422,243.5599975585937,239.6000061035156,242.9900054931641,2761200
2023-02-09,219.6143798828125,240.0,243.4600067138672,238.9900054931641,241.1199951171875,3056200
2023-02-10,221.90203857421875,242.5,244.13999938964844,240.41000366210932,241.9199981689453,2687200
2023-02-13,222.96348571777344,243.66000366210932,243.8300018310547,241.3000030517578,243.1999969482422,2321900
2023-02-14,222.501953125,241.02999877929688,243.0,239.1100006103516,242.6999969482422,2015900
2023-02-15,221.61575317382807,240.07000732421875,240.5399932861328,238.72999572753903,240.2100067138672,1783300
2023-02-16,216.21543884277344,234.22000122070312,239.009994506836,234.0399932861328,238.4600067138672,3291800
2023-02-17,222.04039001464844,240.52999877929688,241.72000122070312,233.7100067138672,235.33999633789065,2978100
2023-02-21,219.92642211914065,238.2400054931641,241.9199981689453,238.1999969482422,240.7899932861328,2524100
2023-02-22,218.00631713867188,236.16000366210932,240.9900054931641,235.75,240.3000030517578,2187600
2023-02-23,219.35406494140625,237.6199951171875,237.8600006103516,234.75,236.6999969482422,2211600
2023-02-24,215.6985015869141,233.66000366210932,237.0599975585937,233.1199951171875,236.8300018310547,1853900
2023-02-27,216.42776489257807,234.4499969482422,235.22000122070312,232.88999938964844,235.22000122070312,1723000
2023-02-28,213.85223388671875,231.66000366210932,234.47000122070312,231.6000061035156,233.6300048828125,2615700
2023-03-01,218.0339813232422,236.19000244140625,236.44000244140625,230.13999938964844,230.3699951171875,2441300
2023-03-02,216.6954803466797,234.7400054931641,236.3699951171875,233.8999938964844,236.1199951171875,1777100
2023-03-03,216.7600860595703,234.8099975585937,235.88999938964844,233.6000061035156,235.0,2214500
2023-03-06,217.0370483398437,235.1100006103516,235.6300048828125,233.63999938964844,235.0,2591000
2023-03-07,211.13819885253903,228.72000122070312,235.1999969482422,228.3500061035156,235.1100006103516,2362200
2023-03-08,210.87049865722656,228.42999267578125,231.8000030517578,227.3699951171875,230.16000366210932,1842200
2023-03-09,208.43344116210932,225.7899932861328,229.8300018310547,225.3999938964844,229.4900054931641,1736900
2023-03-10,210.3535919189453,227.8699951171875,230.27999877929688,225.6300048828125,226.7700042724609,2661800
2023-03-13,215.25534057617188,233.17999267578125,237.2700042724609,230.5,231.17999267578125,3146000
2023-03-14,212.85525512695312,230.5800018310547,233.4600067138672,229.41000366210932,233.4600067138672,3227100
2023-03-15,216.84315490722656,234.8999938964844,235.57000732421875,228.5500030517578,230.3999938964844,3092300
2023-03-16,216.53854370117188,234.57000732421875,234.66000366210932,230.0599975585937,233.7400054931641,2326000
2023-03-17,212.1259307861328,229.7899932861328,233.8099975585937,228.5200042724609,233.57000732421875,7817000
2023-03-20,216.677001953125,234.72000122070312,235.16000366210932,230.13999938964844,230.5800018310547,2020800
2023-03-21,215.0430603027344,232.9499969482422,235.27999877929688,231.0399932861328,234.72000122070312,2128600
2023-03-22,212.1628875732422,229.8300018310547,233.9499969482422,229.58999633789065,233.4499969482422,1725100
2023-03-23,215.1815185546875,233.1000061035156,234.1000061035156,229.88999938964844,230.0399932861328,2175700
2023-03-24,219.7325592041016,238.02999877929688,238.5,233.009994506836,234.22000122070312,2547300
2023-03-27,218.56021118164065,236.759994506836,239.9499969482422,235.07000732421875,239.6100006103516,2129100
2023-03-28,220.14796447753903,238.47999572753903,238.67999267578125,236.91000366210932,237.0,1887800
2023-03-29,222.501953125,241.02999877929688,241.58999633789065,238.3300018310547,239.7100067138672,2744000
2023-03-30,222.93582153320312,241.5,242.8099975585937,240.1100006103516,242.52999877929688,2577000
2023-03-31,223.16661071777344,241.75,242.3999938964844,239.1499938964844,241.42999267578125,2762500
2023-04-03,225.6498107910156,244.44000244140625,244.75,241.3600006103516,242.0,2478700
2023-04-04,228.5022735595703,247.52999877929688,248.1100006103516,243.8000030517578,244.5200042724609,2942800
2023-04-05,233.8933868408203,253.3699951171875,253.7100067138672,248.22999572753903,248.57000732421875,2468000
2023-04-06,233.8472137451172,253.32000732421875,255.42999267578125,252.92999267578125,254.3600006103516,2047800
2023-04-10,231.6132202148437,250.8999938964844,256.44000244140625,250.0500030517578,256.44000244140625,1595600
2023-04-11,232.1024932861328,251.42999267578125,253.0800018310547,250.97999572753903,251.4199981689453,1272800
2023-04-12,230.32086181640625,249.5,252.7100067138672,248.8800048828125,252.5,2268900
2023-04-13,232.1117248535156,251.44000244140625,251.8999938964844,248.2700042724609,248.6000061035156,2020900
2023-04-14,230.78244018554688,250.0,251.759994506836,248.9600067138672,250.6199951171875,1866200
2023-04-17,229.0007781982422,248.07000732421875,251.5,247.5800018310547,250.88999938964844,1784800
2023-04-18,227.17300415039065,246.08999633789065,249.009994506836,244.6499938964844,248.3699951171875,1638800
2023-04-19,227.28375244140625,246.2100067138672,246.759994506836,244.3699951171875,245.25,1246500
2023-04-20,224.74514770507807,243.4600067138672,246.3999938964844,243.0500030517578,246.1199951171875,1691300
2023-04-21,225.1143951416016,243.8600006103516,243.9199981689453,242.6499938964844,243.4600067138672,1721300
2023-04-24,225.65902709960932,244.4499969482422,245.3699951171875,242.3300018310547,243.1999969482422,1232100
2023-04-25,226.04673767089844,244.8699951171875,246.52999877929688,244.3099975585937,245.1199951171875,1509700
2023-04-26,220.44337463378903,238.8000030517578,243.5500030517578,238.5800018310547,242.0800018310547,2002900
2023-04-27,221.864974975586,240.33999633789065,240.7100067138672,235.3999938964844,239.2400054931641,2533900
2023-04-28,221.3111114501953,239.7400054931641,240.1000061035156,233.1699981689453,236.82000732421875,2721400
2023-05-01,220.5356903076172,238.8999938964844,241.3000030517578,238.08999633789065,240.02999877929688,1920500
2023-05-02,217.83091735839844,235.97000122070312,239.0,235.38999938964844,238.0800018310547,2127200
2023-05-03,211.682861328125,229.3099975585937,236.3000030517578,228.97999572753903,235.97000122070312,2998000
2023-05-04,214.0645294189453,231.88999938964844,232.02999877929688,229.1499938964844,230.3099975585937,2228500
2023-05-05,218.34786987304688,236.52999877929688,237.0399932861328,232.07000732421875,232.66000366210932,2806800
2023-05-08,216.58465576171875,234.6199951171875,235.7400054931641,232.1999969482422,235.33999633789065,1667800
2023-05-09,216.4093017578125,234.42999267578125,235.44000244140625,233.22000122070312,234.63999938964844,1468900
2023-05-10,216.1138916015625,234.1100006103516,235.0,231.3500061035156,234.88999938964844,1530800
2023-05-11,214.4337615966797,232.2899932861328,234.9900054931641,230.41000366210932,234.6499938964844,1612400
2023-05-12,215.0430603027344,232.9499969482422,233.5500030517578,231.2100067138672,233.02999877929688,1295600
2023-05-15,215.5784912109375,233.52999877929688,233.9199981689453,232.1199951171875,233.2700042724609,1551300
2023-05-16,210.36279296875,227.8800048828125,234.509994506836,227.7400054931641,234.2100067138672,2646500
2023-05-17,209.6825256347656,225.0200042724609,226.08999633789065,220.44000244140625,226.0200042724609,3352900
2023-05-18,208.9463806152344,224.22999572753903,224.75,221.9199981689453,224.75,2245300
2023-05-19,208.1916046142578,223.4199981689453,225.8800048828125,222.77999877929688,224.44000244140625,2395700
2023-05-22,208.7227783203125,223.9900054931641,226.82000732421875,222.82000732421875,224.8500061035156,1848600
2023-05-23,209.14210510253903,224.44000244140625,226.82000732421875,222.8000030517578,224.2100067138672,2296600
2023-05-24,206.23475646972656,221.32000732421875,225.9600067138672,221.0399932861328,225.63999938964844,1765000
2023-05-25,202.6378326416016,217.4600067138672,220.1000061035156,214.92999267578125,220.1000061035156,2968200
2023-05-26,202.1439514160156,216.92999267578125,218.47999572753903,214.47999572753903,215.9600067138672,3081000
2023-05-30,203.63491821289065,218.52999877929688,219.0,214.72000122070312,215.02999877929688,3125900
2023-05-31,205.61038208007807,220.6499938964844,221.8500061035156,217.19000244140625,219.5800018310547,3884700
2023-06-01,199.665267944336,214.2700042724609,220.6000061035156,211.7100067138672,219.9600067138672,4831400
2023-06-02,203.206283569336,218.07000732421875,218.759994506836,212.0200042724609,213.75,3687200
2023-06-05,206.756591796875,221.8800048828125,223.0399932861328,218.47000122070312,219.6699981689453,2498700
2023-06-06,206.1415557861328,221.22000122070312,223.1699981689453,219.27999877929688,223.0800018310547,1736100
2023-06-07,206.1695251464844,221.25,221.8699951171875,219.72999572753903,220.759994506836,2555400
2023-06-08,205.71292114257807,220.759994506836,221.88999938964844,219.3600006103516,221.259994506836,1877300
2023-06-09,203.84922790527344,218.759994506836,220.94000244140625,217.7700042724609,219.33999633789065,1707900
2023-06-12,202.544662475586,217.3600006103516,219.25,215.32000732421875,219.25,2704300
2023-06-13,206.8590545654297,221.9900054931641,222.33999633789065,216.92999267578125,217.42999267578125,2318500
2023-06-14,207.1293029785156,222.27999877929688,223.69000244140625,221.1000061035156,223.259994506836,2453000
2023-06-15,212.86944580078125,228.44000244140625,228.8500061035156,222.97000122070312,223.009994506836,2633900
2023-06-16,214.0062866210937,229.66000366210932,231.9499969482422,227.75,230.0399932861328,6765000
2023-06-20,213.0092163085937,228.58999633789065,230.83999633789065,227.19000244140625,229.02999877929688,2492700
2023-06-21,211.56483459472656,227.0399932861328,230.0,225.58999633789065,228.17999267578125,2282600
2023-06-22,214.0062866210937,229.66000366210932,229.8800048828125,226.759994506836,227.3099975585937,1607200
2023-06-23,211.63009643554688,227.1100006103516,230.5399932861328,226.41000366210932,229.8699951171875,4130700
2023-06-26,209.4123077392578,224.72999572753903,226.8000030517578,220.1199951171875,226.8000030517578,2565500
2023-06-27,207.4368133544922,222.6100006103516,224.63999938964844,221.1300048828125,224.16000366210932,2705900
2023-06-28,206.22540283203125,221.3099975585937,222.3500061035156,218.6499938964844,222.2400054931641,2263400
2023-06-29,206.0856475830078,221.16000366210932,221.66000366210932,218.8800048828125,219.6199951171875,1860300
2023-06-30,206.88702392578125,222.0200042724609,223.1100006103516,221.009994506836,222.0,2843300
2023-07-03,209.67320251464844,225.009994506836,225.57000732421875,219.83999633789065,221.2100067138672,1479200
2023-07-05,210.48391723632807,225.8800048828125,227.32000732421875,222.41000366210932,224.66000366210932,2440400
2023-07-06,207.78158569335932,222.97999572753903,225.9900054931641,221.6999969482422,224.9199981689453,2457800
2023-07-07,203.7467193603516,218.6499938964844,222.16000366210932,218.44000244140625,221.8600006103516,2841500
2023-07-10,209.4123077392578,224.72999572753903,224.8999938964844,218.6100006103516,219.16000366210932,2501700
2023-07-11,208.60159301757807,223.8600006103516,225.5800018310547,222.2700042724609,223.8300018310547,2021500
2023-07-12,210.2975616455078,225.67999267578125,227.32000732421875,224.08999633789065,225.1699981689453,2619500
2023-07-13,212.142578125,227.66000366210932,228.1199951171875,225.0,225.8500061035156,1803600
2023-07-14,211.9282684326172,227.42999267578125,228.66000366210932,225.9600067138672,227.83999633789065,2044700
2023-07-17,212.3103485107422,227.83999633789065,228.6000061035156,224.33999633789065,226.8699951171875,2049200
2023-07-18,216.7179412841797,232.57000732421875,234.07000732421875,227.3999938964844,227.7899932861328,2621200
2023-07-19,216.2333831787109,232.0500030517578,234.5500030517578,231.9900054931641,232.97999572753903,2047200
2023-07-20,217.3329467773437,233.22999572753903,238.47999572753903,232.91000366210932,233.8099975585937,3741300
2023-07-21,218.81460571289065,234.82000732421875,236.3800048828125,232.77999877929688,233.7700042724609,9381100
2023-07-24,219.3736724853516,235.4199981689453,236.1300048828125,233.9199981689453,235.0,1771300
2023-07-25,219.27117919921875,235.3099975585937,236.57000732421875,234.27999877929688,234.3600006103516,1325600
2023-07-26,219.1779937744141,235.2100067138672,235.7400054931641,232.44000244140625,233.9499969482422,1576800
2023-07-27,219.96075439453125,236.0500030517578,238.47999572753903,234.3099975585937,234.47999572753903,2439600
2023-07-28,220.2589111328125,236.3699951171875,238.17999267578125,235.08999633789065,236.82000732421875,1889500
2023-07-31,218.19024658203125,234.1499938964844,236.47999572753903,233.0200042724609,236.47999572753903,2826600
2023-08-01,216.2985992431641,232.1199951171875,235.3800048828125,230.58999633789065,234.92999267578125,1843400
2023-08-02,214.70513916015625,230.41000366210932,233.02999877929688,228.6999969482422,232.72000122070312,2593500
2023-08-03,214.97537231445312,230.6999969482422,231.1000061035156,228.2100067138672,230.7899932861328,2322200
2023-08-04,226.6979522705078,243.27999877929688,246.4199981689453,237.0,237.91000366210932,5181200
2023-08-07,235.69949340820312,252.94000244140625,253.82000732421875,243.4600067138672,244.25,4076600
2023-08-08,243.0237579345703,260.79998779296875,263.7900085449219,256.5,257.5199890136719,5321600
2023-08-09,241.6446685791016,259.32000732421875,263.7699890136719,259.1199951171875,259.9200134277344,2428100
2023-08-10,244.1978759765625,262.0599975585937,264.7799987792969,260.4599914550781,261.5400085449219,1919200
2023-08-11,244.61720275878903,262.510009765625,264.1099853515625,260.8299865722656,261.70001220703125,1560600
2023-08-14,243.18218994140625,260.9700012207031,263.4700012207031,259.8500061035156,262.2200012207031,1966100
2023-08-15,247.8786773681641,266.010009765625,266.6300048828125,259.9599914550781,261.32000732421875,2781200
2023-08-16,246.9561462402344,265.0199890136719,268.239990234375,264.5799865722656,266.3299865722656,2244000
2023-08-17,247.85794067382807,263.8500061035156,266.5799865722656,263.2699890136719,263.8699951171875,2256100
2023-08-18,245.95098876953125,261.82000732421875,262.989990234375,261.07000732421875,262.6099853515625,2814500
2023-08-21,244.8988800048828,260.70001220703125,262.4700012207031,259.010009765625,261.5799865722656,2324100
2023-08-22,242.0055694580078,257.6199951171875,260.3999938964844,257.3500061035156,260.239990234375,1720300
2023-08-23,241.76129150390625,257.3599853515625,259.8500061035156,255.97999572753903,259.5,2256800
2023-08-24,241.066162109375,256.6199951171875,260.19000244140625,256.1700134277344,256.7300109863281,1888900
2023-08-25,240.8407287597656,256.3800048828125,257.739990234375,254.8099975585937,257.1099853515625,1786600
2023-08-28,241.0003967285156,256.54998779296875,258.1199951171875,255.13999938964844,256.9599914550781,1661300
2023-08-29,243.9031219482422,259.6400146484375,259.8500061035156,256.82000732421875,257.3599853515625,2216600
2023-08-30,242.24981689453125,257.8800048828125,260.8699951171875,256.95001220703125,260.0,1694300
2023-08-31,240.8031005859375,256.3399963378906,259.0,256.2900085449219,258.2200012207031,2065000
2023-09-01,241.15069580078125,256.7099914550781,259.0299987792969,256.1000061035156,258.67999267578125,1350200
2023-09-05,238.6143341064453,254.009994506836,257.3900146484375,253.9199981689453,256.7099914550781,1763600
2023-09-06,233.9174041748047,249.009994506836,254.44000244140625,248.3800048828125,254.44000244140625,1988900
2023-09-07,238.9713287353516,254.38999938964844,254.6999969482422,250.3999938964844,250.5399932861328,2228300
2023-09-08,243.70584106445312,259.42999267578125,260.3399963378906,254.97000122070312,255.75,2449000
2023-09-11,245.8570556640625,261.7200012207031,262.8099975585937,257.4100036621094,258.2099914550781,2135100
2023-09-12,244.5325164794922,260.3099975585937,263.0199890136719,257.8599853515625,262.67999267578125,1574000
2023-09-13,241.63919067382807,257.2300109863281,260.2200012207031,257.0199890136719,259.3399963378906,2182800
2023-09-14,246.40185546875,262.29998779296875,263.1400146484375,258.5400085449219,258.8999938964844,3072400
2023-09-15,244.9176788330078,260.7200012207031,263.92999267578125,259.82000732421875,263.760009765625,6161100
2023-09-18,247.20037841796875,263.1499938964844,265.2200012207031,261.92999267578125,263.3800048828125,1770100
2023-09-19,248.2900238037109,264.3099975585937,265.7699890136719,262.44000244140625,263.1400146484375,1528200
2023-09-20,255.00668334960932,271.4599914550781,273.0799865722656,263.9700012207031,265.0,3575300
2023-09-21,253.08091735839844,269.4100036621094,272.4800109863281,267.70001220703125,272.07000732421875,2437100
2023-09-22,251.474609375,267.70001220703125,269.5,266.5199890136719,267.6700134277344,1894100
2023-09-25,250.6854858398437,266.8599853515625,267.8099975585937,265.010009765625,267.5400085449219,1705300
2023-09-26,252.7334442138672,269.0400085449219,269.8900146484375,265.6700134277344,266.67999267578125,2367600
2023-09-27,252.6770477294922,268.9800109863281,273.6099853515625,266.760009765625,271.7300109863281,2331900
2023-09-28,254.405517578125,270.82000732421875,271.3800048828125,266.5400085449219,267.7900085449219,2430700
2023-09-29,252.4703826904297,268.760009765625,271.0,267.2200012207031,271.0,2118100
2023-10-02,250.16883850097656,266.3099975585937,268.489990234375,264.3800048828125,267.7099914550781,1912300
2023-10-03,245.1901092529297,261.010009765625,266.0199890136719,259.6700134277344,264.0400085449219,2797900
2023-10-04,249.3515472412109,265.44000244140625,266.1400146484375,260.9100036621094,262.1000061035156,2526400
2023-10-05,249.01336669921875,265.0799865722656,267.9200134277344,262.5400085449219,266.19000244140625,2883700
2023-10-06,251.2584991455078,267.4700012207031,268.5899963378906,262.2300109863281,263.1499938964844,2838000
2023-10-09,255.0818328857422,271.5400085449219,272.6000061035156,268.5799865722656,271.0400085449219,2284300
2023-10-10,254.80938720703125,271.25,272.0899963378906,268.1199951171875,270.8900146484375,1808700
2023-10-11,266.41094970703125,283.6000061035156,284.3299865722656,274.1499938964844,274.8599853515625,4523100
2023-10-12,267.7636413574219,285.0400085449219,287.8500061035156,283.6000061035156,283.9800109863281,3052600
2023-10-13,266.8806457519531,284.1000061035156,288.4599914550781,280.0,287.70001220703125,3473200
2023-10-16,269.4920959472656,286.8800048828125,287.8099975585937,283.8099975585937,284.5,2459400
2023-10-17,267.18121337890625,284.4200134277344,287.3399963378906,282.5,285.19000244140625,2863200
2023-10-18,266.3921203613281,283.5799865722656,285.25,280.989990234375,283.29998779296875,2789100
2023-10-19,263.5927124023437,280.6000061035156,283.2099914550781,278.1000061035156,282.0899963378906,2536400
2023-10-20,261.91119384765625,278.8099975585937,281.0599975585937,275.75,280.6000061035156,2455000
2023-10-23,256.5097351074219,273.0599975585937,280.1199951171875,272.70001220703125,280.1199951171875,2433500
2023-10-24,259.3842468261719,276.1199951171875,277.0599975585937,271.1300048828125,272.0899963378906,2253000
2023-10-25,255.66427612304688,272.1600036621094,276.69000244140625,272.0899963378906,275.0899963378906,2302300
2023-10-26,253.36276245117188,269.7099914550781,273.44000244140625,269.1400146484375,271.5,2269900
2023-10-27,245.71615600585932,261.57000732421875,269.3599853515625,260.1600036621094,268.95001220703125,2874900
2023-10-30,247.23794555664065,263.19000244140625,266.3500061035156,262.5,265.0,2974600
2023-10-31,240.2019195556641,255.6999969482422,257.4200134277344,249.6999969482422,255.88999938964844,4885100
2023-11-01,245.0304107666016,260.8399963378906,261.19000244140625,255.08999633789065,256.2699890136719,2509600
2023-11-02,250.43182373046875,266.5899963378906,268.1000061035156,262.4599914550781,263.29998779296875,2470400
2023-11-03,253.5036773681641,269.8599853515625,270.54998779296875,265.5,268.5199890136719,2509800
2023-11-06,256.29364013671875,272.8299865722656,274.95001220703125,270.75,270.7699890136719,2768100
2023-11-07,254.677963256836,271.1099853515625,274.0,269.3800048828125,272.9700012207031,2526500
2023-11-08,256.6975402832031,273.260009765625,274.7699890136719,270.75,272.4200134277344,1916800
2023-11-09,248.05520629882807,264.0599975585937,273.2300109863281,263.70001220703125,272.1300048828125,2266000
2023-11-10,251.10826110839844,267.3099975585937,267.94000244140625,262.510009765625,266.6400146484375,2070600
2023-11-13,250.5258178710937,266.69000244140625,267.2200012207031,263.5199890136719,265.67999267578125,1579800
2023-11-14,253.65399169921875,270.0199890136719,272.95001220703125,268.3599853515625,269.2200012207031,2060000
2023-11-15,256.48150634765625,273.0299987792969,274.6099853515625,270.0199890136719,270.2799987792969,2795100
2023-11-16,254.68263244628903,269.0,274.44000244140625,267.8699951171875,272.6099853515625,2366200
2023-11-17,251.26486206054688,265.3900146484375,269.4100036621094,264.6000061035156,269.4100036621094,2642900
2023-11-20,251.2269592285156,265.3500061035156,266.70001220703125,261.45001220703125,262.5899963378906,2213900
2023-11-21,248.8316192626953,262.82000732421875,266.0400085449219,260.5199890136719,265.3399963378906,2636600
2023-11-22,250.5073699951172,264.5899963378906,266.4700012207031,262.260009765625,264.7900085449219,1649100
2023-11-24,251.33108520507807,265.4599914550781,266.1000061035156,264.8900146484375,265.1199951171875,930800
2023-11-27,250.2044219970703,264.2699890136719,265.57000732421875,261.6600036621094,265.42999267578125,1846400
2023-11-28,251.3878936767578,265.5199890136719,266.6000061035156,263.6499938964844,264.3599853515625,1753400
2023-11-29,252.410400390625,266.6000061035156,268.1099853515625,263.5,264.739990234375,2005200
2023-11-30,255.2886505126953,269.6400146484375,270.5599975585937,267.3399963378906,267.7099914550781,2686400
2023-12-01,257.9490661621094,272.45001220703125,272.5899963378906,267.6199951171875,269.9599914550781,2303900
2023-12-04,258.03424072265625,272.5400085449219,273.42999267578125,270.1000061035156,270.8800048828125,2357400
2023-12-05,256.4531555175781,270.8699951171875,272.0,268.4700012207031,271.8699951171875,1853600
2023-12-06,255.01405334472656,269.3500061035156,271.9599914550781,269.1300048828125,271.4100036621094,1765900
2023-12-07,256.86968994140625,271.3099975585937,273.4100036621094,266.6300048828125,270.5,2081300
2023-12-08,254.7962951660156,269.1199951171875,271.9700012207031,268.82000732421875,271.1700134277344,2608200
2023-12-11,257.6555480957031,272.1400146484375,275.8999938964844,270.4200134277344,271.9599914550781,2838600
2023-12-12,259.4070739746094,273.989990234375,277.25,273.260009765625,277.1300048828125,2556900
2023-12-13,266.6310119628906,281.6199951171875,281.8500061035156,273.3099975585937,274.1600036621094,2380000
2023-12-14,261.6130676269531,276.32000732421875,282.7300109863281,274.0799865722656,281.32000732421875,2935200
2023-12-15,260.78936767578125,275.45001220703125,279.2699890136719,273.3299865722656,276.2699890136719,8731000
2023-12-18,260.8178100585937,275.4800109863281,277.1000061035156,274.3500061035156,277.0,2227600
2023-12-19,263.6202697753906,278.44000244140625,280.57000732421875,276.5899963378906,278.69000244140625,2484100
2023-12-20,260.53375244140625,275.17999267578125,278.79998779296875,275.010009765625,277.8299865722656,2561200
2023-12-21,264.4628601074219,279.3299865722656,279.82000732421875,276.3999938964844,276.54998779296875,1850000
2023-12-22,269.0357666015625,284.1600036621094,285.67999267578125,280.0,280.0,1814200
2023-12-26,268.7896423339844,283.8999938964844,284.7200012207031,281.6700134277344,284.1199951171875,1330400
2023-12-27,271.2796630859375,286.5299987792969,287.2900085449219,283.3500061035156,284.5,1866800
2023-12-28,273.10693359375,288.4599914550781,289.0400085449219,287.6300048828125,287.8800048828125,1228400
2023-12-29,272.6903381347656,288.0199890136719,288.489990234375,286.3900146484375,287.8599853515625,1766600
2024-01-02,281.5616149902344,297.3900146484375,300.6499938964844,287.2799987792969,287.2799987792969,3374900
2024-01-03,284.6859741210937,300.69000244140625,303.25,297.04998779296875,300.04998779296875,2771500
2024-01-04,287.03399658203125,303.1700134277344,305.0899963378906,298.5899963378906,301.5,3357900
2024-01-05,286.873046875,303.0,303.5299987792969,299.760009765625,302.20001220703125,1874400
2024-01-08,294.3335876464844,310.8800048828125,311.04998779296875,300.3500061035156,301.4700012207031,3467700
2024-01-09,290.9063415527344,307.260009765625,309.9700012207031,305.94000244140625,308.0199890136719,2603700
2024-01-10,288.3594665527344,304.57000732421875,307.6400146484375,304.2699890136719,307.1600036621094,2210900
2024-01-11,286.9677429199219,303.1000061035156,304.6099853515625,300.0,303.42999267578125,2137100
2024-01-12,290.1962280273437,306.510009765625,306.95001220703125,303.3999938964844,305.239990234375,1567900
2024-01-16,287.3274841308594,303.4800109863281,308.0,301.17999267578125,306.510009765625,1996300
2024-01-17,287.8955993652344,304.0799865722656,304.6300048828125,301.1000061035156,302.4599914550781,2210400
2024-01-18,288.2837829589844,304.489990234375,305.6499938964844,299.54998779296875,302.25,2357000
2024-01-19,291.4270324707031,307.8099975585937,309.0899963378906,301.1099853515625,304.7300109863281,2566500
2024-01-22,293.6519470214844,310.1600036621094,312.1600036621094,306.6000061035156,308.70001220703125,2599900
2024-01-23,293.4152526855469,309.9100036621094,311.29998779296875,309.1000061035156,309.5299987792969,1775400
2024-01-24,289.2400207519531,305.5,312.45001220703125,305.239990234375,309.9200134277344,1954200
2024-01-25,293.7466735839844,310.260009765625,310.32000732421875,305.70001220703125,308.7200012207031,2005400
2024-01-26,295.17626953125,311.7699890136719,312.0199890136719,309.8599853515625,310.57000732421875,2035800
2024-01-29,296.766845703125,313.45001220703125,313.6199951171875,309.8900146484375,311.44000244140625,2447600
2024-01-30,297.8746032714844,314.6199951171875,314.9200134277344,310.5199890136719,312.5299987792969,2637000
2024-01-31,297.5337219238281,314.260009765625,316.6400146484375,312.6199951171875,316.0,3456700
2024-02-01,307.2855224609375,324.5599975585937,324.82000732421875,313.70001220703125,314.5,3883200
2024-02-02,305.98846435546875,323.19000244140625,325.7699890136719,320.75,323.6400146484375,2585900
2024-02-05,304.8334045410156,321.9700012207031,329.7200012207031,317.7099914550781,323.5299987792969,3563300
2024-02-06,299.2474060058594,316.07000732421875,326.9599914550781,314.75,325.3999938964844,5767400
2024-02-07,280.12255859375,295.8699951171875,315.510009765625,295.2699890136719,315.510009765625,8411300
2024-02-08,279.1568603515625,294.8500061035156,298.0,288.7799987792969,297.0,5946100
2024-02-09,275.6253356933594,291.1199951171875,295.0,289.7099914550781,294.8500061035156,3341100
2024-02-12,278.7591857910156,294.42999267578125,294.6000061035156,288.8599853515625,289.9700012207031,3298500
2024-02-13,275.0194091796875,290.4800109863281,295.5199890136719,286.8900146484375,294.6099853515625,3610100
2024-02-14,274.6312866210937,290.07000732421875,290.8699951171875,287.54998779296875,289.8800048828125,2617300
2024-02-15,275.8240051269531,289.07000732421875,290.3500061035156,285.6000061035156,287.8800048828125,2902000
2024-02-16,270.7000732421875,283.70001220703125,287.7099914550781,283.2699890136719,287.7099914550781,3596800
2024-02-20,270.5187683105469,283.510009765625,285.29998779296875,280.54998779296875,283.8500061035156,3402000
2024-02-21,270.4710388183594,283.4599914550781,285.7799987792969,280.79998779296875,284.8399963378906,1934300
2024-02-22,272.1121826171875,285.17999267578125,285.7200012207031,281.29998779296875,282.4800109863281,2992700
2024-02-23,275.92889404296875,289.17999267578125,292.239990234375,286.010009765625,286.5199890136719,2462400
2024-02-26,273.2477111816406,286.3699951171875,289.8699951171875,285.42999267578125,288.2799987792969,2448900
2024-02-27,265.728759765625,278.489990234375,281.2200012207031,277.0899963378906,279.1000061035156,3353700
2024-02-28,264.7459716796875,277.4599914550781,280.42999267578125,277.0899963378906,278.989990234375,3027000
2024-02-29,261.28228759765625,273.8299865722656,279.8299865722656,273.42999267578125,278.5199890136719,5863400
2024-03-01,267.4844665527344,280.3299865722656,281.92999267578125,274.8800048828125,276.5,3772700
2024-03-04,266.5875549316406,279.3900146484375,285.8900146484375,277.6499938964844,283.260009765625,2470300
2024-03-05,263.9730529785156,276.6499938964844,279.75,275.0199890136719,279.6199951171875,3064000
2024-03-06,263.9158935546875,276.5899963378906,278.9700012207031,274.54998779296875,275.3800048828125,2240200
2024-03-07,260.35675048828125,272.8599853515625,276.8099975585937,269.5799865722656,276.29998779296875,4066300
2024-03-08,261.2059936523437,273.75,276.5599975585937,272.010009765625,272.8099975585937,2251100
2024-03-11,262.74224853515625,275.3599853515625,278.19000244140625,272.989990234375,274.510009765625,1851000
2024-03-12,263.8681640625,276.5400085449219,278.1499938964844,274.1400146484375,276.8500061035156,1738700
2024-03-13,263.3432922363281,275.989990234375,278.5599975585937,275.2099914550781,278.17999267578125,1641000
2024-03-14,259.09722900390625,271.5400085449219,277.2300109863281,270.45001220703125,276.8399963378906,2370500
2024-03-15,256.549560546875,268.8699951171875,275.17999267578125,268.1700134277344,272.0899963378906,8795800
2024-03-18,258.4865417480469,270.8999938964844,273.5799865722656,269.2099914550781,270.0,3608300
2024-03-19,259.278564453125,271.7300109863281,273.1600036621094,269.510009765625,270.17999267578125,3037500
2024-03-20,260.5380554199219,273.04998779296875,273.0799865722656,269.239990234375,271.2099914550781,2564500
2024-03-21,264.25933837890625,276.95001220703125,277.9200134277344,274.3900146484375,274.6300048828125,2489400
2024-03-22,263.5151062011719,276.1700134277344,278.2900085449219,275.1000061035156,277.3900146484375,2303100
2024-03-25,267.9519958496094,280.82000732421875,281.3299865722656,275.4100036621094,276.42999267578125,2954400
2024-03-26,268.85845947265625,281.7699890136719,284.5,280.70001220703125,282.1499938964844,3343000
2024-03-27,273.1808776855469,286.29998779296875,286.82000732421875,282.54998779296875,284.2200012207031,2256300
2024-03-28,271.2916259765625,284.32000732421875,288.57000732421875,284.2099914550781,287.8599853515625,2289900
2024-04-01,270.0702819824219,283.0400085449219,283.8299865722656,279.0,282.1099853515625,1868600
2024-04-02,263.5532531738281,276.2099914550781,283.9100036621094,276.0400085449219,283.3399963378906,2220500
2024-04-03,261.84527587890625,274.4200134277344,276.4700012207031,273.67999267578125,275.69000244140625,1669200
2024-04-04,255.80532836914065,268.0899963378906,276.7300109863281,267.75,276.04998779296875,2451200
2024-04-05,257.58013916015625,269.95001220703125,273.07000732421875,265.0799865722656,265.8999938964844,2293800
2024-04-08,256.864501953125,269.20001220703125,270.2099914550781,267.5599975585937,269.4800109863281,1830800
2024-04-09,257.9713134765625,270.3599853515625,271.2900085449219,268.5799865722656,270.19000244140625,1792600
2024-04-10,254.2404937744141,266.45001220703125,268.3800048828125,264.6300048828125,267.9599914550781,1949500
2024-04-11,257.6278076171875,270.0,273.0,268.45001220703125,270.2200012207031,2169600
2024-04-12,255.032470703125,267.2799987792969,269.29998779296875,266.1700134277344,268.7699890136719,2140100
2024-04-15,253.34356689453125,265.510009765625,270.92999267578125,264.3500061035156,269.92999267578125,1740000
2024-04-16,253.4676055908203,265.6400146484375,267.510009765625,263.8099975585937,266.8299865722656,2017600
2024-04-17,251.96957397460932,264.07000732421875,268.7699890136719,263.3900146484375,267.5400085449219,2175100
2024-04-18,250.7100067138672,262.75,265.9200134277344,262.5799865722656,265.6400146484375,2082700
2024-04-19,256.6068420410156,268.92999267578125,269.3800048828125,260.67999267578125,264.6300048828125,3380100
2024-04-22,259.4502868652344,271.9100036621094,273.1400146484375,269.8399963378906,269.8399963378906,2165800
2024-04-23,261.0056457519531,273.5400085449219,274.4800109863281,271.04998779296875,272.1400146484375,2493300
2024-04-24,260.4999084472656,273.010009765625,274.8599853515625,269.6499938964844,270.6300048828125,2467100
2024-04-25,257.0362548828125,269.3800048828125,274.3500061035156,267.239990234375,273.45001220703125,1794000
2024-04-26,257.6087341308594,269.9800109863281,271.67999267578125,265.7200012207031,265.7200012207031,2436900
2024-04-29,263.7154541015625,276.3800048828125,276.8599853515625,268.989990234375,269.17999267578125,2678900
2024-04-30,261.38726806640625,273.94000244140625,276.1199951171875,272.3500061035156,276.1099853515625,2477300
2024-05-01,264.6600952148437,277.3699951171875,279.8399963378906,273.3800048828125,274.17999267578125,2323700
2024-05-02,265.6333923339844,278.3900146484375,278.6300048828125,274.8999938964844,277.69000244140625,3177500
2024-05-03,297.0258178710937,311.2900085449219,322.6000061035156,308.67999267578125,313.3900146484375,9644700
2024-05-06,285.7569274902344,299.4800109863281,312.7300109863281,297.5199890136719,310.8800048828125,4717600
2024-05-07,286.53936767578125,300.29998779296875,302.9100036621094,298.510009765625,301.75,2452100
2024-05-08,293.2281799316406,307.3099975585937,307.57000732421875,298.8900146484375,300.1199951171875,2859600
2024-05-09,298.5238342285156,312.8599853515625,314.6000061035156,306.32000732421875,309.5299987792969,2921300
2024-05-10,295.9380187988281,310.1499938964844,314.8900146484375,309.82000732421875,312.8900146484375,2611800
2024-05-13,294.3158874511719,308.45001220703125,312.1499938964844,307.0599975585937,312.1499938964844,1558500
2024-05-14,297.1402893066406,311.4100036621094,312.3999938964844,307.4700012207031,308.7300109863281,1631100
2024-05-15,304.4206848144531,319.0400085449219,321.44000244140625,312.8699951171875,314.82000732421875,3466000
2024-05-16,302.4314880371094,314.7200012207031,316.1400146484375,310.760009765625,314.6300048828125,2367800
2024-05-17,300.2693176269531,312.4700012207031,315.2799987792969,310.3699951171875,315.2799987792969,1974200
2024-05-20,302.2585144042969,314.5400085449219,315.8099975585937,312.6199951171875,314.4100036621094,1394600
2024-05-21,302.5564270019531,314.8500061035156,316.6700134277344,311.8999938964844,314.1099853515625,1705900
2024-05-22,297.32879638671875,309.4100036621094,315.0,308.5199890136719,314.70001220703125,2849100
2024-05-23,294.5324401855469,306.5,311.989990234375,304.3800048828125,308.4700012207031,2139700
2024-05-24,293.8982238769531,305.8399963378906,307.5,303.8999938964844,306.4200134277344,2425800
2024-05-28,288.4687805175781,300.19000244140625,303.510009765625,298.3099975585937,303.1099853515625,2636700
2024-05-29,284.7980041503906,296.3699951171875,299.0599975585937,295.8099975585937,299.0400085449219,2475900
2024-05-30,289.2472229003906,301.0,303.57000732421875,295.489990234375,297.17999267578125,2727100
2024-05-31,293.9078063964844,305.8500061035156,305.8999938964844,299.5,302.010009765625,4488900
2024-06-03,295.41650390625,307.4200134277344,311.4800109863281,303.8500061035156,306.7900085449219,2447400
2024-06-04,295.3684387207031,307.3699951171875,310.9200134277344,307.04998779296875,308.0,1830200
2024-06-05,295.37811279296875,307.3800048828125,310.3099975585937,306.3999938964844,307.79998779296875,1748600
2024-06-06,293.75408935546875,305.69000244140625,310.010009765625,304.3099975585937,306.9200134277344,1927900
2024-06-07,293.1102294921875,305.0199890136719,307.9599914550781,304.4800109863281,306.7200012207031,1925000
2024-06-10,292.8219299316406,304.7200012207031,305.5299987792969,300.8900146484375,304.54998779296875,1992800
2024-06-11,288.9589233398437,300.70001220703125,302.5799865722656,299.79998779296875,302.2900085449219,1740200
2024-06-12,289.32403564453125,301.0799865722656,303.5400085449219,299.42999267578125,301.2900085449219,1640100
2024-06-13,286.8448181152344,298.5,299.3399963378906,295.29998779296875,296.9599914550781,1732700
2024-06-14,286.9601135253906,298.6199951171875,299.739990234375,295.8999938964844,297.6099853515625,1713600
2024-06-17,291.4381408691406,303.2799987792969,303.9700012207031,296.5599975585937,298.489990234375,1875900
2024-06-18,294.0423583984375,305.989990234375,306.54998779296875,302.0199890136719,302.75,2166200
2024-06-20,297.79010009765625,309.8900146484375,310.29998779296875,303.54998779296875,304.8299865722656,2890200
2024-06-21,296.12762451171875,308.1600036621094,313.44000244140625,307.2900085449219,313.1300048828125,6596800
2024-06-24,305.7275390625,318.1499938964844,318.3399963378906,307.9200134277344,310.0,3389300
2024-06-25,306.8422241210937,319.3099975585937,326.1199951171875,318.3999938964844,319.2300109863281,3150600
2024-06-26,300.6056823730469,312.82000732421875,317.489990234375,311.7200012207031,317.17999267578125,2800200
2024-06-27,301.4417419433594,313.69000244140625,316.7900085449219,310.7200012207031,311.7300109863281,2082200
2024-06-28,300.2500915527344,312.45001220703125,316.67999267578125,310.5899963378906,313.70001220703125,3518100
2024-07-01,298.8663330078125,311.010009765625,319.0,310.2300109863281,313.3399963378906,1769400
2024-07-02,298.6357116699219,310.7699890136719,312.42999267578125,307.6400146484375,310.25,1542700
2024-07-03,297.29998779296875,309.3800048828125,312.5400085449219,306.1099853515625,311.489990234375,1000700
2024-07-05,298.741455078125,310.8800048828125,313.4100036621094,308.57000732421875,311.0299987792969,1274400
2024-07-08,299.2987365722656,311.4599914550781,315.4800109863281,310.6099853515625,311.3599853515625,1167200
2024-07-09,303.5750427246094,315.9100036621094,316.0799865722656,307.6300048828125,311.6199951171875,1852500
2024-07-10,309.1101379394531,321.6700134277344,322.8800048828125,314.6400146484375,317.0599975585937,2192100
2024-07-11,312.39654541015625,325.0899963378906,327.989990234375,320.17999267578125,322.0,2254000
2024-07-12,317.9124450683594,330.8299865722656,333.8500061035156,326.010009765625,327.82000732421875,2191300
2024-07-15,317.25897216796875,330.1499938964844,332.8099975585937,327.8699951171875,331.8800048828125,1688800
2024-07-16,320.1322631835937,333.1400146484375,335.9100036621094,328.0,330.4599914550781,1879400
2024-07-17,322.5634765625,335.6700134277344,336.6099853515625,328.6000061035156,330.0,1933200
2024-07-18,318.0469970703125,330.9700012207031,338.9800109863281,330.6700134277344,334.20001220703125,2228400
2024-07-19,318.3544921875,331.2900085449219,333.9800109863281,328.42999267578125,333.6499938964844,1848700
2024-07-22,322.85174560546875,335.9700012207031,337.0899963378906,332.4700012207031,333.2300109863281,1733700
2024-07-23,320.2283630371094,333.239990234375,337.0400085449219,331.3099975585937,334.3599853515625,1458200
2024-07-24,322.5058288574219,335.6099853515625,337.17999267578125,330.3399963378906,333.25,2459300
2024-07-25,321.2469482421875,334.29998779296875,346.8500061035156,333.0199890136719,335.989990234375,2435700
2024-07-26,321.7754821777344,334.8500061035156,338.94000244140625,333.2799987792969,334.5599975585937,1515500
2024-07-29,319.52685546875,332.510009765625,334.8399963378906,331.29998779296875,334.0799865722656,1611200
2024-07-30,320.26678466796875,333.2799987792969,338.57000732421875,331.6700134277344,333.0,1584000
2024-07-31,319.4884338378906,332.4700012207031,336.4100036621094,330.57000732421875,331.54998779296875,2120500
2024-08-01,322.4289245605469,335.5299987792969,340.8900146484375,333.4599914550781,336.0899963378906,2387700
2024-08-02,320.9490966796875,333.989990234375,338.3500061035156,325.7300109863281,337.4200134277344,2106200
2024-08-05,312.5215148925781,325.2200012207031,333.3399963378906,321.4100036621094,332.7200012207031,2974900
2024-08-06,316.1058959960937,328.95001220703125,332.9800109863281,323.5199890136719,325.2300109863281,2436500
2024-08-07,300.29815673828125,312.5,323.0,306.5899963378906,320.989990234375,4618400
2024-08-08,312.01220703125,324.69000244140625,325.1199951171875,312.7900085449219,314.0,2746700
2024-08-09,309.8981018066406,322.489990234375,325.0400085449219,319.3299865722656,323.75,1786400
2024-08-12,307.5053100585937,320.0,323.8999938964844,317.92999267578125,323.8999938964844,1828700
2024-08-13,310.8206787109375,323.45001220703125,324.0,319.1700134277344,321.7799987792969,1632800
2024-08-14,310.12872314453125,322.7300109863281,324.3599853515625,319.5599975585937,320.42999267578125,1656100
2024-08-15,312.6849060058594,325.3900146484375,327.1600036621094,321.94000244140625,323.8800048828125,1886800
2024-08-16,311.0398864746094,321.44000244140625,324.82000732421875,320.5,323.6499938964844,1442500
2024-08-19,317.3586120605469,327.9700012207031,328.17999267578125,321.4100036621094,321.4599914550781,1214200
2024-08-20,317.9197998046875,328.54998779296875,330.5,326.6199951171875,328.1199951171875,1352600
2024-08-21,318.5004272460937,329.1499938964844,330.989990234375,327.9100036621094,329.54998779296875,1138200
2024-08-22,314.0299072265625,324.5299987792969,329.5,323.1199951171875,329.5,2172000
2024-08-23,318.1617126464844,328.79998779296875,331.2900085449219,325.3800048828125,326.2699890136719,1771100
2024-08-26,316.20709228515625,326.7799987792969,330.260009765625,325.5,328.4100036621094,1769900
2024-08-27,316.35223388671875,326.92999267578125,329.8299865722656,325.5799865722656,328.4200134277344,1444300
2024-08-28,318.82940673828125,329.489990234375,330.510009765625,325.3900146484375,325.94000244140625,1444200
2024-08-29,320.3002319335937,331.010009765625,334.2699890136719,329.25,331.6700134277344,1294300
2024-08-30,323.02899169921875,333.8299865722656,335.6600036621094,330.3099975585937,331.95001220703125,2173400
2024-09-03,319.81640625,330.510009765625,333.1400146484375,329.1000061035156,331.8900146484375,2120500
2024-09-04,319.9422302246094,330.6400146484375,331.1000061035156,327.6000061035156,329.92999267578125,1622100
2024-09-05,313.8653564453125,324.3599853515625,331.8599853515625,321.9100036621094,330.8999938964844,1977400
2024-09-06,310.1883239746094,320.5599975585937,326.9700012207031,319.0,324.70001220703125,2242400
2024-09-09,315.3749389648437,325.9200134277344,327.8099975585937,320.1000061035156,322.5199890136719,1707800
2024-09-10,318.2875366210937,328.92999267578125,329.2300109863281,322.3900146484375,327.0,1408400
2024-09-11,319.3035888671875,329.9800109863281,330.6499938964844,320.29998779296875,327.8099975585937,1711000
2024-09-12,319.3809509277344,330.0599975585937,332.3800048828125,326.4100036621094,330.2200012207031,1590000
2024-09-13,321.6936340332031,332.45001220703125,334.45001220703125,327.1499938964844,327.9599914550781,1397000
2024-09-16,324.4127197265625,335.260009765625,337.5599975585937,332.9200134277344,335.8399963378906,2360600
2024-09-17,322.03228759765625,332.79998779296875,334.5799865722656,331.0799865722656,334.5799865722656,2014000
2024-09-18,322.1484375,332.9200134277344,339.0,331.0,333.92999267578125,1366600
2024-09-19,325.0804138183594,335.95001220703125,338.70001220703125,334.6099853515625,337.0299987792969,1626100
2024-09-20,326.4641418457031,337.3800048828125,338.9700012207031,334.2699890136719,335.1499938964844,4068200
2024-09-23,324.7514038085937,335.6099853515625,339.1700134277344,333.3599853515625,339.0,1677500
2024-09-24,320.2131652832031,330.9200134277344,335.4100036621094,330.5,333.1499938964844,2101000
2024-09-25,302.7374572753906,312.8599853515625,329.5,312.1600036621094,329.0,4249500
2024-09-26,308.7756042480469,319.1000061035156,319.7799987792969,313.3699951171875,313.67999267578125,2555700
2024-09-27,312.2301025390625,322.6700134277344,327.9800109863281,320.5199890136719,322.70001220703125,2432600
2024-09-30,311.7849426269531,322.2099914550781,323.2300109863281,318.7900085449219,321.32000732421875,1966900
2024-10-01,309.9560852050781,320.32000732421875,322.20001220703125,316.9200134277344,322.04998779296875,2097400
2024-10-02,309.3851928710937,319.7300109863281,320.6700134277344,316.17999267578125,317.6300048828125,2614400
2024-10-03,307.2080078125,317.4800109863281,319.7300109863281,315.4599914550781,317.1099853515625,1525300
2024-10-04,309.3174743652344,319.6600036621094,320.739990234375,316.42999267578125,318.7200012207031,1467800
2024-10-07,307.17901611328125,317.45001220703125,320.2099914550781,315.9200134277344,320.0799865722656,1262300
2024-10-08,307.4015197753906,317.67999267578125,319.95001220703125,316.4800109863281,319.1700134277344,1453300
2024-10-09,311.9784851074219,322.4100036621094,322.989990234375,314.70001220703125,316.6600036621094,1379400
2024-10-10,310.623779296875,321.010009765625,322.57000732421875,318.75,320.95001220703125,1254600
2024-10-11,317.7262878417969,328.3500061035156,329.1700134277344,320.1000061035156,322.20001220703125,1567200
2024-10-14,314.1169738769531,324.6199951171875,326.95001220703125,322.5899963378906,325.5899963378906,1613300
2024-10-15,314.5717468261719,325.0899963378906,327.3299865722656,324.0299987792969,326.0299987792969,1956200
2024-10-16,311.2237548828125,321.6300048828125,326.7300109863281,321.32000732421875,326.20001220703125,1776700
2024-10-17,310.93341064453125,321.3299865722656,325.9200134277344,320.5,325.9200134277344,1635600
2024-10-18,311.2527770996094,321.6600036621094,322.5599975585937,319.17999267578125,320.6099853515625,1552100
2024-10-21,306.491943359375,316.739990234375,321.79998779296875,315.8699951171875,320.1600036621094,1533200
2024-10-22,309.3174743652344,319.6600036621094,321.0799865722656,313.9800109863281,315.239990234375,2106500
2024-10-23,304.71148681640625,314.8999938964844,318.54998779296875,313.70001220703125,316.010009765625,1526300
2024-10-24,305.47589111328125,315.69000244140625,317.239990234375,313.6300048828125,314.42999267578125,1326600
2024-10-25,306.72418212890625,316.9800109863281,319.20001220703125,314.8800048828125,318.489990234375,1604400
2024-10-28,306.90802001953125,317.1700134277344,320.1400146484375,315.8999938964844,318.0599975585937,1816000
2024-10-29,305.77587890625,316.0,319.2099914550781,314.82000732421875,317.010009765625,1466500
2024-10-30,305.3307800292969,315.5400085449219,317.8999938964844,310.6300048828125,311.95001220703125,2223600
2024-10-31,309.80126953125,320.1600036621094,323.3999938964844,315.6499938964844,317.69000244140625,2713500
2024-11-01,308.8917236328125,319.2200012207031,321.70001220703125,316.9100036621094,318.69000244140625,1826700
2024-11-04,306.6564636230469,316.9100036621094,320.5799865722656,314.6099853515625,320.5799865722656,2090100
2024-11-05,308.9594421386719,319.2900085449219,319.5199890136719,313.0199890136719,316.1600036621094,1472300
2024-11-06,311.3785400390625,321.7900085449219,325.3900146484375,318.1700134277344,325.0,2208600
2024-11-07,311.4946594238281,321.9100036621094,322.9700012207031,318.5400085449219,322.0,2654700
2024-11-08,314.755615234375,325.2799987792969,328.25,321.2799987792969,322.4800109863281,1978100
2024-11-11,311.3978881835937,321.8099975585937,327.5799865722656,321.6099853515625,325.9100036621094,2457000
2024-11-12,289.17108154296875,298.8399963378906,321.2200012207031,293.79998779296875,319.5899963378906,6680300
2024-11-13,291.6869812011719,301.44000244140625,307.42999267578125,298.9100036621094,306.0,3725600
2024-11-14,286.355224609375,295.92999267578125,298.4800109863281,292.3299865722656,297.9100036621094,3515600
2024-11-15,274.433837890625,283.6099853515625,291.5,279.6199951171875,291.5,5324700
2024-11-18,271.8978881835937,278.760009765625,281.3599853515625,276.5599975585937,279.3800048828125,3174600
2024-11-19,273.0585632324219,279.95001220703125,281.6000061035156,275.5599975585937,277.6700134277344,3210300
2024-11-20,280.7835998535156,287.8699951171875,288.4800109863281,278.5599975585937,281.1000061035156,4759200
2024-11-21,282.7636108398437,289.8999938964844,291.1099853515625,284.1400146484375,288.17999267578125,3553200
2024-11-22,287.2796630859375,294.5299987792969,295.4800109863281,288.7799987792969,290.8399963378906,3053200
2024-11-25,286.7626953125,294.0,297.32000732421875,293.5,293.54998779296875,4695700
2024-11-26,273.1170959472656,280.010009765625,280.3399963378906,257.79998779296875,264.2200012207031,17010300
2024-11-27,273.1756286621094,280.07000732421875,282.69000244140625,278.0,279.0,6622800
2024-11-29,275.9066772460937,282.8699951171875,283.6400146484375,277.6400146484375,279.4599914550781,2232800
2024-12-02,271.25408935546875,278.1000061035156,282.3900146484375,276.8900146484375,282.0799865722656,4677800
2024-12-03,271.4686889648437,278.32000732421875,281.3800048828125,276.5,277.0,5468800
2024-12-04,271.4101867675781,278.260009765625,279.4100036621094,273.8599853515625,275.8099975585937,4173900
2024-12-05,267.576904296875,274.3299865722656,279.0400085449219,273.1499938964844,277.0,3187000
2024-12-06,265.8699645996094,272.5799865722656,275.3599853515625,271.4800109863281,275.010009765625,3970200
2024-12-09,270.795654296875,277.6300048828125,280.0,272.2799987792969,273.1600036621094,3222100
2024-12-10,268.96197509765625,275.75,277.8999938964844,272.3599853515625,277.8599853515625,2791400
2024-12-11,266.6795654296875,273.4100036621094,276.2799987792969,270.5799865722656,276.0,4493500
2024-12-12,267.31353759765625,274.0599975585937,275.8800048828125,272.1499938964844,273.8099975585937,3749200
2024-12-13,263.958251953125,270.6199951171875,274.07000732421875,270.0199890136719,272.9599914550781,2906300
2024-12-16,259.93963623046875,266.5,272.69000244140625,266.2200012207031,270.6199951171875,3711100
2024-12-17,259.4031982421875,265.95001220703125,270.260009765625,264.8099975585937,265.4599914550781,4742500
2024-12-18,252.40969848632807,258.7799987792969,267.19000244140625,258.67999267578125,265.17999267578125,4093600
2024-12-19,254.76036071777344,261.19000244140625,261.8099975585937,253.3000030517578,258.0,4725800
2024-12-20,256.896484375,263.3800048828125,269.6099853515625,262.2099914550781,269.0,13687600
2024-12-23,257.501220703125,264.0,264.79998779296875,260.8699951171875,263.1099853515625,3025700
2024-12-24,257.9791259765625,264.489990234375,264.54998779296875,261.3599853515625,262.4800109863281,1520600
2024-12-26,256.7013854980469,263.17999267578125,264.7300109863281,261.760009765625,262.2099914550781,1637300
2024-12-27,256.1844482421875,262.6499938964844,263.5,260.510009765625,261.1000061035156,2157400
2024-12-30,252.9169006347656,259.29998779296875,261.5599975585937,258.5,260.8299865722656,3039300
2024-12-31,254.2239227294922,260.6400146484375,261.5400085449219,258.8500061035156,260.75,1966200
2025-01-02,252.8973693847656,259.2799987792969,263.5799865722656,258.3099975585937,262.17999267578125,2357400
2025-01-03,254.7896423339844,261.2200012207031,262.0799865722656,259.7900085449219,260.0,2979700
2025-01-06,252.22439575195312,258.5899963378906,261.19000244140625,257.04998779296875,259.04998779296875,4668200
2025-01-07,255.60894775390625,262.0599975585937,265.2099914550781,259.3500061035156,260.2200012207031,3173700
2025-01-08,257.7060241699219,264.2099914550781,264.25,259.82000732421875,261.9700012207031,2421500
2025-01-10,255.7747802734375,262.2300109863281,264.7900085449219,260.54998779296875,260.7900085449219,2721800
2025-01-13,263.5388488769531,270.19000244140625,270.489990234375,261.2799987792969,262.1099853515625,3365900
2025-01-14,260.52490234375,267.1000061035156,271.6099853515625,264.9100036621094,271.6099853515625,2942300
2025-01-15,262.3196105957031,268.94000244140625,272.82000732421875,268.5799865722656,269.3299865722656,3737500
2025-01-16,262.79754638671875,269.42999267578125,270.3099975585937,267.1499938964844,268.9200134277344,2684500
2025-01-17,265.4115600585937,272.1099853515625,276.9700012207031,269.7799987792969,276.9700012207031,3244000
2025-01-21,268.04510498046875,274.8099975585937,276.5,270.2799987792969,272.1400146484375,3928500
2025-01-22,266.70880126953125,273.44000244140625,275.0199890136719,272.07000732421875,272.6600036621094,3518300
2025-01-23,271.0395202636719,277.8800048828125,278.0,272.32000732421875,273.44000244140625,2496000
2025-01-24,268.6401062011719,275.4200134277344,277.3599853515625,273.5,276.260009765625,2008600
2025-01-27,275.9847412109375,282.95001220703125,283.2300109863281,276.17999267578125,277.3699951171875,3493200
2025-01-28,273.3999328613281,280.29998779296875,283.5,279.9700012207031,280.1300048828125,2735500
2025-01-29,274.7460021972656,281.67999267578125,283.0400085449219,279.3099975585937,280.0299987792969,2454900
2025-01-30,277.0283508300781,284.0199890136719,285.69000244140625,281.6400146484375,285.0,2556100
2025-01-31,278.3939208984375,285.4200134277344,286.69000244140625,281.9800109863281,282.17999267578125,3799900
2025-02-03,281.75897216796875,288.8699951171875,289.5799865722656,283.3999938964844,286.9100036621094,4473500
2025-02-04,281.9052734375,289.0199890136719,290.4800109863281,284.5199890136719,285.5799865722656,3262400
2025-02-05,300.23272705078125,307.8099975585937,308.2200012207031,289.5199890136719,290.69000244140625,5890600
2025-02-06,290.4496459960937,297.7799987792969,309.489990234375,297.1199951171875,309.489990234375,4624500
2025-02-07,286.31402587890625,293.5400085449219,299.6099853515625,292.5799865722656,299.1600036621094,3388300
2025-02-10,287.5332336425781,294.7900085449219,296.8800048828125,290.6700134277344,296.8800048828125,2375600
2025-02-11,289.35723876953125,296.6600036621094,297.95001220703125,288.3599853515625,290.5599975585937,3506900
2025-02-12,287.7966003417969,295.0599975585937,296.20001220703125,292.6300048828125,293.82000732421875,2629900
2025-02-13,289.6596069335937,296.9700012207031,298.3500061035156,293.54998779296875,297.54998779296875,2061700
2025-02-14,286.2869873046875,291.1600036621094,295.1600036621094,290.45001220703125,294.75,2189300
2025-02-18,287.8995361328125,292.79998779296875,293.3299865722656,289.0,291.760009765625,2162200
2025-02-19,289.3449401855469,294.2699890136719,295.9700012207031,291.79998779296875,292.0,2806900
2025-02-20,292.94366455078125,297.92999267578125,298.1300048828125,293.92999267578125,294.6700134277344,2319000
2025-02-21,297.9386901855469,303.010009765625,305.3299865722656,297.19000244140625,299.2300109863281,3261400
2025-02-24,304.536376953125,309.7200012207031,313.75,304.3999938964844,305.2799987792969,4286600
2025-02-25,310.3474426269531,315.6300048828125,318.29998779296875,310.29998779296875,311.79998779296875,4365700
2025-02-26,301.2522888183594,306.3800048828125,313.6300048828125,305.54998779296875,311.95001220703125,2786900
2025-02-27,300.7016296386719,305.82000732421875,311.0,303.1000061035156,305.29998779296875,3249100
2025-02-28,302.9041442871094,308.0599975585937,308.6199951171875,303.5199890136719,308.510009765625,3173000
2025-03-03,305.5786437988281,310.7799987792969,312.4800109863281,307.3399963378906,307.3399963378906,2970700
2025-03-04,306.96502685546875,312.19000244140625,319.82000732421875,312.1000061035156,316.5299987792969,3820000
2025-03-05,311.271728515625,316.57000732421875,318.94000244140625,310.1400146484375,310.6300048828125,2629000
2025-03-06,312.5008239746094,317.82000732421875,318.67999267578125,312.5,316.4200134277344,3076500
2025-03-07,319.4229736328125,324.8599853515625,328.19000244140625,317.7799987792969,318.95001220703125,3944900
2025-03-10,321.881103515625,327.3599853515625,335.8800048828125,322.7699890136719,324.1300048828125,4120700
2025-03-11,313.55291748046875,318.8900146484375,329.1000061035156,318.4200134277344,328.79998779296875,3080100
2025-03-12,307.26983642578125,312.5,316.0199890136719,308.6400146484375,311.3900146484375,3182200
2025-03-13,307.40753173828125,312.6400146484375,316.75,311.989990234375,313.6600036621094,2062700
2025-03-14,308.4595947265625,313.7099914550781,314.510009765625,310.29998779296875,312.2300109863281,2396800
2025-03-17,311.8616638183594,317.1700134277344,318.6600036621094,311.7900085449219,314.6400146484375,2292900
2025-03-18,313.3169250488281,318.6499938964844,319.3099975585937,315.17999267578125,317.5599975585937,2549300
2025-03-19,310.4654541015625,315.75,318.9200134277344,313.3999938964844,317.510009765625,1834300
2025-03-20,309.767333984375,315.0400085449219,315.989990234375,312.239990234375,314.17999267578125,2049700
2025-03-21,310.7506103515625,316.0400085449219,316.489990234375,311.1600036621094,311.82000732421875,9995000
2025-03-24,309.1183776855469,314.3800048828125,317.5799865722656,313.42999267578125,315.0,2439400
2025-03-25,301.7242126464844,306.8599853515625,314.2200012207031,303.510009765625,313.9800109863281,2565300
2025-03-26,300.5934753417969,305.7099914550781,309.0899963378906,304.3500061035156,306.44000244140625,2375200
2025-03-27,300.6524658203125,305.7699890136719,307.57000732421875,304.2900085449219,306.2200012207031,1736900
2025-03-28,301.812744140625,306.95001220703125,308.1700134277344,304.7099914550781,307.44000244140625,1768400
2025-03-31,306.3357238769531,311.54998779296875,315.0,305.54998779296875,307.5799865722656,3336200
2025-04-01,301.78326416015625,306.9200134277344,312.6199951171875,305.0,310.5799865722656,3042300
2025-04-02,300.5836486816406,305.70001220703125,306.760009765625,300.1000061035156,305.4100036621094,1912500
2025-04-03,304.6642150878906,309.8500061035156,314.8999938964844,306.70001220703125,311.17999267578125,3280300
2025-04-04,289.46295166015625,294.3900146484375,312.1099853515625,293.7200012207031,312.1099853515625,5253100
2025-04-07,284.8415832519531,289.69000244140625,296.94000244140625,281.70001220703125,287.69000244140625,4923000
2025-04-08,275.5694274902344,280.260009765625,294.010009765625,277.510009765625,289.25,4097200
2025-04-09,286.2181701660156,291.0899963378906,291.5,267.3999938964844,268.9100036621094,6055700
2025-04-10,276.7001647949219,281.4100036621094,288.5199890136719,269.6700134277344,287.9800109863281,4679100
2025-04-11,281.1936950683594,285.9800109863281,287.8999938964844,277.1000061035156,282.5,3467100
2025-04-14,289.00079345703125,293.9200134277344,295.17999267578125,285.2099914550781,286.7699890136719,2492700
2025-04-15,290.3576965332031,295.29998779296875,296.1700134277344,292.1400146484375,294.3099975585937,2593600
2025-04-16,277.9096069335937,282.6400146484375,294.75,281.0299987792969,294.739990234375,2656300
2025-04-17,272.6491394042969,277.2900085449219,278.67999267578125,268.5,277.0400085449219,4371800
2025-04-21,269.0995483398437,273.67999267578125,278.25,270.3599853515625,277.2900085449219,1803600
2025-04-22,273.74053955078125,278.3999938964844,278.7300109863281,274.489990234375,275.70001220703125,2081000
2025-04-23,273.2489318847656,277.8999938964844,283.6000061035156,276.4200134277344,279.9100036621094,2679500
2025-04-24,275.1564636230469,279.8399963378906,282.260009765625,274.4200134277344,278.4700012207031,2260500
2025-04-25,276.13970947265625,280.8399963378906,282.19000244140625,276.44000244140625,279.4700012207031,1994600
2025-04-28,278.35205078125,283.0899963378906,284.1000061035156,280.0,280.6300048828125,2082400
2025-04-29,283.7304992675781,288.5599975585937,289.8999938964844,279.0599975585937,281.1199951171875,2147700
2025-04-30,286.051025390625,290.9200134277344,292.0,286.0899963378906,289.44000244140625,2612300
2025-05-01,279.030517578125,283.7799987792969,287.8800048828125,282.07000732421875,287.0400085449219,2942700
2025-05-02,276.51336669921875,281.2200012207031,291.6099853515625,275.20001220703125,291.5,4537000
2025-05-05,275.3727722167969,280.0599975585937,281.9700012207031,276.0899963378906,281.57000732421875,2781400
2025-05-06,265.9137878417969,270.44000244140625,277.6099853515625,268.8099975585937,277.0899963378906,3253400
2025-05-07,271.223388671875,275.8399963378906,276.67999267578125,270.44000244140625,272.0299987792969,2363400
2025-05-08,267.496826171875,272.04998779296875,274.7799987792969,266.0199890136719,269.45001220703125,3618000
2025-05-09,261.4104309082031,265.8599853515625,273.4800109863281,265.6600036621094,270.6600036621094,3328900
2025-05-12,270.1614685058594,274.760009765625,276.0899963378906,262.989990234375,266.4700012207031,4216800
2025-05-13,265.9236145019531,270.45001220703125,273.9200134277344,268.5299987792969,273.8299865722656,2660700
2025-05-14,257.89031982421875,262.2799987792969,270.3399963378906,261.42999267578125,269.8399963378906,3933000
2025-05-15,267.1428527832031,271.69000244140625,271.69000244140625,264.1499938964844,265.29998779296875,3995100
2025-05-16,270.2178955078125,272.4100036621094,272.5400085449219,267.7300109863281,270.6600036621094,2589300
2025-05-19,273.6302185058594,275.8500061035156,276.0,272.0,272.5799865722656,2189400
2025-05-20,272.7969970703125,275.010009765625,276.8999938964844,274.2799987792969,275.9100036621094,2188300
2025-05-21,269.1565246582031,271.3399963378906,275.5899963378906,270.510009765625,274.17999267578125,2559700
2025-05-22,269.7120056152344,271.8999938964844,272.44000244140625,269.1000061035156,271.3399963378906,1919800
2025-05-23,269.47393798828125,271.6600036621094,272.5199890136719,269.1300048828125,269.4800109863281,2532000
2025-05-27,277.2012634277344,279.45001220703125,279.6300048828125,273.1199951171875,273.70001220703125,2917100
2025-05-28,276.1596984863281,278.3999938964844,281.3399963378906,276.6199951171875,279.0199890136719,3863800
2025-05-29,281.25836181640625,283.5400085449219,283.82000732421875,278.3999938964844,279.2200012207031,2801900
2025-05-30,285.8609924316406,288.17999267578125,288.8099975585937,281.0400085449219,282.6099853515625,5439200
2025-06-02,286.148681640625,288.4700012207031,289.45001220703125,284.7699890136719,285.6400146484375,2394000
2025-06-03,287.2398376464844,289.57000732421875,291.760009765625,283.0400085449219,285.5199890136719,2320400
2025-06-04,284.700439453125,287.010009765625,293.2099914550781,286.8900146484375,290.19000244140625,2338300
2025-06-05,284.7897033691406,287.1000061035156,291.3599853515625,284.989990234375,286.3299865722656,2522400
2025-06-06,287.9936828613281,290.3299865722656,293.57000732421875,289.010009765625,289.79998779296875,1996100
2025-06-09,287.6465148925781,289.9800109863281,291.6600036621094,287.5400085449219,290.4700012207031,1967100
2025-06-10,291.0687561035156,293.42999267578125,295.6400146484375,289.7900085449219,290.0,2441500
2025-06-11,289.4617919921875,291.8099975585937,294.6700134277344,291.1499938964844,293.2099914550781,1828300
2025-06-12,294.897705078125,297.2900085449219,297.44000244140625,292.67999267578125,294.2099914550781,2159700
2025-06-13,292.8443603515625,295.2200012207031,299.489990234375,294.07000732421875,294.7300109863281,2191200
2025-06-16,293.1816101074219,295.5599975585937,298.7699890136719,292.4599914550781,296.3099975585937,2047600
2025-06-17,287.7159423828125,290.04998779296875,295.79998779296875,289.6300048828125,294.4100036621094,2515100
2025-06-18,287.2993469238281,289.6300048828125,291.8699951171875,286.6000061035156,290.7900085449219,2026800
2025-06-20,287.0017395019531,289.3299865722656,294.54998779296875,288.5400085449219,292.1700134277344,6801300
2025-06-23,270.2476806640625,272.44000244140625,290.6600036621094,267.8299865722656,290.0799865722656,5764900
2025-06-24,275.25701904296875,277.489990234375,280.010009765625,269.010009765625,273.1300048828125,3686900
2025-06-25,278.0940246582031,280.3500061035156,280.5400085449219,273.1300048828125,275.79998779296875,2740300
2025-06-26,276.8639831542969,279.1099853515625,286.1700134277344,277.75,280.0,2998200
2025-06-27,274.8999328613281,277.1300048828125,281.32000732421875,275.70001220703125,278.57000732421875,2894500
2025-06-30,276.9631652832031,279.2099914550781,280.0400085449219,276.5799865722656,278.8500061035156,2963500
2025-07-01,288.1821594238281,290.5199890136719,293.9800109863281,278.9800109863281,280.010009765625,3502700
2025-07-02,294.46124267578125,296.8500061035156,297.9100036621094,289.5,291.0299987792969,2287000
2025-07-03,295.84002685546875,298.239990234375,298.989990234375,295.510009765625,297.0,1518500
2025-07-07,290.5926208496094,292.95001220703125,298.0,291.3800048828125,297.8800048828125,2144500
2025-07-08,294.6100158691406,297.0,298.67999267578125,291.25,291.9599914550781,1534100
2025-07-09,294.1338806152344,296.5199890136719,301.6600036621094,291.7699890136719,298.510009765625,2098000
2025-07-10,297.9529113769531,300.3699951171875,302.3800048828125,295.1700134277344,296.19000244140625,1925800
2025-07-11,292.8939514160156,295.2699890136719,299.9100036621094,294.0,298.2300109863281,1619800
2025-07-14,294.6397705078125,297.0299987792969,297.1400146484375,292.8399963378906,293.8599853515625,1202300
2025-07-15,290.1561584472656,292.510009765625,297.5299987792969,291.94000244140625,297.19000244140625,1592700
2025-07-16,296.61376953125,299.0199890136719,299.3399963378906,292.3299865722656,292.510009765625,1881000
2025-07-17,295.8499755859375,298.25,299.95001220703125,296.2799987792969,297.5899963378906,1725600
2025-07-18,292.3880615234375,294.760009765625,301.0,293.75,300.92999267578125,1967700
2025-07-21,293.4891052246094,295.8699951171875,297.0899963378906,293.6000061035156,294.75,2025100
2025-07-22,303.2301025390625,305.69000244140625,306.79998779296875,295.8599853515625,296.4599914550781,2520800
2025-07-23,306.731689453125,309.2200012207031,309.489990234375,305.989990234375,307.8099975585937,1782700
2025-07-24,306.06707763671875,308.54998779296875,311.2799987792969,307.3500061035156,309.2300109863281,1531200
2025-07-25,304.1129150390625,306.5799865722656,309.0299987792969,304.45001220703125,308.5799865722656,1451300
2025-07-28,298.8655090332031,301.2900085449219,306.0,300.1000061035156,305.82000732421875,1948000
2025-07-29,301.11724853515625,303.5599975585937,304.07000732421875,297.7799987792969,301.1199951171875,1406500
2025-07-30,298.9448547363281,301.3699951171875,305.57000732421875,299.6600036621094,304.3299865722656,1550400
2025-07-31,292.7253112792969,295.1000061035156,302.9599914550781,293.6300048828125,298.44000244140625,2252700
2025-08-01,294.4909973144531,296.8800048828125,298.5199890136719,292.5899963378906,297.0599975585937,2410900
2025-08-04,299.5102844238281,301.94000244140625,302.3299865722656,296.29998779296875,297.29998779296875,2316200
2025-08-05,297.66522216796875,300.0799865722656,302.1000061035156,297.0199890136719,300.7300109863281,2664100
2025-08-06,282.3792724609375,284.6700134277344,298.5400085449219,281.6499938964844,295.510009765625,4576000
2025-08-07,282.4090270996094,284.70001220703125,289.25,281.69000244140625,287.3500061035156,2588800
2025-08-08,285.9106140136719,288.2300109863281,288.489990234375,283.489990234375,283.489990234375,1803300
2025-08-11,282.7958679199219,285.0899963378906,291.739990234375,284.7200012207031,289.739990234375,1856800
2025-08-12,282.686767578125,284.9800109863281,286.260009765625,282.6000061035156,285.4800109863281,2200300
2025-08-13,287.0017395019531,289.3299865722656,289.5799865722656,284.69000244140625,285.32000732421875,1784900
2025-08-14,287.9540405273437,290.2900085449219,291.5400085449219,287.4100036621094,288.8800048828125,1932300
2025-08-15,294.08428955078125,296.4700012207031,296.989990234375,290.5799865722656,292.0299987792969,2168300
2025-08-18,290.2652587890625,292.6199951171875,298.1400146484375,292.29998779296875,296.92999267578125,1743800
2025-08-19,293.17169189453125,295.54998779296875,296.989990234375,292.1099853515625,292.4100036621094,1858500
2025-08-20,294.064453125,296.45001220703125,301.4700012207031,295.79998779296875,296.25,1723700
2025-08-21,293.3800048828125,295.760009765625,299.8999938964844,294.489990234375,295.8999938964844,1843700
2025-08-22,293.7200012207031,293.7200012207031,297.8900146484375,293.3500061035156,295.489990234375,1644000
2025-08-25,288.4700012207031,288.4700012207031,294.6000061035156,287.5599975585937,292.6099853515625,1734300
2025-08-26,289.5799865722656,289.5799865722656,289.8900146484375,286.5299987792969,287.7699890136719,1750400
2025-08-27,287.9700012207031,287.9700012207031,290.25,286.6499938964844,288.8399963378906,1400800
2025-08-28,285.6099853515625,285.6099853515625,287.2300109863281,284.8699951171875,287.2300109863281,1886700
2025-08-29,287.7099914550781,287.7099914550781,288.29998779296875,285.1600036621094,285.79998779296875,1302700
2025-09-02,286.9200134277344,286.9200134277344,288.739990234375,284.7099914550781,287.489990234375,1948200
2025-09-03,283.8500061035156,283.8500061035156,286.92999267578125,280.3800048828125,284.0799865722656,2604100
2025-09-04,280.1000061035156,280.1000061035156,284.760009765625,278.75,284.760009765625,2622000
2025-09-05,283.6400146484375,283.6400146484375,285.2900085449219,279.0,279.79998779296875,2299400
2025-09-08,280.19000244140625,280.19000244140625,282.42999267578125,277.32000732421875,281.04998779296875,2452900
2025-09-09,279.9700012207031,279.9700012207031,282.0799865722656,278.7799987792969,279.5,1733000
2025-09-10,278.510009765625,278.510009765625,280.3099975585937,275.1600036621094,280.0,2150700
2025-09-11,282.7300109863281,282.7300109863281,282.8999938964844,278.0,278.5199890136719,2233100
2025-09-12,276.3900146484375,276.3900146484375,282.94000244140625,276.07000732421875,281.0400085449219,2143700
2025-09-15,274.3999938964844,274.3999938964844,277.239990234375,271.6099853515625,276.07000732421875,2563100
2025-09-16,273.0799865722656,273.0799865722656,277.5899963378906,271.7300109863281,275.8900146484375,2157400
2025-09-17,274.7099914550781,274.7099914550781,277.79998779296875,273.0,274.1400146484375,1748800
2025-09-18,275.8299865722656,275.8299865722656,276.5,273.9700012207031,274.70001220703125,3322500
2025-09-19,285.4100036621094,285.4100036621094,286.1499938964844,277.3699951171875,278.6400146484375,8735100
2025-09-22,286.0,286.0,287.20001220703125,281.7099914550781,284.1300048828125,3050500
2025-09-23,286.8099975585937,286.8099975585937,287.260009765625,283.9599914550781,283.9599914550781,2342000
2025-09-24,279.2200012207031,279.2200012207031,286.70001220703125,278.0,285.4700012207031,2374200
2025-09-25,271.17999267578125,271.17999267578125,281.04998779296875,270.6400146484375,279.0,2802700
2025-09-26,272.9800109863281,272.9800109863281,275.5,269.7699890136719,274.3399963378906,1812200
2025-09-29,273.9700012207031,273.9700012207031,274.5199890136719,270.6700134277344,273.1000061035156,1769100
2025-09-30,282.20001220703125,282.20001220703125,284.82000732421875,274.0199890136719,274.1400146484375,3508700
2025-10-01,298.5,298.5,301.6600036621094,283.0,284.45001220703125,4835400
2025-10-02,297.3999938964844,297.3999938964844,300.5,295.4599914550781,298.3099975585937,2123200
2025-10-03,297.8900146484375,297.8900146484375,301.5400085449219,295.6300048828125,297.7200012207031,2518500
2025-10-06,294.1199951171875,294.1199951171875,297.6199951171875,293.0299987792969,297.6199951171875,1957300
2025-10-07,295.5400085449219,295.5400085449219,295.8500061035156,290.2099914550781,293.2699890136719,1504300
2025-10-08,294.6199951171875,294.6199951171875,297.6300048828125,292.2900085449219,295.7900085449219,2940600
2025-10-09,295.42999267578125,295.42999267578125,296.6300048828125,293.70001220703125,294.1300048828125,1369000
