Date,Adj Close,Close,High,Low,Open,Volume
2010-10-11,327.62506103515625,332.3500061035156,341.989990234375,331.3299865722656,340.7200012207031,983800
2010-10-12,331.4006652832031,336.17999267578125,336.42999267578125,330.07000732421875,332.6300048828125,1160800
2010-10-13,336.1915588378906,341.0400085449219,345.9800109863281,338.7699890136719,343.989990234375,1267900
2010-10-14,344.0975036621094,349.0599975585937,350.2900085449219,337.4700012207031,340.1499938964844,1378000
2010-10-15,349.5587463378906,354.6000061035156,357.8900146484375,351.0400085449219,354.8599853515625,1398500
2010-10-18,348.730712890625,353.760009765625,357.2799987792969,350.0599975585937,353.3800048828125,760500
2010-10-19,340.59796142578125,345.510009765625,352.4800109863281,342.04998779296875,348.6099853515625,913100
2010-10-20,342.62872314453125,347.57000732421875,351.5,342.95001220703125,348.95001220703125,819200
2010-10-21,338.8136901855469,343.70001220703125,349.6000061035156,341.239990234375,348.989990234375,1224000
2010-10-22,358.33221435546875,363.5,364.9299926757813,344.04998779296875,344.8999938964844,1512900
2010-10-25,366.6423645019531,371.9299926757813,375.5,364.0,367.0,1331400
2010-10-26,369.1167297363281,374.4400024414063,374.989990234375,369.0,370.4599914550781,1034300
2010-10-27,367.2042846679688,372.5,379.5799865722656,371.9500122070313,373.9500122070313,1047700
2010-10-28,362.3542175292969,367.5799865722656,375.8399963378906,365.2999877929688,375.1499938964844,813000
2010-10-29,371.4529724121094,376.80999755859375,383.1099853515625,369.0,369.510009765625,1422300
2010-11-01,368.7223815917969,374.0400085449219,381.7000122070313,371.0,381.1000061035156,877400
2010-11-02,375.7706909179688,381.1900024414063,382.989990234375,375.1000061035156,377.1900024414063,913100
2010-11-03,374.5877685546875,379.989990234375,383.0,374.7999877929688,382.0,1304100
2010-11-04,374.7159423828125,380.1199951171875,387.9500122070313,376.8999938964844,386.4100036621094,1243800
2010-11-05,383.341552734375,388.8699951171875,388.8800048828125,380.2000122070313,381.4500122070313,1042600
2010-11-08,383.0556335449219,388.5799865722656,393.3299865722656,384.25,391.2799987792969,2491300
2010-11-09,414.6697387695313,420.6499938964844,428.1000061035156,419.0,421.0,3451700
2010-11-10,413.1121826171875,419.0700073242188,423.8999938964844,411.4500122070313,421.55999755859375,1303300
2010-11-11,413.6050720214844,419.5700073242188,421.3900146484375,413.75,414.4100036621094,1056400
2010-11-12,409.0310668945313,414.9299926757813,418.0,405.3200073242188,416.3299865722656,1297500
2010-11-15,401.6376647949219,407.4299926757813,415.4500122070313,406.0,415.1300048828125,757800
2010-11-16,393.3275146484375,399.0,407.1300048828125,398.1799926757813,404.3500061035156,1035000
2010-11-17,398.9267578125,404.6799926757813,408.3999938964844,395.7900085449219,399.2799987792969,1082000
2010-11-18,404.8118896484375,410.6499938964844,415.25,408.760009765625,410.0,718700
2010-11-19,403.7669372558594,409.5899963378906,413.5700073242188,408.8900146484375,410.7000122070313,694700
2010-11-22,414.4430236816406,420.4200134277344,420.8900146484375,406.6499938964844,408.2300109863281,1024100
2010-11-23,402.0517272949219,407.8500061035156,416.9700012207031,405.1400146484375,414.7999877929688,1083900
2010-11-24,405.39349365234375,411.239990234375,415.9500122070313,410.2099914550781,413.989990234375,806800
2010-11-26,405.0287780761719,410.8699951171875,412.5,407.0400085449219,408.5400085449219,394700
2010-11-29,398.9070434570313,404.6600036621094,410.0700073242188,401.80999755859375,409.6900024414063,987000
2010-11-30,388.4478454589844,394.0499877929688,401.4299926757813,392.0499877929688,400.0,1706000
2010-12-01,397.3692626953125,403.1000061035156,410.5,402.1000061035156,402.4299926757813,1026400
2010-12-02,397.26080322265625,402.989990234375,407.489990234375,398.1799926757813,402.5700073242188,877000
2010-12-03,408.2226867675781,414.1099853515625,414.9200134277344,398.1499938964844,399.0,1088500
2010-12-06,411.2293395996094,417.1600036621094,423.1900024414063,416.2099914550781,416.6900024414063,908800
2010-12-07,407.0594482421875,412.9299926757813,425.9800109863281,412.1000061035156,425.4299926757813,888200
2010-12-08,410.1154174804688,416.0299987792969,416.5299987792969,409.1799926757813,413.6300048828125,585300
2010-12-09,409.2479248046875,415.1499938964844,420.989990234375,411.510009765625,419.9599914550781,523700
2010-12-10,413.9993591308594,419.9700012207031,423.7000122070313,413.5,414.3299865722656,900900
2010-12-13,406.1427307128906,412.0,422.5799865722656,411.5,422.5700073242188,1086700
2010-12-14,394.5498962402344,400.239990234375,412.7799987792969,397.0799865722656,412.010009765625,1180000
2010-12-15,393.2091979980469,398.8800048828125,406.4299926757813,395.2699890136719,397.5700073242188,748000
2010-12-16,394.58929443359375,400.2799987792969,404.5,396.0,398.7099914550781,657100
2010-12-17,394.9442138671875,400.6400146484375,405.2799987792969,399.6099853515625,400.5299987792969,1312500
2010-12-20,399.5675354003906,405.3299865722656,408.2000122070313,392.8999938964844,402.4100036621094,1336400
2010-12-21,401.21380615234375,407.0,409.9100036621094,401.4200134277344,405.7300109863281,645800
2010-12-22,410.25341796875,416.1700134277344,420.8599853515625,413.80999755859375,415.0899963378906,1097000
2010-12-23,407.3157958984375,413.1900024414063,416.8999938964844,410.1400146484375,416.6000061035156,597200
2010-12-27,402.4361877441406,408.239990234375,412.9599914550781,404.2000122070313,410.0899963378906,605100
2010-12-28,399.0450134277344,404.7999877929688,409.80999755859375,403.6400146484375,409.510009765625,419700
2010-12-29,399.9322814941406,405.7000122070313,408.30999755859375,402.5799865722656,405.1199951171875,536200
2010-12-30,398.5226135253906,404.2699890136719,407.5,400.1099853515625,404.9200134277344,433200
2010-12-31,393.8696594238281,399.5499877929688,403.5899963378906,399.1799926757813,403.0700073242188,583900
2011-01-03,410.0759582519531,415.989990234375,415.989990234375,402.25,402.25,1323200
2011-01-04,403.5599365234375,409.3800048828125,417.6199951171875,408.2999877929688,415.739990234375,1088300
2011-01-05,427.43560791015625,433.6000061035156,434.9500122070313,410.6400146484375,410.6400146484375,2406400
2011-01-06,431.1027221679688,437.3200073242188,441.5400085449219,430.0899963378906,433.9599914550781,1634500
2011-01-07,434.3262634277344,440.5899963378906,441.8900146484375,434.4500122070313,439.2000122070313,1098800
2011-01-10,434.2966613769531,440.55999755859375,441.5,435.1499938964844,437.7900085449219,616100
2011-01-11,425.0795593261719,431.2099914550781,443.1900024414063,429.1300048828125,442.7999877929688,1445600
2011-01-12,428.0665283203125,434.239990234375,435.4700012207031,431.739990234375,433.239990234375,585900
2011-01-13,433.2616271972656,439.510009765625,440.6000061035156,433.4200134277344,435.2300109863281,616000
2011-01-14,431.76318359375,437.989990234375,439.4800109863281,435.0,438.1300048828125,789700
2011-01-18,434.6416931152344,440.9100036621094,441.5,437.2099914550781,437.2099914550781,693000
2011-01-19,425.8879699707031,432.0299987792969,440.9100036621094,429.5499877929688,440.1099853515625,826700
2011-01-20,418.1889953613281,424.2200012207031,429.7799987792969,416.0,429.7799987792969,1425800
2011-01-21,419.5493774414063,425.6000061035156,431.010009765625,424.3500061035156,425.30999755859375,1137100
2011-01-24,417.7749633789063,423.7999877929688,426.8599853515625,417.3200073242188,425.0400085449219,706500
2011-01-25,422.7630004882813,428.8599853515625,428.8599853515625,418.7999877929688,420.4500122070313,724300
2011-01-26,416.6906127929688,422.7000122070313,428.9700012207031,421.0199890136719,428.2099914550781,911400
2011-01-27,430.92529296875,437.1400146484375,439.1700134277344,423.4100036621094,423.6300048828125,1118600
2011-01-28,419.2634887695313,425.30999755859375,439.0,424.0,435.6300048828125,1278300
2011-01-31,422.4278259277344,428.5199890136719,429.8699951171875,421.760009765625,425.3999938964844,706200
2011-02-01,431.7040710449219,437.9299926757813,444.9500122070313,431.9400024414063,432.0,1033100
2011-02-02,430.9745788574219,437.1900024414063,441.7900085449219,435.3200073242188,435.3399963378906,559600
2011-02-03,429.7916870117188,435.989990234375,441.0,435.25,435.4800109863281,778300
2011-02-04,427.2680358886719,433.4299926757813,440.0,433.0299987792969,436.9800109863281,1114200
2011-02-07,430.9844665527344,437.2000122070313,441.6199951171875,431.05999755859375,436.0,951700
2011-02-08,436.4555358886719,442.75,443.3999938964844,435.2699890136719,435.9400024414063,801500
2011-02-09,444.6966552734375,451.1099853515625,459.1000061035156,440.4400024414063,441.9599914550781,1364500
2011-02-10,448.9552917480469,455.4299926757813,456.5,445.2200012207031,449.6900024414063,1100100
2011-02-11,448.9158630371094,455.3900146484375,457.7300109863281,448.5499877929688,450.7300109863281,1167300
2011-02-14,450.5127868652344,457.010009765625,459.5700073242188,453.5299987792969,458.0,666900
2011-02-15,450.70013427734375,457.2000122070313,464.4700012207031,452.5400085449219,454.0,888200
2011-02-16,451.5281372070313,458.0400085449219,461.6000061035156,455.8200073242188,457.8500061035156,658500
2011-02-17,448.7975463867188,455.2699890136719,462.3500061035156,453.9500122070313,457.7900085449219,709700
2011-02-18,442.5476379394531,448.9299926757813,457.5799865722656,446.4599914550781,455.5,968500
2011-02-22,427.6130676269531,433.7799987792969,444.9100036621094,430.2999877929688,443.5799865722656,1333300
2011-02-23,419.9338073730469,425.989990234375,438.8800048828125,416.0,433.010009765625,2583500
2011-02-24,455.7670593261719,462.3399963378906,469.3999938964844,453.1099853515625,466.6099853515625,4461500
2011-02-25,453.4898681640625,460.0299987792969,465.9700012207031,459.510009765625,465.9400024414063,1229800
2011-02-28,447.4273376464844,453.8800048828125,463.989990234375,450.2300109863281,460.75,1332900
2011-03-01,438.9002990722656,445.2300109863281,452.239990234375,440.80999755859375,450.0,1795200
2011-03-02,442.7941284179688,449.1799926757813,454.489990234375,443.010009765625,443.2699890136719,1300100
2011-03-03,458.1822509765625,464.7900085449219,464.7999877929688,453.75,453.75,1545700
2011-03-04,462.4605102539063,469.1300048828125,469.739990234375,461.55999755859375,462.8699951171875,1346800
2011-03-07,460.0551452636719,466.6900024414063,474.739990234375,459.260009765625,470.0,1450000
2011-03-08,462.41119384765625,469.0799865722656,471.7000122070313,460.1099853515625,464.5499877929688,1273500
2011-03-09,461.859130859375,468.5199890136719,474.3599853515625,464.6700134277344,464.6700134277344,1126900
2011-03-10,457.8076171875,464.4100036621094,468.6900024414063,457.2200012207031,461.260009765625,1325900
2011-03-11,456.60491943359375,463.1900024414063,466.760009765625,457.2999877929688,462.2000122070313,925500
2011-03-14,457.0189208984375,463.6099853515625,464.5,455.4400024414063,459.2099914550781,897000
2011-03-15,454.7812194824219,461.3399963378906,464.3500061035156,451.25,451.6300048828125,1221600
2011-03-16,449.4777221679688,455.9599914550781,466.5299987792969,450.0,459.1199951171875,1317100
2011-03-17,445.7613220214844,452.1900024414063,462.5,451.7699890136719,462.5,915500
2011-03-18,443.1490478515625,449.5400085449219,457.7900085449219,448.5,456.8800048828125,1352500
2011-03-21,450.4339294433594,456.9299926757813,458.4700012207031,443.1199951171875,453.0,1032900
2011-03-22,449.2214660644531,455.7000122070313,462.1900024414063,448.7200012207031,458.0,1331700
2011-03-23,459.63128662109375,466.260009765625,467.989990234375,450.05999755859375,454.5499877929688,1174700
2011-03-24,469.2427062988281,476.010009765625,478.0,468.0,470.5199890136719,1191600
2011-03-25,480.0764465332031,487.0,490.3900146484375,478.1499938964844,480.1300048828125,1236100
2011-03-28,477.1092529296875,483.989990234375,491.3599853515625,483.989990234375,488.4700012207031,771400
2011-03-29,484.6998291015625,491.6900024414063,493.4400024414063,481.0,482.8399963378906,981900
2011-03-30,496.8347473144531,504.0,506.6900024414063,493.6300048828125,495.010009765625,1237900
2011-03-31,499.2400817871094,506.4400024414063,509.0,500.6000061035156,503.0199890136719,1087800
2011-04-01,506.5447082519531,513.8499755859375,515.6400146484375,507.8299865722656,508.1799926757813,1393700
2011-04-04,511.2173461914063,518.5900268554688,518.6799926757812,509.5,515.2100219726562,883700
2011-04-05,509.5908203125,516.9400024414062,522.0,514.8099975585938,516.6500244140625,710500
2011-04-06,499.0724487304688,506.2699890136719,521.0,503.5400085449219,520.0,1306900
2011-04-07,501.6256408691406,508.8599853515625,511.8500061035156,502.2200012207031,506.3800048828125,956500
2011-04-08,499.61468505859375,506.8200073242188,515.97998046875,504.5499877929688,514.0,927000
2011-04-11,505.1646728515625,512.4500122070312,512.5,500.4700012207031,507.8599853515625,1074700
2011-04-12,504.8590698242188,512.1400146484375,515.0,505.5,509.989990234375,946000
2011-04-13,507.4910888671875,514.8099975585938,516.2999877929688,509.5,514.25,833500
2011-04-14,505.3618469238281,512.6500244140625,514.0,508.010009765625,511.7900085449219,959900
2011-04-15,512.6763916015625,520.0700073242188,520.3400268554688,509.3500061035156,512.8800048828125,933200
2011-04-18,509.4330749511719,516.780029296875,517.8499755859375,507.5499877929688,517.280029296875,1016700
2011-04-19,518.05859375,525.530029296875,525.5700073242188,512.6699829101562,517.0,821200
2011-04-20,523.7959594726562,531.3499755859375,537.0,530.02001953125,530.5999755859375,1011300
2011-04-21,536.216796875,543.9500122070312,544.27001953125,530.3599853515625,533.1400146484375,901600
2011-04-25,536.5717163085938,544.3099975585938,547.9099731445312,542.22998046875,544.7999877929688,567400
2011-04-26,530.0458984375,537.6900024414062,546.2000122070312,532.3699951171875,544.9400024414062,809400
2011-04-27,531.7808227539062,539.4500122070312,544.5599975585938,534.7999877929688,538.6599731445312,729300
2011-04-28,542.21044921875,550.030029296875,551.1699829101562,537.5800170898438,538.8699951171875,832200
2011-04-29,539.2333374023438,547.010009765625,556.27001953125,545.9500122070312,550.22998046875,1132200
2011-05-02,547.75048828125,555.6500244140625,561.8800048828125,551.219970703125,551.8200073242188,1228500
2011-05-03,532.4313354492188,540.1099853515625,561.0,537.030029296875,556.469970703125,1200000
2011-05-04,529.9176635742188,537.5599975585938,544.22998046875,528.0,539.989990234375,1139700
2011-05-05,526.378662109375,533.969970703125,545.5,531.1799926757812,535.5,2300000
2011-05-06,511.6511535644531,519.030029296875,540.9299926757812,518.0999755859375,530.5,3351900
2011-05-09,521.6765747070312,529.2000122070312,532.0,517.5800170898438,519.25,1230100
2011-05-10,520.9864501953125,528.5,531.9199829101562,524.280029296875,531.2999877929688,1246900
2011-05-11,513.5831909179688,520.989990234375,530.1500244140625,518.0,528.5,818300
2011-05-12,516.510986328125,523.9600219726562,527.0399780273438,514.0999755859375,520.5,990000
2011-05-13,513.2086181640625,520.6099853515625,530.6799926757812,520.5,524.3400268554688,842400
2011-05-16,496.22357177734375,503.3800048828125,519.3300170898438,498.6099853515625,518.010009765625,1466700
2011-05-17,497.2290954589844,504.3999938964844,505.3900146484375,493.6700134277344,499.8599853515625,1283700
2011-05-18,511.0103149414063,518.3800048828125,521.010009765625,502.7900085449219,505.1000061035156,1290800
2011-05-19,514.6774291992188,522.0999755859375,527.5,519.22998046875,519.8699951171875,823800
2011-05-20,512.6861572265625,520.0800170898438,525.989990234375,519.5999755859375,521.1699829101562,764400
2011-05-23,494.5280456542969,501.6600036621094,513.5800170898438,501.0400085449219,512.9500122070312,1400000
2011-05-24,483.9407653808594,490.9200134277344,504.6799926757813,489.0,504.0,1639100
2011-05-25,491.7185363769531,498.80999755859375,502.7699890136719,487.7000122070313,488.510009765625,1048000
2011-05-26,497.9289245605469,505.1099853515625,507.4500122070313,496.739990234375,497.5,809300
2011-05-27,494.3111267089844,501.4400024414063,509.6499938964844,500.5499877929688,505.3900146484375,626900
2011-05-31,507.86572265625,515.1900024414062,515.1900024414062,505.1499938964844,506.0499877929688,865200
2011-06-01,499.8512573242188,507.05999755859375,519.3900146484375,506.05999755859375,514.1799926757812,957900
2011-06-02,505.489990234375,512.780029296875,514.97998046875,504.1400146484375,507.989990234375,757300
2011-06-03,500.5807189941406,507.7999877929688,516.3599853515625,505.0,506.3800048828125,897000
2011-06-06,495.7208557128906,502.8699951171875,510.3800048828125,501.0299987792969,506.0499877929688,785500
2011-06-07,498.9246215820313,506.1199951171875,511.2799987792969,501.260009765625,504.6799926757813,683400
2011-06-08,493.56195068359375,500.6799926757813,509.80999755859375,497.1900024414063,504.5199890136719,786600
2011-06-09,496.0166320800781,503.1700134277344,506.2799987792969,495.7000122070313,501.1199951171875,522600
2011-06-10,486.1685791015625,493.1799926757813,502.8999938964844,491.3800048828125,501.8599853515625,856400
2011-06-13,475.2756958007813,482.1300048828125,497.6000061035156,480.0,495.5,1167600
2011-06-14,473.8857116699219,480.7200012207031,489.3299865722656,477.1400146484375,486.3999938964844,1105200
2011-06-15,464.4715270996094,471.1700134277344,480.989990234375,468.510009765625,476.75,1042500
2011-06-16,455.14593505859375,461.7099914550781,471.9100036621094,452.3399963378906,470.1499938964844,1633500
2011-06-17,455.7768859863281,462.3500061035156,467.9200134277344,460.1600036621094,466.3999938964844,1345400
2011-06-20,452.2576599121094,458.7799987792969,465.4599914550781,451.75,456.3599853515625,808300
2011-06-21,480.6777648925781,487.6099853515625,489.55999755859375,458.9500122070313,461.55999755859375,1747600
2011-06-22,473.82659912109375,480.6600036621094,489.3800048828125,480.3399963378906,485.1099853515625,922000
2011-06-23,483.0337829589844,490.0,490.6900024414063,473.1000061035156,474.239990234375,1138800
2011-06-24,476.1037292480469,482.9700012207031,490.5899963378906,480.0499877929688,490.4299926757813,1399500
2011-06-27,480.1750183105469,487.1000061035156,489.6900024414063,483.739990234375,483.739990234375,754400
2011-06-28,488.3570251464844,495.3999938964844,495.6499938964844,486.6199951171875,489.3500061035156,1159800
2011-06-29,496.7164306640625,503.8800048828125,507.1000061035156,492.4100036621094,497.6000061035156,1188600
2011-06-30,504.6520385742188,511.9299926757813,514.510009765625,505.6199951171875,507.6099853515625,1006900
2011-07-01,517.339111328125,524.7999877929688,525.239990234375,510.0,513.3900146484375,1058600
2011-07-05,527.7587890625,535.3699951171875,537.0999755859375,521.1099853515625,525.0,880200
2011-07-06,528.5079956054688,536.1300048828125,538.9600219726562,530.0399780273438,534.8400268554688,647400
2011-07-07,539.5586547851562,547.3400268554688,549.5999755859375,540.1699829101562,541.739990234375,904800
2011-07-08,544.3001708984375,552.1500244140625,552.1500244140625,535.260009765625,538.6900024414062,1087200
2011-07-11,528.9220581054688,536.5499877929688,548.75,535.2000122070312,544.0,1100400
2011-07-12,521.055419921875,528.5700073242188,535.489990234375,526.2000122070312,534.5800170898438,1138300
2011-07-13,524.702880859375,532.27001953125,541.969970703125,530.0,534.1400146484375,812200
2011-07-14,512.3312377929688,519.719970703125,537.6900024414062,518.5,534.77001953125,756500
2011-07-15,515.07177734375,522.5,526.8499755859375,515.7999877929688,522.280029296875,711500
2011-07-18,509.3147277832031,516.6599731445312,521.3900146484375,510.1600036621094,520.5999755859375,606500
2011-07-19,529.8585205078125,537.5,538.8599853515625,520.489990234375,521.97998046875,954400
2011-07-20,522.4158325195312,529.9500122070312,538.6199951171875,529.1500244140625,538.02001953125,512000
2011-07-21,518.5317993164062,526.010009765625,542.5,523.6799926757812,527.9000244140625,987100
2011-07-22,522.829833984375,530.3699951171875,533.27001953125,525.0,527.1799926757812,671600
2011-07-25,522.2186889648438,529.75,540.0,529.0,529.0,450800
2011-07-26,526.0829467773438,533.6699829101562,538.4600219726562,530.3300170898438,530.3300170898438,549500
2011-07-27,509.8569946289063,517.2100219726562,534.7000122070312,516.010009765625,532.3800048828125,670200
2011-07-28,514.86474609375,522.2899780273438,529.969970703125,511.8500061035156,516.7000122070312,953100
2011-07-29,530.0064086914062,537.6500244140625,542.8699951171875,526.0,528.1799926757812,1358900
2011-08-01,531.19921875,538.8599853515625,547.8800048828125,527.6900024414062,547.22998046875,1142200
2011-08-02,510.9512023925781,518.3200073242188,539.1500244140625,517.4500122070312,536.0999755859375,1209200
2011-08-03,514.54931640625,521.969970703125,525.3900146484375,501.30999755859375,522.3200073242188,1203200
2011-08-04,476.468505859375,483.3399963378906,519.4500122070312,480.8399963378906,518.010009765625,3011000
2011-08-05,520.3062133789062,527.8099975585938,540.9000244140625,510.5199890136719,537.5999755859375,4049100
2011-08-08,497.8204956054688,505.0,523.489990234375,503.9400024414063,510.25,2461600
2011-08-09,510.06396484375,517.4199829101562,525.0999755859375,490.5,511.0,2466900
2011-08-10,491.7086791992188,498.7999877929688,512.9500122070312,497.5,503.1600036621094,2170200
2011-08-11,493.0493469238281,500.1600036621094,508.05999755859375,485.3299865722656,501.9500122070313,1852000
2011-08-12,495.95745849609375,503.1099853515625,509.989990234375,498.0,505.7200012207031,947800
2011-08-15,507.0376281738281,514.3499755859375,514.9299926757812,500.3900146484375,504.6600036621094,1064100
2011-08-16,490.249755859375,497.3200073242188,508.260009765625,489.0,506.7300109863281,1816800
2011-08-17,484.8575134277344,491.8500061035156,505.510009765625,486.0,499.2000122070313,1018100
2011-08-18,452.2773742675781,458.7999877929688,476.8500061035156,450.1499938964844,476.5700073242188,2017000
2011-08-19,442.5674133300781,448.9500122070313,477.7999877929688,445.1499938964844,452.0,2201500
2011-08-22,439.9747924804688,446.3200073242188,463.989990234375,441.5499877929688,458.5,1642600
2011-08-23,469.8341674804688,476.6099853515625,477.4800109863281,447.7300109863281,450.1300048828125,1461800
2011-08-24,478.59771728515625,485.5,487.9700012207031,475.0,478.8900146484375,1597900
2011-08-25,476.6853942871094,483.55999755859375,494.9800109863281,480.9500122070313,487.6400146484375,990100
2011-08-26,496.3122863769531,503.4700012207031,503.80999755859375,475.5,477.989990234375,1345700
2011-08-29,513.6029663085938,521.010009765625,522.3200073242188,509.05999755859375,510.0,1118800
2011-08-30,527.6109008789062,535.219970703125,541.780029296875,518.510009765625,520.489990234375,1585500
2011-08-31,529.6220092773438,537.260009765625,542.6900024414062,529.5399780273438,539.4000244140625,1302000
2011-09-01,522.3074951171875,529.8400268554688,541.469970703125,529.0800170898438,537.260009765625,857600
2011-09-02,520.6809692382812,528.1900024414062,530.489990234375,518.0999755859375,519.9600219726562,788300
2011-09-06,526.1124877929688,533.7000122070312,534.2000122070312,514.010009765625,517.489990234375,1207700
2011-09-07,534.4326171875,542.1400146484375,542.510009765625,533.0,540.0,1078600
2011-09-08,530.73583984375,538.3900146484375,549.3300170898438,533.0999755859375,538.6500244140625,1483700
2011-09-09,513.3466796875,520.75,538.0399780273438,516.9000244140625,534.8900146484375,1613300
2011-09-12,521.3511352539062,528.8699951171875,531.77001953125,508.1400146484375,511.4500122070313,1197400
2011-09-13,515.59423828125,523.030029296875,530.7000122070312,516.5999755859375,530.469970703125,1001400
2011-09-14,522.0313720703125,529.5599975585938,539.0,513.0,524.9299926757812,1473400
2011-09-15,516.5504150390625,524.0,534.7000122070312,522.7000122070312,533.6799926757812,943500
2011-09-16,517.9995727539062,525.469970703125,531.1699829101562,523.1300048828125,528.6199951171875,1341200
2011-09-19,523.8945922851562,531.4500122070312,536.4500122070312,510.5400085449219,518.3400268554688,1155500
2011-09-20,529.6021728515625,537.239990234375,554.0,528.0,533.0900268554688,1735000
2011-09-21,523.717041015625,531.27001953125,549.9600219726562,531.0,538.0,1137400
2011-09-22,498.3824768066406,505.5700073242188,521.489990234375,499.25,516.3900146484375,1832300
2011-09-23,507.2939147949219,514.6099853515625,517.6099853515625,500.7000122070313,503.0,1342800
2011-09-26,506.2884826660156,513.5900268554688,515.989990234375,492.0,514.7000122070312,1476800
2011-09-27,503.853515625,511.1199951171875,523.5800170898438,504.0700073242188,523.489990234375,1323700
2011-09-28,491.0087585449219,498.0899963378906,518.0,495.3399963378906,512.739990234375,1080100
2011-09-29,471.22412109375,478.0199890136719,506.7799987792969,463.1499938964844,506.0299987792969,2383200
2011-09-30,443.0701599121094,449.4599914550781,472.2699890136719,449.3299865722656,469.1199951171875,2199700
2011-10-03,439.4129028320313,445.75,467.0,445.2900085449219,454.3500061035156,1940000
2011-10-04,437.6877746582031,444.0,447.9700012207031,411.260009765625,440.7000122070313,2650500
2011-10-05,439.33404541015625,445.6700134277344,449.5,424.1199951171875,441.1700134277344,1882400
2011-10-06,462.8843688964844,469.55999755859375,472.8299865722656,444.2799987792969,447.7799987792969,1935400
2011-10-07,461.0803833007813,467.7300109863281,474.8399963378906,457.7999877929688,474.1199951171875,1545000
2011-10-10,476.97119140625,483.8500061035156,483.9500122070313,474.0,475.75,960500
2011-10-11,486.2474365234375,493.260009765625,494.6400146484375,478.6199951171875,480.9500122070313,1049400
2011-10-12,478.63720703125,485.5400085449219,503.9800109863281,485.1099853515625,499.4500122070313,1427700
2011-10-13,486.7502136230469,493.7699890136719,495.75,483.9299926757813,485.05999755859375,1105700
2011-10-14,492.033935546875,499.1300048828125,503.3500061035156,492.510009765625,503.1300048828125,761700
2011-10-17,485.8432922363281,492.8500061035156,506.8699951171875,491.4700012207031,495.2900085449219,710000
2011-10-18,486.19818115234375,493.2099914550781,496.7200012207031,475.8999938964844,492.1600036621094,1121700
2011-10-19,472.190185546875,479.0,493.260009765625,473.80999755859375,490.8200073242188,1166900
2011-10-20,467.0838317871094,473.8200073242188,480.5,468.6700134277344,478.4700012207031,954000
2011-10-21,488.4161682128906,495.4599914550781,495.7900085449219,478.3200073242188,479.7200012207031,1450500
2011-10-24,512.429931640625,519.8200073242188,521.239990234375,491.8500061035156,494.0,1232300
2011-10-25,497.8796691894531,505.05999755859375,522.989990234375,503.6700134277344,517.02001953125,1147300
2011-10-26,488.583740234375,495.6300048828125,513.6099853515625,480.3200073242188,510.1099853515625,1489300
2011-10-27,513.1494140625,520.5499877929688,524.4199829101562,510.6900024414063,512.3800048828125,1543000
2011-10-28,516.2350463867188,523.6799926757812,526.75,511.0,515.0,995100
2011-10-31,500.5019226074219,507.7200012207031,522.0,507.6900024414063,519.0,971700
2011-11-01,482.0677185058594,489.0199890136719,499.2300109863281,478.6499938964844,492.0799865722656,1475900
2011-11-02,486.6220703125,493.6400146484375,497.2300109863281,487.0,496.1499938964844,968100
2011-11-03,504.4351196289063,511.7099914550781,511.7699890136719,490.30999755859375,498.5700073242188,1017200
2011-11-04,506.0715637207031,513.3699951171875,516.97998046875,498.0,509.0,1638600
2011-11-07,501.76373291015625,509.0,519.0,503.2000122070313,517.239990234375,2448600
2011-11-08,544.990234375,552.8499755859375,553.3300170898438,519.6300048828125,520.0,3903600
2011-11-09,528.9220581054688,536.5499877929688,547.7899780273438,535.0999755859375,543.0,1819400
2011-11-10,520.848388671875,528.3599853515625,543.0,525.5499877929688,542.3400268554688,1367900
2011-11-11,525.7280883789062,533.3099975585938,535.469970703125,525.0700073242188,535.1099853515625,1225400
2011-11-14,526.8025512695312,534.4000244140625,544.3800048828125,530.1599731445312,530.97998046875,1054600
2011-11-15,539.0460205078125,546.8200073242188,549.760009765625,530.1699829101562,531.5399780273438,1188200
2011-11-16,530.6767578125,538.3300170898438,548.0,537.0,541.3699951171875,1007100
2011-11-17,506.1011047363281,513.4000244140625,541.0,511.4100036621094,538.0499877929688,1593300
2011-11-18,489.85540771484375,496.9200134277344,515.6300048828125,493.6199951171875,514.6300048828125,1682100
2011-11-21,470.859375,477.6499938964844,494.9100036621094,474.3800048828125,486.9700012207031,1225300
2011-11-22,474.2307739257813,481.0700073242188,485.989990234375,472.1600036621094,472.7799987792969,894800
2011-11-23,457.9259033203125,464.5299987792969,479.3900146484375,464.0299987792969,478.0,894900
2011-11-25,452.6519470214844,459.1799926757813,466.9700012207031,456.2699890136719,462.9700012207031,447800
2011-11-28,465.7825927734375,472.5,483.0299987792969,468.75,474.510009765625,893900
2011-11-29,456.4176330566406,463.0,475.5,460.6600036621094,475.4100036621094,893600
2011-11-30,478.9822387695313,485.8900146484375,486.4500122070313,472.9400024414063,478.8900146484375,1160900
2011-12-01,481.4861450195313,488.4299926757813,493.2699890136719,482.010009765625,483.8699951171875,816400
2011-12-02,479.5638732910156,486.4800109863281,498.8200073242188,485.0,497.4200134277344,979100
2011-12-05,477.1387939453125,484.0199890136719,495.6300048828125,478.989990234375,495.6300048828125,888000
2011-12-06,472.2887878417969,479.1000061035156,485.8800048828125,473.3599853515625,482.7699890136719,860700
2011-12-07,477.4049987792969,484.2900085449219,486.3900146484375,472.0,476.7099914550781,994100
2011-12-08,472.6436462402344,479.4599914550781,486.0,477.0,482.8599853515625,860600
2011-12-09,472.919677734375,479.739990234375,482.0,474.3800048828125,480.0,762900
2011-12-12,468.6315002441406,475.3900146484375,476.2699890136719,468.0,474.5,629400
2011-12-13,456.112060546875,462.6900024414063,481.6600036621094,461.3999938964844,476.1400146484375,805600
2011-12-14,438.8608703613281,445.1900024414063,463.1199951171875,441.6000061035156,462.05999755859375,1701300
2011-12-15,439.0580139160156,445.3900146484375,452.5,438.760009765625,450.0499877929688,1631600
2011-12-16,450.5818176269531,457.0799865722656,457.6799926757813,448.1300048828125,450.0,1334200
2011-12-19,453.1941528320313,459.7300109863281,465.4500122070313,455.1000061035156,456.6499938964844,865500
2011-12-20,473.2646789550781,480.0899963378906,480.0899963378906,466.010009765625,466.010009765625,1097900
2011-12-21,465.6150207519531,472.3299865722656,478.7999877929688,464.510009765625,478.25,898100
2011-12-22,472.8703918457031,479.6900024414063,482.6099853515625,470.8399963378906,472.5899963378906,708400
2011-12-23,474.8813781738281,481.7300109863281,483.6099853515625,478.1199951171875,482.3299865722656,432000
2011-12-27,477.3260803222656,484.2099914550781,487.239990234375,479.2900085449219,480.0,375000
2011-12-28,468.6413879394531,475.3999938964844,483.9100036621094,474.260009765625,483.0,519600
2011-12-29,469.2328796386719,476.0,477.5899963378906,465.8500061035156,476.30999755859375,446800
2011-12-30,461.0606384277344,467.7099914550781,477.8999938964844,467.5,474.7000122070313,476200
2012-01-03,478.2527770996094,485.1499938964844,486.5400085449219,474.6499938964844,475.0,724100
2012-01-04,474.072998046875,480.9100036621094,485.6600036621094,476.2000122070313,485.4700012207031,548900
2012-01-05,479.2976684570313,486.2099914550781,488.0,473.4200134277344,479.0799865722656,744100
2012-01-06,473.4815673828125,480.30999755859375,489.2799987792969,479.05999755859375,487.8299865722656,699800
2012-01-09,469.3116760253906,476.0799865722656,485.0,472.3999938964844,482.1900024414063,729500
2012-01-10,477.3951416015625,484.2799987792969,486.2099914550781,480.0199890136719,481.6300048828125,669600
2012-01-11,470.9087219238281,477.7000122070313,484.9599914550781,476.760009765625,483.0,464400
2012-01-12,469.4102783203125,476.1799926757813,479.489990234375,471.1099853515625,477.5700073242188,558500
2012-01-13,475.5714416503906,482.4299926757813,483.0,469.2799987792969,472.6099853515625,642500
2012-01-17,491.1270751953125,498.2099914550781,501.6000061035156,485.3699951171875,487.5700073242188,905600
2012-01-18,511.4539184570313,518.8300170898438,519.3900146484375,496.0,497.0,1226300
2012-01-19,518.5910034179688,526.0700073242188,527.0499877929688,520.0,520.0,756100
2012-01-20,511.2075500488281,518.5800170898438,521.969970703125,514.2999877929688,521.469970703125,903900
2012-01-23,510.6554260253906,518.02001953125,525.0499877929688,514.0,517.1199951171875,643600
2012-01-24,516.2842407226562,523.72998046875,525.5,512.5999755859375,514.4600219726562,533500
2012-01-25,520.8385620117188,528.3499755859375,529.9199829101562,518.6599731445312,523.469970703125,535700
2012-01-26,517.2010498046875,524.6599731445312,537.5599975585938,523.0,530.0,685000
2012-01-27,518.3839111328125,525.8599853515625,527.3800048828125,520.72998046875,523.7999877929688,474300
2012-01-30,514.9829711914062,522.4099731445312,524.1599731445312,518.5999755859375,522.9500122070312,535500
2012-01-31,521.96240234375,529.489990234375,531.0,523.5999755859375,525.5,689600
2012-02-01,528.28125,535.9000244140625,536.4600219726562,522.3699951171875,533.4099731445312,827900
2012-02-02,526.2406616210938,533.8300170898438,536.5,529.9299926757812,535.0,500700
2012-02-03,539.2037353515625,546.97998046875,549.0,537.52001953125,538.6300048828125,826800
2012-02-06,529.0994873046875,536.72998046875,547.5999755859375,536.6099853515625,544.7999877929688,717100
2012-02-07,521.6666259765625,529.1900024414062,538.75,527.6199951171875,535.7999877929688,907700
2012-02-08,530.7161254882812,538.3699951171875,538.8099975585938,527.3800048828125,527.5399780273438,915800
2012-02-09,532.4511108398438,540.1300048828125,542.9600219726562,533.22998046875,537.4600219726562,688900
2012-02-10,537.291259765625,545.0399780273438,546.9000244140625,533.239990234375,533.6500244140625,1014600
2012-02-13,563.0300903320312,571.1500244140625,573.1300048828125,547.0999755859375,549.4299926757812,1381800
2012-02-14,568.7378540039062,576.9400024414062,588.5599975585938,569.4199829101562,569.4199829101562,1231900
2012-02-15,562.192138671875,570.2999877929688,584.8800048828125,568.6099853515625,581.02001953125,944600
2012-02-16,563.19775390625,571.3200073242188,574.239990234375,558.1500244140625,570.3900146484375,745400
2012-02-17,574.2384643554688,582.52001953125,583.5,571.27001953125,571.5800170898438,760800
2012-02-21,576.436767578125,584.75,593.0,579.280029296875,585.52001953125,814000
2012-02-22,579.364501953125,587.719970703125,591.0,581.25,585.0,867800
2012-02-23,579.0491333007812,587.4000244140625,593.8200073242188,585.239990234375,588.530029296875,716600
2012-02-24,582.0162353515625,590.4099731445312,595.8400268554688,589.77001953125,590.1699829101562,945900
2012-02-27,583.1302490234375,591.5399780273438,597.0,587.1300048828125,594.9500122070312,1882400
2012-02-28,623.7642211914062,632.760009765625,637.8800048828125,627.3099975585938,634.8099975585938,2767800
2012-02-29,618.1058349609375,627.02001953125,634.6599731445312,626.4199829101562,632.4000244140625,1249800
2012-03-01,628.2593994140625,637.3200073242188,638.5599975585938,626.0,626.030029296875,1054300
2012-03-02,636.6779174804688,645.8599853515625,646.0,635.6599731445312,637.4199829101562,1144400
2012-03-05,633.5530395507812,642.6900024414062,649.7000122070312,635.2000122070312,647.030029296875,882200
2012-03-06,620.787109375,629.739990234375,638.52001953125,628.2000122070312,634.530029296875,862500
2012-03-07,632.478515625,641.5999755859375,643.8200073242188,635.510009765625,636.0,1429200
2012-03-08,644.5248413085938,653.8200073242188,654.9000244140625,641.260009765625,647.4299926757812,866400
2012-03-09,638.2454223632812,647.4500122070312,655.0900268554688,647.0,655.0,979900
2012-03-12,641.6956176757812,650.9500122070312,653.3800048828125,644.6199951171875,647.4500122070312,564200
2012-03-13,644.4951782226562,653.7899780273438,655.3300170898438,647.0800170898438,654.9600219726562,549800
2012-03-14,641.4984741210938,650.75,653.5399780273438,643.9000244140625,653.1500244140625,614200
2012-03-15,647.9060668945312,657.25,659.6699829101562,646.0700073242188,649.989990234375,690100
2012-03-16,665.8965454101562,675.5,675.6400146484375,657.25,657.25,1263400
2012-03-19,687.0219116210938,696.9299926757812,699.8900146484375,678.510009765625,678.8599853515625,1115000
2012-03-20,686.5684204101562,696.469970703125,698.0399780273438,686.1500244140625,693.2999877929688,847100
2012-03-21,693.6463623046875,703.6500244140625,709.3099975585938,695.25,695.5599975585938,1084000
2012-03-22,701.8677368164062,711.989990234375,713.530029296875,699.5,700.280029296875,974100
2012-03-23,704.8251953125,714.989990234375,717.1699829101562,707.0,713.9500122070312,1032500
2012-03-26,724.9450073242188,735.4000244140625,736.9199829101562,718.8499755859375,722.010009765625,1307800
2012-03-27,718.4880981445312,728.8499755859375,736.4500122070312,727.2000122070312,735.3900146484375,954300
2012-03-28,707.9895629882812,718.2000122070312,734.6300048828125,709.4299926757812,729.4500122070312,1159700
2012-03-29,709.8033447265625,720.0399780273438,722.0499877929688,709.0900268554688,712.0999755859375,1033200
2012-03-30,707.299560546875,717.5,729.0599975585938,715.9000244140625,725.0,881700
2012-04-02,709.734375,719.969970703125,727.6300048828125,717.25,717.260009765625,807700
2012-04-03,733.0481567382812,743.6199951171875,745.0,721.2000122070312,721.2000122070312,1503800
2012-04-04,735.2957763671875,745.9000244140625,746.5399780273438,729.0,737.5499877929688,1523500
2012-04-05,746.040771484375,756.7999877929688,759.8900146484375,748.0,749.280029296875,1580100
2012-04-09,753.8777465820312,764.75,768.9000244140625,746.0,746.8499755859375,1270000
2012-04-10,730.7217407226562,741.260009765625,774.9600219726562,739.0599975585938,768.5,2381800
2012-04-11,719.1979370117188,729.5700073242188,751.0,719.25,750.8800048828125,2148300
2012-04-12,731.5990600585938,742.1500244140625,744.0,724.2899780273438,731.4400024414062,1218300
2012-04-13,724.7280883789062,735.1799926757812,749.8099975585938,730.7000122070312,739.7899780273438,1258200
2012-04-16,692.0198364257812,702.0,738.4000244140625,698.9500122070312,737.0,1915800
2012-04-17,705.1997680664062,715.3699951171875,721.3699951171875,699.0499877929688,704.2000122070312,1119500
2012-04-18,721.8102416992188,732.219970703125,739.0,712.0599975585938,714.8099975585938,1347100
2012-04-19,706.9840087890625,717.1799926757812,738.5800170898438,711.6500244140625,727.7100219726562,1170400
2012-04-20,700.0736694335938,710.1699829101562,727.0,707.280029296875,719.8599853515625,1020600
2012-04-23,689.0625,699.0,702.2100219726562,683.239990234375,701.2000122070312,1284600
2012-04-24,675.2714233398438,685.010009765625,703.989990234375,678.0399780273438,696.6699829101562,1068200
2012-04-25,714.2492065429688,724.5499877929688,726.97998046875,695.489990234375,701.5700073242188,1360500
2012-04-26,722.8452758789062,733.27001953125,736.8499755859375,720.8800048828125,723.4000244140625,1079400
2012-04-27,751.2949829101562,762.1300048828125,767.5,748.0,750.97998046875,1849400
2012-04-30,750.003662109375,760.8200073242188,772.3499755859375,751.0,761.010009765625,1253500
2012-05-01,744.4339599609375,755.1699829101562,766.8900146484375,750.0,760.8200073242188,1049200
2012-05-02,750.240234375,761.0599975585938,762.4000244140625,747.1400146484375,755.5599975585938,1129400
2012-05-03,739.0712890625,749.72998046875,764.5900268554688,745.5499877929688,763.0499877929688,898600
2012-05-04,725.6055297851562,736.0700073242188,747.0,734.3099975585938,745.3099975585938,1141200
2012-05-07,727.1630249023438,737.6500244140625,752.4600219726562,734.530029296875,736.3800048828125,1047900
2012-05-08,706.0179443359375,716.2000122070312,739.989990234375,705.010009765625,736.010009765625,2150800
2012-05-09,708.7289428710938,718.9500122070312,733.0499877929688,707.2000122070312,708.739990234375,2551700
2012-05-10,671.4268188476562,681.1099853515625,706.0,680.22998046875,703.1199951171875,3137200
2012-05-11,665.7881469726562,675.3900146484375,684.8400268554688,670.02001953125,671.489990234375,1697700
2012-05-14,653.7517700195312,663.1799926757812,673.8800048828125,662.1799926757812,669.5,1084100
2012-05-15,652.9137573242188,662.3300170898438,675.5900268554688,658.969970703125,664.5900268554688,1027400
2012-05-16,652.8251342773438,662.239990234375,674.7999877929688,656.989990234375,664.9000244140625,1213900
2012-05-17,636.234375,645.4099731445312,665.489990234375,645.0,663.77001953125,1340000
2012-05-18,623.0150756835938,632.0,650.72998046875,630.1300048828125,648.8499755859375,1431700
2012-05-21,648.3300170898438,657.6799926757812,658.8400268554688,635.0,635.030029296875,1060200
2012-05-22,650.6958618164062,660.0800170898438,679.0900268554688,655.739990234375,659.530029296875,1326900
2012-05-23,663.5503540039062,673.1199951171875,675.0700073242188,652.6099853515625,657.0700073242188,1110200
2012-05-24,659.4594116210938,668.969970703125,676.9299926757812,658.7100219726562,676.3099975585938,980700
2012-05-25,643.59814453125,652.8800048828125,668.969970703125,652.1199951171875,668.4000244140625,678600
2012-05-29,648.684814453125,658.0399780273438,666.9299926757812,651.1599731445312,660.010009765625,718500
2012-05-30,628.6931762695312,637.760009765625,651.1799926757812,637.6199951171875,650.02001953125,1069000
2012-05-31,616.5975952148438,625.489990234375,639.0399780273438,616.9099731445312,637.0,1309000
2012-06-01,601.8206787109375,610.5,615.489990234375,604.6500244140625,608.030029296875,1032200
2012-06-04,607.7747802734375,616.5399780273438,620.7000122070312,603.489990234375,614.02001953125,1081300
2012-06-05,611.01806640625,619.8300170898438,628.0,613.4299926757812,615.2100219726562,586300
2012-06-06,633.3756103515625,642.510009765625,643.0,623.3300170898438,625.5800170898438,1170500
2012-06-07,627.1060180664062,636.1500244140625,659.1699829101562,634.2999877929688,653.5,1048200
2012-06-08,635.1993408203125,644.3599853515625,644.7999877929688,628.52001953125,632.8900146484375,816900
2012-06-11,632.5869750976562,641.7100219726562,657.5499877929688,641.0,653.739990234375,845200
2012-06-12,637.7820434570312,646.97998046875,647.0,630.77001953125,645.0,780100
2012-06-13,637.308837890625,646.5,653.530029296875,641.5,643.22998046875,768200
2012-06-14,631.216796875,640.3200073242188,647.6300048828125,631.0700073242188,647.1099853515625,843600
2012-06-15,650.0353393554688,659.4099731445312,660.0,638.219970703125,642.0,1572300
2012-06-18,663.925048828125,673.5,675.0,654.0,656.3200073242188,947800
2012-06-19,670.4411010742188,680.1099853515625,683.3699951171875,670.2000122070312,673.6599731445312,915900
2012-06-20,661.2831420898438,670.8200073242188,679.739990234375,665.77001953125,678.6900024414062,851100
2012-06-21,648.2313232421875,657.5800170898438,677.4500122070312,656.5,672.0,784300
2012-06-22,657.4977416992188,666.97998046875,667.219970703125,655.010009765625,660.2100219726562,759200
2012-06-25,642.3856811523438,651.6500244140625,663.739990234375,647.5,662.1900024414062,663600
2012-06-26,647.0286865234375,656.3599853515625,659.7000122070312,647.1400146484375,653.2899780273438,481300
2012-06-27,644.5445556640625,653.8400268554688,663.0700073242188,648.9199829101562,658.8499755859375,632700
2012-06-28,634.331787109375,643.47998046875,649.6300048828125,633.0,648.2999877929688,720500
2012-06-29,655.0726928710938,664.52001953125,665.4099731445312,653.510009765625,657.6300048828125,1103400
2012-07-02,671.180419921875,680.8599853515625,681.5800170898438,665.010009765625,665.47998046875,900400
2012-07-03,680.7326049804688,690.5499877929688,695.1500244140625,683.010009765625,684.8400268554688,690600
2012-07-05,671.9591674804688,681.6500244140625,693.1699829101562,676.510009765625,685.969970703125,901500
2012-07-06,662.1111450195312,671.6599731445312,676.0,664.1199951171875,674.9000244140625,767500
2012-07-09,655.417724609375,664.8699951171875,675.0,661.469970703125,671.010009765625,692700
2012-07-10,639.4284057617188,648.6500244140625,672.8400268554688,644.4299926757812,671.2000122070312,1019800
2012-07-11,637.466552734375,646.6599731445312,659.3699951171875,635.6599731445312,646.0700073242188,1127800
2012-07-12,629.994384765625,639.0800170898438,643.739990234375,632.760009765625,639.0,1029000
2012-07-13,633.8093872070312,642.9500122070312,646.7999877929688,635.260009765625,642.0499877929688,776000
2012-07-16,628.66357421875,637.72998046875,640.77001953125,634.5700073242188,639.9500122070312,602600
2012-07-17,638.1665649414062,647.3699951171875,649.8499755859375,636.0700073242188,640.1400146484375,669600
2012-07-18,646.3583984375,655.6799926757812,657.1300048828125,642.239990234375,646.6099853515625,639500
2012-07-19,663.1068115234375,672.6699829101562,678.9500122070312,659.4500122070312,659.8800048828125,1134300
2012-07-20,663.6293334960938,673.2000122070312,676.5900268554688,663.5,670.469970703125,1055000
2012-07-23,659.5975341796875,669.1099853515625,672.0700073242188,652.5,659.3599853515625,816600
2012-07-24,656.1176147460938,665.5800170898438,676.6500244140625,663.5599975585938,670.72998046875,654900
2012-07-25,622.068603515625,631.0399780273438,655.3300170898438,628.0999755859375,654.4400024414062,1400000
2012-07-26,619.3873291015625,628.3200073242188,639.7000122070312,618.5700073242188,638.9099731445312,1285400
2012-07-27,674.265869140625,683.989990234375,685.9000244140625,648.0,650.0499877929688,2400300
2012-07-30,672.8365478515625,682.5399780273438,692.25,672.260009765625,687.0399780273438,929500
2012-07-31,652.332275390625,661.739990234375,681.6400146484375,660.8699951171875,680.0,1030900
2012-08-01,633.8388061523438,642.97998046875,667.6900024414062,642.2999877929688,666.9400024414062,976900
2012-08-02,639.783203125,649.010009765625,656.469970703125,634.010009765625,636.760009765625,981400
2012-08-03,654.5502319335938,663.989990234375,673.8300170898438,658.9600219726562,667.760009765625,1056100
2012-08-06,655.6640625,665.1199951171875,674.5700073242188,657.3300170898438,663.0,860400
2012-08-07,670.1354370117188,679.7999877929688,682.969970703125,672.760009765625,673.0,2844200
2012-08-08,554.32568359375,562.3200073242188,586.969970703125,559.75,575.0999755859375,6683700
2012-08-09,554.2665405273438,562.260009765625,570.3499755859375,553.4199829101562,563.010009765625,2429800
2012-08-10,555.1536865234375,563.1599731445312,567.0,555.9500122070312,562.3900146484375,1631900
2012-08-13,554.01025390625,562.0,566.7999877929688,557.1099853515625,564.5999755859375,1010000
2012-08-14,556.6323852539062,564.6599731445312,568.4199829101562,560.6400146484375,563.5999755859375,1023700
2012-08-15,567.1309814453125,575.3099975585938,575.4299926757812,563.0,564.8200073242188,1088600
2012-08-16,578.44775390625,586.7899780273438,589.8800048828125,576.6799926757812,577.1199951171875,1306600
2012-08-17,580.4094848632812,588.780029296875,592.239990234375,582.6099853515625,588.5,1060400
2012-08-20,578.2703247070312,586.6099853515625,587.6199951171875,580.0,585.0,903600
2012-08-21,577.432373046875,585.760009765625,599.8499755859375,579.8099975585938,588.9199829101562,1067400
2012-08-22,582.6373901367188,591.0399780273438,593.3099975585938,583.0,585.1599731445312,637600
2012-08-23,585.0919799804688,593.530029296875,597.5700073242188,590.1699829101562,590.8699951171875,983700
2012-08-24,584.746826171875,593.1799926757812,598.5,586.6400146484375,591.2000122070312,939700
2012-08-27,580.0348510742188,588.4000244140625,594.9500122070312,587.5599975585938,593.8099975585938,516100
2012-08-28,581.7303466796875,590.1199951171875,591.8699951171875,585.0999755859375,588.0,429600
2012-08-29,594.6343994140625,603.2100219726562,606.6300048828125,591.02001953125,591.8200073242188,982200
2012-08-30,595.018798828125,603.5999755859375,610.280029296875,599.510009765625,599.719970703125,786200
2012-08-31,595.9750366210938,604.5700073242188,610.22998046875,598.010009765625,606.469970703125,919200
2012-09-04,588.4042358398438,596.8900146484375,606.489990234375,595.0,604.25,736200
2012-09-05,586.718505859375,595.1799926757812,601.719970703125,594.4500122070312,597.5,480800
2012-09-06,595.4130859375,604.0,609.239990234375,597.260009765625,599.5700073242188,1055600
2012-09-07,612.713623046875,621.5499877929688,622.8900146484375,612.1099853515625,612.5,1627000
2012-09-10,599.671630859375,608.3200073242188,624.5,607.4600219726562,620.969970703125,907700
2012-09-11,608.9774780273438,617.760009765625,621.25,606.1099853515625,608.5999755859375,899000
2012-09-12,611.1362915039062,619.9500122070312,628.489990234375,615.9500122070312,620.0,641300
2012-09-13,618.01708984375,626.9299926757812,629.780029296875,617.6799926757812,619.9500122070312,758100
2012-09-14,628.4171142578125,637.47998046875,645.0599975585938,627.8400268554688,628.1500244140625,1503000
2012-09-17,634.20361328125,643.3499755859375,646.0800170898438,634.6099853515625,636.8499755859375,1156900
2012-09-18,631.6207885742188,640.72998046875,649.2999877929688,638.0499877929688,640.3499755859375,724500
2012-09-19,629.9451904296875,639.030029296875,644.1699829101562,636.5499877929688,641.010009765625,529400
2012-09-20,624.7598876953125,633.77001953125,635.8900146484375,629.5800170898438,635.6900024414062,557300
2012-09-21,627.1060180664062,636.1500244140625,643.0,634.6099853515625,640.1699829101562,1096700
2012-09-24,622.2067260742188,631.1799926757812,633.6599731445312,628.1500244140625,631.8099975585938,465500
2012-09-25,622.7686157226562,631.75,649.0,631.5,631.760009765625,947700
2012-09-26,613.2459716796875,622.0900268554688,636.3800048828125,617.3200073242188,631.1199951171875,953300
2012-09-27,621.5560302734375,630.52001953125,633.9099731445312,622.4199829101562,625.7000122070312,686300
2012-09-28,610.2689208984375,619.0700073242188,629.2999877929688,617.5900268554688,628.0,914300
2012-10-01,615.9764404296875,624.8599853515625,626.1099853515625,618.6599731445312,620.739990234375,792300
2012-10-02,607.5184936523438,616.280029296875,628.6699829101562,611.4400024414062,627.9000244140625,898100
2012-10-03,613.9655151367188,622.8200073242188,625.2999877929688,614.1799926757812,618.5499877929688,607400
2012-10-04,626.01171875,635.0399780273438,637.5800170898438,623.1199951171875,624.9600219726562,746000
2012-10-05,622.9066772460938,631.8900146484375,643.8800048828125,628.1900024414062,638.469970703125,939100
2012-10-08,621.9898071289062,630.9600219726562,632.9299926757812,622.1500244140625,627.5499877929688,486800
2012-10-09,609.1056518554688,617.8900146484375,634.0599975585938,617.1599731445312,629.760009765625,688000
2012-10-10,593.845703125,602.4099731445312,619.3099975585938,599.7100219726562,619.3099975585938,1320800
2012-10-11,589.6364135742188,598.1400146484375,610.6900024414062,590.6599731445312,610.1099853515625,1249300
2012-10-12,584.7173461914062,593.1500244140625,596.0499877929688,588.9000244140625,589.75,801300
2012-10-15,592.4754638671875,601.02001953125,601.7999877929688,585.25,594.0,624900
2012-10-16,589.2716674804688,597.77001953125,608.8800048828125,595.760009765625,605.0399780273438,722200
2012-10-17,589.7349243164062,598.239990234375,606.6500244140625,593.6199951171875,597.6799926757812,701100
2012-10-18,574.1005249023438,582.3800048828125,599.0999755859375,570.6799926757812,598.22998046875,1455600
2012-10-19,552.5315551757812,560.5,578.6099853515625,555.469970703125,578.5999755859375,2024200
2012-10-22,559.1362915039062,567.2000122070312,574.5499877929688,557.9400024414062,559.0999755859375,851000
2012-10-23,560.9500732421875,569.0399780273438,575.0,553.969970703125,555.0,780000
2012-10-24,555.6564331054688,563.6699829101562,574.469970703125,560.4000244140625,573.2999877929688,670200
2012-10-25,549.93896484375,557.8699951171875,570.7100219726562,556.4500122070312,568.6199951171875,1015600
2012-10-26,571.2219848632812,579.4600219726562,589.4400024414062,572.5999755859375,582.0,1953800
2012-10-31,565.6128540039062,573.77001953125,579.3300170898438,569.0499877929688,579.25,774900
2012-11-01,577.7675170898438,586.0999755859375,586.8400268554688,568.6199951171875,574.9000244140625,1275400
2012-11-02,625.716064453125,634.739990234375,657.5999755859375,634.0399780273438,650.0599975585938,2513000
2012-11-05,625.765380859375,634.7899780273438,635.969970703125,627.3400268554688,634.7999877929688,807600
2012-11-06,635.7315673828125,644.9000244140625,645.8800048828125,634.0,636.0,756500
2012-11-07,625.5879516601562,634.6099853515625,643.0,628.1300048828125,639.2999877929688,785000
2012-11-08,618.9436645507812,627.8699951171875,640.6500244140625,627.1099853515625,632.3499755859375,676400
2012-11-09,616.9722290039062,625.8699951171875,632.5900268554688,616.0399780273438,618.5,1250800
2012-11-12,624.4247436523438,633.4299926757812,635.75,626.0,629.0999755859375,578700
2012-11-13,621.3490600585938,630.3099975585938,640.9299926757812,628.4000244140625,629.3599853515625,555300
2012-11-14,607.6368408203125,616.4000244140625,635.2100219726562,615.77001953125,634.030029296875,730400
2012-11-15,608.7409057617188,617.52001953125,622.5,611.5499877929688,614.989990234375,649200
2012-11-16,606.0399780273438,614.780029296875,623.6900024414062,611.2999877929688,616.9400024414062,883300
2012-11-19,616.6073608398438,625.5,629.0,620.7899780273438,624.5399780273438,510000
2012-11-20,626.5441284179688,635.5800170898438,639.0,624.6900024414062,627.52001953125,576900
2012-11-21,630.4873046875,639.5800170898438,643.489990234375,634.8499755859375,636.22998046875,364900
2012-11-23,632.7841186523438,641.9099731445312,643.0900268554688,636.780029296875,642.030029296875,196700
2012-11-26,630.8914184570312,639.989990234375,643.5,636.5599975585938,640.8699951171875,287400
2012-11-27,627.6974487304688,636.75,644.9199829101562,633.8499755859375,638.8599853515625,444600
2012-11-28,648.6947631835938,658.0499877929688,659.8900146484375,632.780029296875,635.9199829101562,817200
2012-11-29,656.275390625,665.739990234375,672.4400024414062,660.0,661.25,1087600
2012-11-30,653.7615966796875,663.1900024414062,666.2999877929688,656.6599731445312,663.239990234375,645600
2012-12-03,658.3060302734375,667.7999877929688,679.22998046875,665.8800048828125,670.0,879000
2012-12-04,654.372802734375,663.8099975585938,668.97998046875,659.510009765625,665.5,470200
2012-12-05,654.7868041992188,664.22998046875,667.5999755859375,654.1300048828125,664.3800048828125,449800
2012-12-06,654.6981201171875,664.1400146484375,670.3599853515625,658.010009765625,664.0,447400
2012-12-07,649.7296142578125,659.0999755859375,672.9500122070312,656.6500244140625,667.0,542600
2012-12-10,617.0609130859375,625.9600219726562,649.989990234375,623.0999755859375,645.8900146484375,1221800
2012-12-11,614.3598022460938,623.219970703125,634.4000244140625,621.0900268554688,631.010009765625,845800
2012-12-12,615.848388671875,624.72998046875,631.97998046875,623.4199829101562,626.5,690100
2012-12-13,604.364013671875,613.0800170898438,628.3200073242188,607.5499877929688,625.510009765625,749400
2012-12-14,604.8174438476562,613.5399780273438,617.9299926757812,609.4299926757812,610.3200073242188,393400
2012-12-17,608.10009765625,616.8699951171875,617.9000244140625,606.4500122070312,613.030029296875,538800
2012-12-18,623.7445678710938,632.739990234375,634.719970703125,618.52001953125,620.2999877929688,664900
2012-12-19,618.3128051757812,627.22998046875,638.6400146484375,626.0,632.739990234375,597100
2012-12-20,621.8616333007812,630.8300170898438,633.8499755859375,622.8599853515625,628.97998046875,309200
2012-12-21,610.08154296875,618.8800048828125,625.6400146484375,612.1199951171875,622.6300048828125,936900
2012-12-24,608.5635375976562,617.3400268554688,619.010009765625,612.25,614.3599853515625,178000
2012-12-26,593.8062744140625,602.3699951171875,617.4600219726562,600.3900146484375,615.1599731445312,489100
2012-12-27,601.3573608398438,610.030029296875,612.3400268554688,597.1500244140625,604.4299926757812,410900
2012-12-28,600.2236328125,608.8800048828125,614.239990234375,604.0999755859375,606.5999755859375,362900
2012-12-31,611.570068359375,620.3900146484375,623.0,601.5,607.1500244140625,584600
2013-01-02,629.3240966796875,638.4000244140625,641.9299926757812,627.6699829101562,637.8300170898438,681000
2013-01-03,639.5072631835938,648.72998046875,659.0,645.8699951171875,652.5900268554688,925600
2013-01-04,639.1917114257812,648.4099731445312,649.8699951171875,642.0,648.25,404500
2013-01-07,648.0342407226562,657.3800048828125,659.989990234375,644.3699951171875,648.0,557200
2013-01-08,648.0735473632812,657.4199829101562,662.97998046875,654.2999877929688,657.719970703125,455600
2013-01-09,642.3265380859375,651.5900268554688,658.22998046875,650.1799926757812,655.9199829101562,306900
2013-01-10,644.32763671875,653.6199951171875,657.8300170898438,645.5499877929688,655.239990234375,385600
2013-01-11,646.1710815429688,655.489990234375,657.3800048828125,650.3499755859375,653.47998046875,368200
2013-01-14,653.4954223632812,662.9199829101562,667.8699951171875,657.25,657.77001953125,523700
2013-01-15,653.9192504882812,663.3499755859375,665.7899780273438,653.5399780273438,658.3800048828125,397900
2013-01-16,658.3455200195312,667.8400268554688,671.0,658.25,661.0999755859375,396500
2013-01-17,660.3663330078125,669.8900146484375,675.2999877929688,661.3400268554688,670.72998046875,547300
2013-01-18,663.1561279296875,672.719970703125,677.0800170898438,668.5499877929688,669.969970703125,598600
2013-01-22,661.726806640625,671.27001953125,678.8800048828125,668.510009765625,671.5,552300
2013-01-23,662.70263671875,672.260009765625,675.989990234375,668.1099853515625,674.9099731445312,365300
2013-01-24,669.8889770507812,679.5499877929688,681.719970703125,670.8699951171875,671.8400268554688,630600
2013-01-25,708.6007690429688,718.8200073242188,719.3699951171875,681.0499877929688,682.0,1573100
2013-01-28,694.9574584960938,704.97998046875,721.9600219726562,700.4000244140625,718.6500244140625,925600
2013-01-29,690.3341064453125,700.2899780273438,710.5800170898438,694.02001953125,703.1599731445312,528800
2013-01-30,685.2081298828125,695.0900268554688,705.4299926757812,694.0,701.9000244140625,429000
2013-01-31,675.7247924804688,685.469970703125,687.3400268554688,673.719970703125,675.9600219726562,1053800
2013-02-01,675.8135986328125,685.5599975585938,698.030029296875,684.6799926757812,693.1199951171875,915100
2013-02-04,669.6327514648438,679.2899780273438,686.010009765625,678.72998046875,681.8599853515625,507200
2013-02-05,681.7380981445312,691.5700073242188,697.780029296875,683.02001953125,683.8900146484375,548600
2013-02-06,684.232177734375,694.0999755859375,704.1699829101562,690.0,693.77001953125,652200
2013-02-07,680.8706665039062,690.6900024414062,697.4600219726562,679.6500244140625,694.0999755859375,444400
2013-02-08,690.866455078125,700.8300170898438,702.0399780273438,691.469970703125,693.5499877929688,468400
2013-02-11,686.2134399414062,696.1099853515625,700.0,692.1599731445312,699.6799926757812,301600
2013-02-12,693.3801879882812,703.3800048828125,705.77001953125,695.3699951171875,696.7999877929688,487100
2013-02-13,694.158935546875,704.1699829101562,708.0,698.9000244140625,703.0,334000
2013-02-14,695.58837890625,705.6199951171875,707.989990234375,697.6599731445312,699.9500122070312,345700
2013-02-15,692.276123046875,702.260009765625,706.22998046875,698.5,704.2000122070312,669800
2013-02-19,693.4689331054688,703.469970703125,707.5700073242188,700.52001953125,703.1599731445312,476700
2013-02-20,678.4160766601562,688.2000122070312,707.5700073242188,687.6400146484375,705.2100219726562,573400
2013-02-21,673.6152954101562,683.3300170898438,690.5599975585938,675.1099853515625,688.5,1109600
2013-02-22,674.9659423828125,684.7000122070312,689.9000244140625,680.9199829101562,688.5,543100
2013-02-25,661.9928588867188,671.5399780273438,692.7899780273438,671.5399780273438,686.9400024414062,713300
2013-02-26,668.8440551757812,678.489990234375,680.5,665.0499877929688,671.6500244140625,1314600
2013-02-27,686.0164794921875,695.9099731445312,712.5,692.0,709.0499877929688,2010300
2013-02-28,679.3130493164062,689.1099853515625,697.719970703125,680.6900024414062,696.2999877929688,1088200
2013-03-01,685.7306518554688,695.6199951171875,698.77001953125,683.6799926757812,689.0499877929688,1009200
2013-03-04,703.859130859375,714.010009765625,714.7100219726562,692.469970703125,694.5499877929688,890600
2013-03-05,708.196533203125,718.4099731445312,723.0499877929688,715.2999877929688,716.0,708000
2013-03-06,708.6796264648438,718.9000244140625,728.7000122070312,717.030029296875,721.0700073242188,492100
2013-03-07,708.8077392578125,719.030029296875,723.739990234375,716.530029296875,722.1500244140625,462700
2013-03-08,710.6708984375,720.9199829101562,724.2999877929688,716.02001953125,722.0599975585938,470800
2013-03-11,714.7619018554688,725.0700073242188,725.9199829101562,719.7899780273438,721.010009765625,459700
2013-03-12,711.77490234375,722.0399780273438,727.3800048828125,714.5599975585938,723.0,523600
2013-03-13,705.3575439453125,715.530029296875,723.72998046875,714.530029296875,723.0,376200
2013-03-14,703.0112915039062,713.1500244140625,717.7999877929688,708.8599853515625,715.4000244140625,383400
2013-03-15,703.3564453125,713.5,716.4400024414062,711.0599975585938,711.6099853515625,697900
2013-03-18,686.9036865234375,696.8099975585938,707.6199951171875,694.9000244140625,706.4299926757812,597400
2013-03-19,674.423583984375,684.1500244140625,702.6900024414062,679.7100219726562,697.530029296875,940600
2013-03-20,677.8048095703125,687.5800170898438,691.219970703125,685.530029296875,689.6799926757812,379200
2013-03-21,674.265869140625,683.989990234375,699.489990234375,683.510009765625,688.4400024414062,537100
2013-03-22,687.9879760742188,697.9099731445312,697.9199829101562,686.0,689.3599853515625,557500
2013-03-25,685.750244140625,695.6400146484375,703.5,693.2999877929688,700.02001953125,370500
2013-03-26,684.7152099609375,694.5900268554688,700.0,693.239990234375,697.8800048828125,278800
2013-03-27,684.9813232421875,694.8599853515625,695.530029296875,682.5,687.5999755859375,407200
2013-03-28,678.3766479492188,688.1599731445312,694.7999877929688,686.010009765625,694.2999877929688,539700
2013-04-01,685.8685302734375,695.760009765625,697.9199829101562,686.8099975585938,689.0800170898438,578700
2013-04-02,695.8743286132812,705.9099731445312,706.0,698.52001953125,701.489990234375,512300
2013-04-03,688.7863159179688,698.719970703125,707.27001953125,697.1099853515625,706.239990234375,505800
2013-04-04,691.3790893554688,701.3499755859375,702.1300048828125,689.0,698.0,469900
2013-04-05,683.453369140625,693.3099975585938,697.760009765625,687.4199829101562,693.219970703125,481200
2013-04-08,686.6275634765625,696.530029296875,696.8099975585938,688.0999755859375,691.760009765625,292900
2013-04-09,686.2333984375,696.1300048828125,700.7100219726562,690.6500244140625,696.0,321300
2013-04-10,708.7191162109375,718.9400024414062,719.7100219726562,697.239990234375,699.0499877929688,652100
2013-04-11,723.5550537109375,733.989990234375,735.2899780273438,718.719970703125,720.9099731445312,725000
2013-04-12,732.5453491210938,743.1099853515625,745.239990234375,722.4500122070312,732.77001953125,972700
2013-04-15,701.2664794921875,711.3800048828125,735.6300048828125,710.9299926757812,733.4500122070312,814400
2013-04-16,710.4539794921875,720.7000122070312,723.3099975585938,713.47998046875,719.6199951171875,493600
2013-04-17,698.7232055664062,708.7999877929688,716.02001953125,702.4000244140625,714.989990234375,606500
2013-04-18,680.2003173828125,690.010009765625,707.3599853515625,683.5399780273438,707.0700073242188,800400
2013-04-19,673.8519287109375,683.5700073242188,697.9000244140625,682.3099975585938,686.9299926757812,831800
2013-04-22,681.048095703125,690.8699951171875,691.5900268554688,677.719970703125,685.010009765625,520200
2013-04-23,692.3649291992188,702.3499755859375,707.4099731445312,692.4600219726562,692.75,468000
2013-04-24,690.8369140625,700.7999877929688,704.530029296875,693.719970703125,702.97998046875,280900
2013-04-25,701.1087646484375,711.219970703125,720.5,703.5,705.0,561000
2013-04-26,691.2213745117188,701.1900024414062,710.7100219726562,693.9199829101562,705.9299926757812,740000
2013-04-29,689.4863891601562,699.4299926757812,709.0499877929688,697.0599975585938,704.489990234375,572900
2013-04-30,686.0953369140625,695.989990234375,702.72998046875,693.489990234375,698.5499877929688,484200
2013-05-01,684.1926879882812,694.0599975585938,700.0,691.0999755859375,696.5599975585938,454300
2013-05-02,697.8853149414062,707.9500122070312,712.5999755859375,693.75,693.75,617900
2013-05-03,714.4661865234375,724.77001953125,728.5399780273438,716.8499755859375,717.4299926757812,662900
2013-05-06,716.3785400390625,726.7100219726562,730.9500122070312,722.7000122070312,723.5,405900
2013-05-07,714.7420654296875,725.0499877929688,730.989990234375,717.9000244140625,730.9600219726562,314700
2013-05-08,724.81689453125,735.27001953125,736.0,726.1099853515625,726.219970703125,461800
2013-05-09,727.0151977539062,737.5,744.97998046875,728.719970703125,735.0,1053800
2013-05-10,754.5283203125,765.4099731445312,769.6699829101562,742.0,742.0,2110500
2013-05-13,766.3873291015625,777.4400024414062,779.25,758.3699951171875,761.0,786200
2013-05-14,779.892578125,791.1400146484375,794.0,776.0399780273438,776.0399780273438,1015500
2013-05-15,794.2948608398438,805.75,808.510009765625,789.9500122070312,790.0499877929688,927600
2013-05-16,788.7055053710938,800.0800170898438,811.47998046875,797.5,806.0,898400
2013-05-17,802.0923461914062,813.6599731445312,814.5800170898438,802.1799926757812,805.030029296875,784100
2013-05-20,830.5223388671875,842.5,842.75,824.1900024414062,825.7000122070312,1331200
2013-05-21,814.2175903320312,825.9600219726562,847.3300170898438,825.0599975585938,842.9000244140625,1115800
2013-05-22,786.6846313476562,798.030029296875,820.719970703125,795.3099975585938,803.4500122070312,1857200
2013-05-23,792.1753540039062,803.5999755859375,805.6500244140625,784.3200073242188,789.0,906700
2013-05-24,789.730712890625,801.1199951171875,804.1799926757812,795.5499877929688,797.6500244140625,437900
2013-05-28,792.8950805664062,804.3300170898438,819.989990234375,801.3099975585938,811.7999877929688,653300
2013-05-29,781.0065307617188,792.27001953125,801.6799926757812,789.4500122070312,796.1199951171875,548600
2013-05-30,796.0593872070312,807.5399780273438,816.4000244140625,792.27001953125,795.0,1258800
2013-05-31,792.5007934570312,803.9299926757812,819.97998046875,802.8699951171875,805.77001953125,826200
2013-06-03,791.2094116210938,802.6199951171875,805.8599853515625,788.260009765625,805.1500244140625,626800
2013-06-04,787.335205078125,798.6900024414062,811.0,794.0499877929688,800.760009765625,533300
2013-06-05,784.190673828125,795.5,809.0,795.0,797.9500122070312,539000
2013-06-06,794.4427490234375,805.9000244140625,806.030029296875,787.0,794.8499755859375,582700
2013-06-07,804.8428344726562,816.4500122070312,819.239990234375,805.1099853515625,810.1799926757812,693100
2013-06-10,811.7432250976562,823.4500122070312,825.0,815.0599975585938,819.2100219726562,524700
2013-06-11,801.8558349609375,813.4199829101562,821.6699829101562,809.3300170898438,815.3200073242188,551200
2013-06-12,796.414306640625,807.9000244140625,821.5800170898438,802.6699829101562,821.47998046875,580700
2013-06-13,803.2359008789062,814.8200073242188,815.8900146484375,803.489990234375,805.4299926757812,460500
2013-06-14,804.1526489257812,815.75,817.489990234375,810.469970703125,812.5999755859375,572400
2013-06-17,813.8035278320312,825.5399780273438,831.0900268554688,818.5999755859375,822.0,822500
2013-06-18,822.95166015625,834.8200073242188,839.4500122070312,826.52001953125,829.0800170898438,634300
2013-06-19,816.770751953125,828.5499877929688,839.6699829101562,827.52001953125,834.0,591300
2013-06-20,804.093505859375,815.6900024414062,830.3800048828125,812.4500122070312,822.5,873300
2013-06-21,801.4910278320312,813.0499877929688,823.8599853515625,805.219970703125,820.739990234375,1026100
2013-06-24,793.5653686523438,805.010009765625,812.0,791.1500244140625,805.25,869100
2013-06-25,798.0606079101562,809.5700073242188,817.5499877929688,805.030029296875,813.6799926757812,476300
2013-06-26,807.9085693359375,819.5599975585938,823.8599853515625,814.4500122070312,815.7999877929688,583600
2013-06-27,810.6982421875,822.3900146484375,828.0599975585938,819.9000244140625,825.5,533400
2013-06-28,814.9173583984375,826.6699829101562,830.0,819.72998046875,819.72998046875,509400
2013-07-01,828.7775268554688,840.72998046875,844.989990234375,831.1099853515625,832.0,529200
2013-07-02,829.1028442382812,841.0599975585938,854.5999755859375,838.2000122070312,843.1099853515625,453200
2013-07-03,833.3812255859375,845.4000244140625,847.3300170898438,836.0999755859375,836.47998046875,193800
2013-07-05,843.0023803710938,855.1599731445312,856.1199951171875,840.0,850.489990234375,462300
2013-07-08,875.99658203125,888.6300048828125,889.4000244140625,872.2000122070312,874.6599731445312,1161700
2013-07-09,884.3068237304688,897.0599975585938,900.4000244140625,880.0999755859375,891.5,908400
2013-07-10,879.6341552734375,892.3200073242188,897.0,886.489990234375,894.4299926757812,522100
2013-07-11,897.4077758789062,910.3499755859376,912.8599853515624,895.5999755859375,900.8499755859376,816700
2013-07-12,907.3051147460938,920.3900146484376,920.9199829101562,907.47998046875,908.7100219726562,663400
2013-07-15,898.69921875,911.6599731445312,926.4000244140624,910.7000122070312,922.5,581200
2013-07-16,889.225830078125,902.0499877929688,916.1199951171876,892.1400146484375,915.0,675700
2013-07-17,893.7899780273438,906.6799926757812,912.7999877929688,900.02001953125,904.77001953125,538900
2013-07-18,886.810546875,899.5999755859375,904.0,893.010009765625,903.4000244140624,502100
2013-07-19,883.547607421875,896.2899780273438,900.52001953125,889.0,900.52001953125,718500
2013-07-22,887.6781616210938,900.47998046875,908.0,898.3200073242188,901.0999755859376,469000
2013-07-23,883.0548095703125,895.7899780273438,906.9500122070312,890.7999877929688,903.2000122070312,367600
2013-07-24,881.3099975585938,894.02001953125,905.6400146484376,892.0999755859375,901.3699951171876,445600
2013-07-25,899.0343627929688,912.0,919.3900146484376,900.6099853515625,902.6900024414062,957600
2013-07-26,887.2838134765625,900.0800170898438,907.25,884.0,885.6599731445312,1020500
2013-07-29,875.4839477539062,888.1099853515625,904.6900024414062,886.6699829101562,900.5900268554688,444800
2013-07-30,874.2516479492188,886.8599853515625,898.72998046875,881.0,894.719970703125,491100
2013-07-31,863.2208251953125,875.6699829101562,890.1699829101562,875.1900024414062,890.1699829101562,654300
2013-08-01,891.4931030273438,904.3499755859376,906.530029296875,883.280029296875,885.739990234375,1007800
2013-08-02,895.446044921875,908.3599853515624,913.8200073242188,899.239990234375,907.239990234375,673800
2013-08-05,915.3786010742188,928.5800170898438,930.739990234375,910.260009765625,914.9000244140624,704500
2013-08-06,922.0819702148438,935.3800048828124,940.0,923.3599853515624,935.6599731445312,934000
2013-08-07,914.392822265625,927.5800170898438,932.719970703125,912.72998046875,931.7899780273438,869600
2013-08-08,920.47509765625,933.75,937.0,915.9299926757812,936.0499877929688,1329400
2013-08-09,956.101318359375,969.8900146484376,994.97998046875,969.4500122070312,992.030029296875,2619700
2013-08-12,944.4000854492188,958.02001953125,969.6599731445312,956.9000244140624,966.3200073242188,714100
2013-08-13,940.0527954101562,953.6099853515624,963.3699951171876,948.989990234375,960.4299926757812,670500
2013-08-14,926.6362915039062,940.0,958.969970703125,938.97998046875,950.22998046875,835700
2013-08-15,925.4434204101562,938.7899780273438,943.4099731445312,928.7999877929688,935.22998046875,823200
2013-08-16,926.705322265625,940.0700073242188,949.0,937.010009765625,940.2000122070312,820700
2013-08-19,919.8639526367188,933.1300048828124,947.0,931.9000244140624,934.0,467000
2013-08-20,919.509033203125,932.77001953125,942.1500244140624,932.6199951171876,933.469970703125,342300
2013-08-21,926.8334350585938,940.2000122070312,951.0,932.0,936.489990234375,537200
2013-08-22,938.6135864257812,952.1500244140624,954.4299926757812,943.510009765625,945.2899780273438,369200
2013-08-23,940.6638793945312,954.22998046875,956.8699951171876,951.0999755859376,956.5,378600
2013-08-26,936.0406494140624,949.5399780273438,961.239990234375,948.719970703125,952.3099975585938,342000
2013-08-27,922.2987670898438,935.5999755859376,944.27001953125,932.1099853515624,939.6500244140624,484600
2013-08-28,921.3228149414062,934.6099853515624,939.1300048828124,930.8200073242188,935.77001953125,306700
2013-08-29,927.2770385742188,940.6500244140624,946.8900146484376,932.989990234375,932.989990234375,331500
2013-08-30,925.1871948242188,938.530029296875,946.27001953125,935.0700073242188,942.0,383100
2013-09-03,929.4261474609376,942.8300170898438,953.6500244140624,940.8400268554688,949.4000244140624,441600
2013-09-04,938.9093017578124,952.4500122070312,952.6199951171876,937.2100219726562,945.0,444000
2013-09-05,944.1832885742188,957.7999877929688,962.9600219726562,950.52001953125,950.9099731445312,317800
2013-09-06,945.5140380859376,959.1500244140624,965.0,946.510009765625,962.4199829101562,592100
2013-09-09,951.931396484375,965.6599731445312,968.4400024414062,959.2100219726562,961.5,391700
2013-09-10,963.6032104492188,977.5,979.9299926757812,968.5599975585938,970.75,407500
2013-09-11,967.6054077148438,981.5599975585938,985.77001953125,970.8400268554688,977.4199829101562,348700
2013-09-12,956.0027465820312,969.7899780273438,982.1300048828124,968.0800170898438,979.22998046875,310900
2013-09-13,953.0750122070312,966.8200073242188,971.7000122070312,960.1699829101562,971.7000122070312,552700
2013-09-16,953.9818725585938,967.739990234375,979.989990234375,965.8900146484376,979.9000244140624,451300
2013-09-17,956.4463500976562,970.239990234375,973.4199829101562,962.0999755859376,965.969970703125,279100
2013-09-18,980.9430541992188,995.0900268554688,1001.0,967.02001953125,967.260009765625,671200
2013-09-19,986.3944702148438,1000.6199951171876,1003.3099975585938,989.030029296875,997.47998046875,539700
2013-09-20,988.75048828125,1003.010009765625,1007.1500244140624,998.0800170898438,1000.7999877929688,609800
2013-09-23,982.5892944335938,996.760009765625,1008.5,986.0599975585938,1000.0,445000
2013-09-24,991.6880493164062,1005.989990234375,1013.6300048828124,989.260009765625,997.72998046875,531200
2013-09-25,983.1414184570312,997.3200073242188,1008.77001953125,996.1799926757812,1007.4000244140624,335900
2013-09-26,997.2281494140624,1011.6099853515624,1014.219970703125,999.47998046875,1002.4400024414062,378800
2013-09-27,1000.5404052734376,1014.969970703125,1019.9500122070312,1005.0999755859376,1007.6900024414062,447300
2013-09-30,996.57763671875,1010.9500122070312,1017.489990234375,1003.0999755859376,1008.9299926757812,467900
2013-10-01,1023.50927734375,1038.27001953125,1039.31005859375,1008.02001953125,1008.02001953125,598600
2013-10-02,1052.205322265625,1067.3800048828125,1073.0,1035.0,1035.6400146484375,1154700
2013-10-03,1034.392333984375,1049.31005859375,1074.8900146484375,1043.31005859375,1065.6199951171875,726900
2013-10-04,1047.0693359375,1062.1700439453125,1064.0,1044.6700439453125,1051.989990234375,557400
2013-10-07,1026.87060546875,1041.6800537109375,1061.489990234375,1040.02001953125,1061.489990234375,437400
2013-10-08,983.9398803710938,998.1300048828124,1044.6300048828125,983.0,1041.7900390625,1369200
2013-10-09,974.9692993164062,989.030029296875,1001.8300170898438,972.4000244140624,1001.8300170898438,1054300
2013-10-10,998.7857666015624,1013.1900024414062,1016.489990234375,1002.0,1006.4099731445312,758500
2013-10-11,996.2621459960938,1010.6300048828124,1028.3499755859375,1005.469970703125,1013.1900024414062,830800
2013-10-14,1003.16259765625,1017.6300048828124,1019.489990234375,993.75,1006.5599975585938,431800
2013-10-15,1006.9874877929688,1021.510009765625,1031.8800048828125,1013.0,1016.1500244140624,474800
2013-10-16,1020.4827270507812,1035.199951171875,1039.0,1025.9200439453125,1029.0,398100
2013-10-17,1017.4762573242188,1032.1500244140625,1042.0,1025.8900146484375,1031.510009765625,477100
2013-10-18,1033.3472900390625,1048.25,1056.02001953125,1045.02001953125,1050.0,925700
2013-10-21,1071.6351318359375,1087.0899658203125,1089.75,1051.0,1053.2900390625,700600
2013-10-22,1060.337890625,1075.6300048828125,1098.699951171875,1057.0899658203125,1094.3599853515625,847800
2013-10-23,1050.8153076171875,1065.969970703125,1078.06005859375,1056.030029296875,1073.47998046875,484300
2013-10-24,1065.0404052734375,1080.4000244140625,1082.780029296875,1066.0,1074.0,483300
2013-10-25,1055.6259765625,1070.8499755859375,1088.6600341796875,1067.199951171875,1086.2099609375,575500
2013-10-28,1045.078125,1060.1500244140625,1075.0,1057.0,1072.4599609375,371500
2013-10-29,1054.31494140625,1069.52001953125,1075.0,1055.0999755859375,1065.4300537109375,314500
2013-10-30,1053.3587646484375,1068.550048828125,1078.0,1058.4599609375,1074.9300537109375,362500
2013-10-31,1038.84765625,1053.8299560546875,1082.0,1044.0,1082.0,668000
2013-11-01,1037.5367431640625,1052.5,1056.8699951171875,1043.9599609375,1056.0,534100
2013-11-04,1055.3499755859375,1070.5699462890625,1071.0799560546875,1047.0799560546875,1057.0699462890625,533800
2013-11-05,1066.8441162109375,1082.22998046875,1085.3900146484375,1060.0,1070.5699462890625,517000
2013-11-06,1042.9981689453125,1058.0400390625,1085.0,1051.3199462890625,1079.030029296875,686800
2013-11-07,1008.347900390625,1022.8900146484376,1062.5999755859375,1020.6900024414062,1056.6199951171875,1328900
2013-11-08,1057.9425048828125,1073.199951171875,1077.1400146484375,1041.6800537109375,1055.9599609375,1923900
2013-11-11,1080.911376953125,1096.5,1109.5,1067.1099853515625,1068.449951171875,896800
2013-11-12,1083.85888671875,1099.489990234375,1106.6500244140625,1092.550048828125,1103.02001953125,639200
2013-11-13,1108.217529296875,1124.199951171875,1125.8900146484375,1095.0799560546875,1097.3800048828125,882000
2013-11-14,1121.269287109375,1137.43994140625,1143.260009765625,1128.9300537109375,1133.0,589300
2013-11-15,1123.329345703125,1139.530029296875,1144.760009765625,1131.0999755859375,1143.489990234375,706500
2013-11-18,1111.89453125,1127.9300537109375,1145.0,1120.9599609375,1139.5,614900
2013-11-19,1102.5198974609375,1118.4200439453125,1133.77001953125,1110.0,1125.02001953125,539600
2013-11-20,1130.7821044921875,1147.0899658203125,1163.97998046875,1139.449951171875,1148.300048828125,975200
2013-11-21,1142.63134765625,1159.1099853515625,1163.489990234375,1151.0699462890625,1157.6400146484375,493500
2013-11-22,1142.512939453125,1158.989990234375,1163.25,1152.8299560546875,1160.0,369900
2013-11-25,1142.6905517578125,1159.1700439453125,1165.5799560546875,1156.3900146484375,1164.22998046875,361000
2013-11-26,1161.2330322265625,1177.97998046875,1182.5999755859375,1155.5999755859375,1162.949951171875,575400
2013-11-27,1170.31201171875,1187.18994140625,1193.469970703125,1179.010009765625,1182.4000244140625,437800
2013-11-29,1175.37890625,1192.3299560546875,1198.75,1190.1500244140625,1194.199951171875,327500
2013-12-02,1171.603271484375,1188.5,1196.5899658203125,1179.27001953125,1196.0999755859375,435500
2013-12-03,1159.7542724609375,1176.47998046875,1182.9000244140625,1171.1199951171875,1181.1600341796875,483200
2013-12-04,1164.870361328125,1181.6700439453125,1184.989990234375,1166.5400390625,1171.5899658203125,462700
2013-12-05,1157.694091796875,1174.3900146484375,1180.93994140625,1169.93994140625,1180.68994140625,383700
2013-12-06,1163.6185302734375,1180.4000244140625,1189.0,1172.760009765625,1189.0,417000
2013-12-09,1161.923095703125,1178.6800537109375,1187.0,1174.699951171875,1183.06005859375,482400
2013-12-10,1172.017578125,1188.9200439453125,1192.260009765625,1175.6199951171875,1178.0,438700
2013-12-11,1161.3612060546875,1178.1099853515625,1198.5,1175.0999755859375,1192.5899658203125,581900
2013-12-12,1158.531982421875,1175.239990234375,1183.469970703125,1171.02001953125,1174.56005859375,404900
2013-12-13,1154.618408203125,1171.27001953125,1182.050048828125,1169.1800537109375,1182.030029296875,485300
2013-12-16,1157.55615234375,1174.25,1178.6600341796875,1168.0,1170.5999755859375,430700
2013-12-17,1144.395751953125,1160.9000244140625,1175.0,1156.2099609375,1174.0899658203125,593200
2013-12-18,1171.1007080078125,1187.989990234375,1188.6199951171875,1145.0,1161.4300537109375,878400
2013-12-19,1174.6297607421875,1191.5699462890625,1194.0,1183.719970703125,1187.9000244140625,602700
2013-12-20,1174.0186767578125,1190.949951171875,1196.68994140625,1188.9000244140625,1194.75,775800
2013-12-23,1170.37109375,1187.25,1194.469970703125,1180.0400390625,1194.469970703125,512500
2013-12-24,1163.125732421875,1179.9000244140625,1188.4000244140625,1179.800048828125,1185.5799560546875,254600
2013-12-26,1172.93408203125,1189.8499755859375,1189.8499755859375,1178.0799560546875,1183.199951171875,308100
2013-12-27,1153.6722412109375,1170.31005859375,1191.739990234375,1168.6600341796875,1191.7099609375,516200
2013-12-30,1136.4996337890625,1152.8900146484375,1172.3499755859375,1151.0,1172.3499755859375,645700
2013-12-31,1145.87451171875,1162.4000244140625,1162.4000244140625,1154.010009765625,1155.9300537109375,444000
2014-01-02,1129.155517578125,1145.43994140625,1161.2900390625,1140.0,1159.969970703125,653300
2014-01-03,1116.5770263671875,1132.6800537109375,1152.68994140625,1131.43994140625,1147.0,622900
2014-01-06,1123.329345703125,1139.530029296875,1144.43994140625,1113.010009765625,1132.280029296875,656600
2014-01-07,1146.5350341796875,1163.0699462890625,1165.8900146484375,1142.0,1146.8199462890625,669400
2014-01-08,1141.0439453125,1157.5,1168.0999755859375,1156.510009765625,1163.989990234375,508700
2014-01-09,1137.2880859375,1153.68994140625,1162.8299560546875,1144.25,1157.949951171875,474800
2014-01-10,1132.5072021484375,1148.8399658203125,1156.4100341796875,1142.43994140625,1156.4100341796875,489700
2014-01-13,1123.5169677734375,1139.719970703125,1163.47998046875,1133.6400146484375,1142.5699462890625,612800
2014-01-14,1142.7298583984375,1159.2099609375,1160.9000244140625,1133.030029296875,1138.8199462890625,624000
2014-01-15,1156.1856689453125,1172.8599853515625,1174.3399658203125,1160.0999755859375,1160.0999755859375,576400
2014-01-16,1167.80810546875,1184.6500244140625,1189.989990234375,1170.52001953125,1170.52001953125,786400
2014-01-17,1161.292236328125,1178.0400390625,1186.8599853515625,1167.4300537109375,1185.2099609375,610100
2014-01-21,1188.80517578125,1205.949951171875,1206.97998046875,1176.5,1181.5,754700
2014-01-22,1196.041015625,1213.2900390625,1214.18994140625,1204.469970703125,1207.989990234375,632200
2014-01-23,1191.6739501953125,1208.8599853515625,1214.969970703125,1196.1500244140625,1207.0,531700
2014-01-24,1163.1551513671875,1179.9300537109375,1203.1600341796875,1172.6400146484375,1195.0,867000
2014-01-27,1126.9869384765625,1143.239990234375,1186.989990234375,1138.219970703125,1181.0699462890625,1203000
2014-01-28,1146.002685546875,1162.530029296875,1168.6400146484375,1150.1700439453125,1154.4000244140625,632500
2014-01-29,1117.671142578125,1133.7900390625,1157.699951171875,1132.969970703125,1150.0,684900
2014-01-30,1143.5086669921875,1160.0,1162.760009765625,1141.77001953125,1145.1600341796875,791600
2014-01-31,1128.6134033203125,1144.8900146484375,1161.0400390625,1139.1700439453125,1143.43994140625,810700
2014-02-03,1097.659912109375,1113.489990234375,1151.0899658203125,1107.25,1143.8299560546875,736600
2014-02-04,1110.1102294921875,1126.1199951171875,1128.8299560546875,1107.199951171875,1117.93994140625,553000
2014-02-05,1108.0302734375,1124.010009765625,1133.9200439453125,1103.9000244140625,1123.239990234375,532300
2014-02-06,1122.156494140625,1138.3399658203125,1145.510009765625,1125.989990234375,1128.4200439453125,452200
2014-02-07,1178.3955078125,1195.3900146484375,1196.56005859375,1157.530029296875,1159.3699951171875,1393400
2014-02-10,1190.648681640625,1207.8199462890625,1212.0,1187.0400390625,1190.989990234375,584300
2014-02-11,1196.6719970703125,1213.9300537109375,1215.949951171875,1201.0699462890625,1207.0,544200
2014-02-12,1228.9169921875,1246.6400146484375,1249.5999755859375,1213.9300537109375,1222.93994140625,1145800
2014-02-13,1257.9283447265625,1276.0699462890625,1282.5999755859375,1239.219970703125,1241.47998046875,1222300
2014-02-14,1261.7828369140625,1279.97998046875,1284.699951171875,1269.1500244140625,1276.0799560546875,906600
2014-02-18,1283.135009765625,1301.6400146484375,1313.8199462890625,1276.010009765625,1283.5999755859375,1111300
2014-02-19,1255.6513671875,1273.760009765625,1309.0,1271.18994140625,1302.0,1065600
2014-02-20,1264.760009765625,1283.0,1286.0,1254.030029296875,1284.0999755859375,1719100
2014-02-21,1296.94580078125,1315.6500244140625,1333.1199951171875,1283.0,1327.8800048828125,2073200
2014-02-24,1294.993896484375,1313.6700439453125,1324.0,1304.1300048828125,1317.0,825500
2014-02-25,1334.247802734375,1353.489990234375,1357.1600341796875,1315.1500244140625,1316.8900146484375,1215200
2014-02-26,1337.648681640625,1356.93994140625,1375.4100341796875,1342.0,1358.52001953125,1097000
2014-02-27,1338.486572265625,1357.7900390625,1363.0899658203125,1350.0,1357.1300048828125,629800
2014-02-28,1329.6639404296875,1348.8399658203125,1367.050048828125,1339.4200439453125,1356.8499755859375,926400
2014-03-03,1319.214599609375,1338.239990234375,1342.030029296875,1321.0,1330.93994140625,701400
2014-03-04,1348.866943359375,1368.3199462890625,1369.0,1347.010009765625,1349.2099609375,670900
2014-03-05,1350.9468994140625,1370.4300537109375,1371.22998046875,1356.5,1365.969970703125,476900
2014-03-06,1345.0025634765625,1364.4000244140625,1378.9599609375,1361.0999755859375,1370.75,484500
2014-03-07,1338.7330322265625,1358.0400390625,1373.8900146484375,1354.050048828125,1372.550048828125,562500
2014-03-10,1324.3406982421875,1343.43994140625,1358.8399658203125,1332.800048828125,1356.9300537109375,630400
2014-03-11,1307.4443359375,1326.300048828125,1347.68994140625,1323.6199951171875,1347.68994140625,628100
2014-03-12,1313.63525390625,1332.5799560546875,1338.97998046875,1315.5,1322.969970703125,633900
2014-03-13,1281.251953125,1299.72998046875,1338.1400146484375,1294.6300048828125,1337.989990234375,967200
2014-03-14,1249.9041748046875,1267.9300537109375,1296.969970703125,1267.050048828125,1294.97998046875,865000
2014-03-17,1269.6494140625,1287.9599609375,1308.7900390625,1267.0,1273.1600341796875,900600
2014-03-18,1285.8853759765625,1304.4300537109375,1305.3900146484375,1290.699951171875,1295.1800537109375,566700
2014-03-19,1268.9298095703125,1287.22998046875,1314.699951171875,1277.5699462890625,1307.68994140625,708400
2014-03-20,1274.0166015625,1292.3900146484375,1300.0,1272.1700439453125,1285.6700439453125,636200
2014-03-21,1250.80126953125,1268.8399658203125,1316.989990234375,1267.6400146484375,1316.989990234375,1170000
2014-03-24,1210.472900390625,1227.9300537109375,1275.989990234375,1211.9000244140625,1275.0,1436700
2014-03-25,1206.3028564453125,1223.699951171875,1244.800048828125,1203.280029296875,1232.0799560546875,1418700
2014-03-26,1171.86962890625,1188.77001953125,1240.0,1188.5699462890625,1229.5699462890625,1065800
2014-03-27,1165.4422607421875,1182.25,1191.969970703125,1156.4100341796875,1188.77001953125,1630100
2014-03-28,1175.0634765625,1192.010009765625,1214.6300048828125,1182.6199951171875,1189.1800537109375,1164800
2014-03-31,1174.9451904296875,1191.8900146484375,1214.5699462890625,1190.260009765625,1205.4599609375,776700
2014-04-01,1233.57958984375,1251.3699951171875,1251.8399658203125,1201.1099853515625,1203.2099609375,1210600
2014-04-02,1248.65234375,1266.6600341796875,1276.739990234375,1249.510009765625,1256.18994140625,1018000
2014-04-03,1219.8575439453125,1237.449951171875,1265.8199462890625,1224.010009765625,1265.0,1061200
2014-04-04,1161.33154296875,1178.0799560546875,1249.989990234375,1177.949951171875,1248.0,2047200
2014-04-07,1153.1002197265625,1169.72998046875,1189.8599853515625,1138.0,1167.5,1752800
2014-04-08,1170.656982421875,1187.5400390625,1196.989990234375,1168.010009765625,1175.1600341796875,1303100
2014-04-09,1217.07763671875,1234.6300048828125,1235.0899658203125,1185.3499755859375,1197.3599853515625,1487500
2014-04-10,1160.5626220703125,1177.300048828125,1234.8499755859375,1174.0799560546875,1231.719970703125,1558400
2014-04-11,1139.7723388671875,1156.2099609375,1177.0899658203125,1147.4599609375,1160.010009765625,1610700
2014-04-14,1150.6160888671875,1167.2099609375,1187.969970703125,1152.739990234375,1168.27001953125,976500
2014-04-15,1153.1199951171875,1169.75,1182.3800048828125,1141.3299560546875,1171.969970703125,1028800
2014-04-16,1195.0159912109375,1212.25,1213.300048828125,1174.1800537109375,1177.5,1412500
2014-04-17,1191.1810302734375,1208.3599853515625,1224.6199951171875,1203.0,1205.739990234375,1059700
2014-04-21,1203.680908203125,1221.0400390625,1224.1400146484375,1204.3699951171875,1212.5999755859375,572100
2014-04-22,1212.5133056640625,1230.0,1237.1500244140625,1220.1500244140625,1226.77001953125,669800
2014-04-23,1202.6063232421875,1219.949951171875,1234.75,1213.7099609375,1231.72998046875,581900
2014-04-24,1199.7279052734375,1217.030029296875,1235.449951171875,1203.7099609375,1232.0,611300
2014-04-25,1140.7879638671875,1157.239990234375,1212.0,1154.0,1212.0,1395900
2014-04-28,1123.5169677734375,1139.719970703125,1158.989990234375,1107.27001953125,1158.0,1538900
2014-04-29,1138.4219970703125,1154.8399658203125,1165.0,1133.199951171875,1147.5799560546875,788000
2014-04-30,1141.2904052734375,1157.75,1159.93994140625,1137.77001953125,1145.219970703125,621700
2014-05-01,1163.8155517578125,1180.5999755859375,1193.780029296875,1156.3900146484375,1163.9200439453125,929400
2014-05-02,1163.1551513671875,1179.9300537109375,1196.18994140625,1170.52001953125,1188.5799560546875,692400
2014-05-05,1174.669189453125,1191.6099853515625,1193.43994140625,1160.02001953125,1170.1500244140625,493600
2014-05-06,1151.749755859375,1168.3599853515625,1191.5400390625,1166.5699462890625,1190.219970703125,600600
2014-05-07,1115.6502685546875,1131.739990234375,1174.0,1124.4100341796875,1173.010009765625,1155100
2014-05-08,1092.247802734375,1108.0,1152.97998046875,1087.260009765625,1096.6099853515625,2618500
2014-05-09,1119.7611083984375,1135.9100341796875,1138.4599609375,1111.52001953125,1115.6099853515625,1192700
2014-05-12,1146.7813720703125,1163.3199462890625,1165.8900146484375,1143.010009765625,1143.969970703125,777600
2014-05-13,1143.419921875,1159.9100341796875,1172.0,1157.489990234375,1163.5899658203125,593800
2014-05-14,1129.5203857421875,1145.81005859375,1166.52001953125,1141.1600341796875,1158.5699462890625,638400
2014-05-15,1120.09619140625,1136.25,1143.0,1118.1400146484375,1142.949951171875,859200
2014-05-16,1120.993408203125,1137.1600341796875,1139.0,1121.3599853515625,1136.27001953125,790700
2014-05-19,1142.31591796875,1158.7900390625,1162.3499755859375,1128.9300537109375,1131.77001953125,777900
2014-05-20,1133.9266357421875,1150.280029296875,1166.6199951171875,1143.530029296875,1161.4100341796875,636500
2014-05-21,1160.7008056640625,1177.43994140625,1177.8800048828125,1149.3199462890625,1158.5999755859375,686300
2014-05-22,1161.3118896484375,1178.06005859375,1186.0,1171.949951171875,1177.0,560200
2014-05-23,1180.1007080078125,1197.1199951171875,1197.47998046875,1175.2099609375,1179.0999755859375,527400
2014-05-27,1241.20947265625,1259.1099853515625,1259.8399658203125,1206.1600341796875,1206.1600341796875,1348700
2014-05-28,1251.9644775390625,1270.02001953125,1275.0,1246.050048828125,1256.5,894800
2014-05-29,1273.3658447265625,1291.72998046875,1292.6600341796875,1266.0,1270.739990234375,810500
2014-05-30,1260.4520263671875,1278.6300048828125,1292.3299560546875,1269.050048828125,1292.3299560546875,906100
2014-06-02,1260.61962890625,1278.800048828125,1286.0,1260.239990234375,1281.0,519600
2014-06-03,1247.5184326171875,1265.510009765625,1273.6199951171875,1256.25,1271.489990234375,625800
2014-06-04,1228.25634765625,1245.969970703125,1262.0,1244.6500244140625,1261.0,674700
2014-06-05,1230.218017578125,1247.9599609375,1259.949951171875,1245.6300048828125,1252.3699951171875,686500
2014-06-06,1220.4786376953125,1238.0799560546875,1258.1600341796875,1234.0999755859375,1254.4000244140625,631800
2014-06-09,1212.4346923828125,1229.9200439453125,1250.0,1228.6300048828125,1241.050048828125,590700
2014-06-10,1205.49462890625,1222.8800048828125,1240.8900146484375,1218.9599609375,1230.010009765625,588200
2014-06-11,1230.96728515625,1248.719970703125,1250.0899658203125,1213.0400390625,1214.0,747800
2014-06-12,1208.5703125,1226.0,1264.800048828125,1222.0,1249.3199462890625,965800
2014-06-13,1172.39208984375,1189.300048828125,1234.969970703125,1186.6400146484375,1224.9300537109375,1730000
2014-06-16,1185.384765625,1202.47998046875,1209.550048828125,1183.0,1191.3800048828125,751500
2014-06-17,1179.49951171875,1196.510009765625,1213.22998046875,1187.0,1202.550048828125,687500
2014-06-18,1199.580078125,1216.8800048828125,1218.5999755859375,1187.9200439453125,1200.3499755859375,722000
2014-06-19,1189.6728515625,1206.8299560546875,1221.02001953125,1199.52001953125,1220.8199462890625,580300
2014-06-20,1186.0650634765625,1203.1700439453125,1214.989990234375,1196.010009765625,1209.1400146484375,902200
2014-06-23,1188.460205078125,1205.5999755859375,1208.4100341796875,1195.030029296875,1200.1199951171875,421200
2014-06-24,1187.6026611328125,1204.72998046875,1222.5899658203125,1199.0,1207.0,764900
2014-06-25,1204.084716796875,1221.449951171875,1224.5799560546875,1199.0,1201.530029296875,592200
2014-06-26,1200.3883056640625,1217.699951171875,1230.0799560546875,1213.72998046875,1228.260009765625,555200
2014-06-27,1188.3321533203125,1205.469970703125,1221.949951171875,1205.469970703125,1211.010009765625,566800
2014-06-30,1185.897216796875,1203.0,1215.010009765625,1202.5,1205.2099609375,578600
2014-07-01,1229.0450439453125,1246.77001953125,1249.0,1216.75,1217.699951171875,1005000
2014-07-02,1220.241943359375,1237.8399658203125,1252.6099853515625,1233.3499755859375,1251.1300048828125,617600
2014-07-03,1225.44677734375,1243.1199951171875,1247.43994140625,1238.0699462890625,1246.0400390625,328500
2014-07-07,1234.5950927734375,1252.4000244140625,1264.5,1239.3800048828125,1242.5999755859375,685700
2014-07-08,1207.811279296875,1225.22998046875,1247.4300537109375,1208.1700439453125,1241.8800048828125,1112300
2014-07-09,1218.7928466796875,1236.3699951171875,1240.0899658203125,1225.1199951171875,1231.5,752500
2014-07-10,1198.8406982421875,1216.1300048828125,1226.47998046875,1209.050048828125,1211.8499755859375,765500
2014-07-11,1197.6478271484375,1214.9200439453125,1223.5799560546875,1211.8299560546875,1222.6400146484375,609900
2014-07-14,1211.02490234375,1228.489990234375,1236.0,1215.510009765625,1221.5,590100
2014-07-15,1213.4991455078125,1231.0,1238.760009765625,1219.1600341796875,1231.199951171875,622900
2014-07-16,1206.2537841796875,1223.6500244140625,1243.260009765625,1223.0,1241.7099609375,577300
2014-07-17,1184.29052734375,1201.3699951171875,1229.0,1197.010009765625,1218.52001953125,932700
2014-07-18,1195.5384521484375,1212.780029296875,1212.8900146484375,1199.8900146484375,1206.1500244140625,795500
2014-07-21,1198.6336669921875,1215.9200439453125,1217.93994140625,1203.050048828125,1211.550048828125,535800
2014-07-22,1213.1640625,1230.6600341796875,1232.75,1216.800048828125,1223.8299560546875,571900
2014-07-23,1221.070068359375,1238.6800537109375,1242.4000244140625,1228.5999755859375,1228.5999755859375,516700
2014-07-24,1219.147705078125,1236.72998046875,1247.31005859375,1228.27001953125,1234.3399658203125,621800
2014-07-25,1210.3250732421875,1227.780029296875,1239.3499755859375,1224.280029296875,1235.6500244140625,662600
2014-07-28,1221.67138671875,1239.2900390625,1242.8800048828125,1223.72998046875,1228.0,446400
2014-07-29,1228.8873291015625,1246.6099853515625,1255.8399658203125,1242.3499755859375,1245.68994140625,701300
2014-07-30,1238.094482421875,1255.949951171875,1258.510009765625,1249.9200439453125,1253.8199462890625,625700
2014-07-31,1224.786376953125,1242.449951171875,1254.969970703125,1236.469970703125,1248.52001953125,822000
2014-08-01,1228.1873779296875,1245.9000244140625,1255.6300048828125,1236.6600341796875,1247.0,805900
2014-08-04,1281.4393310546875,1299.9200439453125,1307.0899658203125,1246.530029296875,1247.550048828125,1367600
2014-08-05,1262.9954833984375,1281.2099609375,1306.780029296875,1269.5400390625,1295.3800048828125,953400
2014-08-06,1262.364501953125,1280.5699462890625,1296.6400146484375,1268.510009765625,1275.0,661900
2014-08-07,1266.8397216796875,1285.1099853515625,1303.6300048828125,1279.4000244140625,1303.1099853515625,675000
2014-08-08,1263.3404541015625,1281.56005859375,1289.9300537109375,1271.5400390625,1289.6099853515625,1029600
2014-08-11,1290.6663818359375,1309.280029296875,1329.9000244140625,1274.550048828125,1281.8499755859375,2051200
2014-08-12,1275.9583740234375,1294.3599853515625,1320.9200439453125,1288.1199951171875,1312.2099609375,794200
2014-08-13,1275.3570556640625,1293.75,1302.969970703125,1284.199951171875,1302.4200439453125,728200
2014-08-14,1266.5440673828125,1284.81005859375,1301.449951171875,1284.06005859375,1299.969970703125,713800
2014-08-15,1252.063232421875,1270.1199951171875,1293.6199951171875,1266.52001953125,1293.6199951171875,1335800
2014-08-18,1258.0369873046875,1276.1800537109375,1288.27001953125,1273.52001953125,1274.5699462890625,602400
2014-08-19,1253.6993408203125,1271.780029296875,1281.260009765625,1268.1700439453125,1281.260009765625,422300
2014-08-20,1255.2669677734375,1273.3699951171875,1276.0,1267.97998046875,1274.4000244140625,358900
2014-08-21,1247.0653076171875,1265.050048828125,1275.3499755859375,1264.260009765625,1273.3699951171875,402500
2014-08-22,1259.338134765625,1277.5,1277.9300537109375,1260.3800048828125,1268.489990234375,601100
2014-08-25,1258.8551025390625,1277.010009765625,1293.969970703125,1275.8499755859375,1286.81005859375,570600
2014-08-26,1259.35791015625,1277.52001953125,1286.6600341796875,1270.27001953125,1280.43994140625,409800
2014-08-27,1242.845947265625,1260.77001953125,1281.8399658203125,1259.5899658203125,1277.239990234375,567800
2014-08-28,1232.9288330078125,1250.7099609375,1260.1099853515625,1248.699951171875,1255.510009765625,480000
2014-08-29,1226.6199951171875,1244.31005859375,1255.8499755859375,1241.6199951171875,1255.239990234375,532700
2014-09-02,1237.0595703125,1254.9000244140625,1257.760009765625,1244.050048828125,1247.699951171875,681700
2014-09-03,1216.85107421875,1234.4000244140625,1262.949951171875,1232.6600341796875,1262.949951171875,779300
2014-09-04,1203.40478515625,1220.760009765625,1243.9000244140625,1216.0,1242.3800048828125,967100
2014-09-05,1178.03076171875,1195.02001953125,1211.4000244140625,1182.3599853515625,1210.0,1705300
2014-09-08,1181.816162109375,1198.8599853515625,1201.550048828125,1178.72998046875,1190.3299560546875,966500
2014-09-09,1160.3458251953125,1177.0799560546875,1200.0,1173.699951171875,1198.5899658203125,870500
2014-09-10,1171.741455078125,1188.6400146484375,1189.3900146484375,1173.6099853515625,1176.989990234375,685400
2014-09-11,1160.1190185546875,1176.8499755859375,1186.7900390625,1170.1500244140625,1183.6199951171875,619200
2014-09-12,1147.3924560546875,1163.93994140625,1177.8900146484375,1161.75,1175.52001953125,791900
2014-09-15,1137.1895751953125,1153.5899658203125,1161.5,1139.27001953125,1161.1600341796875,829000
2014-09-16,1156.2449951171875,1172.9200439453125,1179.56005859375,1149.31005859375,1149.8900146484375,810000
2014-09-17,1157.112548828125,1173.800048828125,1184.760009765625,1162.8199462890625,1174.18994140625,644500
2014-09-18,1180.1795654296875,1197.199951171875,1198.489990234375,1175.7099609375,1179.4000244140625,871800
2014-09-19,1169.2572021484375,1186.1199951171875,1205.5,1185.5,1205.0,841000
2014-09-22,1149.2161865234375,1165.7900390625,1181.3299560546875,1154.1500244140625,1181.3299560546875,679200
2014-09-23,1149.768310546875,1166.3499755859375,1177.5,1160.300048828125,1163.4000244140625,651700
2014-09-24,1165.2154541015625,1182.02001953125,1183.8699951171875,1157.1500244140625,1169.739990234375,564700
2014-09-25,1147.4813232421875,1164.030029296875,1182.56005859375,1159.3299560546875,1181.4300537109375,752700
2014-09-26,1157.7432861328125,1174.43994140625,1175.4200439453125,1161.010009765625,1166.6700439453125,689000
2014-09-29,1144.5435791015625,1161.050048828125,1164.4000244140625,1142.260009765625,1162.52001953125,861200
2014-09-30,1142.1087646484375,1158.5799560546875,1169.0999755859375,1152.280029296875,1164.5,661500
2014-10-01,1121.486083984375,1137.6600341796875,1154.75,1131.31005859375,1154.2900390625,958800
2014-10-02,1123.7041015625,1139.9100341796875,1146.6300048828125,1119.050048828125,1140.0,797800
2014-10-03,1125.2320556640625,1141.4599609375,1152.550048828125,1140.0,1145.0,616900
2014-10-06,1103.899658203125,1119.8199462890625,1141.3399658203125,1116.4100341796875,1141.0,964400
2014-10-07,1093.38134765625,1109.1500244140625,1129.989990234375,1106.4599609375,1114.47998046875,977400
2014-10-08,1110.8990478515625,1126.9200439453125,1127.8599853515625,1098.2099609375,1110.510009765625,1046100
2014-10-09,1086.5203857421875,1102.18994140625,1122.6199951171875,1099.010009765625,1120.1800537109375,1068500
2014-10-10,1048.5382080078125,1063.6600341796875,1103.47998046875,1062.5699462890625,1094.800048828125,1529100
2014-10-13,1025.9046630859375,1040.699951171875,1072.8800048828125,1017.280029296875,1063.4100341796875,1867500
2014-10-14,1035.51611328125,1050.449951171875,1061.0,1041.7099609375,1050.2099609375,1208600
2014-10-15,1043.6978759765625,1058.75,1060.989990234375,1022.3300170898438,1031.3299560546875,1610700
2014-10-16,1057.9324951171875,1073.18994140625,1073.760009765625,1042.22998046875,1044.6700439453125,1059400
2014-10-17,1061.9547119140625,1077.27001953125,1094.5,1073.02001953125,1090.1700439453125,901500
2014-10-20,1087.387939453125,1103.0699462890625,1104.43994140625,1074.72998046875,1076.52001953125,589700
2014-10-21,1116.86279296875,1132.969970703125,1136.8499755859375,1107.010009765625,1107.1600341796875,737800
2014-10-22,1098.606201171875,1114.449951171875,1136.6300048828125,1109.7099609375,1134.8399658203125,595500
2014-10-23,1114.9013671875,1130.97998046875,1141.4300537109375,1120.9000244140625,1125.1199951171875,709000
2014-10-24,1122.245361328125,1138.4300537109375,1140.81005859375,1123.7099609375,1130.8199462890625,538700
2014-10-27,1118.1343994140625,1134.260009765625,1143.97998046875,1129.6400146484375,1138.0,377300
2014-10-28,1140.176513671875,1156.6199951171875,1156.8699951171875,1133.7099609375,1135.0400390625,501000
2014-10-29,1127.9530029296875,1144.219970703125,1159.0,1143.050048828125,1156.4599609375,543800
2014-10-30,1130.289306640625,1146.5899658203125,1154.489990234375,1132.449951171875,1142.9200439453125,542900
2014-10-31,1189.061767578125,1206.2099609375,1206.8299560546875,1172.510009765625,1175.5799560546875,1472100
2014-11-03,1181.4810791015625,1198.52001953125,1229.0,1197.0,1211.68994140625,1101800
2014-11-04,1082.09423828125,1097.699951171875,1126.22998046875,1081.3900146484375,1113.1199951171875,3357200
2014-11-05,1079.7677001953125,1095.3399658203125,1116.0,1086.1600341796875,1103.0,1165000
2014-11-06,1082.1434326171875,1097.75,1100.2900390625,1082.800048828125,1096.97998046875,741200
2014-11-07,1079.0482177734375,1094.6099853515625,1100.5799560546875,1088.9100341796875,1094.3499755859375,611300
2014-11-10,1104.0970458984375,1120.02001953125,1120.699951171875,1092.8499755859375,1092.8900146484375,882800
2014-11-11,1150.7637939453125,1167.3599853515625,1168.6800537109375,1122.75,1123.0999755859375,1389700
2014-11-12,1144.4942626953125,1161.0,1178.3900146484375,1154.3699951171875,1163.989990234375,820200
2014-11-13,1151.40478515625,1168.010009765625,1174.0,1156.449951171875,1165.199951171875,709100
2014-11-14,1156.2843017578125,1172.9599609375,1175.050048828125,1163.3199462890625,1170.6400146484375,601300
2014-11-17,1149.8275146484375,1166.4100341796875,1171.8199462890625,1148.8199462890625,1169.9599609375,711900
2014-11-18,1150.2413330078125,1166.8299560546875,1175.0,1158.5999755859375,1164.989990234375,551800
2014-11-19,1140.206298828125,1156.6500244140625,1167.4200439453125,1151.550048828125,1162.0999755859375,542500
2014-11-20,1137.4757080078125,1153.8800048828125,1162.989990234375,1148.27001953125,1149.6199951171875,449500
2014-11-21,1135.0899658203125,1151.4599609375,1166.9100341796875,1149.4300537109375,1166.9100341796875,787800
2014-11-24,1143.646484375,1160.1400146484375,1161.5,1151.449951171875,1157.52001953125,413400
2014-11-25,1162.406005859375,1179.1700439453125,1182.31005859375,1159.010009765625,1160.0,655200
2014-11-26,1150.2413330078125,1166.8299560546875,1179.9000244140625,1161.8199462890625,1176.949951171875,626800
2014-11-28,1143.6959228515625,1160.18994140625,1171.550048828125,1158.3900146484375,1171.550048828125,287700
2014-12-01,1136.8050537109375,1153.199951171875,1164.949951171875,1139.6300048828125,1158.1400146484375,740400
2014-12-02,1123.162109375,1139.3599853515625,1147.72998046875,1131.02001953125,1144.8499755859375,885600
2014-12-03,1114.102783203125,1130.1700439453125,1141.0,1126.5,1138.68994140625,654100
2014-12-04,1123.9013671875,1140.1099853515625,1146.5699462890625,1125.31005859375,1126.3399658203125,735300
2014-12-05,1119.8201904296875,1135.969970703125,1142.8900146484375,1130.93994140625,1141.1199951171875,769600
2014-12-08,1119.5343017578125,1135.6800537109375,1149.0899658203125,1131.8499755859375,1131.8499755859375,592200
2014-12-09,1119.0416259765625,1135.1800537109375,1136.1199951171875,1112.780029296875,1128.0,678000
2014-12-10,1099.6610107421875,1115.52001953125,1136.6800537109375,1112.0999755859375,1131.81005859375,671300
2014-12-11,1098.4287109375,1114.27001953125,1127.3299560546875,1111.7099609375,1119.3900146484375,546500
2014-12-12,1088.2947998046875,1103.989990234375,1119.8199462890625,1103.52001953125,1108.6300048828125,672000
2014-12-15,1063.30517578125,1078.6400146484375,1111.6700439453125,1076.8499755859375,1107.0999755859375,888600
2014-12-16,1030.971435546875,1045.8399658203125,1073.2900390625,1045.25,1067.550048828125,1110100
2014-12-17,1060.0521240234375,1075.3399658203125,1077.8499755859375,1043.02001953125,1050.4000244140625,890100
2014-12-18,1088.8763427734375,1104.5799560546875,1108.989990234375,1088.1500244140625,1088.9200439453125,1230300
2014-12-19,1093.67724609375,1109.449951171875,1114.0699462890625,1097.0899658203125,1110.449951171875,1008400
2014-12-22,1133.0394287109375,1149.3800048828125,1152.4000244140625,1110.719970703125,1111.010009765625,910200
2014-12-23,1131.294677734375,1147.6099853515625,1158.56005859375,1140.9300537109375,1155.6400146484375,584500
2014-12-24,1133.4339599609375,1149.780029296875,1152.4000244140625,1143.0400390625,1148.0,166500
2014-12-26,1139.7823486328125,1156.219970703125,1160.43994140625,1150.1099853515625,1152.4300537109375,281200
2014-12-29,1143.5478515625,1160.0400390625,1169.6099853515625,1150.56005859375,1154.6400146484375,472600
2014-12-30,1132.320068359375,1148.6500244140625,1161.1199951171875,1144.06005859375,1155.489990234375,357800
2014-12-31,1123.9998779296875,1140.2099609375,1154.0,1140.2099609375,1150.9300537109375,482500
2015-01-02,1125.82373046875,1142.06005859375,1149.43994140625,1131.510009765625,1144.0,509300
2015-01-05,1081.975830078125,1097.5799560546875,1138.3699951171875,1090.739990234375,1138.3699951171875,1051300
2015-01-06,1064.6064453125,1079.9599609375,1103.97998046875,1072.5,1103.4100341796875,1081500
2015-01-07,1054.3641357421875,1069.5699462890625,1092.0699462890625,1058.5699462890625,1090.77001953125,955000
2015-01-08,1067.455322265625,1082.8499755859375,1083.1700439453125,1047.1199951171875,1056.949951171875,1045800
2015-01-09,1037.00439453125,1051.9599609375,1085.0899658203125,1051.6400146484375,1083.5,974400
2015-01-12,1025.1949462890625,1039.97998046875,1054.68994140625,1021.010009765625,1054.68994140625,1078500
2015-01-13,1023.0655517578124,1037.8199462890625,1067.02001953125,1027.800048828125,1052.449951171875,871100
2015-01-14,1020.9462280273438,1035.6700439453125,1039.6600341796875,1022.010009765625,1026.1500244140625,755700
2015-01-15,984.0582885742188,998.25,1042.5,995.6799926757812,1041.06005859375,1451700
2015-01-16,993.8863525390624,1008.219970703125,1012.3099975585938,990.6900024414062,997.010009765625,1004800
2015-01-20,1010.3784790039062,1024.949951171875,1028.010009765625,999.0,1016.4500122070312,700300
2015-01-21,1030.666015625,1045.530029296875,1049.550048828125,1020.0,1024.0,732400
2015-01-22,1034.7569580078125,1049.6800537109375,1053.0,1036.06005859375,1048.5,913400
2015-01-23,1023.2332763671876,1037.989990234375,1047.949951171875,1033.280029296875,1047.949951171875,700400
2015-01-26,1027.04833984375,1041.8599853515625,1043.8199462890625,1028.219970703125,1036.1199951171875,507500
2015-01-27,999.4462280273438,1013.8599853515624,1029.969970703125,1003.1799926757812,1029.72998046875,942000
2015-01-28,988.9869995117188,1003.25,1024.4100341796875,1001.9400024414062,1024.030029296875,571300
2015-01-29,1000.3136596679688,1014.739990234375,1015.510009765625,992.1300048828124,1007.7899780273438,760500
2015-01-30,995.12841796875,1009.47998046875,1022.2000122070312,1008.4099731445312,1011.739990234375,928400
2015-02-02,998.6280517578124,1013.030029296875,1015.0,993.5,1012.0,655300
2015-02-03,1022.7996215820312,1037.550048828125,1039.989990234375,1012.3599853515624,1019.6900024414062,870600
2015-02-04,1013.661376953125,1028.280029296875,1041.8599853515625,1026.3399658203125,1036.0,557900
2015-02-05,1029.7491455078125,1044.5999755859375,1049.43994140625,1031.300048828125,1033.52001953125,660300
2015-02-06,1007.884521484375,1022.4199829101562,1030.02001953125,1007.1099853515624,1027.56005859375,1307400
2015-02-09,1018.4619140625,1033.1500244140625,1039.3599853515625,1014.1500244140624,1020.6500244140624,492700
2015-02-10,1042.583984375,1057.6199951171875,1060.800048828125,1039.4300537109375,1040.800048828125,657600
2015-02-11,1044.989501953125,1060.06005859375,1067.9300537109375,1051.050048828125,1064.239990234375,515700
2015-02-12,1076.426025390625,1091.949951171875,1102.260009765625,1075.719970703125,1077.2099609375,1199100
2015-02-13,1087.6837158203125,1103.3699951171875,1108.5,1094.5899658203125,1100.1500244140625,814400
2015-02-17,1105.05322265625,1120.989990234375,1130.9200439453125,1114.010009765625,1115.0,900800
2015-02-18,1107.0247802734375,1122.989990234375,1129.97998046875,1112.0,1116.43994140625,819800
2015-02-19,1200.7332763671875,1218.050048828125,1222.8800048828125,1195.3599853515625,1219.0,2671500
2015-02-20,1198.9390869140625,1216.22998046875,1230.0899658203125,1214.760009765625,1217.0,1296800
2015-02-23,1190.4119873046875,1207.5799560546875,1216.5,1202.8299560546875,1210.469970703125,869400
2015-02-24,1202.4486083984375,1219.7900390625,1220.3599853515625,1201.0999755859375,1204.0999755859375,603500
2015-02-25,1233.0767822265625,1250.8599853515625,1259.8599853515625,1217.9599609375,1219.1400146484375,1615900
2015-02-26,1223.6033935546875,1241.25,1264.0,1238.969970703125,1248.97998046875,935400
2015-02-27,1219.886962890625,1237.47998046875,1246.3900146484375,1235.1199951171875,1240.75,645400
2015-03-02,1231.6375732421875,1249.4000244140625,1262.0,1232.030029296875,1237.75,691500
2015-03-03,1224.3724365234375,1242.030029296875,1254.6400146484375,1238.0,1245.0,510900
2015-03-04,1208.2449951171875,1225.6700439453125,1238.760009765625,1223.719970703125,1233.5,777700
2015-03-05,1214.3865966796875,1231.9000244140625,1242.0,1224.5400390625,1225.300048828125,502100
2015-03-06,1198.7025146484375,1215.989990234375,1228.3800048828125,1213.0,1221.7099609375,695500
2015-03-09,1199.6981201171875,1217.0,1220.8900146484375,1202.0,1215.18994140625,563800
2015-03-10,1174.15673828125,1191.0899658203125,1203.989990234375,1186.68994140625,1202.0,788800
2015-03-11,1160.80908203125,1177.550048828125,1195.3699951171875,1174.0,1192.5400390625,706100
2015-03-12,1169.7303466796875,1186.5999755859375,1194.550048828125,1176.0,1186.9300537109375,521800
2015-03-13,1141.3104248046875,1157.77001953125,1188.0699462890625,1154.800048828125,1186.1500244140625,813400
2015-03-16,1141.970703125,1158.43994140625,1166.8800048828125,1151.0,1163.1199951171875,619800
2015-03-17,1137.1700439453125,1153.5699462890625,1163.4200439453125,1144.1199951171875,1152.31005859375,554600
2015-03-18,1164.8902587890625,1181.68994140625,1185.949951171875,1147.9599609375,1153.0,888800
2015-03-19,1159.5965576171875,1176.3199462890625,1179.0,1165.0,1176.239990234375,475600
2015-03-20,1162.406005859375,1179.1700439453125,1194.489990234375,1179.1700439453125,1190.3800048828125,726200
2015-03-23,1164.387451171875,1181.1800537109375,1190.0,1175.510009765625,1176.25,460400
2015-03-24,1153.09033203125,1169.719970703125,1184.219970703125,1168.3800048828125,1176.1400146484375,398100
2015-03-25,1136.312255859375,1152.699951171875,1177.010009765625,1150.6300048828125,1172.75,507100
2015-03-26,1124.14794921875,1140.3599853515625,1153.4599609375,1137.77001953125,1144.5,524300
2015-03-27,1119.0513916015625,1135.18994140625,1144.0999755859375,1130.8599853515625,1141.239990234375,446500
2015-03-30,1133.483154296875,1149.8299560546875,1155.8699951171875,1142.0,1143.3499755859375,470100
2015-03-31,1147.599609375,1164.1500244140625,1176.719970703125,1160.5,1161.75,1011700
2015-04-01,1133.2564697265625,1149.5999755859375,1168.0,1146.5,1164.0,622800
2015-04-02,1143.9422607421875,1160.43994140625,1164.800048828125,1146.18994140625,1149.1500244140625,541100
2015-04-06,1168.1629638671875,1185.010009765625,1194.4599609375,1154.0999755859375,1158.8299560546875,688200
2015-04-07,1168.1334228515625,1184.97998046875,1195.0,1183.9300537109375,1190.0799560546875,383000
2015-04-08,1175.300048828125,1192.25,1195.0,1180.6700439453125,1183.18994140625,341900
2015-04-09,1169.1390380859375,1186.0,1199.0,1181.010009765625,1194.3499755859375,434900
2015-04-10,1172.589111328125,1189.5,1192.4000244140625,1181.0,1187.4599609375,361600
2015-04-13,1182.6934814453125,1199.75,1209.9100341796875,1188.02001953125,1188.8399658203125,484400
2015-04-14,1187.5828857421875,1204.7099609375,1204.949951171875,1182.47998046875,1196.760009765625,453700
2015-04-15,1183.8763427734375,1200.949951171875,1210.260009765625,1199.1099853515625,1206.0,402500
2015-04-16,1188.9432373046875,1206.0899658203125,1213.31005859375,1199.0699462890625,1200.0699462890625,518500
2015-04-17,1170.6473388671875,1187.530029296875,1200.0899658203125,1186.81005859375,1194.5,598100
2015-04-20,1174.4818115234375,1191.4200439453125,1201.75,1187.0,1191.0,473800
2015-04-21,1177.281494140625,1194.260009765625,1200.5899658203125,1191.5400390625,1195.9000244140625,360400
2015-04-22,1195.656494140625,1212.9000244140625,1219.5999755859375,1192.4100341796875,1198.8499755859375,433700
2015-04-23,1203.739990234375,1221.0999755859375,1222.949951171875,1207.6500244140625,1209.0,463700
2015-04-24,1215.5594482421875,1233.0899658203125,1235.0,1227.6099853515625,1229.4599609375,599300
2015-04-27,1235.383544921875,1253.199951171875,1262.239990234375,1235.0699462890625,1235.3699951171875,650600
2015-04-28,1224.4610595703125,1242.1199951171875,1253.8399658203125,1238.9300537109375,1250.0,454900
2015-04-29,1230.7601318359375,1248.510009765625,1255.3299560546875,1234.5999755859375,1235.0,533000
2015-04-30,1220.21240234375,1237.81005859375,1255.27001953125,1231.530029296875,1247.75,581200
2015-05-01,1242.5108642578125,1260.4300537109375,1260.8900146484375,1244.0,1249.1500244140625,880200
2015-05-04,1249.44091796875,1267.4599609375,1280.969970703125,1261.0,1263.8900146484375,570900
2015-05-05,1245.359619140625,1263.3199462890625,1273.260009765625,1252.7099609375,1262.0,732100
2015-05-06,1246.1781005859375,1264.1500244140625,1279.8499755859375,1257.4599609375,1270.550048828125,1203400
2015-05-07,1196.238037109375,1213.489990234375,1227.8900146484375,1182.02001953125,1224.25,2162800
2015-05-08,1187.6322021484375,1204.760009765625,1224.5999755859375,1202.8900146484375,1223.1500244140625,796800
2015-05-11,1169.5135498046875,1186.3800048828125,1209.4300537109375,1183.0400390625,1200.0699462890625,685900
2015-05-12,1166.6448974609375,1183.469970703125,1187.27001953125,1167.489990234375,1178.4000244140625,687200
2015-05-13,1161.0062255859375,1177.75,1192.699951171875,1177.489990234375,1181.31005859375,562600
2015-05-14,1173.1707763671875,1190.0899658203125,1192.4000244140625,1177.0699462890625,1188.68994140625,506500
2015-05-15,1181.7569580078125,1198.800048828125,1205.75,1189.0400390625,1193.1400146484375,704200
2015-05-18,1199.5404052734375,1216.8399658203125,1219.280029296875,1195.3499755859375,1195.3499755859375,596300
2015-05-19,1196.40576171875,1213.6600341796875,1221.8499755859375,1204.02001953125,1214.0,538800
2015-05-20,1191.003662109375,1208.1800537109375,1213.550048828125,1203.9000244140625,1210.239990234375,519500
2015-05-21,1195.3902587890625,1212.6300048828125,1218.5400390625,1204.0,1206.010009765625,323300
2015-05-22,1191.319091796875,1208.5,1218.25,1207.260009765625,1213.6500244140625,410000
2015-05-26,1178.780029296875,1195.780029296875,1211.9300537109375,1194.1099853515625,1206.77001953125,611100
2015-05-27,1180.731689453125,1197.760009765625,1203.3699951171875,1194.0,1196.219970703125,555700
2015-05-28,1173.6243896484375,1190.550048828125,1201.4100341796875,1187.1600341796875,1197.239990234375,394500
2015-05-29,1155.3773193359375,1172.0400390625,1191.8499755859375,1166.27001953125,1190.5899658203125,843100
2015-06-01,1150.0738525390625,1166.6600341796875,1177.4599609375,1164.0799560546875,1174.0,662200
2015-06-02,1179.0167236328125,1196.02001953125,1201.43994140625,1161.56005859375,1162.1400146484375,1035100
2015-06-03,1176.7392578125,1193.7099609375,1201.0699462890625,1186.010009765625,1196.2900390625,691600
2015-06-04,1168.8826904296875,1185.739990234375,1197.550048828125,1182.8599853515625,1183.8900146484375,495600
2015-06-05,1161.410400390625,1178.1600341796875,1187.5799560546875,1176.280029296875,1183.300048828125,421700
2015-06-08,1147.5010986328125,1164.050048828125,1182.0,1162.0899658203125,1179.1199951171875,554500
2015-06-09,1146.732177734375,1163.27001953125,1168.0,1157.1400146484375,1160.8399658203125,478600
2015-06-10,1163.1650390625,1179.93994140625,1185.81005859375,1164.3399658203125,1170.0,549800
2015-06-11,1165.126953125,1181.9300537109375,1188.449951171875,1177.9300537109375,1183.4000244140625,365500
2015-06-12,1157.477294921875,1174.1700439453125,1183.4000244140625,1171.0,1183.4000244140625,354200
2015-06-15,1158.650146484375,1175.3599853515625,1178.5999755859375,1158.6199951171875,1167.0,461400
2015-06-16,1159.4781494140625,1176.199951171875,1180.6199951171875,1168.219970703125,1171.199951171875,407100
2015-06-17,1147.02783203125,1163.5699462890625,1182.9000244140625,1163.18994140625,1177.949951171875,556100
2015-06-18,1157.270263671875,1173.9599609375,1176.7900390625,1163.8299560546875,1169.3199462890625,596900
2015-06-19,1141.9903564453125,1158.4599609375,1173.469970703125,1158.010009765625,1170.4300537109375,566800
2015-06-22,1134.0352783203125,1150.3900146484375,1162.0799560546875,1143.8299560546875,1161.27001953125,686700
2015-06-23,1139.51611328125,1155.949951171875,1159.5699462890625,1146.02001953125,1154.1800537109375,428700
2015-06-24,1138.5006103515625,1154.9200439453125,1158.77001953125,1147.280029296875,1157.77001953125,384200
2015-06-25,1132.852294921875,1149.18994140625,1160.9000244140625,1148.6500244140625,1158.0,334700
2015-06-26,1124.68017578125,1140.9000244140625,1153.0,1135.739990234375,1151.969970703125,611700
2015-06-29,1091.9815673828125,1107.72998046875,1136.0,1103.449951171875,1128.0,707600
2015-06-30,1135.0013427734375,1151.3699951171875,1152.1600341796875,1119.3199462890625,1120.9000244140625,1082600
2015-07-01,1133.99560546875,1150.3499755859375,1174.6700439453125,1146.8299560546875,1160.0,621100
2015-07-02,1126.8192138671875,1143.0699462890625,1154.5899658203125,1142.0,1152.8599853515625,396700
2015-07-06,1125.202880859375,1141.4300537109375,1153.3900146484375,1134.0,1134.1500244140625,464000
2015-07-07,1128.731689453125,1145.010009765625,1146.280029296875,1119.260009765625,1145.6199951171875,563800
2015-07-08,1101.0609130859375,1116.93994140625,1141.800048828125,1115.77001953125,1133.6099853515625,806000
2015-07-09,1110.06103515625,1126.0699462890625,1141.3399658203125,1125.0,1133.43994140625,638000
2015-07-10,1126.9375,1143.18994140625,1144.0,1133.0,1141.260009765625,533300
2015-07-13,1154.7366943359375,1171.3900146484375,1173.6400146484375,1148.7099609375,1151.1400146484375,627500
2015-07-14,1154.7762451171875,1171.4300537109375,1183.4200439453125,1169.0699462890625,1172.5,323000
2015-07-15,1150.9415283203125,1167.5400390625,1177.93994140625,1164.949951171875,1169.0,324600
2015-07-16,1166.1717529296875,1182.989990234375,1184.780029296875,1174.0,1178.8499755859375,275500
2015-07-17,1198.71240234375,1216.0,1220.0,1193.0,1194.97998046875,938300
2015-07-20,1230.168701171875,1247.9100341796875,1264.989990234375,1220.06005859375,1220.4300537109375,886800
2015-07-21,1217.6395263671875,1235.199951171875,1250.780029296875,1229.5699462890625,1249.0,563500
2015-07-22,1216.4268798828125,1233.969970703125,1242.0,1228.02001953125,1239.52001953125,360500
2015-07-23,1211.4881591796875,1228.9599609375,1238.4599609375,1222.300048828125,1234.050048828125,428700
2015-07-24,1180.3966064453125,1197.4200439453125,1218.77001953125,1189.5,1215.02001953125,988600
2015-07-27,1169.2177734375,1186.0799560546875,1205.5,1183.1500244140625,1193.800048828125,562400
2015-07-28,1190.9150390625,1208.0899658203125,1214.6300048828125,1187.489990234375,1196.300048828125,452200
2015-07-29,1202.0938720703125,1219.4300537109375,1221.81005859375,1194.949951171875,1203.02001953125,470700
2015-07-30,1204.686279296875,1222.06005859375,1227.0999755859375,1207.6400146484375,1222.0,523900
2015-07-31,1225.8905029296875,1243.5699462890625,1254.8800048828125,1241.6300048828125,1245.0899658203125,797200
2015-08-03,1222.8443603515625,1240.47998046875,1249.9300537109375,1225.0,1249.8900146484375,588400
2015-08-04,1265.73583984375,1283.989990234375,1286.5400390625,1240.530029296875,1242.31005859375,1242400
2015-08-05,1332.000244140625,1351.2099609375,1395.0,1325.0999755859375,1382.6099853515625,2106200
2015-08-06,1332.5819091796875,1351.800048828125,1372.3299560546875,1340.0999755859375,1351.5,868800
2015-08-07,1298.6214599609375,1317.3499755859375,1350.949951171875,1314.6099853515625,1350.550048828125,705900
2015-08-10,1304.930419921875,1323.75,1334.0,1318.02001953125,1327.0,548900
2015-08-11,1289.2763671875,1307.8699951171875,1322.5999755859375,1299.239990234375,1315.9000244140625,513400
2015-08-12,1276.3033447265625,1294.7099609375,1299.489990234375,1282.52001953125,1298.6099853515625,770000
2015-08-13,1267.19482421875,1285.469970703125,1307.0,1284.530029296875,1301.68994140625,411100
2015-08-14,1265.5487060546875,1283.800048828125,1287.989990234375,1276.0,1283.280029296875,610000
2015-08-17,1287.985107421875,1306.56005859375,1308.0,1276.18994140625,1277.0999755859375,518700
2015-08-18,1273.46435546875,1291.8299560546875,1309.050048828125,1288.1300048828125,1291.0799560546875,426200
2015-08-19,1272.9912109375,1291.3499755859375,1305.0,1281.0,1284.3199462890625,471200
2015-08-20,1239.661865234375,1257.5400390625,1289.510009765625,1255.3699951171875,1288.199951171875,696200
2015-08-21,1199.619384765625,1216.9200439453125,1248.239990234375,1200.5899658203125,1245.9599609375,1211800
2015-08-24,1157.427734375,1174.1199951171875,1222.52001953125,1151.010009765625,1162.0,1153600
2015-08-25,1162.05126953125,1178.81005859375,1224.9599609375,1178.7900390625,1202.1099853515625,959600
2015-08-26,1206.0662841796875,1223.4599609375,1229.050048828125,1179.0,1210.6700439453125,838400
2015-08-27,1234.2103271484375,1252.010009765625,1253.969970703125,1233.4200439453125,1234.989990234375,788000
2015-08-28,1241.4854736328125,1259.3900146484375,1264.52001953125,1240.0699462890625,1244.22998046875,502800
2015-08-31,1230.888427734375,1248.6400146484375,1264.97998046875,1243.469970703125,1255.1700439453125,466700
2015-09-01,1198.08154296875,1215.3599853515625,1245.0,1207.0899658203125,1217.1500244140625,579300
2015-09-02,1225.200439453125,1242.8699951171875,1242.9200439453125,1216.050048828125,1232.43994140625,413100
2015-09-03,1222.7362060546875,1240.3699951171875,1260.25,1236.300048828125,1249.1400146484375,544500
2015-09-04,1227.546630859375,1245.25,1248.4000244140625,1222.1500244140625,1224.1700439453125,607900
2015-09-08,1262.197021484375,1280.4000244140625,1281.1300048828125,1266.4200439453125,1268.0,659900
2015-09-09,1258.5692138671875,1276.719970703125,1304.02001953125,1274.5,1293.0,497800
2015-09-10,1269.4326171875,1287.739990234375,1293.8699951171875,1275.0,1277.4100341796875,405900
2015-09-11,1272.0645751953125,1290.4100341796875,1290.6400146484375,1278.719970703125,1280.0999755859375,401600
2015-09-14,1268.535400390625,1286.8299560546875,1292.4200439453125,1276.1300048828125,1291.989990234375,411600
2015-09-15,1300.051025390625,1318.800048828125,1321.3199462890625,1280.8900146484375,1292.8399658203125,721000
2015-09-16,1301.707275390625,1320.47998046875,1327.9599609375,1312.760009765625,1321.9000244140625,478400
2015-09-17,1299.26220703125,1318.0,1338.510009765625,1313.8299560546875,1321.949951171875,482000
2015-09-18,1276.0670166015625,1294.469970703125,1312.489990234375,1292.699951171875,1301.72998046875,1213400
2015-09-21,1288.891845703125,1307.47998046875,1311.68994140625,1295.010009765625,1300.47998046875,581300
2015-09-22,1270.625244140625,1288.949951171875,1298.0,1278.3299560546875,1289.02001953125,515100
2015-09-23,1257.849609375,1275.989990234375,1297.0,1270.010009765625,1288.260009765625,394700
2015-09-24,1262.9166259765625,1281.1300048828125,1284.1199951171875,1256.1600341796875,1266.75,596500
2015-09-25,1234.949951171875,1252.760009765625,1298.489990234375,1252.0,1298.489990234375,744900
2015-09-28,1182.09228515625,1199.1400146484375,1244.9300537109375,1192.219970703125,1242.3399658203125,1147800
2015-09-29,1183.2552490234375,1200.3199462890625,1214.219970703125,1185.010009765625,1198.010009765625,586800
2015-09-30,1219.2760009765625,1236.8599853515625,1238.5999755859375,1211.8800048828125,1217.47998046875,794500
2015-10-01,1229.3504638671875,1247.0799560546875,1251.280029296875,1220.0,1235.530029296875,817500
2015-10-02,1247.6861572265625,1265.6800537109375,1266.68994140625,1223.22998046875,1229.4300537109375,757000
2015-10-05,1256.735595703125,1274.8599853515625,1287.5400390625,1271.5400390625,1274.0999755859375,572800
2015-10-06,1257.3172607421875,1275.449951171875,1286.2099609375,1264.52001953125,1271.010009765625,401700
2015-10-07,1273.218017578125,1291.5799560546875,1294.1800537109375,1271.010009765625,1285.06005859375,484900
2015-10-08,1285.7767333984375,1304.3199462890625,1311.4300537109375,1281.1400146484375,1287.0999755859375,432400
2015-10-09,1294.6192626953125,1313.2900390625,1316.5999755859375,1296.800048828125,1305.989990234375,419300
2015-10-12,1328.037353515625,1347.18994140625,1352.5,1315.5899658203125,1318.0,600900
2015-10-13,1325.8785400390625,1345.0,1352.949951171875,1333.8399658203125,1340.0,502700
2015-10-14,1292.440673828125,1311.0799560546875,1350.0,1308.5400390625,1349.969970703125,896100
2015-10-15,1308.42041015625,1327.2900390625,1333.239990234375,1304.969970703125,1319.6099853515625,601900
2015-10-16,1317.5682373046875,1336.5699462890625,1342.1300048828125,1326.010009765625,1334.4100341796875,529000
2015-10-19,1356.56591796875,1376.1300048828125,1379.5799560546875,1329.5999755859375,1334.18994140625,700400
2015-10-20,1352.997314453125,1372.510009765625,1382.5,1364.0799560546875,1371.8299560546875,471100
2015-10-21,1344.8941650390625,1364.2900390625,1393.6300048828125,1360.1800537109375,1378.68994140625,481600
2015-10-22,1335.2138671875,1354.469970703125,1382.0,1351.199951171875,1371.550048828125,679600
2015-10-23,1347.0628662109375,1366.489990234375,1374.0,1357.300048828125,1374.0,629600
2015-10-26,1396.1845703125,1416.3199462890625,1429.8599853515625,1374.489990234375,1375.0,863800
2015-10-27,1383.3299560546875,1403.280029296875,1424.6500244140625,1396.3699951171875,1412.3599853515625,479000
2015-10-28,1384.55224609375,1404.52001953125,1412.0,1393.969970703125,1412.0,533200
2015-10-29,1405.3819580078125,1425.6500244140625,1428.4200439453125,1402.6800537109375,1410.0,525700
2015-10-30,1433.5654296875,1454.239990234375,1466.0799560546875,1436.050048828125,1445.0,994300
2015-11-02,1446.3314208984375,1467.18994140625,1470.0,1454.5699462890625,1462.030029296875,498600
2015-11-03,1444.0738525390625,1464.9000244140625,1473.0400390625,1455.18994140625,1461.550048828125,414700
2015-11-04,1448.6678466796875,1469.56005859375,1473.989990234375,1462.75,1465.949951171875,507400
2015-11-05,1441.8460693359375,1462.6400146484375,1476.52001953125,1451.6700439453125,1475.0,548500
2015-11-06,1429.2872314453125,1449.9000244140625,1459.6400146484375,1430.0,1451.4000244140625,1177200
2015-11-09,1292.509765625,1311.1500244140625,1386.97998046875,1303.43994140625,1362.300048828125,2652400
2015-11-10,1304.7236328125,1323.5400390625,1327.8399658203125,1302.06005859375,1302.06005859375,927800
2015-11-11,1310.677490234375,1329.5799560546875,1335.0,1315.510009765625,1325.550048828125,597600
2015-11-12,1295.3292236328125,1314.010009765625,1336.260009765625,1312.989990234375,1321.0,561200
2015-11-13,1279.30029296875,1297.75,1319.300048828125,1294.6400146484375,1311.0,779900
2015-11-16,1248.859375,1266.8699951171875,1279.989990234375,1230.2099609375,1278.1400146484375,1708400
2015-11-17,1240.894287109375,1258.7900390625,1280.0,1250.0,1274.010009765625,899300
2015-11-18,1260.32373046875,1278.5,1287.3599853515625,1252.010009765625,1267.0999755859375,804500
2015-11-19,1266.38671875,1284.6500244140625,1299.780029296875,1282.1199951171875,1286.8299560546875,555200
2015-11-20,1263.310791015625,1281.530029296875,1296.0,1270.0,1294.4200439453125,626600
2015-11-23,1246.34521484375,1264.3199462890625,1292.760009765625,1256.0,1285.0,486100
2015-11-24,1222.5487060546875,1240.1800537109375,1246.5699462890625,1212.0,1244.300048828125,1390300
2015-11-25,1228.0394287109375,1245.75,1256.0,1242.9000244140625,1245.0,421000
2015-11-27,1227.290283203125,1244.989990234375,1250.56005859375,1235.6199951171875,1248.81005859375,278400
2015-11-30,1231.095458984375,1248.8499755859375,1266.68994140625,1244.1800537109375,1246.4100341796875,539300
2015-12-01,1264.26708984375,1282.5,1285.550048828125,1255.5,1258.800048828125,682100
2015-12-02,1257.3072509765625,1275.43994140625,1297.199951171875,1272.1199951171875,1286.739990234375,426000
2015-12-03,1261.88134765625,1280.0799560546875,1295.4200439453125,1271.1700439453125,1284.18994140625,666400
2015-12-04,1281.991455078125,1300.47998046875,1302.8699951171875,1283.8800048828125,1283.8800048828125,556300
2015-12-07,1283.90380859375,1302.4200439453125,1309.7900390625,1293.0799560546875,1300.31005859375,409800
2015-12-08,1285.4317626953125,1303.969970703125,1309.9300537109375,1281.1700439453125,1287.8499755859375,339000
2015-12-09,1276.5794677734375,1294.989990234375,1314.9599609375,1285.0899658203125,1301.489990234375,384000
2015-12-10,1287.9259033203125,1306.5,1307.280029296875,1286.68994140625,1300.0,461800
2015-12-11,1267.0567626953125,1285.3299560546875,1299.739990234375,1282.18994140625,1290.530029296875,535100
2015-12-14,1279.428466796875,1297.8800048828125,1301.8900146484375,1276.06005859375,1288.6400146484375,368200
2015-12-15,1304.9110107421875,1323.72998046875,1331.1800537109375,1301.9200439453125,1303.6500244140625,709200
2015-12-16,1313.368896484375,1332.31005859375,1337.2900390625,1315.0,1332.7900390625,413300
2015-12-17,1295.0628662109375,1313.739990234375,1341.989990234375,1312.68994140625,1341.989990234375,504600
2015-12-18,1267.3919677734375,1285.6700439453125,1312.969970703125,1283.739990234375,1306.1199951171875,882200
2015-12-21,1257.5736083984375,1275.7099609375,1299.56005859375,1264.1300048828125,1292.8800048828125,464500
2015-12-22,1259.3282470703125,1277.489990234375,1282.9000244140625,1266.0899658203125,1282.9000244140625,303000
2015-12-23,1260.8662109375,1279.050048828125,1284.949951171875,1267.219970703125,1284.0,268300
2015-12-24,1254.9710693359375,1273.0699462890625,1280.52001953125,1272.010009765625,1278.5,159300
2015-12-28,1254.862548828125,1272.9599609375,1274.739990234375,1253.199951171875,1266.989990234375,266400
2015-12-29,1283.8841552734375,1302.4000244140625,1304.0,1277.010009765625,1278.0,404800
2015-12-30,1270.832275390625,1289.1600341796875,1301.6700439453125,1288.0699462890625,1299.0,272900
2015-12-31,1256.8243408203125,1274.949951171875,1287.9000244140625,1271.510009765625,1285.5799560546875,337700
2016-01-04,1227.664794921875,1245.3699951171875,1258.8499755859375,1228.0,1256.0,767800
2016-01-05,1193.4779052734375,1210.68994140625,1247.469970703125,1201.0799560546875,1236.280029296875,894900
2016-01-06,1179.6966552734375,1196.7099609375,1212.280029296875,1185.0,1186.0,561300
2016-01-07,1150.59619140625,1167.18994140625,1194.489990234375,1154.280029296875,1171.969970703125,1092100
2016-01-08,1120.796142578125,1136.9599609375,1182.4100341796875,1135.0,1172.510009765625,1023000
2016-01-11,1120.125732421875,1136.280029296875,1147.97998046875,1120.010009765625,1136.0,635300
2016-01-12,1132.5860595703125,1148.9200439453125,1160.5,1133.0799560546875,1141.8299560546875,798400
2016-01-13,1083.2772216796875,1098.9000244140625,1156.97998046875,1076.3499755859375,1155.989990234375,1136600
2016-01-14,1105.4376220703125,1121.3800048828125,1136.7099609375,1065.0,1098.2099609375,1160300
2016-01-15,1071.2901611328125,1086.739990234375,1110.8299560546875,1075.1500244140625,1076.0,1076600
2016-01-19,1078.93994140625,1094.5,1117.0,1078.4200439453125,1099.4200439453125,679900
2016-01-20,1065.9569091796875,1081.3299560546875,1098.6199951171875,1039.260009765625,1075.0,1062500
2016-01-21,1073.656005859375,1089.1400146484375,1111.0,1067.06005859375,1084.3599853515625,543600
2016-01-22,1102.214111328125,1118.1099853515625,1126.5699462890625,1104.1400146484375,1111.8299560546875,735700
2016-01-25,1082.3211669921875,1097.9300537109375,1126.56005859375,1097.8800048828125,1117.4100341796875,428100
2016-01-26,1095.7376708984375,1111.5400390625,1124.699951171875,1070.0999755859375,1097.1099853515625,744800
2016-01-27,1028.8619384765625,1043.699951171875,1093.1300048828125,1038.1400146484375,1079.5799560546875,1174000
2016-01-28,1028.3001708984375,1043.1300048828125,1059.719970703125,1015.1500244140624,1058.7900390625,1127700
2016-01-29,1049.82958984375,1064.969970703125,1074.6600341796875,1030.27001953125,1045.4000244140625,873600
2016-02-01,1069.4466552734375,1084.8699951171875,1094.7900390625,1056.25,1063.0,613300
2016-02-02,1051.623779296875,1066.7900390625,1084.1500244140625,1056.5400390625,1070.0,679300
2016-02-03,1034.2445068359375,1049.1600341796875,1072.3399658203125,1020.4299926757812,1070.25,793500
2016-02-04,1053.9007568359375,1069.0999755859375,1073.6500244140625,1023.25,1044.7900390625,766700
2016-02-05,1001.1121215820312,1015.5499877929688,1064.050048828125,1010.6900024414062,1063.0999755859375,1036300
2016-02-08,959.9556884765624,973.7999877929688,1000.0,954.8300170898438,996.489990234375,1194000
2016-02-09,977.197021484375,991.2899780273438,1003.739990234375,954.02001953125,958.4299926757812,1043800
2016-02-10,1018.0874633789062,1032.77001953125,1047.989990234375,1002.2999877929688,1004.9199829101562,970500
2016-02-11,1040.238037109375,1055.239990234375,1063.6300048828125,1028.530029296875,1054.0,1036600
2016-02-12,1042.9686279296875,1058.010009765625,1078.8900146484375,1050.56005859375,1066.8800048828125,811600
2016-02-16,1094.8900146484375,1110.6800537109375,1115.8399658203125,1072.27001953125,1075.8900146484375,1119700
2016-02-17,1217.994384765625,1235.56005859375,1246.6099853515625,1220.1500244140625,1245.0,2382000
2016-02-18,1234.1513671875,1251.949951171875,1257.22998046875,1236.3800048828125,1245.0,1060100
2016-02-19,1265.4893798828125,1283.739990234375,1284.989990234375,1236.530029296875,1238.280029296875,1052500
2016-02-22,1270.1029052734375,1288.4200439453125,1291.43994140625,1268.0,1286.56005859375,827100
2016-02-23,1243.9500732421875,1261.8900146484375,1288.4000244140625,1258.7099609375,1278.300048828125,617800
2016-02-24,1246.2371826171875,1264.2099609375,1264.8499755859375,1222.7099609375,1248.0999755859375,774200
2016-02-25,1245.4486083984375,1263.4100341796875,1271.97998046875,1247.0400390625,1263.25,729000
2016-02-26,1236.4383544921875,1254.27001953125,1273.3399658203125,1244.4000244140625,1268.75,614500
2016-02-29,1247.2227783203125,1265.2099609375,1282.6400146484375,1248.489990234375,1250.300048828125,728200
2016-03-01,1277.49609375,1295.9200439453125,1296.5699462890625,1277.9599609375,1283.5899658203125,570600
2016-03-02,1282.8687744140625,1301.3699951171875,1301.6300048828125,1281.550048828125,1297.3599853515625,469300
2016-03-03,1284.5150146484375,1303.0400390625,1305.8399658203125,1288.6500244140625,1296.6800537109375,446800
2016-03-04,1279.2607421875,1297.7099609375,1308.9599609375,1286.06005859375,1306.530029296875,601200
2016-03-07,1273.0701904296875,1291.4300537109375,1296.2900390625,1281.4000244140625,1281.4000244140625,504500
2016-03-08,1264.533203125,1282.77001953125,1298.93994140625,1280.5899658203125,1284.0,420400
2016-03-09,1273.5235595703125,1291.8900146484375,1291.9000244140625,1263.4200439453125,1280.0,443000
2016-03-10,1275.376708984375,1293.77001953125,1306.0,1274.5,1295.81005859375,431100
2016-03-11,1308.0062255859375,1326.8699951171875,1328.0999755859375,1300.5999755859375,1307.4000244140625,649000
2016-03-14,1306.88232421875,1325.72998046875,1341.300048828125,1317.5899658203125,1320.219970703125,490200
2016-03-15,1313.191650390625,1332.1300048828125,1339.0,1315.1500244140625,1315.1500244140625,383000
2016-03-16,1331.783447265625,1350.989990234375,1357.9000244140625,1325.0,1328.199951171875,536200
2016-03-17,1327.712158203125,1346.8599853515625,1356.3299560546875,1337.1099853515625,1341.699951171875,389400
2016-03-18,1325.1094970703125,1344.219970703125,1361.6300048828125,1338.300048828125,1353.0,472700
2016-03-21,1331.31005859375,1350.510009765625,1351.0,1333.3599853515625,1340.949951171875,256200
2016-03-22,1300.65234375,1319.4100341796875,1328.1500244140625,1306.0,1311.0,840100
2016-03-23,1287.5413818359375,1306.1099853515625,1323.8399658203125,1300.0,1322.9100341796875,447900
2016-03-24,1282.69140625,1301.18994140625,1304.43994140625,1291.6300048828125,1300.0,383700
2016-03-28,1268.7325439453125,1287.030029296875,1304.7099609375,1271.010009765625,1301.3499755859375,453800
2016-03-29,1289.296142578125,1307.8900146484375,1313.9000244140625,1281.199951171875,1281.199951171875,427700
2016-03-30,1298.30615234375,1317.030029296875,1323.0899658203125,1311.0400390625,1316.9000244140625,376400
2016-03-31,1270.6351318359375,1288.9599609375,1314.989990234375,1288.3299560546875,1312.31005859375,488200
2016-04-01,1281.22265625,1299.699951171875,1301.719970703125,1273.0,1278.0,567300
2016-04-04,1263.5374755859375,1281.760009765625,1298.199951171875,1276.2900390625,1297.550048828125,357100
2016-04-05,1260.8955078125,1279.0799560546875,1287.8599853515625,1265.56005859375,1270.0,373200
2016-04-06,1274.6275634765625,1293.010009765625,1294.8800048828125,1273.2099609375,1280.219970703125,280400
2016-04-07,1258.352294921875,1276.5,1292.3299560546875,1271.449951171875,1291.469970703125,389200
2016-04-08,1256.03564453125,1274.1500244140625,1283.550048828125,1271.31005859375,1282.780029296875,300400
2016-04-11,1246.651123046875,1264.6300048828125,1288.3900146484375,1263.2099609375,1281.949951171875,293800
2016-04-12,1281.7943115234375,1300.280029296875,1304.5799560546875,1255.1099853515625,1268.550048828125,449400
2016-04-13,1299.025634765625,1317.760009765625,1329.93994140625,1300.5,1310.3499755859375,605300
2016-04-14,1317.390869140625,1336.3900146484375,1340.0,1319.0,1323.0,519800
2016-04-15,1312.96484375,1331.9000244140625,1335.1099853515625,1320.760009765625,1333.6700439453125,479500
2016-04-18,1334.1295166015625,1353.3699951171875,1369.030029296875,1328.8900146484375,1328.8900146484375,638900
2016-04-19,1326.6474609375,1345.780029296875,1360.0,1333.2900390625,1359.8800048828125,434700
2016-04-20,1330.807373046875,1350.0,1364.3299560546875,1338.3299560546875,1346.5999755859375,416400
2016-04-21,1320.949462890625,1340.0,1357.4300537109375,1337.0,1343.31005859375,269600
2016-04-22,1319.4708251953125,1338.5,1349.5699462890625,1331.0,1331.0,527000
2016-04-25,1316.2867431640625,1335.27001953125,1341.0,1323.449951171875,1332.0,393400
2016-04-26,1314.9854736328125,1333.949951171875,1336.8299560546875,1321.489990234375,1334.0,320000
2016-04-27,1334.4942626953125,1353.739990234375,1357.0,1327.0,1331.75,395500
2016-04-28,1298.8582763671875,1317.5899658203125,1355.9100341796875,1310.1500244140625,1330.0,743400
2016-04-29,1324.5577392578125,1343.6600341796875,1368.4599609375,1332.4100341796875,1332.4100341796875,1018000
2016-05-02,1337.402099609375,1356.68994140625,1358.780029296875,1325.0,1349.0,508100
2016-05-03,1335.381591796875,1354.6400146484375,1358.5400390625,1335.0799560546875,1346.219970703125,861500
2016-05-04,1235.22607421875,1253.0400390625,1266.0,1205.25,1258.0,2884800
2016-05-05,1223.209228515625,1240.8499755859375,1263.9200439453125,1239.02001953125,1253.8800048828125,816900
2016-05-06,1232.32763671875,1250.0999755859375,1253.0,1231.010009765625,1231.010009765625,572500
2016-05-09,1227.2215576171875,1244.9200439453125,1253.0,1231.1199951171875,1250.0999755859375,425400
2016-05-10,1250.2391357421875,1268.27001953125,1274.550048828125,1250.510009765625,1252.75,539800
2016-05-11,1249.2928466796875,1267.31005859375,1274.1400146484375,1260.0,1266.6800537109375,497700
2016-05-12,1264.0206298828125,1282.25,1290.199951171875,1270.219970703125,1273.489990234375,706500
2016-05-13,1260.4619140625,1278.6400146484375,1289.0,1271.010009765625,1274.0,482900
2016-05-16,1265.22314453125,1283.469970703125,1289.449951171875,1269.06005859375,1281.949951171875,432400
2016-05-17,1259.8507080078125,1278.02001953125,1295.949951171875,1274.1600341796875,1284.8900146484375,456600
2016-05-18,1249.2535400390625,1267.27001953125,1288.0,1255.3800048828125,1271.2099609375,378500
2016-05-19,1232.53466796875,1250.31005859375,1258.9000244140625,1233.8900146484375,1250.780029296875,548800
2016-05-20,1231.5291748046875,1249.2900390625,1258.8299560546875,1245.6800537109375,1254.2099609375,445700
2016-05-23,1219.89697265625,1237.489990234375,1253.9200439453125,1234.719970703125,1246.3499755859375,399700
2016-05-24,1238.7647705078125,1256.6300048828125,1262.6600341796875,1236.949951171875,1237.8599853515625,391900
2016-05-25,1252.122314453125,1270.1800537109375,1277.22998046875,1251.0,1258.510009765625,344800
2016-05-26,1250.9786376953125,1269.02001953125,1279.989990234375,1261.5699462890625,1270.9300537109375,330500
2016-05-27,1254.902099609375,1273.0,1273.5999755859375,1262.5,1267.02001953125,307100
2016-05-31,1246.355224609375,1264.3299560546875,1286.3499755859375,1255.0,1278.449951171875,784200
2016-06-01,1259.8310546875,1278.0,1282.5699462890625,1249.510009765625,1259.06005859375,755300
2016-06-02,1271.6605224609375,1290.0,1290.3499755859375,1272.1700439453125,1279.4000244140625,447000
2016-06-03,1283.2039794921875,1301.7099609375,1303.77001953125,1276.050048828125,1280.7900390625,596700
2016-06-06,1329.9202880859375,1349.0999755859375,1351.739990234375,1299.0799560546875,1302.52001953125,842600
2016-06-07,1340.665283203125,1360.0,1373.97998046875,1345.010009765625,1348.010009765625,865000
2016-06-08,1335.568603515625,1354.8299560546875,1368.9000244140625,1352.010009765625,1360.0,494500
2016-06-09,1321.0185546875,1340.0699462890625,1351.31005859375,1336.31005859375,1347.02001953125,450000
2016-06-10,1300.1495361328125,1318.9000244140625,1331.3599853515625,1315.4000244140625,1327.6099853515625,479600
2016-06-13,1296.768310546875,1315.469970703125,1337.9599609375,1312.68994140625,1313.5,414900
2016-06-14,1285.559814453125,1304.0999755859375,1321.0,1291.02001953125,1310.9100341796875,527000
2016-06-15,1286.8612060546875,1305.4200439453125,1319.0,1302.27001953125,1306.0999755859375,490900
2016-06-16,1305.068603515625,1323.8900146484375,1335.0,1303.3900146484375,1304.0,629100
2016-06-17,1290.626953125,1309.239990234375,1324.199951171875,1304.010009765625,1324.199951171875,535600
2016-06-20,1322.881591796875,1341.9599609375,1359.9000244140625,1322.300048828125,1323.6400146484375,722900
2016-06-21,1323.9561767578125,1343.050048828125,1351.0,1329.2900390625,1344.3499755859375,453400
2016-06-22,1340.7637939453125,1360.0999755859375,1374.5,1352.3299560546875,1373.25,685500
2016-06-23,1370.4359130859375,1390.199951171875,1394.0,1371.0,1374.0,679200
2016-06-24,1214.623046875,1232.1400146484375,1313.77001953125,1217.3299560546875,1293.780029296875,3179200
2016-06-27,1169.188232421875,1186.050048828125,1233.9100341796875,1148.06005859375,1220.1199951171875,1758600
2016-06-28,1187.1295166015625,1204.25,1235.699951171875,1188.8499755859375,1217.97998046875,1206000
2016-06-29,1221.789794921875,1239.4100341796875,1248.9599609375,1216.0,1220.0,778500
2016-06-30,1230.6617431640625,1248.4100341796875,1275.5699462890625,1240.010009765625,1271.25,921500
2016-07-01,1249.3519287109375,1267.3699951171875,1275.699951171875,1245.510009765625,1249.010009765625,644100
2016-07-05,1256.9033203125,1275.030029296875,1275.050048828125,1246.2099609375,1259.56005859375,568800
2016-07-06,1273.6712646484375,1292.0400390625,1294.4300537109375,1260.0,1269.8599853515625,561800
2016-07-07,1278.817138671875,1297.260009765625,1305.93994140625,1289.6400146484375,1289.6400146484375,494900
2016-07-08,1310.559326171875,1329.4599609375,1330.6199951171875,1304.219970703125,1306.93994140625,712700
2016-07-11,1331.8228759765625,1351.030029296875,1360.989990234375,1341.489990234375,1342.9000244140625,648200
2016-07-12,1326.3023681640625,1345.4300537109375,1366.989990234375,1334.010009765625,1362.0,489500
2016-07-13,1319.618896484375,1338.6500244140625,1359.7099609375,1337.8900146484375,1342.3800048828125,351400
2016-07-14,1327.0416259765625,1346.1800537109375,1351.0,1340.25,1345.260009765625,290200
2016-07-15,1311.6536865234375,1330.5699462890625,1334.0,1322.5899658203125,1327.8900146484375,562000
2016-07-18,1322.290283203125,1341.3599853515625,1349.4300537109375,1328.0999755859375,1332.5,300100
2016-07-19,1308.1343994140625,1327.0,1338.5899658203125,1325.0,1332.0,381600
2016-07-20,1333.5972900390625,1352.8299560546875,1362.989990234375,1323.6800537109375,1330.1099853515625,649700
2016-07-21,1313.5562744140625,1332.5,1350.800048828125,1325.8199462890625,1349.010009765625,523100
2016-07-22,1308.52880859375,1327.4000244140625,1336.699951171875,1323.0699462890625,1336.22998046875,405700
2016-07-25,1302.880126953125,1321.6700439453125,1330.72998046875,1305.0899658203125,1330.449951171875,592700
2016-07-26,1305.6995849609375,1324.530029296875,1331.3199462890625,1316.030029296875,1322.75,456100
2016-07-27,1305.6502685546875,1324.47998046875,1340.0,1315.4599609375,1319.4000244140625,481500
2016-07-28,1307.2470703125,1326.0999755859375,1329.8699951171875,1310.0,1310.0,500500
2016-07-29,1331.6058349609375,1350.81005859375,1353.989990234375,1313.4200439453125,1314.989990234375,1413600
2016-08-01,1336.801025390625,1356.0799560546875,1363.5899658203125,1342.4000244140625,1353.72998046875,547900
2016-08-02,1326.2530517578125,1345.3800048828125,1363.0,1325.719970703125,1353.31005859375,597400
2016-08-03,1351.646728515625,1371.1400146484375,1376.6800537109375,1336.030029296875,1341.5999755859375,861800
2016-08-04,1340.6553955078125,1359.989990234375,1363.6800537109375,1344.3199462890625,1358.4000244140625,1321600
2016-08-05,1394.1142578125,1414.219970703125,1435.0,1406.989990234375,1435.0,1456600
2016-08-08,1385.025634765625,1405.0,1418.5799560546875,1402.02001953125,1415.5400390625,637000
2016-08-09,1387.0068359375,1407.010009765625,1409.4000244140625,1398.25,1404.510009765625,428100
2016-08-10,1386.287353515625,1406.280029296875,1412.0,1401.050048828125,1411.0,268000
2016-08-11,1386.9183349609375,1406.9200439453125,1416.4300537109375,1405.3699951171875,1408.75,301200
2016-08-12,1387.963134765625,1407.97998046875,1408.3399658203125,1400.949951171875,1400.949951171875,281200
2016-08-15,1379.2684326171875,1399.1600341796875,1412.0999755859375,1396.75,1408.0,428800
2016-08-16,1388.633544921875,1408.6600341796875,1410.3699951171875,1392.43994140625,1397.949951171875,365500
2016-08-17,1406.9097900390625,1427.199951171875,1429.27001953125,1404.030029296875,1408.6600341796875,479700
2016-08-18,1422.5540771484375,1443.0699462890625,1449.9000244140625,1437.5,1440.0,523500
2016-08-19,1411.6416015625,1432.0,1443.0699462890625,1428.0799560546875,1438.0,476800
2016-08-22,1403.7454833984375,1423.989990234375,1434.449951171875,1421.0,1434.43994140625,405700
2016-08-23,1402.2471923828125,1422.469970703125,1433.0,1419.5,1425.3199462890625,306200
2016-08-24,1390.1318359375,1410.1800537109375,1429.530029296875,1404.010009765625,1419.2099609375,369200
2016-08-25,1395.4256591796875,1415.550048828125,1418.5999755859375,1404.1300048828125,1404.1300048828125,309300
2016-08-26,1399.6053466796875,1419.7900390625,1429.68994140625,1410.5,1415.550048828125,412000
2016-08-29,1404.928466796875,1425.18994140625,1433.969970703125,1419.760009765625,1423.0,316600
2016-08-30,1396.4114990234375,1416.550048828125,1430.510009765625,1412.0,1422.68994140625,199000
2016-08-31,1396.5887451171875,1416.72998046875,1418.4100341796875,1408.0,1414.1500244140625,167200
2016-09-01,1398.42236328125,1418.5899658203125,1424.3699951171875,1408.530029296875,1422.5,307100
2016-09-02,1402.6219482421875,1422.8499755859375,1429.97998046875,1415.760009765625,1427.0,263600
2016-09-06,1416.5311279296875,1436.9599609375,1436.9599609375,1416.25,1421.9200439453125,386800
2016-09-07,1423.48095703125,1444.010009765625,1447.3199462890625,1429.8299560546875,1434.75,302200
2016-09-08,1425.2747802734375,1445.8299560546875,1454.1099853515625,1441.9300537109375,1443.3299560546875,350500
2016-09-09,1393.7991943359375,1413.9000244140625,1443.0,1413.22998046875,1432.6600341796875,496100
2016-09-12,1415.7916259765625,1436.2099609375,1443.1300048828125,1402.6700439453125,1402.6700439453125,504600
2016-09-13,1395.81982421875,1415.949951171875,1439.989990234375,1405.530029296875,1426.0,523700
2016-09-14,1409.0587158203125,1429.3800048828125,1431.199951171875,1416.010009765625,1418.699951171875,393200
2016-09-15,1436.5030517578125,1457.219970703125,1458.9100341796875,1426.1600341796875,1431.97998046875,733800
2016-09-16,1439.292724609375,1460.050048828125,1462.9100341796875,1442.219970703125,1453.31005859375,740400
2016-09-19,1427.4732666015625,1448.06005859375,1473.1700439453125,1446.550048828125,1469.0,503000
2016-09-20,1428.400146484375,1449.0,1459.530029296875,1440.0,1457.8900146484375,289700
2016-09-21,1443.1866455078125,1464.0,1464.68994140625,1442.510009765625,1452.6400146484375,412500
2016-09-22,1445.030029296875,1465.8699951171875,1469.9300537109375,1458.0,1464.8499755859375,337200
2016-09-23,1436.0498046875,1456.760009765625,1465.0,1452.4100341796875,1465.0,321200
2016-09-26,1426.576416015625,1447.1500244140625,1453.77001953125,1440.22998046875,1452.6199951171875,327600
2016-09-27,1432.8260498046875,1453.489990234375,1460.52001953125,1441.219970703125,1446.6500244140625,471900
2016-09-28,1437.3016357421875,1458.030029296875,1461.56005859375,1449.25,1459.47998046875,394700
2016-09-29,1452.0391845703125,1472.97998046875,1481.780029296875,1455.31005859375,1459.010009765625,652500
2016-09-30,1450.5703125,1471.489990234375,1480.68994140625,1463.9200439453125,1478.0699462890625,436500
2016-10-03,1465.5836181640625,1486.719970703125,1490.4300537109375,1459.4200439453125,1463.8299560546875,514100
2016-10-04,1467.8509521484375,1489.02001953125,1498.8299560546875,1483.02001953125,1494.3499755859375,386300
2016-10-05,1476.2891845703125,1497.5799560546875,1501.7900390625,1490.0,1493.56005859375,399000
2016-10-06,1469.250732421875,1490.43994140625,1497.260009765625,1485.280029296875,1492.72998046875,361800
2016-10-07,1458.7818603515625,1479.8199462890625,1498.739990234375,1478.010009765625,1498.739990234375,414200
2016-10-10,1454.2078857421875,1475.1800537109375,1486.5899658203125,1470.239990234375,1481.0,441800
2016-10-11,1438.277587890625,1459.02001953125,1475.52001953125,1455.010009765625,1470.0,418200
2016-10-12,1434.1568603515625,1454.8399658203125,1469.300048828125,1452.81005859375,1458.0,287900
2016-10-13,1422.0120849609375,1442.52001953125,1449.1600341796875,1429.5799560546875,1445.800048828125,483600
2016-10-14,1419.1038818359375,1439.5699462890625,1456.3499755859375,1435.050048828125,1450.0,328600
2016-10-17,1417.2113037109375,1437.6500244140625,1443.3599853515625,1429.5999755859375,1436.6300048828125,263700
2016-10-18,1434.2850341796875,1454.969970703125,1459.9000244140625,1446.510009765625,1450.6300048828125,326100
2016-10-19,1448.31298828125,1469.199951171875,1474.699951171875,1455.2099609375,1457.3499755859375,344600
2016-10-20,1447.4158935546875,1468.2900390625,1473.989990234375,1461.010009765625,1473.9300537109375,300400
2016-10-21,1446.528564453125,1467.3900146484375,1468.0,1455.5,1460.77001953125,379700
2016-10-24,1450.875732421875,1471.800048828125,1479.8299560546875,1465.47998046875,1478.2099609375,274600
2016-10-25,1458.0029296875,1479.030029296875,1481.8499755859375,1465.8699951171875,1466.239990234375,365700
2016-10-26,1448.2733154296875,1469.1600341796875,1477.550048828125,1465.47998046875,1475.0,416700
2016-10-27,1442.220703125,1463.02001953125,1480.0,1461.0799560546875,1475.0999755859375,358800
2016-10-28,1453.8526611328125,1474.8199462890625,1483.0,1460.0,1465.0799560546875,600900
2016-10-31,1453.2711181640625,1474.22998046875,1479.6099853515625,1472.280029296875,1478.300048828125,284200
2016-11-01,1446.14404296875,1467.0,1480.010009765625,1453.9300537109375,1474.22998046875,562900
2016-11-02,1424.7822265625,1445.3299560546875,1469.550048828125,1441.7900390625,1468.47998046875,539800
2016-11-03,1417.6549072265625,1438.0999755859375,1456.52001953125,1435.4100341796875,1449.3499755859375,367700
2016-11-04,1404.031494140625,1424.280029296875,1442.1400146484375,1422.18994140625,1429.050048828125,435300
2016-11-07,1459.2843017578125,1480.3299560546875,1485.199951171875,1435.7900390625,1437.449951171875,1395500
2016-11-08,1555.694091796875,1578.1300048828125,1589.2099609375,1540.0,1540.0,1561000
2016-11-09,1547.93603515625,1570.260009765625,1575.0,1546.5799560546875,1565.0,912500
2016-11-10,1532.2225341796875,1554.3199462890625,1600.9300537109375,1520.300048828125,1584.43994140625,1101600
2016-11-11,1518.7470703125,1540.6500244140625,1557.699951171875,1530.8699951171875,1548.0999755859375,643000
2016-11-14,1468.0087890625,1489.1800537109375,1541.9300537109375,1482.22998046875,1540.4599609375,801600
2016-11-15,1476.1612548828125,1497.449951171875,1507.77001953125,1485.5999755859375,1499.969970703125,669100
2016-11-16,1481.85888671875,1503.22998046875,1517.0,1488.22998046875,1492.3900146484375,366800
2016-11-17,1491.3916015625,1512.9000244140625,1530.949951171875,1500.18994140625,1502.5400390625,413500
2016-11-18,1485.92041015625,1507.3499755859375,1529.0,1504.530029296875,1512.280029296875,426300
2016-11-21,1502.5111083984375,1524.1800537109375,1531.030029296875,1507.199951171875,1512.0,295800
2016-11-22,1513.5911865234375,1535.4200439453125,1535.9000244140625,1525.6400146484375,1530.25,320100
2016-11-23,1499.3665771484375,1520.989990234375,1533.56005859375,1510.8900146484375,1530.9200439453125,319000
2016-11-25,1500.046630859375,1521.6800537109375,1527.989990234375,1511.4000244140625,1523.1199951171875,173700
2016-11-28,1503.388427734375,1525.0699462890625,1536.0,1513.1099853515625,1517.300048828125,348900
2016-11-29,1498.65673828125,1520.27001953125,1532.9000244140625,1515.0,1528.6500244140625,327100
2016-11-30,1482.3026123046875,1503.6800537109375,1528.5799560546875,1500.2099609375,1523.25,375600
2016-12-01,1458.624267578125,1479.6600341796875,1504.1199951171875,1468.969970703125,1501.68994140625,572600
2016-12-02,1452.05859375,1473.0,1488.800048828125,1466.97998046875,1481.47998046875,336100
2016-12-05,1478.438232421875,1499.760009765625,1502.8699951171875,1475.22998046875,1476.18994140625,349300
2016-12-06,1483.42626953125,1504.8199462890625,1508.0899658203125,1493.989990234375,1506.9599609375,254900
2016-12-07,1505.330322265625,1527.0400390625,1527.800048828125,1501.8699951171875,1504.68994140625,389900
2016-12-08,1526.6529541015625,1548.6700439453125,1551.77001953125,1522.760009765625,1535.3599853515625,505900
2016-12-09,1535.83056640625,1557.97998046875,1559.1800537109375,1549.93994140625,1555.5,333900
2016-12-12,1514.9320068359375,1536.780029296875,1566.6300048828125,1528.5699462890625,1560.550048828125,396400
2016-12-13,1518.2147216796875,1540.1099853515625,1560.0,1538.260009765625,1545.18994140625,388000
2016-12-14,1506.720458984375,1528.449951171875,1549.1300048828125,1525.719970703125,1542.739990234375,307600
2016-12-15,1479.857666015625,1501.199951171875,1523.0,1500.5699462890625,1520.0,584200
2016-12-16,1463.1783447265625,1484.280029296875,1507.969970703125,1473.1300048828125,1507.5,714500
2016-12-19,1467.66357421875,1488.8299560546875,1501.469970703125,1477.989990234375,1484.27001953125,390100
2016-12-20,1480.8929443359375,1502.25,1503.9599609375,1483.97998046875,1488.06005859375,306500
2016-12-21,1484.3529052734375,1505.760009765625,1512.7099609375,1495.0,1498.1099853515625,290700
2016-12-22,1460.2801513671875,1481.3399658203125,1503.1800537109375,1475.4200439453125,1501.4000244140625,406400
2016-12-23,1465.071044921875,1486.199951171875,1490.0799560546875,1470.3399658203125,1477.5400390625,275600
2016-12-27,1472.1884765625,1493.4200439453125,1503.3900146484375,1486.4300537109375,1490.010009765625,193900
2016-12-28,1459.41259765625,1480.4599609375,1496.050048828125,1476.47998046875,1494.72998046875,248700
2016-12-29,1459.1170654296875,1480.1600341796875,1487.4300537109375,1473.3499755859375,1477.2099609375,200900
2016-12-30,1445.2174072265625,1466.06005859375,1483.489990234375,1462.3399658203125,1483.489990234375,407400
2017-01-03,1456.563720703125,1477.5699462890625,1487.3599853515625,1459.489990234375,1476.9100341796875,458500
2017-01-04,1466.145751953125,1487.2900390625,1493.6500244140625,1480.75,1484.6400146484375,387700
2017-01-05,1482.3221435546875,1503.699951171875,1504.93994140625,1489.8900146484375,1489.8900146484375,447500
2017-01-06,1498.95263671875,1520.5699462890625,1526.469970703125,1501.2099609375,1501.5400390625,473400
2017-01-09,1507.8936767578125,1529.6400146484375,1538.77001953125,1518.0,1518.0,397500
2017-01-10,1513.4239501953125,1535.25,1544.56005859375,1529.5,1534.9599609375,325100
2017-01-11,1514.2716064453125,1536.1099853515625,1546.6700439453125,1527.02001953125,1532.2099609375,404600
2017-01-12,1516.71630859375,1538.5899658203125,1539.9300537109375,1516.0,1531.56005859375,314900
2017-01-13,1523.843505859375,1545.8199462890625,1548.949951171875,1531.260009765625,1535.75,326200
2017-01-17,1518.234375,1540.1300048828125,1546.989990234375,1534.010009765625,1544.0,330200
2017-01-18,1519.939697265625,1541.8599853515625,1547.25,1529.2099609375,1545.219970703125,246000
2017-01-19,1517.1402587890625,1539.02001953125,1549.0,1532.719970703125,1541.4000244140625,279200
2017-01-20,1523.0450439453125,1545.010009765625,1547.56005859375,1528.010009765625,1547.56005859375,596500
2017-01-23,1532.883056640625,1554.989990234375,1555.72998046875,1534.6300048828125,1541.469970703125,430300
2017-01-24,1541.1046142578125,1563.3299560546875,1566.06005859375,1552.1300048828125,1558.3800048828125,360300
2017-01-25,1556.37451171875,1578.8199462890625,1581.469970703125,1565.260009765625,1569.0,308000
2017-01-26,1558.9571533203125,1581.43994140625,1587.510009765625,1575.449951171875,1576.56005859375,294200
2017-01-27,1580.1317138671875,1602.9200439453125,1605.469970703125,1577.6700439453125,1581.0,428000
2017-01-30,1579.530517578125,1602.31005859375,1603.5799560546875,1571.0,1598.6500244140625,469200
2017-01-31,1552.7369384765625,1575.1300048828125,1599.4100341796875,1569.030029296875,1599.0,517600
2017-02-01,1552.914306640625,1575.31005859375,1586.5899658203125,1562.8599853515625,1584.0899658203125,330700
2017-02-02,1551.7115478515625,1574.0899658203125,1585.449951171875,1567.0,1570.030029296875,444500
2017-02-03,1560.8695068359375,1583.3800048828125,1587.989990234375,1572.81005859375,1576.489990234375,317500
2017-02-06,1564.6156005859375,1587.1800537109375,1588.8699951171875,1571.3199462890625,1581.3399658203125,210200
2017-02-07,1575.9715576171875,1598.699951171875,1598.9300537109375,1588.0,1590.0,295400
2017-02-08,1578.42626953125,1601.18994140625,1604.300048828125,1589.0,1595.1800537109375,373600
2017-02-09,1588.9149169921875,1611.8299560546875,1616.0799560546875,1598.050048828125,1602.8399658203125,414300
2017-02-10,1623.10205078125,1646.510009765625,1649.6500244140625,1614.02001953125,1617.469970703125,843800
2017-02-13,1622.776611328125,1646.1800537109375,1652.0,1640.0,1652.0,413500
2017-02-14,1614.01318359375,1637.2900390625,1646.31005859375,1630.3399658203125,1646.1800537109375,391000
2017-02-15,1625.5172119140625,1648.9599609375,1651.27001953125,1628.0,1631.300048828125,280600
2017-02-16,1625.4383544921875,1648.8800048828125,1658.969970703125,1642.5,1647.449951171875,301600
2017-02-17,1614.12158203125,1637.4000244140625,1648.780029296875,1634.06005859375,1648.780029296875,414000
2017-02-21,1623.5849609375,1647.0,1657.239990234375,1637.4200439453125,1642.97998046875,460300
2017-02-22,1628.2576904296875,1651.739990234375,1653.4599609375,1639.0,1641.52001953125,278400
2017-02-23,1613.983642578125,1637.260009765625,1664.989990234375,1633.4000244140625,1661.9000244140625,412300
2017-02-24,1608.423828125,1631.6199951171875,1640.6800537109375,1622.02001953125,1627.550048828125,562400
2017-02-27,1608.8082275390625,1632.010009765625,1635.3199462890625,1612.4100341796875,1631.1099853515625,813000
2017-02-28,1699.618408203125,1724.1300048828125,1748.3900146484375,1698.0999755859375,1703.8900146484375,1739800
2017-03-01,1708.5399169921875,1733.1800537109375,1742.02001953125,1726.22998046875,1741.0,623700
2017-03-02,1709.712890625,1734.3699951171875,1747.260009765625,1730.800048828125,1737.52001953125,503300
2017-03-03,1710.4326171875,1735.0999755859375,1742.0,1729.4100341796875,1731.0,291700
2017-03-06,1705.612060546875,1730.2099609375,1736.8499755859375,1727.0,1730.0,353800
2017-03-07,1711.7730712890625,1736.4599609375,1737.6199951171875,1720.0,1720.0,282600
2017-03-08,1718.7032470703125,1743.489990234375,1749.6400146484375,1731.6700439453125,1735.199951171875,421100
2017-03-09,1724.548828125,1749.4200439453125,1756.3199462890625,1738.1500244140625,1738.1500244140625,419500
2017-03-10,1729.3004150390625,1754.239990234375,1759.1700439453125,1750.81005859375,1757.1400146484375,330700
2017-03-13,1741.9971923828125,1767.1199951171875,1772.489990234375,1754.93994140625,1757.0,327900
2017-03-14,1743.8507080078125,1769.0,1769.8599853515625,1756.239990234375,1767.9300537109375,320900
2017-03-15,1742.844970703125,1767.97998046875,1773.3800048828125,1759.780029296875,1772.780029296875,353200
2017-03-16,1748.759765625,1773.97998046875,1775.0,1768.93994140625,1771.0,302200
2017-03-17,1747.428955078125,1772.6300048828125,1774.72998046875,1766.780029296875,1774.72998046875,414600
2017-03-20,1740.3411865234375,1765.43994140625,1776.68994140625,1762.5699462890625,1773.5,262400
2017-03-21,1722.30126953125,1747.1400146484375,1772.0,1744.0799560546875,1772.0,432800
2017-03-22,1727.08251953125,1751.989990234375,1754.9000244140625,1739.0,1747.1400146484375,277800
2017-03-23,1723.4744873046875,1748.3299560546875,1758.800048828125,1747.6700439453125,1752.949951171875,220900
2017-03-24,1728.1865234375,1753.1099853515625,1757.489990234375,1748.18994140625,1753.5999755859375,300400
2017-03-27,1746.8079833984375,1772.0,1774.3399658203125,1733.0,1736.0,400400
2017-03-28,1763.024169921875,1788.449951171875,1798.75,1766.510009765625,1767.6500244140625,454900
2017-03-29,1759.6724853515625,1785.050048828125,1797.4599609375,1783.300048828125,1789.8299560546875,287800
2017-03-30,1763.7635498046875,1789.199951171875,1795.56005859375,1779.6400146484375,1788.47998046875,277400
2017-03-31,1754.664794921875,1779.969970703125,1790.780029296875,1778.780029296875,1784.739990234375,420500
2017-04-03,1748.769775390625,1773.989990234375,1785.0,1766.010009765625,1776.260009765625,359800
2017-04-04,1742.253662109375,1767.3800048828125,1774.5,1761.4100341796875,1772.989990234375,258300
2017-04-05,1736.723388671875,1761.77001953125,1787.5699462890625,1758.75,1770.6600341796875,324100
2017-04-06,1748.3062744140625,1773.52001953125,1774.93994140625,1755.3699951171875,1764.75,326800
2017-04-07,1744.402587890625,1769.56005859375,1773.989990234375,1761.260009765625,1773.93994140625,289700
2017-04-10,1750.7215576171875,1775.969970703125,1782.1199951171875,1767.199951171875,1770.0,262000
2017-04-11,1743.259033203125,1768.4000244140625,1780.550048828125,1756.5999755859375,1770.010009765625,352900
2017-04-12,1725.130615234375,1750.010009765625,1774.9000244140625,1750.010009765625,1774.5799560546875,426800
2017-04-13,1714.05029296875,1738.77001953125,1757.1800537109375,1738.3399658203125,1754.6300048828125,418300
2017-04-17,1745.437744140625,1770.6099853515625,1772.8499755859375,1739.699951171875,1743.0,425000
2017-04-18,1738.2415771484375,1763.31005859375,1770.989990234375,1755.3900146484375,1768.5899658203125,287000
2017-04-19,1738.133056640625,1763.199951171875,1771.239990234375,1757.4100341796875,1766.9000244140625,291100
2017-04-20,1735.7672119140625,1760.800048828125,1771.8599853515625,1760.239990234375,1764.27001953125,346600
2017-04-21,1727.10205078125,1752.010009765625,1765.969970703125,1746.3699951171875,1759.9000244140625,459500
2017-04-24,1773.049560546875,1798.6199951171875,1805.780029296875,1773.9000244140625,1778.4599609375,852100
2017-04-25,1773.5128173828125,1799.0899658203125,1807.780029296875,1795.31005859375,1807.780029296875,355800
2017-04-26,1778.4713134765625,1804.1199951171875,1806.050048828125,1793.199951171875,1799.199951171875,321700
2017-04-27,1809.77001953125,1835.8699951171875,1839.56005859375,1800.280029296875,1807.0,436100
2017-04-28,1820.5643310546875,1846.8199462890625,1858.6099853515625,1838.489990234375,1851.489990234375,477400
2017-05-01,1843.3359375,1869.9200439453125,1890.8299560546875,1849.9000244140625,1849.9000244140625,481200
2017-05-02,1853.78515625,1880.52001953125,1882.969970703125,1862.449951171875,1874.3800048828125,259600
2017-05-03,1850.1080322265625,1876.7900390625,1884.989990234375,1865.469970703125,1884.6500244140625,300600
2017-05-04,1883.250244140625,1910.4100341796875,1917.9000244140625,1870.5799560546875,1880.0,675800
2017-05-05,1876.5863037109373,1903.6500244140625,1922.260009765625,1897.3800048828125,1918.0,580300
2017-05-08,1876.8426513671875,1903.9100341796875,1927.1300048828125,1896.0,1907.0,585000
2017-05-09,1883.9599609375,1911.1300048828125,1915.969970703125,1898.0400390625,1911.43994140625,771500
2017-05-10,1798.827880859375,1824.77001953125,1853.780029296875,1801.0,1853.780029296875,1761100
2017-05-11,1787.7772216796875,1813.56005859375,1824.760009765625,1800.7099609375,1819.75,774800
2017-05-12,1792.3316650390625,1818.1800537109373,1827.5699462890625,1814.0,1824.3299560546875,638700
2017-05-15,1788.023681640625,1813.81005859375,1827.27001953125,1811.0,1817.969970703125,521900
2017-05-16,1803.7862548828125,1829.800048828125,1835.219970703125,1817.56005859375,1819.8299560546875,486500
2017-05-17,1770.1611328125,1795.68994140625,1820.4599609375,1793.5999755859375,1818.43994140625,621800
2017-05-18,1770.4964599609375,1796.030029296875,1814.1700439453125,1791.4000244140625,1795.0,502500
2017-05-19,1782.572265625,1808.280029296875,1822.219970703125,1799.6700439453125,1800.0,457700
2017-05-22,1802.4259033203125,1828.4200439453125,1832.4599609375,1813.3699951171875,1815.9000244140625,367200
2017-05-23,1801.9525146484373,1827.93994140625,1832.97998046875,1814.5,1825.43994140625,346200
2017-05-24,1822.45703125,1848.739990234375,1850.0,1829.1300048828125,1829.1300048828125,408500
2017-05-25,1833.9808349609373,1860.4300537109373,1870.3900146484373,1848.4000244140625,1850.0,532300
2017-05-26,1837.401611328125,1863.9000244140625,1869.47998046875,1852.6400146484373,1861.550048828125,419600
2017-05-30,1831.04296875,1857.449951171875,1863.6500244140625,1845.5999755859373,1857.6700439453125,484100
2017-05-31,1850.4039306640625,1877.0899658203125,1877.0899658203125,1850.0,1862.3800048828125,560900
2017-06-01,1863.938720703125,1890.8199462890625,1894.77001953125,1870.4300537109373,1878.25,433800
2017-06-02,1869.00537109375,1895.9599609375,1902.0,1881.02001953125,1899.0400390625,463300
2017-06-05,1864.6878662109373,1891.5799560546875,1900.25,1888.8900146484373,1889.7099609375,327600
2017-06-06,1862.992431640625,1889.8599853515625,1908.9200439453125,1886.9000244140625,1888.93994140625,459600
2017-06-07,1863.4949951171875,1890.3699951171875,1894.8399658203125,1878.47998046875,1890.199951171875,380100
2017-06-08,1865.4764404296875,1892.3800048828125,1899.1300048828125,1884.72998046875,1894.0,339000
2017-06-09,1815.93115234375,1842.1199951171875,1895.31005859375,1826.5400390625,1890.0,667000
2017-06-12,1787.2152099609375,1812.989990234375,1839.469970703125,1781.1099853515625,1835.0,1001800
2017-06-13,1817.3114013671875,1843.52001953125,1854.77001953125,1822.6199951171875,1825.72998046875,512000
2017-06-14,1805.570556640625,1831.6099853515625,1855.56005859375,1815.010009765625,1845.0,551800
2017-06-15,1783.47900390625,1809.199951171875,1819.5899658203125,1791.6099853515625,1814.0,625000
2017-06-16,1776.98291015625,1802.6099853515625,1816.0799560546875,1797.3599853515625,1816.0799560546875,523800
2017-06-19,1825.2762451171875,1851.5999755859373,1855.9000244140625,1812.02001953125,1815.780029296875,562400
2017-06-20,1824.329833984375,1850.6400146484373,1858.8199462890625,1844.219970703125,1850.0,378800
2017-06-21,1841.2261962890625,1867.780029296875,1870.0,1848.0400390625,1854.5899658203125,305600
2017-06-22,1836.4453125,1862.9300537109373,1874.8900146484373,1861.0,1870.800048828125,278800
2017-06-23,1847.6337890625,1874.280029296875,1876.6199951171875,1855.219970703125,1859.550048828125,359900
2017-06-26,1849.6646728515625,1876.3399658203125,1896.050048828125,1867.6400146484373,1880.0,406500
2017-06-27,1831.831787109375,1858.25,1882.050048828125,1852.6099853515625,1871.2900390625,339400
2017-06-28,1863.3372802734373,1890.2099609375,1898.6800537109373,1861.75,1864.6600341796875,499900
2017-06-29,1850.305419921875,1876.989990234375,1889.68994140625,1850.5,1881.1199951171875,516900
2017-06-30,1843.927490234375,1870.52001953125,1887.010009765625,1870.0400390625,1884.050048828125,461200
2017-07-03,1816.9266357421875,1843.1300048828125,1884.3199462890625,1836.0799560546875,1877.6700439453125,335000
2017-07-05,1839.4813232421875,1866.010009765625,1869.280029296875,1841.3699951171875,1845.5,374900
2017-07-06,1845.6820068359373,1872.300048828125,1877.300048828125,1845.010009765625,1851.1500244140625,422600
2017-07-07,1891.2249755859373,1918.5,1921.4000244140625,1873.8599853515625,1873.8599853515625,631000
2017-07-10,1894.4979248046875,1921.8199462890625,1936.219970703125,1911.4599609375,1920.0,360800
2017-07-11,1901.723876953125,1929.1500244140625,1933.550048828125,1903.9000244140625,1920.8900146484373,318400
2017-07-12,1918.5118408203125,1946.1800537109373,1951.4000244140625,1937.0,1939.219970703125,344200
2017-07-13,1913.109619140625,1940.699951171875,1950.0,1934.72998046875,1950.0,291100
2017-07-14,1923.135009765625,1950.8699951171875,1955.6199951171875,1942.8800048828125,1949.469970703125,302300
2017-07-17,1917.8018798828125,1945.4599609375,1955.68994140625,1938.449951171875,1949.1099853515625,264600
2017-07-18,1948.144287109375,1976.239990234375,1989.0400390625,1948.260009765625,1949.0,504800
2017-07-19,1963.77880859375,1992.0999755859373,1999.0,1980.4200439453125,1981.1800537109373,361100
2017-07-20,1970.797607421875,1999.219970703125,2008.6500244140625,1993.1700439453125,2000.47998046875,342100
2017-07-21,1966.529296875,1994.8900146484373,2002.8499755859373,1990.1800537109373,1993.52001953125,232700
2017-07-24,1973.5479736328125,2002.010009765625,2005.0899658203125,1992.4599609375,1994.9000244140625,261700
2017-07-25,1988.2362060546875,2016.9100341796875,2023.3699951171875,1995.3499755859373,2004.68994140625,330700
2017-07-26,2004.3043212890625,2033.2099609375,2037.0,2017.56005859375,2019.239990234375,311800
2017-07-27,1996.2996826171875,2025.0899658203125,2043.949951171875,1996.0,2040.050048828125,487500
2017-07-28,1995.2845458984373,2024.06005859375,2040.6300048828125,2007.97998046875,2026.469970703125,505500
2017-07-31,1999.6612548828125,2028.5,2033.0,2010.239990234375,2030.0,501100
2017-08-01,1995.8070068359373,2024.5899658203125,2041.489990234375,2017.010009765625,2040.0899658203125,371400
2017-08-02,1992.6326904296875,2021.3699951171875,2025.5,2000.0,2023.449951171875,354300
2017-08-03,1999.148681640625,2027.97998046875,2030.0,2012.550048828125,2020.969970703125,430900
2017-08-04,2003.8704833984373,2032.77001953125,2035.469970703125,2020.2900390625,2031.02001953125,333200
2017-08-07,2013.6002197265625,2042.6400146484373,2044.510009765625,2022.0,2034.72998046875,402300
2017-08-08,2019.869873046875,2049.0,2067.989990234375,2035.1099853515625,2044.0,830600
2017-08-09,1879.691650390625,1906.800048828125,1919.989990234375,1875.0799560546875,1910.510009765625,2064800
2017-08-10,1823.3243408203125,1849.6199951171875,1903.8599853515625,1845.4100341796875,1900.219970703125,1010600
2017-08-11,1827.809814453125,1854.1700439453125,1867.4000244140625,1845.1700439453125,1852.989990234375,620200
2017-08-14,1847.3084716796875,1873.949951171875,1877.0,1860.760009765625,1869.8699951171875,485900
2017-08-15,1834.3848876953125,1860.8399658203125,1883.5,1859.050048828125,1879.300048828125,368800
2017-08-16,1829.3377685546875,1855.719970703125,1869.5,1852.300048828125,1869.5,396200
2017-08-17,1787.195556640625,1812.969970703125,1854.6300048828125,1811.280029296875,1854.469970703125,640500
2017-08-18,1784.2679443359375,1810.0,1820.0,1801.0,1809.6199951171875,486100
2017-08-21,1775.9281005859375,1801.5400390625,1820.25,1787.0,1807.4000244140625,463000
2017-08-22,1792.3511962890625,1818.199951171875,1821.1800537109373,1803.9100341796875,1812.5,475400
2017-08-23,1787.2447509765625,1813.02001953125,1823.68994140625,1808.1700439453125,1815.8900146484373,422000
2017-08-24,1789.6993408203125,1815.510009765625,1822.469970703125,1801.1099853515625,1813.0400390625,317000
2017-08-25,1767.9825439453125,1793.47998046875,1822.8299560546875,1788.2900390625,1822.8299560546875,423200
2017-08-28,1764.46337890625,1789.9100341796875,1805.0,1782.449951171875,1800.0,485800
2017-08-29,1781.36962890625,1807.06005859375,1811.0,1774.4000244140625,1775.9000244140625,488800
2017-08-30,1787.22509765625,1813.0,1818.800048828125,1808.1500244140625,1809.0999755859373,333400
2017-08-31,1825.74951171875,1852.0799560546875,1856.3499755859373,1817.260009765625,1821.8199462890625,532100
2017-09-01,1824.50732421875,1850.8199462890625,1867.489990234375,1848.550048828125,1858.56005859375,379800
2017-09-05,1816.6900634765625,1842.8900146484373,1848.1199951171875,1825.8199462890625,1845.75,453000
2017-09-06,1816.2564697265625,1842.449951171875,1851.8800048828125,1806.030029296875,1824.030029296875,517800
2017-09-07,1819.1348876953125,1845.3699951171875,1853.8699951171875,1841.260009765625,1848.75,321000
2017-09-08,1812.4312744140625,1838.5699462890625,1854.06005859375,1838.06005859375,1846.93994140625,295500
2017-09-11,1842.2908935546875,1868.8599853515625,1870.25,1851.8900146484373,1852.06005859375,578300
2017-09-12,1842.073974609375,1868.6400146484373,1882.9000244140625,1858.199951171875,1875.4599609375,345600
2017-09-13,1844.5682373046875,1871.1700439453125,1873.3900146484373,1859.1700439453125,1863.6400146484373,235600
2017-09-14,1819.055908203125,1845.2900390625,1865.3499755859373,1840.6099853515625,1860.6800537109373,490100
2017-09-15,1816.99560546875,1843.199951171875,1847.52001953125,1836.010009765625,1845.969970703125,379800
2017-09-18,1827.8197021484373,1854.1800537109373,1867.8599853515625,1846.1500244140625,1846.56005859375,319700
2017-09-19,1833.3399658203125,1859.780029296875,1863.5,1844.5999755859373,1859.4599609375,301600
2017-09-20,1839.6785888671875,1866.2099609375,1872.81005859375,1853.1800537109373,1861.81005859375,253900
2017-09-21,1839.8165283203125,1866.3499755859373,1876.0,1852.260009765625,1868.719970703125,223200
2017-09-22,1835.656494140625,1862.1300048828125,1874.449951171875,1857.739990234375,1864.5899658203125,236100
2017-09-25,1803.539794921875,1829.550048828125,1861.3900146484373,1810.0,1856.1300048828125,614400
2017-09-26,1799.96142578125,1825.9200439453125,1843.4300537109373,1820.219970703125,1835.449951171875,452700
2017-09-27,1793.1298828125,1818.989990234375,1834.77001953125,1814.1099853515625,1831.530029296875,441000
2017-09-28,1785.93359375,1811.68994140625,1824.3699951171875,1806.030029296875,1810.2099609375,311600
2017-09-29,1804.79150390625,1830.8199462890625,1839.0,1812.530029296875,1812.530029296875,377500
2017-10-02,1831.0628662109373,1857.469970703125,1874.949951171875,1838.5999755859373,1838.5999755859373,433000
2017-10-03,1841.09814453125,1867.6500244140625,1870.0,1857.0,1857.0,286300
2017-10-04,1861.8487548828125,1888.699951171875,1895.0,1862.9300537109373,1866.300048828125,379500
2017-10-05,1882.46142578125,1909.6099853515625,1913.969970703125,1889.010009765625,1894.5999755859373,421000
2017-10-06,1890.7322998046875,1918.0,1922.0,1904.010009765625,1909.3399658203125,291000
2017-10-09,1899.535400390625,1926.9300537109373,1939.97998046875,1917.0400390625,1920.300048828125,233400
2017-10-10,1889.4014892578125,1916.6500244140625,1943.5,1911.9000244140625,1938.0799560546875,341500
2017-10-11,1892.9010009765625,1920.199951171875,1926.6400146484373,1908.0,1916.550048828125,221100
2017-10-12,1891.668701171875,1918.949951171875,1924.3599853515625,1913.4599609375,1920.199951171875,235300
2017-10-13,1901.6351318359373,1929.06005859375,1938.4300537109373,1920.02001953125,1932.77001953125,343700
2017-10-16,1908.0328369140625,1935.550048828125,1944.989990234375,1922.5,1940.0,224500
2017-10-17,1907.02734375,1934.530029296875,1938.550048828125,1926.4100341796875,1929.010009765625,284400
2017-10-18,1914.2630615234373,1941.8699951171875,1961.449951171875,1933.989990234375,1935.68994140625,412800
2017-10-19,1900.4521484375,1927.8599853515625,1943.489990234375,1923.0,1934.02001953125,365500
2017-10-20,1914.49951171875,1942.1099853515625,1946.8900146484373,1937.4599609375,1941.780029296875,307000
2017-10-23,1907.0469970703125,1934.550048828125,1959.989990234375,1931.280029296875,1950.0,360800
2017-10-24,1904.8193359375,1932.2900390625,1946.6800537109373,1927.5899658203125,1938.3900146484373,342500
2017-10-25,1901.388671875,1928.81005859375,1935.7099609375,1913.010009765625,1927.5799560546875,248000
2017-10-26,1911.7196044921875,1939.2900390625,1945.0,1931.010009765625,1937.3499755859373,378100
2017-10-27,1864.037353515625,1890.9200439453125,1902.52001953125,1869.0,1885.0,903400
2017-10-30,1853.0062255859373,1879.72998046875,1891.8199462890625,1863.72998046875,1885.1500244140625,476600
2017-10-31,1884.7781982421875,1911.9599609375,1913.52001953125,1870.0,1884.93994140625,420000
2017-11-01,1885.8626708984373,1913.06005859375,1927.72998046875,1910.93994140625,1918.469970703125,379000
2017-11-02,1883.969970703125,1911.1400146484373,1917.52001953125,1903.68994140625,1910.8299560546875,293800
2017-11-03,1867.5565185546875,1894.489990234375,1916.800048828125,1893.5699462890625,1914.010009765625,485000
2017-11-06,1875.945556640625,1903.0,1904.97998046875,1875.56005859375,1885.550048828125,1021800
2017-11-07,1622.3233642578125,1645.719970703125,1748.0,1638.0999755859375,1746.699951171875,3325100
2017-11-08,1637.49462890625,1661.1099853515625,1669.97998046875,1630.56005859375,1650.0,1332400
2017-11-09,1678.9267578125,1703.1400146484375,1707.219970703125,1640.1800537109375,1656.9300537109375,1241800
2017-11-10,1673.1204833984375,1697.25,1709.52001953125,1682.68994140625,1700.0,725500
2017-11-13,1697.6666259765625,1722.1500244140625,1722.3499755859375,1683.280029296875,1688.4000244140625,506800
2017-11-14,1695.0543212890625,1719.5,1728.260009765625,1709.97998046875,1710.02001953125,525400
2017-11-15,1702.2308349609375,1726.780029296875,1730.030029296875,1706.030029296875,1715.780029296875,525400
2017-11-16,1707.03173828125,1731.6500244140625,1741.9200439453125,1727.4599609375,1735.5400390625,522000
2017-11-17,1722.3802490234375,1747.219970703125,1749.5999755859375,1727.3399658203125,1731.0,504400
2017-11-20,1729.0836181640625,1754.02001953125,1773.0799560546875,1747.8800048828125,1750.989990234375,513200
2017-11-21,1741.553955078125,1766.6700439453125,1771.4100341796875,1758.0,1766.510009765625,539400
2017-11-22,1734.1800537109375,1759.18994140625,1774.8499755859375,1756.030029296875,1771.5899658203125,369300
2017-11-24,1733.4210205078125,1758.4200439453125,1765.75,1754.3800048828125,1758.1700439453125,186600
2017-11-27,1738.3302001953125,1763.4000244140625,1777.0799560546875,1746.3900146484375,1760.1500244140625,443200
2017-11-28,1727.112060546875,1752.02001953125,1767.3599853515625,1750.1099853515625,1763.3199462890625,352500
2017-11-29,1709.7916259765625,1734.449951171875,1753.1300048828125,1717.969970703125,1753.1300048828125,540400
2017-11-30,1714.97705078125,1739.7099609375,1750.219970703125,1729.510009765625,1740.949951171875,443700
2017-12-01,1710.629638671875,1735.300048828125,1736.489990234375,1704.1199951171875,1726.800048828125,397700
2017-12-04,1698.7413330078125,1723.239990234375,1749.8199462890625,1721.300048828125,1740.0,502800
2017-12-05,1700.35791015625,1724.8800048828125,1741.0699462890625,1721.43994140625,1725.8199462890625,380300
2017-12-06,1694.6009521484375,1719.0400390625,1727.3800048828125,1701.9000244140625,1716.7099609375,397600
2017-12-07,1695.172607421875,1719.6199951171875,1722.2900390625,1690.3399658203125,1705.8900146484375,504200
2017-12-08,1695.389404296875,1719.8399658203125,1739.780029296875,1715.8299560546875,1729.5999755859375,385800
2017-12-11,1691.1307373046875,1715.52001953125,1733.0,1712.739990234375,1720.7099609375,325700
2017-12-12,1699.21435546875,1723.719970703125,1733.4000244140625,1713.5400390625,1715.0,457200
2017-12-13,1717.8358154296875,1742.6099853515625,1746.1099853515625,1725.1700439453125,1732.0,386000
2017-12-14,1735.885498046875,1760.9200439453125,1768.530029296875,1742.6700439453125,1744.989990234375,458800
2017-12-15,1734.978515625,1760.0,1775.72998046875,1758.3800048828125,1770.050048828125,610700
2017-12-18,1756.0250244140625,1781.3499755859375,1786.75,1767.5999755859375,1776.8699951171875,392800
2017-12-19,1755.305419921875,1780.6199951171875,1793.5699462890625,1768.9599609375,1783.1099853515625,381700
2017-12-20,1748.779541015625,1774.0,1786.5400390625,1770.6500244140625,1782.9000244140625,406300
2017-12-21,1753.5013427734375,1778.7900390625,1788.949951171875,1773.030029296875,1775.1400146484375,246600
2017-12-22,1750.021728515625,1775.260009765625,1786.22998046875,1773.0899658203125,1778.3699951171875,215300
2017-12-26,1730.364990234375,1755.3199462890625,1775.260009765625,1752.6500244140625,1772.3199462890625,231900
2017-12-27,1732.888671875,1757.8800048828125,1761.8199462890625,1748.8699951171875,1754.239990234375,222600
2017-12-28,1739.010498046875,1764.0899658203125,1764.989990234375,1754.3699951171875,1758.4000244140625,168900
2017-12-29,1713.03515625,1737.739990234375,1769.989990234375,1737.4100341796875,1765.43994140625,298000
2018-01-02,1759.376708984375,1784.75,1790.6600341796875,1744.5,1750.0899658203125,475500
2018-01-03,1798.2265625,1824.1600341796875,1829.02001953125,1785.0,1790.22998046875,525000
2018-01-04,1781.5567626953125,1807.25,1848.9000244140625,1802.030029296875,1838.5400390625,592600
2018-01-05,1797.615234375,1823.5400390625,1825.5,1805.800048828125,1820.1800537109373,358600
2018-01-08,1825.4832763671875,1851.81005859375,1874.949951171875,1825.18994140625,1827.489990234375,555600
2018-01-09,1838.771728515625,1865.2900390625,1876.72998046875,1857.5,1863.199951171875,368800
2018-01-10,1846.283447265625,1872.9100341796875,1873.550048828125,1855.4200439453125,1855.52001953125,274200
2018-01-11,1866.186279296875,1893.0999755859373,1900.8599853515625,1877.8800048828125,1880.0,385900
2018-01-12,1892.1124267578125,1919.4000244140625,1925.97998046875,1890.010009765625,1898.0400390625,555300
2018-01-16,1892.181396484375,1919.469970703125,1949.8299560546875,1914.9599609375,1930.7099609375,604900
2018-01-17,1922.1787109375,1949.9000244140625,1958.9599609375,1918.6800537109373,1927.550048828125,515700
2018-01-18,1899.3184814453125,1926.7099609375,1957.489990234375,1925.969970703125,1948.6500244140625,398600
2018-01-19,1883.052978515625,1910.2099609375,1933.800048828125,1901.030029296875,1931.47998046875,634500
2018-01-22,1888.5340576171875,1915.77001953125,1926.68994140625,1901.0,1910.0,398200
2018-01-23,1935.033447265625,1962.93994140625,1969.3599853515625,1924.989990234375,1927.550048828125,472000
2018-01-24,1927.4427490234373,1955.239990234375,1984.93994140625,1942.6500244140625,1977.9100341796875,405300
2018-01-25,1921.9521484375,1949.6700439453125,1976.5999755859373,1945.469970703125,1966.8800048828125,329900
2018-01-26,1922.7503662109373,1950.47998046875,1964.9599609375,1944.9599609375,1960.989990234375,380500
2018-01-29,1901.802490234375,1929.22998046875,1960.4599609375,1921.25,1942.6700439453125,448800
2018-01-30,1894.2122802734373,1921.530029296875,1933.1300048828125,1900.3299560546875,1907.1199951171875,382300
2018-01-31,1884.8670654296875,1912.050048828125,1934.969970703125,1896.0,1928.010009765625,452800
2018-02-01,1876.625732421875,1903.68994140625,1928.8399658203125,1893.3900146484373,1903.989990234375,360000
2018-02-02,1832.669677734375,1859.0999755859373,1900.0,1856.5699462890625,1890.1300048828125,513800
2018-02-05,1799.971435546875,1825.9300537109373,1872.6099853515625,1816.5,1841.300048828125,548200
2018-02-06,1832.2359619140625,1858.6600341796875,1864.0,1800.010009765625,1800.010009765625,564500
2018-02-07,1855.91455078125,1882.6800537109373,1900.3699951171875,1836.6800537109373,1847.3900146484373,491200
2018-02-08,1780.3837890625,1806.06005859375,1889.280029296875,1803.010009765625,1884.2099609375,677100
2018-02-09,1739.907470703125,1765.0,1824.0,1714.0699462890625,1767.97998046875,1137500
2018-02-12,1764.5521240234375,1790.0,1801.68994140625,1732.3499755859375,1773.989990234375,682300
2018-02-13,1772.30029296875,1797.8599853515625,1804.8299560546875,1762.0,1779.22998046875,375200
2018-02-14,1792.558349609375,1818.4100341796875,1825.8299560546875,1773.02001953125,1784.219970703125,452400
2018-02-15,1843.6611328125,1870.25,1875.8199462890625,1836.0899658203125,1850.8599853515625,491300
2018-02-16,1858.201416015625,1885.0,1926.8699951171875,1868.6800537109373,1874.6199951171875,559100
2018-02-20,1867.684814453125,1894.6199951171875,1915.3199462890625,1880.9300537109373,1883.0699462890625,408000
2018-02-21,1853.9429931640625,1880.6800537109373,1916.0400390625,1880.6600341796875,1913.4200439453125,518700
2018-02-22,1850.453369140625,1877.1400146484373,1907.75,1870.719970703125,1884.18994140625,432300
2018-02-23,1879.9083251953125,1907.02001953125,1907.81005859375,1875.1600341796875,1889.72998046875,555300
2018-02-26,1878.548095703125,1905.6400146484373,1923.219970703125,1897.6600341796875,1905.949951171875,570100
2018-02-27,1877.9271240234373,1905.010009765625,1919.75,1870.02001953125,1884.0,661900
2018-02-28,2005.1226806640625,2034.0400390625,2087.340087890625,2034.0400390625,2051.0,1441100
2018-03-01,1999.5333251953125,2028.3699951171875,2053.5400390625,1998.8299560546875,2034.6099853515625,837500
2018-03-02,2004.8760986328125,2033.7900390625,2037.8699951171875,1995.5799560546875,2002.8199462890625,642400
2018-03-05,2043.193359375,2072.659912109375,2077.0,2014.8900146484373,2020.0,614800
2018-03-06,2055.86083984375,2085.510009765625,2095.8701171875,2058.81005859375,2075.10009765625,533100
2018-03-07,2092.748779296875,2122.929931640625,2127.9599609375,2065.0,2065.0,580300
2018-03-08,2119.5126953125,2150.080078125,2169.14990234375,2130.679931640625,2137.989990234375,584400
2018-03-09,2139.751220703125,2170.610107421875,2177.9599609375,2159.070068359375,2169.0,489400
2018-03-12,2174.726806640625,2206.090087890625,2218.10009765625,2174.070068359375,2180.0,529700
2018-03-13,2139.149658203125,2170.0,2228.989990234375,2162.179931640625,2210.929931640625,519200
2018-03-14,2157.78076171875,2188.89990234375,2194.580078125,2162.330078125,2175.550048828125,344500
2018-03-15,2156.667236328125,2187.77001953125,2207.570068359375,2171.10009765625,2190.010009765625,336000
2018-03-16,2140.61865234375,2171.489990234375,2198.580078125,2169.77001953125,2196.18994140625,474000
2018-03-19,2116.3681640625,2146.889892578125,2165.760009765625,2124.889892578125,2161.6201171875,450800
2018-03-20,2108.698974609375,2139.110107421875,2167.68994140625,2138.030029296875,2139.449951171875,256800
2018-03-21,2114.4853515625,2144.97998046875,2165.820068359375,2134.580078125,2142.300048828125,297200
2018-03-22,2083.748779296875,2113.800048828125,2154.5400390625,2101.830078125,2132.889892578125,443300
2018-03-23,2057.339599609375,2087.010009765625,2138.989990234375,2086.139892578125,2116.239990234375,412500
2018-03-26,2103.375244140625,2133.7099609375,2142.3798828125,2079.02001953125,2111.219970703125,292700
2018-03-27,2048.024169921875,2077.56005859375,2140.239990234375,2056.510009765625,2137.429931640625,428800
2018-03-28,2025.47900390625,2054.68994140625,2083.919921875,2020.699951171875,2066.97998046875,632500
2018-03-29,2050.8134765625,2080.389892578125,2094.179931640625,2040.719970703125,2059.669921875,395800
2018-04-02,2001.98779296875,2030.8599853515625,2074.010009765625,2009.9200439453125,2070.429931640625,372300
2018-04-03,2038.176025390625,2067.570068359375,2079.989990234375,2036.0699462890625,2050.0,378400
2018-04-04,2041.5667724609373,2071.010009765625,2081.8798828125,2014.1800537109373,2043.2099609375,385500
2018-04-05,2061.361572265625,2091.090087890625,2102.4599609375,2071.0,2077.530029296875,320100
2018-04-06,2004.50146484375,2033.4100341796875,2095.610107421875,2025.5400390625,2074.89990234375,350400
2018-04-09,2019.6136474609373,2048.739990234375,2088.81005859375,2045.0,2053.739990234375,355500
2018-04-10,2048.0537109375,2077.590087890625,2087.22998046875,2058.0,2076.02001953125,291200
2018-04-11,2051.06982421875,2080.64990234375,2104.780029296875,2065.0400390625,2067.639892578125,306700
2018-04-12,2056.15673828125,2085.81005859375,2102.64990234375,2082.14990234375,2094.449951171875,240300
2018-04-13,2056.206298828125,2085.860107421875,2104.669921875,2077.320068359375,2104.669921875,262000
2018-04-16,2066.783203125,2096.590087890625,2117.639892578125,2085.77001953125,2094.110107421875,194400
2018-04-17,2131.569580078125,2162.31005859375,2172.0,2112.5,2119.89990234375,438200
2018-04-18,2149.598876953125,2180.60009765625,2186.050048828125,2156.219970703125,2171.6201171875,297200
2018-04-19,2128.256591796875,2158.949951171875,2186.050048828125,2155.969970703125,2175.489990234375,264900
2018-04-20,2101.06884765625,2131.3701171875,2167.47998046875,2118.6201171875,2161.030029296875,414700
2018-04-23,2103.356201171875,2133.68994140625,2150.300048828125,2112.68994140625,2133.10009765625,253500
2018-04-24,2037.8997802734373,2067.2900390625,2151.97998046875,2055.1298828125,2137.610107421875,393500
2018-04-25,2048.0732421875,2077.610107421875,2089.840087890625,2034.56005859375,2061.1201171875,267800
2018-04-26,2081.77734375,2111.800048828125,2116.14990234375,2078.010009765625,2098.010009765625,356000
2018-04-27,2111.271728515625,2141.719970703125,2172.0,2123.090087890625,2146.02001953125,458200
2018-04-30,2147.035888671875,2178.0,2193.06005859375,2133.81005859375,2143.64990234375,468000
2018-05-01,2148.406005859375,2179.389892578125,2182.340087890625,2151.7900390625,2170.39990234375,279100
2018-05-02,2119.25634765625,2149.820068359375,2185.699951171875,2148.989990234375,2176.27001953125,268100
2018-05-03,2121.6123046875,2152.2099609375,2161.449951171875,2116.699951171875,2149.0,271000
2018-05-04,2144.778564453125,2175.7099609375,2178.820068359375,2126.0,2148.60009765625,302900
2018-05-07,2163.7548828125,2194.9599609375,2201.840087890625,2172.590087890625,2189.89990234375,344900
2018-05-08,2130.868896484375,2161.60009765625,2198.800048828125,2155.0,2174.35009765625,394400
2018-05-09,2152.546630859375,2183.590087890625,2191.580078125,2158.260009765625,2185.0,635900
2018-05-10,2050.448974609375,2080.02001953125,2098.429931640625,2047.010009765625,2050.0,1134500
2018-05-11,2042.532958984375,2071.989990234375,2095.0,2063.929931640625,2092.320068359375,479000
2018-05-14,2042.562744140625,2072.02001953125,2074.6201171875,2055.02001953125,2066.719970703125,443800
2018-05-15,2038.353515625,2067.75,2071.14990234375,2034.6700439453125,2054.10009765625,400700
2018-05-16,2045.09619140625,2074.590087890625,2092.7099609375,2065.570068359375,2070.340087890625,280300
2018-05-17,2059.40966796875,2089.110107421875,2098.4599609375,2069.2900390625,2073.510009765625,303500
2018-05-18,2036.963623046875,2066.340087890625,2097.909912109375,2066.340087890625,2097.909912109375,277300
2018-05-21,2042.109130859375,2071.56005859375,2078.469970703125,2062.510009765625,2076.3701171875,346600
2018-05-22,2047.6590576171875,2077.18994140625,2082.47998046875,2065.110107421875,2076.030029296875,296500
2018-05-23,2055.60498046875,2085.25,2086.510009765625,2053.0,2056.050048828125,410700
2018-05-24,2058.591552734375,2088.280029296875,2095.510009765625,2074.949951171875,2087.0,279600
2018-05-25,2080.6142578125,2110.6201171875,2118.909912109375,2081.070068359375,2084.0,344500
2018-05-29,2046.5155029296875,2076.030029296875,2105.10009765625,2059.10009765625,2094.719970703125,487700
2018-05-30,2068.17333984375,2098.0,2108.409912109375,2073.72998046875,2086.409912109375,342700
2018-05-31,2078.9384765625,2108.919921875,2118.010009765625,2097.60009765625,2100.02001953125,354000
2018-06-01,2098.67333984375,2128.93994140625,2135.429931640625,2118.050048828125,2120.989990234375,301500
2018-06-04,2095.578369140625,2125.800048828125,2145.919921875,2125.260009765625,2134.0,284700
2018-06-05,2110.55224609375,2140.989990234375,2144.889892578125,2126.0,2131.949951171875,339900
2018-06-06,2123.16064453125,2153.780029296875,2156.4599609375,2129.030029296875,2145.85009765625,297700
2018-06-07,2101.67041015625,2131.97998046875,2157.159912109375,2121.919921875,2157.159912109375,293800
2018-06-08,2106.165283203125,2136.5400390625,2143.699951171875,2122.1298828125,2127.7099609375,255800
2018-06-11,2094.089599609375,2124.2900390625,2139.360107421875,2120.919921875,2139.0,235300
2018-06-12,2101.690185546875,2132.0,2133.659912109375,2121.989990234375,2126.090087890625,255800
2018-06-13,2076.4150390625,2106.360107421875,2134.030029296875,2103.1201171875,2134.030029296875,457300
2018-06-14,2092.876953125,2123.06005859375,2129.989990234375,2111.31005859375,2114.5,387600
2018-06-15,2111.005615234375,2141.449951171875,2145.820068359375,2112.1201171875,2126.070068359375,516000
2018-06-18,2114.72216796875,2145.219970703125,2153.830078125,2120.889892578125,2126.56005859375,287800
2018-06-19,2108.8466796875,2139.260009765625,2146.72998046875,2116.159912109375,2123.760009765625,358900
2018-06-20,2115.264404296875,2145.77001953125,2162.909912109375,2138.030029296875,2149.0,348100
2018-06-21,2092.315185546875,2122.489990234375,2152.469970703125,2118.030029296875,2145.5400390625,315300
2018-06-22,2072.954345703125,2102.85009765625,2132.550048828125,2095.969970703125,2130.0400390625,369200
2018-06-25,2021.3682861328125,2050.52001953125,2093.409912109375,2031.02001953125,2091.260009765625,453700
2018-06-26,2011.3724365234373,2040.3800048828125,2062.35009765625,2032.97998046875,2048.0,357500
2018-06-27,1973.0452880859373,2001.5,2060.320068359375,2001.31005859375,2048.929931640625,449600
2018-06-28,1990.7794189453125,2019.489990234375,2025.6099853515625,1980.0,1997.0,357200
2018-06-29,1998.271484375,2027.0899658203125,2049.47998046875,2023.8699951171875,2035.949951171875,348400
2018-07-02,2018.8248291015625,2047.93994140625,2061.610107421875,1993.8499755859373,2012.6700439453125,294400
2018-07-03,2030.9400634765625,2060.22998046875,2072.739990234375,2050.89990234375,2060.14990234375,208800
2018-07-05,2039.7335205078125,2069.14990234375,2075.14990234375,2050.989990234375,2072.949951171875,248200
2018-07-06,2057.2607421875,2086.929931640625,2089.610107421875,2063.419921875,2077.0,252800
2018-07-09,2052.0556640625,2081.64990234375,2099.06005859375,2076.9599609375,2094.85009765625,285300
2018-07-10,2034.6962890625,2064.0400390625,2087.780029296875,2055.409912109375,2085.949951171875,285100
2018-07-11,2023.665283203125,2052.85009765625,2058.97998046875,2027.02001953125,2056.860107421875,332700
2018-07-12,2027.86474609375,2057.110107421875,2070.0400390625,2042.4100341796875,2062.429931640625,357100
2018-07-13,2002.5594482421875,2031.43994140625,2053.260009765625,2028.0799560546875,2052.97998046875,271300
2018-07-16,1991.281982421875,2020.0,2033.9000244140625,2015.260009765625,2030.97998046875,411200
2018-07-17,2001.6527099609373,2030.52001953125,2046.5799560546875,2000.02001953125,2000.5999755859373,352500
2018-07-18,1995.1365966796875,2023.9100341796875,2034.97998046875,2014.1500244140625,2024.5899658203125,265800
2018-07-19,1982.0157470703125,2010.5999755859373,2020.68994140625,2002.56005859375,2016.3699951171875,347100
2018-07-20,1981.0992431640625,2009.6700439453125,2025.6700439453125,2002.3499755859373,2008.7900390625,359300
2018-07-23,1967.593994140625,1995.969970703125,2010.550048828125,1985.0,2005.989990234375,330000
2018-07-24,1997.443359375,2026.25,2049.989990234375,2008.75,2009.0,338000
2018-07-25,2036.322509765625,2065.68994140625,2067.989990234375,2029.0,2029.47998046875,338800
2018-07-26,2053.514892578125,2083.1298828125,2085.93994140625,2041.010009765625,2067.919921875,454900
2018-07-27,2055.387451171875,2085.030029296875,2131.89990234375,2060.18994140625,2118.56005859375,520700
2018-07-30,2001.0413818359373,2029.9000244140625,2095.6298828125,2027.300048828125,2089.0,375900
2018-07-31,1999.878173828125,2028.719970703125,2042.550048828125,2007.4300537109373,2032.3599853515625,280500
2018-08-01,1994.36767578125,2023.1300048828125,2049.0,2011.3499755859373,2030.6500244140625,290200
2018-08-02,2004.1663818359373,2033.0699462890625,2038.0,1997.0,2011.18994140625,375500
2018-08-03,2000.8541259765625,2029.7099609375,2039.989990234375,2020.699951171875,2035.77001953125,303400
2018-08-06,2046.3385009765625,2075.85009765625,2087.820068359375,2026.6300048828125,2032.0,403700
2018-08-07,2048.44775390625,2077.989990234375,2109.0,2076.0,2093.0,398400
2018-08-08,2015.9268798828125,2045.0,2084.89990234375,2041.6400146484373,2077.8701171875,555700
2018-08-09,1914.775634765625,1942.3900146484373,1956.739990234375,1901.0,1911.0,1680200
2018-08-10,1870.681640625,1897.6600341796875,1919.43994140625,1890.0999755859373,1909.8499755859373,936400
2018-08-13,1827.8984375,1854.260009765625,1904.9000244140625,1852.1800537109373,1901.719970703125,658500
2018-08-14,1807.4830322265625,1833.550048828125,1867.9300537109373,1832.4300537109373,1863.1400146484373,688600
2018-08-15,1836.997314453125,1863.489990234375,1872.219970703125,1815.5,1819.949951171875,686200
2018-08-16,1799.0445556640625,1824.989990234375,1884.56005859375,1822.1199951171875,1873.0,941400
2018-08-17,1814.5115966796875,1840.6800537109373,1842.6600341796875,1816.0400390625,1822.1500244140625,615300
2018-08-20,1832.1767578125,1858.5999755859373,1878.739990234375,1840.6400146484373,1844.260009765625,493300
2018-08-21,1871.095458984375,1898.0799560546875,1901.5999755859373,1871.0,1874.0,557400
2018-08-22,1889.746337890625,1917.0,1926.3900146484373,1898.0899658203125,1899.43994140625,461500
2018-08-23,1867.960693359375,1894.9000244140625,1930.0,1892.31005859375,1910.02001953125,427000
2018-08-24,1876.2806396484373,1903.3399658203125,1919.18994140625,1900.4100341796875,1900.4100341796875,411400
2018-08-27,1908.1805419921875,1935.699951171875,1938.7900390625,1913.989990234375,1913.989990234375,340700
2018-08-28,1903.7744140625,1931.22998046875,1944.5,1925.02001953125,1943.7099609375,265100
2018-08-29,1916.392333984375,1944.030029296875,1953.27001953125,1929.469970703125,1929.469970703125,271400
2018-08-30,1916.3626708984373,1944.0,1957.93994140625,1931.739990234375,1939.6099853515625,266900
2018-08-31,1923.805419921875,1951.550048828125,1952.8900146484373,1938.8699951171875,1938.8699951171875,304700
2018-09-04,1897.987548828125,1925.3599853515625,1951.050048828125,1921.4000244140625,1950.6099853515625,389500
2018-09-05,1865.279296875,1892.1800537109373,1927.969970703125,1889.6099853515625,1927.969970703125,530100
2018-09-06,1882.3531494140625,1909.5,1910.8299560546875,1871.8599853515625,1890.8800048828125,411900
2018-09-07,1874.7725830078125,1901.81005859375,1922.97998046875,1889.5999755859373,1895.489990234375,348200
2018-09-10,1849.093017578125,1875.760009765625,1916.02001953125,1871.9100341796875,1915.0699462890625,391000
2018-09-11,1854.1893310546875,1880.9300537109373,1887.5799560546875,1846.3599853515625,1869.8699951171875,376200
2018-09-12,1849.408203125,1876.0799560546875,1889.530029296875,1867.1700439453125,1873.4100341796875,503600
2018-09-13,1855.845458984375,1882.6099853515625,1909.260009765625,1876.4000244140625,1889.1500244140625,393400
2018-09-14,1889.02685546875,1916.27001953125,1918.7099609375,1883.3800048828125,1887.1800537109373,392000
2018-09-17,1863.8795166015625,1890.760009765625,1919.93994140625,1879.3199462890625,1917.93994140625,417600
2018-09-18,1883.9400634765625,1911.1099853515625,1918.0400390625,1888.8499755859373,1896.6600341796875,298700
2018-09-19,1899.3875732421875,1926.780029296875,1933.280029296875,1888.3900146484373,1900.949951171875,268300
2018-09-20,1920.049560546875,1947.739990234375,1958.5999755859373,1933.010009765625,1939.989990234375,328400
2018-09-21,1928.92138671875,1956.739990234375,1962.1199951171875,1939.6099853515625,1956.0,597400
2018-09-24,1930.912841796875,1958.760009765625,1973.0699462890625,1923.3599853515625,1938.0,438500
2018-09-25,1927.216064453125,1955.010009765625,1972.6099853515625,1952.2099609375,1964.2099609375,380000
2018-09-26,1939.5384521484373,1967.510009765625,1986.43994140625,1953.4000244140625,1960.22998046875,303600
2018-09-27,1941.3424072265625,1969.3399658203125,1989.7900390625,1965.97998046875,1974.800048828125,345800
2018-09-28,1955.7939453125,1984.0,1990.739990234375,1964.6199951171875,1974.6199951171875,416600
2018-10-01,1960.9298095703125,1989.2099609375,2017.1099853515625,1987.3299560546875,1997.72998046875,311000
2018-10-02,1948.4891357421875,1976.5899658203125,1996.4000244140625,1976.18994140625,1979.989990234375,297300
2018-10-03,1944.5858154296875,1972.6300048828125,1987.510009765625,1972.0,1983.06005859375,350800
2018-10-04,1905.913330078125,1933.4000244140625,1969.989990234375,1929.8900146484373,1965.0,443400
2018-10-05,1876.7735595703125,1903.8399658203125,1939.469970703125,1900.1199951171875,1932.969970703125,387600
2018-10-08,1873.87548828125,1900.9000244140625,1916.9000244140625,1880.97998046875,1895.0,323500
2018-10-09,1843.9075927734373,1870.5,1915.6600341796875,1869.2099609375,1901.0,327800
2018-10-10,1763.3096923828125,1788.739990234375,1865.739990234375,1785.4599609375,1865.0,635300
2018-10-11,1756.3797607421875,1781.7099609375,1808.02001953125,1757.1600341796875,1779.6199951171875,613000
2018-10-12,1781.4781494140625,1807.1700439453125,1829.050048828125,1791.780029296875,1814.8699951171875,698600
2018-10-15,1785.5787353515625,1811.3299560546875,1826.25,1790.02001953125,1803.5799560546875,407100
2018-10-16,1804.2496337890625,1830.27001953125,1835.6400146484373,1819.9000244140625,1825.0,359400
2018-10-17,1824.201904296875,1850.510009765625,1858.2900390625,1823.5,1834.4000244140625,326600
2018-10-18,1785.953369140625,1811.7099609375,1859.0,1808.0899658203125,1853.1099853515625,351800
2018-10-19,1780.0682373046875,1805.739990234375,1836.02001953125,1796.0,1817.2900390625,262100
2018-10-22,1801.3118896484375,1827.2900390625,1851.1199951171875,1807.3699951171875,1810.8800048828125,269200
2018-10-23,1803.9833984375,1830.0,1841.52001953125,1785.6700439453125,1787.0400390625,404800
2018-10-24,1728.649658203125,1753.5799560546875,1847.2099609375,1745.6300048828125,1828.2099609375,533500
2018-10-25,1778.8756103515625,1804.530029296875,1814.6800537109373,1760.010009765625,1770.7900390625,470400
2018-10-26,1745.6348876953125,1770.81005859375,1801.199951171875,1751.0799560546875,1790.0,525800
2018-10-29,1762.6099853515625,1788.030029296875,1840.800048828125,1759.8199462890625,1800.780029296875,466700
2018-10-30,1809.8980712890625,1836.0,1855.1099853515625,1775.0,1790.4000244140625,433000
2018-10-31,1847.929443359375,1874.5799560546875,1898.0400390625,1845.1300048828125,1849.0,463700
2018-11-01,1869.1336669921875,1896.0899658203125,1908.0899658203125,1868.6600341796875,1882.72998046875,349200
2018-11-02,1848.353515625,1875.010009765625,1904.9599609375,1856.8800048828125,1901.47998046875,354000
2018-11-05,1844.51904296875,1871.1199951171875,1885.1500244140625,1838.5899658203125,1873.760009765625,679500
2018-11-06,1921.744873046875,1949.4599609375,2009.989990234375,1946.219970703125,1988.5400390625,901000
2018-11-07,1969.762451171875,1998.1700439453125,2015.6500244140625,1965.8800048828125,1973.25,616500
2018-11-08,1949.4947509765625,1977.6099853515625,2019.47998046875,1975.0699462890625,1991.1199951171875,418600
2018-11-09,1910.0931396484373,1937.6400146484373,1973.8499755859373,1922.2099609375,1967.5,370500
2018-11-12,1879.178955078125,1906.280029296875,1938.9200439453125,1891.8599853515625,1928.1300048828125,400900
2018-11-13,1882.9249267578125,1910.0799560546875,1931.0899658203125,1904.22998046875,1916.0899658203125,410400
2018-11-14,1861.523681640625,1888.3699951171875,1935.0,1885.1099853515625,1932.5899658203125,301000
2018-11-15,1862.016357421875,1888.8699951171875,1899.1300048828125,1840.449951171875,1872.010009765625,366900
2018-11-16,1828.9434814453125,1855.3199462890625,1874.56005859375,1831.5,1864.949951171875,334700
2018-11-19,1754.694091796875,1780.0,1875.0,1779.8199462890625,1854.6500244140625,558500
2018-11-20,1725.544677734375,1750.4300537109375,1780.6400146484375,1726.780029296875,1761.300048828125,829900
2018-11-21,1735.3729248046875,1760.4000244140625,1788.8399658203125,1756.77001953125,1779.280029296875,368800
2018-11-23,1739.0006103515625,1764.0799560546875,1776.4100341796875,1737.260009765625,1750.719970703125,160600
2018-11-26,1776.8150634765625,1802.43994140625,1818.7099609375,1766.77001953125,1778.0899658203125,451900
2018-11-27,1798.670166015625,1824.6099853515625,1832.4100341796875,1789.780029296875,1793.5699462890625,397000
2018-11-28,1842.8726806640625,1869.449951171875,1875.9100341796875,1816.550048828125,1828.260009765625,348500
2018-11-29,1838.6336669921875,1865.1500244140625,1885.1500244140625,1859.7099609375,1866.0,358100
2018-11-30,1864.9835205078125,1891.8800048828125,1897.1099853515625,1852.800048828125,1868.3199462890625,361000
2018-12-03,1892.4080810546875,1919.699951171875,1945.8399658203125,1915.3599853515625,1925.469970703125,535500
2018-12-04,1836.652099609375,1863.1400146484373,1925.5400390625,1852.9300537109373,1917.800048828125,355400
2018-12-06,1855.480712890625,1882.239990234375,1889.510009765625,1817.8800048828125,1839.6400146484373,396800
2018-12-07,1808.4293212890625,1834.510009765625,1882.1600341796875,1814.989990234375,1867.219970703125,409400
2018-12-10,1800.050048828125,1826.010009765625,1852.8399658203125,1811.260009765625,1833.0400390625,431700
2018-12-11,1826.0157470703125,1852.3499755859373,1877.989990234375,1834.31005859375,1839.8299560546875,264200
2018-12-12,1829.76171875,1856.1500244140625,1894.02001953125,1842.0,1884.1400146484373,325900
2018-12-13,1807.009765625,1833.0699462890625,1865.6099853515625,1821.280029296875,1864.5999755859373,361600
2018-12-14,1781.4483642578125,1807.1400146484373,1833.280029296875,1796.5400390625,1806.9000244140625,399100
2018-12-17,1714.78955078125,1739.52001953125,1806.9599609375,1701.010009765625,1796.6600341796875,632900
2018-12-18,1744.2646484375,1769.4200439453125,1799.6400146484375,1737.0,1752.22998046875,391900
2018-12-19,1711.9407958984375,1736.6300048828125,1806.6400146484373,1706.75,1769.4200439453125,524100
2018-12-20,1680.93798828125,1705.1800537109375,1740.010009765625,1685.760009765625,1727.010009765625,473800
2018-12-21,1610.168701171875,1633.3900146484375,1715.8900146484375,1617.1600341796875,1704.6199951171875,1043700
2018-12-24,1593.8438720703125,1616.8299560546875,1649.0899658203125,1606.27001953125,1621.6800537109375,387200
2018-12-26,1679.0355224609375,1703.25,1705.010009765625,1626.4000244140625,1629.239990234375,413600
2018-12-27,1693.3787841796875,1717.800048828125,1719.6800537109375,1666.8800048828125,1669.780029296875,316500
2018-12-28,1691.4365234375,1715.8299560546875,1734.25,1701.760009765625,1724.9000244140625,281000
2018-12-31,1697.932861328125,1722.4200439453125,1739.699951171875,1712.489990234375,1730.47998046875,280200
2019-01-02,1697.2230224609375,1721.699951171875,1736.77001953125,1690.8399658203125,1691.25,312600
2019-01-03,1639.475830078125,1663.1199951171875,1712.6800537109375,1657.97998046875,1704.6500244140625,445200
2019-01-04,1693.1322021484375,1717.550048828125,1737.0799560546875,1678.6199951171875,1686.1199951171875,541000
2019-01-07,1687.4835205078125,1711.8199462890625,1731.4000244140625,1703.5999755859375,1721.739990234375,334800
2019-01-08,1662.9375,1686.9200439453125,1755.989990234375,1681.1500244140625,1730.0400390625,652400
2019-01-09,1626.0396728515625,1649.489990234375,1682.8800048828125,1637.02001953125,1642.3499755859375,786300
2019-01-10,1653.4840087890625,1677.3299560546875,1685.97998046875,1640.0,1640.0,459700
2019-01-11,1642.2064208984375,1665.8900146484375,1678.050048828125,1654.9300537109375,1670.5899658203125,331200
2019-01-14,1668.812744140625,1692.8800048828125,1708.8299560546875,1645.0,1647.56005859375,439200
2019-01-15,1674.1656494140625,1698.31005859375,1704.1800537109375,1681.56005859375,1695.0,436100
2019-01-16,1656.6776123046875,1680.5699462890625,1698.219970703125,1676.5400390625,1693.4200439453125,503700
2019-01-17,1699.9931640625,1724.510009765625,1737.9100341796875,1676.5400390625,1681.72998046875,363200
2019-01-18,1735.2349853515625,1760.260009765625,1776.8399658203125,1737.5,1747.02001953125,552600
2019-01-22,1684.683837890625,1708.97998046875,1759.6700439453125,1691.47998046875,1743.1800537109375,758000
2019-01-23,1719.5115966796875,1744.31005859375,1746.5799560546875,1715.1099853515625,1717.25,437900
2019-01-24,1770.1414794921875,1795.6700439453125,1805.1800537109373,1748.8800048828125,1748.97998046875,695700
2019-01-25,1776.5784912109375,1802.199951171875,1834.0799560546875,1799.010009765625,1811.989990234375,483200
2019-01-28,1787.81640625,1813.5999755859373,1835.0,1780.1800537109375,1787.6199951171875,387800
2019-01-29,1783.0849609375,1808.800048828125,1820.4000244140625,1794.199951171875,1816.6199951171875,212300
2019-01-30,1792.843994140625,1818.699951171875,1835.47998046875,1805.5799560546875,1825.3299560546875,300500
2019-01-31,1806.75341796875,1832.81005859375,1851.1800537109373,1820.3699951171875,1820.3699951171875,314900
2019-02-01,1810.8443603515625,1836.9599609375,1862.0699462890625,1821.1500244140625,1824.050048828125,278200
2019-02-04,1834.53271484375,1860.989990234375,1862.260009765625,1837.93994140625,1840.3900146484373,319500
2019-02-05,1875.216064453125,1902.260009765625,1916.22998046875,1879.9300537109373,1887.530029296875,487900
2019-02-06,1879.81982421875,1906.9300537109373,1910.0,1874.780029296875,1895.93994140625,243000
2019-02-07,1850.3743896484373,1877.06005859375,1900.6500244140625,1862.010009765625,1892.0999755859373,362600
2019-02-08,1844.489013671875,1871.0899658203125,1899.989990234375,1862.010009765625,1892.3699951171875,276000
2019-02-11,1838.48583984375,1865.0,1880.68994140625,1856.989990234375,1873.1300048828125,327700
2019-02-12,1868.34521484375,1895.2900390625,1900.0,1861.7099609375,1876.8299560546875,262200
2019-02-13,1892.67431640625,1919.969970703125,1924.0,1898.77001953125,1899.2900390625,277300
2019-02-14,1875.2850341796875,1902.3299560546875,1922.6300048828125,1901.0,1909.8800048828125,208900
2019-02-15,1906.0810546875,1933.5699462890625,1934.6500244140625,1898.5699462890625,1925.3299560546875,331800
2019-02-19,1907.9835205078125,1935.5,1951.8599853515625,1909.1800537109373,1927.56005859375,338400
2019-02-20,1898.7862548828125,1926.1700439453125,1944.989990234375,1920.0,1936.510009765625,322200
2019-02-21,1879.2086181640625,1906.31005859375,1932.6500244140625,1900.2900390625,1924.6500244140625,414100
2019-02-22,1883.3587646484373,1910.52001953125,1923.9100341796875,1897.2099609375,1920.3800048828125,385800
2019-02-25,1863.159912109375,1890.030029296875,1934.8299560546875,1885.8299560546875,1928.6300048828125,454100
2019-02-26,1888.4945068359373,1915.72998046875,1919.8299560546875,1885.8299560546875,1885.8299560546875,366000
2019-02-27,1878.90283203125,1906.0,1952.25,1897.010009765625,1906.0,750600
2019-02-28,1672.9136962890625,1697.0400390625,1763.8900146484375,1692.0,1754.0,1989800
2019-03-01,1689.7113037109375,1714.0799560546875,1726.3299560546875,1698.0,1708.199951171875,1248100
2019-03-04,1683.540283203125,1707.8199462890625,1730.0,1690.0400390625,1723.6600341796875,1043400
2019-03-05,1721.108642578125,1745.9300537109375,1748.72998046875,1709.3699951171875,1715.0,619600
2019-03-06,1726.7177734375,1751.6199951171875,1765.8199462890625,1745.2900390625,1748.3699951171875,621400
2019-03-07,1700.486083984375,1725.010009765625,1756.7099609375,1719.280029296875,1746.5,598900
2019-03-08,1691.426513671875,1715.8199462890625,1719.510009765625,1692.9300537109375,1708.0400390625,773200
2019-03-11,1685.5909423828125,1709.9000244140625,1723.989990234375,1693.3199462890625,1721.68994140625,681200
2019-03-12,1711.3197021484375,1736.0,1740.3800048828125,1689.43994140625,1709.719970703125,699300
2019-03-13,1735.6783447265625,1760.7099609375,1769.8399658203125,1739.6099853515625,1740.43994140625,680900
2019-03-14,1719.087890625,1743.8800048828125,1782.1700439453125,1738.72998046875,1768.8299560546875,520700
2019-03-15,1727.2598876953125,1752.1700439453125,1758.0699462890625,1744.219970703125,1751.7900390625,760100
2019-03-18,1731.36083984375,1756.3299560546875,1765.5999755859375,1752.81005859375,1757.7099609375,403000
2019-03-19,1738.951171875,1764.030029296875,1787.300048828125,1740.1400146484375,1751.050048828125,499100
2019-03-20,1749.2032470703125,1774.4300537109375,1780.989990234375,1751.1300048828125,1766.780029296875,389200
2019-03-21,1749.1343994140625,1774.3599853515625,1784.6500244140625,1761.010009765625,1765.800048828125,400000
2019-03-22,1697.1146240234375,1721.5899658203125,1761.1800537109375,1711.0899658203125,1754.0400390625,656100
2019-03-25,1727.476806640625,1752.3900146484375,1759.8800048828125,1712.7099609375,1714.010009765625,559700
2019-03-26,1743.7225341796875,1768.8699951171875,1783.8599853515625,1759.219970703125,1761.199951171875,462400
2019-03-27,1727.20068359375,1752.1099853515625,1786.9599609375,1746.2099609375,1768.97998046875,355500
2019-03-28,1704.3109130859375,1728.8900146484375,1765.5799560546875,1727.239990234375,1759.989990234375,417300
2019-03-29,1720.1031494140625,1744.9100341796875,1756.530029296875,1733.4300537109375,1736.5999755859375,440100
2019-04-01,1734.2193603515625,1759.22998046875,1771.969970703125,1748.0999755859375,1755.0799560546875,502400
2019-04-02,1738.47802734375,1763.550048828125,1771.5699462890625,1751.239990234375,1766.030029296875,492600
2019-04-03,1749.6962890625,1774.9300537109375,1796.1400146484375,1769.010009765625,1778.469970703125,486200
2019-04-04,1755.28564453125,1780.5999755859375,1791.18994140625,1767.5,1775.31005859375,373200
2019-04-05,1744.294189453125,1769.449951171875,1788.030029296875,1768.3800048828125,1788.030029296875,365800
2019-04-08,1763.2904052734375,1788.719970703125,1793.0899658203125,1766.4000244140625,1767.9200439453125,324000
2019-04-09,1768.9583740234375,1794.469970703125,1796.8800048828125,1767.6500244140625,1776.75,378500
2019-04-10,1780.3245849609375,1806.0,1808.97998046875,1772.010009765625,1793.8499755859375,392700
2019-04-11,1792.7354736328125,1818.5899658203125,1823.4000244140625,1806.1500244140625,1810.0,421000
2019-04-12,1807.009765625,1833.0699462890625,1848.0,1827.1400146484373,1827.8699951171875,413500
2019-04-15,1819.9827880859373,1846.22998046875,1848.1400146484373,1825.949951171875,1834.0,386300
2019-04-16,1815.5169677734373,1841.699951171875,1863.300048828125,1839.1400146484373,1851.800048828125,416500
2019-04-17,1813.63427734375,1839.7900390625,1856.22998046875,1837.6099853515625,1848.6300048828125,324200
2019-04-18,1818.090087890625,1844.31005859375,1854.22998046875,1839.8399658203125,1847.6400146484373,344600
2019-04-22,1817.951904296875,1844.1700439453125,1853.199951171875,1831.0400390625,1833.9300537109373,315900
2019-04-23,1860.8927001953125,1887.72998046875,1895.280029296875,1847.3399658203125,1849.22998046875,549300
2019-04-24,1840.7335205078125,1867.280029296875,1893.97998046875,1863.5999755859373,1887.1400146484373,506600
2019-04-25,1839.7279052734373,1866.260009765625,1884.81005859375,1856.9300537109373,1870.6500244140625,384400
2019-04-26,1841.4432373046875,1868.0,1883.5,1850.010009765625,1868.0999755859373,541100
2019-04-29,1849.644775390625,1876.3199462890625,1885.0,1865.6199951171875,1869.81005859375,432900
2019-04-30,1828.6181640625,1854.989990234375,1889.0999755859373,1852.199951171875,1872.0,422400
2019-05-01,1803.51025390625,1829.52001953125,1865.489990234375,1828.18994140625,1857.5699462890625,407400
2019-05-02,1782.2962646484375,1808.0,1830.4300537109373,1800.1800537109375,1824.6600341796875,529000
2019-05-03,1798.1375732421875,1824.0699462890625,1829.9599609375,1814.25,1816.1700439453125,496100
2019-05-06,1774.91259765625,1800.510009765625,1811.699951171875,1782.030029296875,1798.9599609375,540100
2019-05-07,1759.6231689453125,1785.0,1800.5799560546875,1771.2099609375,1781.449951171875,477200
2019-05-08,1726.7275390625,1751.6300048828125,1771.6199951171875,1746.0,1765.010009765625,464600
2019-05-09,1711.349365234375,1736.030029296875,1751.0999755859375,1715.010009765625,1729.4300537109375,627900
2019-05-10,1803.8355712890625,1829.8499755859373,1860.0,1765.6199951171875,1825.0,1168400
2019-05-13,1751.9931640625,1777.260009765625,1814.2900390625,1770.0,1800.0,493000
2019-05-14,1768.169921875,1793.6700439453125,1814.800048828125,1781.699951171875,1787.1199951171875,410400
2019-05-15,1763.9903564453125,1789.4300537109375,1801.5899658203125,1760.010009765625,1778.5999755859375,380800
2019-05-16,1777.6729736328125,1803.31005859375,1816.800048828125,1790.0,1790.0,305000
2019-05-17,1761.880615234375,1787.2900390625,1819.4200439453125,1785.0,1786.3699951171875,346200
2019-05-20,1727.319091796875,1752.22998046875,1770.0,1746.1800537109375,1769.72998046875,352000
2019-05-21,1746.9951171875,1772.18994140625,1783.52001953125,1757.22998046875,1762.3399658203125,340600
2019-05-22,1720.2115478515625,1745.02001953125,1775.0,1742.9100341796875,1757.3499755859375,367900
2019-05-23,1692.5208740234375,1716.9300537109375,1746.949951171875,1705.1500244140625,1746.949951171875,483800
2019-05-24,1684.1910400390625,1708.47998046875,1731.5799560546875,1707.5899658203125,1731.52001953125,269300
2019-05-28,1661.83349609375,1685.800048828125,1728.97998046875,1685.3800048828125,1707.5899658203125,390800
2019-05-29,1661.9517822265625,1685.9200439453125,1689.52001953125,1662.2099609375,1676.9300537109375,317500
2019-05-30,1649.274658203125,1673.06005859375,1693.510009765625,1670.27001953125,1687.0,265800
2019-05-31,1632.673828125,1656.219970703125,1662.1400146484375,1640.5400390625,1650.0999755859375,366400
2019-06-03,1626.995849609375,1650.4599609375,1692.2099609375,1648.3800048828125,1658.5,462300
2019-06-04,1722.19287109375,1747.030029296875,1748.31005859375,1673.5,1673.5,648000
2019-06-05,1739.907470703125,1765.0,1767.18994140625,1736.0899658203125,1755.75,388700
2019-06-06,1729.9114990234375,1754.8599853515625,1766.6300048828125,1746.3900146484375,1766.010009765625,335700
2019-06-07,1753.008544921875,1778.2900390625,1789.68994140625,1756.31005859375,1765.25,337600
2019-06-10,1755.79833984375,1781.1199951171875,1814.4100341796875,1778.300048828125,1782.5699462890625,298300
2019-06-11,1777.9884033203125,1803.6300048828125,1812.6600341796875,1791.0899658203125,1799.5,351000
2019-06-12,1773.32568359375,1798.9000244140625,1814.0,1779.1300048828125,1804.1700439453125,212300
2019-06-13,1783.794677734375,1809.52001953125,1839.3399658203125,1802.050048828125,1802.050048828125,319200
2019-06-14,1750.2581787109375,1775.5,1811.6800537109373,1772.72998046875,1808.199951171875,325500
2019-06-17,1756.0841064453125,1781.4100341796875,1787.4100341796875,1768.0,1776.0,281200
2019-06-18,1783.27197265625,1808.989990234375,1821.699951171875,1790.9300537109375,1808.3800048828125,412800
2019-06-19,1815.8719482421875,1842.06005859375,1844.4100341796875,1809.0899658203125,1812.0,420200
2019-06-20,1834.848388671875,1861.31005859375,1871.9300537109373,1844.75,1862.0699462890625,545000
2019-06-21,1853.2725830078125,1880.0,1883.18994140625,1849.5899658203125,1859.3599853515625,755800
2019-06-24,1844.213134765625,1870.81005859375,1889.3299560546875,1869.3199462890625,1880.969970703125,351200
2019-06-25,1819.2333984375,1845.469970703125,1884.989990234375,1841.050048828125,1880.8299560546875,322200
2019-06-26,1804.2001953125,1830.219970703125,1868.1500244140625,1828.3900146484373,1848.300048828125,277500
2019-06-27,1818.9378662109373,1845.1700439453125,1858.75,1832.8299560546875,1835.0,427100
2019-06-28,1848.0577392578125,1874.7099609375,1877.0,1844.8299560546875,1852.5799560546875,613700
2019-07-01,1871.4307861328125,1898.4200439453125,1906.0,1883.43994140625,1900.0,454500
2019-07-02,1880.8646240234373,1907.989990234375,1910.0,1889.4200439453125,1902.239990234375,222000
2019-07-03,1892.35888671875,1919.6500244140625,1924.6099853515625,1905.0,1906.219970703125,172900
2019-07-05,1897.38623046875,1924.75,1928.6099853515625,1901.4100341796875,1904.760009765625,170200
2019-07-08,1849.093017578125,1875.760009765625,1922.0,1875.0,1918.72998046875,343100
2019-07-09,1851.172607421875,1877.8699951171875,1889.739990234375,1866.010009765625,1873.0,360800
2019-07-10,1842.8134765625,1869.3900146484373,1892.989990234375,1858.8800048828125,1890.52001953125,319200
2019-07-11,1847.5255126953125,1874.1700439453125,1879.0999755859373,1868.72998046875,1875.449951171875,270400
2019-07-12,1855.7171630859373,1882.47998046875,1884.97998046875,1869.489990234375,1878.02001953125,268200
2019-07-15,1855.1553955078125,1881.9100341796875,1885.239990234375,1872.2900390625,1881.8900146484373,284200
2019-07-16,1862.0460205078125,1888.9000244140625,1897.219970703125,1875.5699462890625,1879.8900146484373,259100
2019-07-17,1841.1868896484373,1867.739990234375,1897.0899658203125,1866.530029296875,1887.75,284800
2019-07-18,1859.0985107421875,1885.9100341796875,1895.6800537109373,1861.8299560546875,1861.8299560546875,230600
2019-07-19,1855.332763671875,1882.0899658203125,1901.5899658203125,1882.0899658203125,1896.030029296875,198000
2019-07-22,1866.7777099609373,1893.699951171875,1906.5999755859373,1882.739990234375,1883.6500244140625,279400
2019-07-23,1873.234619140625,1900.25,1910.3800048828125,1887.93994140625,1898.6300048828125,219500
2019-07-24,1891.9644775390625,1919.25,1920.8299560546875,1896.260009765625,1896.260009765625,212100
2019-07-25,1898.7467041015625,1926.1300048828125,1928.9100341796875,1905.030029296875,1911.989990234375,248100
2019-07-26,1938.8876953125,1966.8499755859373,1969.8800048828125,1940.0,1940.0,381800
2019-07-29,1892.260498046875,1919.550048828125,1962.97998046875,1908.18994140625,1958.780029296875,304900
2019-07-30,1889.34228515625,1916.5899658203125,1925.2900390625,1903.5899658203125,1909.8599853515625,207500
2019-07-31,1859.78857421875,1886.6099853515625,1915.47998046875,1866.27001953125,1906.3299560546875,270000
2019-08-01,1853.134521484375,1879.8599853515625,1917.489990234375,1867.739990234375,1885.469970703125,238400
2019-08-02,1819.834716796875,1846.0799560546875,1874.97998046875,1839.3900146484373,1874.1099853515625,304200
2019-08-05,1763.171875,1788.5999755859375,1819.97998046875,1773.0899658203125,1819.97998046875,431400
2019-08-06,1761.12158203125,1786.52001953125,1815.989990234375,1767.3199462890625,1799.199951171875,393900
2019-08-07,1795.6634521484375,1821.56005859375,1826.199951171875,1755.0,1758.4000244140625,542300
2019-08-08,1913.4151611328125,1941.010009765625,1958.81005859375,1895.0,1900.0,797000
2019-08-09,1890.4267578125,1917.68994140625,1927.6199951171875,1897.010009765625,1926.5400390625,402000
2019-08-12,1889.63818359375,1916.8900146484373,1926.7900390625,1891.1700439453125,1900.43994140625,281100
2019-08-13,1915.5643310546875,1943.18994140625,1963.9000244140625,1907.6700439453125,1907.6700439453125,384300
2019-08-14,1864.3033447265625,1891.18994140625,1926.22998046875,1889.9599609375,1908.56005859375,440400
2019-08-15,1877.5919189453125,1904.6700439453125,1919.7099609375,1873.8699951171875,1900.030029296875,290500
2019-08-16,1894.86279296875,1922.18994140625,1936.4599609375,1905.010009765625,1929.0,240800
2019-08-19,1916.0965576171875,1943.72998046875,1959.8800048828125,1931.4100341796875,1944.8699951171875,283400
2019-08-20,1906.899169921875,1934.4000244140625,1952.1199951171875,1929.2099609375,1942.510009765625,230400
2019-08-21,1927.945556640625,1955.75,1957.5999755859373,1939.699951171875,1945.68994140625,203000
2019-08-22,1924.712158203125,1952.469970703125,1967.52001953125,1928.300048828125,1962.449951171875,204600
2019-08-23,1871.67724609375,1898.6700439453125,1951.9300537109373,1893.0799560546875,1942.97998046875,303400
2019-08-26,1889.559326171875,1916.81005859375,1918.5,1902.219970703125,1918.239990234375,219200
2019-08-27,1892.6939697265625,1919.989990234375,1931.800048828125,1912.3299560546875,1921.739990234375,276200
2019-08-28,1914.390869140625,1942.0,1947.949951171875,1903.5699462890625,1911.800048828125,228300
2019-08-29,1929.3160400390625,1957.1400146484373,1976.760009765625,1948.0,1966.4300537109373,312800
2019-08-30,1938.4539794921875,1966.4100341796875,1973.22998046875,1953.0,1971.800048828125,270900
2019-09-03,1914.1741943359373,1941.780029296875,1967.9000244140625,1931.4200439453125,1956.56005859375,341500
2019-09-04,1930.9423828125,1958.7900390625,1963.56005859375,1935.7099609375,1960.8800048828125,280000
2019-09-05,1966.08544921875,1994.43994140625,2010.93994140625,1967.43994140625,1974.1500244140625,440300
2019-09-06,1939.65673828125,1967.6300048828125,2006.3399658203125,1962.75,2006.3399658203125,413000
2019-09-09,1963.9267578125,1992.25,1994.510009765625,1973.3800048828125,1980.6400146484373,369700
2019-09-10,1990.059814453125,2018.760009765625,2018.760009765625,1964.030029296875,1983.3399658203125,456100
2019-09-11,2021.0135498046875,2050.159912109375,2054.169921875,2001.3800048828125,2013.199951171875,399600
2019-09-12,2012.3880615234373,2041.4100341796875,2067.070068359375,2037.300048828125,2056.0,442200
2019-09-13,2034.5579833984373,2063.89990234375,2071.780029296875,2039.5999755859373,2047.02001953125,392800
2019-09-16,2043.4793701171875,2072.949951171875,2081.81005859375,2035.010009765625,2057.239990234375,393900
2019-09-17,2047.9056396484373,2077.43994140625,2081.239990234375,2058.169921875,2067.60009765625,263300
2019-09-18,2029.10693359375,2058.3701171875,2078.85009765625,2036.97998046875,2072.2099609375,185100
2019-09-19,2029.3038330078125,2058.570068359375,2062.699951171875,2046.72998046875,2053.739990234375,256100
2019-09-20,2002.687744140625,2031.5699462890625,2057.429931640625,2029.4599609375,2046.219970703125,507400
2019-09-23,1980.8427734375,2009.4100341796875,2030.0,2007.1400146484373,2016.0,315500
2019-09-24,1962.3394775390625,1990.6400146484373,2020.989990234375,1985.9200439453125,2012.8199462890625,282800
2019-09-25,1965.1884765625,1993.530029296875,2000.6400146484373,1962.0,1991.6500244140625,333400
2019-09-26,1950.32275390625,1978.449951171875,1994.0799560546875,1964.0,1994.0799560546875,307400
2019-09-27,1916.609130859375,1944.25,1979.3499755859373,1936.8599853515625,1969.56005859375,305600
2019-09-30,1934.708251953125,1962.6099853515625,1982.7099609375,1942.3399658203125,1953.0,226500
2019-10-01,1949.90869140625,1978.030029296875,1987.760009765625,1964.719970703125,1977.0,234700
2019-10-02,1913.8389892578125,1941.43994140625,1969.0,1929.9100341796875,1969.0,289300
2019-10-03,1933.5645751953125,1961.449951171875,1964.300048828125,1918.22998046875,1936.550048828125,212200
2019-10-04,1955.0052490234373,1983.199951171875,1984.8699951171875,1965.31005859375,1970.6400146484373,162200
2019-10-07,1923.8153076171875,1951.56005859375,1980.260009765625,1949.0799560546875,1971.010009765625,254100
2019-10-08,1910.63525390625,1938.18994140625,1955.72998046875,1923.56005859375,1937.050048828125,170300
2019-10-09,1915.7022705078125,1943.3299560546875,1954.1600341796875,1926.199951171875,1953.719970703125,230300
2019-10-10,1935.0037841796875,1962.9100341796875,1970.4300537109373,1933.8399658203125,1942.68994140625,227500
2019-10-11,1949.0709228515625,1977.1800537109373,2003.7900390625,1972.93994140625,1984.300048828125,277200
2019-10-14,1960.4765625,1988.75,1994.3900146484373,1964.52001953125,1964.52001953125,176500
2019-10-15,1987.7236328125,2016.3900146484373,2023.1099853515625,1991.5999755859373,1992.2099609375,273400
2019-10-16,1998.8038330078125,2027.6300048828125,2037.0899658203125,2016.800048828125,2016.800048828125,300000
2019-10-17,1999.6910400390625,2028.530029296875,2044.77001953125,2021.3699951171875,2033.0,199900
2019-10-18,1984.9041748046875,2013.530029296875,2033.9200439453125,2006.9599609375,2030.8599853515625,352200
2019-10-21,1993.490478515625,2022.239990234375,2035.0,2017.4000244140625,2022.6800537109373,194500
2019-10-22,1994.2889404296875,2023.050048828125,2033.300048828125,2010.010009765625,2029.0400390625,186400
2019-10-23,2003.3382568359373,2032.22998046875,2034.6800537109373,2016.2099609375,2019.6600341796875,176100
2019-10-24,2014.6947021484373,2043.75,2045.8299560546875,2016.469970703125,2035.0,171900
2019-10-25,2026.701416015625,2055.929931640625,2058.860107421875,2019.77001953125,2020.1300048828125,242400
2019-10-28,2027.805419921875,2057.050048828125,2079.699951171875,2047.2900390625,2053.02001953125,195700
2019-10-29,2013.758056640625,2042.800048828125,2057.429931640625,2037.739990234375,2054.139892578125,177700
2019-10-30,2020.412109375,2049.550048828125,2050.860107421875,2030.3499755859373,2035.530029296875,150300
2019-10-31,2019.6431884765625,2048.77001953125,2059.169921875,2031.2900390625,2046.0799560546875,192400
2019-11-01,2003.13134765625,2032.02001953125,2041.5799560546875,2007.75,2023.6199951171875,333200
2019-11-04,1979.1373291015625,2007.6800537109373,2045.780029296875,2002.8299560546875,2042.0,328300
2019-11-05,1996.6351318359373,2025.4300537109373,2029.800048828125,2001.5899658203125,2008.989990234375,255700
2019-11-06,1983.4847412109373,2012.0899658203125,2022.43994140625,2001.4100341796875,2018.56005859375,378300
2019-11-07,1823.6300048828125,1849.9300537109373,1945.219970703125,1844.449951171875,1942.199951171875,1827300
2019-11-08,1852.4739990234373,1879.18994140625,1954.0,1841.0,1941.0,1033700
2019-11-11,1869.0845947265625,1896.0400390625,1897.97998046875,1852.8399658203125,1869.0,471200
2019-11-12,1849.171630859375,1875.8399658203125,1901.3499755859373,1860.22998046875,1901.3499755859373,496600
2019-11-13,1832.65966796875,1859.0899658203125,1871.8599853515625,1852.6400146484373,1855.5899658203125,426000
2019-11-14,1839.02783203125,1865.550048828125,1875.0,1850.9599609375,1855.3900146484373,276900
2019-11-15,1822.5357666015625,1848.8199462890625,1873.989990234375,1843.030029296875,1873.8499755859373,366400
2019-11-18,1811.8992919921875,1838.030029296875,1853.1500244140625,1826.699951171875,1847.0400390625,362000
2019-11-19,1819.0657958984373,1845.300048828125,1854.3599853515625,1833.4100341796875,1845.0,274000
2019-11-20,1825.4931640625,1851.8199462890625,1856.68994140625,1837.0,1846.06005859375,354700
2019-11-21,1846.6776123046875,1873.31005859375,1876.0,1844.5899658203125,1851.3399658203125,342700
2019-11-22,1850.8377685546875,1877.530029296875,1884.989990234375,1870.43994140625,1881.449951171875,239900
2019-11-25,1870.563232421875,1897.5400390625,1902.5699462890625,1875.010009765625,1885.0899658203125,298700
2019-11-26,1860.6265869140625,1887.4599609375,1899.75,1882.02001953125,1899.699951171875,329600
2019-11-27,1879.3465576171875,1906.449951171875,1916.3499755859373,1883.030029296875,1893.0,262800
2019-11-29,1876.9608154296875,1904.030029296875,1910.0,1899.0799560546875,1904.8900146484373,153600
2019-12-02,1857.6494140625,1884.43994140625,1903.489990234375,1867.760009765625,1898.2099609375,400300
2019-12-03,1853.2528076171875,1879.97998046875,1881.5799560546875,1852.52001953125,1865.3900146484373,192700
2019-12-04,1894.2122802734373,1921.530029296875,1929.0,1879.97998046875,1894.6400146484373,423600
2019-12-05,1877.148193359375,1904.219970703125,1929.0,1901.510009765625,1929.0,362800
2019-12-06,1902.8280029296875,1930.27001953125,1935.9200439453125,1920.2099609375,1923.27001953125,299300
2019-12-09,1878.696044921875,1905.7900390625,1928.6500244140625,1903.1800537109373,1928.0799560546875,343100
2019-12-10,1877.5523681640625,1904.6300048828125,1926.4000244140625,1901.5799560546875,1902.4000244140625,238800
2019-12-11,1898.5003662109373,1925.8800048828125,1929.8199462890625,1904.47998046875,1915.9000244140625,267400
2019-12-12,1920.779052734375,1948.47998046875,1959.0400390625,1924.4599609375,1930.8499755859373,302400
2019-12-13,1945.541748046875,1973.5999755859373,1990.0,1949.0799560546875,1960.8699951171875,395700
2019-12-16,1966.6573486328125,1995.02001953125,1998.010009765625,1983.469970703125,1983.469970703125,264100
2019-12-17,1973.4100341796875,2001.8699951171875,2011.6400146484373,1991.0,2000.0,311300
2019-12-18,1963.197265625,1991.510009765625,2008.6700439453125,1977.77001953125,2008.6700439453125,379800
2019-12-19,1974.642333984375,2003.1199951171875,2014.969970703125,1994.760009765625,1996.0,277500
2019-12-20,1994.4959716796875,2023.260009765625,2025.0,2002.3399658203125,2017.0,583200
2019-12-23,2003.2100830078125,2032.0999755859373,2041.5,2017.6800537109373,2026.010009765625,219600
2019-12-24,2014.9407958984373,2044.0,2047.300048828125,2031.2900390625,2032.239990234375,97300
2019-12-26,2034.9720458984373,2064.320068359375,2068.81005859375,2047.6500244140625,2049.340087890625,182600
2019-12-27,2043.0753173828125,2072.5400390625,2080.989990234375,2053.64990234375,2063.0,280000
2019-12-30,2024.6708984375,2053.8701171875,2082.669921875,2050.469970703125,2071.989990234375,224700
2019-12-31,2024.5328369140625,2053.72998046875,2057.989990234375,2039.969970703125,2046.510009765625,226900
2020-01-02,2045.086181640625,2074.580078125,2077.409912109375,2053.219970703125,2068.39990234375,329000
2020-01-03,2036.1156005859373,2065.47998046875,2067.68994140625,2035.0,2042.469970703125,294000
2020-01-06,2018.292724609375,2047.4000244140625,2059.7900390625,2035.0,2050.0,384000
2020-01-07,2038.6492919921875,2068.050048828125,2072.830078125,2038.5400390625,2047.3900146484373,345300
2020-01-08,2033.5721435546875,2062.89990234375,2088.659912109375,2057.139892578125,2066.840087890625,325800
2020-01-09,2054.65869140625,2084.2900390625,2090.0,2072.0,2072.0,273800
2020-01-10,2057.230712890625,2086.89990234375,2094.0,2076.93994140625,2088.3701171875,198500
2020-01-13,2050.921875,2080.5,2090.25,2073.010009765625,2090.25,254900
2020-01-14,2042.030517578125,2071.47998046875,2086.0,2067.159912109375,2074.60009765625,331700
2020-01-15,2035.8001708984373,2065.159912109375,2083.989990234375,2061.3798828125,2073.56005859375,309000
2020-01-16,2025.5380859375,2054.75,2073.010009765625,2040.969970703125,2073.010009765625,546800
2020-01-17,2025.47900390625,2054.68994140625,2064.0400390625,2046.9100341796875,2060.0,470800
2020-01-21,1962.2705078125,1990.5699462890625,2014.510009765625,1963.8699951171875,2006.0,711700
2020-01-22,1972.3353271484373,2000.780029296875,2014.239990234375,1992.0400390625,2004.3299560546875,357300
2020-01-23,1964.86328125,1993.199951171875,2006.3900146484373,1975.1199951171875,1986.239990234375,368500
2020-01-24,1935.05322265625,1962.9599609375,2000.81005859375,1954.739990234375,1998.0,580400
2020-01-27,1881.751708984375,1908.8900146484373,1917.9000244140625,1868.0400390625,1906.4100341796875,708900
2020-01-28,1890.1900634765625,1917.449951171875,1937.02001953125,1900.0,1914.6700439453125,512500
2020-01-29,1867.0240478515625,1893.949951171875,1933.0400390625,1890.0899658203125,1924.0400390625,445200
2020-01-30,1845.474853515625,1872.0899658203125,1885.510009765625,1858.8599853515625,1871.4200439453125,588900
2020-01-31,1804.525634765625,1830.550048828125,1865.9300537109373,1820.43994140625,1865.9300537109373,717800
2020-02-03,1812.8851318359373,1839.030029296875,1858.1600341796875,1830.050048828125,1838.8699951171875,634600
2020-02-04,1838.0028076171875,1864.510009765625,1895.5,1848.1800537109373,1857.06005859375,662600
2020-02-05,1911.7196044921875,1939.2900390625,1943.97998046875,1882.7099609375,1898.699951171875,552300
2020-02-06,1933.0223388671875,1960.9000244140625,1972.0,1937.010009765625,1958.9000244140625,412000
2020-02-07,1882.4420166015625,1909.5899658203125,1960.0,1904.1600341796875,1950.22998046875,449500
2020-02-10,1859.818115234375,1886.6400146484373,1912.5899658203125,1883.0,1901.68994140625,470200
2020-02-11,1882.1561279296875,1909.300048828125,1918.8900146484373,1892.6199951171875,1894.47998046875,408900
2020-02-12,1932.489990234375,1960.3599853515625,1967.0,1911.2099609375,1923.949951171875,473200
2020-02-13,1932.075927734375,1959.93994140625,1960.8800048828125,1929.0999755859373,1944.0,388800
2020-02-14,1962.655029296875,1990.9599609375,2024.8800048828125,1984.6600341796875,1998.43994140625,535900
2020-02-18,1948.183837890625,1976.280029296875,1988.18994140625,1961.949951171875,1972.25,363500
2020-02-19,1940.50439453125,1968.489990234375,1989.989990234375,1962.3199462890625,1982.760009765625,241300
2020-02-20,1942.89013671875,1970.9100341796875,1987.760009765625,1956.3900146484373,1960.0,359200
2020-02-21,1901.2999267578125,1928.719970703125,1968.0999755859373,1922.1600341796875,1965.0,358500
2020-02-24,1767.055908203125,1792.5400390625,1835.5,1777.8800048828125,1830.9300537109373,886000
2020-02-25,1702.03369140625,1726.5799560546875,1811.31005859375,1711.010009765625,1803.0,958300
2020-02-26,1654.3414306640625,1678.199951171875,1742.93994140625,1659.6400146484375,1731.219970703125,903300
2020-02-27,1636.2523193359375,1659.8499755859375,1730.0,1592.449951171875,1612.97998046875,1338000
2020-02-28,1671.5533447265625,1695.6600341796875,1718.0,1634.5400390625,1643.6400146484375,977000
2020-03-02,1704.3997802734375,1728.97998046875,1732.9200439453125,1651.760009765625,1709.75,869200
2020-03-03,1659.0928955078125,1683.02001953125,1749.989990234375,1646.9300537109375,1726.6300048828125,704300
2020-03-04,1707.5048828125,1732.1300048828125,1736.8900146484375,1671.239990234375,1697.1500244140625,593500
2020-03-05,1624.0189208984375,1647.43994140625,1680.0400390625,1632.5799560546875,1662.989990234375,788800
2020-03-06,1589.1712646484375,1612.0899658203125,1684.0,1584.0,1603.0899658203125,1077500
2020-03-09,1506.0797119140625,1527.800048828125,1588.6700439453125,1476.510009765625,1483.989990234375,770300
2020-03-10,1536.836181640625,1559.0,1615.0,1499.93994140625,1589.949951171875,742000
2020-03-11,1421.992431640625,1442.5,1528.530029296875,1420.56005859375,1522.2900390625,829800
2020-03-12,1262.197021484375,1280.4000244140625,1369.989990234375,1280.0,1297.0,1282100
2020-03-13,1401.123291015625,1421.3299560546875,1421.6700439453125,1270.8699951171875,1336.800048828125,1153100
2020-03-16,1271.335205078125,1289.6700439453125,1411.8299560546875,1252.219970703125,1275.0,986900
2020-03-17,1348.807861328125,1368.260009765625,1370.52001953125,1252.9100341796875,1309.56005859375,1080100
2020-03-18,1216.2100830078125,1233.75,1327.0899658203125,1165.02001953125,1277.8599853515625,933400
2020-03-19,1174.5411376953125,1191.47998046875,1236.6400146484375,1150.0,1211.1600341796875,980600
2020-03-20,1160.69091796875,1177.4300537109375,1299.949951171875,1157.4100341796875,1216.3399658203125,1146500
2020-03-23,1135.85888671875,1152.239990234375,1226.1400146484375,1107.2900390625,1166.97998046875,859900
2020-03-24,1241.564208984375,1259.469970703125,1279.0,1200.5799560546875,1218.6199951171875,854000
2020-03-25,1346.4320068359375,1365.8499755859375,1449.47998046875,1246.949951171875,1259.469970703125,998700
2020-03-26,1386.0113525390625,1406.0,1429.47998046875,1353.52001953125,1380.3299560546875,616500
2020-03-27,1237.305908203125,1255.1500244140625,1355.4599609375,1253.6099853515625,1344.8699951171875,701500
2020-03-30,1289.631103515625,1308.22998046875,1321.8900146484375,1216.97998046875,1261.27001953125,600800
2020-03-31,1326.1939697265625,1345.3199462890625,1390.3900146484375,1296.010009765625,1303.010009765625,770300
2020-04-01,1253.551513671875,1271.6300048828125,1328.3399658203125,1248.1800537109375,1293.81005859375,562800
2020-04-02,1242.0869140625,1260.0,1334.989990234375,1241.219970703125,1270.969970703125,573800
2020-04-03,1213.183837890625,1230.6800537109375,1279.1600341796875,1203.0799560546875,1244.1800537109375,442300
2020-04-06,1337.392578125,1356.6800537109375,1363.3499755859375,1292.81005859375,1303.280029296875,751500
2020-04-07,1356.802490234375,1376.3699951171875,1495.0,1366.7900390625,1412.010009765625,783400
2020-04-08,1352.5540771484375,1372.06005859375,1428.719970703125,1360.010009765625,1382.6500244140625,780900
2020-04-09,1400.4429931640625,1420.6400146484375,1450.0,1403.0,1424.760009765625,1032800
2020-04-13,1400.8077392578125,1421.010009765625,1428.010009765625,1368.3900146484375,1413.18994140625,404400
2020-04-14,1428.8140869140625,1449.4200439453125,1469.9599609375,1424.0,1460.0899658203125,579000
2020-04-15,1404.356689453125,1424.6099853515625,1440.0,1390.6700439453125,1407.8399658203125,452800
2020-04-16,1387.391357421875,1407.4000244140625,1432.3499755859375,1391.02001953125,1432.3499755859375,488400
2020-04-17,1449.9588623046875,1470.8699951171875,1484.6600341796875,1450.18994140625,1469.0,691300
2020-04-20,1391.561279296875,1411.6300048828125,1470.0,1410.0,1462.050048828125,459200
2020-04-21,1323.1380615234375,1342.219970703125,1387.739990234375,1317.4000244140625,1382.81005859375,652700
2020-04-22,1335.7364501953125,1355.0,1379.989990234375,1342.0,1365.010009765625,356600
2020-04-23,1340.665283203125,1360.0,1388.989990234375,1350.7900390625,1354.050048828125,372700
2020-04-24,1343.3958740234375,1362.77001953125,1374.5799560546875,1338.6600341796875,1372.3900146484375,334500
2020-04-27,1383.0440673828125,1402.989990234375,1411.239990234375,1371.0400390625,1374.9300537109375,456900
2020-04-28,1418.8577880859375,1439.3199462890625,1463.6500244140625,1410.800048828125,1434.199951171875,613500
2020-04-29,1498.9130859375,1520.530029296875,1527.72998046875,1473.300048828125,1487.8299560546875,703000
2020-04-30,1459.52099609375,1480.5699462890625,1520.4200439453125,1464.780029296875,1514.530029296875,450900
2020-05-01,1428.1932373046875,1448.7900390625,1460.300048828125,1415.31005859375,1442.75,458500
2020-05-04,1393.2076416015625,1413.300048828125,1445.3199462890625,1388.510009765625,1415.72998046875,471400
2020-05-05,1373.3931884765625,1393.199951171875,1446.3599853515625,1383.8599853515625,1443.25,425900
2020-05-06,1359.306396484375,1378.9100341796875,1416.3599853515625,1356.0,1397.4599609375,526600
2020-05-07,1423.38232421875,1443.9100341796875,1448.5899658203125,1382.0,1392.260009765625,654800
2020-05-08,1410.4881591796875,1430.8299560546875,1444.25,1366.0999755859375,1440.989990234375,877400
2020-05-11,1390.9403076171875,1411.0,1428.969970703125,1403.1199951171875,1427.02001953125,564700
2020-05-12,1366.216796875,1385.9200439453125,1413.97998046875,1385.1099853515625,1401.0899658203125,506900
2020-05-13,1346.6488037109375,1366.0699462890625,1388.9200439453125,1336.3199462890625,1379.3399658203125,780900
2020-05-14,1362.8553466796875,1382.510009765625,1388.93994140625,1303.25,1348.739990234375,708700
2020-05-15,1364.6297607421875,1384.31005859375,1409.489990234375,1372.1300048828125,1377.010009765625,632600
2020-05-18,1535.2884521484375,1557.4300537109375,1581.56005859375,1430.0,1430.0,1322000
2020-05-19,1525.5587158203125,1547.56005859375,1598.8299560546875,1544.1600341796875,1556.2900390625,828400
2020-05-20,1576.4154052734375,1599.1500244140625,1605.739990234375,1578.199951171875,1578.52001953125,700000
2020-05-21,1572.99462890625,1595.6800537109375,1623.43994140625,1575.7900390625,1605.0,631900
2020-05-22,1608.1082763671875,1631.300048828125,1637.2900390625,1584.6500244140625,1591.739990234375,574600
2020-05-26,1722.0745849609375,1746.9100341796875,1764.9000244140625,1692.1099853515625,1704.3199462890625,1201000
2020-05-27,1674.57958984375,1698.72998046875,1788.0,1692.6099853515625,1775.9300537109375,1017900
2020-05-28,1625.5467529296875,1648.989990234375,1708.0,1644.02001953125,1695.5899658203125,664100
2020-05-29,1616.1129150390625,1639.4200439453125,1657.0,1618.4300537109375,1657.0,688800
2020-06-01,1646.9776611328125,1670.72998046875,1684.1700439453125,1633.1199951171875,1633.1199951171875,490100
2020-06-02,1631.47119140625,1655.0,1692.050048828125,1653.5799560546875,1690.0,513600
2020-06-03,1701.432373046875,1725.969970703125,1743.8399658203125,1694.2900390625,1704.030029296875,597500
2020-06-04,1717.8653564453125,1742.6400146484375,1749.1800537109375,1706.0,1714.9000244140625,502400
2020-06-05,1786.8702392578125,1812.6400146484373,1853.3800048828125,1802.8499755859373,1826.760009765625,1034400
2020-06-08,1814.7381591796875,1840.9100341796875,1871.969970703125,1825.5699462890625,1846.5999755859373,672000
2020-06-09,1752.6929931640625,1777.969970703125,1818.3399658203125,1770.0,1808.0699462890625,450400
2020-06-10,1708.6680908203125,1733.31005859375,1793.0,1717.719970703125,1791.949951171875,536400
2020-06-11,1565.7886962890625,1588.3699951171875,1656.760009765625,1576.5699462890625,1655.8499755859375,920100
2020-06-12,1600.8331298828125,1623.9200439453125,1663.989990234375,1572.8399658203125,1653.5699462890625,489400
2020-06-15,1627.2027587890625,1650.6700439453125,1664.9300537109375,1555.010009765625,1567.6600341796875,409800
2020-06-16,1649.945068359375,1673.739990234375,1721.8499755859375,1641.75,1716.3199462890625,454600
2020-06-17,1614.9495849609375,1638.239990234375,1678.5799560546875,1626.010009765625,1677.9200439453125,355000
2020-06-18,1605.2001953125,1628.3499755859375,1658.0,1590.9300537109375,1622.4000244140625,546600
2020-06-19,1603.7806396484375,1626.9100341796875,1657.489990234375,1600.0,1654.0,754200
2020-06-22,1610.296630859375,1633.52001953125,1636.2900390625,1593.8699951171875,1609.739990234375,333900
2020-06-23,1653.2572021484375,1677.0999755859375,1678.5,1640.0,1652.300048828125,363300
2020-06-24,1587.4364013671875,1610.3299560546875,1669.77001953125,1582.0,1660.7099609375,597300
2020-06-25,1592.42431640625,1615.3900146484375,1623.969970703125,1561.719970703125,1585.81005859375,498600
2020-06-26,1519.3385009765625,1541.25,1611.7099609375,1532.8299560546875,1597.300048828125,601700
2020-06-29,1570.5697021484375,1593.219970703125,1595.300048828125,1540.47998046875,1567.77001953125,365800
2020-06-30,1569.7021484375,1592.3399658203125,1603.239990234375,1566.4200439453125,1583.9000244140625,293600
2020-07-01,1635.207275390625,1658.7900390625,1670.0,1601.1400146484375,1606.050048828125,538800
2020-07-02,1646.2381591796875,1669.97998046875,1714.0899658203125,1658.4000244140625,1690.1099853515625,360800
2020-07-06,1679.5380859375,1703.760009765625,1738.0,1680.1700439453125,1706.18994140625,440800
2020-07-07,1633.8863525390625,1657.449951171875,1697.3299560546875,1654.6600341796875,1681.3599853515625,267100
2020-07-08,1637.681884765625,1661.300048828125,1665.9599609375,1633.25,1662.0,332500
2020-07-09,1646.5340576171875,1670.280029296875,1679.699951171875,1627.47998046875,1671.9000244140625,406600
2020-07-10,1683.12646484375,1707.4000244140625,1708.800048828125,1652.97998046875,1660.6800537109375,323400
2020-07-13,1662.77978515625,1686.760009765625,1739.5799560546875,1685.010009765625,1720.8900146484375,400600
2020-07-14,1672.1151123046875,1696.22998046875,1703.56005859375,1652.68994140625,1668.68994140625,261100
2020-07-15,1773.7593994140625,1799.3399658203125,1802.72998046875,1745.0400390625,1747.0,646800
2020-07-16,1721.9564208984375,1746.7900390625,1773.5,1730.6700439453125,1767.2099609375,251700
2020-07-17,1707.56396484375,1732.18994140625,1757.1199951171875,1719.0400390625,1757.1199951171875,368700
2020-07-20,1689.28759765625,1713.6500244140625,1748.0,1700.4200439453125,1724.010009765625,308300
2020-07-21,1687.3751220703125,1711.7099609375,1762.6700439453125,1703.6099853515625,1735.9100341796875,382600
2020-07-22,1696.07958984375,1720.5400390625,1728.3199462890625,1681.25,1717.9599609375,367500
2020-07-23,1671.35595703125,1695.4599609375,1729.3299560546875,1692.1500244140625,1721.280029296875,263800
2020-07-24,1677.1131591796875,1701.300048828125,1709.239990234375,1671.969970703125,1678.27001953125,324900
2020-07-27,1678.621337890625,1702.8299560546875,1711.8800048828125,1671.010009765625,1690.6400146484375,223900
2020-07-28,1657.8409423828125,1681.75,1702.8399658203125,1677.2900390625,1696.3399658203125,210600
2020-07-29,1683.2642822265625,1707.5400390625,1724.4000244140625,1676.949951171875,1688.8599853515625,311300
2020-07-30,1663.745849609375,1687.739990234375,1699.2099609375,1657.1600341796875,1683.800048828125,205400
2020-07-31,1638.4998779296875,1662.1300048828125,1692.25,1625.6099853515625,1687.8699951171875,305200
2020-08-03,1626.7789306640625,1650.239990234375,1669.8900146484375,1634.68994140625,1665.9100341796875,201300
2020-08-04,1651.3150634765625,1675.1300048828125,1680.0,1635.3499755859375,1641.0,240200
2020-08-05,1700.2493896484375,1724.77001953125,1734.4300537109375,1683.3900146484375,1700.1300048828125,314400
2020-08-06,1726.8853759765625,1751.7900390625,1765.97998046875,1700.72998046875,1702.0,451100
2020-08-07,1729.537109375,1754.47998046875,1821.449951171875,1742.0,1813.4000244140625,566000
2020-08-10,1743.4366455078125,1768.5799560546875,1785.8900146484375,1731.050048828125,1760.0,357100
2020-08-11,1779.437255859375,1805.0999755859373,1847.4200439453125,1800.010009765625,1818.27001953125,476000
2020-08-12,1782.365234375,1808.0699462890625,1828.0,1805.5,1816.300048828125,274200
2020-08-13,1767.479736328125,1792.969970703125,1823.97998046875,1789.0,1799.06005859375,220200
2020-08-14,1753.580322265625,1778.8699951171875,1787.219970703125,1768.27001953125,1780.0,262500
2020-08-17,1727.9991455078125,1752.9200439453125,1792.3900146484375,1750.0,1792.3900146484375,244500
2020-08-18,1753.619873046875,1778.9100341796875,1792.0,1744.1300048828125,1750.0,238900
2020-08-19,1742.34228515625,1767.469970703125,1807.0899658203125,1760.3199462890625,1783.010009765625,311600
2020-08-20,1743.544921875,1768.68994140625,1774.949951171875,1746.010009765625,1751.9000244140625,245900
2020-08-21,1754.0731201171875,1779.3699951171875,1785.050048828125,1754.6700439453125,1763.0,270400
2020-08-24,1808.3603515625,1834.43994140625,1837.719970703125,1796.93994140625,1803.56005859375,362400
2020-08-25,1827.445068359375,1853.800048828125,1858.2900390625,1816.4100341796875,1836.02001953125,313200
2020-08-26,1840.4276123046875,1866.969970703125,1883.969970703125,1835.010009765625,1838.800048828125,394400
2020-08-27,1866.5806884765625,1893.5,1924.8599853515625,1874.27001953125,1892.5799560546875,398900
2020-08-28,1917.5948486328125,1945.25,1955.6099853515625,1895.22998046875,1896.1500244140625,320800
2020-08-31,1883.2896728515625,1910.449951171875,1936.5,1908.1300048828125,1922.469970703125,321200
2020-09-01,1901.4378662109373,1928.8599853515625,1937.0,1899.72998046875,1905.1300048828125,315900
2020-09-02,1921.0255126953125,1948.72998046875,1955.4000244140625,1895.6500244140625,1940.0,335300
2020-09-03,1917.7921142578125,1945.449951171875,1966.219970703125,1909.8900146484373,1952.1500244140625,428100
2020-09-04,1890.47607421875,1917.739990234375,1962.5999755859373,1906.0799560546875,1947.969970703125,379300
2020-09-08,1864.70751953125,1891.5999755859373,1930.0799560546875,1882.93994140625,1886.8599853515625,346900
2020-09-09,1844.4696044921875,1871.0699462890625,1910.0799560546875,1823.4000244140625,1887.550048828125,460900
2020-09-10,1790.7640380859375,1816.5899658203125,1901.9000244140625,1811.739990234375,1871.0,341800
2020-09-11,1758.3809814453125,1783.739990234375,1835.02001953125,1769.97998046875,1813.52001953125,382800
2020-09-14,1759.2188720703125,1784.5899658203125,1805.449951171875,1774.5999755859375,1803.0,377000
2020-09-15,1761.5947265625,1787.0,1817.739990234375,1785.0,1797.4100341796875,268000
2020-09-16,1780.97509765625,1806.6600341796875,1837.8299560546875,1787.9000244140625,1800.0,382300
2020-09-17,1761.8016357421875,1787.2099609375,1805.8399658203125,1756.489990234375,1783.18994140625,480600
2020-09-18,1707.65283203125,1732.280029296875,1794.52001953125,1720.0,1791.1600341796875,629300
2020-09-21,1628.8984375,1652.3900146484375,1688.0899658203125,1632.1700439453125,1676.199951171875,656100
2020-09-22,1650.2010498046875,1674.0,1679.3399658203125,1625.0,1659.219970703125,434000
2020-09-23,1615.17626953125,1638.469970703125,1693.0899658203125,1633.739990234375,1692.0999755859375,288900
2020-09-24,1627.104248046875,1650.5699462890625,1680.3499755859375,1601.010009765625,1617.280029296875,394100
2020-09-25,1634.201904296875,1657.77001953125,1660.739990234375,1612.0,1635.0,302600
2020-09-28,1676.2259521484375,1700.4000244140625,1729.25,1671.25,1694.989990234375,296300
2020-09-29,1649.1956787109375,1672.97998046875,1712.27001953125,1670.4100341796875,1700.1500244140625,228400
2020-09-30,1686.359619140625,1710.6800537109375,1729.7900390625,1679.0,1682.6400146484375,326100
2020-10-01,1718.200439453125,1742.97998046875,1750.0,1730.0,1735.5400390625,339500
2020-10-02,1686.3895263671875,1710.7099609375,1720.0,1684.030029296875,1698.989990234375,269900
2020-10-05,1682.5250244140625,1706.7900390625,1720.469970703125,1662.469970703125,1705.280029296875,317000
2020-10-06,1685.403564453125,1709.7099609375,1759.030029296875,1700.0999755859375,1714.0899658203125,330400
2020-10-07,1733.8448486328125,1758.8499755859375,1761.1800537109375,1720.0,1724.0,215500
2020-10-08,1763.37890625,1788.81005859375,1794.530029296875,1753.0,1770.06005859375,262900
2020-10-09,1792.0455322265625,1817.8900146484373,1828.81005859375,1786.7099609375,1807.0,264900
2020-10-12,1818.7701416015625,1845.0,1866.0,1826.6600341796875,1830.8299560546875,357000
2020-10-13,1755.6505126953125,1780.969970703125,1846.97998046875,1771.8699951171875,1840.0,426200
2020-10-14,1707.968017578125,1732.5999755859375,1791.1700439453125,1730.8800048828125,1783.3800048828125,316800
2020-10-15,1677.9117431640625,1702.1099853515625,1711.1600341796875,1686.4200439453125,1700.0,321600
2020-10-16,1644.158447265625,1667.8699951171875,1712.8399658203125,1667.5799560546875,1704.0,416200
2020-10-19,1629.5194091796875,1653.02001953125,1686.469970703125,1652.3699951171875,1679.75,317900
2020-10-20,1647.9437255859375,1671.7099609375,1688.72998046875,1661.0999755859375,1673.0,292600
2020-10-21,1677.832763671875,1702.030029296875,1704.260009765625,1657.3800048828125,1660.0,284500
2020-10-22,1766.54345703125,1792.02001953125,1797.3699951171875,1702.3800048828125,1714.18994140625,475100
2020-10-23,1797.625,1823.550048828125,1826.1600341796875,1788.949951171875,1800.7900390625,316800
2020-10-26,1724.4208984375,1749.2900390625,1793.27001953125,1714.1199951171875,1775.1300048828125,294900
2020-10-27,1673.5740966796875,1697.7099609375,1745.0,1685.3599853515625,1738.56005859375,244900
2020-10-28,1582.2313232421875,1605.050048828125,1669.97998046875,1602.550048828125,1663.1700439453125,420800
2020-10-29,1607.0830078125,1630.260009765625,1643.0999755859375,1589.0,1600.0,340900
2020-10-30,1599.433349609375,1622.5,1634.9599609375,1591.0999755859375,1620.780029296875,411100
2020-11-02,1581.3245849609375,1604.1300048828125,1653.5,1598.010009765625,1653.5,342700
2020-11-03,1645.8441162109375,1669.5799560546875,1682.3299560546875,1598.780029296875,1622.7900390625,341100
2020-11-04,1688.962158203125,1713.3199462890625,1751.8299560546875,1674.800048828125,1702.969970703125,423200
2020-11-05,1743.17041015625,1768.31005859375,1783.1700439453125,1734.010009765625,1734.010009765625,388200
2020-11-06,1758.3909912109375,1783.75,1796.010009765625,1701.0899658203125,1721.0400390625,452300
2020-11-09,2088.12548828125,2118.239990234375,2128.02001953125,2013.219970703125,2049.0,1649300
2020-11-10,1978.9007568359373,2007.43994140625,2103.0,1989.6099853515625,2079.590087890625,738500
2020-11-11,1971.586181640625,2000.02001953125,2008.0,1955.699951171875,1996.949951171875,441300
2020-11-12,1935.0135498046875,1962.9200439453125,1990.0,1953.1500244140625,1975.0,381500
2020-11-13,2023.68505859375,2052.8701171875,2069.889892578125,1970.0,1970.0,445500
2020-11-16,2079.618408203125,2109.610107421875,2121.989990234375,2060.780029296875,2117.8701171875,845900
2020-11-17,2051.661376953125,2081.25,2091.52001953125,2057.9599609375,2080.0,339100
2020-11-18,2015.532470703125,2044.5999755859373,2103.510009765625,2044.02001953125,2076.0,376700
2020-11-19,1982.380615234375,2010.969970703125,2054.97998046875,2000.0,2022.8399658203125,388800
2020-11-20,1964.439453125,1992.77001953125,2036.52001953125,1987.8399658203125,2017.5999755859373,307800
2020-11-23,1991.12451171875,2019.8399658203125,2042.06005859375,2000.0,2004.8699951171875,336500
2020-11-24,2073.545654296875,2103.449951171875,2107.030029296875,2026.6099853515625,2050.0,445600
2020-11-25,2034.459716796875,2063.800048828125,2118.9599609375,2043.8499755859373,2108.739990234375,215900
2020-11-27,2023.487548828125,2052.669921875,2083.719970703125,2048.280029296875,2067.860107421875,117200
2020-11-30,1999.612060546875,2028.449951171875,2058.0,2019.8699951171875,2057.669921875,335500
2020-12-01,2023.487548828125,2052.669921875,2088.85009765625,2030.0,2047.2099609375,295100
2020-12-02,2048.87158203125,2078.419921875,2097.989990234375,2036.8800048828125,2052.669921875,247700
2020-12-03,2066.82275390625,2096.6298828125,2122.030029296875,2065.179931640625,2096.800048828125,337300
2020-12-04,2094.819091796875,2125.030029296875,2138.969970703125,2090.0,2103.699951171875,339500
2020-12-07,2098.515625,2128.780029296875,2137.429931640625,2085.0,2119.969970703125,321500
2020-12-08,2056.984619140625,2086.64990234375,2128.2099609375,2082.449951171875,2093.06005859375,342300
2020-12-09,2077.154052734375,2107.110107421875,2170.030029296875,2076.81005859375,2100.469970703125,697900
2020-12-10,2074.94580078125,2104.8701171875,2151.580078125,2079.18994140625,2094.989990234375,380200
2020-12-11,2059.50830078125,2089.2099609375,2104.02001953125,2050.1298828125,2090.219970703125,354500
2020-12-14,2036.63818359375,2066.010009765625,2143.06005859375,2065.080078125,2120.090087890625,339200
2020-12-15,2068.222900390625,2098.050048828125,2105.820068359375,2055.010009765625,2078.219970703125,314700
2020-12-16,2068.873046875,2098.7099609375,2118.199951171875,2077.39990234375,2118.199951171875,238600
2020-12-17,2083.383544921875,2113.429931640625,2126.949951171875,2070.52001953125,2117.949951171875,295300
2020-12-18,2069.7998046875,2099.64990234375,2118.75,2087.929931640625,2118.75,536200
2020-12-21,2038.797119140625,2068.199951171875,2071.820068359375,2024.02001953125,2050.0,357100
2020-12-22,2023.6356201171875,2052.820068359375,2069.360107421875,2031.3900146484373,2068.35009765625,198800
2020-12-23,2070.982666015625,2100.85009765625,2114.14990234375,2050.429931640625,2055.389892578125,314700
2020-12-24,2058.66064453125,2088.35009765625,2119.0,2081.0,2119.0,182500
2020-12-28,2107.525390625,2137.919921875,2152.260009765625,2124.4599609375,2129.449951171875,251000
2020-12-29,2154.330322265625,2185.39990234375,2200.0,2153.9599609375,2165.97998046875,341900
2020-12-30,2173.908447265625,2205.260009765625,2214.010009765625,2174.969970703125,2200.0,229700
2020-12-31,2195.60546875,2227.27001953125,2227.969970703125,2185.0,2198.070068359375,176600
2021-01-04,2133.31396484375,2164.080078125,2257.18994140625,2121.2099609375,2250.0,334000
2021-01-05,2156.962890625,2188.070068359375,2225.93994140625,2154.56005859375,2164.0,348200
2021-01-06,2217.8251953125,2249.81005859375,2288.489990234375,2160.0,2175.889892578125,393400
2021-01-07,2208.0068359375,2239.85009765625,2288.0,2219.77001953125,2278.14990234375,299700
2021-01-08,2249.10400390625,2281.5400390625,2289.97998046875,2248.469970703125,2256.340087890625,310500
2021-01-11,2189.690673828125,2221.27001953125,2290.0400390625,2214.030029296875,2252.429931640625,320600
2021-01-12,2165.114990234375,2196.340087890625,2243.639892578125,2191.6298828125,2237.360107421875,259400
2021-01-13,2151.39306640625,2182.419921875,2208.080078125,2168.39990234375,2168.39990234375,239600
2021-01-14,2151.56103515625,2182.590087890625,2215.780029296875,2178.77001953125,2185.27001953125,273100
2021-01-15,2089.1015625,2119.22998046875,2179.2900390625,2116.0,2179.2900390625,340800
2021-01-19,2132.28857421875,2163.0400390625,2169.949951171875,2108.9599609375,2135.0,274900
2021-01-20,2129.34130859375,2160.050048828125,2179.97998046875,2124.56005859375,2179.97998046875,339000
2021-01-21,2079.943359375,2109.93994140625,2157.010009765625,2105.0,2140.89990234375,460800
2021-01-22,2036.86474609375,2066.239990234375,2109.510009765625,2065.0,2101.830078125,356700
2021-01-25,1989.734375,2018.4300537109373,2060.35009765625,1947.0899658203125,2044.8599853515625,879500
2021-01-26,1954.966064453125,1983.1600341796875,2056.72998046875,1974.6500244140625,2033.3699951171875,447600
2021-01-27,1859.276123046875,1886.0899658203125,1975.9599609375,1860.72998046875,1949.3299560546875,705600
2021-01-28,2005.181640625,2034.0999755859373,2048.77001953125,1935.8800048828125,1979.0400390625,843300
2021-01-29,1916.688232421875,1944.3299560546875,2040.0,1938.800048828125,2036.0,536200
2021-02-01,1962.162109375,1990.4599609375,2006.3800048828125,1965.0,1996.18994140625,478700
2021-02-02,2036.1650390625,2065.530029296875,2112.909912109375,2025.4100341796875,2035.0,440700
2021-02-03,1998.478515625,2027.300048828125,2094.800048828125,2024.719970703125,2079.530029296875,352600
2021-02-04,2053.327392578125,2082.93994140625,2085.89990234375,2015.6600341796875,2036.18994140625,355200
2021-02-05,2066.615966796875,2096.419921875,2129.989990234375,2073.8798828125,2109.2900390625,238400
2021-02-08,2069.711181640625,2099.56005859375,2131.659912109375,2070.7900390625,2117.050048828125,219000
2021-02-09,2055.634033203125,2085.280029296875,2104.85009765625,2051.639892578125,2082.8798828125,229700
2021-02-10,2111.31103515625,2141.760009765625,2161.2099609375,2091.179931640625,2116.300048828125,334100
2021-02-11,2128.562255859375,2159.260009765625,2183.659912109375,2132.840087890625,2145.340087890625,258300
2021-02-12,2120.006103515625,2150.580078125,2188.989990234375,2110.010009765625,2126.35009765625,210600
2021-02-16,2153.1083984375,2184.159912109375,2198.030029296875,2133.7099609375,2139.18994140625,242400
2021-02-17,2202.01318359375,2233.77001953125,2237.949951171875,2174.14990234375,2183.389892578125,287700
2021-02-18,2227.66357421875,2259.7900390625,2275.909912109375,2190.030029296875,2190.030029296875,317000
2021-02-19,2260.450439453125,2293.050048828125,2322.0400390625,2259.85009765625,2273.0,353500
2021-02-22,2316.610107421875,2350.02001953125,2392.969970703125,2265.669921875,2265.669921875,504100
2021-02-23,2325.82763671875,2359.3701171875,2367.0,2292.169921875,2348.360107421875,515300
2021-02-24,2408.76123046875,2443.5,2450.260009765625,2324.179931640625,2343.77001953125,610000
2021-02-25,2240.882568359375,2273.199951171875,2438.949951171875,2261.469970703125,2419.929931640625,751800
2021-02-26,2295.406005859375,2328.510009765625,2345.0,2251.7099609375,2343.89990234375,503900
2021-03-01,2287.509765625,2320.5,2382.300048828125,2300.2099609375,2372.989990234375,359900
2021-03-02,2249.76416015625,2282.2099609375,2342.0,2275.0,2338.0,310000
2021-03-03,2242.656982421875,2275.0,2334.93994140625,2272.139892578125,2286.22998046875,364500
2021-03-04,2187.79833984375,2219.35009765625,2277.169921875,2163.39990234375,2277.169921875,484100
2021-03-05,2274.300537109375,2307.10009765625,2312.800048828125,2178.8798828125,2235.77001953125,435300
2021-03-08,2335.064208984375,2368.739990234375,2412.340087890625,2298.360107421875,2303.429931640625,564000
2021-03-09,2333.14208984375,2366.7900390625,2441.75,2344.010009765625,2380.139892578125,481700
2021-03-10,2335.635986328125,2369.320068359375,2420.0,2363.909912109375,2379.35009765625,443900
2021-03-11,2328.47900390625,2362.06005859375,2447.469970703125,2343.780029296875,2398.280029296875,512200
2021-03-12,2366.9052734375,2401.0400390625,2412.830078125,2350.8798828125,2358.989990234375,404600
2021-03-15,2404.818359375,2439.5,2443.52001953125,2374.010009765625,2412.760009765625,468800
2021-03-16,2362.48876953125,2396.56005859375,2429.530029296875,2380.010009765625,2416.35009765625,360700
2021-03-17,2426.78173828125,2461.780029296875,2469.580078125,2370.0,2373.5,394400
2021-03-18,2313.583740234375,2346.949951171875,2447.4599609375,2344.0,2428.030029296875,498000
2021-03-19,2255.215576171875,2287.739990234375,2350.090087890625,2265.81005859375,2332.820068359375,637600
2021-03-22,2200.15966796875,2231.889892578125,2340.0,2225.0,2340.0,531300
2021-03-23,2183.509521484375,2215.0,2250.6201171875,2184.469970703125,2250.6201171875,501900
2021-03-24,2171.4140625,2202.72998046875,2278.0,2199.010009765625,2231.800048828125,441000
2021-03-25,2236.653564453125,2268.909912109375,2282.8798828125,2173.0,2186.699951171875,421300
2021-03-26,2290.496826171875,2323.530029296875,2329.330078125,2246.639892578125,2275.93994140625,377000
2021-03-29,2317.931396484375,2351.360107421875,2375.0,2307.409912109375,2311.0,341400
2021-03-30,2301.695556640625,2334.889892578125,2370.22998046875,2316.7900390625,2343.25,250400
2021-03-31,2296.717529296875,2329.840087890625,2363.919921875,2319.31005859375,2345.679931640625,530800
2021-04-01,2348.589111328125,2382.4599609375,2389.72998046875,2348.22998046875,2354.280029296875,248200
2021-04-05,2374.92919921875,2409.179931640625,2436.8798828125,2386.860107421875,2410.0,342300
2021-04-06,2387.567138671875,2422.0,2447.409912109375,2407.22998046875,2415.0,411100
2021-04-07,2376.36865234375,2410.639892578125,2440.2099609375,2395.570068359375,2429.06005859375,235500
2021-04-08,2393.4716796875,2427.989990234375,2435.429931640625,2392.0,2392.0,222000
2021-04-09,2415.22802734375,2450.06005859375,2454.719970703125,2405.550048828125,2434.0,239800
2021-04-12,2374.80126953125,2409.050048828125,2450.199951171875,2396.489990234375,2436.0,551400
2021-04-13,2370.10888671875,2404.2900390625,2415.7900390625,2367.14990234375,2403.919921875,789700
2021-04-14,2419.3291015625,2454.219970703125,2482.820068359375,2407.47998046875,2413.10009765625,939600
2021-04-15,2398.61767578125,2433.2099609375,2468.929931640625,2426.179931640625,2467.5400390625,639300
2021-04-16,2441.6865234375,2476.89990234375,2489.409912109375,2435.830078125,2443.72998046875,783500
2021-04-19,2421.28076171875,2456.199951171875,2488.320068359375,2443.110107421875,2480.429931640625,327000
2021-04-20,2311.661865234375,2345.0,2436.489990234375,2317.2900390625,2433.75,477700
2021-04-21,2324.2109375,2357.72998046875,2365.989990234375,2343.06005859375,2359.919921875,280800
2021-04-22,2313.6826171875,2347.050048828125,2395.0,2343.0,2353.719970703125,287500
2021-04-23,2361.374755859375,2395.429931640625,2404.330078125,2350.4599609375,2367.18994140625,253700
2021-04-26,2423.302001953125,2458.25,2460.929931640625,2407.0,2424.889892578125,323300
2021-04-27,2429.11767578125,2464.14990234375,2469.1201171875,2441.669921875,2458.0,220700
2021-04-28,2469.48583984375,2505.10009765625,2514.989990234375,2461.0,2475.0,323500
2021-04-29,2465.86767578125,2501.429931640625,2516.0,2476.010009765625,2507.469970703125,218800
2021-04-30,2431.0205078125,2466.080078125,2497.699951171875,2436.139892578125,2497.699951171875,328100
2021-05-03,2405.744873046875,2440.43994140625,2486.989990234375,2435.31005859375,2484.070068359375,190100
2021-05-04,2349.0625,2382.93994140625,2427.820068359375,2368.830078125,2409.7900390625,339100
2021-05-05,2304.682373046875,2337.919921875,2403.75,2327.18994140625,2402.050048828125,381500
2021-05-06,2246.945068359375,2279.35009765625,2324.0,2255.14990234375,2297.7099609375,432700
2021-05-07,2293.99658203125,2327.080078125,2361.419921875,2290.739990234375,2312.239990234375,381600
2021-05-10,2230.926513671875,2263.10009765625,2333.0,2261.68994140625,2331.639892578125,382900
2021-05-11,2215.72509765625,2247.679931640625,2262.77001953125,2205.080078125,2230.0,418900
2021-05-12,2141.367919921875,2172.25,2236.550048828125,2163.47998046875,2231.31005859375,417100
2021-05-13,2175.89013671875,2207.27001953125,2235.669921875,2162.14990234375,2193.949951171875,299500
2021-05-14,2250.0302734375,2282.47998046875,2291.85009765625,2227.409912109375,2251.1201171875,340400
2021-05-17,2191.543701171875,2223.14990234375,2275.5,2211.590087890625,2261.5400390625,322300
2021-05-18,2180.177978515625,2211.6201171875,2252.60009765625,2210.60009765625,2231.550048828125,344600
2021-05-19,2237.73779296875,2270.010009765625,2272.7099609375,2161.780029296875,2167.2900390625,405800
2021-05-20,2273.265625,2306.050048828125,2309.760009765625,2260.909912109375,2279.840087890625,311900
2021-05-21,2260.775390625,2293.3798828125,2336.300048828125,2268.340087890625,2324.570068359375,263200
2021-05-24,2315.09228515625,2348.47998046875,2356.14990234375,2300.199951171875,2301.719970703125,332500
2021-05-25,2305.7568359375,2339.010009765625,2373.8798828125,2329.2900390625,2357.5,278100
2021-05-26,2313.63330078125,2347.0,2372.699951171875,2341.610107421875,2366.489990234375,293900
2021-05-27,2301.587158203125,2334.780029296875,2360.77001953125,2326.68994140625,2360.77001953125,689000
2021-05-28,2327.9765625,2361.550048828125,2367.81005859375,2315.47998046875,2339.840087890625,232300
2021-06-01,2295.1796875,2328.280029296875,2380.2900390625,2316.050048828125,2380.0,316000
2021-06-02,2284.966796875,2317.919921875,2356.5,2310.7099609375,2339.699951171875,292700
2021-06-03,2263.171142578125,2295.81005859375,2327.050048828125,2262.0,2293.419921875,283300
2021-06-04,2282.7685546875,2315.68994140625,2328.4599609375,2304.239990234375,2304.780029296875,173700
2021-06-07,2265.842529296875,2298.52001953125,2341.1201171875,2291.56005859375,2319.830078125,198800
2021-06-08,2270.98828125,2303.739990234375,2319.52001953125,2290.179931640625,2300.419921875,233900
2021-06-09,2281.161865234375,2314.06005859375,2330.340087890625,2294.760009765625,2300.0,266400
2021-06-10,2291.40380859375,2324.449951171875,2328.75,2282.8701171875,2307.330078125,269400
2021-06-11,2271.60986328125,2304.3701171875,2327.929931640625,2293.419921875,2313.89990234375,291700
2021-06-14,2272.269775390625,2305.0400390625,2315.669921875,2290.85009765625,2311.8701171875,190200
2021-06-15,2269.233642578125,2301.9599609375,2333.0,2283.820068359375,2302.3701171875,212100
2021-06-16,2265.556640625,2298.22998046875,2319.35009765625,2284.679931640625,2312.02001953125,167900
2021-06-17,2261.38671875,2294.0,2318.989990234375,2287.449951171875,2296.139892578125,247800
2021-06-18,2210.7275390625,2242.610107421875,2299.02001953125,2230.52001953125,2283.090087890625,482900
2021-06-21,2230.896484375,2263.070068359375,2276.7099609375,2231.22998046875,2253.889892578125,203000
2021-06-22,2218.8994140625,2250.89990234375,2276.64990234375,2239.0,2267.889892578125,214400
2021-06-23,2214.34521484375,2246.280029296875,2261.030029296875,2232.72998046875,2251.0400390625,162200
2021-06-24,2214.295654296875,2246.22998046875,2267.969970703125,2234.550048828125,2267.68994140625,212300
2021-06-25,2249.22216796875,2281.659912109375,2299.3798828125,2246.4599609375,2257.89990234375,337200
2021-06-28,2173.208251953125,2204.550048828125,2260.0,2171.610107421875,2249.75,612200
2021-06-29,2141.308349609375,2172.18994140625,2196.8701171875,2165.89990234375,2192.320068359375,517700
2021-06-30,2156.982421875,2188.090087890625,2220.0,2175.0,2178.5400390625,414700
2021-07-01,2178.600830078125,2210.02001953125,2224.0,2194.669921875,2194.669921875,245200
2021-07-02,2207.060546875,2238.889892578125,2246.590087890625,2215.300048828125,2220.1298828125,243300
2021-07-06,2190.725830078125,2222.320068359375,2243.169921875,2217.9599609375,2233.760009765625,302200
2021-07-07,2135.965576171875,2166.77001953125,2227.449951171875,2153.030029296875,2224.919921875,273200
2021-07-08,2133.15625,2163.919921875,2184.590087890625,2126.280029296875,2150.14990234375,299600
2021-07-09,2163.784423828125,2194.989990234375,2205.340087890625,2160.449951171875,2179.3798828125,296200
2021-07-12,2172.666259765625,2204.0,2206.179931640625,2166.5,2182.06005859375,302200
2021-07-13,2157.327392578125,2188.43994140625,2228.739990234375,2185.81005859375,2204.39990234375,394900
2021-07-14,2145.67578125,2176.6201171875,2218.10009765625,2175.889892578125,2206.02001953125,211500
2021-07-15,2138.54833984375,2169.389892578125,2183.31005859375,2145.5,2173.0,271900
2021-07-16,2114.229248046875,2144.719970703125,2186.47998046875,2139.699951171875,2183.889892578125,187700
2021-07-19,2038.1563720703125,2067.550048828125,2121.669921875,2058.679931640625,2101.7099609375,456500
2021-07-20,2100.14208984375,2130.429931640625,2141.449951171875,2053.570068359375,2067.550048828125,314000
2021-07-21,2162.83837890625,2194.030029296875,2198.550048828125,2143.68994140625,2143.68994140625,270400
2021-07-22,2163.21240234375,2194.409912109375,2204.6298828125,2170.0,2191.5400390625,248800
2021-07-23,2171.257080078125,2202.570068359375,2214.179931640625,2182.4599609375,2193.050048828125,215300
2021-07-26,2198.98681640625,2230.699951171875,2236.090087890625,2199.449951171875,2203.8798828125,251100
2021-07-27,2214.256591796875,2246.18994140625,2249.699951171875,2203.1201171875,2227.679931640625,311300
2021-07-28,2194.678955078125,2226.330078125,2264.639892578125,2213.22998046875,2250.0,302200
2021-07-29,2182.859375,2214.340087890625,2247.340087890625,2212.489990234375,2244.4599609375,283500
2021-07-30,2147.292236328125,2178.260009765625,2205.18994140625,2170.030029296875,2198.60009765625,276700
2021-08-02,2140.07666015625,2170.93994140625,2235.969970703125,2160.18994140625,2191.679931640625,252700
2021-08-03,2108.87646484375,2139.2900390625,2187.090087890625,2116.02001953125,2173.590087890625,269700
2021-08-04,2055.98876953125,2085.639892578125,2148.590087890625,2079.169921875,2131.7900390625,391600
2021-08-05,2176.32373046875,2207.7099609375,2228.2900390625,2135.06005859375,2149.989990234375,438400
2021-08-06,2151.9453125,2182.97998046875,2229.969970703125,2152.419921875,2207.830078125,457900
2021-08-09,2127.103271484375,2157.780029296875,2182.969970703125,2130.39990234375,2182.969970703125,274000
2021-08-10,2169.1865234375,2200.469970703125,2202.989990234375,2157.780029296875,2157.780029296875,277500
2021-08-11,2168.93994140625,2200.219970703125,2209.919921875,2168.820068359375,2194.77001953125,224900
2021-08-12,2161.990478515625,2193.169921875,2196.5,2154.1298828125,2181.360107421875,206300
2021-08-13,2172.0947265625,2203.419921875,2208.06005859375,2167.02001953125,2196.39990234375,228100
2021-08-16,2100.59521484375,2130.889892578125,2198.0400390625,2092.68994140625,2193.169921875,414400
2021-08-17,2083.2265625,2113.27001953125,2126.199951171875,2093.050048828125,2103.89990234375,282400
2021-08-18,2056.649169921875,2086.31005859375,2123.97998046875,2081.610107421875,2110.0,300700
2021-08-19,2046.34814453125,2075.860107421875,2092.7900390625,2058.429931640625,2079.1201171875,346800
2021-08-20,2045.2437744140625,2074.739990234375,2083.0,2058.489990234375,2073.949951171875,350000
2021-08-23,2106.93408203125,2137.320068359375,2147.070068359375,2070.14990234375,2072.06005859375,493200
2021-08-24,2201.36279296875,2233.110107421875,2249.780029296875,2138.52001953125,2150.0,459600
2021-08-25,2231.606201171875,2263.7900390625,2278.5,2210.169921875,2240.330078125,340000
2021-08-26,2244.431396484375,2276.800048828125,2292.389892578125,2250.0,2250.0,292600
2021-08-27,2272.693603515625,2305.469970703125,2319.6298828125,2278.530029296875,2279.0,240500
2021-08-30,2245.32861328125,2277.7099609375,2306.570068359375,2270.419921875,2300.0,244900
2021-08-31,2266.97607421875,2299.669921875,2316.080078125,2284.139892578125,2286.02001953125,388400
2021-09-01,2254.3388671875,2286.85009765625,2330.0,2285.0,2305.860107421875,324700
2021-09-02,2267.7548828125,2300.4599609375,2326.7900390625,2282.77001953125,2304.239990234375,231800
2021-09-03,2271.688232421875,2304.449951171875,2311.739990234375,2276.5,2284.280029296875,196500
2021-09-07,2305.322998046875,2338.570068359375,2342.010009765625,2305.280029296875,2307.909912109375,238900
2021-09-08,2283.024658203125,2315.949951171875,2356.0,2296.35009765625,2340.0,264700
2021-09-09,2285.706298828125,2318.669921875,2345.429931640625,2304.1298828125,2306.280029296875,223700
2021-09-10,2272.033447265625,2304.800048828125,2345.0,2301.6298828125,2330.0,242200
2021-09-13,2289.107177734375,2322.1201171875,2329.0,2275.169921875,2314.5,232300
2021-09-14,2295.55419921875,2328.659912109375,2343.56005859375,2310.64990234375,2323.050048828125,172000
2021-09-15,2342.19140625,2375.969970703125,2378.10009765625,2315.320068359375,2328.800048828125,249000
2021-09-16,2311.661865234375,2345.0,2387.77001953125,2338.169921875,2368.1201171875,243000
2021-09-17,2292.31103515625,2325.3701171875,2365.179931640625,2320.0,2350.830078125,369200
2021-09-20,2307.462158203125,2340.739990234375,2345.7900390625,2285.89990234375,2310.0,311800
2021-09-21,2292.556884765625,2325.6201171875,2363.52001953125,2322.389892578125,2363.52001953125,211100
2021-09-22,2371.903076171875,2406.110107421875,2427.2900390625,2338.85009765625,2338.85009765625,417000
2021-09-23,2440.316162109375,2475.510009765625,2488.929931640625,2410.64990234375,2410.64990234375,419500
2021-09-24,2455.93115234375,2491.35009765625,2502.489990234375,2452.3798828125,2452.3798828125,298900
2021-09-27,2441.31201171875,2476.52001953125,2540.0,2465.760009765625,2494.159912109375,320800
2021-09-28,2398.164306640625,2432.75,2479.360107421875,2422.8798828125,2460.0,309800
2021-09-29,2344.015625,2377.820068359375,2447.610107421875,2374.77001953125,2436.639892578125,294300
2021-09-30,2340.12158203125,2373.8701171875,2406.39990234375,2355.0,2382.929931640625,311600
2021-10-01,2420.95556640625,2455.8701171875,2476.77001953125,2416.840087890625,2416.840087890625,306600
2021-10-04,2424.553955078125,2459.52001953125,2488.85009765625,2421.75,2455.8701171875,257400
2021-10-05,2397.760009765625,2432.340087890625,2486.909912109375,2426.070068359375,2459.0,267300
2021-10-06,2413.39453125,2448.199951171875,2452.360107421875,2384.0,2400.0,239900
2021-10-07,2433.898681640625,2469.0,2497.18994140625,2466.449951171875,2473.02001953125,156800
2021-10-08,2439.192626953125,2474.3701171875,2490.989990234375,2462.840087890625,2473.68994140625,164300
2021-10-11,2432.33154296875,2467.409912109375,2507.909912109375,2463.18994140625,2480.489990234375,150500
2021-10-12,2429.65966796875,2464.699951171875,2497.85009765625,2453.449951171875,2470.489990234375,220100
2021-10-13,2427.521240234375,2462.530029296875,2481.97998046875,2436.27001953125,2465.0,178500
2021-10-14,2460.732177734375,2496.219970703125,2515.719970703125,2474.5,2482.60009765625,278400
2021-10-15,2502.253173828125,2538.340087890625,2540.0,2515.5,2520.0,233300
2021-10-18,2466.5576171875,2502.1298828125,2538.0,2494.3701171875,2520.35009765625,209800
2021-10-19,2428.082763671875,2463.10009765625,2503.260009765625,2455.780029296875,2502.52001953125,274600
2021-10-20,2350.28466796875,2384.179931640625,2465.010009765625,2368.739990234375,2465.010009765625,406900
2021-10-21,2376.851806640625,2411.1298828125,2419.830078125,2390.030029296875,2400.550048828125,212500
2021-10-22,2360.546875,2394.590087890625,2438.9599609375,2385.719970703125,2407.110107421875,161900
2021-10-25,2378.67529296875,2412.97998046875,2420.52001953125,2371.81005859375,2397.840087890625,142400
2021-10-26,2408.29833984375,2443.030029296875,2465.0,2422.89990234375,2422.89990234375,175400
2021-10-27,2393.57080078125,2428.090087890625,2457.590087890625,2410.0,2431.3701171875,195800
2021-10-28,2395.226806640625,2429.77001953125,2431.239990234375,2395.590087890625,2426.02001953125,149400
2021-10-29,2386.3642578125,2420.780029296875,2430.110107421875,2392.18994140625,2418.889892578125,216500
2021-11-01,2454.294677734375,2489.68994140625,2490.0,2420.1298828125,2420.1298828125,289800
2021-11-02,2418.94482421875,2453.830078125,2494.0400390625,2420.639892578125,2475.679931640625,273000
2021-11-03,2400.70751953125,2435.330078125,2474.989990234375,2405.0,2443.320068359375,361500
2021-11-04,2402.363525390625,2437.010009765625,2539.3798828125,2432.2900390625,2539.0,533100
2021-11-05,2581.73681640625,2618.969970703125,2631.679931640625,2515.64990234375,2544.340087890625,755500
2021-11-08,2602.329833984375,2639.860107421875,2687.2900390625,2600.050048828125,2659.0,497200
2021-11-09,2610.55126953125,2648.199951171875,2687.0,2621.18994140625,2639.0,407300
2021-11-10,2533.245849609375,2569.780029296875,2669.909912109375,2560.0,2658.860107421875,366100
2021-11-11,2443.79638671875,2479.0400390625,2575.330078125,2475.18994140625,2573.260009765625,342300
2021-11-12,2416.795654296875,2451.64990234375,2495.659912109375,2442.419921875,2495.659912109375,316800
2021-11-15,2370.818603515625,2405.010009765625,2464.0,2400.22998046875,2455.0,337100
2021-11-16,2346.4892578125,2380.330078125,2412.1298828125,2367.02001953125,2412.1298828125,431200
2021-11-17,2332.73779296875,2366.3798828125,2402.7900390625,2354.8701171875,2386.2099609375,457800
2021-11-18,2342.201416015625,2375.97998046875,2387.050048828125,2335.840087890625,2374.14990234375,340500
2021-11-19,2306.72314453125,2339.989990234375,2358.070068359375,2278.0,2314.8701171875,485400
2021-11-22,2264.471923828125,2297.1298828125,2366.030029296875,2293.330078125,2330.81005859375,373600
2021-11-23,2307.846435546875,2341.1298828125,2349.580078125,2302.169921875,2312.239990234375,256500
2021-11-24,2290.09326171875,2323.1201171875,2351.260009765625,2291.14990234375,2311.9599609375,295100
2021-11-26,2124.9150390625,2155.56005859375,2162.590087890625,2099.1201171875,2121.9599609375,721800
2021-11-29,2150.989013671875,2182.010009765625,2227.8798828125,2140.429931640625,2206.419921875,450100
2021-11-30,2071.96875,2101.85009765625,2170.3798828125,2075.5400390625,2121.47998046875,660700
2021-12-01,2037.623779296875,2067.010009765625,2182.570068359375,2057.320068359375,2146.919921875,572600
2021-12-02,2141.05224609375,2171.929931640625,2189.8798828125,2075.0,2099.780029296875,531600
2021-12-03,2084.379638671875,2114.43994140625,2195.080078125,2087.429931640625,2185.0,406100
2021-12-06,2195.615478515625,2227.280029296875,2294.949951171875,2152.3798828125,2163.0,570400
2021-12-07,2213.11279296875,2245.030029296875,2317.550048828125,2230.5,2289.06005859375,402500
2021-12-08,2274.399169921875,2307.199951171875,2324.510009765625,2260.4599609375,2268.9599609375,375200
2021-12-09,2235.372314453125,2267.610107421875,2299.570068359375,2257.800048828125,2299.570068359375,240400
2021-12-10,2204.56640625,2236.360107421875,2283.830078125,2220.260009765625,2273.320068359375,313700
2021-12-13,2118.950927734375,2149.510009765625,2211.75,2141.699951171875,2202.030029296875,392800
2021-12-14,2094.720458984375,2124.929931640625,2165.2099609375,2111.27001953125,2120.0,392400
2021-12-15,2100.093017578125,2130.3798828125,2157.72998046875,2086.510009765625,2156.14990234375,436200
2021-12-16,2134.1318359375,2164.909912109375,2189.949951171875,2135.0,2186.989990234375,525000
2021-12-17,2179.034423828125,2210.4599609375,2231.199951171875,2131.0,2152.5400390625,486900
2021-12-20,2177.3486328125,2208.75,2211.31005859375,2107.5400390625,2151.0,332600
2021-12-21,2332.11669921875,2365.75,2370.340087890625,2241.3701171875,2241.3701171875,557700
2021-12-22,2351.27099609375,2385.179931640625,2406.830078125,2329.719970703125,2346.68994140625,328600
2021-12-23,2368.09765625,2402.25,2422.409912109375,2395.030029296875,2407.760009765625,186500
2021-12-27,2360.4677734375,2394.510009765625,2416.27001953125,2374.5,2389.669921875,165100
2021-12-28,2352.97607421875,2386.909912109375,2414.919921875,2365.050048828125,2387.06005859375,146000
2021-12-29,2350.77734375,2384.679931640625,2410.93994140625,2374.0,2388.949951171875,103000
2021-12-30,2361.85791015625,2395.919921875,2428.7099609375,2385.679931640625,2385.679931640625,195800
2021-12-31,2365.120849609375,2399.22998046875,2417.419921875,2383.75,2391.14990234375,182300
2022-01-03,2426.426513671875,2461.419921875,2466.0,2396.610107421875,2423.0,389000
2022-01-04,2429.88671875,2464.929931640625,2518.25,2441.72998046875,2475.0,381600
2022-01-05,2378.99072265625,2413.300048828125,2480.5400390625,2412.800048828125,2479.199951171875,255000
2022-01-06,2395.42333984375,2429.969970703125,2460.14990234375,2412.989990234375,2412.989990234375,247100
2022-01-07,2399.96826171875,2434.580078125,2466.260009765625,2423.77001953125,2435.0,229900
2022-01-10,2391.904541015625,2426.39990234375,2433.739990234375,2362.409912109375,2433.739990234375,327400
2022-01-11,2434.31298828125,2469.419921875,2474.260009765625,2392.070068359375,2392.070068359375,288900
2022-01-12,2401.466552734375,2436.10009765625,2494.949951171875,2417.010009765625,2480.0,278100
2022-01-13,2424.021728515625,2458.97998046875,2495.0,2441.77001953125,2442.840087890625,252400
2022-01-14,2416.105224609375,2450.949951171875,2460.0,2402.780029296875,2458.97998046875,276100
2022-01-18,2350.314453125,2384.2099609375,2450.0,2376.610107421875,2424.139892578125,349900
2022-01-19,2343.295654296875,2377.090087890625,2413.800048828125,2366.72998046875,2372.159912109375,272900
2022-01-20,2399.04150390625,2433.639892578125,2482.530029296875,2410.360107421875,2418.75,558000
2022-01-21,2312.509521484375,2345.860107421875,2433.639892578125,2339.31005859375,2433.639892578125,582500
2022-01-24,2316.21630859375,2349.6201171875,2356.35009765625,2218.669921875,2317.320068359375,584100
2022-01-25,2295.908935546875,2329.02001953125,2367.89990234375,2235.030029296875,2285.090087890625,453600
2022-01-26,2336.92724609375,2370.6298828125,2424.679931640625,2320.989990234375,2375.0,439300
2022-01-27,2326.103515625,2359.64990234375,2438.93994140625,2342.070068359375,2419.409912109375,331100
2022-01-28,2378.635986328125,2412.93994140625,2414.85009765625,2341.260009765625,2359.719970703125,302800
2022-01-31,2421.211669921875,2456.1298828125,2470.0,2373.1298828125,2405.780029296875,379300
2022-02-01,2430.586669921875,2465.639892578125,2477.10009765625,2435.580078125,2464.9599609375,368100
2022-02-02,2406.27685546875,2440.97998046875,2487.43994140625,2438.070068359375,2485.0,367100
2022-02-03,2402.866455078125,2437.52001953125,2470.840087890625,2426.179931640625,2439.820068359375,460900
2022-02-04,2408.199462890625,2442.929931640625,2469.97998046875,2391.27001953125,2408.409912109375,312700
2022-02-07,2447.7490234375,2483.050048828125,2501.389892578125,2454.159912109375,2467.39990234375,432500
2022-02-08,2505.249755859375,2541.3798828125,2546.860107421875,2476.239990234375,2485.0,449400
2022-02-09,2589.633056640625,2626.97998046875,2639.469970703125,2587.199951171875,2596.080078125,693500
2022-02-10,2591.01318359375,2628.3798828125,2658.27001953125,2580.800048828125,2580.800048828125,473200
2022-02-11,2494.0419921875,2530.010009765625,2687.0,2512.449951171875,2680.0,594000
2022-02-14,2509.46923828125,2545.659912109375,2580.85009765625,2514.139892578125,2521.570068359375,451700
2022-02-15,2597.696533203125,2635.159912109375,2659.89990234375,2573.47998046875,2573.47998046875,455100
2022-02-16,2664.82861328125,2703.260009765625,2715.659912109375,2632.219970703125,2633.800048828125,507600
2022-02-17,2586.645751953125,2623.949951171875,2676.409912109375,2612.139892578125,2664.81005859375,330600
2022-02-18,2579.21337890625,2616.409912109375,2639.0,2582.97998046875,2625.02001953125,328600
2022-02-22,2482.4189453125,2518.219970703125,2617.75,2486.840087890625,2588.4599609375,513400
2022-02-23,2434.717041015625,2469.830078125,2556.760009765625,2465.010009765625,2536.72998046875,518000
2022-02-24,2262.372802734375,2295.0,2297.550048828125,2138.719970703125,2161.610107421875,1518100
2022-02-25,2249.02490234375,2281.4599609375,2336.719970703125,2250.010009765625,2319.260009765625,546100
2022-02-28,2141.367919921875,2172.25,2241.800048828125,2153.659912109375,2241.800048828125,817700
2022-03-01,2042.54296875,2072.0,2148.449951171875,2063.22998046875,2148.449951171875,836600
2022-03-02,2132.76171875,2163.52001953125,2193.31005859375,2088.679931640625,2091.159912109375,580100
2022-03-03,2072.176025390625,2102.06005859375,2198.02001953125,2089.889892578125,2173.090087890625,448900
2022-03-04,1956.8192138671875,1985.0400390625,2059.969970703125,1963.7099609375,2048.2900390625,746700
2022-03-07,1791.325927734375,1817.1600341796875,1979.050048828125,1815.969970703125,1970.260009765625,1089300
2022-03-08,1872.5250244140625,1899.530029296875,1981.780029296875,1796.449951171875,1843.3900146484373,1207000
2022-03-09,2006.5322265625,2035.469970703125,2082.989990234375,2007.5,2009.5400390625,776400
2022-03-10,2001.4947509765625,2030.3599853515625,2061.14990234375,1966.1199951171875,1976.010009765625,638500
2022-03-11,1988.71923828125,2017.4000244140625,2080.75,2010.6400146484373,2062.0,360700
2022-03-14,1971.51708984375,1999.949951171875,2040.47998046875,1985.75,2010.199951171875,425200
2022-03-15,2050.606689453125,2080.179931640625,2101.260009765625,2015.0899658203125,2032.719970703125,475400
2022-03-16,2171.12841796875,2202.43994140625,2239.719970703125,2130.010009765625,2137.199951171875,740400
2022-03-17,2130.41552734375,2161.139892578125,2189.610107421875,2120.030029296875,2167.179931640625,393000
2022-03-18,2155.22802734375,2186.31005859375,2209.3798828125,2134.090087890625,2161.139892578125,509200
2022-03-21,2130.66162109375,2161.389892578125,2204.5,2142.0,2204.5,313500
2022-03-22,2170.6552734375,2201.9599609375,2217.219970703125,2164.010009765625,2171.0,271600
2022-03-23,2129.0458984375,2159.75,2208.820068359375,2152.02001953125,2204.820068359375,292100
2022-03-24,2229.83154296875,2261.989990234375,2265.969970703125,2161.989990234375,2164.0,340000
2022-03-25,2215.9716796875,2247.929931640625,2298.080078125,2226.179931640625,2266.969970703125,247800
2022-03-28,2244.450927734375,2276.820068359375,2280.7900390625,2220.699951171875,2260.77001953125,264800
2022-03-29,2338.198974609375,2371.919921875,2420.889892578125,2340.35009765625,2340.35009765625,536700
2022-03-30,2294.8935546875,2327.989990234375,2368.0400390625,2317.929931640625,2368.0400390625,246300
2022-03-31,2315.062744140625,2348.449951171875,2389.4599609375,2347.800048828125,2364.330078125,355300
2022-04-01,2334.167236328125,2367.830078125,2418.2900390625,2350.0,2377.6201171875,282100
2022-04-04,2341.205810546875,2374.969970703125,2379.9599609375,2334.0400390625,2375.669921875,293400
2022-04-05,2265.32958984375,2298.0,2372.6201171875,2292.570068359375,2347.530029296875,355200
2022-04-06,2190.5478515625,2222.139892578125,2239.0400390625,2194.590087890625,2237.6201171875,422200
2022-04-07,2181.7353515625,2213.199951171875,2224.639892578125,2171.22998046875,2208.179931640625,299500
2022-04-08,2136.606201171875,2167.419921875,2228.080078125,2166.3798828125,2203.449951171875,301600
2022-04-11,2138.370849609375,2169.2099609375,2209.56005859375,2144.949951171875,2150.0,252600
2022-04-12,2150.3681640625,2181.3798828125,2232.3701171875,2172.820068359375,2196.949951171875,278400
2022-04-13,2227.978759765625,2260.110107421875,2272.31005859375,2190.68994140625,2192.25,328400
2022-04-14,2195.62548828125,2227.2900390625,2307.4599609375,2213.449951171875,2277.0,402200
2022-04-18,2168.04296875,2199.31005859375,2226.179931640625,2173.0,2210.0,329400
2022-04-19,2207.543212890625,2239.3798828125,2252.989990234375,2204.81005859375,2204.81005859375,339700
2022-04-20,2219.78662109375,2251.800048828125,2284.25,2243.77001953125,2260.0,265500
2022-04-21,2207.484619140625,2239.320068359375,2337.89990234375,2224.280029296875,2316.070068359375,389800
2022-04-22,2182.396240234375,2213.8701171875,2263.9599609375,2209.820068359375,2226.0,301800
2022-04-25,2214.108642578125,2246.0400390625,2266.659912109375,2186.510009765625,2192.070068359375,420200
2022-04-26,2129.252197265625,2159.9599609375,2243.27001953125,2158.949951171875,2231.840087890625,443600
2022-04-27,2226.83544921875,2258.949951171875,2280.070068359375,2184.0,2188.0,463900
2022-04-28,2284.8486328125,2317.800048828125,2363.449951171875,2259.219970703125,2285.81005859375,483200
2022-04-29,2178.886474609375,2210.31005859375,2315.199951171875,2206.18994140625,2292.5400390625,473100
2022-05-02,2161.74365234375,2192.919921875,2224.590087890625,2116.0,2207.0,595000
2022-05-03,2075.990966796875,2105.929931640625,2205.469970703125,2061.68994140625,2203.760009765625,620200
2022-05-04,2073.427734375,2103.330078125,2109.610107421875,1997.239990234375,2088.0,872700
2022-05-05,2141.03271484375,2171.909912109375,2308.0,2156.699951171875,2300.0,1039500
2022-05-06,2163.034912109375,2194.22998046875,2244.97998046875,2082.699951171875,2145.139892578125,690000
2022-05-09,1994.8013916015625,2023.5699462890625,2143.2099609375,2020.9200439453125,2105.35009765625,671800
2022-05-10,2015.906982421875,2044.97998046875,2099.820068359375,2013.5899658203125,2099.820068359375,491500
2022-05-11,2042.6910400390625,2072.14990234375,2136.070068359375,2011.550048828125,2063.60009765625,461700
2022-05-12,2023.8624267578125,2053.050048828125,2114.780029296875,2001.9300537109373,2051.43994140625,436400
2022-05-13,2072.008056640625,2101.889892578125,2124.989990234375,2072.2099609375,2104.300048828125,301900
2022-05-16,2016.92236328125,2046.010009765625,2094.590087890625,2033.6099853515625,2086.110107421875,289300
2022-05-17,2116.072509765625,2146.590087890625,2161.0,2109.860107421875,2125.0,407100
2022-05-18,2021.230224609375,2050.3798828125,2134.06005859375,2042.0,2120.0,360500
2022-05-19,2073.496337890625,2103.39990234375,2142.429931640625,2042.5799560546875,2059.6201171875,387200
2022-05-20,2085.81884765625,2115.89990234375,2132.280029296875,2052.85009765625,2127.77001953125,431000
2022-05-23,2076.70068359375,2106.64990234375,2157.389892578125,2094.659912109375,2157.389892578125,296300
2022-05-24,2020.9150390625,2050.06005859375,2094.739990234375,2019.3499755859373,2089.429931640625,339000
2022-05-25,2116.693603515625,2147.219970703125,2167.360107421875,2038.0699462890625,2038.0699462890625,356300
2022-05-26,2189.92724609375,2221.510009765625,2252.0,2158.3701171875,2170.820068359375,302200
2022-05-27,2233.76513671875,2265.97998046875,2274.169921875,2238.5,2263.610107421875,308600
2022-05-31,2211.6640625,2243.56005859375,2269.0,2195.0400390625,2243.320068359375,505100
2022-06-01,2206.7451171875,2238.570068359375,2276.800048828125,2197.14990234375,2265.0,258500
2022-06-02,2338.633056640625,2372.360107421875,2383.89990234375,2256.85009765625,2259.550048828125,480100
2022-06-03,2302.66162109375,2335.8701171875,2378.929931640625,2310.89990234375,2317.360107421875,308700
2022-06-06,2313.92919921875,2347.300048828125,2393.31005859375,2332.75,2366.43994140625,206600
2022-06-07,2293.65185546875,2326.72998046875,2346.02001953125,2300.0,2302.030029296875,234600
2022-06-08,2312.450439453125,2345.800048828125,2355.0,2300.3701171875,2303.449951171875,269700
2022-06-09,2245.45703125,2277.840087890625,2336.050048828125,2276.22998046875,2330.0,372500
2022-06-10,2075.0341796875,2104.9599609375,2208.199951171875,2096.530029296875,2199.830078125,431500
2022-06-13,1951.180419921875,1979.3199462890625,2016.1500244140625,1913.4300537109373,2006.449951171875,729600
2022-06-14,1923.765869140625,1951.510009765625,1995.8599853515625,1903.02001953125,1983.3499755859373,578600
2022-06-15,1945.1868896484373,1973.239990234375,2003.8800048828125,1931.6099853515625,1992.9000244140625,380300
2022-06-16,1819.9925537109373,1846.239990234375,1909.27001953125,1832.300048828125,1902.8599853515625,553100
2022-06-17,1879.7606201171875,1906.8699951171875,1922.4599609375,1850.510009765625,1851.9200439453125,565500
2022-06-21,1909.748046875,1937.2900390625,1953.8699951171875,1913.3800048828125,1949.5799560546875,603200
2022-06-22,1862.9725341796875,1889.8399658203125,1946.6700439453125,1882.22998046875,1896.6700439453125,438700
2022-06-23,1808.9715576171875,1835.06005859375,1876.239990234375,1795.010009765625,1871.6400146484373,602000
2022-06-24,1903.5968017578125,1931.050048828125,1933.02001953125,1853.3299560546875,1867.8299560546875,509200
2022-06-27,1869.2816162109373,1896.239990234375,1949.5999755859373,1891.010009765625,1939.9100341796875,344500
2022-06-28,1812.2835693359373,1838.4200439453125,1954.0,1835.3299560546875,1921.760009765625,405200
2022-06-29,1784.5928955078125,1810.3299560546875,1833.8499755859373,1760.0,1823.8399658203125,423000
2022-06-30,1724.125,1748.989990234375,1783.9200439453125,1703.050048828125,1752.6300048828125,640700
2022-07-01,1742.844970703125,1767.97998046875,1767.97998046875,1719.75,1743.0999755859375,356300
2022-07-05,1762.540771484375,1787.9599609375,1797.1600341796875,1689.4599609375,1711.530029296875,525600
2022-07-06,1725.968505859375,1750.8599853515625,1807.449951171875,1746.1300048828125,1793.68994140625,389400
2022-07-07,1760.530029296875,1785.9200439453125,1799.0,1760.81005859375,1783.18994140625,334700
2022-07-08,1744.32373046875,1769.47998046875,1781.5,1725.5999755859375,1763.6600341796875,230700
2022-07-11,1700.032470703125,1724.550048828125,1754.4300537109375,1714.0,1737.6600341796875,355300
2022-07-12,1713.5377197265625,1738.25,1762.3299560546875,1717.030029296875,1732.4000244140625,322700
2022-07-13,1713.3209228515625,1738.030029296875,1747.530029296875,1678.010009765625,1692.530029296875,288700
2022-07-14,1650.1124267578125,1673.9100341796875,1709.199951171875,1669.3399658203125,1691.4000244140625,537200
2022-07-15,1674.4415283203125,1698.5899658203125,1723.31005859375,1680.4300537109375,1709.239990234375,481000
2022-07-18,1714.0701904296875,1738.7900390625,1790.0,1729.1500244140625,1744.9100341796875,444400
2022-07-19,1808.7152099609373,1834.800048828125,1842.469970703125,1773.6199951171875,1773.6199951171875,447200
2022-07-20,1808.7152099609373,1834.800048828125,1849.0799560546875,1806.56005859375,1827.25,475500
2022-07-21,1803.40185546875,1829.4100341796875,1831.5699462890625,1785.9000244140625,1814.719970703125,337700
2022-07-22,1784.1494140625,1809.8800048828125,1857.5899658203125,1797.0400390625,1853.02001953125,308500
2022-07-25,1808.5870361328125,1834.6700439453125,1843.989990234375,1803.52001953125,1818.8299560546875,339800
2022-07-26,1770.2696533203125,1795.800048828125,1824.550048828125,1794.75,1820.6300048828125,300400
2022-07-27,1850.8868408203125,1877.5799560546875,1903.1600341796875,1836.760009765625,1836.760009765625,407500
2022-07-28,1885.7344970703125,1912.9300537109373,1913.260009765625,1857.0699462890625,1886.5999755859373,320300
2022-07-29,1908.1705322265625,1935.68994140625,1946.4599609375,1900.010009765625,1913.6099853515625,398600
2022-08-01,1879.5633544921875,1906.6700439453125,1924.5799560546875,1862.989990234375,1923.75,408300
2022-08-02,1928.48779296875,1956.300048828125,1972.199951171875,1902.800048828125,1906.6700439453125,440000
2022-08-03,1938.5230712890625,1966.47998046875,1974.0699462890625,1922.6400146484373,1935.010009765625,613500
2022-08-04,1919.56640625,1947.25,1954.4200439453125,1875.5699462890625,1900.8299560546875,804600
2022-08-05,1897.603271484375,1924.969970703125,1955.9200439453125,1904.0,1933.760009765625,383600
2022-08-08,1927.9951171875,1955.800048828125,1989.489990234375,1922.8800048828125,1922.8800048828125,349700
2022-08-09,1929.384765625,1957.2099609375,1957.2099609375,1919.300048828125,1951.6500244140625,299800
2022-08-10,1994.919677734375,2023.68994140625,2027.2099609375,1980.6400146484373,2000.02001953125,463800
2022-08-11,2034.4200439453125,2063.760009765625,2098.679931640625,2050.8798828125,2061.610107421875,378400
2022-08-12,2090.826416015625,2120.97998046875,2122.989990234375,2072.35009765625,2083.9599609375,329700
2022-08-15,2099.4814453125,2129.760009765625,2157.969970703125,2100.0,2102.0,377600
2022-08-16,2120.75537109375,2151.340087890625,2161.050048828125,2115.199951171875,2116.27001953125,263700
2022-08-17,2099.373291015625,2129.64990234375,2143.06005859375,2101.639892578125,2112.6201171875,256400
2022-08-18,2114.2392578125,2144.72998046875,2154.72998046875,2108.7099609375,2118.8701171875,215900
2022-08-19,2057.250732421875,2086.919921875,2129.300048828125,2083.919921875,2121.7900390625,236300
2022-08-22,1944.625,1972.6700439453125,2042.06005859375,1969.0799560546875,2018.4300537109373,465000
2022-08-23,1964.49853515625,1992.8299560546875,2012.0999755859373,1975.6400146484373,1975.969970703125,323400
2022-08-24,1962.655029296875,1990.9599609375,2019.1600341796875,1970.489990234375,1971.97998046875,229100
2022-08-25,1979.9849853515625,2008.5400390625,2033.949951171875,1994.9599609375,2000.0,250400
2022-08-26,1883.7923583984373,1910.9599609375,2020.8399658203125,1908.0,2013.530029296875,383800
2022-08-29,1871.6673583984373,1898.6600341796875,1921.3699951171875,1886.0999755859373,1897.0,320400
2022-08-30,1853.4991455078125,1880.22998046875,1924.989990234375,1869.8900146484373,1921.0,325300
2022-08-31,1849.142333984375,1875.81005859375,1916.9000244140625,1873.4200439453125,1891.6199951171875,389600
2022-09-01,1826.17333984375,1852.510009765625,1873.530029296875,1801.9100341796875,1859.0,576900
2022-09-02,1811.781005859375,1837.9100341796875,1872.9000244140625,1818.9599609375,1863.8599853515625,337600
2022-09-06,1789.048828125,1814.8499755859373,1848.56005859375,1780.0899658203125,1837.9100341796875,338400
2022-09-07,1845.8299560546875,1872.449951171875,1880.7900390625,1807.1500244140625,1824.18994140625,395100
2022-09-08,1878.922607421875,1906.02001953125,1912.3499755859373,1829.7900390625,1843.300048828125,461800
2022-09-09,1952.8660888671875,1981.030029296875,1984.989990234375,1918.050048828125,1920.0,526900
2022-09-12,1984.6971435546875,2013.3199462890625,2030.949951171875,2000.260009765625,2010.2099609375,411500
2022-09-13,1893.492431640625,1920.800048828125,1967.7900390625,1913.47998046875,1941.0,396000
2022-09-14,1939.4102783203125,1967.3800048828125,1970.0400390625,1897.1199951171875,1916.780029296875,303000
2022-09-15,1928.9512939453125,1956.77001953125,2015.050048828125,1947.239990234375,1955.6199951171875,380900
2022-09-16,1849.77294921875,1876.449951171875,1934.6199951171875,1854.3900146484373,1934.0,792000
2022-09-19,1875.935791015625,1902.989990234375,1910.0,1849.0999755859373,1849.0999755859373,267500
2022-09-20,1869.6661376953125,1896.6300048828125,1926.449951171875,1878.8299560546875,1887.72998046875,310500
2022-09-21,1781.0146484375,1806.699951171875,1890.8399658203125,1805.8900146484373,1888.2099609375,372600
2022-09-22,1696.118896484375,1720.5799560546875,1806.0799560546875,1715.0,1806.0,578800
2022-09-23,1646.1397705078125,1669.8800048828125,1698.9000244140625,1646.0400390625,1696.1500244140625,629000
2022-09-26,1645.5186767578125,1669.25,1714.300048828125,1669.0,1677.6800537109375,448900
2022-09-27,1645.4300537109375,1669.1600341796875,1710.6300048828125,1655.3900146484375,1696.5,401300
2022-09-28,1702.3294677734375,1726.8800048828125,1735.989990234375,1652.93994140625,1661.8800048828125,381900
2022-09-29,1655.0511474609375,1678.9200439453125,1697.5,1659.68994140625,1690.550048828125,344800
2022-09-30,1619.848876953125,1643.2099609375,1701.760009765625,1641.8699951171875,1658.969970703125,498400
2022-10-03,1655.06103515625,1678.9300537109375,1694.0,1626.219970703125,1672.43994140625,386900
2022-10-04,1734.0322265625,1759.0400390625,1765.530029296875,1727.199951171875,1728.989990234375,466100
2022-10-05,1702.1617431640625,1726.7099609375,1745.0,1709.5699462890625,1726.81005859375,350300
2022-10-06,1685.423095703125,1709.72998046875,1732.9100341796875,1692.6099853515625,1723.6700439453125,371300
2022-10-07,1661.2025146484375,1685.1600341796875,1699.030029296875,1668.1199951171875,1680.77001953125,443400
2022-10-10,1647.569091796875,1671.3299560546875,1701.6500244140625,1657.6099853515625,1699.25,278300
2022-10-11,1611.371337890625,1634.6099853515625,1671.3299560546875,1620.8399658203125,1671.3299560546875,304700
2022-10-12,1651.798095703125,1675.6199951171875,1682.56005859375,1629.010009765625,1643.97998046875,290800
2022-10-13,1668.073486328125,1692.1300048828125,1710.9100341796875,1616.8499755859375,1626.22998046875,477700
2022-10-14,1646.7410888671875,1670.489990234375,1735.8599853515625,1667.25,1715.27001953125,389000
2022-10-17,1722.646484375,1747.489990234375,1751.989990234375,1701.3399658203125,1703.260009765625,318800
2022-10-18,1748.739990234375,1773.9599609375,1815.5899658203125,1750.47998046875,1800.1099853515625,367400
2022-10-19,1746.6304931640625,1771.8199462890625,1799.97998046875,1750.8699951171875,1750.8699951171875,313600
2022-10-20,1748.405029296875,1773.6199951171875,1827.0,1763.5699462890625,1769.6099853515625,345100
2022-10-21,1796.8759765625,1822.7900390625,1829.300048828125,1760.02001953125,1772.030029296875,306900
2022-10-24,1782.848388671875,1808.56005859375,1828.6400146484373,1764.0,1813.02001953125,313800
2022-10-25,1847.959228515625,1874.6099853515625,1880.22998046875,1802.280029296875,1802.280029296875,324800
2022-10-26,1825.1973876953125,1851.52001953125,1918.050048828125,1847.52001953125,1874.6099853515625,375600
2022-10-27,1807.670166015625,1833.739990234375,1875.8499755859373,1823.1199951171875,1869.3699951171875,375600
2022-10-28,1845.1102294921875,1871.719970703125,1874.719970703125,1813.5400390625,1839.010009765625,460700
2022-10-31,1842.9019775390625,1869.47998046875,1885.3399658203125,1837.8399658203125,1870.9100341796875,358200
2022-11-01,1862.6573486328125,1889.52001953125,1927.0,1886.0400390625,1891.25,348900
2022-11-02,1752.9002685546875,1778.1800537109375,1884.72998046875,1771.3199462890625,1862.7900390625,605900
2022-11-03,1799.774169921875,1825.72998046875,1902.699951171875,1822.760009765625,1849.0,742600
2022-11-04,1847.752197265625,1874.4000244140625,1916.1500244140625,1852.0999755859373,1884.8299560546875,438700
2022-11-07,1807.7490234375,1833.8199462890625,1886.8299560546875,1797.9200439453125,1876.010009765625,433900
2022-11-08,1832.75830078125,1859.18994140625,1892.949951171875,1830.5699462890625,1835.7900390625,317700
2022-11-09,1839.294189453125,1865.8199462890625,1882.3399658203125,1830.0699462890625,1840.0,359500
2022-11-10,1918.8369140625,1946.510009765625,1955.300048828125,1916.4000244140625,1946.8599853515625,516200
2022-11-11,1987.1124267578125,2015.77001953125,2033.3800048828125,1936.31005859375,1936.31005859375,442800
2022-11-14,1951.111572265625,1979.25,2019.52001953125,1974.010009765625,1996.510009765625,415700
2022-11-15,1973.439453125,2001.9000244140625,2061.9599609375,1975.219970703125,2029.6199951171875,411200
2022-11-16,1985.1507568359373,2013.780029296875,2028.8299560546875,1990.0,2008.949951171875,302500
2022-11-17,1913.168701171875,1940.760009765625,1972.449951171875,1902.4599609375,1960.9200439453125,494900
2022-11-18,1912.6954345703125,1940.280029296875,1972.199951171875,1925.5,1959.77001953125,306100
2022-11-21,1892.201171875,1919.489990234375,1948.4200439453125,1900.010009765625,1922.93994140625,279900
2022-11-22,1919.2904052734373,1946.969970703125,1950.050048828125,1899.31005859375,1930.0,327100
2022-11-23,1941.4508056640625,1969.449951171875,2002.0,1951.739990234375,1954.8800048828125,254400
2022-11-25,1956.4150390625,1984.6300048828125,1996.280029296875,1963.219970703125,1968.47998046875,168800
2022-11-28,1956.68115234375,1984.9000244140625,2004.9000244140625,1978.06005859375,1986.02001953125,331400
2022-11-29,1988.4825439453125,2017.1600341796875,2027.5699462890625,1985.2099609375,1985.2099609375,284700
2022-11-30,2049.886962890625,2079.449951171875,2084.699951171875,2012.199951171875,2032.0,444100
2022-12-01,2030.99951171875,2060.2900390625,2100.639892578125,2048.0,2083.699951171875,291900
2022-12-02,2055.7919921875,2085.43994140625,2094.489990234375,2024.72998046875,2031.6400146484373,270400
2022-12-05,2027.282958984375,2056.52001953125,2086.8798828125,2046.77001953125,2056.070068359375,279000
2022-12-06,2013.15673828125,2042.18994140625,2074.949951171875,2023.510009765625,2058.0400390625,262800
2022-12-07,1927.7584228515625,1955.56005859375,1987.6400146484373,1940.260009765625,1976.300048828125,415400
2022-12-08,1982.173583984375,2010.760009765625,2020.7900390625,1948.6400146484373,1962.3900146484373,314100
2022-12-09,1991.2625732421875,2019.97998046875,2031.2099609375,1991.2900390625,2001.6500244140625,242000
2022-12-12,2050.428955078125,2080.0,2081.89990234375,2015.0,2020.0400390625,335000
2022-12-13,2018.716552734375,2047.8299560546875,2152.3701171875,2038.3199462890625,2152.3701171875,418900
2022-12-14,1978.269775390625,2006.800048828125,2069.659912109375,1988.010009765625,2057.0400390625,401500
2022-12-15,1937.7442626953125,1965.68994140625,1976.219970703125,1952.31005859375,1966.8399658203125,342300
2022-12-16,1910.990234375,1938.550048828125,1972.280029296875,1928.010009765625,1949.3800048828125,807900
2022-12-19,1903.981201171875,1931.43994140625,1959.449951171875,1919.5999755859373,1952.06005859375,278500
2022-12-20,1930.6663818359373,1958.510009765625,1963.1099853515625,1924.719970703125,1924.719970703125,245300
2022-12-21,1942.8802490234373,1970.9000244140625,1997.489990234375,1967.8399658203125,1975.5799560546875,251000
2022-12-22,1905.50927734375,1932.989990234375,1947.699951171875,1907.3800048828125,1947.699951171875,252700
2022-12-23,1943.491455078125,1971.52001953125,1973.3399658203125,1918.719970703125,1926.4200439453125,157800
2022-12-27,1969.8612060546875,1998.27001953125,2012.3900146484373,1962.18994140625,1977.8800048828125,231500
2022-12-28,1930.9915771484373,1958.8399658203125,2030.0,1955.3499755859373,2007.489990234375,240900
2022-12-29,1975.026611328125,2003.510009765625,2013.0699462890625,1974.5799560546875,1984.800048828125,206600
2022-12-30,1986.6292724609373,2015.280029296875,2017.5999755859373,1978.0,1979.2900390625,196700
2023-01-03,2003.3187255859373,2032.2099609375,2049.0,2005.5699462890625,2038.8299560546875,266900
2023-01-04,2080.436279296875,2110.43994140625,2113.590087890625,2056.780029296875,2068.830078125,368100
2023-01-05,2114.44580078125,2144.93994140625,2153.469970703125,2085.489990234375,2085.489990234375,376000
2023-01-06,2148.2685546875,2179.25,2191.199951171875,2151.159912109375,2165.1201171875,350400
2023-01-09,2177.013427734375,2208.409912109375,2222.52001953125,2184.919921875,2195.0,271600
2023-01-10,2189.37548828125,2220.949951171875,2220.9599609375,2179.320068359375,2200.56005859375,216700
2023-01-11,2193.18017578125,2224.81005859375,2246.27001953125,2215.5,2223.35009765625,289900
2023-01-12,2224.68603515625,2256.77001953125,2267.659912109375,2214.64990234375,2225.530029296875,292100
2023-01-13,2268.62255859375,2301.340087890625,2302.010009765625,2222.159912109375,2223.35009765625,290700
2023-01-17,2300.838134765625,2334.02001953125,2336.330078125,2297.909912109375,2297.909912109375,344000
2023-01-18,2263.802001953125,2296.449951171875,2374.719970703125,2293.43994140625,2360.0,307100
2023-01-19,2282.482421875,2315.39990234375,2322.340087890625,2268.360107421875,2270.0,284200
2023-01-20,2310.9619140625,2344.2900390625,2350.489990234375,2320.280029296875,2327.1201171875,303700
2023-01-23,2367.4375,2401.580078125,2403.780029296875,2329.800048828125,2340.0,340900
2023-01-24,2368.1865234375,2402.340087890625,2430.860107421875,2393.8701171875,2402.6201171875,237100
2023-01-25,2356.761474609375,2390.75,2392.989990234375,2289.68994140625,2298.25,304300
2023-01-26,2396.586669921875,2431.14990234375,2433.860107421875,2397.510009765625,2400.0,238000
2023-01-27,2429.47265625,2464.510009765625,2474.590087890625,2421.780029296875,2421.780029296875,299000
2023-01-30,2402.333984375,2436.97998046875,2456.300048828125,2413.8701171875,2433.949951171875,317200
2023-01-31,2399.4951171875,2434.10009765625,2435.989990234375,2403.43994140625,2419.840087890625,338100
2023-02-01,2410.9697265625,2445.739990234375,2462.239990234375,2390.14990234375,2422.340087890625,411200
2023-02-02,2419.792236328125,2454.68994140625,2484.7900390625,2438.9599609375,2455.85009765625,346000
2023-02-03,2420.1669921875,2455.070068359375,2472.219970703125,2409.8798828125,2422.68994140625,287300
2023-02-06,2434.8349609375,2469.949951171875,2474.8701171875,2425.909912109375,2429.81005859375,246100
2023-02-07,2451.830078125,2487.18994140625,2489.97998046875,2412.8798828125,2464.820068359375,428200
2023-02-08,2390.603515625,2425.080078125,2485.969970703125,2420.14990234375,2462.800048828125,350600
2023-02-09,2401.486572265625,2436.1201171875,2490.699951171875,2435.580078125,2461.820068359375,349000
2023-02-10,2314.984375,2348.3701171875,2404.639892578125,2331.22998046875,2383.7099609375,567600
2023-02-13,2388.582275390625,2423.030029296875,2432.840087890625,2366.590087890625,2376.93994140625,269000
2023-02-14,2435.919921875,2471.050048828125,2481.1298828125,2409.9599609375,2418.1298828125,263600
2023-02-15,2480.802734375,2516.580078125,2519.419921875,2482.02001953125,2500.0,299300
2023-02-16,2457.735107421875,2493.179931640625,2537.0,2469.5,2474.800048828125,341200
2023-02-17,2427.0078125,2462.010009765625,2474.669921875,2442.510009765625,2465.639892578125,287000
2023-02-21,2391.007080078125,2425.489990234375,2449.7099609375,2415.06005859375,2415.06005859375,225200
2023-02-22,2392.210205078125,2426.7099609375,2449.669921875,2418.60009765625,2423.27001953125,166000
2023-02-23,2391.993408203125,2426.489990234375,2454.0400390625,2382.550048828125,2429.739990234375,419600
2023-02-24,2417.61376953125,2452.47998046875,2489.2099609375,2405.0400390625,2430.0,563700
2023-02-27,2485.23828125,2521.080078125,2528.760009765625,2475.1201171875,2480.389892578125,362900
2023-02-28,2488.116943359375,2524.0,2548.889892578125,2501.14990234375,2511.840087890625,340000
2023-03-01,2516.0341796875,2552.320068359375,2554.25,2524.909912109375,2530.0,328900
2023-03-02,2541.181884765625,2577.830078125,2583.60009765625,2527.820068359375,2539.659912109375,328700
2023-03-03,2583.146728515625,2620.39990234375,2628.25,2589.300048828125,2600.0,419100
2023-03-06,2576.27587890625,2613.429931640625,2626.4599609375,2574.659912109375,2574.659912109375,448000
2023-03-07,2542.236328125,2578.89990234375,2630.0,2571.429931640625,2599.77001953125,297200
2023-03-08,2546.150390625,2582.8701171875,2600.0400390625,2563.68994140625,2577.39990234375,211400
2023-03-09,2469.771728515625,2505.389892578125,2587.3701171875,2503.550048828125,2571.409912109375,326300
2023-03-10,2445.22509765625,2480.489990234375,2524.590087890625,2461.469970703125,2508.889892578125,383600
2023-03-13,2404.217041015625,2438.889892578125,2467.659912109375,2432.93994140625,2459.85009765625,418200
2023-03-14,2440.55322265625,2475.75,2513.360107421875,2460.0,2499.02001953125,378900
2023-03-15,2381.385986328125,2415.72998046875,2434.52001953125,2383.179931640625,2418.639892578125,425600
2023-03-16,2405.222412109375,2439.909912109375,2452.43994140625,2401.010009765625,2403.97998046875,337600
2023-03-17,2406.149169921875,2440.85009765625,2445.610107421875,2392.81005859375,2439.909912109375,798800
2023-03-20,2458.277099609375,2493.72998046875,2503.889892578125,2438.1298828125,2450.530029296875,322900
2023-03-21,2534.764404296875,2571.320068359375,2581.699951171875,2517.81005859375,2517.81005859375,282500
2023-03-22,2521.8701171875,2558.239990234375,2611.989990234375,2557.0,2577.3701171875,273100
2023-03-23,2502.667236328125,2538.760009765625,2615.6298828125,2523.85009765625,2573.010009765625,352500
2023-03-24,2463.797607421875,2499.330078125,2513.8798828125,2466.02001953125,2510.090087890625,329600
2023-03-27,2472.64990234375,2508.31005859375,2542.800048828125,2504.47998046875,2525.0,246400
2023-03-28,2508.936767578125,2545.1201171875,2554.179931640625,2508.31005859375,2520.0,235800
2023-03-29,2535.207763671875,2571.77001953125,2584.510009765625,2555.139892578125,2581.429931640625,236700
2023-03-30,2572.657470703125,2609.760009765625,2624.489990234375,2580.5,2588.39990234375,265400
2023-03-31,2614.70166015625,2652.409912109375,2660.860107421875,2621.989990234375,2625.699951171875,365800
2023-04-03,2627.29931640625,2665.18994140625,2677.179931640625,2630.0,2644.7900390625,223100
2023-04-04,2600.82177734375,2638.330078125,2674.949951171875,2625.0,2672.139892578125,260700
2023-04-05,2578.414794921875,2615.60009765625,2635.14990234375,2590.0,2633.02001953125,260900
2023-04-06,2547.115966796875,2583.85009765625,2605.75,2552.0,2605.75,272700
2023-04-10,2535.996826171875,2572.570068359375,2585.080078125,2552.18994140625,2565.06005859375,205800
2023-04-11,2529.983154296875,2566.469970703125,2588.679931640625,2561.06005859375,2581.81005859375,236700
2023-04-12,2511.0361328125,2547.25,2587.919921875,2534.52001953125,2587.860107421875,276200
2023-04-13,2592.245361328125,2629.6298828125,2631.10009765625,2560.5,2569.0,334600
2023-04-14,2612.187744140625,2649.860107421875,2657.97998046875,2615.6201171875,2626.449951171875,185400
2023-04-17,2638.005615234375,2676.050048828125,2676.179931640625,2631.969970703125,2631.969970703125,175700
2023-04-18,2658.342041015625,2696.679931640625,2721.85009765625,2687.81005859375,2696.1298828125,245000
2023-04-19,2638.23193359375,2676.280029296875,2694.860107421875,2672.56005859375,2683.85009765625,198500
2023-04-20,2622.9423828125,2660.77001953125,2699.699951171875,2656.81005859375,2664.25,247700
2023-04-21,2649.125244140625,2687.330078125,2689.719970703125,2633.0,2662.6201171875,210100
2023-04-24,2641.593505859375,2679.68994140625,2707.0,2666.860107421875,2697.75,243600
2023-04-25,2607.41650390625,2645.02001953125,2675.510009765625,2641.199951171875,2675.510009765625,283600
2023-04-26,2560.44384765625,2597.3701171875,2660.050048828125,2585.81005859375,2643.43994140625,357400
2023-04-27,2601.915771484375,2639.43994140625,2640.85009765625,2577.31005859375,2622.0,376900
2023-04-28,2648.11962890625,2686.31005859375,2693.919921875,2620.699951171875,2631.18994140625,295300
2023-05-01,2652.83154296875,2691.090087890625,2719.97998046875,2678.719970703125,2680.320068359375,252300
2023-05-02,2677.4365234375,2716.050048828125,2731.75,2686.85009765625,2686.85009765625,291500
2023-05-03,2608.589599609375,2646.2099609375,2721.6298828125,2635.780029296875,2721.6298828125,399900
2023-05-04,2566.5556640625,2603.570068359375,2646.0,2600.590087890625,2610.919921875,487800
2023-05-05,2532.7734375,2569.300048828125,2650.14990234375,2524.340087890625,2630.320068359375,788200
2023-05-08,2601.945556640625,2639.469970703125,2648.14990234375,2573.1201171875,2573.1201171875,344900
2023-05-09,2597.449951171875,2634.909912109375,2664.590087890625,2608.580078125,2625.43994140625,339500
2023-05-10,2608.3037109375,2645.919921875,2663.97998046875,2598.6298828125,2634.909912109375,411800
2023-05-11,2618.811767578125,2656.580078125,2668.39990234375,2635.389892578125,2636.8701171875,212300
2023-05-12,2593.41845703125,2630.820068359375,2679.72998046875,2625.0,2679.72998046875,220300
2023-05-15,2608.45166015625,2646.070068359375,2653.090087890625,2620.949951171875,2626.989990234375,198700
2023-05-16,2608.6982421875,2646.320068359375,2692.2900390625,2646.31005859375,2660.0,225200
2023-05-17,2658.36181640625,2696.699951171875,2699.739990234375,2640.6298828125,2661.889892578125,297600
2023-05-18,2741.44384765625,2780.97998046875,2786.85009765625,2694.340087890625,2698.7099609375,337600
2023-05-19,2725.947021484375,2765.260009765625,2780.969970703125,2753.52001953125,2780.969970703125,343600
2023-05-22,2657.297119140625,2695.6201171875,2786.18994140625,2693.02001953125,2764.330078125,282800
2023-05-23,2599.99365234375,2637.489990234375,2680.080078125,2623.110107421875,2676.25,289700
2023-05-24,2588.499267578125,2625.830078125,2643.159912109375,2595.3798828125,2622.25,270100
2023-05-25,2560.44384765625,2597.3701171875,2637.639892578125,2571.1298828125,2637.4599609375,380300
2023-05-26,2554.292236328125,2591.1298828125,2664.300048828125,2588.3701171875,2614.97998046875,465300
2023-05-30,2492.81884765625,2528.77001953125,2606.239990234375,2520.1298828125,2595.219970703125,485700
2023-05-31,2473.103759765625,2508.77001953125,2523.0400390625,2456.929931640625,2516.77001953125,823200
2023-06-01,2513.747314453125,2550.0,2568.199951171875,2500.35009765625,2503.1201171875,319100
2023-06-02,2588.32177734375,2625.64990234375,2634.47998046875,2568.47998046875,2577.31005859375,327400
2023-06-05,2632.790771484375,2670.760009765625,2674.6201171875,2617.3798828125,2617.3798828125,312800
2023-06-06,2669.60009765625,2708.10009765625,2729.27001953125,2684.510009765625,2688.64990234375,314700
2023-06-07,2606.58837890625,2644.179931640625,2725.8798828125,2636.570068359375,2710.320068359375,314300
2023-06-08,2609.822021484375,2647.4599609375,2679.239990234375,2617.0,2617.0,237800
2023-06-09,2569.07958984375,2606.1298828125,2672.739990234375,2604.0,2647.4599609375,318400
2023-06-12,2568.300537109375,2605.340087890625,2627.260009765625,2580.10009765625,2626.22998046875,317500
2023-06-13,2576.88671875,2614.050048828125,2629.919921875,2584.820068359375,2629.919921875,267100
2023-06-14,2572.687255859375,2609.7900390625,2623.5,2579.360107421875,2595.3701171875,234300
2023-06-15,2633.717041015625,2671.699951171875,2678.360107421875,2587.179931640625,2595.5400390625,398400
2023-06-16,2603.443603515625,2640.989990234375,2702.2099609375,2632.159912109375,2702.2099609375,828900
2023-06-20,2599.16552734375,2636.64990234375,2669.969970703125,2613.969970703125,2620.0,292500
2023-06-21,2606.2138671875,2643.800048828125,2665.199951171875,2620.0,2636.64990234375,244900
2023-06-22,2639.8291015625,2677.89990234375,2682.179931640625,2641.0,2642.27001953125,225100
2023-06-23,2586.626220703125,2623.929931640625,2658.10009765625,2619.239990234375,2638.050048828125,324600
2023-06-26,2578.572265625,2615.760009765625,2651.570068359375,2605.0,2613.97998046875,226000
2023-06-27,2661.969970703125,2700.360107421875,2722.889892578125,2647.5400390625,2647.5400390625,388200
2023-06-28,2628.5615234375,2666.469970703125,2722.679931640625,2663.050048828125,2697.989990234375,242200
2023-06-29,2618.1513671875,2655.909912109375,2675.909912109375,2633.0,2671.419921875,224000
2023-06-30,2661.9404296875,2700.330078125,2720.0,2676.909912109375,2685.6201171875,306600
2023-07-03,2682.109130859375,2720.7900390625,2743.070068359375,2683.320068359375,2693.699951171875,179300
2023-07-05,2635.984375,2674.0,2723.1298828125,2667.679931640625,2715.389892578125,276800
2023-07-06,2595.261474609375,2632.68994140625,2660.0,2624.5,2651.179931640625,309200
2023-07-07,2599.422119140625,2636.909912109375,2661.840087890625,2628.0,2628.0,268900
2023-07-10,2690.034912109375,2728.830078125,2733.47998046875,2637.0,2637.0,401100
2023-07-11,2743.828857421875,2783.39990234375,2789.179931640625,2733.6201171875,2739.919921875,278100
2023-07-12,2748.826904296875,2788.469970703125,2821.4599609375,2781.110107421875,2804.199951171875,306900
2023-07-13,2794.232177734375,2834.530029296875,2853.02001953125,2823.949951171875,2825.0,311100
2023-07-14,2826.16162109375,2866.919921875,2867.760009765625,2828.06005859375,2844.7900390625,238600
2023-07-17,2907.725341796875,2949.659912109375,2954.989990234375,2857.22998046875,2857.22998046875,251600
2023-07-18,2939.22119140625,2981.610107421875,2984.570068359375,2920.0,2936.6201171875,308000
2023-07-19,2886.255126953125,2927.8798828125,2998.0,2926.77001953125,2980.4599609375,299900
2023-07-20,2876.022705078125,2917.5,2972.8701171875,2916.139892578125,2920.199951171875,257200
2023-07-21,2881.680908203125,2923.239990234375,2973.0,2923.1298828125,2939.110107421875,698800
2023-07-24,2852.620361328125,2893.760009765625,2919.679931640625,2871.010009765625,2906.3798828125,255100
2023-07-25,2900.598388671875,2942.429931640625,2960.6201171875,2885.510009765625,2885.510009765625,245700
2023-07-26,2916.1044921875,2958.159912109375,2966.2099609375,2923.2900390625,2942.429931640625,166900
2023-07-27,2913.876953125,2955.89990234375,2992.3701171875,2952.18994140625,2974.419921875,223500
2023-07-28,2969.425537109375,3012.25,3016.22998046875,2981.25,2988.010009765625,189100
2023-07-31,2928.56494140625,2970.800048828125,3017.610107421875,2965.43994140625,3000.0,368500
2023-08-01,2872.878173828125,2914.31005859375,2951.219970703125,2913.8701171875,2942.199951171875,305000
2023-08-02,2843.905517578125,2884.919921875,2910.06005859375,2870.0,2890.0,283500
2023-08-03,2799.535888671875,2839.909912109375,2850.0,2794.360107421875,2814.97998046875,655400
2023-08-04,3019.611572265625,3063.159912109375,3166.760009765625,2950.010009765625,3155.0,974800
2023-08-07,3196.905029296875,3243.010009765625,3246.7900390625,3079.5,3084.550048828125,512100
2023-08-08,3180.107421875,3225.969970703125,3239.909912109375,3170.3798828125,3192.590087890625,332000
2023-08-09,3159.10009765625,3204.659912109375,3251.469970703125,3188.60009765625,3251.469970703125,298000
2023-08-10,3177.36669921875,3223.18994140625,3251.7099609375,3204.989990234375,3215.0,259600
2023-08-11,3160.64794921875,3206.22998046875,3217.469970703125,3167.72998046875,3198.3798828125,214500
2023-08-14,3188.3486328125,3234.330078125,3236.93994140625,3180.489990234375,3200.0,156700
2023-08-15,3155.05859375,3200.56005859375,3228.85009765625,3195.06005859375,3224.510009765625,162900
2023-08-16,3149.922607421875,3195.35009765625,3226.6201171875,3181.429931640625,3183.2900390625,160100
2023-08-17,3067.816650390625,3112.06005859375,3207.5400390625,3107.93994140625,3203.199951171875,294800
2023-08-18,3014.949462890625,3058.429931640625,3082.780029296875,3034.580078125,3058.840087890625,464100
2023-08-21,3008.61083984375,3052.0,3074.31005859375,3019.27001953125,3067.070068359375,234500
2023-08-22,3030.189208984375,3073.889892578125,3086.340087890625,3053.030029296875,3056.590087890625,186700
2023-08-23,3054.508544921875,3098.56005859375,3130.659912109375,3065.77001953125,3065.77001953125,187100
2023-08-24,2983.364990234375,3026.389892578125,3109.97998046875,3021.25,3086.93994140625,226300
2023-08-25,2999.25537109375,3042.510009765625,3052.169921875,3008.050048828125,3026.389892578125,197500
2023-08-28,3025.970458984375,3069.610107421875,3084.06005859375,3057.110107421875,3066.409912109375,140900
2023-08-29,3066.634033203125,3110.860107421875,3119.739990234375,3060.0,3060.75,167900
2023-08-30,3086.08349609375,3130.590087890625,3148.97998046875,3098.280029296875,3098.280029296875,164000
2023-08-31,3060.886474609375,3105.030029296875,3140.31005859375,3090.0,3124.719970703125,230100
2023-09-01,3070.6064453125,3114.889892578125,3135.469970703125,3092.93994140625,3135.469970703125,197600
2023-09-05,3099.933349609375,3144.639892578125,3160.639892578125,3089.6298828125,3089.6298828125,262100
2023-09-06,3096.552001953125,3141.2099609375,3158.580078125,3115.239990234375,3123.330078125,232800
2023-09-07,3059.3291015625,3103.449951171875,3121.739990234375,3067.909912109375,3110.739990234375,242900
2023-09-08,3098.415771484375,3143.10009765625,3147.93994140625,3108.0,3115.0,164400
2023-09-11,3137.4326171875,3182.679931640625,3186.7900390625,3144.77001953125,3151.889892578125,177900
2023-09-12,3128.314208984375,3173.429931640625,3201.949951171875,3150.760009765625,3164.18994140625,165200
2023-09-13,3071.345947265625,3115.639892578125,3173.800048828125,3109.830078125,3167.219970703125,250900
2023-09-14,3152.10107421875,3197.56005859375,3226.570068359375,3126.72998046875,3168.739990234375,306300
2023-09-15,3115.22265625,3160.14990234375,3217.3798828125,3144.27001953125,3200.75,857600
2023-09-18,3113.4287109375,3158.330078125,3203.179931640625,3145.06005859375,3154.0,211500
2023-09-19,3068.496826171875,3112.75,3140.72998046875,3091.110107421875,3131.97998046875,281400
2023-09-20,3025.280029296875,3068.909912109375,3134.909912109375,3067.929931640625,3134.909912109375,182300
2023-09-21,2993.104248046875,3036.27001953125,3050.780029296875,3014.550048828125,3041.090087890625,267300
2023-09-22,3019.000732421875,3062.5400390625,3096.679931640625,3036.8701171875,3045.0,236300
2023-09-25,3053.86767578125,3097.909912109375,3104.47998046875,3015.0,3023.300048828125,195200
2023-09-26,3017.068359375,3060.580078125,3093.330078125,3040.340087890625,3080.0,216900
2023-09-27,3038.834716796875,3082.659912109375,3101.030029296875,3050.35009765625,3068.320068359375,178400
2023-09-28,3060.689453125,3104.830078125,3117.179931640625,3061.679931640625,3082.659912109375,270400
2023-09-29,3040.106201171875,3083.949951171875,3136.949951171875,3067.81005859375,3121.35009765625,252300
2023-10-02,3049.776611328125,3093.760009765625,3112.530029296875,3066.8701171875,3071.800048828125,160700
2023-10-03,2967.986328125,3010.7900390625,3087.419921875,2996.949951171875,3055.0,228200
2023-10-04,3003.159423828125,3046.469970703125,3059.35009765625,3011.52001953125,3014.739990234375,186200
2023-10-05,2975.84326171875,3018.760009765625,3046.02001953125,2990.159912109375,3039.010009765625,182000
2023-10-06,3006.087158203125,3049.43994140625,3054.570068359375,2997.489990234375,2997.489990234375,205600
2023-10-09,2966.931640625,3009.719970703125,3021.429931640625,2934.449951171875,3021.429931640625,242500
2023-10-10,3016.890869140625,3060.39990234375,3083.9599609375,3015.110107421875,3019.510009765625,220500
2023-10-11,3028.27734375,3071.949951171875,3094.989990234375,3039.469970703125,3083.0,145200
2023-10-12,3005.6533203125,3049.0,3086.260009765625,3028.919921875,3067.56005859375,171600
2023-10-13,2908.139404296875,2950.080078125,3067.469970703125,2945.090087890625,3042.81005859375,273200
2023-10-16,2924.29638671875,2966.469970703125,3000.139892578125,2961.169921875,2973.699951171875,237700
2023-10-17,2936.056640625,2978.39990234375,3001.419921875,2960.550048828125,2973.85009765625,212300
2023-10-18,2809.718994140625,2850.239990234375,2950.010009765625,2841.969970703125,2945.7900390625,456300
2023-10-19,2745.603515625,2785.199951171875,2837.409912109375,2769.3798828125,2836.93994140625,436300
2023-10-20,2717.44970703125,2756.639892578125,2793.139892578125,2747.010009765625,2779.800048828125,313700
2023-10-23,2779.455322265625,2819.5400390625,2841.4599609375,2742.0,2753.760009765625,266800
2023-10-24,2795.060546875,2835.3701171875,2858.89990234375,2817.239990234375,2836.949951171875,188500
2023-10-25,2772.92919921875,2812.919921875,2851.52001953125,2806.8701171875,2822.6201171875,235400
2023-10-26,2703.6982421875,2742.68994140625,2818.719970703125,2733.0400390625,2795.550048828125,289200
2023-10-27,2707.11865234375,2746.159912109375,2784.590087890625,2737.260009765625,2747.43994140625,209800
2023-10-30,2748.61083984375,2788.25,2812.909912109375,2766.64990234375,2768.219970703125,209900
2023-10-31,2749.9013671875,2789.56005859375,2803.909912109375,2765.02001953125,2798.77001953125,218300
2023-11-01,2726.9033203125,2766.22998046875,2813.1298828125,2756.1298828125,2803.0,310500
2023-11-02,2798.264404296875,2838.6201171875,2843.9599609375,2756.389892578125,2807.010009765625,504900
2023-11-03,2818.10791015625,2858.75,2868.969970703125,2762.43994140625,2780.0,580500
2023-11-06,2929.185791015625,2971.429931640625,3002.3798828125,2888.449951171875,2888.56005859375,479000
2023-11-07,2969.080322265625,3011.89990234375,3035.2099609375,2963.760009765625,2971.429931640625,308300
2023-11-08,2977.400634765625,3020.340087890625,3040.719970703125,3003.8701171875,3035.0,235100
2023-11-09,2967.464111328125,3010.260009765625,3033.330078125,2998.52001953125,3031.280029296875,205900
2023-11-10,3030.52490234375,3074.22998046875,3080.389892578125,3012.97998046875,3023.02001953125,226400
2023-11-13,3074.864990234375,3119.2099609375,3146.300048828125,3076.550048828125,3077.52001953125,241500
2023-11-14,3128.38330078125,3173.5,3181.280029296875,3145.340087890625,3165.760009765625,298700
2023-11-15,3076.4521484375,3120.820068359375,3207.320068359375,3117.2900390625,3197.0,284200
2023-11-16,3084.367919921875,3128.85009765625,3160.7900390625,3102.239990234375,3114.179931640625,259000
2023-11-17,3090.677001953125,3135.25,3154.949951171875,3103.389892578125,3154.949951171875,212400
2023-11-20,3113.044189453125,3157.93994140625,3168.9599609375,3133.9599609375,3141.8798828125,227000
2023-11-21,3100.337890625,3145.050048828125,3171.0,3141.610107421875,3156.0,184200
2023-11-22,3085.501708984375,3130.0,3168.780029296875,3129.9599609375,3166.419921875,192600
2023-11-24,3071.29638671875,3115.590087890625,3137.169921875,3106.75,3137.169921875,117000
2023-11-27,3086.290283203125,3130.800048828125,3142.860107421875,3090.0,3099.010009765625,253300
2023-11-28,3097.2421875,3141.909912109375,3147.830078125,3120.56005859375,3136.27001953125,180100
2023-11-29,3081.84423828125,3126.2900390625,3174.0,3104.06005859375,3152.550048828125,155800
2023-11-30,3081.262451171875,3125.699951171875,3128.39990234375,3079.5,3128.39990234375,255700
2023-12-01,3114.6416015625,3159.56005859375,3179.2900390625,3099.06005859375,3125.2900390625,205000
2023-12-04,3089.917724609375,3134.47998046875,3187.75,3115.56005859375,3147.429931640625,235800
2023-12-05,3103.255615234375,3148.010009765625,3160.0,3104.47998046875,3104.47998046875,183700
2023-12-06,3105.217041015625,3150.0,3188.81005859375,3127.31005859375,3180.27001953125,189100
2023-12-07,3192.232421875,3238.27001953125,3240.340087890625,3177.159912109375,3178.219970703125,279300
2023-12-08,3228.4404296875,3275.0,3277.429931640625,3220.9599609375,3220.9599609375,244900
2023-12-11,3299.130859375,3346.7099609375,3385.300048828125,3287.64990234375,3287.64990234375,330700
2023-12-12,3354.1279296875,3402.5,3404.889892578125,3348.56005859375,3359.949951171875,243000
2023-12-13,3375.53857421875,3424.219970703125,3433.39990234375,3380.1201171875,3414.25,220000
2023-12-14,3391.39013671875,3440.300048828125,3494.97998046875,3418.5,3453.89990234375,275400
2023-12-15,3429.658447265625,3479.1201171875,3495.0,3435.260009765625,3441.889892578125,904300
2023-12-18,3421.1904296875,3470.530029296875,3490.0,3460.449951171875,3483.8798828125,202000
2023-12-19,3465.31396484375,3515.2900390625,3529.389892578125,3478.929931640625,3487.550048828125,216400
2023-12-20,3419.888916015625,3469.2099609375,3542.1298828125,3463.780029296875,3536.090087890625,315900
2023-12-21,3469.513427734375,3519.550048828125,3524.1201171875,3481.969970703125,3481.969970703125,218000
2023-12-22,3485.433837890625,3535.699951171875,3564.4599609375,3520.0,3520.0,254900
2023-12-26,3515.94384765625,3566.64990234375,3574.31005859375,3525.2900390625,3527.469970703125,197700
2023-12-27,3484.388671875,3534.639892578125,3580.6201171875,3529.199951171875,3580.6201171875,169000
2023-12-28,3499.993896484375,3550.469970703125,3562.68994140625,3540.179931640625,3556.080078125,139700
2023-12-29,3496.790283203125,3547.219970703125,3574.909912109375,3530.22998046875,3557.179931640625,164500
2024-01-02,3431.077880859375,3480.56005859375,3531.989990234375,3464.719970703125,3520.0,333400
2024-01-03,3360.80126953125,3409.27001953125,3480.679931640625,3405.030029296875,3462.52001953125,327400
2024-01-04,3371.31982421875,3419.93994140625,3448.669921875,3384.10009765625,3400.0,176600
2024-01-05,3359.687255859375,3408.139892578125,3449.5,3394.260009765625,3419.760009765625,321800
2024-01-08,3413.610107421875,3462.840087890625,3465.0,3406.820068359375,3411.6298828125,264700
2024-01-09,3439.62451171875,3489.22998046875,3490.5,3441.0,3441.0,224300
2024-01-10,3471.0908203125,3521.14990234375,3537.75,3493.72998046875,3493.72998046875,148500
2024-01-11,3501.778076171875,3552.280029296875,3552.949951171875,3485.9599609375,3502.550048828125,167500
2024-01-12,3452.607177734375,3502.39990234375,3576.72998046875,3498.919921875,3572.18994140625,167200
2024-01-16,3453.888916015625,3503.699951171875,3510.0,3466.64990234375,3497.800048828125,173200
2024-01-17,3440.284912109375,3489.89990234375,3510.840087890625,3461.550048828125,3496.739990234375,182400
2024-01-18,3478.6416015625,3528.81005859375,3540.5400390625,3481.550048828125,3498.0,223000
2024-01-19,3565.094970703125,3616.510009765625,3622.590087890625,3551.510009765625,3561.889892578125,235100
2024-01-22,3456.17578125,3506.02001953125,3669.659912109375,3480.610107421875,3653.070068359375,456400
2024-01-23,3440.9951171875,3490.6201171875,3531.0,3486.050048828125,3523.25,238200
2024-01-24,3447.03759765625,3496.75,3522.550048828125,3476.5,3500.0,260900
2024-01-25,3453.4453125,3503.25,3540.27001953125,3491.4599609375,3519.989990234375,278100
2024-01-26,3469.562744140625,3519.60009765625,3536.699951171875,3480.0,3495.93994140625,209600
2024-01-29,3503.355224609375,3553.8798828125,3564.139892578125,3496.780029296875,3522.5,219500
2024-01-30,3504.607177734375,3555.14990234375,3575.47998046875,3524.699951171875,3526.0,185500
2024-01-31,3457.605224609375,3507.469970703125,3553.7099609375,3501.080078125,3530.0,186400
2024-02-01,3507.860595703125,3558.449951171875,3599.56005859375,3511.699951171875,3592.25,196500
2024-02-02,3510.75830078125,3561.389892578125,3583.429931640625,3511.5,3538.949951171875,197600
2024-02-05,3573.46435546875,3625.0,3628.68994140625,3535.409912109375,3541.0,230800
2024-02-06,3593.12109375,3644.93994140625,3660.199951171875,3605.429931640625,3635.0,277000
2024-02-07,3656.191162109375,3708.919921875,3745.4599609375,3646.320068359375,3650.10009765625,284800
2024-02-08,3785.62451171875,3840.219970703125,3844.760009765625,3725.949951171875,3750.0,376500
2024-02-09,3704.750732421875,3758.179931640625,3761.8798828125,3663.010009765625,3700.0,398900
2024-02-12,3736.345458984375,3790.22998046875,3827.0,3749.659912109375,3757.110107421875,247300
2024-02-13,3694.3310546875,3747.610107421875,3787.7900390625,3702.1201171875,3745.0,264100
2024-02-14,3685.163330078125,3738.31005859375,3770.2099609375,3695.0,3741.2099609375,253700
2024-02-15,3697.338134765625,3750.659912109375,3762.72998046875,3711.830078125,3752.639892578125,297500
2024-02-16,3663.99853515625,3716.840087890625,3756.179931640625,3708.969970703125,3754.199951171875,209600
2024-02-20,3648.245849609375,3700.860107421875,3730.169921875,3688.56005859375,3709.0,254900
2024-02-21,3687.943115234375,3741.1298828125,3752.780029296875,3709.570068359375,3716.56005859375,224800
2024-02-22,3846.5166015625,3901.989990234375,3918.0,3774.8701171875,3804.080078125,474000
2024-02-23,3456.116943359375,3505.9599609375,3698.300048828125,3491.330078125,3698.300048828125,958500
2024-02-26,3449.994873046875,3499.75,3586.199951171875,3497.590087890625,3559.360107421875,433200
2024-02-27,3428.672607421875,3478.1201171875,3533.719970703125,3463.3701171875,3516.31005859375,392900
2024-02-28,3445.933349609375,3495.6298828125,3507.360107421875,3460.0,3478.1201171875,339600
2024-02-29,3419.514892578125,3468.830078125,3515.0,3451.489990234375,3505.68994140625,480900
2024-03-01,3449.97509765625,3499.72998046875,3511.719970703125,3454.159912109375,3482.550048828125,348400
2024-03-04,3412.1904296875,3461.39990234375,3502.22998046875,3452.5,3461.7900390625,270800
2024-03-05,3381.48291015625,3430.25,3473.31005859375,3415.68994140625,3452.0,287500
2024-03-06,3379.294677734375,3428.030029296875,3447.4599609375,3398.969970703125,3433.0,236500
2024-03-07,3437.0908203125,3477.760009765625,3484.10009765625,3408.919921875,3433.5,270700
2024-03-08,3444.938232421875,3485.699951171875,3510.0,3450.6201171875,3476.97998046875,305400
2024-03-11,3461.77880859375,3502.739990234375,3546.02001953125,3476.47998046875,3477.760009765625,235500
2024-03-12,3459.07080078125,3500.0,3543.43994140625,3497.5400390625,3522.27001953125,188400
2024-03-13,3459.07080078125,3500.0,3519.719970703125,3482.22998046875,3500.0,232600
2024-03-14,3470.495849609375,3511.56005859375,3550.0,3500.280029296875,3550.0,347900
2024-03-15,3374.05712890625,3413.97998046875,3501.0,3409.010009765625,3498.2900390625,771100
2024-03-18,3410.57470703125,3450.929931640625,3470.0,3426.31005859375,3466.52001953125,231000
2024-03-19,3464.980712890625,3505.97998046875,3510.18994140625,3445.02001953125,3454.110107421875,187700
2024-03-20,3536.642822265625,3578.489990234375,3623.0,3500.010009765625,3510.080078125,430400
2024-03-21,3605.15234375,3647.81005859375,3660.18994140625,3586.659912109375,3615.2900390625,304300
2024-03-22,3582.342041015625,3624.72998046875,3646.1201171875,3604.4599609375,3624.969970703125,205400
2024-03-25,3584.526123046875,3626.93994140625,3629.830078125,3569.5,3608.43994140625,166600
2024-03-26,3618.26708984375,3661.080078125,3688.909912109375,3640.60009765625,3649.0,274900
2024-03-27,3630.541748046875,3673.5,3711.429931640625,3656.139892578125,3677.93994140625,209200
2024-03-28,3585.455322265625,3627.8798828125,3694.639892578125,3618.39990234375,3690.0,274100
2024-04-01,3527.1357421875,3568.8701171875,3654.85009765625,3548.0,3651.030029296875,227600
2024-04-02,3524.387939453125,3566.090087890625,3585.070068359375,3518.60009765625,3518.60009765625,257200
2024-04-03,3589.90234375,3632.3798828125,3646.110107421875,3595.419921875,3599.0,255000
2024-04-04,3480.743896484375,3521.929931640625,3671.47998046875,3518.300048828125,3658.0,322600
2024-04-05,3559.77880859375,3601.89990234375,3610.47998046875,3530.0,3530.0,258500
2024-04-08,3559.0576171875,3601.169921875,3634.25,3589.14990234375,3589.8798828125,165600
2024-04-09,3539.59814453125,3581.47998046875,3614.219970703125,3530.840087890625,3610.0,158000
2024-04-10,3544.193115234375,3586.1298828125,3617.340087890625,3546.929931640625,3572.570068359375,181000
2024-04-11,3595.32861328125,3637.8701171875,3656.81005859375,3568.050048828125,3576.919921875,174500
2024-04-12,3490.4990234375,3531.800048828125,3598.580078125,3501.5,3579.3701171875,240800
2024-04-15,3444.86865234375,3485.6298828125,3625.22998046875,3480.97998046875,3583.070068359375,207600
2024-04-16,3427.2177734375,3467.77001953125,3497.469970703125,3450.7900390625,3470.530029296875,223300
2024-04-17,3403.63671875,3443.909912109375,3493.409912109375,3430.570068359375,3472.97998046875,170900
2024-04-18,3390.027587890625,3430.139892578125,3485.159912109375,3424.139892578125,3470.0,156700
2024-04-19,3374.88720703125,3414.820068359375,3478.18994140625,3405.159912109375,3460.510009765625,218800
2024-04-22,3422.503173828125,3463.0,3492.52001953125,3424.52001953125,3441.1201171875,202300
2024-04-23,3492.663330078125,3533.989990234375,3546.89990234375,3468.219970703125,3468.219970703125,152200
2024-04-24,3476.385986328125,3517.52001953125,3571.110107421875,3505.25,3505.25,155900
2024-04-25,3461.521728515625,3502.47998046875,3525.0,3466.27001953125,3522.719970703125,142700
2024-04-26,3479.904296875,3521.080078125,3541.8701171875,3484.22998046875,3484.22998046875,146000
2024-04-29,3473.69775390625,3514.800048828125,3532.070068359375,3487.239990234375,3521.080078125,146500
2024-04-30,3411.66162109375,3452.030029296875,3516.139892578125,3444.22998046875,3512.7900390625,232100
2024-05-01,3375.697265625,3415.639892578125,3485.110107421875,3405.22998046875,3437.25,226200
2024-05-02,3432.29736328125,3472.909912109375,3487.909912109375,3393.949951171875,3440.0,454200
2024-05-03,3535.5458984375,3577.3798828125,3748.2099609375,3566.909912109375,3700.0,534600
2024-05-06,3556.330078125,3598.409912109375,3618.719970703125,3520.929931640625,3618.719970703125,350000
2024-05-07,3563.247802734375,3605.409912109375,3623.06005859375,3550.010009765625,3580.75,266300
2024-05-08,3617.19970703125,3660.0,3663.60009765625,3573.0,3603.800048828125,273200
2024-05-09,3735.825927734375,3780.030029296875,3800.919921875,3640.0,3640.0,437000
2024-05-10,3761.2451171875,3805.75,3811.570068359375,3775.419921875,3783.449951171875,283000
2024-05-13,3701.20556640625,3745.0,3807.800048828125,3717.47998046875,3800.75,238400
2024-05-14,3728.73046875,3772.85009765625,3778.669921875,3729.0,3729.570068359375,210800
2024-05-15,3748.18017578125,3792.530029296875,3796.8701171875,3749.199951171875,3783.27001953125,192400
2024-05-16,3691.33251953125,3735.010009765625,3797.02001953125,3735.010009765625,3792.530029296875,198300
2024-05-17,3664.984375,3708.35009765625,3758.239990234375,3690.510009765625,3758.239990234375,198400
2024-05-20,3724.549560546875,3768.6201171875,3773.340087890625,3694.260009765625,3703.97998046875,219900
2024-05-21,3777.641357421875,3822.340087890625,3827.820068359375,3749.110107421875,3772.2099609375,224000
2024-05-22,3780.368896484375,3825.10009765625,3853.0,3798.219970703125,3830.0,203300
2024-05-23,3708.7958984375,3752.679931640625,3850.0,3731.7900390625,3850.0,218700
2024-05-24,3750.966796875,3795.35009765625,3807.06005859375,3754.919921875,3760.0,151800
2024-05-28,3745.798095703125,3790.1201171875,3815.0,3764.699951171875,3796.550048828125,170700
2024-05-29,3690.62109375,3734.2900390625,3776.06005859375,3726.719970703125,3751.0,255400
2024-05-30,3710.71337890625,3754.6201171875,3766.949951171875,3704.570068359375,3745.590087890625,210200
2024-05-31,3732.189453125,3776.35009765625,3783.52001953125,3711.85009765625,3747.0,353100
2024-06-03,3719.627685546875,3763.639892578125,3784.429931640625,3713.889892578125,3776.35009765625,229900
2024-06-04,3756.90673828125,3801.360107421875,3823.760009765625,3768.909912109375,3772.5,162700
2024-06-05,3786.239013671875,3831.0400390625,3838.0,3753.919921875,3809.06005859375,142600
2024-06-06,3765.504638671875,3810.06005859375,3854.889892578125,3800.0,3831.0400390625,146400
2024-06-07,3777.174072265625,3813.090087890625,3820.239990234375,3770.0,3787.280029296875,161400
2024-06-10,3753.03369140625,3788.719970703125,3805.550048828125,3746.679931640625,3805.550048828125,226700
2024-06-11,3753.013671875,3788.699951171875,3819.889892578125,3762.719970703125,3772.97998046875,219300
2024-06-12,3839.897705078125,3876.409912109375,3911.68994140625,3807.0,3807.0,256500
2024-06-13,3819.818359375,3856.139892578125,3866.169921875,3820.469970703125,3850.0,153700
2024-06-14,3822.750732421875,3859.10009765625,3863.110107421875,3814.10009765625,3837.010009765625,143700
2024-06-17,3915.83544921875,3953.070068359375,3957.97998046875,3854.510009765625,3878.75,180100
2024-06-18,3935.756103515625,3973.179931640625,3989.1201171875,3937.43994140625,3957.7099609375,179800
2024-06-20,3934.66650390625,3972.080078125,4004.39990234375,3961.280029296875,3995.0,212100
2024-06-21,3951.5263671875,3989.10009765625,3992.679931640625,3940.75,3982.590087890625,498200
2024-06-24,3943.70068359375,3981.199951171875,4018.090087890625,3960.0,3989.110107421875,161900
2024-06-25,3976.567626953125,4014.3798828125,4033.0,3986.0,4016.8701171875,150100
2024-06-26,3944.869384765625,3982.3798828125,4008.18994140625,3971.139892578125,3988.179931640625,175100
2024-06-27,3971.634765625,4009.39990234375,4040.0,4000.0,4040.0,168500
2024-06-28,3924.18603515625,3961.5,4031.669921875,3951.0,3994.0,321200
2024-07-01,3848.28759765625,3884.8798828125,3977.35009765625,3869.760009765625,3977.35009765625,231100
2024-07-02,3879.322509765625,3916.2099609375,3922.3798828125,3876.81005859375,3876.81005859375,196200
2024-07-03,3879.99609375,3916.889892578125,3936.969970703125,3901.949951171875,3912.510009765625,79400
2024-07-05,3893.13134765625,3930.14990234375,3939.760009765625,3905.0,3936.97998046875,201700
2024-07-08,3947.09814453125,3984.6298828125,4002.800048828125,3914.0400390625,3932.81005859375,159500
2024-07-09,3940.015869140625,3977.47998046875,4020.239990234375,3973.89990234375,4004.830078125,150800
2024-07-10,3952.46728515625,3990.050048828125,3990.889892578125,3950.0,3980.1201171875,159000
2024-07-11,3899.33251953125,3936.409912109375,3998.989990234375,3926.1298828125,3998.989990234375,229400
2024-07-12,3988.50439453125,4026.429931640625,4051.68994140625,3950.0,3950.0,197600
2024-07-15,4049.49462890625,4088.0,4100.0,4013.260009765625,4034.6201171875,145500
2024-07-16,4080.291259765625,4119.08984375,4144.31982421875,4110.64013671875,4117.0,144400
2024-07-17,3952.060791015625,3989.639892578125,4108.7099609375,3989.31005859375,4102.080078125,226800
2024-07-18,3893.53759765625,3930.56005859375,4022.739990234375,3905.14990234375,4002.139892578125,189600
2024-07-19,3929.8818359375,3967.25,3976.97998046875,3930.56005859375,3938.090087890625,160100
2024-07-22,3872.57666015625,3909.39990234375,3984.639892578125,3905.0,3976.0,254600
2024-07-23,3882.284423828125,3919.199951171875,3945.389892578125,3901.6298828125,3907.0,208500
2024-07-24,3769.932861328125,3805.780029296875,3891.070068359375,3800.0,3880.0,322100
2024-07-25,3625.4072265625,3659.8798828125,3786.0,3643.050048828125,3786.0,482500
2024-07-26,3666.1298828125,3700.989990234375,3714.239990234375,3659.14990234375,3698.5400390625,234000
2024-07-29,3719.759765625,3755.1298828125,3799.6298828125,3715.280029296875,3735.10009765625,224600
2024-07-30,3685.941650390625,3720.989990234375,3791.43994140625,3683.75,3752.110107421875,219700
2024-07-31,3680.017578125,3715.010009765625,3776.0,3700.1201171875,3776.0,393100
2024-08-01,3629.666748046875,3664.179931640625,3748.409912109375,3631.429931640625,3716.22998046875,551900
2024-08-02,3296.781982421875,3328.1298828125,3465.56005859375,3291.050048828125,3311.590087890625,801500
2024-08-05,3351.56103515625,3383.429931640625,3387.35009765625,3180.0,3205.0,665200
2024-08-06,3384.89404296875,3417.080078125,3490.780029296875,3386.489990234375,3415.0,429300
2024-08-07,3274.484130859375,3305.6201171875,3472.340087890625,3291.800048828125,3402.64990234375,419700
2024-08-08,3362.87353515625,3394.85009765625,3409.580078125,3307.89990234375,3316.070068359375,377300
2024-08-09,3410.619384765625,3443.050048828125,3456.0,3394.85009765625,3394.85009765625,251800
2024-08-12,3406.785888671875,3439.179931640625,3471.469970703125,3399.27001953125,3442.409912109375,212700
2024-08-13,3534.155029296875,3567.760009765625,3572.25,3472.5,3484.9599609375,263300
2024-08-14,3538.92919921875,3572.580078125,3610.27001953125,3557.639892578125,3572.0,190000
2024-08-15,3600.434326171875,3634.669921875,3653.9599609375,3607.239990234375,3620.0,201800
2024-08-16,3584.773681640625,3618.860107421875,3636.550048828125,3592.280029296875,3634.669921875,196300
2024-08-19,3667.140625,3702.010009765625,3705.7900390625,3610.43994140625,3616.52001953125,198100
2024-08-20,3667.62548828125,3702.5,3719.510009765625,3665.5400390625,3692.14990234375,176000
2024-08-21,3702.791259765625,3738.0,3745.0400390625,3683.139892578125,3702.5,261600
2024-08-22,3732.597900390625,3768.090087890625,3791.169921875,3752.419921875,3752.419921875,173900
2024-08-23,3794.49951171875,3830.580078125,3853.22998046875,3759.429931640625,3779.280029296875,223300
2024-08-26,3762.11669921875,3797.889892578125,3858.320068359375,3784.75,3842.0,219200
2024-08-27,3844.889892578125,3881.449951171875,3901.580078125,3798.52001953125,3798.52001953125,236300
2024-08-28,3861.521728515625,3898.239990234375,3911.570068359375,3860.330078125,3878.0,232200
2024-08-29,3854.161865234375,3890.81005859375,3929.77001953125,3882.280029296875,3915.0,224000
2024-08-30,3872.408203125,3909.22998046875,3940.25,3885.699951171875,3930.10009765625,239600
2024-09-03,3777.857421875,3813.780029296875,3905.429931640625,3798.2099609375,3876.010009765625,276700
2024-09-04,3763.4248046875,3799.2099609375,3808.580078125,3769.489990234375,3776.159912109375,219600
2024-09-05,3746.257568359375,3781.8798828125,3789.909912109375,3732.2900390625,3754.2900390625,212300
2024-09-06,3704.775634765625,3731.35009765625,3794.340087890625,3700.969970703125,3777.139892578125,283100
2024-09-09,3775.805908203125,3802.889892578125,3809.02001953125,3718.580078125,3749.52001953125,241000
2024-09-10,3807.5087890625,3834.820068359375,3837.429931640625,3777.840087890625,3818.360107421875,174900
2024-09-11,3800.211181640625,3827.469970703125,3836.0,3719.340087890625,3836.0,245400
2024-09-12,3843.133056640625,3870.699951171875,3895.489990234375,3813.8798828125,3834.3701171875,186200
2024-09-13,3904.582275390625,3932.590087890625,3938.64990234375,3894.510009765625,3896.0,159700
2024-09-16,3950.661865234375,3979.0,3999.510009765625,3930.0,3950.0,180500
2024-09-17,4013.639892578125,4042.429931640625,4047.489990234375,3985.0,4000.0,173900
2024-09-18,3999.610595703125,4028.300048828125,4073.840087890625,4018.510009765625,4050.0,136000
2024-09-19,3988.8974609375,4017.510009765625,4104.990234375,3997.840087890625,4103.759765625,298600
2024-09-20,4035.066650390625,4064.010009765625,4067.4599609375,3985.570068359375,4009.669921875,443900
2024-09-23,4067.90087890625,4097.080078125,4104.8701171875,4030.68994140625,4064.010009765625,253700
2024-09-24,4147.80810546875,4177.56005859375,4182.7900390625,4084.89990234375,4128.0,216000
2024-09-25,4145.9609375,4175.7001953125,4181.10986328125,4148.830078125,4177.56005859375,196700
2024-09-26,4238.537109375,4268.93994140625,4272.8798828125,4196.89013671875,4210.2900390625,213900
2024-09-27,4217.845703125,4248.10009765625,4270.990234375,4231.06005859375,4269.009765625,162600
2024-09-30,4182.12158203125,4212.1201171875,4228.3701171875,4183.1298828125,4220.14990234375,217800
2024-10-01,4071.783203125,4100.990234375,4228.0,4085.199951171875,4228.0,238500
2024-10-02,4095.631591796875,4125.009765625,4128.64013671875,4072.239990234375,4100.990234375,164500
2024-10-03,4074.890869140625,4104.1201171875,4113.5400390625,4060.97998046875,4080.0,120600
2024-10-04,4157.87548828125,4187.7001953125,4196.7998046875,4134.31982421875,4164.759765625,167600
2024-10-07,4140.12255859375,4169.81982421875,4256.27978515625,4159.4599609375,4175.8701171875,184500
2024-10-08,4203.03125,4233.18017578125,4260.0,4180.0,4180.0,160900
2024-10-09,4261.4326171875,4292.0,4304.77001953125,4227.27001953125,4229.0,153900
2024-10-10,4257.6796875,4288.22021484375,4308.0,4267.240234375,4289.0,124400
2024-10-11,4254.2138671875,4284.72998046875,4328.5400390625,4277.85986328125,4300.0,125000
2024-10-14,4267.1123046875,4297.72021484375,4318.18994140625,4284.10009765625,4297.419921875,139800
2024-10-15,4277.09033203125,4307.77001953125,4371.169921875,4274.509765625,4278.35009765625,182800
2024-10-16,4306.3798828125,4337.27001953125,4355.919921875,4278.85009765625,4300.41015625,124000
2024-10-17,4339.6416015625,4370.77001953125,4394.9501953125,4357.02001953125,4360.0,148700
2024-10-18,4319.833984375,4350.81982421875,4377.77001953125,4334.5,4370.77001953125,146100
2024-10-21,4332.64208984375,4363.72021484375,4376.10986328125,4323.22998046875,4323.22998046875,132300
2024-10-22,4346.6015625,4377.77978515625,4395.0,4330.83984375,4331.72998046875,124200
2024-10-23,4282.29296875,4313.009765625,4370.33984375,4270.60009765625,4354.10009765625,177800
2024-10-24,4307.82958984375,4338.72998046875,4341.2900390625,4289.330078125,4300.080078125,159800
2024-10-25,4316.85498046875,4347.81982421875,4375.0,4334.16015625,4375.0,149600
2024-10-28,4316.626953125,4347.58984375,4379.990234375,4320.080078125,4379.990234375,215300
2024-10-29,4396.00732421875,4427.5400390625,4440.8701171875,4332.2099609375,4332.2099609375,201900
2024-10-30,4432.138671875,4463.93017578125,4477.8798828125,4385.0,4385.0,320700
2024-10-31,4642.9462890625,4676.25,4856.60009765625,4643.830078125,4734.0,514000
2024-11-01,4715.28662109375,4749.10986328125,4790.1201171875,4669.0,4669.0,519700
2024-11-04,4742.4423828125,4776.4599609375,4825.0,4728.25,4771.990234375,200000
2024-11-05,4879.9755859375,4914.97998046875,4916.009765625,4770.0,4770.0,385200
2024-11-06,4965.57177734375,5001.18994140625,5060.5,4942.1298828125,5036.64013671875,272300
2024-11-07,4885.82421875,4920.8701171875,5017.02001953125,4913.0400390625,5013.22021484375,335200
2024-11-08,4908.06396484375,4943.27001953125,4975.60009765625,4922.830078125,4922.830078125,282400
2024-11-11,5029.32421875,5065.39990234375,5069.43994140625,4936.0,4936.0,175400
2024-11-12,4987.14697265625,5022.919921875,5050.740234375,4996.2099609375,5029.009765625,311500
2024-11-13,4951.91943359375,4987.43994140625,5033.9599609375,4972.35009765625,4998.0,199300
2024-11-14,4935.5771484375,4970.97998046875,4995.009765625,4951.9501953125,4958.0,242100
2024-11-15,4939.75634765625,4975.18994140625,4979.77978515625,4932.5,4970.0,235600
2024-11-18,4982.04345703125,5017.77978515625,5029.43017578125,4930.9501953125,4969.39013671875,229200
2024-11-19,4941.5439453125,4976.990234375,4993.7998046875,4937.10986328125,4993.7998046875,204600
2024-11-20,4980.70361328125,5016.43017578125,5019.0498046875,4907.02978515625,4966.81005859375,167400
2024-11-21,5173.80810546875,5210.919921875,5211.66015625,5016.43994140625,5050.6201171875,242700
2024-11-22,5140.27880859375,5177.14990234375,5216.0,5140.83984375,5202.5400390625,246600
2024-11-25,5072.4453125,5108.830078125,5237.0,5073.68017578125,5213.0,444500
2024-11-26,5177.5810546875,5214.72021484375,5215.0,5110.0,5110.0,162700
2024-11-27,5185.951171875,5223.14990234375,5230.0,5161.0,5187.68994140625,171100
2024-11-29,5164.931640625,5201.97998046875,5230.0,5177.35986328125,5177.35986328125,132700
2024-12-02,5187.07275390625,5224.27978515625,5233.18994140625,5185.0400390625,5206.41015625,205900
2024-12-03,5177.2431640625,5214.3798828125,5258.2001953125,5204.169921875,5224.27978515625,195900
2024-12-04,5205.81884765625,5243.16015625,5248.669921875,5161.77001953125,5200.0,203200
2024-12-05,5250.27978515625,5287.93994140625,5330.0,5200.0,5253.8798828125,183700
2024-12-06,5271.3134765625,5300.33984375,5337.2001953125,5260.0,5260.0,188300
2024-12-09,5121.3994140625,5149.60009765625,5280.2998046875,5142.080078125,5240.0,273000
2024-12-10,5156.93408203125,5185.330078125,5223.669921875,5111.56982421875,5174.0,254700
2024-12-11,5264.01416015625,5293.0,5295.5498046875,5218.77978515625,5253.31982421875,196400
2024-12-12,5240.07568359375,5268.93017578125,5337.240234375,5255.64990234375,5300.0,147500
2024-12-13,5198.98193359375,5227.60986328125,5260.41015625,5213.60009765625,5240.0,164100
2024-12-16,5123.9150390625,5152.1298828125,5231.39990234375,5141.18994140625,5206.64013671875,342500
2024-12-17,5126.72998046875,5154.9599609375,5177.25,5109.83984375,5129.0,220500
2024-12-18,4916.27880859375,4943.35009765625,5167.27001953125,4939.85009765625,5154.9599609375,316300
2024-12-19,4953.12548828125,4980.39990234375,5020.66015625,4946.83984375,4997.080078125,278200
2024-12-20,5020.94189453125,5048.58984375,5085.2099609375,4955.43017578125,4955.43017578125,463800
2024-12-23,5035.392578125,5063.1201171875,5071.39013671875,5005.1201171875,5066.7900390625,165200
2024-12-24,5094.884765625,5122.93994140625,5122.93994140625,5050.68994140625,5086.27001953125,78600
2024-12-26,5068.1328125,5096.0400390625,5125.83984375,5092.7998046875,5094.06005859375,68700
2024-12-27,5009.8037109375,5037.39013671875,5078.64013671875,5016.1298828125,5060.0,116500
2024-12-30,4963.5380859375,4990.8701171875,5016.47998046875,4938.0400390625,4992.5,147700
2024-12-31,4941.2109375,4968.419921875,5007.22998046875,4963.259765625,4990.0,105300
2025-01-02,4898.3173828125,4925.2900390625,5039.8798828125,4896.669921875,4990.669921875,141300
2025-01-03,4876.9951171875,4903.85009765625,4961.9501953125,4878.85986328125,4937.77978515625,165500
2025-01-06,4882.90234375,4909.7900390625,4942.669921875,4845.5498046875,4942.669921875,278200
2025-01-07,4769.8349609375,4796.10009765625,4889.35986328125,4788.0,4881.41015625,220300
2025-01-08,4845.73681640625,4872.419921875,4877.240234375,4785.5,4808.89990234375,266300
2025-01-10,4713.5947265625,4739.5498046875,4835.85009765625,4700.16015625,4809.2099609375,306200
2025-01-13,4737.81103515625,4763.89990234375,4780.580078125,4660.31982421875,4710.2900390625,209900
2025-01-14,4752.64013671875,4778.81005859375,4809.080078125,4751.080078125,4781.830078125,206100
2025-01-15,4803.19140625,4829.64013671875,4899.5400390625,4815.7099609375,4851.72998046875,230300
2025-01-16,4838.357421875,4865.0,4901.60009765625,4798.169921875,4817.77978515625,188400
2025-01-17,4899.81884765625,4926.7998046875,4976.9599609375,4894.4501953125,4950.0,260100
2025-01-21,4660.74609375,4686.41015625,4934.6201171875,4615.0,4925.4501953125,405900
2025-01-22,4593.9140625,4619.2099609375,4704.509765625,4595.91015625,4681.56005859375,372900
2025-01-23,4791.75439453125,4818.14013671875,4822.4501953125,4609.0498046875,4620.64990234375,402300
2025-01-24,4738.79638671875,4764.89013671875,4828.0,4723.7900390625,4802.0,240000
2025-01-27,4649.75634765625,4675.35986328125,4781.16015625,4656.8701171875,4656.8701171875,299600
2025-01-28,4659.025390625,4684.68017578125,4751.52001953125,4660.0,4670.10009765625,331000
2025-01-29,4696.001953125,4721.85986328125,4744.009765625,4688.77001953125,4705.56005859375,179100
2025-01-30,4748.18408203125,4774.330078125,4789.33984375,4700.0498046875,4789.33984375,237000
2025-01-31,4711.61572265625,4737.56005859375,4830.0,4711.0400390625,4796.0,245200
2025-02-03,4667.2001953125,4692.89990234375,4742.85986328125,4605.43017578125,4670.18994140625,251600
2025-02-04,4653.31640625,4678.93994140625,4728.56982421875,4655.8701171875,4670.509765625,261800
2025-02-05,4673.65478515625,4699.39013671875,4778.68017578125,4684.06982421875,4688.43017578125,218600
2025-02-06,4753.53466796875,4779.7099609375,4847.0,4729.8798828125,4730.64013671875,428000
2025-02-07,4860.705078125,4887.47021484375,5072.7001953125,4869.0,4884.89990234375,430600
2025-02-10,4886.572265625,4913.47998046875,4987.0,4905.990234375,4962.7099609375,191800
2025-02-11,4870.5,4897.31982421875,4931.77978515625,4863.60009765625,4896.06005859375,177400
2025-02-12,4990.62939453125,5018.10986328125,5020.66015625,4877.02978515625,4877.02978515625,198900
2025-02-13,4981.27099609375,5008.7001953125,5079.08984375,4984.31005859375,5059.4599609375,224400
2025-02-14,5016.775390625,5044.39990234375,5085.43994140625,4975.5400390625,5085.43994140625,202500
2025-02-18,5113.72119140625,5141.8798828125,5165.0,5060.35986328125,5108.5,277900
2025-02-19,5082.61328125,5110.60009765625,5168.6201171875,5043.02001953125,5168.6201171875,187200
2025-02-20,4990.74853515625,5018.22998046875,5109.990234375,4975.81005859375,5109.990234375,301600
2025-02-21,4963.3095703125,4990.64013671875,5282.0,4970.0498046875,5213.47021484375,724500
2025-02-24,5021.4296875,5049.080078125,5102.93017578125,4998.10986328125,5004.0,350200
2025-02-25,5006.263671875,5033.830078125,5090.0,4951.919921875,5090.0,359000
2025-02-26,5006.97900390625,5034.5498046875,5129.0,5025.0,5058.0,257200
2025-02-27,4891.1962890625,4918.1298828125,5046.14013671875,4916.64990234375,5042.10986328125,209600
2025-02-28,4988.5400390625,5016.009765625,5016.009765625,4896.10986328125,4938.14990234375,305400
2025-03-03,4919.06298828125,4946.14990234375,5054.75,4914.10009765625,5016.009765625,351900
2025-03-04,4871.57470703125,4898.39990234375,4967.9501953125,4790.64013671875,4849.419921875,389700
2025-03-05,4890.5302734375,4917.4599609375,4949.47998046875,4842.240234375,4894.60986328125,213100
2025-03-06,4670.25341796875,4695.97021484375,4871.7099609375,4686.25,4816.009765625,305600
2025-03-07,4657.30810546875,4673.3798828125,4725.43017578125,4601.47998046875,4678.75,296900
2025-03-10,4435.72216796875,4451.02978515625,4583.16015625,4405.919921875,4583.16015625,360800
2025-03-11,4338.4384765625,4353.41015625,4429.43994140625,4308.02001953125,4400.009765625,403400
2025-03-12,4385.38671875,4400.52001953125,4422.2998046875,4300.64013671875,4415.0,305700
2025-03-13,4280.6279296875,4295.39990234375,4400.52001953125,4279.39990234375,4382.0498046875,319100
2025-03-14,4450.123046875,4465.47998046875,4465.47998046875,4353.18017578125,4361.97998046875,252900
2025-03-17,4547.69677734375,4563.39013671875,4607.72998046875,4461.77001953125,4474.1298828125,284200
2025-03-18,4456.1318359375,4471.509765625,4565.41015625,4416.66015625,4559.6201171875,286100
2025-03-19,4576.09814453125,4591.89013671875,4637.52978515625,4448.18994140625,4448.18994140625,278400
2025-03-20,4573.24755859375,4589.02978515625,4652.68994140625,4547.259765625,4569.02978515625,239300
2025-03-21,4601.380859375,4617.259765625,4645.10986328125,4457.330078125,4531.330078125,574400
2025-03-24,4693.52294921875,4709.72021484375,4727.9599609375,4657.4501953125,4674.18017578125,232000
2025-03-25,4761.47900390625,4777.91015625,4794.58984375,4722.68017578125,4722.68017578125,264900
2025-03-26,4747.77587890625,4764.16015625,4782.0,4732.06005859375,4778.0,179300
2025-03-27,4736.45458984375,4752.7998046875,4807.33984375,4613.97998046875,4740.0,194000
2025-03-28,4618.30322265625,4634.240234375,4752.7998046875,4629.60009765625,4752.7998046875,185400
2025-03-31,4591.06689453125,4606.91015625,4626.0400390625,4440.85986328125,4522.81005859375,359400
2025-04-01,4669.6357421875,4685.75,4693.97021484375,4529.740234375,4572.08984375,222000
2025-04-02,4673.1728515625,4689.2998046875,4729.60009765625,4624.43017578125,4624.43017578125,193400
2025-04-03,4435.22412109375,4450.52978515625,4523.759765625,4383.4599609375,4489.240234375,394300
2025-04-04,4269.287109375,4284.02001953125,4513.25,4284.02001953125,4322.22021484375,508500
2025-04-07,4230.08251953125,4244.68017578125,4463.919921875,4107.41015625,4170.080078125,558400
2025-04-08,4149.8291015625,4164.14990234375,4430.509765625,4129.580078125,4375.009765625,350900
2025-04-09,4600.4443359375,4616.31982421875,4653.81005859375,4096.22998046875,4126.18017578125,602600
2025-04-10,4479.18310546875,4494.64013671875,4558.85009765625,4373.83984375,4525.60009765625,423300
2025-04-11,4570.75634765625,4586.52978515625,4643.68017578125,4434.93994140625,4508.22021484375,305000
2025-04-14,4541.1689453125,4556.83984375,4701.7001953125,4547.419921875,4701.7001953125,288100
2025-04-15,4596.57763671875,4612.43994140625,4617.509765625,4524.08984375,4599.990234375,215700
2025-04-16,4525.2236328125,4540.83984375,4627.759765625,4491.77001953125,4573.85009765625,248800
2025-04-17,4557.58251953125,4573.31005859375,4604.58984375,4516.6298828125,4586.580078125,216800
2025-04-21,4422.36865234375,4437.6298828125,4578.81005859375,4371.1201171875,4566.64013671875,235500
2025-04-22,4582.26708984375,4598.080078125,4608.509765625,4456.919921875,4465.0,236300
2025-04-23,4714.759765625,4731.02978515625,4800.0,4665.0,4719.830078125,237900
2025-04-24,4811.36669921875,4827.97021484375,4843.759765625,4691.6298828125,4706.1201171875,238000
2025-04-25,4821.80029296875,4838.43994140625,4878.41015625,4793.5498046875,4828.6201171875,189600
2025-04-28,4873.13330078125,4889.9501953125,4916.2001953125,4824.240234375,4880.0,232900
2025-04-29,4892.3466796875,4909.22998046875,4930.1201171875,4841.81005859375,4849.990234375,372300
2025-04-30,5081.74365234375,5099.27978515625,5116.14013671875,4722.77001953125,4732.22998046875,458000
2025-05-01,5083.88623046875,5101.43017578125,5159.919921875,4970.0,5002.27001953125,311600
2025-05-02,5184.9072265625,5202.7998046875,5226.77978515625,5118.2998046875,5179.0498046875,270900
2025-05-05,5173.267578125,5191.1201171875,5250.0,5175.0,5175.0,192500
2025-05-06,5144.61669921875,5162.3701171875,5215.89990234375,5152.080078125,5190.14990234375,182700
2025-05-07,5178.3701171875,5196.240234375,5228.5498046875,5132.6201171875,5163.64013671875,157400
2025-05-08,5147.5068359375,5165.27001953125,5238.33984375,5165.2099609375,5201.02001953125,209100
2025-05-09,5055.095703125,5072.5400390625,5151.43017578125,5038.0,5141.10986328125,228400
2025-05-12,5177.12451171875,5194.990234375,5230.0,5088.52001953125,5179.31005859375,293800
2025-05-13,5244.322265625,5262.419921875,5302.60986328125,5151.35009765625,5162.35986328125,253600
2025-05-14,5198.6103515625,5216.5498046875,5288.72021484375,5182.56005859375,5258.52978515625,195500
2025-05-15,5219.7275390625,5237.740234375,5285.43017578125,5209.009765625,5213.97021484375,155600
2025-05-16,5298.7841796875,5317.06982421875,5332.43017578125,5221.02001953125,5267.14013671875,200500
2025-05-19,5359.5048828125,5378.0,5379.97998046875,5227.22998046875,5315.02001953125,158700
2025-05-20,5292.41650390625,5310.68017578125,5374.97021484375,5290.0,5332.97998046875,178400
2025-05-21,5275.1064453125,5293.31005859375,5334.08984375,5261.0,5286.60009765625,130900
2025-05-22,5323.5390625,5341.91015625,5351.7998046875,5285.919921875,5297.490234375,136000
2025-05-23,5314.4599609375,5332.7998046875,5337.240234375,5272.66015625,5280.72998046875,152400
2025-05-27,5432.99169921875,5451.740234375,5471.77978515625,5356.919921875,5356.919921875,257700
2025-05-28,5456.4306640625,5475.259765625,5505.0,5451.740234375,5451.740234375,188600
2025-05-29,5483.07861328125,5502.0,5509.669921875,5435.91015625,5480.0,193600
2025-05-30,5499.9501953125,5518.93017578125,5532.5,5477.06005859375,5510.0,232700
2025-06-02,5519.86181640625,5538.91015625,5544.43017578125,5471.259765625,5500.0,136700
2025-06-03,5456.24072265625,5475.06982421875,5560.4501953125,5464.64013671875,5514.08984375,212400
2025-06-04,5537.88916015625,5557.0,5560.1201171875,5473.5,5473.7998046875,209200
2025-06-05,5551.36279296875,5570.52001953125,5639.7001953125,5550.0,5575.0,185700
2025-06-06,5604.96044921875,5614.60986328125,5631.33984375,5553.7900390625,5615.56005859375,174100
2025-06-09,5529.89013671875,5539.41015625,5623.6201171875,5528.4501953125,5601.2001953125,199300
2025-06-10,5478.54833984375,5487.97998046875,5546.1298828125,5435.27001953125,5529.9501953125,178600
2025-06-11,5456.88525390625,5466.27978515625,5493.25,5389.9501953125,5488.0,262800
2025-06-12,5452.56298828125,5461.9501953125,5488.0,5425.81005859375,5465.1201171875,193300
2025-06-13,5289.27392578125,5298.3798828125,5373.35009765625,5272.35986328125,5345.0,262000
2025-06-16,5359.8125,5369.0400390625,5379.68994140625,5313.02001953125,5324.97998046875,224300
2025-06-17,5291.93896484375,5301.0498046875,5389.35986328125,5285.0,5312.509765625,196200
2025-06-18,5277.1748046875,5286.259765625,5351.89990234375,5277.330078125,5306.89990234375,181000
2025-06-20,5294.9140625,5304.02978515625,5378.0,5275.0,5378.0,441900
2025-06-23,5324.25390625,5333.419921875,5350.0,5235.64990234375,5340.33984375,175600
2025-06-24,5472.80810546875,5482.22998046875,5518.18017578125,5378.5,5390.0,234000
2025-06-25,5475.9228515625,5485.35009765625,5522.22998046875,5440.0,5465.14990234375,177300
2025-06-26,5586.38232421875,5596.0,5632.60986328125,5501.4501953125,5520.66015625,219300
2025-06-27,5683.34521484375,5693.1298828125,5711.47998046875,5613.64013671875,5617.75,297600
2025-06-30,5779.29052734375,5789.240234375,5799.009765625,5691.52001953125,5704.10009765625,287700
2025-07-01,5720.880859375,5730.72998046875,5795.77001953125,5681.27978515625,5740.7998046875,226100
2025-07-02,5691.96044921875,5701.759765625,5710.2099609375,5640.0,5690.0,211400
2025-07-03,5706.974609375,5716.7998046875,5760.39990234375,5652.990234375,5697.2900390625,131200
2025-07-07,5805.92431640625,5815.919921875,5815.919921875,5707.93017578125,5725.3798828125,176000
2025-07-08,5703.5107421875,5713.330078125,5839.41015625,5678.0,5815.0,236900
2025-07-09,5658.298828125,5668.0400390625,5767.0,5653.1201171875,5760.27001953125,185000
2025-07-10,5708.681640625,5718.509765625,5766.2900390625,5664.14990234375,5722.1201171875,169200
2025-07-11,5707.2744140625,5717.10009765625,5725.39013671875,5660.64990234375,5692.6201171875,150900
2025-07-14,5756.13037109375,5766.0400390625,5769.93994140625,5689.02978515625,5697.35986328125,134100
2025-07-15,5665.775390625,5675.52978515625,5790.0,5640.0,5743.60986328125,163700
2025-07-16,5648.40576171875,5658.1298828125,5677.35009765625,5625.22021484375,5652.9599609375,169000
2025-07-17,5674.17138671875,5683.93994140625,5718.419921875,5646.39990234375,5656.5,141500
2025-07-18,5693.0986328125,5702.89990234375,5749.58984375,5684.0,5749.58984375,147100
2025-07-21,5667.39306640625,5677.14990234375,5716.5,5649.9501953125,5665.0,156300
2025-07-22,5765.603515625,5775.52978515625,5786.0,5677.5,5720.0,143600
2025-07-23,5726.4609375,5736.31982421875,5769.580078125,5680.0,5765.93017578125,149500
2025-07-24,5640.28955078125,5650.0,5758.830078125,5644.1201171875,5745.93994140625,172500
2025-07-25,5622.59033203125,5632.27001953125,5680.27978515625,5624.2099609375,5678.509765625,184800
2025-07-28,5668.990234375,5678.75,5685.0,5583.1298828125,5638.81005859375,225600
2025-07-29,5581.16162109375,5590.77001953125,5696.0,5541.64013671875,5696.0,324400
2025-07-30,5603.263671875,5612.91015625,5691.56982421875,5432.0498046875,5490.0,371400
2025-07-31,5494.6005859375,5504.06005859375,5664.41015625,5493.68017578125,5625.0,288400
2025-08-01,5377.03271484375,5386.2900390625,5479.47021484375,5339.1201171875,5479.47021484375,199600
2025-08-04,5466.67822265625,5476.08984375,5481.009765625,5339.419921875,5412.0,236900
2025-08-05,5448.47998046875,5457.85986328125,5507.5,5409.7900390625,5503.93017578125,221800
2025-08-06,5526.794921875,5536.31005859375,5538.830078125,5415.0,5474.47021484375,199000
2025-08-07,5422.76416015625,5432.10009765625,5590.0,5405.669921875,5550.0,202600
2025-08-08,5396.619140625,5405.91015625,5454.02001953125,5366.43017578125,5454.02001953125,188800
2025-08-11,5355.03076171875,5364.25,5431.830078125,5349.08984375,5381.83984375,174900
2025-08-12,5452.15380859375,5461.5400390625,5468.169921875,5364.25,5364.25,144500
2025-08-13,5438.55712890625,5447.919921875,5483.33984375,5403.18017578125,5483.33984375,190500
2025-08-14,5475.34375,5484.77001953125,5519.2998046875,5418.919921875,5467.0,179800
2025-08-15,5444.916015625,5454.2900390625,5514.43994140625,5437.22021484375,5514.43994140625,158000
2025-08-18,5522.49267578125,5532.0,5535.8798828125,5419.52001953125,5449.0400390625,169500
2025-08-19,5574.48291015625,5584.080078125,5602.56982421875,5526.14990234375,5539.1201171875,199800
2025-08-20,5630.0869140625,5639.77978515625,5647.8701171875,5582.27978515625,5584.0,175500
2025-08-21,5700.92529296875,5710.740234375,5714.75,5599.080078125,5647.83984375,156300
2025-08-22,5711.0380859375,5720.8701171875,5795.0,5665.0498046875,5725.22021484375,195500
2025-08-25,5693.7978515625,5703.60009765625,5774.47998046875,5700.1201171875,5708.18017578125,115600
2025-08-26,5695.8740234375,5705.68017578125,5728.16015625,5643.64013671875,5700.8701171875,170900
2025-08-27,5606.02880859375,5615.68017578125,5693.0,5581.06005859375,5676.18994140625,151200
2025-08-28,5642.2763671875,5651.990234375,5665.72021484375,5595.0,5630.0,167900
2025-08-29,5589.42724609375,5599.0498046875,5634.14013671875,5587.75,5634.14013671875,138900
2025-09-02,5496.087890625,5505.5498046875,5577.31982421875,5456.97021484375,5577.31982421875,244600
2025-09-03,5573.35498046875,5582.9501953125,5596.919921875,5485.0,5524.85986328125,189800
2025-09-04,5576.259765625,5585.85986328125,5598.5,5453.9501953125,5570.0,220400
2025-09-05,5505.7998046875,5505.7998046875,5652.509765625,5455.0,5594.06982421875,202400
2025-09-08,5569.7001953125,5569.7001953125,5638.5,5509.97998046875,5528.490234375,214000
2025-09-09,5571.830078125,5571.830078125,5604.43017578125,5517.5,5546.7998046875,158800
2025-09-10,5474.81005859375,5474.81005859375,5564.0,5375.2001953125,5564.0,249700
2025-09-11,5498.0,5498.0,5537.0,5410.0,5474.81005859375,179800
2025-09-12,5458.31982421875,5458.31982421875,5520.0,5437.68994140625,5461.0,128800
2025-09-15,5559.830078125,5559.830078125,5560.0,5424.0,5500.0,165100
2025-09-16,5475.009765625,5475.009765625,5576.580078125,5430.0498046875,5576.580078125,172300
2025-09-17,5553.7001953125,5553.7001953125,5557.39990234375,5454.9599609375,5493.83984375,211500
2025-09-18,5442.8798828125,5442.8798828125,5587.75,5410.7900390625,5557.0,234800
2025-09-19,5444.43994140625,5444.43994140625,5465.66015625,5400.0,5447.9599609375,420500
2025-09-22,5457.1298828125,5457.1298828125,5477.35009765625,5370.0,5400.0,214400
2025-09-23,5509.02001953125,5509.02001953125,5517.580078125,5423.91015625,5425.0,179100
2025-09-24,5525.60009765625,5525.60009765625,5528.06982421875,5428.5,5528.06982421875,152200
2025-09-25,5575.72998046875,5575.72998046875,5582.18994140625,5454.0,5522.990234375,245200
2025-09-26,5548.0,5548.0,5586.6201171875,5481.93994140625,5578.4501953125,162300
2025-09-29,5454.81005859375,5454.81005859375,5586.0498046875,5448.02978515625,5571.66015625,237300
2025-09-30,5399.27001953125,5399.27001953125,5458.10986328125,5350.93994140625,5427.0,197500
2025-10-01,5350.56005859375,5350.56005859375,5375.22998046875,5250.0,5352.0,324200
2025-10-02,5424.5498046875,5424.5498046875,5430.9599609375,5301.0,5325.39013671875,208500
2025-10-03,5418.0498046875,5418.0498046875,5465.81982421875,5370.1298828125,5449.47021484375,269600
2025-10-06,5419.8701171875,5419.8701171875,5624.89013671875,5260.080078125,5368.0400390625,353900
2025-10-07,5242.0,5242.0,5422.22021484375,5188.0,5422.22021484375,264600
2025-10-08,5131.22998046875,5131.22998046875,5238.22998046875,5110.0,5223.0,289100
2025-10-09,5191.93017578125,5191.93017578125,5210.830078125,5038.77001953125,5082.7900390625,222500
