Date,Adj Close,Close,High,Low,Open,Volume
2010-10-11,4.97579288482666,6.4633331298828125,6.546667098999023,6.400000095367432,6.423333168029785,41043600
2010-10-12,4.897951602935791,6.362222194671631,6.443333148956299,6.31777811050415,6.426667213439941,54145800
2010-10-13,5.103245258331299,6.628889083862305,6.683332920074463,6.547778129577637,6.634444236755371,98575200
2010-10-14,5.126339912414551,6.658888816833496,6.665555953979492,6.511110782623291,6.655556201934815,38633400
2010-10-15,5.09298038482666,6.615555763244629,6.737778186798096,6.573332786560059,6.73444414138794,28385100
2010-10-18,5.142592906951904,6.679999828338623,6.683332920074463,6.561110973358154,6.561110973358154,22201200
2010-10-19,5.061331272125244,6.574443817138672,6.639999866485596,6.5,6.572222232818604,37552500
2010-10-20,5.178519248962402,6.726666927337647,6.75333309173584,6.5966668128967285,6.597777843475342,34571700
2010-10-21,5.182795524597168,6.732222080230713,6.763332843780518,6.627778053283691,6.726666927337647,29835900
2010-10-22,5.233264446258545,6.797778129577637,6.803332805633545,6.691111087799072,6.7311110496521,19299600
2010-10-25,5.2383952140808105,6.804443836212158,6.904444217681885,6.800000190734863,6.849999904632568,35470800
2010-10-26,5.240107536315918,6.806666851043701,6.867777824401856,6.726666927337647,6.754444122314453,30415500
2010-10-27,5.171676158905029,6.717778205871582,6.744443893432617,6.619999885559082,6.744443893432617,37799100
2010-10-28,5.179373264312744,6.72777795791626,6.7733330726623535,6.631111145019531,6.7655558586120605,37904400
2010-10-29,5.256359100341797,6.827777862548828,6.863333225250244,6.693333148956299,6.730000019073486,29063700
2010-11-01,5.275177955627441,6.852221965789795,6.938889026641846,6.797778129577637,6.845555782318115,29377800
2010-11-02,5.336764812469482,6.93222188949585,6.944444179534912,6.885556221008301,6.897778034210205,25254000
2010-11-03,5.372689723968506,6.978888988494873,6.989999771118164,6.876667022705078,6.958889007568359,25571700
2010-11-04,5.3478875160217285,6.946667194366455,7.1666669845581055,6.915555953979492,7.052221775054932,331713900
2010-11-05,5.286298751831055,6.866666793823242,6.961111068725586,6.815556049346924,6.944444179534912,127978200
2010-11-08,5.323078155517578,6.9144439697265625,6.9422221183776855,6.842222213745117,6.847777843475342,46454400
2010-11-09,5.23240852355957,6.796667098999023,6.941111087799072,6.767777919769287,6.941111087799072,39734100
2010-11-10,5.278599262237549,6.8566670417785645,6.8566670417785645,6.756667137145996,6.77222204208374,41206500
2010-11-11,5.217867851257324,6.777778148651123,6.838889122009277,6.742221832275391,6.7733330726623535,37261800
2010-11-12,5.205034732818604,6.761110782623291,6.81777811050415,6.676667213439941,6.70444393157959,33473700
2010-11-15,5.251226425170898,6.82111120223999,6.908888816833496,6.79555606842041,6.832221984863281,40475700
2010-11-16,5.155422210693359,6.696667194366455,6.789999961853027,6.662221908569336,6.7844438552856445,36403200
2010-11-17,5.184505462646484,6.73444414138794,6.766666889190674,6.696667194366455,6.751111030578613,30242700
2010-11-18,5.282876014709473,6.862222194671631,6.894443988800049,6.802221775054932,6.805555820465088,32016600
2010-11-19,5.341042995452881,6.937777996063232,6.944444179534912,6.816667079925537,6.867777824401856,34687800
2010-11-22,5.287153244018555,6.867777824401856,6.944444179534912,6.809999942779541,6.893332958221436,22408200
2010-11-23,5.148580551147461,6.687777996063232,6.783332824707031,6.668889045715332,6.782221794128418,35586000
2010-11-24,5.2948527336120605,6.877778053283691,6.888888835906982,6.7655558586120605,6.77666711807251,36599400
2010-11-26,5.297429084777832,6.852221965789795,6.886666774749756,6.78000020980835,6.788888931274414,11355300
2010-11-29,5.306876659393311,6.864443778991699,6.884444236755371,6.752222061157227,6.82111120223999,28055700
2010-11-30,5.223555088043213,6.756667137145996,6.826666831970215,6.733333110809326,6.787777900695801,42145200
2010-12-01,5.406521320343018,6.993332862854004,7.0188889503479,6.864443778991699,6.873332977294922,39153600
2010-12-02,5.500149726867676,7.114443778991699,7.148889064788818,6.993332862854004,6.993332862854004,32286600
2010-12-03,5.53279447555542,7.156667232513428,7.163332939147949,7.062222003936768,7.062222003936768,22023900
2010-12-06,5.497575283050537,7.111111164093018,7.165555953979492,7.105556011199951,7.165555953979492,19870200
2010-12-07,5.507022857666016,7.123332977294922,7.199999809265137,7.102221965789795,7.172222137451172,26168400
2010-12-08,5.42112398147583,7.012221813201904,7.135556221008301,6.992221832275391,7.127778053283691,29362500
2010-12-09,5.489843368530273,7.101110935211182,7.127778053283691,7.051111221313477,7.082221984863281,14499000
2010-12-10,5.50616455078125,7.122221946716309,7.131111145019531,7.04888916015625,7.053332805633545,19724400
2010-12-13,5.4786787033081055,7.086667060852051,7.154444217681885,7.066667079925537,7.154444217681885,22774500
2010-12-14,5.464933395385742,7.068889141082764,7.134444236755371,7.03000020980835,7.125555992126465,25940700
2010-12-15,5.418546676635742,7.008889198303223,7.138888835906982,7.00333309173584,7.054443836212158,22815000
2010-12-16,5.493279457092285,7.105556011199951,7.110000133514404,6.989999771118164,7.031110763549805,23764500
2010-12-17,5.468366622924805,7.073332786560059,7.117777824401856,7.001111030578613,7.111111164093018,36084600
2010-12-20,5.435727119445801,7.031110763549805,7.114443778991699,7.014443874359131,7.092222213745117,24368400
2010-12-21,5.496716499328613,7.110000133514404,7.138888835906982,7.039999961853027,7.061110973358154,18076500
2010-12-22,5.495858192443848,7.108889102935791,7.153333187103272,7.083333015441895,7.1044440269470215,13224600
2010-12-23,5.470088005065918,7.075555801391602,7.136666774749756,7.052221775054932,7.0966668128967285,12717900
2010-12-27,5.5156121253967285,7.134444236755371,7.152222156524658,7.056666851043701,7.07111120223999,11067300
2010-12-28,5.525063514709473,7.146667003631592,7.153333187103272,7.105556011199951,7.146667003631592,9090000
2010-12-29,5.528497695922852,7.151111125946045,7.170000076293945,7.137777805328369,7.152222156524658,15379200
2010-12-30,5.537089824676514,7.162221908569336,7.193333148956299,7.128889083862305,7.161110877990723,11986200
2010-12-31,5.549973964691162,7.17888879776001,7.199999809265137,7.122221946716309,7.143332958221436,11414700
2011-01-03,5.638448715209961,7.293333053588867,7.364443778991699,7.22333288192749,7.2344441413879395,35479800
2011-01-04,5.618693828582764,7.267777919769287,7.312222003936768,7.194444179534912,7.305555820465088,35998200
2011-01-05,5.659925937652588,7.32111120223999,7.3333330154418945,7.218889236450195,7.2311110496521,23129100
2011-01-06,5.689129829406738,7.358889102935791,7.4166669845581055,7.311110973358154,7.342222213745117,29367000
2011-01-07,5.823132991790772,7.532221794128418,7.558888912200928,7.389999866485596,7.389999866485596,52077600
2011-01-10,5.839454650878906,7.553332805633545,7.587778091430664,7.45111083984375,7.458889007568359,35957700
2011-01-11,5.841172695159912,7.555555820465088,7.641110897064209,7.512221813201904,7.636666774749756,28804500
2011-01-12,5.901303291320801,7.633333206176758,7.6666669845581055,7.557777881622314,7.602221965789795,32364900
2011-01-13,5.9502668380737305,7.696667194366455,7.712222099304199,7.617777824401855,7.6433329582214355,35681400
2011-01-14,5.945113658905029,7.690000057220459,7.7311110496521,7.641110897064209,7.702221870422363,26454600
2011-01-18,5.921918869018555,7.659999847412109,7.717778205871582,7.638888835906982,7.690000057220459,33599700
2011-01-19,5.867802143096924,7.590000152587891,7.686666965484619,7.551111221313477,7.6555562019348145,36984600
2011-01-20,5.818840026855469,7.52666711807251,7.576666831970215,7.417778015136719,7.464444160461426,49607100
2011-01-21,5.810248851776123,7.5155558586120605,7.606667041778564,7.462222099304199,7.559999942779541,34120800
2011-01-24,5.816262245178223,7.5233330726623535,7.553332805633545,7.4844441413879395,7.516666889190674,33893100
2011-01-25,6.034448146820068,7.805555820465088,7.809999942779541,7.576666831970215,7.674444198608398,79278300
2011-01-26,6.100589752197266,7.891110897064209,7.941111087799072,7.816667079925537,7.872221946716309,51681600
2011-01-27,6.092000484466553,7.880000114440918,7.937777996063232,7.842222213745117,7.920000076293945,25934400
2011-01-28,5.951125621795654,7.697778224945068,7.93222188949585,7.687777996063232,7.900000095367432,32371200
2011-01-31,6.064511299133301,7.8444437980651855,7.846666812896728,7.721110820770264,7.742221832275391,37550700
2011-02-01,6.173604488372803,7.985556125640869,8.002222061157227,7.901111125946045,7.920000076293945,27560700
2011-02-02,6.096296310424805,7.885556221008301,8.004444122314453,7.878889083862305,7.968889236450195,29059200
2011-02-03,5.9700236320495605,7.722221851348877,7.926667213439941,7.722221851348877,7.866666793823242,34519500
2011-02-04,5.98720121383667,7.744443893432617,7.805555820465088,7.674444198608398,7.745555877685547,27326700
2011-02-07,6.073101997375488,7.855556011199951,7.904444217681885,7.747777938842773,7.747777938842773,28244700
2011-02-08,6.071383953094482,7.853332996368408,7.901111125946045,7.789999961853027,7.895555973052978,22005000
2011-02-09,6.098012447357178,7.887777805328369,7.913332939147949,7.783332824707031,7.811110973358154,19519200
2011-02-10,6.174464702606201,7.986667156219482,8.0,7.834444046020508,7.8444437980651855,20181600
2011-02-11,6.291288375854492,8.137778282165527,8.162221908569336,7.961111068725586,7.9633331298828125,26370000
2011-02-14,6.369456768035889,8.23888874053955,8.258889198303223,8.092222213745117,8.137778282165527,30987900
2011-02-15,6.368596076965332,8.237777709960938,8.2877779006958,8.180000305175781,8.207777976989746,32507100
2011-02-16,6.4166998863220215,8.300000190734863,8.333333015441895,8.229999542236328,8.286666870117188,23038200
2011-02-17,6.434739589691162,8.323332786560059,8.333333015441895,8.23888874053955,8.278888702392578,20105100
2011-02-18,6.421855449676514,8.30666732788086,8.333333015441895,8.267778396606445,8.327777862548828,27725400
2011-02-22,6.264657974243164,8.103333473205566,8.266667366027832,8.077777862548828,8.217778205871582,27538200
2011-02-23,6.145256996154785,7.948888778686523,8.118888854980469,7.823332786560059,8.102222442626953,37110600
2011-02-24,6.197846412658691,7.987778186798096,8.04888916015625,7.868888854980469,7.891110897064209,27083700
2011-02-25,6.321130752563477,8.146666526794434,8.171111106872559,8.014444351196289,8.061111450195312,21957300
2011-02-28,6.436656951904297,8.29555606842041,8.321110725402832,8.194443702697754,8.20111083984375,27702900
2011-03-01,6.257334232330322,8.064443588256836,8.36111068725586,8.036666870117188,8.31222152709961,37236600
2011-03-02,6.362514019012451,8.199999809265137,8.220000267028809,8.05666732788086,8.079999923706055,24717600
2011-03-03,6.5263190269470215,8.411110877990723,8.43777847290039,8.25,8.304444313049316,28588500
2011-03-04,6.462521553039551,8.328888893127441,8.407777786254883,8.224444389343262,8.4022216796875,23892300
2011-03-07,6.399584770202637,8.247777938842773,8.394444465637207,8.155555725097656,8.362221717834473,26821800
2011-03-08,6.52286958694458,8.40666675567627,8.434444427490234,8.237777709960938,8.282221794128418,21213900
2011-03-09,6.541837215423584,8.431111335754395,8.475556373596191,8.3100004196167,8.378889083862305,30271500
2011-03-10,6.428898334503174,8.285555839538574,8.344444274902344,8.166666984558105,8.307778358459473,37008000
2011-03-11,6.456486701965332,8.321110725402832,8.371110916137695,8.102222442626953,8.211111068725586,29367000
2011-03-14,6.4159674644470215,8.268889427185059,8.355555534362793,8.174444198608398,8.283332824707031,25605900
2011-03-15,6.443553924560547,8.304444313049316,8.3644437789917,7.991110801696777,8.055556297302246,41408100
2011-03-16,6.357342720031738,8.19333267211914,8.3477783203125,8.124444007873535,8.29444408416748,42448500
2011-03-17,6.528040409088135,8.41333293914795,8.582221984863281,8.275555610656738,8.331110954284668,47934900
2011-03-18,6.571149826049805,8.468889236450195,8.553333282470703,8.444443702697754,8.527777671813965,31140000
2011-03-21,6.732367992401123,8.676667213439941,8.692221641540527,8.535555839538574,8.583333015441895,29469600
2011-03-22,6.756507873535156,8.707777976989746,8.766667366027832,8.655555725097656,8.694443702697754,40790700
2011-03-23,6.754784107208252,8.70555591583252,8.763333320617676,8.649999618530273,8.756667137145996,32376600
2011-03-24,6.807373523712158,8.773332595825195,8.79888916015625,8.727778434753418,8.75,31235400
2011-03-25,6.824613571166992,8.79555606842041,8.842222213745117,8.733332633972168,8.779999732971191,28400400
2011-03-28,6.878067493438721,8.8644437789917,8.918889045715332,8.81222152709961,8.835556030273438,21989700
2011-03-29,6.897895812988281,8.890000343322754,8.915555953979492,8.80222225189209,8.837778091430664,32695200
2011-03-30,6.68753719329834,8.618888854980469,8.935556411743164,8.617777824401855,8.935556411743164,56790900
2011-03-31,6.776337623596191,8.733332633972168,8.764444351196289,8.61111068725586,8.624444007873535,36917100
2011-04-01,6.844444274902344,8.821110725402832,8.877778053283691,8.781110763549805,8.80666732788086,34180200
2011-04-04,6.8030619621276855,8.767778396606445,8.811111450195312,8.716667175292969,8.776666641235352,22809600
2011-04-05,6.6944355964660645,8.627778053283691,8.745555877685547,8.619999885559082,8.718889236450195,27866700
2011-04-06,6.715988636016846,8.655555725097656,8.694443702697754,8.561111450195312,8.677778244018555,30860100
2011-04-07,6.716848373413086,8.65666675567627,8.710000038146973,8.606666564941406,8.710000038146973,28806300
2011-04-08,6.631496906280518,8.546667098999023,8.694443702697754,8.483332633972168,8.68777847290039,26591400
2011-04-11,6.57028865814209,8.467778205871582,8.583333015441895,8.436667442321777,8.55222225189209,22871700
2011-04-12,6.497866630554199,8.374444007873535,8.483332633972168,8.301111221313477,8.30666732788086,50322600
2011-04-13,6.561666011810303,8.456666946411133,8.475556373596191,8.338889122009277,8.416666984558105,35833500
2011-04-14,6.561666011810303,8.456666946411133,8.466667175292969,8.35111141204834,8.423333168029785,30650400
2011-04-15,6.609082221984863,8.517778396606445,8.550000190734863,8.416666984558105,8.476667404174805,32056200
2011-04-18,6.4961442947387695,8.372221946716309,8.464444160461426,8.296667098999023,8.416666984558105,28545300
2011-04-19,6.555630207061768,8.448888778686523,8.4622220993042,8.383333206176758,8.415555953979492,37497600
2011-04-20,6.3823442459106445,8.225556373596191,8.563332557678223,8.01111125946045,8.563332557678223,113940000
2011-04-21,6.435793399810791,8.29444408416748,8.405555725097656,8.279999732971191,8.311111450195312,46287000
2011-04-25,6.434070587158203,8.292222023010254,8.337778091430664,8.26111125946045,8.314443588256836,21262500
2011-04-26,6.605635643005371,8.513333320617676,8.550000190734863,8.325555801391602,8.354443550109863,36859500
2011-04-27,6.633225440979004,8.54888916015625,8.565555572509766,8.405555725097656,8.54444408416748,21085200
2011-04-28,6.734094619750977,8.678889274597168,8.73888874053955,8.567777633666992,8.59333324432373,39195000
2011-04-29,6.784093856811523,8.743332862854004,8.777777671813965,8.622221946716309,8.664443969726562,21440700
2011-05-02,6.781509876251221,8.739999771118164,8.832221984863281,8.70888900756836,8.823332786560059,20843100
2011-05-03,6.719435691833496,8.65999984741211,8.702221870422363,8.583333015441895,8.68777847290039,19818000
2011-05-04,6.627189636230469,8.54111099243164,8.711111068725586,8.51111125946045,8.670000076293945,37508400
2011-05-05,6.709952831268311,8.647777557373047,8.73888874053955,8.444443702697754,8.50777816772461,33660000
2011-05-06,6.776337623596191,8.733332633972168,8.8100004196167,8.692221641540527,8.768889427185059,26740800
2011-05-09,6.746161460876465,8.694443702697754,8.777777671813965,8.646666526794434,8.777777671813965,22229100
2011-05-10,6.8220295906066895,8.792222023010254,8.80222225189209,8.703332901000977,8.718889236450195,25704000
2011-05-11,6.672018527984619,8.598889350891113,8.765556335449219,8.546667098999023,8.736666679382324,27419400
2011-05-12,6.637535095214844,8.554444313049316,8.631111145019531,8.512222290039062,8.591111183166504,23750100
2011-05-13,6.444416999816895,8.305556297302246,8.565555572509766,8.266667366027832,8.565555572509766,39249000
2011-05-16,6.4159674644470215,8.268889427185059,8.386667251586914,8.266667366027832,8.288888931274414,30931200
2011-05-17,6.363376617431641,8.20111083984375,8.300000190734863,8.166666984558105,8.25,36125100
2011-05-18,6.503904819488525,8.382222175598145,8.39222240447998,8.158888816833496,8.222222328186035,28962900
2011-05-19,6.643567085266113,8.56222152709961,8.632222175598145,8.45111083984375,8.460000038146973,36473400
2011-05-20,6.672881126403809,8.600000381469727,8.636667251586914,8.485555648803711,8.546667098999023,31822200
2011-05-23,6.563390254974365,8.45888900756836,8.48888874053955,8.380000114440918,8.449999809265137,23493600
2011-05-24,6.523734092712402,8.407777786254883,8.501111030578613,8.387778282165527,8.478889465332031,22914900
2011-05-25,6.609945297241211,8.518889427185059,8.557778358459473,8.334444046020508,8.366666793823242,26894700
2011-05-26,6.690500736236572,8.582221984863281,8.615555763244629,8.405555725097656,8.464444160461426,18827100
2011-05-27,6.750268936157227,8.658888816833496,8.707777976989746,8.613332748413086,8.631111145019531,17295300
2011-05-31,6.868938446044922,8.811111450195312,8.81222152709961,8.65666675567627,8.73888874053955,30000600
2011-06-01,6.60907793045044,8.477778434753418,8.816666603088379,8.467778205871582,8.793333053588867,31550400
2011-06-02,6.693098068237305,8.585556030273438,8.609999656677246,8.45555591583252,8.535555839538574,25444800
2011-06-03,6.560575008392334,8.415555953979492,8.483332633972168,8.376667022705078,8.434444427490234,24396300
2011-06-06,6.470486640930176,8.300000190734863,8.473333358764648,8.29111099243164,8.384444236755371,26364600
2011-06-07,6.469623565673828,8.29888916015625,8.376667022705078,8.297778129577637,8.341111183166504,25687800
2011-06-08,6.409854888916016,8.222222328186035,8.279999732971191,8.131111145019531,8.270000457763672,26612100
2011-06-09,6.518126487731934,8.36111068725586,8.403332710266113,8.226667404174805,8.234443664550781,20418300
2011-06-10,6.36481237411499,8.164443969726562,8.350000381469727,8.15999984741211,8.328888893127441,25569900
2011-06-13,6.3492207527160645,8.144444465637207,8.255556106567383,8.105555534362793,8.170000076293945,19488600
2011-06-14,6.450564861297607,8.274443626403809,8.3100004196167,8.241110801696777,8.258889198303223,25070400
2011-06-15,6.321499347686768,8.108888626098633,8.328888893127441,8.108888626098633,8.210000038146973,112282200
2011-06-16,6.314572811126709,8.100000381469727,8.239999771118164,8.026666641235352,8.210000038146973,32636400
2011-06-17,6.447101593017578,8.270000457763672,8.319999694824219,8.149999618530273,8.210000038146973,35112600
2011-06-20,6.525057315826416,8.369999885559082,8.416666984558105,8.239999771118164,8.276666641235352,27446100
2011-06-21,6.70176362991333,8.596667289733887,8.680000305175781,8.436667442321777,8.4399995803833,31701000
2011-06-22,6.639398574829102,8.516667366027832,8.773332595825195,8.513333320617676,8.676667213439941,26026800
2011-06-23,6.571833610534668,8.430000305175781,8.44333267211914,8.25,8.390000343322754,33528900
2011-06-24,6.493876934051514,8.329999923706055,8.476667404174805,8.266667366027832,8.456666946411133,49722300
2011-06-27,6.52765417098999,8.373332977294922,8.393333435058594,8.260000228881836,8.353333473205566,20440200
2011-06-28,6.629001617431641,8.50333309173584,8.533332824707031,8.350000381469727,8.40666675567627,18188700
2011-06-29,6.693969249725342,8.58666706085205,8.643333435058594,8.516667366027832,8.5600004196167,20426700
2011-06-30,6.813501358032227,8.739999771118164,8.826666831970215,8.59000015258789,8.626667022705078,21191400
2011-07-01,6.96682071685791,8.936667442321777,8.963333129882812,8.726667404174805,8.786666870117188,20627400
2011-07-05,6.886266231536865,8.833333015441895,8.91333293914795,8.760000228881836,8.873332977294922,16634100
2011-07-06,6.940832138061523,8.903332710266113,8.923333168029785,8.783332824707031,8.8100004196167,12875100
2011-07-07,7.018790245056152,9.00333309173584,9.020000457763672,8.930000305175781,9.0,24109500
2011-07-08,6.917443752288818,8.873332977294922,8.883333206176758,8.80666732788086,8.869999885559082,23451600
2011-07-11,6.745938777923584,8.653332710266113,8.766667366027832,8.58666706085205,8.74666690826416,23719800
2011-07-12,6.680973529815674,8.569999694824219,8.676667213439941,8.553333282470703,8.616666793823242,14062200
2011-07-13,6.71995210647583,8.619999885559082,8.756667137145996,8.59000015258789,8.616666793823242,15198900
2011-07-14,6.5614399909973145,8.416666984558105,8.699999809265137,8.396666526794434,8.619999885559082,24738300
2011-07-15,6.57962703704834,8.4399995803833,8.466667175292969,8.296667098999023,8.453332901000977,23585400
2011-07-18,6.545846939086914,8.396666526794434,8.456666946411133,8.25,8.40666675567627,21801300
2011-07-19,6.621206283569336,8.493332862854004,8.510000228881836,8.356666564941406,8.453332901000977,25139100
2011-07-20,6.50946569442749,8.350000381469727,8.699999809265137,8.323332786560059,8.699999809265137,48074400
2011-07-21,6.623804569244385,8.49666690826416,8.573332786560059,8.386667251586914,8.423333168029785,30173400
2011-07-22,6.595219135284424,8.460000038146973,8.536666870117188,8.40666675567627,8.5,17472300
2011-07-25,6.616010665893555,8.486666679382324,8.563332557678223,8.33666706085205,8.346667289733887,20456700
2011-07-26,6.50946569442749,8.350000381469727,8.473333358764648,8.30666732788086,8.473333358764648,20813400
2011-07-27,6.413320541381836,8.226667404174805,8.346667289733887,8.203332901000977,8.313332557678223,28670100
2011-07-28,6.42631196975708,8.243332862854004,8.41333293914795,8.226667404174805,8.25,21481200
2011-07-29,6.384734153747559,8.1899995803833,8.25,7.9166669845581055,8.15666675567627,24989400
2011-08-01,6.418514251708984,8.233332633972168,8.319999694824219,8.063332557678223,8.276666641235352,33739800
2011-08-02,6.098889350891113,7.823332786560059,8.210000038146973,7.823332786560059,8.123332977294922,43683300
2011-08-03,6.1378679275512695,7.873332977294922,7.883333206176758,7.670000076293945,7.823332786560059,33101400
2011-08-04,5.724692344665527,7.343332767486572,7.803332805633545,7.340000152587891,7.739999771118164,50867400
2011-08-05,5.709101676940918,7.323332786560059,7.5,7.116666793823242,7.406667232513428,58648800
2011-08-08,5.3504958152771,6.863333225250244,7.159999847412109,6.6666669845581055,6.806666851043701,79309200
2011-08-09,5.737685203552246,7.360000133514404,7.366666793823242,6.833333015441895,7.033332824707031,64677000
2011-08-10,5.597360610961914,7.179999828338623,7.456666946411133,7.123332977294922,7.230000019073486,55308600
2011-08-11,5.794854164123535,7.433332920074463,7.539999961853027,7.133333206176758,7.25333309173584,45507300
2011-08-12,5.8728108406066895,7.533332824707031,7.699999809265137,7.480000019073486,7.699999809265137,37041600
2011-08-15,5.971558570861816,7.659999847412109,7.75,7.546667098999023,7.619999885559082,31591500
2011-08-16,5.823440074920654,7.46999979019165,7.656667232513428,7.443333148956299,7.593332767486572,40541100
2011-08-17,5.862419605255127,7.519999980926514,7.633333206176758,7.396667003631592,7.533332824707031,27472800
2011-08-18,5.50381326675415,7.059999942779541,7.293333053588867,6.913332939147949,7.146667003631592,50856900
2011-08-19,5.301123142242432,6.800000190734863,7.153333187103272,6.786666870117188,6.929999828338623,39789900
2011-08-22,5.246551513671875,6.730000019073486,7.00333309173584,6.699999809265137,7.00333309173584,37399800
2011-08-23,5.327108383178711,6.833333015441895,6.853332996368408,6.646667003631592,6.7733330726623535,53559900
2011-08-24,5.457037925720215,7.0,7.019999980926514,6.769999980926514,6.820000171661377,42651300
2011-08-25,5.43364953994751,6.96999979019165,7.130000114440918,6.953332901000977,7.050000190734863,31502400
2011-08-26,5.573973655700684,7.150000095367432,7.190000057220459,6.78000020980835,6.920000076293945,28955100
2011-08-29,5.696794509887695,7.266666889190674,7.2733330726623535,7.133333206176758,7.24666690826416,16001400
2011-08-30,5.720313549041748,7.296667098999023,7.346666812896728,7.206666946411133,7.266666889190674,25882500
2011-08-31,5.7333807945251465,7.313333034515381,7.433332920074463,7.230000019073486,7.376667022705078,22215300
2011-09-01,5.6262383460998535,7.176667213439941,7.396667003631592,7.170000076293945,7.28000020980835,20526000
2011-09-02,5.372758865356445,6.853332996368408,7.016666889190674,6.829999923706055,7.0,23484900
2011-09-06,5.320493221282959,6.786666870117188,6.800000190734863,6.586667060852051,6.659999847412109,28390200
2011-09-07,5.440700531005859,6.940000057220459,6.983333110809326,6.836667060852051,6.929999828338623,32556000
2011-09-08,5.278682708740234,6.733333110809326,6.886666774749756,6.710000038146973,6.883333206176758,32616300
2011-09-09,5.11666202545166,6.52666711807251,6.683332920074463,6.443333148956299,6.673333168029785,37029600
2011-09-12,5.098371505737305,6.50333309173584,6.513332843780518,6.316667079925537,6.4166669845581055,32026200
2011-09-13,5.283908843994141,6.739999771118164,6.756667137145996,6.486667156219482,6.49666690826416,35577900
2011-09-14,5.383212089538574,6.866666793823242,6.949999809265137,6.563333034515381,6.783332824707031,26083800
2011-09-15,5.498190879821777,7.013332843780518,7.016666889190674,6.896667003631592,6.96999979019165,33992700
2011-09-16,5.600106239318848,7.143332958221436,7.150000095367432,7.0,7.053332805633545,38379300
2011-09-19,5.359692573547363,6.836667060852051,7.0,6.75,6.980000019073486,39061200
2011-09-20,5.286520957946777,6.743332862854004,6.940000057220459,6.736667156219482,6.906667232513428,23683200
2011-09-21,4.857956886291504,6.196667194366455,6.626667022705078,6.196667194366455,6.626667022705078,82908900
2011-09-22,4.863180160522461,6.203332901000977,6.306666851043701,5.896667003631592,5.953332901000977,82334100
2011-09-23,5.030426979064941,6.4166669845581055,6.436666965484619,6.156667232513428,6.156667232513428,41046600
2011-09-26,4.97816276550293,6.349999904632568,6.510000228881836,6.256667137145996,6.510000228881836,48484200
2011-09-27,5.11666202545166,6.52666711807251,6.6666669845581055,6.489999771118164,6.563333034515381,33404100
2011-09-28,4.938965797424316,6.300000190734863,6.563333034515381,6.283332824707031,6.550000190734863,33766200
2011-09-29,5.11666202545166,6.52666711807251,6.550000190734863,6.366666793823242,6.436666965484619,35338200
2011-09-30,4.878861904144287,6.22333288192749,6.423333168029785,6.21999979019165,6.366666793823242,29209200
2011-10-03,4.805692672729492,6.130000114440918,6.306666851043701,6.119999885559082,6.190000057220459,34334700
2011-10-04,5.0199737548828125,6.403333187103272,6.406667232513428,5.943333148956299,6.033332824707031,46200000
2011-10-05,5.129729270935059,6.543333053588867,6.566667079925537,6.343332767486572,6.443333148956299,33797100
2011-10-06,5.281295299530029,6.736667156219482,6.769999980926514,6.406667232513428,6.510000228881836,38685000
2011-10-07,5.249936580657959,6.696667194366455,6.826666831970215,6.610000133514404,6.78000020980835,29516400
2011-10-10,5.456380844116211,6.960000038146973,6.9633331298828125,6.803332805633545,6.829999923706055,18949800
2011-10-11,5.448541641235352,6.949999809265137,7.076666831970215,6.866666793823242,6.906667232513428,24734700
2011-10-12,5.516485214233398,7.036666870117188,7.186666965484619,6.956666946411133,7.043333053588867,25997700
2011-10-13,5.42763614654541,6.923333168029785,6.99666690826416,6.789999961853027,6.983333110809326,24256800
2011-10-14,5.52170991897583,7.043333053588867,7.090000152587891,6.936666965484619,7.033332824707031,19618200
2011-10-17,5.328333377838135,6.796667098999023,7.050000190734863,6.78000020980835,7.050000190734863,26348400
2011-10-18,5.576588153839111,7.113333225250244,7.183332920074463,6.74666690826416,6.786666870117188,37013700
2011-10-19,5.500804424285889,7.016666889190674,7.083333015441895,6.976666927337647,7.046667098999023,33010200
2011-10-20,5.542618274688721,7.070000171661377,7.156667232513428,6.97333288192749,7.036666870117188,35528400
2011-10-21,5.712475299835205,7.2866668701171875,7.2866668701171875,7.1066670417785645,7.170000076293945,24803400
2011-10-24,5.712475299835205,7.2866668701171875,7.346666812896728,7.2133331298828125,7.3333330154418945,30975600
2011-10-25,5.532163619995117,7.056666851043701,7.21999979019165,7.010000228881836,7.21999979019165,29604300
2011-10-26,5.600106239318848,7.143332958221436,7.193333148956299,7.03000020980835,7.163332939147949,27215400
2011-10-27,5.929369449615479,7.563333034515381,7.6666669845581055,7.400000095367432,7.46999979019165,41434200
2011-10-28,6.039124011993408,7.703332901000977,7.7133331298828125,7.483333110809326,7.5366668701171875,33214200
2011-10-31,5.803936958312988,7.403333187103271,7.646667003631592,7.400000095367432,7.579999923706055,30807000
2011-11-01,5.615787506103516,7.163332939147949,7.336667060852051,7.006667137145996,7.013332843780518,46995000
2011-11-02,5.665435791015625,7.2266669273376465,7.309999942779541,7.176667213439941,7.296667098999023,35639100
2011-11-03,5.709862232208252,7.283332824707031,7.326666831970215,7.183332920074463,7.320000171661377,36713100
2011-11-04,5.686343193054199,7.25333309173584,7.2733330726623535,7.083333015441895,7.173333168029785,24319200
2011-11-07,5.728154182434082,7.306666851043701,7.349999904632568,7.179999828338623,7.239999771118164,22501200
2011-11-08,5.790870666503906,7.386666774749756,7.409999847412109,7.216667175292969,7.369999885559082,25464000
2011-11-09,5.532163619995117,7.056666851043701,7.236667156219482,7.043333053588867,7.210000038146973,26599500
2011-11-10,5.670663833618164,7.233333110809326,7.28000020980835,7.123332977294922,7.183332920074463,19970700
2011-11-11,5.877108097076416,7.49666690826416,7.506667137145996,7.300000190734863,7.3333330154418945,22210500
2011-11-14,5.830070495605469,7.436666965484619,7.533332824707031,7.400000095367432,7.53000020980835,17793300
2011-11-15,5.840520858764648,7.449999809265137,7.49666690826416,7.336667060852051,7.409999847412109,16399500
2011-11-16,5.756899833679199,7.343332767486572,7.519999980926514,7.306666851043701,7.349999904632568,23167200
2011-11-17,5.605331897735596,7.150000095367432,7.329999923706055,7.090000152587891,7.316667079925537,23040300
2011-11-18,5.6549835205078125,7.2133331298828125,7.243332862854004,7.116666793823242,7.230000019073486,18894000
2011-11-21,5.472059726715088,6.980000019073486,7.099999904632568,6.940000057220459,7.046667098999023,24853200
2011-11-22,5.472059726715088,6.980000019073486,7.053332805633545,6.923333168029785,6.980000019073486,23255400
2011-11-23,5.286520957946777,6.743332862854004,6.913332939147949,6.726666927337647,6.906667232513428,24423300
2011-11-25,5.226417541503906,6.6666669845581055,6.77666711807251,6.663332939147949,6.739999771118164,12603000
2011-11-28,5.436735153198242,6.893332958221436,6.913332939147949,6.803332805633545,6.866666793823242,20554800
2011-11-29,5.436735153198242,6.893332958221436,7.016666889190674,6.883333206176758,6.923333168029785,17912100
2011-11-30,5.707520008087158,7.236667156219482,7.24666690826416,7.086667060852051,7.143332958221436,26925000
2011-12-01,5.712778091430664,7.243332862854004,7.306666851043701,7.153333187103272,7.2133331298828125,22718400
2011-12-02,5.69174861907959,7.216667175292969,7.409999847412109,7.193333148956299,7.346666812896728,29320200
2011-12-05,5.791648387908936,7.343332767486572,7.429999828338623,7.28000020980835,7.336667060852051,24029100
2011-12-06,5.739070415496826,7.27666711807251,7.3933329582214355,7.190000057220459,7.363333225250244,19161900
2011-12-07,5.657569885253906,7.173333168029785,7.263332843780518,7.093332767486572,7.230000019073486,23070900
2011-12-08,5.531379222869873,7.013332843780518,7.153333187103272,6.989999771118164,7.123332977294922,27019500
2011-12-09,5.6049909591674805,7.1066670417785645,7.139999866485596,7.0,7.059999942779541,21441600
2011-12-12,5.49457311630249,6.966667175292969,7.053332805633545,6.893332958221436,7.043333053588867,14483700
2011-12-13,5.3710126876831055,6.809999942779541,7.053332805633545,6.75333309173584,7.03000020980835,36820200
2011-12-14,5.268480777740479,6.679999828338623,6.783332824707031,6.653333187103272,6.75,35670900
2011-12-15,5.252707958221436,6.659999847412109,6.829999923706055,6.623332977294922,6.809999942779541,33158400
2011-12-16,5.365750789642334,6.803332805633545,6.840000152587891,6.710000038146973,6.733333110809326,52998300
2011-12-19,5.321060657501221,6.74666690826416,6.886666774749756,6.71999979019165,6.860000133514404,28124400
2011-12-20,5.505090236663818,6.980000019073486,6.99666690826416,6.836667060852051,6.853332996368408,21803100
2011-12-21,5.526123046875,7.006667137145996,7.03000020980835,6.866666793823242,6.986667156219482,27271800
2011-12-22,5.544527053833008,7.03000020980835,7.053332805633545,6.980000019073486,7.016666889190674,28731000
2011-12-23,5.610249042510986,7.113333225250244,7.156667232513428,7.033332824707031,7.043333053588867,12925800
2011-12-27,5.586589336395264,7.083333015441895,7.183332920074463,7.079999923706055,7.110000133514404,10231200
2011-12-28,5.484057426452637,6.953332901000977,7.113333225250244,6.946667194366455,7.103332996368408,12902100
2011-12-29,5.526123046875,7.006667137145996,7.03000020980835,6.923333168029785,6.976666927337647,12083400
2011-12-30,5.536639213562012,7.019999980926514,7.059999942779541,6.986667156219482,6.99666690826416,11366400
2012-01-03,5.794277191162109,7.346666812896728,7.406667232513428,7.183332920074463,7.203332901000977,33120600
2012-01-04,5.957275390625,7.553332805633545,7.586667060852051,7.300000190734863,7.326666831970215,34851600
2012-01-05,5.983566284179688,7.586667060852051,7.630000114440918,7.423333168029785,7.486667156219482,34403400
2012-01-06,5.965160369873047,7.563333034515381,7.706666946411133,7.546667098999023,7.599999904632568,30717000
2012-01-09,6.054547786712647,7.676667213439941,7.690000057220459,7.5233330726623535,7.613333225250244,22968300
2012-01-10,6.185995578765869,7.843332767486572,7.880000114440918,7.78000020980835,7.783332824707031,31144800
2012-01-11,6.1728515625,7.826666831970215,7.889999866485596,7.75,7.7733330726623535,22491300
2012-01-12,6.225429534912109,7.8933329582214355,7.903333187103271,7.74666690826416,7.863333225250244,26602500
2012-01-13,6.030887603759766,7.646667003631592,7.77666711807251,7.449999809265137,7.77666711807251,38593800
2012-01-17,6.033517837524414,7.650000095367432,7.760000228881836,7.27666711807251,7.706666946411133,36095100
2012-01-18,6.009853363037109,7.619999885559082,7.7133331298828125,7.5833330154418945,7.623332977294922,26381400
2012-01-19,6.059804439544678,7.683332920074463,7.760000228881836,7.656667232513428,7.71999979019165,36505800
2012-01-20,5.999338626861572,7.606667041778564,7.7133331298828125,7.5833330154418945,7.686666965484619,25830300
2012-01-23,5.965160369873047,7.563333034515381,7.670000076293945,7.493332862854004,7.653333187103271,39746700
2012-01-24,5.744327545166016,7.283332824707031,7.366666793823242,7.203332901000977,7.366666793823242,73333500
2012-01-25,5.957275390625,7.553332805633545,7.566667079925537,7.2866668701171875,7.3333330154418945,51338400
2012-01-26,6.041402816772461,7.659999847412109,7.699999809265137,7.576666831970215,7.5833330154418945,46015800
2012-01-27,5.983566284179688,7.586667060852051,7.663332939147949,7.586667060852051,7.590000152587891,31430700
2012-01-30,5.959903717041016,7.556666851043701,7.603332996368408,7.480000019073486,7.50333309173584,27492000
2012-01-31,5.9283552169799805,7.516666889190674,7.6433329582214355,7.49666690826416,7.603332996368408,38037000
2012-02-01,5.954646110534668,7.550000190734863,7.733333110809326,7.5366668701171875,7.613333225250244,39018300
2012-02-02,5.936243534088135,7.52666711807251,7.613333225250244,7.50333309173584,7.576666831970215,23535600
2012-02-03,6.0913519859313965,7.72333288192749,7.769999980926514,7.619999885559082,7.636666774749756,28621200
2012-02-06,5.867889881134033,7.440000057220459,7.6433329582214355,7.423333168029785,7.613333225250244,43381500
2012-02-07,5.823196887969971,7.383333206176758,7.440000057220459,7.323332786560059,7.420000076293945,41710500
2012-02-08,5.770617485046387,7.316667079925537,7.423333168029785,7.2866668701171875,7.400000095367432,39095400
2012-02-09,5.857373237609863,7.426667213439941,7.5,7.316667079925537,7.349999904632568,39142800
2012-02-10,5.796906471252441,7.349999904632568,7.3933329582214355,7.27666711807251,7.326666831970215,27850800
2012-02-13,5.7679877281188965,7.313333034515381,7.449999809265137,7.260000228881836,7.449999809265137,36960000
2012-02-14,5.736439228057861,7.2733330726623535,7.3333330154418945,7.193333148956299,7.25333309173584,28426800
2012-02-15,5.570815086364746,7.063333034515381,7.300000190734863,7.010000228881836,7.266666889190674,44819700
2012-02-16,5.657569885253906,7.173333168029785,7.183332920074463,7.070000171661377,7.076666831970215,31842600
2012-02-17,5.675974369049072,7.196667194366455,7.316667079925537,7.183332920074463,7.239999771118164,28277100
2012-02-21,5.560299873352051,7.050000190734863,7.126667022705078,7.0,7.070000171661377,49056300
2012-02-22,5.607620716094971,7.110000133514404,7.139999866485596,7.019999980926514,7.0233330726623535,32607600
2012-02-23,5.702264308929443,7.230000019073486,7.25,7.070000171661377,7.110000133514404,30413700
2012-02-24,5.6943769454956055,7.21999979019165,7.316667079925537,7.2133331298828125,7.233333110809326,26857200
2012-02-27,5.773684501647949,7.28000020980835,7.340000152587891,7.116666793823242,7.143332958221436,26101200
2012-02-28,5.689088821411133,7.173333168029785,7.300000190734863,7.156667232513428,7.289999961853027,26694000
2012-02-29,5.554264068603516,7.00333309173584,7.233333110809326,7.0,7.203332901000977,47603100
2012-03-01,5.575415134429932,7.03000020980835,7.0966668128967285,7.0,7.043333053588867,35522400
2012-03-02,5.488173484802246,6.920000076293945,7.066667079925537,6.9166669845581055,7.050000190734863,40441500
2012-03-05,5.408865451812744,6.820000171661377,6.936666965484619,6.756667137145996,6.920000076293945,33080100
2012-03-06,5.329557418823242,6.71999979019165,6.793333053588867,6.663332939147949,6.7133331298828125,39567900
2012-03-07,5.353348731994629,6.75,6.789999961853027,6.7133331298828125,6.74666690826416,26310600
2012-03-08,5.522541522979736,6.9633331298828125,7.010000228881836,6.710000038146973,6.809999942779541,53905200
2012-03-09,5.525183200836182,6.966667175292969,7.016666889190674,6.869999885559082,6.976666927337647,34856400
2012-03-12,5.451164245605469,6.873332977294922,7.006667137145996,6.866666793823242,6.976666927337647,25674300
2012-03-13,5.501391410827637,6.936666965484619,6.949999809265137,6.786666870117188,6.806666851043701,36237600
2012-03-14,5.342773914337158,6.736667156219482,6.933332920074463,6.699999809265137,6.9166669845581055,40389000
2012-03-15,5.794836044311523,7.306666851043701,7.320000171661377,6.739999771118164,6.75333309173584,96821400
2012-03-16,5.88207483291626,7.4166669845581055,7.513332843780518,7.303332805633545,7.353332996368408,61854600
2012-03-19,5.8344902992248535,7.356667041778564,7.433332920074463,7.340000152587891,7.386666774749756,23613600
2012-03-20,5.744604110717773,7.243332862854004,7.303332805633545,7.143332958221436,7.303332805633545,33089100
2012-03-21,5.752536773681641,7.25333309173584,7.28000020980835,7.176667213439941,7.25,20259900
2012-03-22,5.556909084320068,7.006667137145996,7.179999828338623,6.949999809265137,7.179999828338623,36087300
2012-03-23,5.59656286239624,7.056666851043701,7.083333015441895,6.940000057220459,7.046667098999023,29591700
2012-03-26,5.697019577026367,7.183332920074463,7.193333148956299,7.086667060852051,7.139999866485596,36422400
2012-03-27,5.831845760345459,7.353332996368408,7.389999866485596,7.190000057220459,7.206666946411133,43363500
2012-03-28,5.689088821411133,7.173333168029785,7.340000152587891,7.119999885559082,7.320000171661377,36107400
2012-03-29,5.707595348358154,7.196667194366455,7.203332901000977,7.00333309173584,7.110000133514404,47149800
2012-03-30,5.689088821411133,7.173333168029785,7.260000228881836,7.150000095367432,7.236667156219482,35161800
2012-04-02,5.847708702087402,7.373332977294922,7.426667213439941,7.103332996368408,7.113333225250244,40511100
2012-04-03,5.855638027191162,7.383333206176758,7.443333148956299,7.300000190734863,7.369999885559082,39435600
2012-04-04,5.945521831512451,7.49666690826416,7.533332824707031,7.323332786560059,7.323332786560059,53939700
2012-04-05,5.900579929351807,7.440000057220459,7.466667175292969,7.386666774749756,7.4633331298828125,31578000
2012-04-09,5.731384754180908,7.2266669273376465,7.309999942779541,7.21999979019165,7.236667156219482,29182500
2012-04-10,5.567483425140381,7.019999980926514,7.206666946411133,6.989999771118164,7.206666946411133,36044100
2012-04-11,5.633572578430176,7.103332996368408,7.156667232513428,7.073332786560059,7.136666774749756,19138800
2012-04-12,5.831845760345459,7.353332996368408,7.380000114440918,7.119999885559082,7.163332939147949,28622100
2012-04-13,5.794836044311523,7.306666851043701,7.380000114440918,7.24666690826416,7.336667060852051,26032200
2012-04-16,5.837132453918457,7.360000133514404,7.433332920074463,7.263332843780518,7.313333034515381,24865200
2012-04-17,5.932302951812744,7.480000019073486,7.543333053588867,7.266666889190674,7.320000171661377,46660500
2012-04-18,5.871499538421631,7.403333187103271,7.673333168029785,7.343332767486572,7.5,46561200
2012-04-19,5.699664115905762,7.186666965484619,7.429999828338623,7.119999885559082,7.409999847412109,45978300
2012-04-20,5.712882518768311,7.203332901000977,7.2733330726623535,7.150000095367432,7.203332901000977,29586300
2012-04-23,5.681161403656006,7.163332939147949,7.179999828338623,7.036666870117188,7.119999885559082,25531800
2012-04-24,5.765754699707031,7.269999980926514,7.300000190734863,7.163332939147949,7.186666965484619,21511200
2012-04-25,5.85828161239624,7.386666774749756,7.433332920074463,7.300000190734863,7.329999923706055,29583300
2012-04-26,5.91908597946167,7.4633331298828125,7.480000019073486,7.283332824707031,7.383333206176758,31690800
2012-04-27,5.91908597946167,7.4633331298828125,7.533332824707031,7.406667232513428,7.5,16349700
2012-04-30,5.892648220062256,7.429999828338623,7.483333110809326,7.380000114440918,7.443333148956299,25026000
2012-05-01,5.995750427246094,7.559999942779541,7.663332939147949,7.436666965484619,7.449999809265137,22466100
2012-05-02,5.961382389068604,7.516666889190674,7.539999961853027,7.449999809265137,7.506667137145996,16395600
2012-05-03,5.937591552734375,7.486667156219482,7.6666669845581055,7.4766669273376465,7.579999923706055,19196400
2012-05-04,5.855638027191162,7.383333206176758,7.460000038146973,7.300000190734863,7.460000038146973,29370000
2012-05-07,5.813340663909912,7.329999923706055,7.409999847412109,7.289999961853027,7.346666812896728,14871000
2012-05-08,5.813340663909912,7.329999923706055,7.343332767486572,7.2133331298828125,7.27666711807251,24236700
2012-05-09,5.726100921630859,7.21999979019165,7.306666851043701,7.186666965484619,7.22333288192749,26423700
2012-05-10,5.731384754180908,7.2266669273376465,7.349999904632568,7.190000057220459,7.306666851043701,18913800
2012-05-11,5.726100921630859,7.21999979019165,7.293333053588867,7.156667232513428,7.163332939147949,15322800
2012-05-14,5.694375991821289,7.179999828338623,7.25,7.083333015441895,7.123332977294922,15023700
2012-05-15,5.686446189880371,7.170000076293945,7.25333309173584,7.136666774749756,7.1666669845581055,18108900
2012-05-16,5.689088821411133,7.173333168029785,7.2866668701171875,7.139999866485596,7.216667175292969,18166500
2012-05-17,5.556909084320068,7.006667137145996,7.2266669273376465,6.989999771118164,7.163332939147949,25601100
2012-05-18,5.4934611320495605,6.926667213439941,7.039999961853027,6.876667022705078,7.0,28783200
2012-05-21,5.638861179351807,7.110000133514404,7.119999885559082,6.933332920074463,6.953332901000977,15875400
2012-05-22,5.585987567901611,7.043333053588867,7.230000019073486,6.993332862854004,7.153333187103272,30460200
2012-05-23,5.675871849060059,7.156667232513428,7.190000057220459,6.933332920074463,6.983333110809326,19131600
2012-05-24,5.644149303436279,7.116666793823242,7.2133331298828125,7.00333309173584,7.183332920074463,17721900
2012-05-25,5.649435043334961,7.123332977294922,7.170000076293945,7.03000020980835,7.130000114440918,18877200
2012-05-29,5.69467306137085,7.133333206176758,7.199999809265137,7.083333015441895,7.159999847412109,19830600
2012-05-30,5.556299686431885,6.960000038146973,7.066667079925537,6.936666965484619,7.036666870117188,18382200
2012-05-31,5.558960437774658,6.9633331298828125,7.03000020980835,6.803332805633545,6.966667175292969,25658700
2012-06-01,5.407278537750244,6.7733330726623535,6.880000114440918,6.730000019073486,6.823332786560059,26671800
2012-06-04,5.412600994110107,6.78000020980835,6.816667079925537,6.626667022705078,6.789999961853027,33510900
2012-06-05,5.409939289093018,6.77666711807251,6.826666831970215,6.703332901000977,6.72333288192749,19776600
2012-06-06,5.558960437774658,6.9633331298828125,6.976666927337647,6.820000171661377,6.860000133514404,22108800
2012-06-07,5.585570812225342,6.99666690826416,7.183332920074463,6.976666927337647,7.090000152587891,20792100
2012-06-08,5.609519958496094,7.02666711807251,7.03000020980835,6.880000114440918,6.953332901000977,15822000
2012-06-11,5.582909107208252,6.993332862854004,7.146667003631592,6.986667156219482,7.133333206176758,18113700
2012-06-12,5.793133735656738,7.256667137145996,7.27666711807251,7.0,7.006667137145996,36189900
2012-06-13,5.785149097442627,7.24666690826416,7.360000133514404,7.193333148956299,7.21999979019165,21990000
2012-06-14,5.835709095001221,7.309999942779541,7.360000133514404,7.179999828338623,7.25333309173584,24281100
2012-06-15,5.934169292449951,7.433332920074463,7.456666946411133,7.346666812896728,7.376667022705078,26393100
2012-06-18,6.0379486083984375,7.563333034515381,7.5833330154418945,7.366666793823242,7.383333206176758,21342900
2012-06-19,6.027306079864502,7.550000190734863,7.636666774749756,7.533332824707031,7.593332767486572,23380500
2012-06-20,5.979407787322998,7.489999771118164,7.546667098999023,7.406667232513428,7.546667098999023,28146300
2012-06-21,5.880948543548584,7.366666793823242,7.52666711807251,7.3333330154418945,7.510000228881836,22645200
2012-06-22,5.755877494812012,7.210000038146973,7.320000171661377,7.126667022705078,7.320000171661377,43885800
2012-06-25,5.668063163757324,7.099999904632568,7.143332958221436,7.019999980926514,7.113333225250244,19530900
2012-06-26,5.702655792236328,7.143332958221436,7.183332920074463,7.086667060852051,7.099999904632568,20271000
2012-06-27,5.811760425567627,7.28000020980835,7.289999961853027,7.099999904632568,7.179999828338623,25703400
2012-06-28,5.822403907775879,7.293333053588867,7.309999942779541,7.116666793823242,7.203332901000977,20347800
2012-06-29,5.95013427734375,7.453332901000977,7.4633331298828125,7.383333206176758,7.429999828338623,22506000
2012-07-02,5.902237415313721,7.3933329582214355,7.449999809265137,7.316667079925537,7.436666965484619,16289400
2012-07-03,5.912881851196289,7.406667232513428,7.446667194366455,7.376667022705078,7.423333168029785,14354400
2012-07-05,5.926184177398682,7.423333168029785,7.47333288192749,7.369999885559082,7.403333187103271,17984400
2012-07-06,5.963441371917725,7.46999979019165,7.483333110809326,7.340000152587891,7.353332996368408,16233900
2012-07-09,5.960780143737793,7.466667175292969,7.546667098999023,7.420000076293945,7.460000038146973,22066200
2012-07-10,5.912881851196289,7.406667232513428,7.576666831970215,7.353332996368408,7.50333309173584,24532200
2012-07-11,5.920865058898926,7.4166669845581055,7.593332767486572,7.380000114440918,7.4766669273376465,38275500
2012-07-12,5.886270523071289,7.373332977294922,7.446667194366455,7.300000190734863,7.426667213439941,27491100
2012-07-13,6.029967784881592,7.553332805633545,7.566667079925537,7.373332977294922,7.373332977294922,20774100
2012-07-16,6.011340141296387,7.53000020980835,7.566667079925537,7.460000038146973,7.5233330726623535,14742000
2012-07-17,6.0645599365234375,7.596666812896728,7.619999885559082,7.426667213439941,7.576666831970215,21124200
2012-07-18,6.02198600769043,7.543333053588867,7.650000095367432,7.436666965484619,7.603332996368408,36581700
2012-07-19,6.061898708343506,7.593332767486572,7.656667232513428,7.539999961853027,7.570000171661377,27526200
2012-07-20,5.95279598236084,7.456666946411133,7.5366668701171875,7.423333168029785,7.5366668701171875,23791200
2012-07-23,5.825066089630127,7.296667098999023,7.373332977294922,7.25,7.343332767486572,24620700
2012-07-24,5.761200428009033,7.216667175292969,7.340000152587891,7.163332939147949,7.263332843780518,26076300
2012-07-25,5.8090996742248535,7.27666711807251,7.3333330154418945,7.199999809265137,7.256667137145996,16359600
2012-07-26,5.920865058898926,7.4166669845581055,7.466667175292969,7.356667041778564,7.400000095367432,18993300
2012-07-27,6.080527305603027,7.616666793823242,7.653333187103271,7.453332901000977,7.47333288192749,19686000
2012-07-30,6.091172695159912,7.630000114440918,7.6666669845581055,7.570000171661377,7.603332996368408,14571000
2012-07-31,6.104478359222412,7.646667003631592,7.733333110809326,7.613333225250244,7.613333225250244,23855700
2012-08-01,5.99005126953125,7.50333309173584,7.736667156219482,7.5,7.703332901000977,24019200
2012-08-02,6.013998508453369,7.533332824707031,7.539999961853027,7.373332977294922,7.443333148956299,18679200
2012-08-03,6.149712562561035,7.703332901000977,7.736667156219482,7.610000133514404,7.663332939147949,19362600
2012-08-06,6.096495151519775,7.636666774749756,7.75,7.636666774749756,7.75,13669200
2012-08-07,6.077866554260254,7.613333225250244,7.679999828338623,7.599999904632568,7.650000095367432,22176900
2012-08-08,6.069882392883301,7.603332996368408,7.679999828338623,7.576666831970215,7.596666812896728,14661300
2012-08-09,6.027306079864502,7.550000190734863,7.5833330154418945,7.5,7.553332805633545,17142900
2012-08-10,6.115121364593506,7.659999847412109,7.6666669845581055,7.486667156219482,7.52666711807251,14592900
2012-08-13,6.088510990142822,7.626667022705078,7.670000076293945,7.596666812896728,7.659999847412109,15660900
2012-08-14,6.109800815582275,7.653333187103271,7.693333148956299,7.626667022705078,7.679999828338623,14543100
2012-08-15,6.120444297790527,7.6666669845581055,7.739999771118164,7.616666793823242,7.6433329582214355,15477300
2012-08-16,6.171003341674805,7.730000019073486,7.756667137145996,7.659999847412109,7.673333168029785,22167300
2012-08-17,6.224225521087647,7.796667098999023,7.800000190734863,7.7266669273376465,7.75,15701100
2012-08-20,6.224225521087647,7.796667098999023,7.816667079925537,7.760000228881836,7.803332805633545,15157800
2012-08-21,6.189629554748535,7.75333309173584,7.829999923706055,7.736667156219482,7.796667098999023,16643400
2012-08-22,6.178986549377441,7.739999771118164,7.766666889190674,7.696667194366455,7.74666690826416,10967100
2012-08-23,6.077866554260254,7.613333225250244,7.7266669273376465,7.5833330154418945,7.7133331298828125,14720100
2012-08-24,6.117780685424805,7.663332939147949,7.676667213439941,7.586667060852051,7.596666812896728,10056000
2012-08-27,6.061898708343506,7.593332767486572,7.696667194366455,7.586667060852051,7.673333168029785,13756200
2012-08-28,6.040612697601318,7.566667079925537,7.636666774749756,7.546667098999023,7.556666851043701,11480400
2012-08-29,6.0513200759887695,7.533332824707031,7.576666831970215,7.480000019073486,7.576666831970215,11603400
2012-08-30,6.000449180603027,7.46999979019165,7.50333309173584,7.440000057220459,7.50333309173584,10512600
2012-08-31,6.013838291168213,7.486667156219482,7.550000190734863,7.456666946411133,7.513332843780518,13338600
2012-09-04,5.81837272644043,7.243332862854004,7.406667232513428,7.21999979019165,7.383333206176758,28535700
2012-09-05,5.7300124168396,7.133333206176758,7.24666690826416,7.1066670417785645,7.236667156219482,25121700
2012-09-06,5.906732082366943,7.353332996368408,7.366666793823242,7.159999847412109,7.1666669845581055,22615200
2012-09-07,5.973671913146973,7.436666965484619,7.436666965484619,7.313333034515381,7.349999904632568,22915800
2012-09-10,5.965639114379883,7.426667213439941,7.49666690826416,7.386666774749756,7.4166669845581055,14099100
2012-09-11,6.06738805770874,7.553332805633545,7.5833330154418945,7.436666965484619,7.443333148956299,13140000
2012-09-12,6.115584373474121,7.613333225250244,7.619999885559082,7.506667137145996,7.596666812896728,15574800
2012-09-13,6.169135570526123,7.679999828338623,7.699999809265137,7.53000020980835,7.606667041778564,23944800
2012-09-14,6.201266288757324,7.71999979019165,7.763332843780518,7.690000057220459,7.706666946411133,21312600
2012-09-17,6.22804069519043,7.75333309173584,7.763332843780518,7.6666669845581055,7.710000038146973,19078500
2012-09-18,6.161102771759033,7.670000076293945,7.716667175292969,7.599999904632568,7.710000038146973,15006000
2012-09-19,6.102194786071777,7.596666812896728,7.616666793823242,7.50333309173584,7.543333053588867,20501700
2012-09-20,5.7541117668151855,7.163332939147949,7.400000095367432,7.123332977294922,7.243332862854004,78344400
2012-09-21,5.657718181610107,7.043333053588867,7.243332862854004,7.036666870117188,7.239999771118164,41082900
2012-09-24,5.719302654266357,7.119999885559082,7.156667232513428,6.960000038146973,7.0,33865500
2012-09-25,5.668428421020508,7.056666851043701,7.206666946411133,7.03000020980835,7.150000095367432,29217600
2012-09-26,5.622910022735596,7.0,7.050000190734863,6.976666927337647,7.0233330726623535,20913900
2012-09-27,5.652363300323486,7.036666870117188,7.079999923706055,6.983333110809326,7.053332805633545,13473600
2012-09-28,5.55596923828125,6.9166669845581055,7.0,6.883333206176758,7.0,32227200
2012-10-01,5.572036266326904,6.936666965484619,7.0,6.9166669845581055,6.933332920074463,21174600
2012-10-02,5.542582988739014,6.900000095367432,7.006667137145996,6.883333206176758,6.97333288192749,28273500
2012-10-03,5.671104907989502,7.059999942779541,7.073332786560059,6.933332920074463,6.966667175292969,30517800
2012-10-04,5.700560092926025,7.0966668128967285,7.156667232513428,7.073332786560059,7.113333225250244,17939700
2012-10-05,5.735368728637695,7.139999866485596,7.193333148956299,7.116666793823242,7.136666774749756,14091300
2012-10-08,5.786241054534912,7.203332901000977,7.239999771118164,7.099999904632568,7.116666793823242,17542800
2012-10-09,5.679137706756592,7.070000171661377,7.239999771118164,7.056666851043701,7.179999828338623,23199600
2012-10-10,5.647011280059815,7.03000020980835,7.116666793823242,6.97333288192749,7.093332767486572,23588100
2012-10-11,5.665750503540039,7.053332805633545,7.126667022705078,7.053332805633545,7.090000152587891,16024200
2012-10-12,5.705914974212647,7.103332996368408,7.150000095367432,7.0233330726623535,7.079999923706055,15188400
2012-10-15,5.743402481079102,7.150000095367432,7.159999847412109,7.056666851043701,7.119999885559082,15872100
2012-10-16,5.79159688949585,7.210000038146973,7.25333309173584,7.150000095367432,7.183332920074463,28321200
2012-10-17,5.673781871795654,7.063333034515381,7.136666774749756,6.863333225250244,7.0,62599800
2012-10-18,5.719302654266357,7.119999885559082,7.150000095367432,7.00333309173584,7.0233330726623535,45241800
2012-10-19,5.649685859680176,7.033332824707031,7.123332977294922,7.006667137145996,7.099999904632568,29156400
2012-10-22,5.700560092926025,7.0966668128967285,7.139999866485596,7.013332843780518,7.02666711807251,22736700
2012-10-23,5.705914974212647,7.103332996368408,7.156667232513428,6.989999771118164,6.989999771118164,27384900
2012-10-24,5.513129711151123,6.863333225250244,7.139999866485596,6.833333015441895,7.133333206176758,45254700
2012-10-25,5.510452747344971,6.860000133514404,6.940000057220459,6.820000171661377,6.923333168029785,35769000
2012-10-26,5.502418041229248,6.849999904632568,6.920000076293945,6.820000171661377,6.860000133514404,34756500
2012-10-31,5.480998516082764,6.823332786560059,6.933332920074463,6.813333034515381,6.896667003631592,31458900
2012-11-01,5.577391624450684,6.943333148956299,6.946667194366455,6.823332786560059,6.829999923706055,46211400
2012-11-02,5.531872272491455,6.886666774749756,7.02666711807251,6.876667022705078,6.99666690826416,30036600
2012-11-05,5.545259952545166,6.903333187103272,6.926667213439941,6.849999904632568,6.8566670417785645,21053100
2012-11-06,5.585423469543457,6.953332901000977,6.97333288192749,6.883333206176758,6.906667232513428,27137700
2012-11-07,5.4167351722717285,6.743332862854004,6.849999904632568,6.716667175292969,6.763332843780518,40998600
2012-11-08,5.365862846374512,6.679999828338623,6.786666870117188,6.679999828338623,6.75333309173584,29466000
2012-11-09,5.323022842407227,6.626667022705078,6.699999809265137,6.613333225250244,6.673333168029785,55546200
2012-11-12,5.344441890716553,6.653333187103272,6.706666946411133,6.619999885559082,6.646667003631592,18208500
2012-11-13,5.3283772468566895,6.633333206176758,6.733333110809326,6.616666793823242,6.616666793823242,19999500
2012-11-14,5.2453718185424805,6.53000020980835,6.676667213439941,6.510000228881836,6.653333187103272,28897200
2012-11-15,5.186466217041016,6.456666946411133,6.556666851043701,6.400000095367432,6.516666889190674,25184100
2012-11-16,5.090073585510254,6.336667060852051,6.483333110809326,6.293333053588867,6.483333110809326,46409700
2012-11-19,5.26947021484375,6.559999942779541,6.559999942779541,6.393332958221436,6.403333187103272,25466700
2012-11-20,5.226629734039307,6.506667137145996,6.563333034515381,6.4633331298828125,6.536666870117188,18440400
2012-11-21,5.186466217041016,6.456666946411133,6.519999980926514,6.436666965484619,6.519999980926514,16116300
2012-11-23,5.277503967285156,6.570000171661377,6.570000171661377,6.453332901000977,6.483333110809326,16383600
2012-11-26,5.3578290939331055,6.670000076293945,6.673333168029785,6.533332824707031,6.543333053588867,27882300
2012-11-27,5.3578290939331055,6.670000076293945,6.756667137145996,6.639999866485596,6.693333148956299,31343700
2012-11-28,5.333561897277832,6.593332767486572,6.626667022705078,6.5233330726623535,6.616666793823242,32071500
2012-11-29,5.3497419357299805,6.613333225250244,6.653333187103272,6.539999961853027,6.616666793823242,25343400
2012-11-30,5.328170299530029,6.586667060852051,6.646667003631592,6.550000190734863,6.6066670417785645,28710300
2012-12-03,5.276937007904053,6.5233330726623535,6.639999866485596,6.49666690826416,6.619999885559082,21424800
2012-12-04,5.295812606811523,6.546667098999023,6.590000152587891,6.5,6.5,21038100
2012-12-05,5.436027526855469,6.71999979019165,6.760000228881836,6.573332786560059,6.573332786560059,35438400
2012-12-06,5.460295677185059,6.75,6.769999980926514,6.656667232513428,6.756667137145996,27482400
2012-12-07,5.368616580963135,6.636666774749756,6.75,6.603332996368408,6.733333110809326,41614800
2012-12-10,5.3740081787109375,6.643332958221436,6.683332920074463,6.593332767486572,6.6066670417785645,28430400
2012-12-11,5.28233003616333,6.53000020980835,6.690000057220459,6.52666711807251,6.690000057220459,32110200
2012-12-12,5.295812606811523,6.546667098999023,6.576666831970215,6.47333288192749,6.553332805633545,49294200
2012-12-13,5.322777271270752,6.579999923706055,6.636666774749756,6.533332824707031,6.553332805633545,24446700
2012-12-14,5.33086633682251,6.590000152587891,6.679999828338623,6.566667079925537,6.599999904632568,25794900
2012-12-17,5.368616580963135,6.636666774749756,6.6666669845581055,6.573332786560059,6.616666793823242,18127800
2012-12-18,5.457599639892578,6.74666690826416,6.756667137145996,6.626667022705078,6.653333187103272,26807700
2012-12-19,5.395580768585205,6.670000076293945,6.75,6.650000095367432,6.743332862854004,30348600
2012-12-20,5.419848918914795,6.699999809265137,6.730000019073486,6.6666669845581055,6.690000057220459,32682900
2012-12-21,5.3794026374816895,6.650000095367432,6.676667213439941,6.586667060852051,6.590000152587891,38122500
2012-12-24,5.352438926696777,6.616666793823242,6.653333187103272,6.593332767486572,6.636666774749756,9914700
2012-12-26,5.311990737915039,6.566667079925537,6.650000095367432,6.546667098999023,6.630000114440918,15636900
2012-12-27,5.290417671203613,6.539999961853027,6.579999923706055,6.480000019073486,6.576666831970215,25639200
2012-12-28,5.239186763763428,6.476666927337647,6.550000190734863,6.47333288192749,6.5,13584300
2012-12-31,5.320079803466797,6.576666831970215,6.579999923706055,6.453332901000977,6.466667175292969,19176000
2013-01-02,5.438723087310791,6.72333288192749,6.803332805633545,6.683332920074463,6.703332901000977,37580700
2013-01-03,5.489956855773926,6.786666870117188,6.889999866485596,6.703332901000977,6.706666946411133,22812600
2013-01-04,5.646349906921387,6.980000019073486,7.013332843780518,6.800000190734863,6.833333015441895,27742200
2013-01-07,5.516921520233154,6.820000171661377,6.943333148956299,6.806666851043701,6.936666965484619,32982000
2013-01-08,5.530402660369873,6.836667060852051,6.843332767486572,6.766666889190674,6.820000171661377,25377600
2013-01-09,5.5384931564331055,6.8466668128967285,6.920000076293945,6.823332786560059,6.8566670417785645,24559200
2013-01-10,5.5384931564331055,6.8466668128967285,6.860000133514404,6.670000076293945,6.806666851043701,62093100
2013-01-11,5.5384931564331055,6.8466668128967285,6.889999866485596,6.763332843780518,6.880000114440918,20559600
2013-01-14,5.56815242767334,6.883333206176758,6.926667213439941,6.816667079925537,6.840000152587891,19724100
2013-01-15,5.603207111358643,6.926667213439941,6.936666965484619,6.863333225250244,6.863333225250244,16285500
2013-01-16,5.613994121551514,6.940000057220459,6.966667175292969,6.903333187103272,6.909999847412109,14442900
2013-01-17,5.63286828994751,6.9633331298828125,6.989999771118164,6.883333206176758,6.97333288192749,23991900
2013-01-18,5.638258934020996,6.96999979019165,7.056666851043701,6.869999885559082,6.893332958221436,45977700
2013-01-22,5.611296653747559,6.936666965484619,7.0,6.8566670417785645,6.97333288192749,38165700
2013-01-23,5.845884799957275,7.2266669273376465,7.27666711807251,7.019999980926514,7.083333015441895,54916200
2013-01-24,5.956439971923828,7.363333225250244,7.413332939147949,7.269999980926514,7.269999980926514,44718900
2013-01-25,5.996886730194092,7.413332939147949,7.483333110809326,7.300000190734863,7.3933329582214355,34966800
2013-01-28,6.018459796905518,7.440000057220459,7.47333288192749,7.383333206176758,7.453332901000977,24038700
2013-01-29,6.072389602661133,7.506667137145996,7.556666851043701,7.409999847412109,7.4633331298828125,28111200
2013-01-30,5.967227458953857,7.376667022705078,7.519999980926514,7.360000133514404,7.489999771118164,28189500
2013-01-31,5.940260887145996,7.343332767486572,7.406667232513428,7.283332824707031,7.346666812896728,22212300
2013-02-01,5.91060209274292,7.306666851043701,7.413332939147949,7.243332862854004,7.413332939147949,28575000
2013-02-04,5.837796688079834,7.216667175292969,7.316667079925537,7.203332901000977,7.260000228881836,22860900
2013-02-05,5.83510160446167,7.2133331298828125,7.256667137145996,7.203332901000977,7.25,19263000
2013-02-06,5.816226005554199,7.190000057220459,7.25333309173584,7.170000076293945,7.199999809265137,25345800
2013-02-07,5.856670379638672,7.239999771118164,7.243332862854004,7.150000095367432,7.186666965484619,18095700
2013-02-08,5.924083709716797,7.323332786560059,7.323332786560059,7.21999979019165,7.239999771118164,22849500
2013-02-11,6.107440948486328,7.550000190734863,7.579999923706055,7.420000076293945,7.449999809265137,46465200
2013-02-12,6.104744911193848,7.546667098999023,7.570000171661377,7.483333110809326,7.566667079925537,24010500
2013-02-13,6.166760444641113,7.623332977294922,7.646667003631592,7.563333034515381,7.579999923706055,20135400
2013-02-14,6.182940483093262,7.6433329582214355,7.646667003631592,7.593332767486572,7.610000133514404,16241400
2013-02-15,6.145190715789795,7.596666812896728,7.6666669845581055,7.566667079925537,7.6666669845581055,22354800
2013-02-19,6.223388195037842,7.693333148956299,7.693333148956299,7.5833330154418945,7.610000133514404,23449800
2013-02-20,6.153282165527344,7.606667041778564,7.699999809265137,7.5833330154418945,7.693333148956299,24342000
2013-02-21,6.080476760864258,7.516666889190674,7.586667060852051,7.480000019073486,7.5833330154418945,19749600
2013-02-22,6.164065837860107,7.619999885559082,7.653333187103271,7.50333309173584,7.543333053588867,18190200
2013-02-25,5.991497039794922,7.406667232513428,7.683332920074463,7.406667232513428,7.656667232513428,24885900
2013-02-26,6.007776737213135,7.380000114440918,7.436666965484619,7.28000020980835,7.4166669845581055,28872900
2013-02-27,6.186869621276856,7.599999904632568,7.636666774749756,7.369999885559082,7.373332977294922,28765800
2013-02-28,6.224860668182373,7.646667003631592,7.693333148956299,7.559999942779541,7.616666793823242,23123100
2013-03-01,6.233000755310059,7.656667232513428,7.683332920074463,7.566667079925537,7.619999885559082,20739000
2013-03-04,6.281843185424805,7.716667175292969,7.733333110809326,7.603332996368408,7.619999885559082,25063500
2013-03-05,6.398525714874268,7.860000133514404,7.906667232513428,7.736667156219482,7.756667137145996,24894600
2013-03-06,6.29541015625,7.733333110809326,7.933332920074463,7.703332901000977,7.903333187103271,29429700
2013-03-07,6.16244649887085,7.570000171661377,7.7733330726623535,7.539999961853027,7.733333110809326,39649800
2013-03-08,6.238425731658936,7.663332939147949,7.716667175292969,7.579999923706055,7.630000114440918,36080100
2013-03-11,6.333400249481201,7.78000020980835,7.826666831970215,7.673333168029785,7.673333168029785,25625400
2013-03-12,6.344254970550537,7.793333053588867,7.826666831970215,7.72333288192749,7.769999980926514,26593800
2013-03-13,6.398525714874268,7.860000133514404,7.863333225250244,7.739999771118164,7.793333053588867,21570900
2013-03-14,6.474503040313721,7.953332901000977,7.9633331298828125,7.853332996368408,7.876667022705078,24595800
2013-03-15,6.51792049407959,8.006667137145996,8.09000015258789,7.9166669845581055,7.926667213439941,35963400
2013-03-18,6.496213436126709,7.980000019073486,8.100000381469727,7.9166669845581055,7.926667213439941,21484200
2013-03-19,6.498925685882568,7.983333110809326,8.029999732971191,7.876667022705078,8.0,21473400
2013-03-20,6.593900203704834,8.100000381469727,8.109999656677246,7.966667175292969,8.026666641235352,26005500
2013-03-21,6.490785121917725,7.97333288192749,8.069999694824219,7.929999828338623,8.069999694824219,23380800
2013-03-22,6.52063512802124,8.010000228881836,8.046667098999023,7.980000019073486,8.016667366027832,12332400
2013-03-25,6.482644557952881,7.9633331298828125,8.09000015258789,7.946667194366455,8.050000190734863,15064500
2013-03-26,6.55048418045044,8.046667098999023,8.063332557678223,7.9766669273376465,7.9766669273376465,17706900
2013-03-27,6.607466697692871,8.116666793823242,8.136667251586914,7.966667175292969,8.020000457763672,23220000
2013-03-28,6.683446884155273,8.210000038146973,8.223333358764648,8.106666564941406,8.146666526794434,18345000
2013-04-01,6.566764831542969,8.066666603088379,8.229999542236328,8.029999732971191,8.213333129882812,17072100
2013-04-02,6.564051151275635,8.063332557678223,8.176667213439941,8.043333053588867,8.100000381469727,22224000
2013-04-03,6.498925685882568,7.983333110809326,8.096667289733887,7.940000057220459,8.033332824707031,25223700
2013-04-04,6.450082302093506,7.923333168029785,7.989999771118164,7.849999904632568,7.983333110809326,21008700
2013-04-05,6.469077110290527,7.946667194366455,7.97333288192749,7.75333309173584,7.806666851043701,19642800
2013-04-08,6.498925685882568,7.983333110809326,8.0,7.889999866485596,7.889999866485596,17612400
2013-04-09,6.485358238220215,7.966667175292969,8.029999732971191,7.863333225250244,7.9766669273376465,22757400
2013-04-10,6.577620029449463,8.079999923706055,8.09000015258789,7.97333288192749,7.989999771118164,13539600
2013-04-11,6.588473320007324,8.09333324432373,8.133333206176758,8.05666732788086,8.106666564941406,17481900
2013-04-12,6.650885581970215,8.170000076293945,8.216667175292969,8.08666706085205,8.106666564941406,22305000
2013-04-15,6.368676662445068,7.823332786560059,8.130000114440918,7.816667079925537,8.119999885559082,25233900
2013-04-16,6.55048418045044,8.046667098999023,8.140000343322754,7.883333206176758,7.909999847412109,36366300
2013-04-17,6.379531383514404,7.836667060852051,8.020000457763672,7.766666889190674,7.960000038146973,37453800
2013-04-18,6.447371006011963,7.920000076293945,7.986667156219482,7.849999904632568,7.876667022705078,31869900
2013-04-19,6.431087970733643,7.900000095367432,7.949999809265137,7.836667060852051,7.943333148956299,23022300
2013-04-22,6.45822286605835,7.933332920074463,7.96999979019165,7.8333330154418945,7.933332920074463,16502400
2013-04-23,6.45822286605835,7.933332920074463,8.010000228881836,7.886666774749756,7.989999771118164,18079800
2013-04-24,6.509780406951904,7.99666690826416,8.006667137145996,7.869999885559082,7.949999809265137,16784700
2013-04-25,6.593900203704834,8.100000381469727,8.140000343322754,8.00333309173584,8.043333053588867,19844700
2013-04-26,6.612894058227539,8.123332977294922,8.149999618530273,8.0600004196167,8.130000114440918,14637000
2013-04-29,6.678020000457764,8.203332901000977,8.229999542236328,8.096667289733887,8.16333293914795,14775000
2013-04-30,6.672592639923096,8.196666717529297,8.203332901000977,8.116666793823242,8.1899995803833,15216600
2013-05-01,6.531487941741943,8.023332595825195,8.196666717529297,8.010000228881836,8.183333396911621,18383400
2013-05-02,6.596613883972168,8.103333473205566,8.180000305175781,8.036666870117188,8.039999961853027,11844300
2013-05-03,6.732291221618652,8.270000457763672,8.326666831970215,8.196666717529297,8.196666717529297,16924200
2013-05-06,6.846260070800781,8.40999984741211,8.420000076293945,8.270000457763672,8.273332595825195,20170800
2013-05-07,6.873395442962647,8.44333267211914,8.44333267211914,8.366666793823242,8.423333168029785,14791200
2013-05-08,6.954801082611084,8.543333053588867,8.550000190734863,8.369999885559082,8.426667213439941,18407400
2013-05-09,6.9005303382873535,8.476667404174805,8.579999923706055,8.453332901000977,8.539999961853027,23838300
2013-05-10,6.9005303382873535,8.476667404174805,8.513333320617676,8.40666675567627,8.489999771118164,18671700
2013-05-13,6.867967128753662,8.436667442321777,8.476667404174805,8.356666564941406,8.44333267211914,14507700
2013-05-14,6.990078926086426,8.58666706085205,8.600000381469727,8.430000305175781,8.449999809265137,19561800
2013-05-15,7.028067111968994,8.633333206176758,8.666666984558105,8.523332595825195,8.546667098999023,15436500
2013-05-16,6.9737958908081055,8.566666603088379,8.646666526794434,8.526666641235352,8.616666793823242,15063000
2013-05-17,7.033493995666504,8.640000343322754,8.666666984558105,8.553333282470703,8.59000015258789,16680300
2013-05-20,7.087764739990234,8.706666946411133,8.733332633972168,8.626667022705078,8.626667022705078,12944700
2013-05-21,7.093191146850586,8.713333129882812,8.786666870117188,8.699999809265137,8.739999771118164,12270300
2013-05-22,6.990078926086426,8.58666706085205,8.770000457763672,8.55666732788086,8.720000267028809,17371500
2013-05-23,6.87882137298584,8.449999809265137,8.473333358764648,8.376667022705078,8.453332901000977,21615300
2013-05-24,6.919524669647217,8.5,8.516667366027832,8.369999885559082,8.40666675567627,12665700
2013-05-28,6.865253448486328,8.433333396911621,8.66333293914795,8.399999618530273,8.606666564941406,31269000
2013-05-29,6.876173973083496,8.396666526794434,8.513333320617676,8.283332824707031,8.350000381469727,26039700
2013-05-30,6.94987678527832,8.486666679382324,8.553333282470703,8.416666984558105,8.433333396911621,12776700
2013-05-31,6.881632328033447,8.403332710266113,8.606666564941406,8.399999618530273,8.4399995803833,20145600
2013-06-03,6.873443603515625,8.393333435058594,8.470000267028809,8.286666870117188,8.433333396911621,17181000
2013-06-04,6.753335952758789,8.24666690826416,8.479999542236328,8.243332862854004,8.386667251586914,29446200
2013-06-05,6.611388206481934,8.073332786560059,8.220000267028809,8.066666603088379,8.210000038146973,26334600
2013-06-06,6.750604152679443,8.243332862854004,8.25,8.039999961853027,8.076666831970215,27861300
2013-06-07,6.829767227172852,8.34000015258789,8.446666717529297,8.279999732971191,8.319999694824219,22617300
2013-06-10,6.846144199371338,8.359999656677246,8.436667442321777,8.34333324432373,8.386667251586914,20470500
2013-06-11,6.761524200439453,8.256667137145996,8.399999618530273,8.243332862854004,8.286666870117188,19580700
2013-06-12,6.783363342285156,8.283332824707031,8.369999885559082,8.256667137145996,8.346667289733887,21713100
2013-06-13,6.84068775177002,8.353333473205566,8.369999885559082,8.25333309173584,8.266667366027832,20499900
2013-06-14,6.807929039001465,8.313332557678223,8.479999542236328,8.30666732788086,8.373332977294922,22036500
2013-06-17,6.780632019042969,8.279999732971191,8.369999885559082,8.206666946411133,8.356666564941406,24451800
2013-06-18,6.903470993041992,8.430000305175781,8.430000305175781,8.263333320617676,8.289999961853027,13676700
2013-06-19,6.715120315551758,8.199999809265137,8.446666717529297,8.199999809265137,8.423333168029785,22359300
2013-06-20,6.540417194366455,7.986667156219482,8.09333324432373,7.933332920074463,8.09333324432373,37429500
2013-06-21,6.406661510467529,7.823332786560059,8.039999961853027,7.78000020980835,8.039999961853027,47003400
2013-06-24,6.182822227478027,7.550000190734863,7.74666690826416,7.466667175292969,7.743332862854004,41340900
2013-06-25,6.316579341888428,7.7133331298828125,7.743332862854004,7.596666812896728,7.633333206176758,27732900
2013-06-26,6.3411478996276855,7.743332862854004,7.853332996368408,7.659999847412109,7.796667098999023,27890100
2013-06-27,6.4039306640625,7.820000171661377,7.856667041778564,7.743332862854004,7.7866668701171875,18201900
2013-06-28,6.330228328704834,7.730000019073486,7.849999904632568,7.72333288192749,7.809999942779541,26346900
2013-07-01,6.338417053222656,7.739999771118164,7.8333330154418945,7.696667194366455,7.77666711807251,18315900
2013-07-02,6.308389663696289,7.703332901000977,7.796667098999023,7.650000095367432,7.716667175292969,26294700
2013-07-03,6.286553859710693,7.676667213439941,7.699999809265137,7.630000114440918,7.673333168029785,8394000
2013-07-05,6.349337577819824,7.75333309173584,7.783332824707031,7.673333168029785,7.730000019073486,16087500
2013-07-08,6.352067470550537,7.756667137145996,7.800000190734863,7.696667194366455,7.793333053588867,14766600
2013-07-09,6.567714214324951,8.020000457763672,8.050000190734863,7.820000171661377,7.8333330154418945,30089700
2013-07-10,6.526769161224365,7.96999979019165,8.033332824707031,7.9166669845581055,8.016667366027832,19692300
2013-07-11,6.657793998718262,8.130000114440918,8.170000076293945,8.036666870117188,8.146666526794434,16945200
2013-07-12,6.649606227874756,8.119999885559082,8.263333320617676,8.09333324432373,8.103333473205566,17333400
2013-07-15,6.64414644241333,8.113332748413086,8.216667175292969,8.09000015258789,8.143333435058594,26214000
2013-07-16,6.72603702545166,8.213333129882812,8.243332862854004,8.103333473205566,8.140000343322754,21484500
2013-07-17,6.851606369018555,8.366666793823242,8.403332710266113,8.183333396911621,8.380000114440918,33708600
2013-07-18,6.97444486618042,8.516667366027832,8.596667289733887,8.350000381469727,8.373332977294922,30317400
2013-07-19,6.930767059326172,8.463333129882812,8.566666603088379,8.430000305175781,8.520000457763672,20924700
2013-07-22,6.911659240722656,8.4399995803833,8.543333053588867,8.423333168029785,8.466667175292969,13377600
2013-07-23,6.898008346557617,8.423333168029785,8.476667404174805,8.41333293914795,8.473333358764648,14756100
2013-07-24,6.807929039001465,8.313332557678223,8.453332901000977,8.25,8.433333396911621,18472200
2013-07-25,6.813389301300049,8.319999694824219,8.33666706085205,8.233332633972168,8.303333282470703,13646700
2013-07-26,6.736959457397461,8.226667404174805,8.286666870117188,8.143333435058594,8.273332595825195,21357000
2013-07-29,6.728769302368164,8.216667175292969,8.276666641235352,8.203332901000977,8.216667175292969,14960400
2013-07-30,6.74514627456665,8.236666679382324,8.283332824707031,8.186667442321777,8.276666641235352,12688500
2013-07-31,6.772444248199463,8.270000457763672,8.34333324432373,8.229999542236328,8.229999542236328,20241900
2013-08-01,6.944415092468262,8.479999542236328,8.506667137145996,8.319999694824219,8.350000381469727,21276300
2013-08-02,7.110928535461426,8.683333396911621,8.893333435058594,8.536666870117188,8.893333435058594,71716500
2013-08-05,7.0590643882751465,8.619999885559082,8.75333309173584,8.566666603088379,8.75333309173584,31539000
2013-08-06,6.990821838378906,8.536666870117188,8.616666793823242,8.44333267211914,8.59333324432373,26178600
2013-08-07,6.936228275299072,8.470000267028809,8.5,8.423333168029785,8.49666690826416,23395800
2013-08-08,7.048147678375244,8.606666564941406,8.65999984741211,8.506667137145996,8.523332595825195,20756700
2013-08-09,7.015390396118164,8.566666603088379,8.616666793823242,8.489999771118164,8.609999656677246,18815100
2013-08-12,6.933500289916992,8.466667175292969,8.55666732788086,8.453332901000977,8.506667137145996,19710600
2013-08-13,6.911659240722656,8.4399995803833,8.5,8.380000114440918,8.466667175292969,17499300
2013-08-14,6.906198978424072,8.433333396911621,8.463333129882812,8.386667251586914,8.399999618530273,16776000
2013-08-15,6.867983818054199,8.386667251586914,8.433333396911621,8.263333320617676,8.353333473205566,16308300
2013-08-16,6.867983818054199,8.386667251586914,8.40666675567627,8.293333053588867,8.390000343322754,13483500
2013-08-19,6.794283390045166,8.296667098999023,8.383333206176758,8.286666870117188,8.359999656677246,11484600
2013-08-20,6.775172710418701,8.273332595825195,8.34333324432373,8.24666690826416,8.319999694824219,17058600
2013-08-21,6.723308086395264,8.210000038146973,8.276666641235352,8.186667442321777,8.263333320617676,14671500
2013-08-22,6.873443603515625,8.393333435058594,8.420000076293945,8.199999809265137,8.226667404174805,11503200
2013-08-23,6.922579288482666,8.453332901000977,8.466667175292969,8.356666564941406,8.423333168029785,13467300
2013-08-26,6.947145938873291,8.483332633972168,8.539999961853027,8.449999809265137,8.460000038146973,17369100
2013-08-27,6.772444248199463,8.270000457763672,8.40999984741211,8.270000457763672,8.386667251586914,18186600
2013-08-28,6.791666507720947,8.243332862854004,8.270000457763672,8.15999984741211,8.223333358764648,13446600
2013-08-29,6.819130897521973,8.276666641235352,8.3100004196167,8.183333396911621,8.220000267028809,10486200
2013-08-30,6.758712291717529,8.203332901000977,8.303333282470703,8.153332710266113,8.286666870117188,12928800
2013-09-03,6.841102123260498,8.303333282470703,8.34333324432373,8.226667404174805,8.30666732788086,19540500
2013-09-04,6.94546365737915,8.430000305175781,8.513333320617676,8.300000190734863,8.303333282470703,19626000
2013-09-05,6.983913421630859,8.476667404174805,8.5,8.423333168029785,8.423333168029785,8966100
2013-09-06,6.989402770996094,8.483332633972168,8.5600004196167,8.456666946411133,8.5,13132200
2013-09-09,7.04707670211792,8.553333282470703,8.58666706085205,8.460000038146973,8.506667137145996,12840000
2013-09-10,7.156929969787598,8.686667442321777,8.686667442321777,8.59000015258789,8.616666793823242,17054400
2013-09-11,7.187139511108398,8.723333358764648,8.723333358764648,8.65666675567627,8.69333267211914,11472000
2013-09-12,7.082779884338379,8.596667289733887,8.706666946411133,8.539999961853027,8.706666946411133,20406000
2013-09-13,7.156929969787598,8.686667442321777,8.686667442321777,8.579999923706055,8.613332748413086,13838700
2013-09-16,7.198124885559082,8.736666679382324,8.83666706085205,8.713333129882812,8.793333053588867,15391500
2013-09-17,7.198124885559082,8.736666679382324,8.743332862854004,8.520000457763672,8.680000305175781,24412200
2013-09-18,7.329948902130127,8.896666526794434,8.916666984558105,8.703332901000977,8.760000228881836,24142800
2013-09-19,7.346426963806152,8.916666984558105,8.966667175292969,8.850000381469727,8.920000076293945,17715300
2013-09-20,7.255800247192383,8.80666732788086,8.956666946411133,8.776666641235352,8.933333396911621,19612800
2013-09-23,7.195377826690674,8.733332633972168,8.800000190734863,8.696666717529297,8.796667098999023,17136300
2013-09-24,7.162423133850098,8.69333267211914,8.793333053588867,8.613332748413086,8.726667404174805,22118700
2013-09-25,7.123973369598389,8.646666526794434,8.743332862854004,8.630000114440918,8.703332901000977,15483300
2013-09-26,7.134958267211914,8.65999984741211,8.703332901000977,8.619999885559082,8.670000076293945,12068700
2013-09-27,7.09925651550293,8.616666793823242,8.683333396911621,8.550000190734863,8.616666793823242,17274900
2013-09-30,7.069047451019287,8.579999923706055,8.636667251586914,8.486666679382324,8.520000457763672,15698100
2013-10-01,7.181648254394531,8.716667175292969,8.75,8.579999923706055,8.583333015441895,14519100
2013-10-02,7.159675598144531,8.6899995803833,8.696666717529297,8.566666603088379,8.65666675567627,16733700
2013-10-03,7.052567481994629,8.5600004196167,8.680000305175781,8.489999771118164,8.673333168029785,14806500
2013-10-04,7.022360324859619,8.523332595825195,8.546667098999023,8.346667289733887,8.420000076293945,20740500
2013-10-07,6.964687347412109,8.453332901000977,8.533332824707031,8.423333168029785,8.466667175292969,16613400
2013-10-08,6.934478282928467,8.416666984558105,8.529999732971191,8.359999656677246,8.463333129882812,25045500
2013-10-09,6.992151260375977,8.486666679382324,8.529999732971191,8.403332710266113,8.4399995803833,18549000
2013-10-10,7.159675598144531,8.6899995803833,8.69333267211914,8.569999694824219,8.579999923706055,16015800
2013-10-11,7.093762397766113,8.609999656677246,8.69333267211914,8.579999923706055,8.686667442321777,26027400
2013-10-14,7.145944595336914,8.673333168029785,8.696666717529297,8.576666831970215,8.58666706085205,21739800
2013-10-15,7.167917728424072,8.699999809265137,8.726667404174805,8.649999618530273,8.666666984558105,21589500
2013-10-16,7.11024284362793,8.630000114440918,8.736666679382324,8.460000038146973,8.736666679382324,32382900
2013-10-17,6.967432022094727,8.456666946411133,8.573332786560059,8.426667213439941,8.573332786560059,33587700
2013-10-18,7.058062553405762,8.566666603088379,8.583333015441895,8.466667175292969,8.493332862854004,28298700
2013-10-21,7.148691177368164,8.676667213439941,8.676667213439941,8.526666641235352,8.546667098999023,16748400
2013-10-22,7.1651692390441895,8.696666717529297,8.763333320617676,8.670000076293945,8.6899995803833,12665400
2013-10-23,7.187139511108398,8.723333358764648,8.800000190734863,8.683333396911621,8.716667175292969,24835800
2013-10-24,7.264037132263184,8.816666603088379,8.819999694824219,8.683333396911621,8.743332862854004,18783600
2013-10-25,7.307978630065918,8.869999885559082,8.869999885559082,8.773332595825195,8.8100004196167,13134000
2013-10-28,7.329948902130127,8.896666526794434,8.936667442321777,8.83666706085205,8.876667022705078,14617200
2013-10-29,7.3217082023620605,8.886667251586914,8.949999809265137,8.863332748413086,8.91333293914795,13684200
2013-10-30,7.192631721496582,8.729999542236328,8.91333293914795,8.713333129882812,8.876667022705078,20947200
2013-10-31,7.156929969787598,8.686667442321777,8.773332595825195,8.65666675567627,8.75,17482500
2013-11-01,7.217348575592041,8.760000228881836,8.786666870117188,8.686667442321777,8.696666717529297,12313200
2013-11-04,7.272274971008301,8.826666831970215,8.880000114440918,8.783332824707031,8.829999923706055,15555900
2013-11-05,7.266782760620117,8.819999694824219,8.84000015258789,8.766667366027832,8.813332557678223,12990000
2013-11-06,7.209107398986816,8.75,8.853333473205566,8.733332633972168,8.823332786560059,20112000
2013-11-07,7.203616619110107,8.743332862854004,8.880000114440918,8.733332633972168,8.776666641235352,15717600
2013-11-08,7.307978630065918,8.869999885559082,8.876667022705078,8.739999771118164,8.75333309173584,18284100
2013-11-11,7.398605346679687,8.979999542236328,8.983332633972168,8.833333015441895,8.866666793823242,17417700
2013-11-12,7.354663848876953,8.926667213439941,8.970000267028809,8.880000114440918,8.953332901000977,14137200
2013-11-13,7.384877681732178,8.963333129882812,8.963333129882812,8.859999656677246,8.890000343322754,13797000
2013-11-14,7.415086269378662,9.0,9.046667098999023,8.979999542236328,8.99666690826416,22248900
2013-11-15,7.415086269378662,9.0,9.026666641235352,8.94333267211914,9.013333320617676,22679100
2013-11-18,7.478249073028564,9.076666831970217,9.15999984741211,9.010000228881836,9.023332595825195,19993800
2013-11-19,7.387623786926269,8.966667175292969,9.083333015441896,8.916666984558105,9.063332557678224,18769500
2013-11-20,7.390366077423096,8.970000267028809,9.0,8.916666984558105,8.983332633972168,13914000
2013-11-21,7.4288153648376465,9.016667366027832,9.033332824707031,8.923333168029785,8.979999542236328,13915200
2013-11-22,7.511203765869141,9.116666793823242,9.116666793823242,9.00333309173584,9.020000457763672,11792100
2013-11-25,7.524937629699707,9.133333206176758,9.17666721343994,9.109999656677246,9.113332748413086,9382800
2013-11-26,7.486275672912598,9.036666870117188,9.109999656677246,9.006667137145996,9.09333324432373,13938000
2013-11-27,7.538743495941162,9.100000381469728,9.119999885559082,9.029999732971191,9.06666660308838,9065700
2013-11-29,7.530459880828857,9.09000015258789,9.149999618530272,9.06666660308838,9.103333473205566,6752700
2013-12-02,7.547028064727783,9.109999656677246,9.19333267211914,9.08666706085205,9.09000015258789,11715900
2013-12-03,7.569123268127441,9.136667251586914,9.223333358764648,9.08666706085205,9.123332977294922,19863600
2013-12-04,7.511130332946777,9.06666660308838,9.17666721343994,9.006667137145996,9.09333324432373,13847700
2013-12-05,7.616063594818115,9.19333267211914,9.226667404174805,9.06666660308838,9.079999923706056,17590500
2013-12-06,7.663013935089111,9.25,9.300000190734863,9.223333358764648,9.256667137145996,15195300
2013-12-09,7.754136562347412,9.359999656677246,9.376667022705078,9.283332824707031,9.283332824707031,12645600
2013-12-10,7.729286193847656,9.329999923706056,9.416666984558104,9.326666831970217,9.34333324432373,14344200
2013-12-11,7.552551746368408,9.116666793823242,9.326666831970217,9.106666564941406,9.32333278656006,18642300
2013-12-12,7.533221244812012,9.09333324432373,9.146666526794434,9.083333015441896,9.083333015441896,12762900
2013-12-13,7.6133036613464355,9.1899995803833,9.293333053588867,9.133333206176758,9.143333435058594,18828600
2013-12-16,7.687863826751709,9.279999732971191,9.313332557678224,9.243332862854004,9.243332862854004,21065400
2013-12-17,7.640918731689453,9.223333358764648,9.31999969482422,9.18000030517578,9.3100004196167,12764400
2013-12-18,7.7127156257629395,9.3100004196167,9.34000015258789,9.133333206176758,9.239999771118164,27084000
2013-12-19,7.698906421661377,9.293333053588867,9.32333278656006,9.256667137145996,9.289999961853027,20485500
2013-12-20,7.754136562347412,9.359999656677246,9.420000076293944,9.256667137145996,9.283332824707031,28884300
2013-12-23,7.798321723937988,9.41333293914795,9.466667175292969,9.393333435058594,9.43333339691162,9664500
2013-12-24,7.831458568572998,9.453332901000977,9.463333129882812,9.423333168029783,9.42666721343994,4771200
2013-12-26,7.8507914543151855,9.476667404174805,9.5,9.44333267211914,9.456666946411133,7722000
2013-12-27,7.812124729156494,9.43000030517578,9.520000457763672,9.40666675567627,9.510000228881836,9129900
2013-12-30,7.825934886932373,9.446666717529297,9.486666679382324,9.420000076293944,9.4399995803833,11165400
2013-12-31,7.944674968719482,9.59000015258789,9.600000381469728,9.476667404174805,9.476667404174805,12075600
2014-01-02,7.801082134246826,9.416666984558104,9.55666732788086,9.396666526794434,9.536666870117188,13439700
2014-01-03,7.8507914543151855,9.476667404174805,9.59333324432373,9.420000076293944,9.423333168029783,13897500
2014-01-06,7.792800903320312,9.40666675567627,9.579999923706056,9.359999656677246,9.520000457763672,15219600
2014-01-07,7.828698635101318,9.449999809265137,9.476667404174805,9.399999618530272,9.43333339691162,11527500
2014-01-08,7.795560359954834,9.40999984741211,9.470000267028809,9.350000381469728,9.423333168029783,15072000
2014-01-09,7.914302349090576,9.553333282470703,9.5600004196167,9.40666675567627,9.43333339691162,13743900
2014-01-10,7.975052833557129,9.626667022705078,9.646666526794434,9.543333053588867,9.58666706085205,13728600
2014-01-13,7.8507914543151855,9.476667404174805,9.65999984741211,9.44333267211914,9.609999656677246,20569500
2014-01-14,7.975052833557129,9.626667022705078,9.65999984741211,9.470000267028809,9.539999961853027,24035100
2014-01-15,8.071703910827637,9.743332862854004,9.75,9.609999656677246,9.646666526794434,36123900
2014-01-16,7.522176742553711,9.079999923706056,9.170000076293944,8.920000076293945,9.153332710266112,82080000
2014-01-17,7.519415378570557,9.076666831970217,9.130000114440918,9.020000457763672,9.130000114440918,35177700
2014-01-21,7.466945648193359,9.013333320617676,9.173333168029783,8.970000267028809,9.116666793823242,28709400
2014-01-22,7.516651630401611,9.07333278656006,9.126667022705078,9.053333282470703,9.06666660308838,23527500
2014-01-23,7.461423873901367,9.006667137145996,9.106666564941406,8.960000038146973,9.05666732788086,25808700
2014-01-24,7.234986782073975,8.733332633972168,8.946666717529297,8.729999542236328,8.91333293914795,28118700
2014-01-27,7.218416213989258,8.713333129882812,8.789999961853027,8.630000114440918,8.696666717529297,22274100
2014-01-28,7.323351860046387,8.84000015258789,8.899999618530273,8.733332633972168,8.733332633972168,14726400
2014-01-29,7.2156572341918945,8.710000038146973,8.793333053588867,8.673333168029785,8.729999542236328,21857100
2014-01-30,7.392387866973877,8.923333168029785,8.956666946411133,8.793333053588867,8.803333282470703,16594500
2014-01-31,7.4310479164123535,8.970000267028809,9.020000457763672,8.756667137145996,8.803333282470703,22281300
2014-02-03,7.1852803230285645,8.673333168029785,9.020000457763672,8.613332748413086,8.976667404174805,28647000
2014-02-04,7.2764058113098145,8.783332824707031,8.846667289733887,8.666666984558105,8.69333267211914,26089800
2014-02-05,7.320588111877441,8.83666706085205,8.853333473205566,8.729999542236328,8.756667137145996,20205900
2014-02-06,7.464188575744629,9.010000228881836,9.023332595825195,8.866666793823242,8.880000114440918,15773700
2014-02-07,7.524937629699707,9.083333015441896,9.149999618530272,9.006667137145996,9.0600004196167,17080800
2014-02-10,7.475229263305664,9.023332595825195,9.07333278656006,8.966667175292969,9.063332557678224,13931700
2014-02-11,7.541502952575684,9.103333473205566,9.146666526794434,9.046667098999023,9.05666732788086,12549300
2014-02-12,7.563596725463867,9.130000114440918,9.18333339691162,9.076666831970217,9.126667022705078,14018700
2014-02-13,7.558075428009033,9.123332977294922,9.123332977294922,9.013333320617676,9.063332557678224,16610100
2014-02-14,7.60225772857666,9.17666721343994,9.196666717529297,9.09333324432373,9.103333473205566,17434500
2014-02-18,7.569123268127441,9.136667251586914,9.18000030517578,9.05666732788086,9.173333168029783,13071900
2014-02-19,7.480753898620605,9.029999732971191,9.196666717529297,9.020000457763672,9.096667289733888,22691400
2014-02-20,7.552551746368408,9.116666793823242,9.133333206176758,9.020000457763672,9.05666732788086,25436400
2014-02-21,7.544265747070312,9.106666564941406,9.206666946411133,9.103333473205566,9.143333435058594,16809900
2014-02-24,7.646440029144287,9.229999542236328,9.283332824707031,9.109999656677246,9.109999656677246,19576800
2014-02-25,7.541502952575684,9.103333473205566,9.239999771118164,9.083333015441896,9.220000267028809,20163300
2014-02-26,7.555389881134033,9.06999969482422,9.18333339691162,9.050000190734863,9.09333324432373,16743300
2014-02-27,7.624807357788086,9.153332710266112,9.16333293914795,9.026666641235352,9.050000190734863,15349500
2014-02-28,7.694223880767822,9.236666679382324,9.32333278656006,9.16333293914795,9.16333293914795,17991900
2014-03-03,7.663681507110596,9.199999809265137,9.25,9.116666793823242,9.173333168029783,17228400
2014-03-04,7.858052253723144,9.43333339691162,9.466667175292969,9.313332557678224,9.31999969482422,21824700
2014-03-05,7.924689769744873,9.513333320617676,9.553333282470703,9.446666717529297,9.479999542236328,18241800
2014-03-06,7.977447032928467,9.576666831970217,9.623332977294922,9.523332595825195,9.536666870117188,14980500
2014-03-07,8.016322135925293,9.623332977294922,9.699999809265137,9.59333324432373,9.673333168029783,16155300
2014-03-10,8.02187442779541,9.630000114440918,9.65666675567627,9.529999732971191,9.626667022705078,16714500
2014-03-11,8.007991790771484,9.613332748413086,9.686667442321776,9.5600004196167,9.65999984741211,18387600
2014-03-12,8.02187442779541,9.630000114440918,9.630000114440918,9.470000267028809,9.546667098999023,30820500
2014-03-13,7.9024763107299805,9.486666679382324,9.729999542236328,9.43333339691162,9.666666984558104,27000600
2014-03-14,7.880261421203613,9.460000038146973,9.523332595825195,9.420000076293944,9.516667366027832,16022400
2014-03-17,7.949680805206299,9.543333053588867,9.619999885559082,9.493332862854004,9.523332595825195,11649600
2014-03-18,7.980223655700684,9.579999923706056,9.613332748413086,9.550000190734863,9.563332557678224,9576000
2014-03-19,7.927467346191406,9.516667366027832,9.646666526794434,9.476667404174805,9.59333324432373,14943600
2014-03-20,7.949680805206299,9.543333053588867,9.616666793823242,9.483332633972168,9.493332862854004,12165900
2014-03-21,7.985780715942383,9.58666706085205,9.703332901000977,9.57333278656006,9.653332710266112,16802100
2014-03-24,7.966338634490967,9.563332557678224,9.68333339691162,9.493332862854004,9.623332977294922,17719800
2014-03-25,8.071855545043945,9.6899995803833,9.81666660308838,9.65999984741211,9.81666660308838,21999300
2014-03-26,7.955235958099365,9.550000190734863,9.739999771118164,9.550000190734863,9.726667404174805,16215900
2014-03-27,7.849716663360596,9.423333168029783,9.576666831970217,9.41333293914795,9.539999961853027,18337500
2014-03-28,7.935798168182373,9.526666641235352,9.563332557678224,9.460000038146973,9.463333129882812,11892900
2014-03-31,8.044088363647461,9.65666675567627,9.69333267211914,9.550000190734863,9.576666831970217,13233000
2014-04-01,8.085740089416504,9.706666946411133,9.723333358764648,9.626667022705078,9.6899995803833,12815700
2014-04-02,8.113506317138672,9.739999771118164,9.756667137145996,9.66333293914795,9.66333293914795,22186500
2014-04-03,8.077406883239746,9.696666717529297,9.710000038146973,9.553333282470703,9.666666984558104,20810400
2014-04-04,7.985780715942383,9.58666706085205,9.756667137145996,9.57333278656006,9.756667137145996,13557600
2014-04-07,7.883039474487305,9.463333129882812,9.633333206176758,9.423333168029783,9.533332824707031,13876800
2014-04-08,7.846941471099853,9.420000076293944,9.513333320617676,9.40999984741211,9.4399995803833,18343500
2014-04-09,7.916361808776855,9.50333309173584,9.510000228881836,9.43000030517578,9.446666717529297,12678600
2014-04-10,7.766419887542725,9.32333278656006,9.56999969482422,9.313332557678224,9.5,20157600
2014-04-11,7.777527809143066,9.33666706085205,9.41333293914795,9.263333320617676,9.286666870117188,23964600
2014-04-14,7.880261421203613,9.460000038146973,9.466667175292969,9.366666793823242,9.41333293914795,17067000
2014-04-15,7.855268955230713,9.43000030517578,9.513333320617676,9.303333282470703,9.423333168029783,44625900
2014-04-16,7.716440200805664,9.263333320617676,9.283332824707031,9.046667098999023,9.083333015441896,49463400
2014-04-17,7.816399574279785,9.383333206176758,9.416666984558104,9.213333129882812,9.25,25976100
2014-04-21,7.824730396270752,9.393333435058594,9.44333267211914,9.350000381469728,9.42666721343994,13813500
2014-04-22,7.833057880401611,9.403332710266112,9.479999542236328,9.396666526794434,9.399999618530272,19035000
2014-04-23,7.819178104400635,9.386667251586914,9.43000030517578,9.350000381469728,9.396666526794434,12463800
2014-04-24,7.885819911956787,9.466667175292969,9.506667137145996,9.353333473205566,9.436667442321776,15913800
2014-04-25,7.783077239990234,9.34333324432373,9.486666679382324,9.31666660308838,9.44333267211914,12513300
2014-04-28,7.816399574279785,9.383333206176758,9.43000030517578,9.286666870117188,9.386667251586914,11462700
2014-04-29,7.821952819824219,9.390000343322754,9.446666717529297,9.359999656677246,9.41333293914795,11373000
2014-04-30,7.835837841033935,9.40666675567627,9.453332901000977,9.34000015258789,9.386667251586914,18561600
2014-05-01,7.738654613494873,9.289999961853027,9.4399995803833,9.236666679382324,9.396666526794434,21174600
2014-05-02,7.727546215057373,9.276666641235352,9.369999885559082,9.263333320617676,9.283332824707031,16391100
2014-05-05,7.769192218780518,9.326666831970217,9.33666706085205,9.19333267211914,9.25,13613100
2014-05-06,7.755311012268066,9.3100004196167,9.373332977294922,9.279999732971191,9.279999732971191,19622100
2014-05-07,7.791410446166992,9.353333473205566,9.366666793823242,9.279999732971191,9.33666706085205,14380500
2014-05-08,7.87748384475708,9.456666946411133,9.476667404174805,9.363332748413086,9.363332748413086,14760600
2014-05-09,7.966338634490967,9.563332557678224,9.563332557678224,9.423333168029783,9.44333267211914,22032900
2014-05-12,8.094071388244629,9.716667175292969,9.723333358764648,9.5600004196167,9.583333015441896,19415100
2014-05-13,8.199583053588867,9.84333324432373,9.853333473205566,9.729999542236328,9.733332633972168,17117100
2014-05-14,8.152379035949707,9.786666870117188,9.876667022705078,9.74666690826416,9.876667022705078,15083700
2014-05-15,8.071855545043945,9.6899995803833,9.766667366027832,9.613332748413086,9.763333320617676,20341800
2014-05-16,8.12739086151123,9.756667137145996,9.756667137145996,9.670000076293944,9.710000038146973,13917600
2014-05-19,8.124612808227539,9.75333309173584,9.803333282470703,9.720000267028809,9.726667404174805,18600300
2014-05-20,8.107952117919922,9.733332633972168,9.786666870117188,9.666666984558104,9.75,23315400
2014-05-21,8.235679626464844,9.886667251586914,9.90666675567627,9.75,9.763333320617676,16119000
2014-05-22,8.177367210388184,9.81666660308838,9.899999618530272,9.8100004196167,9.883333206176758,12692700
2014-05-23,8.216453552246094,9.8100004196167,9.873332977294922,9.756667137145996,9.786666870117188,10697100
2014-05-27,8.185745239257812,9.773332595825195,9.873332977294922,9.763333320617676,9.84000015258789,14776200
2014-05-28,8.261122703552246,9.863332748413086,9.916666984558104,9.793333053588867,9.793333053588867,17261400
2014-05-29,8.241582870483398,9.84000015258789,9.916666984558104,9.793333053588867,9.899999618530272,14017800
2014-05-30,8.208081245422363,9.800000190734863,9.859999656677246,9.766667366027832,9.829999923706056,28925100
2014-06-02,8.249956130981445,9.850000381469728,9.869999885559082,9.783332824707031,9.81999969482422,11445900
2014-06-03,8.11315631866455,9.686667442321776,9.81999969482422,9.646666526794434,9.779999732971191,25263300
2014-06-04,8.129907608032227,9.706666946411133,9.75,9.65666675567627,9.68000030517578,18167400
2014-06-05,8.316964149475098,9.93000030517578,9.979999542236328,9.716667175292969,9.739999771118164,25506900
2014-06-06,8.484475135803223,10.130000114440918,10.149999618530272,9.93000030517578,9.94333267211914,21552600
2014-06-09,8.492853164672852,10.140000343322754,10.170000076293944,10.06666660308838,10.119999885559082,20094600
2014-06-10,8.478894233703613,10.123332977294922,10.133333206176758,10.046667098999023,10.116666793823242,14469000
2014-06-11,8.476099014282227,10.119999885559082,10.166666984558104,10.076666831970217,10.096667289733888,14050800
2014-06-12,8.372800827026367,9.99666690826416,10.113332748413086,9.966667175292969,10.106666564941406,18235800
2014-06-13,8.473308563232422,10.116666793823242,10.16333293914795,10.046667098999023,10.046667098999023,14538300
2014-06-16,8.44818115234375,10.08666706085205,10.116666793823242,10.039999961853027,10.08666706085205,15720300
2014-06-17,8.504018783569336,10.153332710266112,10.15999984741211,10.023332595825195,10.07333278656006,14710500
2014-06-18,8.5989408493042,10.266667366027832,10.276666641235352,10.133333206176758,10.16333293914795,16852800
2014-06-19,8.607317924499512,10.276666641235352,10.300000190734863,10.206666946411133,10.263333320617676,21282900
2014-06-20,8.654777526855469,10.333333015441896,10.356666564941406,10.276666641235352,10.32333278656006,17276400
2014-06-23,8.601733207702637,10.270000457763672,10.363332748413086,10.216667175292969,10.333333015441896,23863800
2014-06-24,8.450969696044922,10.09000015258789,10.30666732788086,10.079999923706056,10.260000228881836,26217000
2014-06-25,8.554271697998047,10.213333129882812,10.236666679382324,10.083333015441896,10.100000381469728,17866500
2014-06-26,8.557061195373535,10.216667175292969,10.220000267028809,10.09000015258789,10.220000267028809,17014800
2014-06-27,8.59056568145752,10.256667137145996,10.276666641235352,10.206666946411133,10.223333358764648,32035800
2014-06-30,8.601733207702637,10.270000457763672,10.376667022705078,10.243332862854004,10.25333309173584,22053600
2014-07-01,8.646400451660156,10.32333278656006,10.359999656677246,10.25333309173584,10.333333015441896,13389900
2014-07-02,8.660358428955078,10.34000015258789,10.390000343322754,10.32333278656006,10.34000015258789,12045000
2014-07-03,8.710611343383789,10.399999618530272,10.40666675567627,10.350000381469728,10.353333473205566,7536900
2014-07-07,8.657570838928223,10.33666706085205,10.376667022705078,10.279999732971191,10.34333324432373,13711800
2014-07-08,8.626860618591309,10.300000190734863,10.393333435058594,10.256667137145996,10.34333324432373,19323300
2014-07-09,8.682696342468262,10.366666793823242,10.393333435058594,10.313332557678224,10.32333278656006,15037200
2014-07-10,8.610107421875,10.279999732971191,10.353333473205566,10.256667137145996,10.270000457763672,20471400
2014-07-11,8.654777526855469,10.333333015441896,10.350000381469728,10.25,10.296667098999023,16761300
2014-07-14,8.663153648376465,10.34333324432373,10.399999618530272,10.32333278656006,10.363332748413086,23487300
2014-07-15,8.696656227111816,10.383333206176758,10.40666675567627,10.289999961853027,10.329999923706056,31490400
2014-07-16,8.707822799682617,10.396666526794434,10.43333339691162,10.199999809265137,10.283332824707031,34885200
2014-07-17,8.587772369384766,10.25333309173584,10.43000030517578,10.24666690826416,10.356666564941406,18976200
2014-07-18,8.679903984069824,10.363332748413086,10.380000114440918,10.286666870117188,10.303333282470703,14592600
2014-07-21,8.693865776062012,10.380000114440918,10.40999984741211,10.333333015441896,10.353333473205566,14503800
2014-07-22,8.752494812011719,10.449999809265137,10.529999732971191,10.43000030517578,10.44333267211914,20426400
2014-07-23,8.691072463989258,10.376667022705078,10.486666679382324,10.359999656677246,10.449999809265137,14967900
2014-07-24,8.682696342468262,10.366666793823242,10.43333339691162,10.363332748413086,10.386667251586914,10674900
2014-07-25,8.654777526855469,10.333333015441896,10.420000076293944,10.3100004196167,10.356666564941406,10662900
2014-07-28,8.57939624786377,10.243332862854004,10.356666564941406,10.216667175292969,10.34333324432373,19216800
2014-07-29,8.520770072937012,10.173333168029783,10.260000228881836,10.146666526794434,10.243332862854004,22905000
2014-07-30,8.504018783569336,10.153332710266112,10.256667137145996,10.113332748413086,10.206666946411133,14425500
2014-07-31,8.353254318237305,9.973333358764648,10.103333473205566,9.960000038146973,10.083333015441896,17412000
2014-08-01,8.261122703552246,9.863332748413086,10.0,9.786666870117188,9.960000038146973,26000400
2014-08-04,8.297426223754883,9.90666675567627,9.90999984741211,9.796667098999023,9.873332977294922,18309000
2014-08-05,8.216453552246094,9.8100004196167,9.923333168029783,9.75333309173584,9.84000015258789,19108800
2014-08-06,8.182955741882324,9.770000457763672,9.8100004196167,9.6899995803833,9.75,16724700
2014-08-07,8.17178726196289,9.756667137145996,9.83666706085205,9.729999542236328,9.796667098999023,17470800
2014-08-08,8.247167587280273,9.846667289733888,9.859999656677246,9.723333358764648,9.760000228881836,15704400
2014-08-11,8.319754600524902,9.93333339691162,10.020000457763672,9.873332977294922,9.896666526794434,15720600
2014-08-12,8.272293090820312,9.876667022705078,9.983332633972168,9.84000015258789,9.876667022705078,16167000
2014-08-13,8.297426223754883,9.90666675567627,9.963333129882812,9.880000114440918,9.93000030517578,13554300
2014-08-14,8.420262336730957,10.053333282470703,10.053333282470703,9.920000076293944,9.923333168029783,16313100
2014-08-15,8.437013626098633,10.07333278656006,10.096667289733888,9.976667404174805,10.096667289733888,16149900
2014-08-18,8.554271697998047,10.213333129882812,10.216667175292969,10.123332977294922,10.136667251586914,13935300
2014-08-19,8.537517547607422,10.19333267211914,10.296667098999023,10.18000030517578,10.243332862854004,16521000
2014-08-20,8.618481636047363,10.289999961853027,10.303333282470703,10.199999809265137,10.203332901000977,18555600
2014-08-21,8.55147933959961,10.210000038146973,10.329999923706056,10.186667442321776,10.31666660308838,16535400
2014-08-22,8.57381534576416,10.236666679382324,10.263333320617676,10.186667442321776,10.213333129882812,11117100
2014-08-25,8.58219051361084,10.24666690826416,10.283332824707031,10.229999542236328,10.283332824707031,11920200
2014-08-26,8.607317924499512,10.276666641235352,10.313332557678224,10.260000228881836,10.283332824707031,14827800
2014-08-27,8.638187408447266,10.260000228881836,10.303333282470703,10.24666690826416,10.25333309173584,9351900
2014-08-28,8.63537883758545,10.256667137145996,10.266667366027832,10.18000030517578,10.24666690826416,8775300
2014-08-29,8.674668312072754,10.303333282470703,10.30666732788086,10.229999542236328,10.260000228881836,10367400
2014-09-02,8.716768264770508,10.353333473205566,10.43333339691162,10.31666660308838,10.326666831970217,10848300
2014-09-03,8.730796813964844,10.369999885559082,10.460000038146973,10.353333473205566,10.399999618530272,19330500
2014-09-04,8.758864402770996,10.403332710266112,10.5,10.353333473205566,10.390000343322754,16395600
2014-09-05,8.837443351745605,10.49666690826416,10.5,10.363332748413086,10.41333293914795,12465300
2014-09-08,8.753247261047363,10.396666526794434,10.49666690826416,10.366666793823242,10.483332633972168,10959000
2014-09-09,8.727993965148926,10.366666793823242,10.420000076293944,10.33666706085205,10.403332710266112,9396000
2014-09-10,8.699928283691406,10.333333015441896,10.446666717529297,10.303333282470703,10.399999618530272,12907500
2014-09-11,8.800958633422852,10.453332901000977,10.460000038146973,10.303333282470703,10.333333015441896,21485100
2014-09-12,8.781312942504883,10.43000030517578,10.483332633972168,10.373332977294922,10.466667175292969,19529400
2014-09-15,8.837443351745605,10.49666690826416,10.506667137145996,10.40999984741211,10.456666946411133,13263000
2014-09-16,8.944085121154785,10.623332977294922,10.633333206176758,10.466667175292969,10.50333309173584,14238000
2014-09-17,9.075993537902832,10.779999732971191,10.81999969482422,10.633333206176758,10.633333206176758,25827900
2014-09-18,9.090021133422852,10.796667098999023,10.83666706085205,10.756667137145996,10.789999961853027,11248500
2014-09-19,9.10966682434082,10.81999969482422,10.886667251586914,10.766667366027832,10.873332977294922,16134300
2014-09-22,8.997411727905273,10.686667442321776,10.833333015441896,10.67666721343994,10.80666732788086,16958700
2014-09-23,8.90199089050293,10.57333278656006,10.686667442321776,10.57333278656006,10.65999984741211,15065700
2014-09-24,8.991795539855957,10.68000030517578,10.703332901000977,10.58666706085205,10.596667289733888,22836300
2014-09-25,8.918829917907715,10.59333324432373,10.68000030517578,10.539999961853027,10.67666721343994,17915100
2014-09-26,9.070374488830566,10.773332595825195,10.83666706085205,10.59000015258789,10.596667289733888,18771000
2014-09-29,9.053536415100098,10.75333309173584,10.783332824707031,10.626667022705078,10.66333293914795,13996500
2014-09-30,8.997411727905273,10.686667442321776,10.826666831970217,10.666666984558104,10.733332633972168,18346500
2014-10-01,8.725184440612793,10.363332748413086,10.630000114440918,10.263333320617676,10.619999885559082,31692000
2014-10-02,8.795344352722168,10.446666717529297,10.483332633972168,10.31999969482422,10.41333293914795,25561200
2014-10-03,8.960925102233887,10.643333435058594,10.670000076293944,10.513333320617676,10.546667098999023,13150200
2014-10-06,9.000214576721191,10.6899995803833,10.776666641235352,10.666666984558104,10.716667175292969,19306500
2014-10-07,8.727993965148926,10.366666793823242,10.633333206176758,10.359999656677246,10.633333206176758,17127000
2014-10-08,8.837443351745605,10.49666690826416,10.513333320617676,10.236666679382324,10.353333473205566,22261800
2014-10-09,8.624154090881348,10.243332862854004,10.486666679382324,10.210000038146973,10.42666721343994,23151900
2014-10-10,8.402444839477539,9.979999542236328,10.256667137145996,9.916666984558104,10.256667137145996,36757800
2014-10-13,8.896379470825195,10.56666660308838,11.363332748413086,10.536666870117188,11.170000076293944,121004700
2014-10-14,9.151763916015623,10.869999885559082,10.99666690826416,10.59333324432373,10.59333324432373,57228000
2014-10-15,9.255599975585938,10.993332862854004,11.083333015441896,10.333333015441896,10.33666706085205,48272400
2014-10-16,9.255599975585938,10.993332862854004,11.24666690826416,10.829999923706056,10.880000114440918,45922800
2014-10-17,9.502569198608398,11.286666870117188,11.333333015441896,11.079999923706056,11.09000015258789,30431100
2014-10-20,9.404340744018556,11.170000076293944,11.196666717529297,10.776666641235352,10.789999961853027,57864300
2014-10-21,9.597984313964844,11.399999618530272,11.473333358764648,11.226667404174805,11.273332595825195,39155100
2014-10-22,9.536245346069336,11.326666831970217,11.43000030517578,11.236666679382324,11.366666793823242,36181500
2014-10-23,9.77198314666748,11.606666564941406,11.786666870117188,11.476667404174805,11.489999771118164,26751600
2014-10-24,9.906693458557127,11.766667366027832,11.779999732971191,11.543333053588867,11.623332977294922,15247500
2014-10-27,9.814078330993652,11.65666675567627,11.789999961853027,11.59333324432373,11.75333309173584,17376300
2014-10-28,9.903884887695312,11.763333320617676,11.833333015441896,11.65666675567627,11.723333358764648,16620900
2014-10-29,9.934758186340332,11.800000190734863,11.833333015441896,11.646666526794434,11.766667366027832,16394400
2014-10-30,9.903884887695312,11.763333320617676,11.890000343322754,11.673333168029783,11.796667098999023,20257200
2014-10-31,9.99930477142334,11.876667022705078,11.983332633972168,11.81999969482422,11.90999984741211,18761100
2014-11-03,9.926337242126465,11.789999961853027,11.916666984558104,11.686667442321776,11.91333293914795,16416300
2014-11-04,9.71024227142334,11.533332824707031,11.760000228881836,11.526666641235352,11.609999656677246,51945600
2014-11-05,9.70462703704834,11.526666641235352,11.59333324432373,11.463333129882812,11.543333053588867,44568600
2014-11-06,9.858983993530272,11.710000038146973,11.74666690826416,11.546667098999023,11.546667098999023,18145500
2014-11-07,9.948786735534668,11.81666660308838,11.859999656677246,11.739999771118164,11.739999771118164,35679900
2014-11-10,10.260298728942873,12.186667442321776,12.19333267211914,11.866666793823242,11.873332977294922,22618500
2014-11-11,10.302398681640623,12.236666679382324,12.25333309173584,12.109999656677246,12.18333339691162,19565400
2014-11-12,10.31923484802246,12.256667137145996,12.279999732971191,12.133333206176758,12.18333339691162,21712500
2014-11-13,10.279947280883787,12.210000038146973,12.31999969482422,12.143333435058594,12.279999732971191,14917200
2014-11-14,10.324848175048828,12.263333320617676,12.283332824707031,12.170000076293944,12.1899995803833,11684400
2014-11-17,10.291173934936523,12.223333358764648,12.256667137145996,12.153332710266112,12.19333267211914,9368100
2014-11-18,10.291173934936523,12.223333358764648,12.296667098999023,12.136667251586914,12.136667251586914,13134000
2014-11-19,10.347302436828612,12.289999961853027,12.300000190734863,12.103333473205566,12.203332901000977,12682200
2014-11-20,10.465173721313477,12.43000030517578,12.43333339691162,12.229999542236328,12.263333320617676,13161000
2014-11-21,10.540946006774902,12.520000457763672,12.56999969482422,12.453332901000977,12.56666660308838,16328400
2014-11-24,10.63074779510498,12.626667022705078,12.646666526794434,12.550000190734863,12.550000190734863,13897500
2014-11-25,10.67584228515625,12.626667022705078,12.66333293914795,12.583333015441896,12.603333473205566,11691600
2014-11-26,10.68429946899414,12.636667251586914,12.66333293914795,12.576666831970217,12.609999656677246,7674000
2014-11-28,10.284097671508787,12.16333293914795,12.630000114440918,12.106666564941406,12.613332748413086,20153100
2014-12-01,9.881075859069824,11.686667442321776,12.023332595825195,11.539999961853027,11.983332633972168,41564400
2014-12-02,10.275640487670898,12.153332710266112,12.170000076293944,11.533332824707031,11.550000190734863,36031200
2014-12-03,10.50110912322998,12.420000076293944,12.479999542236328,12.186667442321776,12.19333267211914,28527300
2014-12-04,10.298189163208008,12.18000030517578,12.510000228881836,12.123332977294922,12.43333339691162,22681500
2014-12-05,10.413738250732422,12.31666660308838,12.449999809265137,12.210000038146973,12.216667175292969,16520400
2014-12-08,10.103721618652344,11.949999809265137,12.270000457763672,11.93000030517578,12.220000267028809,20766900
2014-12-09,10.20236587524414,12.06666660308838,12.076666831970217,11.75,11.783332824707031,19594200
2014-12-10,9.86134433746338,11.66333293914795,12.046667098999023,11.626667022705078,12.013333320617676,20288700
2014-12-11,9.97126007080078,11.793333053588867,11.916666984558104,11.716667175292969,11.726667404174805,20312100
2014-12-12,9.819072723388672,11.613332748413086,11.90999984741211,11.606666564941406,11.686667442321776,17112000
2014-12-15,9.731703758239746,11.510000228881836,11.800000190734863,11.446666717529297,11.696666717529297,24417900
2014-12-16,9.771160125732422,11.55666732788086,11.866666793823242,11.470000267028809,11.476667404174805,17833500
2014-12-17,10.081174850463867,11.923333168029783,11.956666946411133,11.449999809265137,11.57333278656006,23951700
2014-12-18,10.162909507751465,12.020000457763672,12.216667175292969,11.970000267028809,12.116666793823242,30054900
2014-12-19,10.078361511230469,11.920000076293944,12.079999923706056,11.916666984558104,11.949999809265137,35394600
2014-12-22,10.267184257507324,12.143333435058594,12.16333293914795,11.983332633972168,11.989999771118164,14400900
2014-12-23,10.3235502243042,12.210000038146973,12.25333309173584,12.100000381469728,12.223333358764648,10636200
2014-12-24,10.303820610046388,12.186667442321776,12.25,12.15999984741211,12.216667175292969,4712100
2014-12-26,10.337645530700684,12.226667404174805,12.283332824707031,12.206666946411133,12.239999771118164,5343300
2014-12-29,10.37428379058838,12.270000457763672,12.31999969482422,12.149999618530272,12.18333339691162,8652000
2014-12-30,10.267184257507324,12.143333435058594,12.243332862854004,12.116666793823242,12.236666679382324,12268200
2014-12-31,10.210819244384766,12.076666831970217,12.1899995803833,12.053333282470703,12.17666721343994,14589000
2015-01-02,10.103721618652344,11.949999809265137,12.149999618530272,11.833333015441896,12.036666870117188,14064900
2015-01-05,9.830345153808594,11.626667022705078,11.846667289733888,11.59333324432373,11.800000190734863,25873500
2015-01-06,9.438592910766602,11.16333293914795,11.50333309173584,11.113332748413086,11.446666717529297,43623900
2015-01-07,9.562602043151855,11.3100004196167,11.399999618530272,11.100000381469728,11.260000228881836,29139900
2015-01-08,9.71479606628418,11.489999771118164,11.56999969482422,11.283332824707031,11.383333206176758,28705800
2015-01-09,9.695063591003418,11.466667175292969,11.56666660308838,11.403332710266112,11.523332595825195,25128600
2015-01-12,9.556965827941896,11.303333282470703,11.40666675567627,11.24666690826416,11.393333435058594,31367100
2015-01-13,9.45550537109375,11.18333339691162,11.43000030517578,11.029999732971191,11.356666564941406,29739000
2015-01-14,9.483691215515137,11.216667175292969,11.386667251586914,11.00333309173584,11.039999961853027,35363100
2015-01-15,9.613335609436035,11.369999885559082,11.543333053588867,11.239999771118164,11.270000457763672,29491200
2015-01-16,9.824705123901367,11.619999885559082,11.643333435058594,11.380000114440918,11.386667251586914,25190400
2015-01-20,9.734519004821776,11.513333320617676,11.713333129882812,11.476667404174805,11.613332748413086,18840900
2015-01-21,9.779611587524414,11.56666660308838,11.666666984558104,11.456666946411133,11.50333309173584,14171700
2015-01-22,9.93462085723877,11.75,11.81666660308838,11.609999656677246,11.670000076293944,17028600
2015-01-23,9.71479606628418,11.489999771118164,11.6899995803833,11.473333358764648,11.673333168029783,17928600
2015-01-26,9.852890014648438,11.653332710266112,11.666666984558104,11.460000038146973,11.483332633972168,14484600
2015-01-27,9.67251682281494,11.4399995803833,11.579999923706056,11.376667022705078,11.526666641235352,17757300
2015-01-28,9.497779846191406,11.233332633972168,11.583333015441896,11.206666946411133,11.550000190734863,26461200
2015-01-29,9.514690399169922,11.25333309173584,11.286666870117188,11.113332748413086,11.233332633972168,22358700
2015-01-30,9.385045051574709,11.100000381469728,11.289999961853027,11.083333015441896,11.17666721343994,23018700
2015-02-02,9.492142677307127,11.226667404174805,11.233332633972168,11.06999969482422,11.15666675567627,18465000
2015-02-03,9.768341064453123,11.553333282470703,11.56999969482422,11.270000457763672,11.286666870117188,18353100
2015-02-04,9.742975234985352,11.523332595825195,11.59333324432373,11.4399995803833,11.5,17049900
2015-02-05,9.920530319213867,11.733332633972168,11.74666690826416,11.536666870117188,11.536666870117188,15269400
2015-02-06,9.988171577453612,11.813332557678224,11.896666526794434,11.739999771118164,11.756667137145996,20937600
2015-02-09,9.948715209960938,11.766667366027832,11.859999656677246,11.733332633972168,11.763333320617676,14359500
2015-02-10,10.01353645324707,11.84333324432373,11.880000114440918,11.720000267028809,11.81666660308838,12134700
2015-02-11,10.12908935546875,11.979999542236328,12.079999923706056,11.796667098999023,11.796667098999023,19672200
2015-02-12,10.306640625,12.1899995803833,12.203332901000977,12.006667137145996,12.013333320617676,15580500
2015-02-13,10.168542861938477,12.026666641235352,12.31666660308838,11.960000038146973,12.213333129882812,22869900
2015-02-17,10.103721618652344,11.949999809265137,11.983332633972168,11.633333206176758,11.633333206176758,20197500
2015-02-18,9.974079132080078,11.796667098999023,11.966667175292969,11.763333320617676,11.960000038146973,23187300
2015-02-19,10.01353645324707,11.84333324432373,11.92666721343994,11.713333129882812,11.733332633972168,18409800
2015-02-20,10.019172668457031,11.850000381469728,11.896666526794434,11.720000267028809,11.803333282470703,17373900
2015-02-23,10.081174850463867,11.923333168029783,11.92666721343994,11.80666732788086,11.866666793823242,11580000
2015-02-24,10.024808883666992,11.856666564941406,11.936667442321776,11.84000015258789,11.91333293914795,8919600
2015-02-25,9.96818733215332,11.736666679382324,11.883333206176758,11.726667404174805,11.846667289733888,17658000
2015-02-26,9.713394165039062,11.436667442321776,11.796667098999023,11.42666721343994,11.763333320617676,29932800
2015-02-27,9.713394165039062,11.436667442321776,11.59000015258789,11.380000114440918,11.5,34042500
2015-03-02,9.815311431884766,11.55666732788086,11.56999969482422,11.436667442321776,11.436667442321776,25589400
2015-03-03,9.6596040725708,11.373332977294922,11.456666946411133,11.350000381469728,11.43000030517578,20190300
2015-03-04,9.69357204437256,11.41333293914795,11.42666721343994,11.220000267028809,11.333333015441896,37623300
2015-03-05,9.59165096282959,11.293333053588867,11.390000343322754,11.260000228881836,11.373332977294922,21197100
2015-03-06,9.5350341796875,11.226667404174805,11.31666660308838,11.18333339691162,11.199999809265137,20794800
2015-03-09,9.611470222473145,11.31666660308838,11.34000015258789,11.19333267211914,11.19333267211914,16678200
2015-03-10,9.464256286621094,11.143333435058594,11.24666690826416,11.143333435058594,11.186667442321776,23778600
2015-03-11,9.529372215270996,11.220000267028809,11.279999732971191,11.15666675567627,11.199999809265137,13690200
2015-03-12,9.676587104797363,11.393333435058594,11.436667442321776,11.266667366027832,11.266667366027832,16527900
2015-03-13,9.662432670593262,11.376667022705078,11.399999618530272,11.25333309173584,11.369999885559082,24512400
2015-03-16,9.812479972839355,11.553333282470703,11.5600004196167,11.40666675567627,11.456666946411133,17276100
2015-03-17,9.803984642028809,11.543333053588867,11.576666831970217,11.463333129882812,11.473333358764648,13130100
2015-03-18,9.925724983215332,11.686667442321776,11.729999542236328,11.43333339691162,11.5,17675100
2015-03-19,9.8379545211792,11.583333015441896,11.68333339691162,11.510000228881836,11.636667251586914,14147400
2015-03-20,9.954031944274902,11.720000267028809,11.783332824707031,11.630000114440918,11.630000114440918,36818400
2015-03-23,9.540696144104004,11.233332633972168,11.666666984558104,11.213333129882812,11.66333293914795,28091700
2015-03-24,9.557683944702148,11.25333309173584,11.383333206176758,11.15666675567627,11.216667175292969,28136100
2015-03-25,9.430283546447754,11.103333473205566,11.329999923706056,11.100000381469728,11.31999969482422,23928600
2015-03-26,9.418959617614746,11.09000015258789,11.143333435058594,10.903332710266112,11.029999732971191,29501700
2015-03-27,9.399142265319824,11.06666660308838,11.08666706085205,10.923333168029783,11.053333282470703,19771500
2015-03-30,9.441609382629396,11.116666793823242,11.199999809265137,11.083333015441896,11.113332748413086,22002600
2015-03-31,9.376493453979492,11.039999961853027,11.116666793823242,10.94333267211914,11.079999923706056,27283800
2015-04-01,9.469919204711914,11.149999618530272,11.199999809265137,10.986666679382324,11.06666660308838,29935500
2015-04-02,9.433114051818848,11.106666564941406,11.133333206176758,10.979999542236328,11.09333324432373,27771900
2015-04-06,9.410467147827148,11.079999923706056,11.143333435058594,10.993332862854004,10.993332862854004,20483100
2015-04-07,9.49822998046875,11.18333339691162,11.223333358764648,11.05666732788086,11.146666526794434,19677300
2015-04-08,9.413297653198242,11.083333015441896,11.220000267028809,11.06999969482422,11.186667442321776,20301900
2015-04-09,9.566174507141112,11.263333320617676,11.283332824707031,11.103333473205566,11.113332748413086,19499700
2015-04-10,9.554852485656738,11.25,11.359999656677246,11.239999771118164,11.31666660308838,24009000
2015-04-13,9.365171432495115,11.026666641235352,11.239999771118164,11.00333309173584,11.18333339691162,24847800
2015-04-14,9.401976585388184,11.06999969482422,11.08666706085205,10.623332977294922,10.623332977294922,57097800
2015-04-15,9.302886962890623,10.953332901000977,11.373332977294922,10.9399995803833,11.239999771118164,42474000
2015-04-16,9.17832088470459,10.80666732788086,10.880000114440918,10.649999618530272,10.84000015258789,33419700
2015-04-17,9.427450180053713,11.100000381469728,11.103333473205566,10.739999771118164,10.74666690826416,46086300
2015-04-20,9.877593040466309,11.630000114440918,11.666666984558104,11.036666870117188,11.113332748413086,64057500
2015-04-21,10.007823944091797,11.783332824707031,11.890000343322754,11.203332901000977,11.630000114440918,84293100
2015-04-22,10.265450477600098,12.08666706085205,12.146666526794434,11.760000228881836,11.760000228881836,75699300
2015-04-23,10.443808555603027,12.296667098999023,12.41333293914795,11.946666717529297,11.956666946411133,46372800
2015-04-24,10.508919715881348,12.373332977294922,12.399999618530272,12.09000015258789,12.273332595825195,34778100
2015-04-27,10.449468612670898,12.303333282470703,12.513333320617676,12.239999771118164,12.359999656677246,44743500
2015-04-28,10.421161651611328,12.270000457763672,12.33666706085205,12.16333293914795,12.273332595825195,25688400
2015-04-29,10.460793495178224,12.31666660308838,12.346667289733888,12.083333015441896,12.24666690826416,33929100
2015-04-30,10.217325210571287,12.029999732971191,12.25333309173584,11.99666690826416,12.216667175292969,26618100
2015-05-01,10.60517406463623,12.486666679382324,12.55666732788086,12.100000381469728,12.140000343322754,46997100
2015-05-04,10.364537239074709,12.203332901000977,12.546667098999023,12.006667137145996,12.486666679382324,59545800
2015-05-05,10.024808883666992,11.803333282470703,12.239999771118164,11.773332595825195,12.146666526794434,39083400
2015-05-06,10.092755317687988,11.883333206176758,12.020000457763672,11.67666721343994,11.81666660308838,31162200
2015-05-07,10.16636085510254,11.970000267028809,12.103333473205566,11.81999969482422,11.876667022705078,24929400
2015-05-08,10.384354591369627,12.226667404174805,12.386667251586914,12.08666706085205,12.130000114440918,34966500
2015-05-11,10.208827018737791,12.020000457763672,12.270000457763672,12.010000228881836,12.166666984558104,21507900
2015-05-12,10.104076385498049,11.896666526794434,12.020000457763672,11.826666831970217,11.956666946411133,20659500
2015-05-13,9.846449851989746,11.59333324432373,12.023332595825195,11.57333278656006,11.90999984741211,32054400
2015-05-14,9.880422592163086,11.633333206176758,11.739999771118164,11.436667442321776,11.510000228881836,44486400
2015-05-15,10.050289154052734,11.833333015441896,11.833333015441896,11.600000381469728,11.630000114440918,31484700
2015-05-18,10.11540412902832,11.90999984741211,11.986666679382324,11.726667404174805,11.783332824707031,24857400
2015-05-19,10.07859992980957,11.866666793823242,12.013333320617676,11.84000015258789,11.90666675567627,14583000
2015-05-20,9.985173225402832,11.756667137145996,11.890000343322754,11.706666946411133,11.796667098999023,24356100
2015-05-21,10.064444541931152,11.850000381469728,11.956666946411133,11.716667175292969,11.75333309173584,23838900
2015-05-22,10.041793823242188,11.82333278656006,11.886667251586914,11.763333320617676,11.80666732788086,12966300
2015-05-26,9.846449851989746,11.59333324432373,11.80666732788086,11.57333278656006,11.75333309173584,18245100
2015-05-27,9.988740921020508,11.699999809265137,11.74666690826416,11.550000190734863,11.643333435058594,18525000
2015-05-28,9.880603790283203,11.57333278656006,11.68333339691162,11.460000038146973,11.670000076293944,13022700
2015-05-29,9.698467254638672,11.359999656677246,11.59333324432373,11.329999923706056,11.58666706085205,25826700
2015-06-01,9.744001388549805,11.41333293914795,11.489999771118164,11.31666660308838,11.40999984741211,24684900
2015-06-02,9.70416259765625,11.366666793823242,11.479999542236328,11.32333278656006,11.390000343322754,19204500
2015-06-03,9.70416259765625,11.366666793823242,11.520000457763672,11.346667289733888,11.363332748413086,20817900
2015-06-04,9.687087059020996,11.346667289733888,11.436667442321776,11.283332824707031,11.296667098999023,22477200
2015-06-05,9.79807472229004,11.476667404174805,11.513333320617676,11.33666706085205,11.346667289733888,13286700
2015-06-08,9.68424129486084,11.34333324432373,11.436667442321776,11.260000228881836,11.43000030517578,20123400
2015-06-09,9.607406616210938,11.25333309173584,11.356666564941406,11.213333129882812,11.3100004196167,13051200
2015-06-10,9.667166709899902,11.32333278656006,11.34000015258789,11.229999542236328,11.289999961853027,17925900
2015-06-11,9.951745986938477,11.65666675567627,11.826666831970217,11.3100004196167,11.34000015258789,32695500
2015-06-12,9.88913631439209,11.583333015441896,11.873332977294922,11.536666870117188,11.576666831970217,24466200
2015-06-15,9.866373062133787,11.55666732788086,11.673333168029783,11.476667404174805,11.516667366027832,12455700
2015-06-16,9.84075927734375,11.526666641235352,11.643333435058594,11.473333358764648,11.56666660308838,18241800
2015-06-17,9.909058570861816,11.606666564941406,11.653332710266112,11.483332633972168,11.533332824707031,19049700
2015-06-18,10.113956451416016,11.846667289733888,11.890000343322754,11.65666675567627,11.65666675567627,25009500
2015-06-19,9.957437515258787,11.66333293914795,11.850000381469728,11.66333293914795,11.796667098999023,27218100
2015-06-22,9.974513053894045,11.68333339691162,11.800000190734863,11.649999618530272,11.739999771118164,22659900
2015-06-23,9.92044162750244,11.619999885559082,11.8100004196167,11.596667289733888,11.743332862854004,27351600
2015-06-24,9.644399642944336,11.296667098999023,11.653332710266112,11.24666690826416,11.58666706085205,49961700
2015-06-25,9.590331077575684,11.233332633972168,11.386667251586914,11.226667404174805,11.33666706085205,23745900
2015-06-26,9.581796646118164,11.223333358764648,11.293333053588867,11.119999885559082,11.239999771118164,33224400
2015-06-29,9.243144035339355,10.826666831970217,11.210000038146973,10.82333278656006,11.113332748413086,44521200
2015-06-30,9.291522979736328,10.883333206176758,10.973333358764648,10.800000190734863,10.93000030517578,33140100
2015-07-01,9.362667083740234,10.966667175292969,11.053333282470703,10.903332710266112,10.976667404174805,18606900
2015-07-02,9.30006504058838,10.893333435058594,11.050000190734863,10.876667022705078,11.026666641235352,20205900
2015-07-06,9.248831748962402,10.833333015441896,10.91333293914795,10.733332633972168,10.789999961853027,18110400
2015-07-07,9.331365585327148,10.93000030517578,10.986666679382324,10.716667175292969,10.856666564941406,25580400
2015-07-08,9.046783447265623,10.596667289733888,10.856666564941406,10.57333278656006,10.81666660308838,20448000
2015-07-09,9.078084945678713,10.633333206176758,10.829999923706056,10.630000114440918,10.706666946411133,20628300
2015-07-10,9.143540382385254,10.710000038146973,10.793333053588867,10.65666675567627,10.773332595825195,18077400
2015-07-13,9.078084945678713,10.633333206176758,10.793333053588867,10.626667022705078,10.783332824707031,30811500
2015-07-14,9.126466751098633,10.6899995803833,10.773332595825195,10.626667022705078,10.636667251586914,37285200
2015-07-15,9.220376014709473,10.800000190734863,11.033332824707031,10.729999542236328,10.94333267211914,43313700
2015-07-16,9.154924392700195,10.723333358764648,10.920000076293944,10.6899995803833,10.916666984558104,20745000
2015-07-17,9.157769203186035,10.726667404174805,10.826666831970217,10.616666793823242,10.770000457763672,19926600
2015-07-20,9.106544494628906,10.666666984558104,10.81999969482422,10.653332710266112,10.763333320617676,18604200
2015-07-21,9.066702842712402,10.619999885559082,10.763333320617676,10.516667366027832,10.673333168029783,23186100
2015-07-22,8.984174728393555,10.523332595825195,10.68333339691162,10.393333435058594,10.630000114440918,26603400
2015-07-23,8.779278755187988,10.283332824707031,10.526666641235352,10.220000267028809,10.510000228881836,22406100
2015-07-24,8.76789665222168,10.270000457763672,10.390000343322754,10.216667175292969,10.283332824707031,22788300
2015-07-27,8.6853666305542,10.173333168029783,10.30666732788086,10.133333206176758,10.203332901000977,22007400
2015-07-28,8.844730377197266,10.359999656677246,10.383333206176758,10.239999771118164,10.24666690826416,21903600
2015-07-29,8.961409568786621,10.49666690826416,10.513333320617676,10.33666706085205,10.363332748413086,20648100
2015-07-30,8.952874183654785,10.486666679382324,10.513333320617676,10.43333339691162,10.463333129882812,16928700
2015-07-31,8.90164852142334,10.42666721343994,10.539999961853027,10.396666526794434,10.49666690826416,17218800
2015-08-03,8.861807823181152,10.380000114440918,10.449999809265137,10.300000190734863,10.446666717529297,17250900
2015-08-04,8.784969329833984,10.289999961853027,10.453332901000977,10.229999542236328,10.380000114440918,19857300
2015-08-05,8.753665924072266,10.25333309173584,10.420000076293944,10.24666690826416,10.356666564941406,11432100
2015-08-06,8.65975570678711,10.143333435058594,10.25333309173584,10.076666831970217,10.25333309173584,21230400
2015-08-07,8.526002883911133,9.986666679382324,10.140000343322754,9.94333267211914,10.119999885559082,15720300
2015-08-10,8.605685234069824,10.079999923706056,10.143333435058594,10.053333282470703,10.05666732788086,18741600
2015-08-11,8.34671401977539,9.776666641235352,10.023332595825195,9.739999771118164,9.993332862854004,38609400
2015-08-12,8.40079116821289,9.84000015258789,9.869999885559082,9.576666831970217,9.706666946411133,26020500
2015-08-13,8.36379337310791,9.796667098999023,9.893333435058594,9.786666870117188,9.83666706085205,13495500
2015-08-14,8.42924690246582,9.873332977294922,9.893333435058594,9.793333053588867,9.796667098999023,9963900
2015-08-17,8.446317672729492,9.893333435058594,9.903332710266112,9.770000457763672,9.83666706085205,16440600
2015-08-18,8.42924690246582,9.873332977294922,9.916666984558104,9.850000381469728,9.896666526794434,13631700
2015-08-19,8.230040550231934,9.640000343322754,9.829999923706056,9.606666564941406,9.779999732971191,19258200
2015-08-20,8.070674896240234,9.453332901000977,9.619999885559082,9.449999809265137,9.516667366027832,22094400
2015-08-21,7.791787624359131,9.126667022705078,9.423333168029783,9.123332977294922,9.356666564941406,29924100
2015-08-24,7.4759039878845215,8.756667137145996,8.983332633972168,8.15666675567627,8.24666690826416,51795300
2015-08-25,7.202709197998047,8.436667442321777,9.029999732971191,8.430000305175781,9.020000457763672,39345600
2015-08-26,7.504361152648926,8.789999961853027,8.8100004196167,8.536666870117188,8.710000038146973,46709700
2015-08-27,7.876856327056885,9.16333293914795,9.170000076293944,8.833333015441895,8.890000343322754,41775300
2015-08-28,7.965684413909912,9.266667366027832,9.286666870117188,9.08666706085205,9.133333206176758,29868600
2015-08-31,7.845337867736816,9.126667022705078,9.223333358764648,9.100000381469728,9.203332901000977,18423600
2015-09-01,7.659087181091309,8.90999984741211,8.983332633972168,8.859999656677246,8.896666526794434,23553300
2015-09-02,7.733588695526123,8.99666690826416,9.063332557678224,8.846667289733887,9.023332595825195,18489600
2015-09-03,7.816685676574707,9.09333324432373,9.166666984558104,9.006667137145996,9.020000457763672,24160500
2015-09-04,7.69347333908081,8.949999809265137,9.06666660308838,8.916666984558105,8.983332633972168,16167600
2015-09-08,8.022993087768555,9.333333015441896,9.34333324432373,9.126667022705078,9.149999618530272,24950400
2015-09-09,7.968549728393555,9.270000457763672,9.539999961853027,9.243332862854004,9.390000343322754,31353000
2015-09-10,8.028722763061523,9.34000015258789,9.373332977294922,9.266667366027832,9.283332824707031,23546700
2015-09-11,8.166258811950684,9.5,9.553333282470703,9.346667289733888,9.353333473205566,37034100
2015-09-14,8.134737014770508,9.463333129882812,9.523332595825195,9.41333293914795,9.486666679382324,21842100
2015-09-15,8.278006553649902,9.630000114440918,9.649999618530272,9.470000267028809,9.49666690826416,19833600
2015-09-16,8.3811616897583,9.75,9.773332595825195,9.613332748413086,9.623332977294922,23927700
2015-09-17,8.361100196838379,9.726667404174805,9.876667022705078,9.686667442321776,9.729999542236328,22398000
2015-09-18,8.068836212158203,9.386667251586914,9.636667251586914,9.296667098999023,9.633333206176758,45645300
2015-09-21,8.051644325256348,9.366666793823242,9.506667137145996,9.346667289733888,9.43333339691162,23516700
2015-09-22,7.813819885253906,9.09000015258789,9.25,9.023332595825195,9.25,30237000
2015-09-23,7.616110324859619,8.859999656677246,9.133333206176758,8.819999694824219,9.106666564941406,41873700
2015-09-24,7.561668395996094,8.796667098999023,8.853333473205566,8.673333168029785,8.75333309173584,26245800
2015-09-25,7.59891939163208,8.84000015258789,8.986666679382324,8.816666603088379,8.903332710266113,24249000
2015-09-28,7.447054386138916,8.66333293914795,8.866666793823242,8.653332710266113,8.826666831970215,30438600
2015-09-29,7.432727813720703,8.646666526794434,8.696666717529297,8.563332557678223,8.683333396911621,36095400
2015-09-30,7.707803249359131,8.966667175292969,9.0,8.75333309173584,8.783332824707031,38184900
2015-10-01,7.745051383972168,9.010000228881836,9.09000015258789,8.903332710266113,9.043333053588867,27098700
2015-10-02,7.825279712677002,9.103333473205566,9.106666564941406,8.816666603088379,8.84333324432373,16970700
2015-10-05,7.974282741546631,9.276666641235352,9.313332557678224,9.119999885559082,9.15999984741211,19238100
2015-10-06,7.937027454376221,9.233332633972168,9.353333473205566,9.210000038146973,9.279999732971191,15841200
2015-10-07,8.129007339477539,9.456666946411133,9.520000457763672,9.303333282470703,9.31999969482422,20606700
2015-10-08,8.335314750671387,9.696666717529297,9.720000267028809,9.416666984558104,9.4399995803833,25363200
2015-10-09,8.332451820373535,9.69333267211914,9.890000343322754,9.623332977294922,9.760000228881836,22636800
2015-10-12,8.129007339477539,9.456666946411133,9.666666984558104,9.40666675567627,9.646666526794434,26042700
2015-10-13,7.9398980140686035,9.236666679382324,9.420000076293944,9.206666946411133,9.386667251586914,33617700
2015-10-14,7.790894031524658,9.063332557678224,9.283332824707031,8.963333129882812,9.146666526794434,39977100
2015-10-15,7.9914751052856445,9.296667098999023,9.34333324432373,9.05666732788086,9.18333339691162,33075000
2015-10-16,7.8596649169921875,9.143333435058594,9.353333473205566,9.130000114440918,9.32333278656006,30572100
2015-10-19,7.831012725830078,9.109999656677246,9.136667251586914,9.016667366027832,9.100000381469728,23906400
2015-10-20,7.954224586486816,9.25333309173584,9.313332557678224,9.06666660308838,9.079999923706056,21430200
2015-10-21,7.876856327056885,9.16333293914795,9.359999656677246,9.140000343322754,9.3100004196167,23576700
2015-10-22,8.060243606567383,9.376667022705078,9.466667175292969,9.233332633972168,9.243332862854004,21194100
2015-10-23,8.129007339477539,9.456666946411133,9.526666641235352,9.353333473205566,9.43333339691162,19623900
2015-10-26,7.9914751052856445,9.296667098999023,9.486666679382324,9.279999732971191,9.436667442321776,18663000
2015-10-27,7.687746047973633,8.94333267211914,9.233332633972168,8.903332710266113,9.206666946411133,22568700
2015-10-28,7.822418689727783,9.100000381469728,9.186667442321776,8.963333129882812,9.010000228881836,21225600
2015-10-29,7.808090686798096,9.083333015441896,9.136667251586914,8.989999771118164,9.010000228881836,17145600
2015-10-30,7.733588695526123,8.99666690826416,9.16333293914795,8.99666690826416,9.109999656677246,19345200
2015-11-02,7.8596649169921875,9.143333435058594,9.166666984558104,8.986666679382324,8.99666690826416,15275700
2015-11-03,7.894049167633057,9.18333339691162,9.236666679382324,9.083333015441896,9.123332977294922,14269800
2015-11-04,7.862532138824463,9.146666526794434,9.256667137145996,9.106666564941406,9.210000038146973,13550700
2015-11-05,7.808090686798096,9.083333015441896,9.220000267028809,9.076666831970217,9.15999984741211,17111100
2015-11-06,7.756513595581055,9.023332595825195,9.126667022705078,8.949999809265137,9.06999969482422,17157300
2015-11-09,7.959950447082519,9.260000228881836,9.470000267028809,8.789999961853027,9.00333309173584,61275600
2015-11-10,8.00866413116455,9.31666660308838,9.43333339691162,9.203332901000977,9.260000228881836,30459600
2015-11-11,7.888319492340088,9.17666721343994,9.41333293914795,9.136667251586914,9.350000381469728,18095100
2015-11-12,7.750782012939453,9.016667366027832,9.210000038146973,9.010000228881836,9.08666706085205,19519200
2015-11-13,7.7163987159729,8.976667404174805,9.143333435058594,8.949999809265137,8.983332633972168,19161000
2015-11-16,7.825279712677002,9.103333473205566,9.106666564941406,8.890000343322754,8.963333129882812,15328200
2015-11-17,7.785167694091797,9.05666732788086,9.19333267211914,8.876667022705078,9.106666564941406,21471900
2015-11-18,8.100353240966797,9.423333168029783,9.483332633972168,9.206666946411133,9.236666679382324,37252500
2015-11-19,8.36970043182373,9.736666679382324,9.869999885559082,9.34000015258789,9.449999809265137,49173300
2015-11-20,8.564539909362793,9.963333129882812,10.17666721343994,9.739999771118164,9.783332824707031,55123800
2015-11-23,8.332451820373535,9.69333267211914,9.976667404174805,9.666666984558104,9.93000030517578,22638900
2015-11-24,8.318121910095215,9.67666721343994,9.726667404174805,9.59333324432373,9.623332977294922,15011400
2015-11-25,8.312358856201172,9.609999656677246,9.649999618530272,9.553333282470703,9.613332748413086,16783500
2015-11-27,8.358484268188477,9.66333293914795,9.686667442321776,9.56999969482422,9.600000381469728,7567500
2015-11-30,8.197027206420898,9.476667404174805,9.686667442321776,9.466667175292969,9.649999618530272,25113300
2015-12-01,8.246041297912598,9.533332824707031,9.55666732788086,9.393333435058594,9.489999771118164,17584800
2015-12-02,7.937535762786865,9.17666721343994,9.513333320617676,9.113332748413086,9.5,37810200
2015-12-03,7.81355619430542,9.033332824707031,9.1899995803833,8.90666675567627,9.16333293914795,42694200
2015-12-04,7.744358062744141,8.953332901000977,9.006667137145996,8.736666679382324,8.84000015258789,39987300
2015-12-07,7.505051136016846,8.676667213439941,8.986666679382324,8.646666526794434,8.916666984558105,33701400
2015-12-08,7.205196380615234,8.329999923706055,8.55666732788086,8.319999694824219,8.539999961853027,42685500
2015-12-09,7.210963249206543,8.33666706085205,8.44333267211914,8.213333129882812,8.293333053588867,34011300
2015-12-10,7.12158203125,8.233332633972168,8.4399995803833,8.213333129882812,8.34333324432373,26964000
2015-12-11,7.415668487548828,8.573332786560059,8.619999885559082,8.19333267211914,8.430000305175781,60319200
2015-12-14,7.291694641113281,8.430000305175781,8.59000015258789,8.333333015441895,8.546667098999023,28144800
2015-12-15,7.580016613006592,8.763333320617676,8.803333282470703,8.513333320617676,8.533332824707031,39332700
2015-12-16,7.620380401611328,8.8100004196167,8.94333267211914,8.646666526794434,8.80666732788086,28919700
2015-12-17,7.381072521209717,8.533332824707031,8.853333473205566,8.533332824707031,8.800000190734863,23817000
2015-12-18,7.265742301940918,8.399999618530273,8.50333309173584,8.333333015441895,8.486666679382324,40448100
2015-12-21,7.242676734924316,8.373332977294922,8.529999732971191,8.34000015258789,8.493332862854004,18103800
2015-12-22,7.424320697784424,8.583333015441895,8.613332748413086,8.416666984558105,8.449999809265137,18009900
2015-12-23,7.536766529083252,8.713333129882812,8.789999961853027,8.520000457763672,8.58666706085205,17191800
2015-12-24,7.533886432647705,8.710000038146973,8.800000190734863,8.6899995803833,8.716667175292969,4782300
2015-12-28,7.47910213470459,8.646666526794434,8.743332862854004,8.616666793823242,8.716667175292969,9254400
2015-12-29,7.605961799621582,8.793333053588867,8.80666732788086,8.673333168029785,8.69333267211914,12323400
2015-12-30,7.467570304870605,8.633333206176758,8.736666679382324,8.619999885559082,8.706666946411133,13752000
2015-12-31,7.481985569000244,8.649999618530273,8.713333129882812,8.5,8.5,14226600
2016-01-04,7.435853958129883,8.596667289733887,8.600000381469727,8.359999656677246,8.456666946411133,28683600
2016-01-05,7.360889911651611,8.510000228881836,8.66333293914795,8.403332710266113,8.600000381469727,15648900
2016-01-06,7.026434898376465,8.123332977294922,8.40666675567627,8.05666732788086,8.356666564941406,25155300
2016-01-07,6.8101911544799805,7.873332977294922,8.100000381469727,7.863333225250244,7.940000057220459,29509800
2016-01-08,6.7698283195495605,7.826666831970215,7.949999809265137,7.813333034515381,7.933332920074463,29016300
2016-01-11,6.7813591957092285,7.840000152587891,7.929999828338623,7.7266669273376465,7.793333053588867,33202800
2016-01-12,6.833258152008057,7.900000095367432,8.046667098999023,7.736667156219482,7.860000133514404,35683500
2016-01-13,6.444021701812744,7.449999809265137,7.96999979019165,7.25,7.840000152587891,66072600
2016-01-14,6.706395626068115,7.75333309173584,7.929999828338623,7.519999980926514,7.550000190734863,49757700
2016-01-15,6.562235355377197,7.586667060852051,7.610000133514404,7.383333206176758,7.4166669845581055,37858200
2016-01-19,6.553585052490234,7.576666831970215,7.766666889190674,7.489999771118164,7.706666946411133,32702100
2016-01-20,6.426722049713135,7.429999828338623,7.52666711807251,7.110000133514404,7.429999828338623,31733100
2016-01-21,6.446903705596924,7.453332901000977,7.603332996368408,7.21999979019165,7.3333330154418945,32120100
2016-01-22,6.464206218719482,7.47333288192749,7.739999771118164,7.376667022705078,7.639999866485596,28357200
2016-01-25,6.334458351135254,7.323332786560059,7.506667137145996,7.303332805633545,7.449999809265137,16827900
2016-01-26,6.420956611633301,7.423333168029785,7.449999809265137,7.336667060852051,7.383333206176758,27640500
2016-01-27,6.334458351135254,7.323332786560059,7.556666851043701,7.266666889190674,7.433332920074463,29139300
2016-01-28,6.449787616729736,7.456666946411133,7.506667137145996,7.343332767486572,7.423333168029785,18869100
2016-01-29,6.637199401855469,7.673333168029785,7.676667213439941,7.510000228881836,7.516666889190674,25535100
2016-02-01,6.591065883636475,7.619999885559082,7.663332939147949,7.460000038146973,7.533332824707031,25363200
2016-02-02,6.351757526397705,7.343332767486572,7.559999942779541,7.2866668701171875,7.5366668701171875,20963100
2016-02-03,6.446903705596924,7.453332901000977,7.510000228881836,7.2133331298828125,7.446667194366455,21894600
2016-02-04,6.645848274230957,7.683332920074463,7.816667079925537,7.449999809265137,7.449999809265137,31164600
2016-02-05,6.582417964935303,7.610000133514404,7.75,7.553332805633545,7.679999828338623,19874400
2016-02-08,6.63431453704834,7.670000076293945,7.686666965484619,7.426667213439941,7.546667098999023,33921000
2016-02-09,6.885154724121094,7.960000038146973,7.9766669273376465,7.519999980926514,7.519999980926514,50518500
2016-02-10,6.957237720489502,8.043333053588867,8.123332977294922,7.946667194366455,8.006667137145996,36725700
2016-02-11,6.749643325805664,7.803332805633545,7.980000019073486,7.679999828338623,7.883333206176758,24627900
2016-02-12,6.97453498840332,8.063332557678223,8.073332786560059,7.75333309173584,7.756667137145996,24681900
2016-02-16,7.138880729675293,8.25333309173584,8.329999923706055,7.989999771118164,8.260000228881836,35034900
2016-02-17,7.15906286239624,8.276666641235352,8.393333435058594,7.9166669845581055,8.123332977294922,37863000
2016-02-18,7.156178951263428,8.273332595825195,8.359999656677246,8.183333396911621,8.273332595825195,27202200
2016-02-19,7.066800594329834,8.170000076293945,8.303333282470703,8.136667251586914,8.213333129882812,98073000
2016-02-22,7.294576644897461,8.433333396911621,8.569999694824219,8.403332710266113,8.479999542236328,29265900
2016-02-23,7.029320240020752,8.126667022705078,8.466667175292969,8.119999885559082,8.286666870117188,27008400
2016-02-24,7.061031818389893,8.16333293914795,8.229999542236328,7.860000133514404,8.00333309173584,27408900
2016-02-25,7.075557231903076,8.119999885559082,8.233332633972168,8.016667366027832,8.140000343322754,20452500
2016-02-26,7.061033248901367,8.103333473205566,8.270000457763672,8.09000015258789,8.166666984558105,25172400
2016-02-29,7.011657238006592,8.046667098999023,8.166666984558105,8.00333309173584,8.08666706085205,25877400
2016-03-01,7.156884670257568,8.213333129882812,8.319999694824219,8.08666706085205,8.149999618530273,41559000
2016-03-02,7.130743503570557,8.183333396911621,8.40666675567627,8.166666984558105,8.380000114440918,78298500
2016-03-03,7.23240327835083,8.300000190734863,8.350000381469727,8.149999618530273,8.183333396911621,81167100
2016-03-04,7.328257083892822,8.40999984741211,8.5,8.286666870117188,8.353333473205566,31281000
2016-03-07,7.418298721313477,8.513333320617676,8.5600004196167,8.350000381469727,8.403332710266113,23117100
2016-03-08,7.174312114715576,8.233332633972168,8.446666717529297,8.223333358764648,8.416666984558105,23278800
2016-03-09,7.284685611724853,8.359999656677246,8.393333435058594,8.233332633972168,8.24666690826416,24903600
2016-03-10,7.345685958862305,8.430000305175781,8.55666732788086,8.283332824707031,8.423333168029785,26139000
2016-03-11,7.580952167510986,8.699999809265137,8.726667404174805,8.5,8.536666870117188,26196600
2016-03-14,7.604189872741699,8.726667404174805,8.803333282470703,8.65999984741211,8.729999542236328,32397600
2016-03-15,7.537384510040283,8.649999618530273,8.670000076293945,8.536666870117188,8.65666675567627,21555900
2016-03-16,7.604189872741699,8.726667404174805,8.766667366027832,8.583333015441895,8.626667022705078,15552900
2016-03-17,7.752323627471924,8.896666526794434,8.930000305175781,8.710000038146973,8.74666690826416,19268400
2016-03-18,7.848175048828125,9.006667137145996,9.09000015258789,8.896666526794434,8.953332901000977,40562100
2016-03-21,7.743612289428711,8.886667251586914,9.046667098999023,8.8100004196167,9.020000457763672,14460000
2016-03-22,7.65937614440918,8.789999961853027,8.863332748413086,8.770000457763672,8.8100004196167,14919000
2016-03-23,7.511244297027588,8.619999885559082,8.789999961853027,8.603333473205566,8.783332824707031,19157400
2016-03-24,7.601287841796875,8.723333358764648,8.726667404174805,8.50333309173584,8.59000015258789,12965100
2016-03-28,7.441534996032715,8.539999961853027,8.716667175292969,8.476667404174805,8.680000305175781,16815000
2016-03-29,7.519957065582275,8.630000114440918,8.66333293914795,8.34333324432373,8.466667175292969,18030600
2016-03-30,7.639046192169189,8.766667366027832,8.819999694824219,8.643333435058594,8.670000076293945,19602300
2016-03-31,7.479295253753662,8.583333015441895,8.760000228881836,8.5600004196167,8.686667442321777,28235700
2016-04-01,7.441534996032715,8.539999961853027,8.569999694824219,8.390000343322754,8.546667098999023,32401800
2016-04-04,7.307922840118408,8.386667251586914,8.579999923706055,8.34333324432373,8.510000228881836,57585300
2016-04-05,7.275971412658691,8.350000381469727,8.403332710266113,8.239999771118164,8.34000015258789,27264900
2016-04-06,7.217881679534912,8.283332824707031,8.353333473205566,8.153332710266113,8.33666706085205,30739200
2016-04-07,7.1510748863220215,8.206666946411133,8.293333053588867,8.153332710266113,8.220000267028809,26733300
2016-04-08,7.203359127044678,8.266667366027832,8.426667213439941,8.220000267028809,8.289999961853027,28077900
2016-04-11,7.124935626983643,8.176667213439941,8.323332786560059,8.119999885559082,8.243332862854004,35769300
2016-04-12,7.258545398712158,8.329999923706055,8.373332977294922,8.186667442321777,8.216667175292969,32334000
2016-04-13,7.560621738433838,8.676667213439941,8.773332595825195,8.356666564941406,8.633333206176758,51640500
2016-04-14,7.592572212219238,8.713333129882812,8.8100004196167,8.59333324432373,8.8100004196167,26055000
2016-04-15,7.531576156616211,8.643333435058594,8.813332557678223,8.596667289733887,8.783332824707031,22387200
2016-04-18,7.572239875793457,8.6899995803833,8.756667137145996,8.536666870117188,8.579999923706055,17652900
2016-04-19,7.670994758605957,8.803333282470703,8.923333168029785,8.706666946411133,8.756667137145996,24376800
2016-04-20,7.702946662902832,8.84000015258789,8.890000343322754,8.75333309173584,8.813332557678223,20871000
2016-04-21,7.784276008605957,8.933333396911621,9.029999732971191,8.833333015441895,8.856666564941406,20700300
2016-04-22,7.996309280395508,9.17666721343994,9.206666946411133,9.0,9.0,37850100
2016-04-25,7.883031845092773,9.046667098999023,9.210000038146973,8.970000267028809,9.133333206176758,19606200
2016-04-26,8.03116512298584,9.216667175292969,9.233332633972168,9.033332824707031,9.033332824707031,24242400
2016-04-27,8.083446502685547,9.276666641235352,9.32333278656006,9.140000343322754,9.18333339691162,19664400
2016-04-28,7.949835300445557,9.123332977294922,9.313332557678224,9.103333473205566,9.199999809265137,23092800
2016-04-29,7.920790195465088,9.09000015258789,9.119999885559082,8.9399995803833,9.013333320617676,31614000
2016-05-02,7.95274019241333,9.126667022705078,9.18000030517578,8.979999542236328,9.09000015258789,20563800
2016-05-03,7.7087554931640625,8.846667289733887,8.979999542236328,8.75,8.933333396911621,28958100
2016-05-04,7.601287841796875,8.723333358764648,8.873332977294922,8.676667213439941,8.826666831970215,17859900
2016-05-05,7.563526153564453,8.680000305175781,8.833333015441895,8.666666984558105,8.733332633972168,19741500
2016-05-06,7.598382949829102,8.720000267028809,8.766667366027832,8.613332748413086,8.640000343322754,14196900
2016-05-09,7.508338451385498,8.616666793823242,8.726667404174805,8.5600004196167,8.726667404174805,16811700
2016-05-10,7.65937614440918,8.789999961853027,8.829999923706055,8.630000114440918,8.630000114440918,18319800
2016-05-11,7.519957065582275,8.630000114440918,8.796667098999023,8.630000114440918,8.789999961853027,13291800
2016-05-12,7.418298721313477,8.513333320617676,8.686667442321777,8.453332901000977,8.65666675567627,24117300
2016-05-13,7.296303749084473,8.373332977294922,8.543333053588867,8.3100004196167,8.489999771118164,26462400
2016-05-16,7.328257083892822,8.40999984741211,8.479999542236328,8.373332977294922,8.376667022705078,18252300
2016-05-17,7.383441925048828,8.473333358764648,8.630000114440918,8.353333473205566,8.373332977294922,27288300
2016-05-18,7.479295253753662,8.583333015441895,8.65666675567627,8.416666984558105,8.420000076293945,25047000
2016-05-19,7.421202659606934,8.516667366027832,8.569999694824219,8.420000076293945,8.460000038146973,19928400
2016-05-20,7.499627590179443,8.606666564941406,8.673333168029785,8.520000457763672,8.523332595825195,16592100
2016-05-23,7.429915428161621,8.526666641235352,8.623332977294922,8.516667366027832,8.569999694824219,14108700
2016-05-24,7.395060062408447,8.486666679382324,8.59333324432373,8.416666984558105,8.526666641235352,25575000
2016-05-25,7.502528190612793,8.609999656677246,8.633333206176758,8.5,8.506667137145996,15211200
2016-05-26,7.540554046630859,8.59333324432373,8.646666526794434,8.523332595825195,8.529999732971191,11508000
2016-05-27,7.572728157043457,8.630000114440918,8.640000343322754,8.55666732788086,8.609999656677246,18014100
2016-05-31,7.730676651000977,8.8100004196167,8.853333473205566,8.640000343322754,8.666666984558105,25884900
2016-06-01,7.669252872467041,8.739999771118164,8.760000228881836,8.623332977294922,8.726667404174805,17795700
2016-06-02,7.727752208709717,8.80666732788086,8.819999694824219,8.686667442321777,8.686667442321777,15519900
2016-06-03,7.7921013832092285,8.880000114440918,8.916666984558105,8.729999542236328,8.80666732788086,14571600
2016-06-06,7.751152038574219,8.833333015441895,8.933333396911621,8.74666690826416,8.896666526794434,23602200
2016-06-07,7.742378711700439,8.823332786560059,8.923333168029785,8.789999961853027,8.903332710266113,19828200
2016-06-08,7.897401332855225,9.0,9.08666706085205,8.789999961853027,8.819999694824219,22855200
2016-06-09,7.912024021148682,9.016667366027832,9.039999961853027,8.869999885559082,8.979999542236328,15732000
2016-06-10,7.833050727844238,8.926667213439941,8.973333358764648,8.869999885559082,8.893333435058594,13197000
2016-06-13,7.777477741241455,8.863332748413086,8.989999771118164,8.853333473205566,8.920000076293945,19461300
2016-06-14,7.718977928161621,8.796667098999023,8.949999809265137,8.74666690826416,8.846667289733887,17634300
2016-06-15,7.718977928161621,8.796667098999023,8.936667442321777,8.786666870117188,8.84333324432373,16797900
2016-06-16,7.730676651000977,8.8100004196167,8.823332786560059,8.616666793823242,8.720000267028809,16897800
2016-06-17,7.824275016784668,8.916666984558105,8.960000038146973,8.770000457763672,8.816666603088379,26124900
2016-06-20,7.897401332855225,9.0,9.136667251586914,9.0,9.026666641235352,19536000
2016-06-21,7.78917646408081,8.876667022705078,8.946666717529297,8.783332824707031,8.90999984741211,22872000
2016-06-22,7.765777111053467,8.850000381469727,8.9399995803833,8.83666706085205,8.899999618530273,15231300
2016-06-23,7.897401332855225,9.0,9.016667366027832,8.930000305175781,8.94333267211914,11438400
2016-06-24,7.517155647277832,8.566666603088379,8.779999732971191,8.50333309173584,8.623332977294922,40453200
2016-06-27,7.160308837890625,8.15999984741211,8.526666641235352,8.143333435058594,8.470000267028809,30295500
2016-06-28,7.3416571617126465,8.366666793823242,8.380000114440918,8.210000038146973,8.25,25495800
2016-06-29,7.511305332183838,8.5600004196167,8.576666831970215,8.423333168029785,8.460000038146973,19154400
2016-06-30,7.628305435180664,8.69333267211914,8.69333267211914,8.416666984558105,8.576666831970215,24242700
2016-07-01,7.666328430175781,8.736666679382324,8.846667289733887,8.699999809265137,8.703332901000977,14529900
2016-07-05,7.508379936218262,8.55666732788086,8.710000038146973,8.510000228881836,8.680000305175781,20156700
2016-07-06,7.596127986907959,8.65666675567627,8.65999984741211,8.44333267211914,8.5,15844500
2016-07-07,7.5698041915893555,8.626667022705078,8.74666690826416,8.600000381469727,8.636667251586914,13299600
2016-07-08,7.75992488861084,8.84333324432373,8.899999618530273,8.6899995803833,8.739999771118164,29651100
2016-07-11,7.800876140594482,8.890000343322754,8.963333129882812,8.83666706085205,8.84333324432373,22305300
2016-07-12,7.903250694274902,9.006667137145996,9.0600004196167,8.933333396911621,8.993332862854004,26496600
2016-07-13,8.25131893157959,9.403332710266112,9.5,8.920000076293945,9.05666732788086,65777400
2016-07-14,8.497020721435547,9.68333339691162,9.803333282470703,9.33666706085205,9.42666721343994,57042900
2016-07-15,8.341994285583496,9.506667137145996,9.69333267211914,9.460000038146973,9.68333339691162,26606700
2016-07-18,8.327370643615723,9.489999771118164,9.55666732788086,9.456666946411133,9.553333282470703,20842200
2016-07-19,8.277645111083984,9.43333339691162,9.466667175292969,9.366666793823242,9.420000076293944,18957000
2016-07-20,8.371245384216309,9.539999961853027,9.550000190734863,9.373332977294922,9.460000038146973,18238500
2016-07-21,8.28934383392334,9.446666717529297,9.543333053588867,9.40666675567627,9.466667175292969,14269200
2016-07-22,8.330292701721191,9.493332862854004,9.50333309173584,9.42666721343994,9.470000267028809,12552300
2016-07-25,8.29811954498291,9.456666946411133,9.50333309173584,9.399999618530272,9.479999542236328,15195900
2016-07-26,8.400492668151855,9.57333278656006,9.579999923706056,9.446666717529297,9.456666946411133,15413100
2016-07-27,8.25131893157959,9.403332710266112,9.606666564941406,9.34333324432373,9.59000015258789,28655100
2016-07-28,8.292271614074707,9.449999809265137,9.506667137145996,9.34333324432373,9.376667022705078,14219400
2016-07-29,8.286417961120605,9.44333267211914,9.476667404174805,9.376667022705078,9.4399995803833,11881500
2016-08-01,8.207446098327637,9.353333473205566,9.479999542236328,9.333333015441896,9.44333267211914,14632200
2016-08-02,8.090445518493652,9.220000267028809,9.34000015258789,9.153332710266112,9.286666870117188,17704800
2016-08-03,8.248394012451172,9.399999618530272,9.42666721343994,9.226667404174805,9.25,16935300
2016-08-04,8.204521179199219,9.350000381469728,9.396666526794434,9.300000190734863,9.33666706085205,11699700
2016-08-05,8.374168395996094,9.543333053588867,9.57333278656006,9.373332977294922,9.43000030517578,14648700
2016-08-08,8.330292701721191,9.493332862854004,9.626667022705078,9.483332633972168,9.513333320617676,14477700
2016-08-09,8.26594352722168,9.420000076293944,9.543333053588867,9.403332710266112,9.520000457763672,10510200
2016-08-10,8.189895629882812,9.333333015441896,9.449999809265137,9.313332557678224,9.44333267211914,10359300
2016-08-11,8.21329402923584,9.359999656677246,9.420000076293944,9.31666660308838,9.333333015441896,13931400
2016-08-12,8.207446098327637,9.353333473205566,9.376667022705078,9.293333053588867,9.31999969482422,10334700
2016-08-15,8.19282341003418,9.33666706085205,9.436667442321776,9.333333015441896,9.359999656677246,13075500
2016-08-16,8.181121826171875,9.32333278656006,9.366666793823242,9.303333282470703,9.329999923706056,11283600
2016-08-17,8.242546081542969,9.393333435058594,9.396666526794434,9.273332595825195,9.31666660308838,12627000
2016-08-18,8.385868072509766,9.55666732788086,9.55666732788086,9.373332977294922,9.380000114440918,21739500
2016-08-19,8.385868072509766,9.55666732788086,9.583333015441896,9.5,9.523332595825195,14346900
2016-08-22,8.321518898010254,9.483332633972168,9.529999732971191,9.446666717529297,9.529999732971191,10009500
2016-08-23,8.344918251037598,9.510000228881836,9.579999923706056,9.466667175292969,9.539999961853027,8893800
2016-08-24,8.330292701721191,9.493332862854004,9.526666641235352,9.466667175292969,9.49666690826416,12917400
2016-08-25,8.204521179199219,9.350000381469728,9.49666690826416,9.34000015258789,9.493332862854004,15593700
2016-08-26,8.245471000671387,9.396666526794434,9.470000267028809,9.333333015441896,9.393333435058594,15324900
2016-08-29,8.35439395904541,9.460000038146973,9.576666831970217,9.329999923706056,9.380000114440918,20499900
2016-08-30,8.386770248413086,9.49666690826416,9.516667366027832,9.4399995803833,9.463333129882812,15003000
2016-08-31,8.324955940246582,9.42666721343994,9.49666690826416,9.40666675567627,9.463333129882812,15782700
2016-09-01,8.295515060424805,9.393333435058594,9.460000038146973,9.3100004196167,9.456666946411133,12366300
2016-09-02,8.283738136291504,9.380000114440918,9.483332633972168,9.373332977294922,9.423333168029783,8917200
2016-09-06,8.277852058410645,9.373332977294922,9.423333168029783,9.34000015258789,9.376667022705078,14373300
2016-09-07,8.480971336364746,9.603333473205566,9.606666564941406,9.399999618530272,9.423333168029783,23998500
2016-09-08,8.522184371948242,9.649999618530272,9.65999984741211,9.520000457763672,9.5600004196167,18131100
2016-09-09,8.210144996643066,9.296667098999023,9.59333324432373,9.296667098999023,9.546667098999023,25314600
2016-09-12,8.439757347106934,9.55666732788086,9.616666793823242,9.303333282470703,9.333333015441896,32418600
2016-09-13,8.41621208190918,9.529999732971191,9.626667022705078,9.470000267028809,9.50333309173584,32548500
2016-09-14,8.522184371948242,9.649999618530272,9.729999542236328,9.486666679382324,9.50333309173584,29891700
2016-09-15,8.60461139678955,9.743332862854004,9.773332595825195,9.579999923706056,9.66333293914795,28418100
2016-09-16,8.63404655456543,9.776666641235352,9.803333282470703,9.623332977294922,9.710000038146973,33671400
2016-09-19,8.61638355255127,9.756667137145996,9.863332748413086,9.733332633972168,9.81999969482422,13695000
2016-09-20,8.5663423538208,9.699999809265137,9.84333324432373,9.696666717529297,9.833333015441896,17613300
2016-09-21,8.745908737182617,9.903332710266112,9.920000076293944,9.736666679382324,9.74666690826416,20013600
2016-09-22,8.704696655273438,9.856666564941406,10.036666870117188,9.853333473205566,9.983332633972168,16092300
2016-09-23,8.72530460357666,9.880000114440918,9.903332710266112,9.773332595825195,9.793333053588867,14987100
2016-09-26,8.745908737182617,9.903332710266112,9.976667404174805,9.796667098999023,9.8100004196167,20652000
2016-09-27,8.719417572021484,9.873332977294922,9.966667175292969,9.863332748413086,9.920000076293944,15769800
2016-09-28,8.834221839904785,10.00333309173584,10.016667366027832,9.866666793823242,9.920000076293944,13267200
2016-09-29,8.828333854675293,9.99666690826416,10.076666831970217,9.93000030517578,10.020000457763672,21440400
2016-09-30,8.97846508026123,10.166666984558104,10.199999809265137,10.00333309173584,10.053333282470703,21422700
2016-10-03,8.957858085632324,10.143333435058594,10.166666984558104,10.076666831970217,10.109999656677246,12856800
2016-10-04,8.881325721740723,10.05666732788086,10.220000267028809,10.050000190734863,10.15999984741211,17589300
2016-10-05,9.040287971496582,10.236666679382324,10.256667137145996,10.079999923706056,10.119999885559082,15875100
2016-10-06,9.143318176269531,10.353333473205566,10.386667251586914,10.199999809265137,10.260000228881836,39908400
2016-10-07,9.140374183654783,10.350000381469728,10.383333206176758,10.273332595825195,10.32333278656006,31774800
2016-10-10,9.075611114501951,10.276666641235352,10.436667442321776,10.256667137145996,10.366666793823242,27707700
2016-10-11,8.969635963439941,10.15666675567627,10.273332595825195,10.103333473205566,10.270000457763672,29701800
2016-10-12,8.893096923828125,10.06999969482422,10.146666526794434,10.036666870117188,10.143333435058594,37182600
2016-10-13,9.169808387756348,10.383333206176758,10.42666721343994,10.08666706085205,10.210000038146973,45017400
2016-10-14,9.134488105773926,10.34333324432373,10.576666831970217,10.33666706085205,10.483332633972168,29778000
2016-10-17,9.12860107421875,10.33666706085205,10.399999618530272,10.273332595825195,10.34333324432373,19760700
2016-10-18,9.13154411315918,10.34000015258789,10.483332633972168,10.31666660308838,10.449999809265137,20653500
2016-10-19,9.14626121520996,10.356666564941406,10.43000030517578,10.170000076293944,10.170000076293944,18733800
2016-10-20,8.931366920471191,10.113332748413086,10.313332557678224,10.07333278656006,10.276666641235352,41076300
2016-10-21,8.916646957397461,10.096667289733888,10.130000114440918,10.013333320617676,10.039999961853027,22243200
2016-10-24,8.951974868774414,10.136667251586914,10.233332633972168,10.126667022705078,10.186667442321776,26415900
2016-10-25,9.081497192382812,10.283332824707031,10.34000015258789,10.053333282470703,10.106666564941406,26910900
2016-10-26,8.943144798278809,10.126667022705078,10.276666641235352,10.113332748413086,10.263333320617676,26519400
2016-10-27,8.922534942626953,10.103333473205566,10.153332710266112,10.07333278656006,10.133333206176758,17815800
2016-10-28,8.913702964782715,10.09333324432373,10.226667404174805,10.00333309173584,10.07333278656006,20961900
2016-10-31,8.98141098022461,10.170000076293944,10.286666870117188,10.126667022705078,10.153332710266112,17608800
2016-11-01,8.951974868774414,10.136667251586914,10.25333309173584,10.050000190734863,10.213333129882812,19679700
2016-11-02,9.049116134643556,10.24666690826416,10.296667098999023,10.143333435058594,10.17666721343994,32578200
2016-11-03,9.163922309875488,10.376667022705078,10.403332710266112,10.213333129882812,10.286666870117188,36024300
2016-11-04,9.10210418701172,10.30666732788086,10.460000038146973,10.30666732788086,10.313332557678224,28010700
2016-11-07,9.434748649597168,10.68333339691162,10.6899995803833,10.43333339691162,10.43333339691162,31865100
2016-11-08,9.440637588500977,10.6899995803833,10.713333129882812,10.543333053588867,10.686667442321776,31767300
2016-11-09,9.973455429077148,11.293333053588867,11.42666721343994,10.796667098999023,10.800000190734863,71259000
2016-11-10,10.164802551269531,11.510000228881836,11.583333015441896,11.313332557678224,11.353333473205566,46715400
2016-11-11,10.179518699645996,11.526666641235352,11.536666870117188,11.353333473205566,11.403332710266112,37266000
2016-11-14,10.238394737243652,11.59333324432373,11.706666946411133,11.516667366027832,11.57333278656006,33306900
2016-11-15,10.164802551269531,11.510000228881836,11.59000015258789,11.326666831970217,11.550000190734863,29040900
2016-11-16,9.970513343811035,11.289999961853027,11.493332862854004,11.276666641235352,11.493332862854004,36631200
2016-11-17,9.99700927734375,11.31999969482422,11.363332748413086,11.263333320617676,11.303333282470703,32843700
2016-11-18,10.008782386779783,11.333333015441896,11.380000114440918,11.273332595825195,11.296667098999023,26159400
2016-11-21,10.18835163116455,11.536666870117188,11.603333473205566,11.33666706085205,11.33666706085205,22202100
2016-11-22,10.309049606323242,11.673333168029783,11.686667442321776,11.529999732971191,11.536666870117188,26282400
2016-11-23,10.282552719116213,11.643333435058594,11.739999771118164,11.609999656677246,11.67666721343994,16397700
2016-11-25,10.359090805053713,11.729999542236328,11.743332862854004,11.609999656677246,11.666666984558104,7549500
2016-11-28,10.2584867477417,11.55666732788086,11.649999618530272,11.479999542236328,11.596667289733888,20468400
2016-11-29,10.296954154968262,11.600000381469728,11.729999542236328,11.493332862854004,11.546667098999023,16645800
2016-11-30,10.595800399780272,11.936667442321776,12.029999732971191,11.783332824707031,11.796667098999023,33954000
2016-12-01,10.835472106933594,12.206666946411133,12.286666870117188,12.010000228881836,12.023332595825195,36249900
2016-12-02,10.79405117034912,12.15999984741211,12.229999542236328,12.063332557678224,12.226667404174805,45174000
2016-12-05,10.808843612670898,12.17666721343994,12.243332862854004,12.100000381469728,12.229999542236328,36506100
2016-12-06,10.666810989379885,12.016667366027832,12.133333206176758,11.946666717529297,12.079999923706056,38397300
2016-12-07,10.98637580871582,12.376667022705078,12.383333206176758,11.953332901000977,12.010000228881836,38258400
2016-12-08,11.013004302978516,12.40666675567627,12.44333267211914,12.260000228881836,12.376667022705078,19930200
2016-12-09,11.02779769897461,12.423333168029783,12.473333358764648,12.30666732788086,12.399999618530272,17111700
2016-12-12,10.953829765319824,12.34000015258789,12.460000038146973,12.203332901000977,12.423333168029783,18579900
2016-12-13,10.959746360778809,12.346667289733888,12.396666526794434,12.213333129882812,12.34333324432373,23330700
2016-12-14,10.79405117034912,12.15999984741211,12.363332748413086,12.149999618530272,12.333333015441896,23132400
2016-12-15,10.85026741027832,12.223333358764648,12.329999923706056,12.033332824707031,12.140000343322754,21144300
2016-12-16,10.663857460021973,12.013333320617676,12.233332633972168,11.960000038146973,12.199999809265137,36526800
2016-12-19,10.720077514648438,12.076666831970217,12.103333473205566,11.986666679382324,12.05666732788086,13420200
2016-12-20,10.835472106933594,12.206666946411133,12.213333129882812,12.119999885559082,12.140000343322754,12769200
2016-12-21,10.799965858459473,12.166666984558104,12.283332824707031,12.166666984558104,12.206666946411133,13756500
2016-12-22,10.856182098388672,12.229999542236328,12.233332633972168,12.076666831970217,12.130000114440918,14655900
2016-12-23,10.844348907470703,12.216667175292969,12.270000457763672,12.186667442321776,12.229999542236328,6810300
2016-12-27,10.906487464904783,12.286666870117188,12.329999923706056,12.210000038146973,12.266667366027832,7873200
2016-12-28,10.805883407592772,12.173333168029783,12.33666706085205,12.166666984558104,12.273332595825195,10561200
2016-12-29,10.720077514648438,12.076666831970217,12.213333129882812,12.053333282470703,12.203332901000977,10418700
2016-12-30,10.63131046295166,11.976667404174805,12.133333206176758,11.93000030517578,12.116666793823242,16359900
2017-01-03,10.619474411010742,11.963333129882812,12.213333129882812,11.863332748413086,12.050000190734863,19605000
2017-01-04,10.83842945098877,12.210000038146973,12.236666679382324,11.983332633972168,12.016667366027832,21767700
2017-01-05,10.944950103759766,12.329999923706056,12.460000038146973,12.133333206176758,12.136667251586914,34749600
2017-01-06,11.101773262023926,12.506667137145996,12.576666831970217,11.986666679382324,12.236666679382324,37050600
2017-01-09,10.944950103759766,12.329999923706056,12.550000190734863,12.326666831970217,12.523332595825195,22220400
2017-01-10,11.072182655334473,12.473333358764648,12.523332595825195,12.260000228881836,12.296667098999023,24490500
2017-01-11,11.255632400512695,12.68000030517578,12.703332901000977,12.4399995803833,12.4399995803833,29647800
2017-01-12,11.356240272521973,12.793333053588867,12.796667098999023,12.600000381469728,12.686667442321776,24401100
2017-01-13,11.480510711669922,12.93333339691162,12.9399995803833,12.699999809265137,12.736666679382324,41484300
2017-01-17,11.270428657531738,12.696666717529297,12.93333339691162,12.623332977294922,12.916666984558104,54813000
2017-01-18,10.912403106689451,12.293333053588867,12.466667175292969,12.06999969482422,12.18000030517578,61982100
2017-01-19,13.465929985046388,15.170000076293944,15.203332901000977,14.220000267028809,14.40999984741211,295518300
2017-01-20,13.116779327392578,14.776666641235352,14.899999618530272,14.293333053588867,14.833333015441896,136027200
2017-01-23,13.607958793640137,15.329999923706056,15.356666564941406,14.853333473205566,14.886667251586914,70455300
2017-01-24,13.815078735351562,15.563332557678224,15.760000228881836,15.286666870117188,15.296667098999023,50473800
2017-01-25,14.140554428100586,15.93000030517578,15.946666717529297,15.633333206176758,15.74666690826416,53536500
2017-01-26,14.380228996276855,16.200000762939453,16.376667022705078,15.853333473205566,15.93000030517578,54609000
2017-01-27,14.22044849395752,16.020000457763672,16.309999465942383,15.890000343322754,16.27666664123535,38439300
2017-01-30,14.051793098449709,15.829999923706056,16.030000686645508,15.576666831970217,15.93333339691162,45543900
2017-01-31,13.726308822631836,15.463333129882812,15.829999923706056,15.353333473205566,15.65666675567627,53928900
2017-02-01,13.933431625366213,15.696666717529297,15.729999542236328,15.470000267028809,15.516667366027832,35426700
2017-02-02,13.702642440795898,15.436667442321776,15.640000343322754,15.366666793823242,15.563332557678224,31131600
2017-02-03,13.844666481018066,15.596667289733888,15.653332710266112,15.386667251586914,15.41333293914795,25424700
2017-02-06,13.98373794555664,15.75333309173584,15.75333309173584,15.513333320617676,15.516667366027832,26632500
2017-02-07,14.108010292053224,15.893333435058594,16.09666633605957,15.756667137145996,15.756667137145996,44321100
2017-02-08,14.190858840942385,15.986666679382324,16.020000457763672,15.653332710266112,15.859999656677246,25803900
2017-02-09,14.12872314453125,15.916666984558104,16.049999237060547,15.84333324432373,16.03333282470703,18324900
2017-02-10,14.134641647338867,15.923333168029783,16.309999465942383,15.803333282470703,16.166667938232422,46284900
2017-02-13,14.176064491271973,15.970000267028809,16.149999618530273,15.916666984558104,16.036666870117188,20087400
2017-02-14,14.2026948928833,16.0,16.06999969482422,15.873332977294922,15.876667022705078,19222200
2017-02-15,14.00740909576416,15.779999732971191,15.949999809265137,15.58666706085205,15.66333293914795,37640700
2017-02-16,14.110965728759766,15.896666526794434,15.903332710266112,15.40666675567627,15.84000015258789,53142000
2017-02-17,14.362475395202637,16.18000030517578,16.209999084472656,15.829999923706056,15.84333324432373,35299200
2017-02-21,14.471951484680176,16.303333282470703,16.333332061767578,16.143333435058594,16.176666259765625,24664500
2017-02-22,14.318090438842772,16.1299991607666,16.26333236694336,16.010000228881836,16.26333236694336,24942000
2017-02-23,14.176064491271973,15.970000267028809,16.233333587646484,15.850000381469728,16.19333267211914,25502100
2017-02-24,14.39881992340088,16.15999984741211,16.163333892822266,15.856666564941406,15.873332977294922,25135800
2017-02-27,14.467130661010742,16.23666763305664,16.270000457763672,15.99666690826416,16.093332290649414,25857000
2017-02-28,14.422581672668455,16.18666648864746,16.53333282470703,16.123332977294922,16.476667404174805,24099000
2017-03-01,14.615636825561523,16.40333366394043,16.59666633605957,16.386667251586914,16.399999618530273,28384500
2017-03-02,14.422581672668455,16.18666648864746,16.420000076293945,16.156667709350586,16.40333366394043,24666900
2017-03-03,14.69582462310791,16.49333381652832,16.543333053588867,16.07666778564453,16.17333221435547,34888500
2017-03-06,14.78789520263672,16.59666633605957,16.64666748046875,16.31999969482422,16.373332977294922,35431800
2017-03-07,14.38693904876709,16.14666748046875,16.770000457763672,16.126667022705078,16.566667556762695,53741700
2017-03-08,14.152302742004396,15.883333206176758,16.22333335876465,15.84000015258789,16.10333251953125,35389500
2017-03-09,14.131512641906738,15.859999656677246,16.06999969482422,15.826666831970217,15.893333435058594,31911300
2017-03-10,14.19685173034668,15.93333339691162,16.036666870117188,15.846667289733888,16.016666412353516,21674700
2017-03-13,14.28001594543457,16.02666664123535,16.136667251586914,15.956666946411133,15.966667175292969,51573900
2017-03-14,14.205763816833496,15.94333267211914,16.06333351135254,15.800000190734863,16.00666618347168,14535900
2017-03-15,14.241405487060549,15.983332633972168,16.059999465942383,15.873332977294922,16.036666870117188,26182500
2017-03-16,14.137454986572266,15.866666793823242,16.02666664123535,15.826666831970217,15.966667175292969,22819200
2017-03-17,13.923609733581545,15.626667022705078,15.94333267211914,15.626667022705078,15.9399995803833,46599900
2017-03-20,13.923609733581545,15.626667022705078,15.733332633972168,15.50333309173584,15.653332710266112,20715900
2017-03-21,13.5493803024292,15.206666946411133,15.68000030517578,15.136667251586914,15.68000030517578,51976800
2017-03-22,13.79589557647705,15.483332633972168,15.56999969482422,15.143333435058594,15.213333129882812,26954400
2017-03-23,13.694917678833008,15.369999885559082,15.553333282470703,15.333333015441896,15.466667175292969,17911200
2017-03-24,13.757286071777344,15.4399995803833,15.600000381469728,15.346667289733888,15.416666984558104,17227800
2017-03-27,13.724618911743164,15.403332710266112,15.50333309173584,15.17666721343994,15.293333053588867,16295700
2017-03-28,14.060233116149902,15.779999732971191,15.853333473205566,15.403332710266112,15.403332710266112,25941900
2017-03-29,14.042413711547852,15.760000228881836,15.763333320617676,15.619999885559082,15.726667404174805,10467000
2017-03-30,14.060233116149902,15.779999732971191,15.896666526794434,15.736666679382324,15.74666690826416,14281200
2017-03-31,13.825599670410156,15.516667366027832,15.826666831970217,15.510000228881836,15.699999809265137,18881100
2017-04-03,13.840447425842283,15.533332824707031,15.68000030517578,15.456666946411133,15.553333282470703,19452600
2017-04-04,14.045380592346191,15.763333320617676,15.770000457763672,15.5,15.533332824707031,9465900
2017-04-05,14.00083065032959,15.713333129882812,16.05666732788086,15.636667251586914,15.83666706085205,15314400
2017-04-06,14.170125961303713,15.903332710266112,15.973333358764648,15.736666679382324,15.763333320617676,13143900
2017-04-07,14.086962699890137,15.8100004196167,15.979999542236328,15.733332633972168,15.853333473205566,16870800
2017-04-10,14.161215782165527,15.893333435058594,15.976667404174805,15.81999969482422,15.866666793823242,17039700
2017-04-11,14.02162265777588,15.736666679382324,15.859999656677246,15.49666690826416,15.81999969482422,18522900
2017-04-12,13.781044960021973,15.466667175292969,15.84000015258789,15.436667442321776,15.84000015258789,16845300
2017-04-13,13.786986351013184,15.473333358764648,15.66333293914795,15.346667289733888,15.456666946411133,14031300
2017-04-17,14.027562141418455,15.743332862854004,15.75333309173584,15.463333129882812,15.553333282470703,11699100
2017-04-18,13.849356651306152,15.543333053588867,15.779999732971191,15.510000228881836,15.646666526794434,15871200
2017-04-19,13.938458442687988,15.643333435058594,15.773332595825195,15.5600004196167,15.65999984741211,20571300
2017-04-20,14.719582557678224,16.520000457763672,17.093332290649414,16.453332901000977,16.733333587646484,76082100
2017-04-21,15.078959465026855,16.92333221435547,16.933332443237305,16.5,16.610000610351562,48706500
2017-04-24,14.888879776000977,16.709999084472656,17.219999313354492,16.690000534057617,17.15999984741211,33590100
2017-04-25,15.129446983337402,16.979999542236328,17.03333282470703,16.700000762939453,16.729999542236328,33296700
2017-04-26,15.084893226623535,16.93000030517578,17.190000534057617,16.876667022705078,17.020000457763672,24558900
2017-04-27,15.221519470214844,17.083332061767578,17.209999084472656,16.89666748046875,16.93000030517578,23585400
2017-04-28,15.099748611450195,16.946666717529297,17.190000534057617,16.916667938232422,17.166667938232422,19829700
2017-05-01,15.301714897155762,17.17333221435547,17.190000534057617,16.953332901000977,16.956666946411133,23321100
2017-05-02,15.292804718017578,17.163333892822266,17.25666618347168,17.03333282470703,17.25666618347168,20003700
2017-05-03,15.301714897155762,17.17333221435547,17.213333129882812,17.066667556762695,17.176666259765625,13818900
2017-05-04,15.361112594604492,17.239999771118164,17.28333282470703,17.1299991607666,17.196666717529297,17882700
2017-05-05,15.59277629852295,17.5,17.5,17.219999313354492,17.260000228881836,20248500
2017-05-08,15.387843132019045,17.270000457763672,17.549999237060547,17.253332138061523,17.5,20022300
2017-05-09,15.387843132019045,17.270000457763672,17.40333366394043,17.219999313354492,17.229999542236328,13054800
2017-05-10,15.361112594604492,17.239999771118164,17.309999465942383,17.17333221435547,17.280000686645508,13499100
2017-05-11,15.485858917236328,17.3799991607666,17.440000534057617,17.116666793823242,17.166667938232422,26627700
2017-05-12,15.485858917236328,17.3799991607666,17.483333587646484,17.260000228881836,17.356666564941406,11512200
2017-05-15,15.24825382232666,17.113332748413086,17.42333221435547,17.100000381469727,17.3700008392334,26082600
2017-05-16,15.182915687561035,17.040000915527344,17.206666946411133,16.979999542236328,17.183332443237305,28437300
2017-05-17,14.692851066589355,16.489999771118164,16.860000610351562,16.386667251586914,16.84000015258789,31027500
2017-05-18,14.91858196258545,16.74333381652832,16.866666793823242,16.25666618347168,16.333332061767578,31737900
2017-05-19,14.963127136230469,16.793333053588867,16.98666763305664,16.709999084472656,16.719999313354492,20142300
2017-05-22,15.283899307250977,17.15333366394043,17.17333221435547,16.82666778564453,16.876667022705078,21784200
2017-05-23,15.384870529174805,17.266666412353516,17.3799991607666,17.02666664123535,17.139999389648438,26849100
2017-05-24,15.542288780212402,17.44333267211914,17.5,17.28333282470703,17.28333282470703,19787400
2017-05-25,15.975914001464844,17.93000030517578,18.01666641235352,17.233333587646484,17.233333587646484,21305100
2017-05-26,16.08622169494629,17.98666763305664,18.07666778564453,17.823333740234375,17.876667022705078,32380500
2017-05-30,16.163728713989258,18.07333374023437,18.13999938964844,17.93666648864746,17.99333381652832,22872300
2017-05-31,16.148820877075195,18.05666732788086,18.1433334350586,17.916667938232422,18.11333274841309,30565500
2017-06-01,16.274032592773438,18.196666717529297,18.24333381652832,17.97333335876465,18.06999969482422,23747100
2017-06-02,16.259124755859375,18.18000030517578,18.35333251953125,18.1200008392334,18.26333236694336,16101300
2017-06-05,16.107084274291992,18.010000228881836,18.33333206176757,17.916667938232422,18.196666717529297,23672100
2017-06-06,16.083232879638672,17.983333587646484,18.1433334350586,17.97333335876465,18.03333282470703,18180900
2017-06-07,16.02957534790039,17.92333221435547,17.989999771118164,17.766666412353516,17.953332901000977,23633100
2017-06-08,16.026599884033203,17.920000076293945,17.989999771118164,17.836666107177734,17.959999084472656,15932700
2017-06-09,15.814935684204102,17.683332443237305,17.983333587646484,17.456666946411133,17.940000534057617,25799400
2017-06-12,15.955044746398926,17.84000015258789,17.84666633605957,17.496667861938477,17.69333267211914,21229500
2017-06-13,16.05938720703125,17.956666946411133,17.983333587646484,17.75,17.780000686645508,13323000
2017-06-14,15.853692054748535,17.726667404174805,18.036666870117188,17.636667251586914,18.023332595825195,17784900
2017-06-15,15.886484146118164,17.76333236694336,17.796667098999023,17.50666618347168,17.516666412353516,18662400
2017-06-16,15.72251796722412,17.579999923706055,17.719999313354492,17.496667861938477,17.683332443237305,32763300
2017-06-19,15.877537727355955,17.753332138061523,17.889999389648438,17.579999923706055,17.666667938232422,33799800
2017-06-20,15.540666580200195,17.376667022705078,17.690000534057617,17.350000381469727,17.690000534057617,21355500
2017-06-21,15.55856227874756,17.39666748046875,17.456666946411133,17.253332138061523,17.426666259765625,13007700
2017-06-22,15.68078327178955,17.53333282470703,17.573333740234375,17.316667556762695,17.373332977294922,12700200
2017-06-23,15.695685386657717,17.549999237060547,17.68666648864746,17.433332443237305,17.51333236694336,67876500
2017-06-26,15.835801124572754,17.706666946411133,17.916667938232422,17.600000381469727,17.700000762939453,14298300
2017-06-27,15.895425796508787,17.773332595825195,17.876667022705078,17.65333366394043,17.709999084472656,26725800
2017-06-28,16.271047592163086,18.19333267211914,18.21999931335449,17.80666732788086,17.899999618530273,17403000
2017-06-29,16.044483184814453,17.940000534057617,18.24666786193848,17.836666107177734,18.18666648864746,19629300
2017-06-30,16.26508331298828,18.18666648864746,18.286666870117188,17.996667861938477,18.25,17623500
2017-07-03,16.244220733642578,18.163333892822266,18.33333206176757,18.1299991607666,18.25,10439700
2017-07-05,16.423084259033203,18.36333274841309,18.43666648864746,18.163333892822266,18.166667938232425,13810800
2017-07-06,16.274032592773438,18.196666717529297,18.35333251953125,18.14666748046875,18.209999084472656,14384400
2017-07-07,16.35154151916504,18.28333282470703,18.426666259765625,18.12333297729492,18.239999771118164,12517500
2017-07-10,16.36347007751465,18.296667098999023,18.40999984741211,18.13333320617676,18.21666717529297,14888700
2017-07-11,16.139877319335938,18.046667098999023,18.290000915527344,17.97333335876465,18.27666664123535,13668600
2017-07-12,16.45290184020996,18.39666748046875,18.479999542236328,18.19333267211914,18.239999771118164,13066500
2017-07-13,16.3455753326416,18.27666664123535,18.49333381652832,18.26666641235352,18.37333297729492,8247300
2017-07-14,16.420106887817383,18.36000061035156,18.39999961853028,18.28333282470703,18.33333206176757,11792400
2017-07-17,16.282968521118164,18.206666946411133,18.33333206176757,18.12333297729492,18.33333206176757,11731500
2017-07-18,16.2889404296875,18.21333312988281,18.280000686645508,18.053333282470703,18.163333892822266,22781100
2017-07-19,15.46315860748291,17.290000915527344,17.71666717529297,16.893333435058594,17.683332443237305,89881800
2017-07-20,15.165046691894531,16.956666946411133,17.376667022705078,16.77666664123535,17.293333053588867,66997200
2017-07-21,15.406521797180176,17.226667404174805,17.27666664123535,16.836666107177734,16.90999984741211,36099600
2017-07-24,15.15014362335205,16.940000534057617,17.31999969482422,16.850000381469727,17.18000030517578,41994600
2017-07-25,15.370746612548828,17.18666648864746,17.260000228881836,16.96666717529297,16.99333381652832,25021500
2017-07-26,15.519798278808594,17.35333251953125,17.46666717529297,16.953332901000977,17.149999618530273,28435800
2017-07-27,14.905691146850586,16.666667938232422,17.3700008392334,16.43666648864746,17.363332748413086,46649700
2017-07-28,14.902709007263184,16.663333892822266,16.746667861938477,16.286666870117188,16.456666946411133,29755200
2017-07-31,14.708934783935549,16.446666717529297,16.700000762939453,16.426666259765625,16.649999618530273,20157000
2017-08-01,14.48832893371582,16.200000762939453,16.46666717529297,16.136667251586914,16.43000030517578,36613500
2017-08-02,14.351198196411133,16.046667098999023,16.213333129882812,15.99666690826416,16.1200008392334,26523600
2017-08-03,14.688061714172363,16.42333221435547,16.433332443237305,16.0,16.0,25682100
2017-08-04,14.530065536499023,16.246667861938477,16.489999771118164,16.209999084472656,16.48666763305664,19448100
2017-08-07,14.792405128479004,16.540000915527344,16.573333740234375,16.149999618530273,16.270000457763672,19189200
2017-08-08,14.947422981262209,16.713333129882812,16.739999771118164,16.40999984741211,16.479999542236328,22329600
2017-08-09,15.114368438720703,16.899999618530273,16.90333366394043,16.610000610351562,16.676666259765625,20280000
2017-08-10,14.857990264892578,16.613332748413086,16.920000076293945,16.56999969482422,16.81999969482422,21245400
2017-08-11,14.98617935180664,16.75666618347168,16.90999984741211,16.69333267211914,16.69333267211914,14357100
2017-08-14,15.129277229309082,16.916667938232422,16.983333587646484,16.833332061767578,16.886667251586914,18119700
2017-08-15,15.242557525634766,17.043333053588867,17.046667098999023,16.876667022705078,16.963333129882812,16530900
2017-08-16,15.018969535827637,16.793333053588867,17.126667022705078,16.77666664123535,17.123332977294922,17382000
2017-08-17,14.571799278259276,16.293333053588867,16.790000915527344,16.290000915527344,16.703332901000977,22891800
2017-08-18,14.541988372802734,16.260000228881836,16.43000030517578,16.053333282470703,16.22333335876465,20732400
2017-08-21,14.518143653869627,16.233333587646484,16.270000457763672,16.036666870117188,16.233333587646484,17230500
2017-08-22,14.881837844848633,16.639999389648438,16.666667938232422,16.323333740234375,16.356666564941406,17530500
2017-08-23,14.56882095336914,16.290000915527344,16.573333740234375,16.170000076293945,16.520000457763672,15514200
2017-08-24,14.422744750976562,16.126667022705078,16.39666748046875,16.040000915527344,16.363332748413086,16418700
2017-08-25,14.562859535217283,16.28333282470703,16.3700008392334,16.136667251586914,16.139999389648438,12877200
2017-08-28,14.756634712219238,16.5,16.523332595825195,16.303333282470703,16.333332061767578,16557600
2017-08-29,14.900303840637209,16.593332290649414,16.639999389648438,16.299999237060547,16.333332061767578,17739000
2017-08-30,15.088885307312012,16.803333282470703,16.886667251586914,16.5,16.56333351135254,18592500
2017-08-31,15.026023864746094,16.733333587646484,16.953332901000977,16.59666633605957,16.796667098999023,17758800
2017-09-01,14.900303840637209,16.593332290649414,16.860000610351562,16.586666107177734,16.793333053588867,13603800
2017-09-05,14.66384220123291,16.329999923706055,16.56333351135254,16.229999542236328,16.55666732788086,23197200
2017-09-06,15.02901554107666,16.73666763305664,17.113332748413086,16.356666564941406,16.376667022705078,28098900
2017-09-07,15.40616226196289,17.156667709350586,17.19333267211914,16.700000762939453,16.753332138061523,25928700
2017-09-08,15.307384490966797,17.046667098999023,17.183332443237305,16.926666259765625,17.139999389648438,16887300
2017-09-11,15.585748672485352,17.356666564941406,17.373332977294922,17.143333435058594,17.15333366394043,17073000
2017-09-12,15.54085922241211,17.30666732788086,17.469999313354492,17.24333381652832,17.350000381469727,13155600
2017-09-13,15.585748672485352,17.356666564941406,17.366666793823242,17.15999984741211,17.32666778564453,11757600
2017-09-14,15.588754653930664,17.360000610351562,17.503332138061523,17.226667404174805,17.280000686645508,17144400
2017-09-15,15.708478927612305,17.49333381652832,17.503332138061523,17.286666870117188,17.299999237060547,28107300
2017-09-18,15.519906044006348,17.28333282470703,17.56333351135254,17.280000686645508,17.479999542236328,16939200
2017-09-19,15.498953819274902,17.260000228881836,17.393333435058594,17.059999465942383,17.316667556762695,19139400
2017-09-20,15.807249069213867,17.60333251953125,17.613332748413086,17.213333129882812,17.273332595825195,13510500
2017-09-21,15.81923007965088,17.616666793823242,17.670000076293945,17.459999084472656,17.586666107177734,11122500
2017-09-22,15.894062995910645,17.700000762939453,17.74333381652832,17.44333267211914,17.516666412353516,11388300
2017-09-25,15.96290397644043,17.77666664123535,17.790000915527344,17.55666732788086,17.68000030517578,12483600
2017-09-26,16.037736892700195,17.860000610351562,17.916667938232422,17.703332901000977,17.780000686645508,15162600
2017-09-27,16.112565994262695,17.94333267211914,18.07666778564453,17.883333206176758,17.926666259765625,15236700
2017-09-28,16.070661544799805,17.89666748046875,18.02666664123535,17.866666793823242,17.883333206176758,13649100
2017-09-29,16.241275787353516,18.08666610717773,18.100000381469727,17.733333587646484,17.883333206176758,13744500
2017-10-02,15.79827117919922,17.593332290649414,17.81999969482422,17.459999084472656,17.60333251953125,24230700
2017-10-03,15.60072422027588,17.373332977294922,17.68000030517578,17.31999969482422,17.559999465942383,20766000
2017-10-04,15.510929107666016,17.273332595825195,17.40333366394043,17.213333129882812,17.329999923706055,14476200
2017-10-05,15.669568061828612,17.450000762939453,17.46666717529297,17.170000076293945,17.303333282470703,15098700
2017-10-06,15.669568061828612,17.450000762939453,17.456666946411133,17.26333236694336,17.420000076293945,13344000
2017-10-09,15.807249069213867,17.60333251953125,17.633333206176758,17.450000762939453,17.483333587646484,9181800
2017-10-10,15.681543350219728,17.463333129882812,17.64666748046875,17.450000762939453,17.626667022705078,9039300
2017-10-11,15.888072967529297,17.69333267211914,17.700000762939453,17.34000015258789,17.3799991607666,13800600
2017-10-12,16.037736892700195,17.860000610351562,17.953332901000977,17.706666946411133,17.729999542236328,15402900
2017-10-13,15.813243865966797,17.610000610351562,17.979999542236328,17.583332061767578,17.913333892822266,11840100
2017-10-16,15.816235542297363,17.613332748413086,17.76333236694336,17.536666870117188,17.600000381469727,19795200
2017-10-17,16.232295989990234,18.07666778564453,18.09333229064941,17.366666793823242,17.420000076293945,29346900
2017-10-18,16.067663192749023,17.893333435058594,18.32666778564453,17.866666793823242,18.09666633605957,22398000
2017-10-19,16.181413650512695,18.020000457763672,18.040000915527344,17.666667938232422,17.719999313354492,15522300
2017-10-20,16.319095611572266,18.17333221435547,18.309999465942383,18.036666870117188,18.14999961853028,18343200
2017-10-23,16.199371337890625,18.040000915527344,18.253332138061523,18.036666870117188,18.18000030517578,13544400
2017-10-24,16.262226104736328,18.11000061035156,18.32333374023437,18.049999237060547,18.053333282470703,12084000
2017-10-25,15.84017848968506,17.639999389648438,18.32999992370605,17.56999969482422,18.15999984741211,23330700
2017-10-26,15.669568061828612,17.450000762939453,17.64666748046875,16.893333435058594,17.479999542236328,39015300
2017-10-27,15.726438522338867,17.51333236694336,17.733333587646484,17.333332061767578,17.373332977294922,19315800
2017-10-30,15.445076942443848,17.200000762939453,17.516666412353516,17.09666633605957,17.469999313354492,18961200
2017-10-31,15.094863891601562,16.809999465942383,17.200000762939453,16.796667098999023,17.19333267211914,22293600
2017-11-01,15.011058807373049,16.71666717529297,16.98666763305664,16.59000015258789,16.90999984741211,18359400
2017-11-02,15.45106029510498,17.206666946411133,17.213333129882812,16.696666717529297,16.739999771118164,18351300
2017-11-03,15.358268737792969,17.10333251953125,17.246667861938477,17.05666732788086,17.209999084472656,12006600
2017-11-06,15.310378074645996,17.049999237060547,17.083332061767578,16.863332748413086,17.016666412353516,13734900
2017-11-07,15.510929107666016,17.273332595825195,17.47333335876465,16.963333129882812,17.043333053588867,16522200
2017-11-08,15.412147521972656,17.163333892822266,17.286666870117188,17.00666618347168,17.049999237060547,11689800
2017-11-09,15.035003662109377,16.74333381652832,17.083332061767578,16.72333335876465,17.06333351135254,16366500
2017-11-10,14.990102767944336,16.69333267211914,16.793333053588867,16.59000015258789,16.656667709350586,10387200
2017-11-13,14.891324996948242,16.583332061767578,16.656667709350586,16.26333236694336,16.453332901000977,14740800
2017-11-14,14.786563873291016,16.46666717529297,16.540000915527344,16.333332061767578,16.48666763305664,13259100
2017-11-15,14.55608367919922,16.209999084472656,16.446666717529297,16.086666107177734,16.420000076293945,15861300
2017-11-16,15.002080917358398,16.706666946411133,16.71666717529297,16.113332748413086,16.23666763305664,21616800
2017-11-17,14.942211151123049,16.639999389648438,16.690000534057617,16.5,16.65333366394043,18522300
2017-11-20,14.879358291625977,16.56999969482422,16.636667251586914,16.433332443237305,16.583332061767578,14530500
2017-11-21,15.03200912475586,16.739999771118164,16.746667861938477,16.520000457763672,16.586666107177734,11388600
2017-11-22,15.26846981048584,17.003332138061523,17.066667556762695,16.709999084472656,16.799999237060547,13997100
2017-11-24,15.235546112060549,16.96666717529297,17.106666564941406,16.893333435058594,16.959999084472656,7338900
2017-11-27,15.16371250152588,16.886667251586914,17.030000686645508,16.739999771118164,16.969999313354492,13575900
2017-11-28,15.603714942932127,17.376667022705078,17.393333435058594,16.81333351135254,16.89666748046875,20397300
2017-11-29,16.357913970947266,18.14666748046875,18.239999771118164,17.170000076293945,17.303333282470703,33467100
2017-11-30,16.751535415649414,18.58333206176757,18.72333335876465,18.049999237060547,18.489999771118164,43613700
2017-12-01,16.86872100830078,18.71333312988281,18.773332595825195,18.26666641235352,18.40999984741211,30976500
2017-12-04,17.124128341674805,18.99666786193848,19.416667938232425,18.80666732788086,18.81666755676269,35068200
2017-12-05,16.7635555267334,18.59666633605957,19.1299991607666,18.56333351135254,19.08666610717773,24312300
2017-12-06,16.715478897094727,18.543333053588867,18.780000686645508,18.523332595825195,18.61333274841309,17233800
2017-12-07,16.874727249145508,18.71999931335449,18.81333351135254,18.456666946411133,18.489999771118164,14973000
2017-12-08,16.964874267578125,18.81999969482422,18.916667938232425,18.733333587646484,18.786666870117188,11754900
2017-12-11,17.118114471435547,18.989999771118164,18.99666786193848,18.726667404174805,18.799999237060547,19396500
2017-12-12,17.121124267578125,18.99333381652832,19.13333320617676,18.803333282470703,19.02666664123535,16873800
2017-12-13,17.334455490112305,19.229999542236328,19.450000762939453,19.023332595825195,19.09666633605957,20464200
2017-12-14,17.220272064208984,19.10333251953125,19.440000534057617,19.053333282470703,19.253332138061523,21457800
2017-12-15,15.904193878173828,17.643333435058594,17.863332748413086,17.209999084472656,17.34666633605957,149631300
2017-12-18,16.10250473022461,17.863332748413086,17.90333366394043,17.166667938232422,17.233333587646484,86086500
2017-12-19,16.481111526489258,18.28333282470703,18.31666755676269,17.799999237060547,17.976667404174805,29774400
2017-12-20,16.649375915527344,18.46999931335449,18.63333320617676,18.33333206176757,18.450000762939453,31248600
2017-12-21,16.49012565612793,18.293333053588867,18.69333267211914,18.273332595825195,18.61666679382324,27636900
2017-12-22,16.526166915893555,18.33333206176757,18.43000030517578,18.203332901000977,18.286666870117188,16941600
2017-12-26,16.487117767333984,18.290000915527344,18.456666946411133,18.25666618347168,18.356666564941406,13209900
2017-12-27,16.568239212036133,18.3799991607666,18.46999931335449,18.253332138061523,18.36333274841309,20742300
2017-12-28,16.526166915893555,18.33333206176757,18.48666763305664,18.156667709350582,18.453332901000977,12932400
2017-12-29,16.52918243408203,18.33666610717773,18.456666946411133,18.31333351135254,18.33333206176757,9407100
2018-01-02,16.92881965637207,18.780000686645508,18.87666702270508,18.34000015258789,18.543333053588867,17643900
2018-01-03,17.14215087890625,19.01666641235352,19.08333206176757,18.68666648864746,18.71999931335449,23207400
2018-01-04,17.061023712158203,18.926666259765625,19.31999969482422,18.8799991607666,19.11666679382324,17520900
2018-01-05,17.343473434448242,19.239999771118164,19.31666755676269,18.97333335876465,19.19333267211914,18926400
2018-01-08,17.64996337890625,19.57999992370605,19.656667709350582,19.11333274841309,19.11333274841309,18674100
2018-01-09,17.80620574951172,19.753332138061523,19.920000076293945,19.53333282470703,19.59333229064941,17587200
2018-01-10,17.571836471557617,19.49333381652832,19.753332138061523,19.413333892822266,19.706666946411133,19422900
2018-01-11,17.634933471679688,19.56333351135254,19.65999984741211,19.483333587646484,19.540000915527344,16382100
2018-01-12,17.803199768066406,19.75,19.790000915527344,19.543333053588867,19.543333053588867,14232600
2018-01-16,17.466670989990234,19.37666702270508,20.01333236694336,19.32333374023437,19.956666946411133,30164700
2018-01-17,17.334455490112305,19.229999542236328,19.406667709350582,18.86666679382324,19.049999237060547,33436800
2018-01-18,17.4426326751709,19.350000381469727,19.413333892822266,19.196666717529297,19.23666763305664,20733900
2018-01-19,17.27436065673828,19.163333892822266,19.38666725158692,19.08666610717773,19.36000061035156,22623900
2018-01-22,17.346479415893555,19.24333381652832,19.270000457763672,18.983333587646484,19.206666946411133,18000600
2018-01-23,17.15717887878418,19.03333282470703,19.200000762939453,18.790000915527344,19.14666748046875,29634000
2018-01-24,17.088069915771484,18.956666946411133,19.10333251953125,18.71333312988281,19.10333251953125,19671000
2018-01-25,16.86872100830078,18.71333312988281,18.906667709350582,18.62333297729492,18.76333236694336,28446900
2018-01-26,17.400562286376953,19.303333282470703,19.33666610717773,18.71999931335449,18.790000915527344,18245700
2018-01-29,17.19624137878418,19.07666778564453,19.33666610717773,19.01333236694336,19.18666648864746,12499500
2018-01-30,17.085065841674805,18.953332901000977,19.253332138061523,18.82666778564453,19.06999969482422,19206000
2018-01-31,17.058019638061523,18.92333221435547,19.239999771118164,18.799999237060547,19.059999465942383,18598800
2018-02-01,17.00092887878418,18.86000061035156,19.03333282470703,18.68000030517578,18.700000762939453,12237300
2018-02-02,16.601299285888672,18.416667938232425,18.78333282470703,18.39999961853028,18.729999542236328,27827400
2018-02-05,15.621748924255373,17.329999923706055,18.34666633605957,17.31999969482422,18.296667098999023,27210600
2018-02-06,16.171615600585938,17.940000534057617,18.0,16.706666946411133,17.09000015258789,31691100
2018-02-07,15.916213035583496,17.656667709350586,18.1200008392334,17.64666748046875,17.793333053588867,19488600
2018-02-08,15.165021896362305,16.823333740234375,17.719999313354492,16.81999969482422,17.636667251586914,23394300
2018-02-09,15.291224479675291,16.963333129882812,17.116666793823242,16.143333435058594,16.94333267211914,36834600
2018-02-12,15.973302841186523,17.719999313354492,17.866666793823242,17.110000610351562,17.18666648864746,33434100
2018-02-13,16.09349250793457,17.85333251953125,17.90333366394043,17.399999618530273,17.56333351135254,22472400
2018-02-14,16.571247100830078,18.38333320617676,18.40999984741211,17.709999084472656,17.753332138061523,28346100
2018-02-15,16.694442749023438,18.520000457763672,18.63666725158692,18.24333381652832,18.57333374023437,16868700
2018-02-16,16.85670280456543,18.700000762939453,18.80666732788086,18.453332901000977,18.543333053588867,22788900
2018-02-20,16.402984619140625,18.196666717529297,18.656667709350582,18.106666564941406,18.57666778564453,19165200
2018-02-21,16.51415252685547,18.31999969482422,18.790000915527344,18.14999961853028,18.200000762939453,17432100
2018-02-22,16.523168563842773,18.32999992370605,18.55666732788086,18.18000030517578,18.42333221435547,15483000
2018-02-23,16.778581619262695,18.61333274841309,18.62333297729492,18.19333267211914,18.483333587646484,13704300
2018-02-26,16.889755249023438,18.73666763305664,18.89666748046875,18.546667098999023,18.74333381652832,20032500
2018-02-27,16.56223487854004,18.37333297729492,18.99666786193848,18.36333274841309,18.74666786193848,21040200
2018-02-28,16.206253051757812,17.906667709350586,18.47333335876465,17.883333206176758,18.34333229064941,29800500
2018-03-01,16.44759750366211,18.17333221435547,18.57999992370605,17.709999084472656,17.983333587646484,40043100
2018-03-02,16.60447120666504,18.34666633605957,18.450000762939453,17.860000610351562,18.1299991607666,33687000
2018-03-05,17.00872039794922,18.793333053588867,18.82333374023437,17.926666259765625,18.27666664123535,28975800
2018-03-06,16.93631935119629,18.71333312988281,19.049999237060547,18.59666633605957,18.83333206176757,23304000
2018-03-07,16.969507217407227,18.75,18.90999984741211,18.559999465942383,18.64999961853028,16532400
2018-03-08,16.969507217407227,18.75,18.92333221435547,18.440000534057617,18.786666870117188,13981200
2018-03-09,17.497438430786133,19.33333206176757,19.33333206176757,18.86666679382324,18.940000534057617,18505200
2018-03-12,17.37375259399414,19.196666717529297,19.350000381469727,19.1200008392334,19.32999992370605,12213300
2018-03-13,17.340564727783203,19.15999984741211,19.46666717529297,19.11333274841309,19.356666564941406,14785800
2018-03-14,17.14447593688965,18.94333267211914,19.30666732788086,18.83333206176757,19.290000915527344,15628200
2018-03-15,17.120342254638672,18.916667938232425,19.023332595825195,18.753332138061523,18.950000762939453,15056100
2018-03-16,17.1716251373291,18.97333335876465,19.170000076293945,18.850000381469727,18.933332443237305,26262600
2018-03-19,17.10224151611328,18.89666748046875,18.989999771118164,18.63666725158692,18.86000061035156,13749900
2018-03-20,17.186710357666016,18.989999771118164,19.15333366394043,18.926666259765625,19.003332138061523,10785000
2018-03-21,17.165590286254883,18.96666717529297,19.253332138061523,18.84666633605957,18.97333335876465,11420400
2018-03-22,16.67989730834961,18.43000030517578,18.8799991607666,18.38999938964844,18.809999465942383,15339900
2018-03-23,16.37217903137207,18.09000015258789,18.74333381652832,18.06333351135254,18.44333267211914,15771600
2018-03-26,16.788496017456055,18.549999237060547,18.62333297729492,18.11000061035156,18.40333366394043,16942200
2018-03-27,16.50189971923828,18.233333587646484,18.85333251953125,18.12333297729492,18.65333366394043,16410900
2018-03-28,16.384246826171875,18.10333251953125,18.33333206176757,17.90333366394043,18.290000915527344,22914300
2018-03-29,16.80659294128418,18.56999969482422,18.796667098999023,18.10333251953125,18.17333221435547,14846100
2018-04-02,16.513967514038086,18.24666786193848,18.666667938232425,17.969999313354492,18.49333381652832,17373600
2018-04-03,16.81262969970703,18.57666778564453,18.68000030517578,18.299999237060547,18.36000061035156,18300000
2018-04-04,16.73419189453125,18.489999771118164,18.58333206176757,18.13333320617676,18.27666664123535,18138600
2018-04-05,16.773408889770508,18.53333282470703,18.68000030517578,18.33666610717773,18.59333229064941,14774100
2018-04-06,16.396310806274414,18.11666679382324,18.450000762939453,17.843332290649414,18.35333251953125,16215900
2018-04-09,16.41742706298828,18.13999938964844,18.479999542236328,18.1200008392334,18.209999084472656,13813500
2018-04-10,16.67083740234375,18.420000076293945,18.59666633605957,18.32999992370605,18.43666648864746,15370500
2018-04-11,16.59541893005371,18.33666610717773,18.450000762939453,18.21666717529297,18.31666755676269,14855400
2018-04-12,16.927268981933594,18.703332901000977,18.82333374023437,18.406667709350582,18.46666717529297,22339500
2018-04-13,16.7703914642334,18.530000686645508,18.87333297729492,18.46333312988281,18.77666664123535,14869200
2018-04-16,17.01776885986328,18.803333282470703,18.88999938964844,18.64999961853028,18.726667404174805,25865400
2018-04-17,17.066041946411133,18.856666564941406,19.049999237060547,18.700000762939453,18.82999992370605,20811000
2018-04-18,18.40550994873047,20.33666610717773,20.38999938964844,19.729999542236328,19.729999542236328,60880800
2018-04-19,18.459800720214844,20.39666748046875,20.47333335876465,20.11333274841309,20.36666679382324,22507200
2018-04-20,18.112865447998047,20.01333236694336,20.5,19.979999542236328,20.32666778564453,16460100
2018-04-23,18.203372955322266,20.11333274841309,20.226667404174805,19.983333587646484,20.059999465942383,17986800
2018-04-24,17.8564395904541,19.729999542236328,20.3700008392334,19.523332595825195,20.206666946411133,15606300
2018-04-25,18.0977840423584,19.99666786193848,20.059999465942383,19.6433334350586,19.76000022888184,18171900
2018-04-26,17.871530532836914,19.74666786193848,20.08333206176757,19.6200008392334,19.83666610717773,20096700
2018-04-27,18.18527030944824,20.09333229064941,20.1200008392334,19.67333221435547,19.67333221435547,13304700
2018-04-30,17.916780471801758,19.796667098999023,20.356666564941406,19.793333053588867,20.190000534057617,15686700
2018-05-01,18.05554962158203,19.950000762939453,20.03333282470703,19.676666259765625,19.76333236694336,14810700
2018-05-02,17.91375732421875,19.793333053588867,20.1299991607666,19.739999771118164,19.8799991607666,15434400
2018-05-03,17.826278686523438,19.696666717529297,19.84000015258789,19.32333374023437,19.700000762939453,16839600
2018-05-04,18.09174919128418,19.989999771118164,20.13666725158692,19.52666664123535,19.56333351135254,12558300
2018-05-07,18.251644134521484,20.166667938232425,20.25,20.040000915527344,20.08666610717773,10868400
2018-05-08,18.27275848388672,20.190000534057617,20.38999938964844,20.046667098999023,20.11000061035156,15062700
2018-05-09,18.77958106994629,20.75,20.81666755676269,20.209999084472656,20.286666870117188,18455700
2018-05-10,18.948522567749023,20.93666648864746,21.01000022888184,20.690000534057617,20.93000030517578,12987600
2018-05-11,19.032989501953125,21.030000686645508,21.293333053588867,20.933332443237305,20.98666763305664,13797600
2018-05-14,18.97567176818848,20.96666717529297,21.26333236694336,20.89999961853028,21.26333236694336,10257300
2018-05-15,18.88818550109864,20.8700008392334,20.940000534057617,20.6299991607666,20.77666664123535,9942900
2018-05-16,19.090307235717773,21.09333229064941,21.21333312988281,20.8700008392334,20.8799991607666,13426800
2018-05-17,19.162715911865234,21.17333221435547,21.356666564941406,21.01333236694336,21.030000686645508,9158700
2018-05-18,19.235122680664062,21.253332138061523,21.32666778564453,21.043333053588867,21.183332443237305,8107200
2018-05-21,19.31053352355957,21.33666610717773,21.55666732788086,21.296667098999023,21.350000381469727,9582600
2018-05-22,19.14762687683105,21.156667709350582,21.51333236694336,21.13999938964844,21.3700008392334,10342800
2018-05-23,19.171770095825195,21.183332443237305,21.200000762939453,20.87333297729492,21.0,9172200
2018-05-24,19.437244415283203,21.476667404174805,21.549999237060547,21.176666259765625,21.209999084472656,11097000
2018-05-25,19.512666702270508,21.559999465942383,21.606666564941406,21.44333267211914,21.479999542236328,11542500
2018-05-29,19.373891830444336,21.406667709350582,21.489999771118164,21.206666946411133,21.3700008392334,11384400
2018-05-30,19.870346069335938,21.8799991607666,21.976667404174805,21.43000030517578,21.456666946411133,14168400
2018-05-31,19.57065773010254,21.549999237060547,21.96666717529297,21.49333381652832,21.85333251953125,20043600
2018-06-01,19.80980682373047,21.81333351135254,21.983333587646484,21.706666946411133,21.739999771118164,13277400
2018-06-04,19.582767486572266,21.56333351135254,21.940000534057617,21.459999084472656,21.8700008392334,11709900
2018-06-05,19.582767486572266,21.56333351135254,21.64999961853028,21.24666786193848,21.559999465942383,10730400
2018-06-06,19.77650451660156,21.77666664123535,21.780000686645508,21.3799991607666,21.58333206176757,8592300
2018-06-07,19.903642654418945,21.916667938232425,21.933332443237305,21.700000762939453,21.77666664123535,16923000
2018-06-08,20.30323600769043,22.356666564941406,22.3799991607666,21.916667938232425,21.96666717529297,15488100
2018-06-11,20.36680603027344,22.426666259765625,22.553333282470703,22.200000762939453,22.356666564941406,15370500
2018-06-12,20.20636749267578,22.25,22.56333351135254,22.22333335876465,22.416667938232425,12632100
2018-06-13,20.018678665161133,22.043333053588867,22.36000061035156,21.953332901000977,22.25,14660700
2018-06-14,19.94603157043457,21.96333312988281,22.21333312988281,21.88333320617676,22.13333320617676,12165000
2018-06-15,20.17609024047852,22.21666717529297,22.25666618347168,21.753332138061523,21.98666763305664,24099600
2018-06-18,20.01262092590332,22.036666870117188,22.18000030517578,21.950000762939453,22.01333236694336,10431600
2018-06-19,19.625141143798828,21.61000061035156,21.84000015258789,21.56666755676269,21.76000022888184,17902800
2018-06-20,19.63724899291992,21.62333297729492,21.733333587646484,21.530000686645508,21.666667938232425,10011000
2018-06-21,19.389028549194336,21.350000381469727,21.64999961853028,21.286666870117188,21.58333206176757,14091300
2018-06-22,19.610015869140625,21.59333229064941,21.74333381652832,21.523332595825195,21.56333351135254,25937100
2018-06-25,19.398107528686523,21.36000061035156,21.63999938964844,21.15333366394043,21.56333351135254,14053200
2018-06-26,19.42838478088379,21.3933334350586,21.520000457763672,21.32999992370605,21.32999992370605,10959000
2018-06-27,19.30729866027832,21.26000022888184,21.80666732788086,21.26000022888184,21.3933334350586,15345600
2018-06-28,19.2497787475586,21.196666717529297,21.3700008392334,20.906667709350582,21.293333053588867,15881100
2018-06-29,19.30729866027832,21.26000022888184,21.523332595825195,21.22333335876465,21.31333351135254,15006600
2018-07-02,19.452598571777344,21.420000076293945,21.503332138061523,21.09000015258789,21.18000030517578,9558600
2018-07-03,19.328487396240234,21.28333282470703,21.56333351135254,21.24666786193848,21.47333335876465,5216400
2018-07-05,19.48287010192871,21.453332901000977,21.543333053588867,21.286666870117188,21.43000030517578,11055900
2018-07-06,19.67661094665528,21.666667938232425,21.773332595825195,21.38666725158692,21.52666664123535,8359800
2018-07-09,20.13068199157715,22.166667938232425,22.22333335876465,21.76000022888184,21.773332595825195,13605600
2018-07-10,19.99446487426757,22.01666641235352,22.229999542236328,21.76000022888184,22.229999542236328,11245200
2018-07-11,19.61909294128418,21.60333251953125,21.89666748046875,21.450000762939453,21.89666748046875,12486000
2018-07-12,19.57973861694336,21.559999465942383,21.86333274841309,21.48666763305664,21.793333053588867,19044000
2018-07-13,19.58882522583008,21.56999969482422,21.786666870117188,21.49333381652832,21.536666870117188,14811000
2018-07-16,19.373891830444336,21.33333206176757,21.739999771118164,21.09666633605957,21.62666702270508,24952800
2018-07-17,19.50708770751953,21.479999542236328,21.530000686645508,21.07666778564453,21.25,26122800
2018-07-18,20.88747787475586,23.0,23.036666870117188,22.100000381469727,22.21666717529297,49734000
2018-07-19,20.93288993835449,23.049999237060547,23.183332443237305,22.23666763305664,22.84000015258789,32689800
2018-07-20,21.02672576904297,23.15333366394043,23.299999237060547,22.86000061035156,22.913333892822266,25993200
2018-07-23,21.27495384216309,23.426666259765625,23.476667404174805,22.90999984741211,22.90999984741211,18604200
2018-07-24,20.93288993835449,23.049999237060547,23.6299991607666,22.93000030517578,23.31999969482422,27708600
2018-07-25,21.47777557373047,23.64999961853028,23.690000534057617,22.926666259765625,23.01333236694336,19964400
2018-07-26,21.45961570739746,23.6299991607666,24.07333374023437,23.56999969482422,23.88999938964844,13580700
2018-07-27,21.27192497253418,23.42333221435547,23.74666786193848,23.309999465942383,23.61666679382324,17736300
2018-07-30,21.27798080444336,23.43000030517578,23.75666618347168,23.38666725158692,23.43666648864746,20031600
2018-07-31,21.396041870117188,23.559999465942383,23.753332138061523,23.46999931335449,23.489999771118164,24276300
2018-08-01,21.37788200378418,23.540000915527344,23.72333335876465,23.37666702270508,23.57999992370605,12787500
2018-08-02,21.520153045654297,23.696666717529297,23.790000915527344,23.36333274841309,23.36333274841309,14705700
2018-08-03,21.571617126464844,23.753332138061523,23.809999465942383,23.483333587646484,23.706666946411133,12798000
2018-08-06,21.841033935546875,24.049999237060547,24.13999938964844,23.76666641235352,23.790000915527344,15274800
2018-08-07,21.974233627319336,24.196666717529297,24.303333282470703,24.06666755676269,24.11333274841309,9259800
2018-08-08,21.95909118652344,24.18000030517578,24.28333282470703,24.06333351135254,24.196666717529297,9410400
2018-08-09,21.847087860107425,24.05666732788086,24.293333053588867,24.023332595825195,24.23666763305664,10171500
2018-08-10,21.9136905670166,24.1299991607666,24.26333236694336,23.83666610717773,23.83666610717773,10072800
2018-08-13,21.98028945922852,24.203332901000977,24.35333251953125,24.09666633605957,24.14666748046875,11654100
2018-08-14,22.310245513916016,24.56666755676269,24.65999984741211,24.27666664123535,24.27666664123535,15935700
2018-08-15,22.14677619934082,24.38666725158692,24.51666641235352,24.209999084472656,24.309999465942383,14187000
2018-08-16,22.231544494628903,24.479999542236328,24.56333351135254,24.21666717529297,24.456666946411133,15801000
2018-08-17,22.307218551635746,24.56333351135254,24.700000762939453,24.406667709350582,24.50666618347168,10659900
2018-08-20,22.331438064575195,24.59000015258789,24.916667938232425,24.559999465942383,24.63333320617676,18277200
2018-08-21,22.609941482543945,24.89666748046875,25.046667098999023,24.600000381469727,24.61333274841309,14810400
2018-08-22,22.31932830810547,24.57666778564453,24.89666748046875,24.56666755676269,24.786666870117188,9284400
2018-08-23,22.385929107666016,24.64999961853028,24.84666633605957,24.57666778564453,24.63333320617676,13247400
2018-08-24,22.597829818725582,24.88333320617676,25.003332138061523,24.65999984741211,24.67333221435547,12876000
2018-08-27,22.85513687133789,25.166667938232425,25.206666946411133,24.950000762939453,25.003332138061523,10893000
2018-08-28,22.767353057861328,25.06999969482422,25.413333892822266,25.020000457763672,25.309999465942383,9406200
2018-08-29,22.649290084838867,24.940000534057617,25.170000076293945,24.89999961853028,25.12333297729492,10176300
2018-08-30,22.53088760375977,24.73666763305664,24.89999961853028,24.6433334350586,24.77666664123535,12687600
2018-08-31,22.515697479248047,24.71999931335449,24.83333206176757,24.60333251953125,24.62666702270508,14774100
2018-09-04,22.72215843200684,24.946666717529297,24.959999084472656,24.676666259765625,24.71999931335449,17745900
2018-09-05,22.558210372924805,24.76666641235352,24.8933334350586,24.46999931335449,24.63999938964844,14277900
2018-09-06,22.48534393310547,24.68666648864746,24.96999931335449,24.670000076293945,24.71999931335449,13761300
2018-09-07,22.354785919189453,24.543333053588867,24.790000915527344,24.530000686645508,24.58333206176757,15774600
2018-09-10,22.564281463623047,24.773332595825195,24.926666259765625,24.549999237060547,24.69333267211914,15406500
2018-09-11,22.500526428222656,24.703332901000977,24.89999961853028,24.553333282470703,24.76000022888184,15547800
2018-09-12,22.509632110595703,24.71333312988281,24.916667938232425,24.63999938964844,24.71999931335449,10587000
2018-09-13,22.21816062927246,24.3933334350586,24.706666946411133,24.296667098999023,24.666667938232425,15527400
2018-09-14,22.30924797058105,24.49333381652832,24.709999084472656,24.31999969482422,24.426666259765625,12329700
2018-09-17,22.26674461364746,24.446666717529297,24.6200008392334,24.39666748046875,24.543333053588867,13281300
2018-09-18,22.500526428222656,24.703332901000977,24.88333320617676,24.520000457763672,24.65333366394043,15438000
2018-09-19,22.464088439941406,24.663333892822266,24.89666748046875,24.6299991607666,24.75666618347168,16577700
2018-09-20,22.178693771362305,24.350000381469727,24.84333229064941,24.30666732788086,24.75,15951000
2018-09-21,22.464088439941406,24.663333892822266,24.709999084472656,24.229999542236328,24.25,54875100
2018-09-24,22.25459671020508,24.433332443237305,24.64666748046875,24.35333251953125,24.52666664123535,14310300
2018-09-25,22.26066970825196,24.440000534057617,24.559999465942383,24.32999992370605,24.51333236694336,11865000
2018-09-26,22.43676948547364,24.63333320617676,24.82999992370605,24.483333587646484,24.49333381652832,12198000
2018-09-27,22.53088760375977,24.73666763305664,24.96333312988281,24.42333221435547,24.74333381652832,8327400
2018-09-28,22.4823055267334,24.683332443237305,24.803333282470703,24.58666610717773,24.666667938232425,9373200
2018-10-01,22.77983856201172,25.01000022888184,25.1200008392334,24.78333282470703,24.793333053588867,12462900
2018-10-02,22.56731605529785,24.77666664123535,25.030000686645508,24.706666946411133,25.02666664123535,14474100
2018-10-03,22.767696380615234,24.99666786193848,25.21999931335449,24.809999465942383,24.8799991607666,12137100
2018-10-04,22.670541763305664,24.88999938964844,25.12666702270508,24.58666610717773,25.01000022888184,13570200
2018-10-05,22.634109497070312,24.850000381469727,25.21666717529297,24.663333892822266,25.21666717529297,13015200
2018-10-08,22.69786834716797,24.920000076293945,25.003332138061523,24.459999084472656,24.81999969482422,11721600
2018-10-09,22.652328491210938,24.8700008392334,25.11333274841309,24.84666633605957,25.03333282470703,17420400
2018-10-10,21.119096755981445,23.18666648864746,24.8700008392334,23.18000030517578,24.850000381469727,32506200
2018-10-11,20.879240036010746,22.92333221435547,23.523332595825195,22.86666679382324,23.14666748046875,34414200
2018-10-12,21.31340980529785,23.39999961853028,23.78333282470703,23.25666618347168,23.540000915527344,23340000
2018-10-15,21.513790130615234,23.6200008392334,23.73666763305664,23.31333351135254,23.356666564941406,16469100
2018-10-16,21.920629501342773,24.06666755676269,24.14999961853028,23.58666610717773,23.71666717529297,27233400
2018-10-17,21.46824836730957,23.56999969482422,24.350000381469727,23.28333282470703,24.33333206176757,32293500
2018-10-18,20.84281539916992,22.88333320617676,23.51666641235352,22.81999969482422,23.459999084472656,32648100
2018-10-19,20.62724876403809,22.64666748046875,23.09333229064941,22.61333274841309,22.916667938232425,29725200
2018-10-22,20.739585876464844,22.770000457763672,22.979999542236328,22.453332901000977,22.58666610717773,20345100
2018-10-23,20.28720474243164,22.273332595825195,22.440000534057617,21.913333892822266,22.32333374023437,23575500
2018-10-24,20.010921478271484,21.96999931335449,22.56999969482422,21.94333267211914,22.28333282470703,23813100
2018-10-25,20.15665435791016,22.1299991607666,22.49333381652832,21.920000076293945,22.049999237060547,21255300
2018-10-26,20.013954162597656,21.97333335876465,22.170000076293945,21.21666717529297,21.34666633605957,18998400
2018-10-29,19.944129943847656,21.89666748046875,22.49666786193848,21.546667098999023,22.31999969482422,23476200
2018-10-30,20.89138984680176,22.93666648864746,22.99333381652832,21.976667404174805,21.99333381652832,24470100
2018-10-31,20.90656852722168,22.953332901000977,23.32666778564453,22.940000534057617,23.22333335876465,23142600
2018-11-01,21.128210067749023,23.196666717529297,23.299999237060547,22.956666946411133,23.043333053588867,17722500
2018-11-02,21.003721237182617,23.059999465942383,23.49666786193848,22.86000061035156,23.350000381469727,15764100
2018-11-05,20.976402282714844,23.030000686645508,23.38333320617676,23.02666664123535,23.24666786193848,16389300
2018-11-06,21.36502265930176,23.456666946411133,23.49333381652832,23.023332595825195,23.040000915527344,13173000
2018-11-07,21.954025268554688,24.10333251953125,24.166667938232425,23.58333206176757,23.726667404174805,16020900
2018-11-08,21.75971221923828,23.88999938964844,24.25666618347168,23.739999771118164,24.01000022888184,11694000
2018-11-09,21.45306396484375,23.553333282470703,23.84333229064941,23.293333053588867,23.69333267211914,16848300
2018-11-12,21.143386840820312,23.21333312988281,23.75666618347168,23.170000076293945,23.553333282470703,12120000
2018-11-13,21.33769416809082,23.426666259765625,23.780000686645508,23.209999084472656,23.3700008392334,13707600
2018-11-14,21.40448951721192,23.5,23.946666717529297,23.36666679382324,23.706666946411133,16728900
2018-11-15,21.926700592041016,24.07333374023437,24.166667938232425,23.163333892822266,23.293333053588867,15659700
2018-11-16,22.04510307312012,24.203332901000977,24.536666870117188,23.99333381652832,24.08333206176757,13983000
2018-11-19,21.88419342041016,24.02666664123535,24.26666641235352,23.75,24.13999938964844,22418100
2018-11-20,21.015869140625,23.07333374023437,24.049999237060547,22.976667404174805,23.950000762939453,20650800
2018-11-21,21.31644058227539,23.40333366394043,23.559999465942383,23.106666564941406,23.176666259765625,10804200
2018-11-23,21.18589210510254,23.26000022888184,23.40999984741211,23.0,23.1299991607666,6587700
2018-11-26,21.38019561767578,23.47333335876465,23.68666648864746,23.38666725158692,23.456666946411133,10809600
2018-11-27,21.377166748046875,23.46999931335449,23.57666778564453,23.293333053588867,23.31666755676269,12150600
2018-11-28,22.087608337402344,24.25,24.26000022888184,23.3700008392334,23.46999931335449,15327000
2018-11-29,21.85616874694824,23.92333221435547,24.233333587646484,23.84666633605957,24.053333282470703,11766000
2018-11-30,22.11806297302246,24.209999084472656,24.36333274841309,23.88333320617676,23.920000076293945,20461800
2018-12-03,22.27642250061035,24.38333320617676,24.63333320617676,24.273332595825195,24.60333251953125,25546800
2018-12-04,21.499868392944336,23.53333282470703,24.48666763305664,23.479999542236328,24.40999984741211,20458800
2018-12-06,21.26233291625977,23.273332595825195,23.27666664123535,22.74333381652832,23.106666564941406,27345300
2018-12-07,20.71722221374512,22.676666259765625,23.46666717529297,22.65999984741211,23.1433334350586,24646800
2018-12-10,20.7994441986084,22.76666641235352,22.856666564941406,22.1433334350586,22.57333374023437,15785700
2018-12-11,20.73549461364746,22.696666717529297,23.296667098999023,22.553333282470703,23.166667938232425,11161500
2018-12-12,20.97607040405273,22.959999084472656,23.46333312988281,22.950000762939453,23.08666610717773,16614300
2018-12-13,20.963897705078125,22.946666717529297,23.21333312988281,22.64666748046875,23.09666633605957,13566000
2018-12-14,20.047260284423828,21.94333267211914,22.76000022888184,21.86000061035156,22.75666618347168,17166600
2018-12-17,19.69704818725586,21.559999465942383,21.84666633605957,21.350000381469727,21.82333374023437,26527200
2018-12-18,19.456462860107425,21.296667098999023,21.906667709350582,21.11000061035156,21.72333335876465,19406400
2018-12-19,18.89613151550293,20.683332443237305,21.85333251953125,20.56666755676269,21.18666648864746,21965700
2018-12-20,18.76213455200196,20.536666870117188,20.80666732788086,20.280000686645508,20.6299991607666,25472700
2018-12-21,18.485015869140625,20.233333587646484,20.906667709350582,20.15333366394043,20.606666564941406,30012900
2018-12-24,17.89422607421875,19.58666610717773,20.17333221435547,19.559999465942383,20.13666725158692,9111900
2018-12-26,18.79563331604004,20.57333374023437,20.57666778564453,19.489999771118164,19.72333335876465,15203400
2018-12-27,18.89917182922364,20.68666648864746,20.700000762939453,19.8799991607666,20.296667098999023,12511500
2018-12-28,18.90526580810547,20.69333267211914,20.99333381652832,20.57999992370605,20.83666610717773,10248300
2018-12-31,18.92049598693848,20.709999084472656,20.92333221435547,20.51000022888184,20.83333206176757,10335000
2019-01-02,18.865678787231445,20.64999961853028,20.75,20.00666618347168,20.253332138061523,15038700
2019-01-03,18.570281982421875,20.32666778564453,20.60333251953125,20.1200008392334,20.453332901000977,23527200
2019-01-04,19.121482849121094,20.93000030517578,20.94333267211914,20.176666259765625,20.33333206176757,18543600
2019-01-07,19.017942428588867,20.81666755676269,21.023332595825195,20.450000762939453,20.809999465942383,18786900
2019-01-08,19.2920150756836,21.11666679382324,21.3933334350586,20.8799991607666,21.26000022888184,15237900
2019-01-09,19.48387336730957,21.32666778564453,21.426666259765625,21.043333053588867,21.24333381652832,13292100
2019-01-10,19.700084686279297,21.56333351135254,21.65999984741211,21.1200008392334,21.270000457763672,16212300
2019-01-11,19.86149024963379,21.739999771118164,21.856666564941406,21.440000534057617,21.48666763305664,11508600
2019-01-14,19.87672233581543,21.75666618347168,21.85333251953125,21.56999969482422,21.62666702270508,13431600
2019-01-15,19.82799530029297,21.703332901000977,21.809999465942383,21.440000534057617,21.75666618347168,12534300
2019-01-16,19.910213470458984,21.793333053588867,21.88999938964844,21.606666564941406,21.71999931335449,17377500
2019-01-17,19.82190322875977,21.696666717529297,21.753332138061523,21.046667098999023,21.31999969482422,33753300
2019-01-18,20.5131893157959,22.453332901000977,22.59000015258789,21.790000915527344,21.796667098999023,23062800
2019-01-22,20.047260284423828,21.94333267211914,22.416667938232425,21.80666732788086,22.3700008392334,18840900
2019-01-23,19.818857192993164,21.69333267211914,22.13666725158692,21.37333297729492,22.02666664123535,15826500
2019-01-24,19.80971908569336,21.683332443237305,21.89999961853028,21.540000915527344,21.850000381469727,21290100
2019-01-25,20.159931182861328,22.06666755676269,22.31666755676269,21.773332595825195,21.850000381469727,24129000
2019-01-28,19.98025703430176,21.8700008392334,21.96666717529297,21.67333221435547,21.793333053588867,12826800
2019-01-29,19.922393798828125,21.80666732788086,22.03333282470703,21.77666664123535,21.950000762939453,13224900
2019-01-30,20.19038963317871,22.100000381469727,22.22333335876465,21.773332595825195,21.88333320617676,18750900
2019-01-31,20.00766944885254,21.89999961853028,22.1433334350586,21.790000915527344,22.1433334350586,17815200
2019-02-01,20.159931182861328,22.06666755676269,22.166667938232425,21.803333282470703,21.87333297729492,13041900
2019-02-04,20.53146171569824,22.47333335876465,22.48666763305664,22.01666641235352,22.020000457763672,15569100
2019-02-05,20.79030990600586,22.75666618347168,22.76000022888184,22.183332443237305,22.456666946411133,18077700
2019-02-06,20.73549461364746,22.696666717529297,22.81333351135254,22.6200008392334,22.69333267211914,16152900
2019-02-07,20.772045135498047,22.73666763305664,22.81333351135254,22.46999931335449,22.55666732788086,14533200
2019-02-08,20.936485290527344,22.916667938232425,22.920000076293945,22.55666732788086,22.57666778564453,13010100
2019-02-11,21.07657623291016,23.06999969482422,23.49666786193848,22.983333587646484,22.99666786193848,18704100
2019-02-12,21.658222198486328,23.706666946411133,23.739999771118164,23.293333053588867,23.33333206176757,16452000
2019-02-13,21.66127014160156,23.709999084472656,23.84333229064941,23.59000015258789,23.780000686645508,13932900
2019-02-14,21.813533782958984,23.87666702270508,23.953332901000977,23.530000686645508,23.56333351135254,9740400
2019-02-15,22.09065628051757,24.18000030517578,24.209999084472656,23.83666610717773,24.06666755676269,17421600
2019-02-19,22.08151626586914,24.170000076293945,24.293333053588867,23.73666763305664,23.78333282470703,14123700
2019-02-20,22.30687713623047,24.416667938232425,24.440000534057617,24.196666717529297,24.196666717529297,11590800
2019-02-21,22.099796295166016,24.190000534057617,24.46666717529297,24.09333229064941,24.450000762939453,9765900
2019-02-22,22.325145721435547,24.43666648864746,24.446666717529297,24.206666946411133,24.22333335876465,8269200
2019-02-25,22.175928115844727,24.273332595825195,24.5,24.24666786193848,24.49333381652832,15393900
2019-02-26,22.157655715942383,24.253332138061523,24.413333892822266,24.209999084472656,24.25666618347168,20600400
2019-02-27,22.20043182373047,24.21999931335449,24.299999237060547,24.020000457763672,24.11333274841309,10802700
2019-02-28,22.20348358154297,24.22333335876465,24.293333053588867,24.10333251953125,24.15999984741211,15549300
2019-03-01,22.136268615722656,24.14999961853028,24.450000762939453,24.13333320617676,24.433332443237305,14716500
2019-03-04,22.25236701965332,24.27666664123535,24.51000022888184,24.06333351135254,24.270000457763672,12433500
2019-03-05,22.13932228088379,24.15333366394043,24.38333320617676,24.13999938964844,24.30666732788086,11401200
2019-03-06,22.01404571533203,24.01666641235352,24.13666725158692,23.83333206176757,23.979999542236328,16137300
2019-03-07,22.004886627197266,24.00666618347168,24.08666610717773,23.8700008392334,23.93666648864746,17881500
2019-03-08,21.92850112915039,23.92333221435547,23.94333267211914,23.523332595825195,23.82333374023437,16813800
2019-03-11,22.28903579711914,24.31666755676269,24.31999969482422,23.74333381652832,23.87666702270508,13270500
2019-03-12,22.20043182373047,24.21999931335449,24.453332901000977,24.08666610717773,24.37333297729492,16727400
2019-03-13,22.600685119628903,24.656667709350582,24.796667098999023,24.176666259765625,24.35333251953125,14249400
2019-03-14,22.304311752319336,24.33333206176757,24.71666717529297,24.26333236694336,24.696666717529297,12828600
2019-03-15,22.24626541137696,24.270000457763672,24.56666755676269,24.200000762939453,24.290000915527344,40917900
2019-03-18,22.57012939453125,24.62333297729492,24.709999084472656,24.27666664123535,24.46333312988281,11989200
2019-03-19,22.28903579711914,24.31666755676269,24.790000915527344,24.26666641235352,24.68000030517578,13514400
2019-03-20,22.249317169189453,24.273332595825195,24.549999237060547,24.1200008392334,24.273332595825195,14347800
2019-03-21,22.49985885620117,24.546667098999023,24.600000381469727,24.08333206176757,24.106666564941406,6540900
2019-03-22,22.15459442138672,24.170000076293945,24.503332138061523,24.13999938964844,24.476667404174805,9972000
2019-03-25,22.23098564147949,24.253332138061523,24.416667938232425,24.07666778564453,24.07666778564453,8603400
2019-03-26,22.31653213500977,24.34666633605957,24.530000686645508,24.156667709350582,24.39666748046875,8594700
2019-03-27,22.42652702331543,24.46666717529297,24.51666641235352,24.229999542236328,24.30666732788086,5966700
2019-03-28,22.741230010986328,24.809999465942383,24.82999992370605,24.46666717529297,24.51666641235352,9661500
2019-03-29,22.86039161682129,24.940000534057617,25.053333282470703,24.88666725158692,24.96999931335449,11731200
2019-04-01,23.434812545776367,25.56666755676269,25.59333229064941,25.043333053588867,25.11666679382324,14290800
2019-04-02,23.275924682617188,25.3933334350586,25.71666717529297,25.37333297729492,25.63999938964844,10810800
2019-04-03,22.982606887817383,25.07333374023437,25.530000686645508,25.030000686645508,25.440000534057617,21575700
2019-04-04,22.854278564453125,24.933332443237305,25.07999992370605,24.86333274841309,25.01000022888184,23358900
2019-04-05,22.738176345825195,24.80666732788086,25.08333206176757,24.726667404174805,24.920000076293945,13231500
2019-04-08,23.10482406616211,25.206666946411133,25.24666786193848,24.790000915527344,24.84666633605957,12559200
2019-04-09,22.820674896240234,24.89666748046875,25.106666564941406,24.703332901000977,25.030000686645508,13069200
2019-04-10,22.9367790222168,25.023332595825195,25.08333206176757,24.75,24.94333267211914,7667100
2019-04-11,23.0376033782959,25.13333320617676,25.170000076293945,24.959999084472656,25.07333374023437,6002100
2019-04-12,23.422584533691406,25.553333282470703,25.606666564941406,25.18000030517578,25.26333236694336,11161800
2019-04-15,23.18120765686035,25.290000915527344,25.549999237060547,25.18000030517578,25.46666717529297,11035800
2019-04-16,23.18732070922852,25.296667098999023,25.43666648864746,25.190000534057617,25.37333297729492,10317000
2019-04-17,24.11921119689941,26.31333351135254,26.83666610717773,26.233333587646484,26.46666717529297,24583800
2019-04-18,24.128381729125977,26.32333374023437,26.61000061035156,26.156667709350582,26.61000061035156,18888300
2019-04-22,24.082544326782227,26.273332595825195,26.420000076293945,26.06666755676269,26.229999542236328,10434300
2019-04-23,24.14365768432617,26.34000015258789,26.36333274841309,26.06999969482422,26.270000457763672,10312500
2019-04-24,24.235313415527344,26.440000534057617,26.790000915527344,26.36333274841309,26.36333274841309,11260800
2019-04-25,23.99699783325196,26.18000030517578,26.34666633605957,26.01000022888184,26.286666870117188,9123300
2019-04-26,24.18948173522949,26.38999938964844,26.44333267211914,26.209999084472656,26.21666717529297,8909400
2019-04-29,24.25059127807617,26.456666946411133,26.520000457763672,26.24333381652832,26.36000061035156,8044800
2019-04-30,24.330034255981445,26.543333053588867,26.61000061035156,26.17333221435547,26.446666717529297,10522800
2019-05-01,24.177261352539062,26.37666702270508,26.600000381469727,26.30666732788086,26.51666641235352,10839300
2019-05-02,24.110048294067383,26.303333282470703,26.3933334350586,26.01666641235352,26.32999992370605,8424000
2019-05-03,24.601959228515625,26.84000015258789,26.90999984741211,26.37666702270508,26.44333267211914,7392000
2019-05-06,24.464466094970703,26.690000534057617,26.773332595825195,26.35333251953125,26.37333297729492,8652000
2019-05-07,23.91449928283692,26.09000015258789,26.413333892822266,25.74666786193848,26.39666748046875,16264800
2019-05-08,23.89311790466309,26.06666755676269,26.3700008392334,26.0,26.08666610717773,9931800
2019-05-09,23.883947372436523,26.05666732788086,26.1200008392334,25.6433334350586,25.86000061035156,8523000
2019-05-10,24.042818069458008,26.229999542236328,26.31333351135254,25.59000015258789,25.97333335876465,8969700
2019-05-13,23.456193923950195,25.59000015258789,25.86000061035156,25.47333335876465,25.733333587646484,14756700
2019-05-14,23.905336380004883,26.07999992370605,26.26333236694336,25.63333320617676,25.64666748046875,9666300
2019-05-15,23.6456241607666,25.796667098999023,26.170000076293945,25.77666664123535,25.856666564941406,12555600
2019-05-16,23.899219512939453,26.07333374023437,26.19333267211914,25.780000686645508,25.86000061035156,10867800
2019-05-17,23.954221725463867,26.13333320617676,26.25666618347168,25.80666732788086,25.96333312988281,10568100
2019-05-20,23.85033798217773,26.020000457763672,26.183332443237305,25.83666610717773,25.99666786193848,8156400
2019-05-21,23.93588638305664,26.11333274841309,26.226667404174805,25.983333587646484,26.11666679382324,24703800
2019-05-22,23.66090202331543,25.81333351135254,26.046667098999023,25.76666641235352,26.046667098999023,11738400
2019-05-23,23.0314998626709,25.12666702270508,25.53333282470703,24.933332443237305,25.5,24498300
2019-05-24,22.88484001159668,24.96666717529297,25.299999237060547,24.84333229064941,25.25666618347168,13645200
2019-05-28,22.76873207092285,24.84000015258789,25.21666717529297,24.786666870117188,25.12666702270508,22530600
2019-05-29,22.594572067260746,24.64999961853028,24.73666763305664,24.39999961853028,24.57999992370605,16341000
2019-05-30,22.993064880371094,25.003332138061523,25.08333206176757,24.60333251953125,24.65333366394043,13039200
2019-05-31,22.827537536621094,24.82333374023437,25.01333236694336,24.503332138061523,24.68666648864746,17481000
2019-06-03,22.84286880493164,24.84000015258789,25.183332443237305,24.73666763305664,24.83666610717773,13186500
2019-06-04,23.49885368347168,25.553333282470703,25.57333374023437,25.030000686645508,25.049999237060547,13175700
2019-06-05,23.918794631958008,26.01000022888184,26.13333320617676,25.57333374023437,25.57999992370605,14113800
2019-06-06,23.759397506713867,25.83666610717773,26.12666702270508,25.700000762939453,26.06333351135254,9966600
2019-06-07,23.931058883666992,26.023332595825195,26.15333366394043,25.88666725158692,25.976667404174805,7832700
2019-06-10,24.114978790283203,26.22333335876465,26.459999084472656,26.003332138061523,26.12666702270508,7642800
2019-06-11,24.09352302551269,26.200000762939453,26.56999969482422,26.023332595825195,26.37666702270508,7960500
2019-06-12,23.9801082611084,26.07666778564453,26.303333282470703,26.036666870117188,26.18000030517578,8306400
2019-06-13,23.79924201965332,25.8799991607666,26.100000381469727,25.78333282470703,26.100000381469727,11366100
2019-06-14,23.65517807006836,25.72333335876465,25.979999542236328,25.58666610717773,25.89666748046875,8396700
2019-06-17,23.51111221313477,25.56666755676269,25.799999237060547,25.530000686645508,25.696666717529297,8949600
2019-06-18,23.82990074157715,25.913333892822266,26.1200008392334,25.656667709350582,25.796667098999023,10408500
2019-06-19,23.72261428833008,25.796667098999023,25.950000762939453,25.540000915527344,25.88333320617676,7638900
2019-06-20,24.231460571289062,26.350000381469727,26.426666259765625,26.07333374023437,26.15999984741211,15308700
2019-06-21,24.114978790283203,26.22333335876465,26.57333374023437,26.206666946411133,26.299999237060547,15156300
2019-06-24,23.762470245361328,25.84000015258789,26.270000457763672,25.78333282470703,26.22333335876465,8069100
2019-06-25,23.324125289916992,25.36333274841309,25.94333267211914,25.293333053588867,25.8799991607666,13604400
2019-06-26,23.351709365844727,25.3933334350586,25.59333229064941,25.38999938964844,25.456666946411133,8106600
2019-06-27,23.43447494506836,25.483333587646484,25.71666717529297,25.40333366394043,25.40333366394043,6834000
2019-06-28,23.716487884521484,25.790000915527344,25.8933334350586,25.47333335876465,25.600000381469727,13873800
2019-07-01,24.10272026062012,26.209999084472656,26.46666717529297,26.01666641235352,26.18666648864746,10433700
2019-07-02,23.99542999267578,26.09333229064941,26.200000762939453,25.90999984741211,26.166667938232425,8983500
2019-07-03,24.118043899536133,26.226667404174805,26.309999465942383,26.106666564941406,26.12333297729492,3918600
2019-07-05,24.03221321105957,26.13333320617676,26.183332443237305,25.803333282470703,26.08333206176757,7467600
2019-07-08,23.67050552368164,25.739999771118164,26.08333206176757,25.62666702270508,26.03333282470703,8682900
2019-07-09,23.51111221313477,25.56666755676269,25.683332443237305,25.44333267211914,25.65999984741211,10184400
2019-07-10,23.47432327270508,25.52666664123535,25.706666946411133,25.433332443237305,25.63333320617676,9112800
2019-07-11,23.679702758789062,25.75,25.926666259765625,25.456666946411133,25.546667098999023,8190000
2019-07-12,24.08738899230957,26.19333267211914,26.253332138061523,25.77666664123535,25.82666778564453,10250700
2019-07-15,24.0628662109375,26.166667938232425,26.200000762939453,25.983333587646484,26.176666259765625,10299300
2019-07-16,24.38472557067871,26.51666641235352,26.74333381652832,26.13333320617676,26.13333320617676,25891800
2019-07-17,21.88035011291504,23.793333053588867,24.549999237060547,23.35333251953125,24.450000762939453,103769400
2019-07-18,22.01828956604004,23.94333267211914,23.976667404174805,23.166667938232425,23.809999465942383,41013000
2019-07-19,21.55236053466797,23.43666648864746,24.22333335876465,23.40333366394043,24.0,23911200
2019-07-22,21.73934936523437,23.63999938964844,23.71333312988281,23.33333206176757,23.39999961853028,17126100
2019-07-23,21.43894386291504,23.31333351135254,23.78333282470703,23.23666763305664,23.78333282470703,20502600
2019-07-24,21.218236923217773,23.07333374023437,23.450000762939453,22.76000022888184,23.06333351135254,23083200
2019-07-25,21.304073333740234,23.166667938232425,23.3799991607666,22.8933334350586,23.003332138061523,18660000
2019-07-26,21.13854217529297,22.98666763305664,23.24666786193848,22.946666717529297,23.17333221435547,17419200
2019-07-29,21.34084701538086,23.206666946411133,23.309999465942383,22.92333221435547,22.933332443237305,12546900
2019-07-30,21.521703720092773,23.40333366394043,23.453332901000977,22.97333335876465,23.01666641235352,13571400
2019-07-31,21.579946517944336,23.46666717529297,23.75,23.23666763305664,23.489999771118164,19799400
2019-08-01,20.776830673217773,22.59333229064941,23.46999931335449,22.433332443237305,23.32333374023437,23556600
2019-08-02,20.57451820373535,22.37333297729492,22.58333206176757,22.1433334350586,22.549999237060547,18967200
2019-08-05,19.95838737487793,21.703332901000977,21.983333587646484,21.540000915527344,21.979999542236328,24290400
2019-08-06,20.38140296936035,22.163333892822266,22.280000686645508,21.74666786193848,21.8933334350586,16497900
2019-08-07,20.19747543334961,21.96333312988281,22.09666633605957,21.600000381469727,21.739999771118164,22192200
2019-08-08,20.45804023742676,22.24666786193848,22.31666755676269,21.906667709350582,21.93666648864746,10826400
2019-08-09,20.405925750732425,22.190000534057617,22.28333282470703,21.989999771118164,22.06999969482422,11877600
2019-08-12,20.17909240722656,21.94333267211914,22.07999992370605,21.753332138061523,22.01333236694336,13603500
2019-08-13,20.338491439819336,22.11666679382324,22.39999961853028,21.72333335876465,21.80666732788086,15162000
2019-08-14,19.7959213256836,21.52666664123535,21.96333312988281,21.48666763305664,21.809999465942383,13392000
2019-08-15,19.743810653686523,21.46999931335449,21.63333320617676,21.32333374023437,21.52666664123535,9120600
2019-08-16,19.952259063720703,21.696666717529297,21.83333206176757,21.546667098999023,21.68000030517578,11379300
2019-08-19,20.013561248779297,21.76333236694336,22.13999938964844,21.72333335876465,22.043333053588867,10707000
2019-08-20,19.86030006408692,21.59666633605957,21.77666664123535,21.57666778564453,21.68666648864746,9933900
2019-08-21,20.02889442443848,21.780000686645508,21.856666564941406,21.6200008392334,21.74333381652832,10251000
2019-08-22,20.27411842346192,22.046667098999023,22.253332138061523,21.796667098999023,21.913333892822266,16617900
2019-08-23,19.808183670043945,21.540000915527344,22.08333206176757,21.42333221435547,21.89999961853028,15991800
2019-08-26,19.933868408203125,21.676666259765625,21.88333320617676,21.51000022888184,21.74666786193848,11856000
2019-08-27,19.743810653686523,21.46999931335449,21.88333320617676,21.46999931335449,21.84333229064941,10580700
2019-08-28,20.044214248657227,21.796667098999023,21.803333282470703,21.356666564941406,21.416667938232425,11109600
2019-08-29,20.46263313293457,22.170000076293945,22.33333206176757,21.950000762939453,21.96666717529297,14009700
2019-08-30,20.61954498291016,22.34000015258789,22.55666732788086,22.303333282470703,22.3799991607666,11693100
2019-09-03,20.41341590881348,22.11666679382324,22.239999771118164,21.81333351135254,22.11333274841309,11383800
2019-09-04,20.767221450805664,22.5,22.51666641235352,22.183332443237305,22.183332443237305,18197700
2019-09-05,20.93951416015625,22.68666648864746,22.926666259765625,22.65333366394043,22.670000076293945,17301600
2019-09-06,20.773372650146484,22.50666618347168,22.86333274841309,22.3799991607666,22.81333351135254,16259700
2019-09-09,21.244104385375977,23.01666641235352,23.023332595825195,22.50666618347168,22.63666725158692,14672400
2019-09-10,21.748666763305664,23.56333351135254,23.60333251953125,23.01000022888184,23.01333236694336,19832100
2019-09-11,21.83481216430664,23.656667709350582,23.74333381652832,23.253332138061523,23.56333351135254,24364800
2019-09-12,22.01326370239257,23.850000381469727,23.93666648864746,23.489999771118164,23.68000030517578,20018700
2019-09-13,22.29630851745605,24.156667709350582,24.25,23.99333381652832,23.99333381652832,16533900
2019-09-16,22.271690368652344,24.1299991607666,24.28333282470703,23.850000381469727,23.90333366394043,15570000
2019-09-17,21.8994197845459,23.726667404174805,24.1200008392334,23.58333206176757,24.1200008392334,9330600
2019-09-18,21.890193939208984,23.71666717529297,23.74666786193848,23.36000061035156,23.63999938964844,10958100
2019-09-19,21.779430389404297,23.59666633605957,23.81333351135254,23.523332595825195,23.780000686645508,8553600
2019-09-20,21.11180305480957,22.87333297729492,23.666667938232425,22.80666732788086,23.57333374023437,38414700
2019-09-23,21.18564224243164,22.953332901000977,23.020000457763672,22.656667709350582,22.8700008392334,12180900
2019-09-24,21.11488151550293,22.87666702270508,23.46333312988281,22.78333282470703,23.07333374023437,16158600
2019-09-25,21.188720703125,22.956666946411133,23.06333351135254,22.73666763305664,22.950000762939453,9144900
2019-09-26,21.3579330444336,23.13999938964844,23.253332138061523,22.8933334350586,22.96333312988281,8801400
2019-09-27,21.20102882385254,22.96999931335449,23.33333206176757,22.850000381469727,23.226667404174805,7793100
2019-09-30,21.3117790222168,23.09000015258789,23.30666732788086,22.983333587646484,22.983333587646484,9287700
2019-10-01,20.61954498291016,22.34000015258789,23.33333206176757,22.233333587646484,23.203332901000977,12217800
2019-10-02,20.38879776000977,22.09000015258789,22.43666648864746,22.03333282470703,22.203332901000977,20848200
2019-10-03,20.60108757019043,22.31999969482422,22.40999984741211,21.790000915527344,22.043333053588867,14746200
2019-10-04,20.524169921875,22.23666763305664,22.34333229064941,21.976667404174805,22.11333274841309,19512600
2019-10-07,20.548784255981445,22.26333236694336,22.47333335876465,22.07666778564453,22.19333267211914,10388400
2019-10-08,20.262659072875977,21.953332901000977,22.26666641235352,21.87666702270508,22.01666641235352,12152700
2019-10-09,20.37341690063477,22.07333374023437,22.290000915527344,22.01333236694336,22.059999465942383,12078600
2019-10-10,20.59493064880371,22.31333351135254,22.34333229064941,22.07333374023437,22.08333206176757,11431200
2019-10-11,21.244104385375977,23.01666641235352,23.21333312988281,22.520000457763672,22.666667938232425,13137300
2019-10-14,21.09334182739257,22.85333251953125,22.979999542236328,22.670000076293945,22.8700008392334,8133300
2019-10-15,21.281024932861328,23.05666732788086,23.200000762939453,22.799999237060547,22.85333251953125,12626100
2019-10-16,21.228721618652344,23.0,23.30666732788086,22.84333229064941,23.30666732788086,13712100
2019-10-17,21.468690872192383,23.26000022888184,24.040000915527344,23.18000030517578,23.65333366394043,34422900
2019-10-18,21.12718772888184,22.88999938964844,23.06999969482422,22.76666641235352,22.850000381469727,60796800
2019-10-21,21.76712989807129,23.58333206176757,23.60333251953125,22.96999931335449,22.96999931335449,25796400
2019-10-22,22.24092674255371,24.09666633605957,24.106666564941406,23.32666778564453,23.58666610717773,22770000
2019-10-23,22.2316951751709,24.08666610717773,24.1433334350586,23.850000381469727,24.0,21026100
2019-10-24,22.047096252441406,23.88666725158692,24.24666786193848,23.753332138061523,24.176666259765625,9004800
2019-10-25,22.250152587890625,24.106666564941406,24.163333892822266,23.856666564941406,23.976667404174805,8026500
2019-10-28,22.004024505615234,23.84000015258789,24.203332901000977,23.770000457763672,24.176666259765625,16538100
2019-10-29,21.7917423248291,23.61000061035156,23.81333351135254,23.559999465942383,23.703332901000977,11802900
2019-10-30,21.859418869018555,23.683332443237305,23.76000022888184,23.35333251953125,23.62666702270508,8098800
2019-10-31,21.61944580078125,23.42333221435547,23.683332443237305,23.21333312988281,23.57666778564453,11595600
2019-11-01,22.234771728515625,24.09000015258789,24.09666633605957,23.5,23.64666748046875,13941900
2019-11-04,22.61012077331543,24.49666786193848,24.50666618347168,24.12333297729492,24.233333587646484,12687000
2019-11-05,22.73011016845703,24.62666702270508,24.78333282470703,24.38999938964844,24.43666648864746,10254900
2019-11-06,22.65627098083496,24.546667098999023,24.600000381469727,24.26333236694336,24.600000381469727,9375900
2019-11-07,22.79164123535156,24.69333267211914,24.906667709350582,24.58666610717773,24.63666725158692,10401900
2019-11-08,22.776262283325195,24.676666259765625,24.73666763305664,24.53333282470703,24.68666648864746,6776400
2019-11-11,22.73626518249512,24.63333320617676,24.683332443237305,24.406667709350582,24.553333282470703,4007400
2019-11-12,22.382448196411133,24.25,24.540000915527344,24.176666259765625,24.51333236694336,8154600
2019-11-13,22.13632774353028,23.983333587646484,24.1200008392334,23.92333221435547,24.06999969482422,7371300
2019-11-14,22.10247611999512,23.946666717529297,24.040000915527344,23.80666732788086,23.979999542236328,4818900
2019-11-15,22.03171730041504,23.8700008392334,24.10333251953125,23.786666870117188,24.10333251953125,8582700
2019-11-18,21.850191116333008,23.67333221435547,23.83666610717773,23.58666610717773,23.71666717529297,13538400
2019-11-19,21.84711456298828,23.670000076293945,23.850000381469727,23.6299991607666,23.850000381469727,7097700
2019-11-20,21.401010513305664,23.18666648864746,23.546667098999023,23.1433334350586,23.51666641235352,10098000
2019-11-21,21.351778030395508,23.13333320617676,23.286666870117188,23.059999465942383,23.200000762939453,8388000
2019-11-22,21.69328689575196,23.503332138061523,23.52666664123535,23.046667098999023,23.053333282470703,7578000
2019-11-25,22.08709526062012,23.93000030517578,23.983333587646484,23.3700008392334,23.46333312988281,10466700
2019-11-26,22.13632774353028,23.983333587646484,24.13666725158692,23.80666732788086,23.88666725158692,13681500
2019-11-27,22.19188499450684,23.96333312988281,23.99666786193848,23.80666732788086,23.89999961853028,5918400
2019-11-29,22.08384132385254,23.84666633605957,23.959999084472656,23.75666618347168,23.86666679382324,4502700
2019-12-02,21.61154556274414,23.33666610717773,23.913333892822266,23.32666778564453,23.80666732788086,13357500
2019-12-03,21.518938064575195,23.23666763305664,23.25,22.700000762939453,23.190000534057617,20441400
2019-12-04,21.74736595153809,23.483333587646484,23.57333374023437,23.293333053588867,23.37666702270508,14706000
2019-12-05,21.809106826782227,23.549999237060547,23.57666778564453,23.270000457763672,23.51666641235352,14499000
2019-12-06,22.00049591064453,23.75666618347168,23.983333587646484,23.706666946411133,23.75666618347168,13095300
2019-12-09,21.73502349853516,23.46999931335449,23.69333267211914,23.426666259765625,23.683332443237305,11342700
2019-12-10,21.73192977905273,23.46666717529297,23.52666664123535,23.1433334350586,23.299999237060547,10450800
2019-12-11,22.14249420166016,23.90999984741211,23.93000030517578,23.51000022888184,23.606666564941406,15489000
2019-12-12,22.31227684020996,24.09333229064941,24.46666717529297,23.73666763305664,23.856666564941406,19882800
2019-12-13,22.46661949157715,24.26000022888184,24.37333297729492,23.8799991607666,24.190000534057617,14104800
2019-12-16,22.469709396362305,24.26333236694336,24.51666641235352,24.239999771118164,24.38666725158692,9321600
2019-12-17,22.25671768188477,24.03333282470703,24.49333381652832,23.90333366394043,24.23666763305664,23307600
2019-12-18,22.51601791381836,24.31333351135254,24.52666664123535,24.036666870117188,24.100000381469727,14110800
2019-12-19,22.4079704284668,24.196666717529297,24.39666748046875,24.10333251953125,24.290000915527344,9431400
2019-12-20,22.59009552001953,24.3933334350586,24.413333892822266,24.046667098999023,24.19333267211914,35541600
2019-12-23,22.44810485839844,24.239999771118164,24.406667709350582,24.163333892822266,24.299999237060547,11421600
2019-12-24,22.52836036682129,24.32666778564453,24.36666679382324,24.25666618347168,24.286666870117188,2586900
2019-12-26,22.49440574645996,24.290000915527344,24.40999984741211,24.1299991607666,24.33333206176757,5034000
2019-12-27,22.488231658935547,24.28333282470703,24.3700008392334,24.203332901000977,24.31333351135254,6152700
2019-12-30,22.330799102783203,24.11333274841309,24.32999992370605,24.030000686645508,24.27666664123535,5676600
2019-12-31,22.33696937561035,24.1200008392334,24.26000022888184,24.030000686645508,24.059999465942383,6238500
2020-01-02,22.593191146850582,24.39666748046875,24.39666748046875,24.08333206176757,24.273332595825195,8490300
2020-01-03,22.50058364868164,24.296667098999023,24.31333351135254,23.87666702270508,24.0,9978900
2020-01-06,22.38327407836914,24.170000076293945,24.25,23.913333892822266,24.059999465942383,14636400
2020-01-07,22.534536361694336,24.33333206176757,24.51000022888184,24.053333282470703,24.233333587646484,14360700
2020-01-08,22.651838302612305,24.459999084472656,24.61000061035156,24.356666564941406,24.489999771118164,8612700
2020-01-09,22.76296806335449,24.57999992370605,24.58333206176757,24.406667709350582,24.46666717529297,6462900
2020-01-10,22.645666122436523,24.453332901000977,24.6200008392334,24.42333221435547,24.57333374023437,6109500
2020-01-13,23.056228637695312,24.89666748046875,24.92333221435547,24.38333320617676,24.456666946411133,10656300
2020-01-14,23.046964645385746,24.88666725158692,25.106666564941406,24.73666763305664,24.82666778564453,9249600
2020-01-15,23.148834228515625,24.99666786193848,25.19333267211914,24.793333053588867,24.83666610717773,14355600
2020-01-16,23.68904495239257,25.57999992370605,25.61666679382324,25.21666717529297,25.21666717529297,21106500
2020-01-17,23.58408737182617,25.46666717529297,25.729999542236328,25.06333351135254,25.166667938232425,31339800
2020-01-21,23.09944534301757,24.94333267211914,25.35333251953125,24.88333320617676,25.239999771118164,14781300
2020-01-22,23.03152656555176,24.8700008392334,25.06333351135254,24.739999771118164,25.040000915527344,12779700
2020-01-23,23.658174514770508,25.546667098999023,25.57333374023437,24.64666748046875,24.84666633605957,13105800
2020-01-24,23.67669677734375,25.56666755676269,25.68000030517578,25.34666633605957,25.559999465942383,10812300
2020-01-27,23.20439338684082,25.05666732788086,25.27666664123535,24.8700008392334,25.0,11033700
2020-01-28,23.528528213500977,25.406667709350582,25.543333053588867,25.100000381469727,25.239999771118164,10960200
2020-01-29,23.932907104492188,25.84333229064941,26.13333320617676,25.5,25.57666778564453,14831100
2020-01-30,24.010082244873047,25.926666259765625,25.950000762939453,25.450000762939453,25.46999931335449,9677400
2020-01-31,23.56556701660156,25.446666717529297,25.790000915527344,25.293333053588867,25.76000022888184,13947000
2020-02-03,23.800182342529297,25.700000762939453,25.86333274841309,25.55666732788086,25.726667404174805,10319100
2020-02-04,24.006999969482425,25.92333221435547,26.183332443237305,25.850000381469727,26.08333206176757,8813400
2020-02-05,24.13047790527344,26.05666732788086,26.270000457763672,25.96666717529297,26.270000457763672,10797000
2020-02-06,24.17677879333496,26.106666564941406,26.21666717529297,25.93000030517578,26.17333221435547,6786300
2020-02-07,24.03787040710449,25.956666946411133,26.39666748046875,25.88999938964844,26.30666732788086,9293100
2020-02-10,24.34964370727539,26.293333053588867,26.303333282470703,25.770000457763672,25.796667098999023,9853800
2020-02-11,24.23851203918457,26.17333221435547,26.479999542236328,26.13666725158692,26.32333374023437,8935200
2020-02-12,24.53795051574707,26.49666786193848,26.5,26.15333366394043,26.36333274841309,8284800
2020-02-13,24.64598655700684,26.61333274841309,26.656667709350582,26.299999237060547,26.433332443237305,7331400
2020-02-14,24.568817138671875,26.530000686645508,26.64999961853028,26.3799991607666,26.55666732788086,7025100
2020-02-18,24.54411697387696,26.503332138061523,26.696666717529297,26.32666778564453,26.453332901000977,8205000
2020-02-19,24.74785614013672,26.72333335876465,26.75,26.53333282470703,26.600000381469727,6755400
2020-02-20,24.834291458129883,26.81666755676269,26.87333297729492,26.53333282470703,26.69333267211914,6725700
2020-02-21,24.559555053710938,26.520000457763672,26.81333351135254,26.48666763305664,26.6299991607666,11560200
2020-02-24,24.096519470214844,26.020000457763672,26.196666717529297,25.86666679382324,25.989999771118164,22547700
2020-02-25,23.327880859375,25.190000534057617,26.21333312988281,25.13333320617676,26.043333053588867,26703300
2020-02-26,23.24761390686035,25.10333251953125,25.57999992370605,24.90999984741211,25.37666702270508,20587500
2020-02-27,22.386474609375,24.09000015258789,25.14666748046875,24.059999465942383,24.553333282470703,26091600
2020-02-28,21.82270812988281,23.483333587646484,23.65333366394043,22.80666732788086,23.36000061035156,34584300
2020-03-02,21.91563606262207,23.58333206176757,23.803333282470703,22.99333381652832,23.440000534057617,31953900
2020-03-03,21.345678329467773,22.96999931335449,24.34666633605957,22.850000381469727,23.40999984741211,24367200
2020-03-04,22.302839279174805,24.0,24.07999992370605,23.12666702270508,23.290000915527344,16728900
2020-03-05,21.36117172241211,22.98666763305664,23.52666664123535,22.87666702270508,23.309999465942383,14684100
2020-03-06,21.141233444213867,22.75,22.94333267211914,21.906667709350582,21.979999542236328,15568500
2020-03-09,18.70650863647461,20.1299991607666,21.24333381652832,19.86333274841309,20.983333587646484,25397100
2020-03-10,19.47781562805176,20.959999084472656,21.053333282470703,19.78333282470703,20.773332595825195,24698400
2020-03-11,18.06220245361328,19.43666648864746,20.61000061035156,19.35333251953125,20.296667098999023,32617500
2020-03-12,16.544374465942383,17.803333282470703,18.799999237060547,17.293333053588867,17.850000381469727,36770100
2020-03-13,17.94759178161621,19.31333351135254,19.59666633605957,18.003332138061523,18.83333206176757,36818700
2020-03-16,15.156635284423828,16.309999465942383,17.786666870117188,15.853333473205566,16.34000015258789,33835800
2020-03-17,16.807668685913086,18.08666610717773,18.309999465942383,16.05666732788086,16.503332138061523,26466300
2020-03-18,15.788552284240724,16.989999771118164,17.49333381652832,16.020000457763672,16.889999389648438,23637000
2020-03-19,17.03999137878418,18.33666610717773,18.733333587646484,16.26333236694336,16.843332290649414,18277500
2020-03-20,15.447813987731934,16.623332977294922,18.3933334350586,16.53333282470703,18.170000076293945,29585400
2020-03-23,14.763242721557615,15.886667251586914,16.93000030517578,15.603333473205566,16.476667404174805,22893600
2020-03-24,17.191774368286133,18.5,18.56333351135254,16.503332138061523,16.99333381652832,22836000
2020-03-25,17.510826110839844,18.84333229064941,20.190000534057617,18.33666610717773,18.3700008392334,22974600
2020-03-26,18.14273834228516,19.523332595825195,19.709999084472656,18.61000061035156,19.040000915527344,19098600
2020-03-27,17.436487197875977,18.76333236694336,19.273332595825195,18.34333229064941,18.75666618347168,16765500
2020-03-30,17.972373962402344,19.34000015258789,19.420000076293945,18.57999992370605,18.703332901000977,15087900
2020-03-31,17.74934196472168,19.100000381469727,19.38333320617676,18.773332595825195,19.239999771118164,16772400
2020-04-01,16.990428924560547,18.28333282470703,18.40999984741211,17.75,18.03333282470703,14111100
2020-04-02,17.613048553466797,18.953332901000977,19.040000915527344,17.876667022705078,18.05666732788086,16377300
2020-04-03,17.585176467895508,18.92333221435547,19.21999931335449,18.63333320617676,18.8700008392334,15815400
2020-04-06,18.979097366333008,20.42333221435547,20.56333351135254,19.739999771118164,20.21999931335449,19460400
2020-04-07,18.941930770874023,20.38333320617676,21.606666564941406,20.26666641235352,21.44333267211914,16942200
2020-04-08,19.676061630249023,21.17333221435547,21.293333053588867,20.600000381469727,20.74333381652832,11314800
2020-04-09,19.824745178222656,21.33333206176757,21.600000381469727,21.03333282470703,21.296667098999023,15451800
2020-04-13,19.0720272064209,20.523332595825195,21.293333053588867,20.31333351135254,21.10333251953125,12558300
2020-04-14,19.37249755859375,20.84666633605957,21.1299991607666,20.683332443237305,20.706666946411133,9734100
2020-04-15,18.86139297485352,20.296667098999023,20.33666610717773,19.96666717529297,20.12333297729492,9541800
2020-04-16,18.78394889831543,20.21333312988281,20.40333366394043,19.656667709350582,20.40333366394043,14782500
2020-04-17,19.44374084472656,20.92333221435547,21.21999931335449,20.676666259765625,20.97333335876465,20512800
2020-04-20,18.895458221435547,20.33333206176757,20.856666564941406,20.09000015258789,20.34000015258789,14391300
2020-04-21,18.42462539672852,19.82666778564453,20.10333251953125,19.600000381469727,19.77666664123535,13695600
2020-04-22,18.86139297485352,20.296667098999023,20.803333282470703,19.82333374023437,20.21666717529297,15820800
2020-04-23,19.04105567932129,20.489999771118164,21.37666702270508,20.433332443237305,21.299999237060547,13986600
2020-04-24,19.768993377685547,21.273332595825195,21.33333206176757,20.459999084472656,20.86000061035156,11972400
2020-04-27,20.57127571105957,22.13666725158692,22.26000022888184,21.59000015258789,21.83333206176757,21594900
2020-04-28,20.707565307617188,22.28333282470703,22.546667098999023,21.94333267211914,22.38666725158692,18006900
2020-04-29,21.110260009765625,22.71666717529297,23.09333229064941,22.59000015258789,22.793333053588867,12202200
2020-04-30,20.51551818847656,22.07666778564453,22.606666564941406,22.003332138061523,22.34000015258789,25137300
2020-05-01,20.13450813293457,21.666667938232425,21.86333274841309,21.51666641235352,21.86333274841309,22737900
2020-05-04,19.74420738220215,21.24666786193848,21.57333374023437,21.01666641235352,21.57333374023437,11614500
2020-05-05,19.75350379943848,21.25666618347168,21.656667709350582,21.190000534057617,21.453332901000977,13024800
2020-05-06,19.400371551513672,20.87666702270508,21.406667709350582,20.84000015258789,21.31666755676269,15869700
2020-05-07,19.79996681213379,21.30666732788086,21.47333335876465,21.06333351135254,21.196666717529297,10083900
2020-05-08,20.47834587097168,22.036666870117188,22.100000381469727,21.559999465942383,21.58333206176757,8488500
2020-05-11,20.416391372680664,21.96999931335449,22.233333587646484,21.71333312988281,21.729999542236328,9438000
2020-05-12,19.87430953979492,21.38666725158692,22.06666755676269,21.3799991607666,22.06666755676269,8679300
2020-05-13,19.30744361877441,20.77666664123535,21.36333274841309,20.559999465942383,21.36333274841309,12432300
2020-05-14,19.505693435668945,20.989999771118164,21.030000686645508,20.0,20.63999938964844,11679900
2020-05-15,19.205224990844727,20.666667938232425,20.8700008392334,20.540000915527344,20.68000030517578,15777000
2020-05-18,20.56507873535156,22.1299991607666,22.299999237060547,21.350000381469727,21.49666786193848,11988300
2020-05-19,20.43188095092773,21.98666763305664,22.520000457763672,21.98666763305664,22.21333312988281,13604700
2020-05-20,21.17530632019043,22.786666870117188,23.270000457763672,22.703332901000977,22.946666717529297,15504300
2020-05-21,21.001842498779297,22.600000381469727,22.76000022888184,22.30666732788086,22.700000762939453,10072800
2020-05-22,21.22796440124512,22.84333229064941,22.87666702270508,22.47333335876465,22.5,8170800
2020-05-26,22.346206665039062,24.046667098999023,24.053333282470703,23.34666633605957,23.49333381652832,17253600
2020-05-27,22.798460006713867,24.53333282470703,24.6433334350586,24.23666763305664,24.26333236694336,16760100
2020-05-28,22.14876174926757,23.75,24.666667938232425,23.56999969482422,24.65999984741211,16439400
2020-05-29,22.251344680786133,23.86000061035156,24.11666679382324,23.33666610717773,23.64999961853028,15854400
2020-06-01,22.027528762817383,23.6200008392334,23.86000061035156,23.44333267211914,23.65999984741211,8249700
2020-06-02,22.437862396240234,24.059999465942383,24.156667709350582,23.709999084472656,23.8933334350586,9104400
2020-06-03,23.211902618408203,24.88999938964844,24.956666946411133,24.33333206176757,24.46999931335449,11758500
2020-06-04,23.01605987548828,24.68000030517578,24.82666778564453,24.56666755676269,24.700000762939453,9408900
2020-06-05,23.33935737609864,25.02666664123535,25.63666725158692,24.976667404174805,25.31666755676269,17776200
2020-06-08,23.106210708618164,24.77666664123535,25.32999992370605,24.606666564941406,24.940000534057617,13896000
2020-06-09,22.89793586730957,24.553333282470703,24.739999771118164,24.35333251953125,24.523332595825195,10312500
2020-06-10,22.782920837402344,24.43000030517578,24.709999084472656,24.1200008392334,24.553333282470703,12241500
2020-06-11,21.22862434387207,22.76333236694336,24.13333320617676,22.739999771118164,23.926666259765625,14913000
2020-06-12,21.626514434814453,23.190000534057617,23.55666732788086,22.68666648864746,23.503332138061523,12513600
2020-06-15,21.80681610107422,23.38333320617676,23.520000457763672,22.479999542236328,22.63666725158692,11766900
2020-06-16,21.8720932006836,23.453332901000977,24.190000534057617,23.19333267211914,24.18666648864746,11663700
2020-06-17,21.729103088378903,23.299999237060547,23.690000534057617,23.27666664123535,23.690000534057617,9175800
2020-06-18,21.59543228149414,23.156667709350582,23.37333297729492,23.02666664123535,23.07999992370605,8368500
2020-06-19,21.135364532470703,22.663333892822266,23.489999771118164,22.58333206176757,23.46666717529297,21278100
2020-06-22,21.324987411499023,22.86666679382324,22.88999938964844,22.356666564941406,22.58333206176757,9680100
2020-06-23,21.58299827575684,23.1433334350586,23.286666870117188,22.916667938232425,23.106666564941406,9317100
2020-06-24,20.983041763305664,22.5,22.953332901000977,22.479999542236328,22.809999465942383,11214600
2020-06-25,21.20686149597168,22.739999771118164,22.78333282470703,22.13666725158692,22.440000534057617,8755800
2020-06-26,20.48877143859864,21.96999931335449,22.76333236694336,21.790000915527344,22.666667938232425,28192200
2020-06-29,21.29389381408692,22.83333206176757,22.84000015258789,22.11333274841309,22.190000534057617,10683300
2020-06-30,21.679367065429688,23.24666786193848,23.43666648864746,22.663333892822266,22.71999931335449,10864200
2020-07-01,21.21308135986328,22.74666786193848,23.43000030517578,22.62333297729492,23.286666870117188,9850200
2020-07-02,21.405807495117188,22.953332901000977,23.293333053588867,22.8933334350586,23.053333282470703,7629600
2020-07-06,21.8379020690918,23.416667938232425,23.559999465942383,23.229999542236328,23.24333381652832,8323200
2020-07-07,21.300121307373047,22.84000015258789,23.34333229064941,22.78333282470703,23.1433334350586,8724000
2020-07-08,21.48041343688965,23.03333282470703,23.08333206176757,22.72333335876465,22.8799991607666,8927400
2020-07-09,21.094951629638672,22.6200008392334,23.01666641235352,22.49333381652832,22.76333236694336,12826200
2020-07-10,20.99547004699707,22.51333236694336,22.696666717529297,22.38666725158692,22.56333351135254,11002500
2020-07-13,21.33741569519043,22.8799991607666,23.32333374023437,22.52666664123535,22.73666763305664,12059400
2020-07-14,21.55502319335937,23.11333274841309,23.14999961853028,22.600000381469727,22.68666648864746,11623500
2020-07-15,21.965351104736328,23.553333282470703,23.67333221435547,23.12666702270508,23.5,13189500
2020-07-16,22.092811584472656,23.690000534057617,23.956666946411133,23.39999961853028,23.43000030517578,8338800
2020-07-17,22.431644439697266,24.053333282470703,24.14999961853028,23.666667938232425,23.88333320617676,8843400
2020-07-20,22.24513053894043,23.85333251953125,24.01333236694336,23.62666702270508,23.953332901000977,8920500
2020-07-21,22.51557922363281,24.1433334350586,24.196666717529297,23.86666679382324,23.97333335876465,7594500
2020-07-22,22.773588180541992,24.420000076293945,24.59000015258789,24.09666633605957,24.166667938232425,12627300
2020-07-23,22.23579788208008,23.84333229064941,24.31666755676269,23.6433334350586,24.023332595825195,15308400
2020-07-24,22.176738739013672,23.780000686645508,24.203332901000977,23.75,23.916667938232425,8862600
2020-07-27,22.254453659057617,23.86333274841309,24.06999969482422,23.63999938964844,23.663333892822266,10236300
2020-07-28,21.79127311706543,23.36666679382324,23.77666664123535,23.31666755676269,23.76666641235352,8943600
2020-07-29,22.357038497924805,23.97333335876465,24.043333053588867,23.459999084472656,23.56333351135254,11649000
2020-07-30,21.834793090820312,23.413333892822266,23.76666641235352,23.35333251953125,23.65999984741211,9651000
2020-07-31,22.176738739013672,23.780000686645508,23.796667098999023,22.690000534057617,23.303333282470703,16729200
2020-08-03,21.86898803710937,23.450000762939453,23.88333320617676,23.426666259765625,23.729999542236328,8228100
2020-08-04,21.99643898010254,23.58666610717773,23.59333229064941,23.26666641235352,23.38999938964844,9359700
2020-08-05,22.2047176361084,23.809999465942383,23.84000015258789,23.60333251953125,23.71999931335449,6515700
2020-08-06,22.465839385986328,24.09000015258789,24.21666717529297,23.739999771118164,23.81666755676269,7129500
2020-08-07,22.671003341674805,24.309999465942383,24.40999984741211,23.94333267211914,23.983333587646484,10284300
2020-08-10,23.02849769592285,24.69333267211914,24.809999465942383,24.309999465942383,24.450000762939453,11712000
2020-08-11,23.35800552368164,25.046667098999023,25.489999771118164,24.88999938964844,25.03333282470703,16438200
2020-08-12,23.323814392089844,25.01000022888184,25.43666648864746,24.976667404174805,25.19333267211914,9073500
2020-08-13,23.00362777709961,24.666667938232425,24.98666763305664,24.58333206176757,24.83666610717773,7675800
2020-08-14,23.08134651184082,24.75,24.88999938964844,24.49666786193848,24.55666732788086,7149300
2020-08-17,23.31138038635254,24.99666786193848,25.09333229064941,24.78333282470703,24.80666732788086,8966100
2020-08-18,23.13107681274414,24.803333282470703,25.06333351135254,24.773332595825195,25.06333351135254,7244700
2020-08-19,23.01917266845703,24.683332443237305,24.950000762939453,24.63666725158692,24.906667709350582,8141700
2020-08-20,22.97565269470215,24.63666725158692,24.72333335876465,24.416667938232425,24.433332443237305,7644600
2020-08-21,23.04404067993164,24.709999084472656,24.753332138061523,24.47333335876465,24.63333320617676,9075000
2020-08-24,23.348682403564453,25.036666870117188,25.059999465942383,24.793333053588867,24.856666564941406,7807800
2020-08-25,23.5725040435791,25.27666664123535,25.309999465942383,24.940000534057617,25.196666717529297,7600500
2020-08-26,23.44194221496582,25.13666725158692,25.26333236694336,24.989999771118164,25.15999984741211,8460300
2020-08-27,23.68440818786621,25.39666748046875,25.57666778564453,25.09333229064941,25.32999992370605,7626000
2020-08-28,24.04000473022461,25.690000534057617,25.726667404174805,25.25666618347168,25.32333374023437,7963500
2020-08-31,23.84973526000977,25.48666763305664,25.85333251953125,25.38333320617676,25.726667404174805,9645900
2020-09-01,24.34257125854492,26.01333236694336,26.020000457763672,25.25,25.40333366394043,9957000
2020-09-02,24.23027992248535,25.8933334350586,26.21666717529297,25.72333335876465,25.983333587646484,24348300
2020-09-03,23.597074508666992,25.21666717529297,26.13666725158692,25.02666664123535,26.106666564941406,14156100
2020-09-04,23.55340576171875,25.170000076293945,25.656667709350582,24.803333282470703,25.40999984741211,12536700
2020-09-08,23.475419998168945,25.08666610717773,25.523332595825195,24.71333312988281,25.12333297729492,12302400
2020-09-09,23.91211700439453,25.553333282470703,25.959999084472656,25.226667404174805,25.24333381652832,10989900
2020-09-10,23.65010070800781,25.273332595825195,25.666667938232425,25.09333229064941,25.450000762939453,11175000
2020-09-11,24.071191787719727,25.72333335876465,25.80666732788086,25.35333251953125,25.416667938232425,8678100
2020-09-14,24.62954902648925,26.31999969482422,26.46333312988281,25.75,25.946666717529297,10494300
2020-09-15,25.03816604614257,26.75666618347168,27.03333282470703,26.416667938232425,26.57999992370605,14988300
2020-09-16,24.75119400024414,26.450000762939453,27.13333320617676,26.3799991607666,27.06666755676269,14956500
2020-09-17,24.797985076904297,26.5,26.666667938232425,25.793333053588867,25.99666786193848,13855800
2020-09-18,24.90091896057129,26.61000061035156,26.86000061035156,26.416667938232425,26.58333206176757,20217300
2020-09-21,24.199087142944336,25.86000061035156,26.253332138061523,25.43666648864746,26.100000381469727,13075200
2020-09-22,24.30825996398925,25.976667404174805,26.09333229064941,25.71333312988281,25.88333320617676,10902900
2020-09-23,23.86220932006836,25.5,26.32999992370605,25.36333274841309,26.22333335876465,13460700
2020-09-24,23.88716697692871,25.52666664123535,25.850000381469727,25.12666702270508,25.356666564941406,12737400
2020-09-25,24.35504913330078,26.02666664123535,26.11000061035156,25.549999237060547,25.74666786193848,10377600
2020-09-28,24.74495506286621,26.44333267211914,26.57333374023437,26.166667938232425,26.38666725158692,8690700
2020-09-29,24.205322265625,25.86666679382324,26.48666763305664,25.856666564941406,26.31999969482422,11407500
2020-09-30,24.22715950012207,25.88999938964844,26.40999984741211,25.793333053588867,26.1299991607666,14632800
2020-10-01,23.974506378173828,25.6200008392334,26.11666679382324,25.42333221435547,26.11666679382324,12747600
2020-10-02,24.06496238708496,25.71666717529297,25.956666946411133,25.43666648864746,25.59333229064941,10647600
2020-10-05,24.24898910522461,25.913333892822266,26.09666633605957,25.770000457763672,25.82999992370605,8595900
2020-10-06,23.93083572387696,25.57333374023437,26.13333320617676,25.489999771118164,25.989999771118164,9891600
2020-10-07,24.54532241821289,26.229999542236328,26.38333320617676,25.68000030517578,25.703332901000977,10489200
2020-10-08,24.23963928222656,25.90333366394043,26.39999961853028,25.733333587646484,26.30666732788086,10333800
2020-10-09,24.47981643676757,26.15999984741211,26.31333351135254,25.989999771118164,25.989999771118164,6372000
2020-10-12,24.816696166992188,26.520000457763672,26.73666763305664,26.1433334350586,26.309999465942383,14095500
2020-10-13,24.70128631591797,26.39666748046875,26.99666786193848,26.31999969482422,26.83666610717773,12970200
2020-10-14,25.10054588317871,26.82333374023437,27.08333206176757,26.48666763305664,26.48666763305664,12395400
2020-10-15,25.275224685668945,27.01000022888184,27.049999237060547,26.42333221435547,26.520000457763672,8218500
2020-10-16,24.98825454711914,26.703332901000977,27.11333274841309,26.69333267211914,26.983333587646484,15868500
2020-10-19,24.65761375427246,26.350000381469727,26.953332901000977,26.270000457763672,26.60333251953125,9325800
2020-10-20,24.994489669799805,26.709999084472656,27.07333374023437,26.38666725158692,26.433332443237305,8412900
2020-10-21,24.55467987060547,26.239999771118164,26.69333267211914,26.209999084472656,26.39999961853028,14052900
2020-10-22,25.493572235107425,27.24333381652832,28.270000457763672,27.00666618347168,27.38666725158692,21454800
2020-10-23,25.35632705688477,27.09666633605957,27.52666664123535,26.786666870117188,27.233333587646484,9535500
2020-10-26,24.60147285461425,26.290000915527344,26.796667098999023,26.106666564941406,26.77666664123535,9995400
2020-10-27,24.35816764831543,26.030000686645508,26.489999771118164,25.87333297729492,26.32999992370605,16386300
2020-10-28,23.684410095214844,25.309999465942383,25.85333251953125,25.24666786193848,25.489999771118164,18601800
2020-10-29,24.29578399658203,25.96333312988281,26.31333351135254,25.1299991607666,25.22333335876465,16518600
2020-10-30,24.6233024597168,26.31333351135254,26.33666610717773,25.83333206176757,25.88333320617676,17652300
2020-11-02,25.502927780151367,27.253332138061523,27.3700008392334,26.416667938232425,26.77666664123535,17485500
2020-11-03,26.27026557922364,28.07333374023437,28.26333236694336,27.40999984741211,27.543333053588867,16795200
2020-11-04,26.46053504943848,28.27666664123535,29.183332443237305,28.18666648864746,28.49333381652832,19347000
2020-11-05,27.146774291992188,29.01000022888184,29.296667098999023,28.33333206176757,28.503332138061523,18312000
2020-11-06,26.881637573242188,28.726667404174805,29.229999542236328,28.540000915527344,29.059999465942383,8671800
2020-11-09,27.511722564697266,29.39999961853028,31.23666763305664,29.34000015258789,30.11666679382324,17890500
2020-11-10,28.509878158569336,30.46666717529297,30.62666702270508,29.059999465942383,29.25,21492000
2020-11-11,28.08566665649414,30.01333236694336,30.62666702270508,29.76666641235352,30.53333282470703,13177800
2020-11-12,27.98896217346192,29.90999984741211,30.183332443237305,29.63999938964844,29.82999992370605,12211800
2020-11-13,28.26034164428711,30.200000762939453,30.549999237060547,29.90999984741211,30.036666870117188,10227300
2020-11-16,29.00896072387696,31.0,31.02666664123535,30.426666259765625,30.74333381652832,10768500
2020-11-17,28.85299491882324,30.83333206176757,30.97333335876465,30.479999542236328,30.606666564941406,7367700
2020-11-18,28.48805046081543,30.44333267211914,31.21333312988281,30.43000030517578,30.946666717529297,7898700
2020-11-19,28.60346031188965,30.56666755676269,30.61666679382324,30.06333351135254,30.28333282470703,8326800
2020-11-20,28.55354881286621,30.51333236694336,30.76000022888184,30.31333351135254,30.51000022888184,6396300
2020-11-23,28.71575355529785,30.68666648864746,30.88999938964844,30.416667938232425,30.65333366394043,9232800
2020-11-24,28.984004974365234,30.97333335876465,31.15333366394043,30.739999771118164,31.15333366394043,23313900
2020-11-25,28.77190017700196,30.74666786193848,31.040000915527344,30.520000457763672,30.99666786193848,7125600
2020-11-27,28.55605697631836,30.43000030517578,30.906667709350582,30.3799991607666,30.82999992370605,4140600
2020-11-30,28.168182373046875,30.01666641235352,30.61333274841309,29.98666763305664,30.36333274841309,19928400
2020-12-01,28.346479415893555,30.206666946411133,30.69333267211914,30.11666679382324,30.30666732788086,14906700
2020-12-02,28.36524772644043,30.226667404174805,30.453332901000977,30.00666618347168,30.01000022888184,15218700
2020-12-03,28.287050247192383,30.1433334350586,30.53333282470703,29.989999771118164,30.32999992370605,15363000
2020-12-04,28.731231689453125,30.61666679382324,30.656667709350582,30.15333366394043,30.21333312988281,14024400
2020-12-07,28.79066276550293,30.68000030517578,30.773332595825195,30.36666679382324,30.483333587646484,13369800
2020-12-08,28.621749877929688,30.5,30.696666717529297,30.32666778564453,30.38333320617676,11121300
2020-12-09,28.69369506835937,30.57666778564453,30.76333236694336,30.39999961853028,30.559999465942383,8512500
2020-12-10,28.15254020690918,30.0,30.183332443237305,29.84666633605957,29.850000381469727,13001400
2020-12-11,28.287050247192383,30.1433334350586,30.229999542236328,29.666667938232425,29.73666763305664,10037700
2020-12-14,27.814712524414062,29.63999938964844,30.44333267211914,29.6299991607666,30.40333366394043,7836900
2020-12-15,28.221359252929688,30.07333374023437,30.17333221435547,29.61333274841309,29.959999084472656,11945100
2020-12-16,27.871017456054688,29.700000762939453,30.12333297729492,29.656667709350582,30.01666641235352,9122400
2020-12-17,28.32458877563477,30.183332443237305,30.32333374023437,29.77666664123535,29.77666664123535,8842200
2020-12-18,28.35899353027344,30.21999931335449,30.32666778564453,29.81666755676269,30.15999984741211,16911600
2020-12-21,28.05556869506836,29.89666748046875,30.12333297729492,29.523332595825195,29.59333229064941,8289300
2020-12-22,28.01177978515625,29.850000381469727,30.06333351135254,29.700000762939453,29.753332138061523,14629200
2020-12-23,28.04931259155273,29.88999938964844,30.170000076293945,29.739999771118164,29.96333312988281,12081900
2020-12-24,28.168182373046875,30.01666641235352,30.07333374023437,29.71666717529297,29.93000030517578,2629200
2020-12-28,28.35273742675781,30.21333312988281,30.416667938232425,30.11666679382324,30.18666648864746,5016300
2020-12-29,27.942960739135746,29.77666664123535,30.40999984741211,29.56333351135254,30.31666755676269,8220600
2020-12-30,28.255765914916992,30.11000061035156,30.163333892822266,29.83333206176757,29.89666748046875,5934900
2020-12-31,28.387149810791016,30.25,30.303333282470703,29.88666725158692,29.98666763305664,9063600
2021-01-04,27.523801803588867,29.32999992370605,30.34666633605957,29.1299991607666,30.21999931335449,15560700
2021-01-05,27.989885330200195,29.82666778564453,30.030000686645508,29.270000457763672,29.293333053588867,10363800
2021-01-06,28.734363555908203,30.6200008392334,30.676666259765625,29.74666786193848,29.76000022888184,13463700
2021-01-07,29.41314697265625,31.34333229064941,31.48666763305664,30.68666648864746,30.89999961853028,11685600
2021-01-08,29.979326248168945,31.946666717529297,32.09000015258789,31.286666870117188,31.286666870117188,12530700
2021-01-11,30.02625274658203,31.99666786193848,32.51333236694336,31.706666946411133,31.81333351135254,12276300
2021-01-12,29.99497032165528,31.96333312988281,32.150001525878906,31.58333206176757,31.71333312988281,9510900
2021-01-13,29.60396194458008,31.546667098999023,31.99333381652832,31.350000381469727,31.916667938232425,15406800
2021-01-14,29.244234085083008,31.163333892822266,31.61666679382324,31.09333229064941,31.56999969482422,9858600
2021-01-15,29.22233390808105,31.13999938964844,31.27666664123535,30.63333320617676,31.05666732788086,12512700
2021-01-19,28.984607696533203,30.88666725158692,31.450000762939453,30.84666633605957,31.24333381652832,9317100
2021-01-20,29.156644821166992,31.06999969482422,31.11333274841309,30.703332901000977,31.0,13134000
2021-01-21,28.656156539916992,30.536666870117188,30.926666259765625,30.39666748046875,30.86333274841309,12918900
2021-01-22,27.41431999206543,29.21333312988281,30.163333892822266,29.176666259765625,29.81999969482422,19846200
2021-01-25,27.489391326904297,29.293333053588867,29.356666564941406,28.62666702270508,29.24333381652832,15135300
2021-01-26,27.160947799682617,28.94333267211914,29.57999992370605,28.86666679382324,29.31999969482422,11301600
2021-01-27,26.24129676818848,27.96333312988281,28.63666725158692,27.703332901000977,28.446666717529297,20650800
2021-01-28,27.120285034179688,28.89999961853028,29.270000457763672,28.1433334350586,28.456666946411133,15337500
2021-01-29,26.826244354248047,28.58666610717773,29.166667938232425,28.51000022888184,28.670000076293945,16788600
2021-02-01,27.229766845703125,29.01666641235352,29.190000534057617,28.726667404174805,28.726667404174805,12804300
2021-02-02,28.039934158325195,29.8799991607666,30.053333282470703,29.049999237060547,29.190000534057617,11835600
2021-02-03,27.93983268737793,29.773332595825195,30.00666618347168,29.690000534057617,29.85333251953125,9593100
2021-02-04,27.65830421447754,29.47333335876465,29.93000030517578,29.290000915527344,29.77666664123535,12042000
2021-02-05,27.698974609375,29.51666641235352,29.84333229064941,29.5,29.81333351135254,9338100
2021-02-08,27.29545211791992,29.08666610717773,29.51000022888184,28.99333381652832,29.42333221435547,15169500
2021-02-09,27.6739501953125,29.489999771118164,29.57333374023437,28.670000076293945,28.93666648864746,11108100
2021-02-10,27.583232879638672,29.3933334350586,29.796667098999023,29.206666946411133,29.71999931335449,9537000
2021-02-11,27.761533737182617,29.58333206176757,29.71999931335449,29.22333335876465,29.64666748046875,11757300
2021-02-12,28.196332931518555,30.046667098999023,30.13666725158692,29.53333282470703,29.53333282470703,10036200
2021-02-16,28.387149810791016,30.25,30.37333297729492,30.030000686645508,30.13999938964844,14849700
2021-02-17,28.1494140625,29.99666786193848,30.23666763305664,29.700000762939453,30.100000381469727,9963300
2021-02-18,28.15879440307617,30.00666618347168,30.163333892822266,29.53333282470703,29.773332595825195,10864500
2021-02-19,28.80630683898925,30.696666717529297,30.78333282470703,30.030000686645508,30.06999969482422,9882900
2021-02-22,28.959585189819336,30.86000061035156,31.18666648864746,30.44333267211914,30.52666664123535,13260900
2021-02-23,28.681182861328125,30.56333351135254,31.23666763305664,30.34000015258789,30.90999984741211,11357700
2021-02-24,29.206693649291992,31.12333297729492,31.303333282470703,30.32333374023437,30.36000061035156,8136600
2021-02-25,28.92432403564453,30.729999542236328,31.11333274841309,30.57666778564453,31.106666564941406,13516500
2021-02-26,28.723527908325195,30.51666641235352,30.96666717529297,30.36000061035156,30.850000381469727,11532600
2021-03-01,29.15649604797364,30.976667404174805,31.18000030517578,30.82333374023437,30.99666786193848,7704600
2021-03-02,28.91490936279297,30.71999931335449,31.00666618347168,30.530000686645508,30.979999542236328,6810000
2021-03-03,28.57920837402344,30.36333274841309,30.74333381652832,30.350000381469727,30.68666648864746,7253700
2021-03-04,27.69129753112793,29.420000076293945,30.49333381652832,29.049999237060547,30.36000061035156,12982200
2021-03-05,28.74862670898437,30.543333053588867,30.6200008392334,29.309999465942383,29.84666633605957,9233100
2021-03-08,29.0310001373291,30.84333229064941,31.479999542236328,30.53333282470703,30.59666633605957,10492800
2021-03-09,29.096885681152344,30.913333892822266,31.34666633605957,30.8933334350586,31.106666564941406,8565600
2021-03-10,29.363571166992188,31.196666717529297,31.38666725158692,30.83333206176757,31.003332138061523,7677000
2021-03-11,29.435731887817383,31.273332595825195,31.6299991607666,31.21666717529297,31.37333297729492,11390700
2021-03-12,29.445146560668945,31.28333282470703,31.426666259765625,31.163333892822266,31.19333267211914,6711300
2021-03-15,29.329057693481445,31.15999984741211,31.32666778564453,30.75,31.21666717529297,8145000
2021-03-16,28.845888137817383,30.64666748046875,31.290000915527344,30.479999542236328,31.25666618347168,9074100
2021-03-17,28.908641815185547,30.71333312988281,30.89999961853028,30.33666610717773,30.59666633605957,11624700
2021-03-18,29.02472305297852,30.83666610717773,31.05666732788086,30.46999931335449,30.48666763305664,12426900
2021-03-19,28.478803634643555,30.25666618347168,31.0,30.15999984741211,30.950000762939453,32357400
2021-03-22,29.42318344116211,31.26000022888184,31.733333587646484,31.07666778564453,31.60333251953125,20960100
2021-03-23,29.15336036682129,30.97333335876465,31.6299991607666,30.8700008392334,31.156667709350582,10692300
2021-03-24,29.54554557800293,31.38999938964844,31.76000022888184,31.00666618347168,31.06333351135254,12277500
2021-03-25,29.975378036499023,31.84666633605957,31.94333267211914,31.00666618347168,31.32333374023437,9774600
2021-03-26,30.64051818847656,32.5533332824707,32.57666778564453,31.796667098999023,31.90999984741211,9407100
2021-03-29,30.31108665466309,32.20333480834961,32.6966667175293,32.01333236694336,32.643333435058594,13755900
2021-03-30,30.23578834533692,32.12333297729492,32.43333435058594,31.98666763305664,32.00333404541016,10415400
2021-03-31,30.25147247314453,32.13999938964844,32.36333465576172,31.88666725158692,31.88666725158692,10265100
2021-04-01,30.5150203704834,32.41999816894531,32.4466667175293,32.116668701171875,32.36333465576172,8038500
2021-04-05,30.92603302001953,32.856666564941406,32.95000076293945,32.54666519165039,32.71333312988281,7239000
2021-04-06,30.467960357666016,32.369998931884766,32.84000015258789,32.356666564941406,32.77333450317383,9061200
2021-04-07,30.41775894165039,32.31666564941406,32.543331146240234,32.15999984741211,32.529998779296875,6040800
2021-04-08,30.270299911499023,32.15999984741211,32.400001525878906,32.11333465576172,32.400001525878906,7561800
2021-04-09,30.838180541992188,32.76333236694336,32.83000183105469,32.21666717529297,32.28333282470703,6457200
2021-04-12,30.938581466674805,32.869998931884766,32.926666259765625,32.366668701171875,32.54666519165039,6730500
2021-04-13,30.6844482421875,32.599998474121094,32.81999969482422,32.39666748046875,32.69333267211914,6452700
2021-04-14,30.860145568847656,32.78666687011719,32.856666564941406,32.54666519165039,32.66666793823242,9633600
2021-04-15,31.020160675048828,32.956668853759766,33.11333465576172,32.77000045776367,32.9033317565918,8825700
2021-04-16,30.9479923248291,32.880001068115234,33.25,32.72666549682617,33.21666717529297,11430600
2021-04-19,30.969951629638672,32.9033317565918,32.95000076293945,32.65666580200195,32.79999923706055,8116800
2021-04-20,30.88838195800781,32.81666564941406,33.78333282470703,32.689998626708984,33.38999938964844,15406800
2021-04-21,32.21866989135742,34.22999954223633,34.45333480834961,32.92333221435547,32.97666549682617,21642900
2021-04-22,31.94571304321289,33.939998626708984,34.58000183105469,33.76666641235352,33.90666580200195,15463800
2021-04-23,32.350440979003906,34.369998931884766,34.540000915527344,33.81999969482422,33.93333435058594,9547500
2021-04-26,32.10258102416992,34.106666564941406,34.54666519165039,34.06666564941406,34.34333419799805,9794100
2021-04-27,31.977075576782227,33.973331451416016,34.0966682434082,33.79999923706055,34.03333282470703,10035600
2021-04-28,31.84531021118164,33.83333206176758,34.16666793823242,33.78333282470703,33.86333465576172,12767700
2021-04-29,31.7480525970459,33.72999954223633,34.0,33.29666519165039,34.0,13470300
2021-04-30,31.60998916625977,33.58333206176758,33.92333221435547,33.51666641235352,33.689998626708984,13802700
2021-05-03,31.807661056518555,33.793331146240234,34.026668548583984,33.746665954589844,33.8466682434082,7163400
2021-05-04,31.892370223999023,33.883331298828125,34.01333236694336,33.62666702270508,33.69333267211914,12131400
2021-05-05,31.75118637084961,33.733333587646484,34.119998931884766,33.66666793823242,33.983333587646484,8781900
2021-05-06,32.177879333496094,34.186668395996094,34.20333480834961,33.856666564941406,33.94333267211914,8334600
2021-05-07,32.356712341308594,34.37666702270508,34.5099983215332,33.95333480834961,34.11333465576172,7383000
2021-05-10,32.36613082885742,34.38666534423828,34.956668853759766,34.366668701171875,34.543331146240234,10260900
2021-05-11,31.85785484313965,33.8466682434082,34.293331146240234,33.77333450317383,34.276668548583984,13913100
2021-05-12,31.261737823486328,33.21333312988281,33.83333206176758,33.163333892822266,33.64666748046875,11356500
2021-05-13,31.603723526000977,33.57666778564453,33.75333404541016,33.086666107177734,33.17333221435547,15173100
2021-05-14,31.91118812561035,33.9033317565918,34.17333221435547,33.7400016784668,33.849998474121094,10779600
2021-05-17,31.500185012817383,33.46666717529297,34.106666564941406,33.28333282470703,33.936668395996094,16106400
2021-05-18,31.029571533203125,32.96666717529297,33.5,32.9466667175293,33.426666259765625,11467200
2021-05-19,30.860145568847656,32.78666687011719,32.86000061035156,32.356666564941406,32.62333297729492,11724600
2021-05-20,30.83504867553711,32.7599983215332,32.936668395996094,32.47999954223633,32.689998626708984,10016700
2021-05-21,30.838180541992188,32.76333236694336,33.189998626708984,32.606666564941406,32.85333251953125,12012600
2021-05-24,31.17075538635254,33.116668701171875,33.20333480834961,32.86000061035156,33.06666564941406,8430900
2021-05-25,31.07976722717285,33.02000045776367,33.459999084472656,32.95000076293945,33.12333297729492,8172000
2021-05-26,31.51273727416992,33.47999954223633,33.543331146240234,33.02333450317383,33.040000915527344,13305900
2021-05-27,31.42149543762207,33.290000915527344,33.71333312988281,33.27000045776367,33.51666641235352,12264000
2021-05-28,31.500152587890625,33.37333297729492,33.46666717529297,33.25,33.369998931884766,6052500
2021-06-01,31.556787490844727,33.43333435058594,33.71666717529297,33.4033317565918,33.52000045776367,9130200
2021-06-02,31.330251693725582,33.19333267211914,33.58333206176758,33.15999984741211,33.48666763305664,7934400
2021-06-03,31.36801147460937,33.233333587646484,33.5099983215332,32.85333251953125,32.93333435058594,9493500
2021-06-04,31.34284782409668,33.206668853759766,33.5,32.97666549682617,33.5,7880400
2021-06-07,30.85517311096192,32.689998626708984,33.366668701171875,32.68000030517578,33.26333236694336,9384900
2021-06-08,30.88035011291504,32.71666717529297,32.88999938964844,32.356666564941406,32.686668395996094,14946000
2021-06-09,30.776517868041992,32.606666564941406,32.823333740234375,32.51333236694336,32.709999084472656,8712600
2021-06-10,30.414697647094727,32.223331451416016,32.790000915527344,32.206668853759766,32.68000030517578,11526600
2021-06-11,30.59089088439941,32.40999984741211,32.49333190917969,32.27000045776367,32.41999816894531,8883000
2021-06-14,30.609766006469727,32.43000030517578,32.56999969482422,32.1966667175293,32.46333312988281,8616600
2021-06-15,30.96214485168457,32.8033332824707,32.87333297729492,32.46666717529297,32.68000030517578,12713400
2021-06-16,30.59089088439941,32.40999984741211,32.8466682434082,32.29999923706055,32.83333206176758,11285100
2021-06-17,30.28255653381348,32.08333206176758,32.4900016784668,31.88333320617676,32.40666580200195,10155000
2021-06-18,29.81061744689941,31.58333206176757,31.8933334350586,31.51333236694336,31.80666732788086,19734600
2021-06-21,30.144121170043945,31.93666648864746,32.12666702270508,31.729999542236328,31.76666641235352,10646400
2021-06-22,29.97736930847168,31.76000022888184,31.99666786193848,31.71999931335449,31.913333892822266,8943600
2021-06-23,29.78230094909668,31.553333282470703,31.76666641235352,31.503332138061523,31.683332443237305,10493400
2021-06-24,29.936473846435547,31.71666717529297,31.770000457763672,31.43666648864746,31.63333320617676,12420900
2021-06-25,30.17558860778809,31.96999931335449,32.13999938964844,31.753332138061523,31.753332138061523,10498500
2021-06-28,29.98995590209961,31.773332595825195,32.08000183105469,31.63999938964844,31.950000762939453,13197600
2021-06-29,29.788599014282227,31.559999465942383,32.43000030517578,31.36000061035156,32.31999969482422,18270800
2021-06-30,30.27941131591797,32.08000183105469,32.130001068115234,31.56999969482422,31.950000762939453,15063400
2021-07-01,30.46818351745605,32.279998779296875,32.45000076293945,32.06999969482422,32.209999084472656,10988100
2021-07-02,30.751352310180664,32.58000183105469,32.79999923706055,32.22999954223633,32.380001068115234,11422000
2021-07-06,30.581449508666992,32.400001525878906,32.560001373291016,31.96999931335449,32.470001220703125,10507300
2021-07-07,31.128887176513672,32.97999954223633,33.040000915527344,32.290000915527344,32.29999923706055,12646700
2021-07-08,29.21283531188965,30.950000762939453,32.20000076293945,30.84000015258789,32.099998474121094,24349200
2021-07-09,30.043441772460938,31.82999992370605,31.950000762939453,31.59000015258789,31.6200008392334,15171200
2021-07-12,29.95849227905273,31.739999771118164,32.0,31.520000457763672,31.86000061035156,8437800
2021-07-13,29.92073631286621,31.700000762939453,31.920000076293945,31.57999992370605,31.57999992370605,8716600
2021-07-14,29.864107131958008,31.63999938964844,31.959999084472656,31.56999969482422,31.81999969482422,11147200
2021-07-15,30.024564743041992,31.809999465942383,31.959999084472656,31.450000762939453,31.450000762939453,12351000
2021-07-16,29.74140357971192,31.51000022888184,31.96999931335449,31.40999984741211,31.76000022888184,13642100
2021-07-19,29.090131759643555,30.81999969482422,31.170000076293945,30.63999938964844,31.1299991607666,13505300
2021-07-20,29.4299259185791,31.18000030517578,31.43000030517578,30.86000061035156,30.8799991607666,11295900
2021-07-21,29.79804039001465,31.56999969482422,31.71999931335449,31.239999771118164,31.239999771118164,11236600
2021-07-22,30.83629035949707,32.66999816894531,33.27000045776367,32.59000015258789,32.779998779296875,14926800
2021-07-23,30.96843910217285,32.810001373291016,32.86000061035156,32.380001068115234,32.38999938964844,10395000
2021-07-26,31.04394721984864,32.88999938964844,32.9900016784668,32.5099983215332,32.79999923706055,10950000
2021-07-27,30.56257438659668,32.380001068115234,33.0099983215332,32.31999969482422,32.72999954223633,9081300
2021-07-28,30.118953704833984,31.90999984741211,32.459999084472656,31.850000381469727,32.25,10612200
2021-07-29,30.288848876953125,32.09000015258789,32.290000915527344,32.029998779296875,32.08000183105469,6283000
2021-07-30,30.50594139099121,32.31999969482422,32.349998474121094,32.029998779296875,32.029998779296875,7802700
2021-08-02,30.288848876953125,32.09000015258789,32.630001068115234,31.96999931335449,32.45000076293945,6722600
2021-08-03,30.609766006469727,32.43000030517578,32.540000915527344,32.029998779296875,32.209999084472656,5371700
2021-08-04,30.128387451171875,31.920000076293945,32.38999938964844,31.700000762939453,32.25,8050800
2021-08-05,30.3454818725586,32.150001525878906,32.33000183105469,31.959999084472656,32.02000045776367,6037200
2021-08-06,30.48706245422364,32.29999923706055,32.470001220703125,32.13999938964844,32.20000076293945,5975800
2021-08-09,30.57201194763184,32.38999938964844,32.47999954223633,32.15999984741211,32.279998779296875,6174900
2021-08-10,31.10058212280273,32.95000076293945,33.20000076293945,32.439998626708984,32.54999923706055,10382800
2021-08-11,32.07276153564453,33.97999954223633,33.9900016784668,33.0,33.0099983215332,15003900
2021-08-12,32.21435546875,34.130001068115234,34.16999816894531,33.61000061035156,34.0,8369700
2021-08-13,31.96893882751465,33.869998931884766,34.279998779296875,33.689998626708984,34.16999816894531,5625400
2021-08-16,31.96893882751465,33.869998931884766,33.88999938964844,33.459999084472656,33.79999923706055,6928800
2021-08-17,31.846237182617188,33.7400016784668,33.849998474121094,33.2599983215332,33.84000015258789,6734600
2021-08-18,31.865114212036133,33.7599983215332,34.209999084472656,33.630001068115234,33.66999816894531,8526200
2021-08-19,31.70466423034668,33.59000015258789,33.91999816894531,33.38999938964844,33.68000030517578,7632400
2021-08-20,31.8367977142334,33.72999954223633,33.86000061035156,33.59000015258789,33.7400016784668,6301300
2021-08-23,31.96893882751465,33.869998931884766,34.33000183105469,33.77000045776367,33.779998779296875,7973300
2021-08-24,31.496994018554688,33.369998931884766,34.0099983215332,33.31999969482422,33.9900016784668,8914400
2021-08-25,31.581954956054688,33.459999084472656,33.560001373291016,33.27000045776367,33.40999984741211,7536500
2021-08-26,31.412065505981445,33.279998779296875,33.65999984741211,33.099998474121094,33.459999084472656,6249200
2021-08-27,31.572509765625,33.45000076293945,33.54999923706055,33.279998779296875,33.310001373291016,6921400
2021-08-30,31.329259872436523,33.099998474121094,33.36000061035156,33.029998779296875,33.279998779296875,5398500
2021-08-31,30.78975486755371,32.529998779296875,33.220001220703125,32.34000015258789,33.099998474121094,14636500
2021-09-01,30.799224853515625,32.540000915527344,32.84000015258789,32.22999954223633,32.58000183105469,12680900
2021-09-02,30.837087631225582,32.58000183105469,32.77000045776367,32.41999816894531,32.619998931884766,11128200
2021-09-03,30.28810691833496,32.0,32.54999923706055,31.940000534057617,32.43000030517578,9727800
2021-09-07,29.824323654174805,31.51000022888184,32.0,31.46999931335449,31.8799991607666,11166400
2021-09-08,29.99469375610352,31.690000534057617,31.76000022888184,31.270000457763672,31.450000762939453,10216500
2021-09-09,29.672882080078125,31.350000381469727,31.71999931335449,31.21999931335449,31.700000762939453,8042800
2021-09-10,29.294282913208008,30.950000762939453,31.57999992370605,30.920000076293945,31.299999237060547,9316200
2021-09-13,29.246959686279297,30.89999961853028,31.270000457763672,30.65999984741211,31.229999542236328,12954000
2021-09-14,28.86835479736328,30.5,30.959999084472656,30.43000030517578,30.959999084472656,9952200
2021-09-15,29.19962882995605,30.850000381469727,31.01000022888184,30.530000686645508,30.68000030517578,11871400
2021-09-16,29.25641632080078,30.90999984741211,31.059999465942383,30.739999771118164,30.989999771118164,12604100
2021-09-17,28.68851661682129,30.309999465942383,31.0,30.200000762939453,30.82999992370605,24017600
2021-09-20,28.17740821838379,29.770000457763672,29.989999771118164,29.489999771118164,29.89999961853028,15750200
2021-09-21,28.120615005493164,29.709999084472656,30.34000015258789,29.6200008392334,30.100000381469727,10219100
2021-09-22,28.262592315673828,29.86000061035156,30.15999984741211,29.809999465942383,29.8700008392334,8814700
2021-09-23,28.593868255615234,30.209999084472656,30.40999984741211,29.8700008392334,29.8700008392334,9476400
2021-09-24,28.792638778686523,30.420000076293945,30.690000534057617,30.059999465942383,30.11000061035156,10130900
2021-09-27,28.92514610290528,30.559999465942383,30.81999969482422,30.25,30.34000015258789,10213800
2021-09-28,28.86835479736328,30.5,30.65999984741211,30.18000030517578,30.540000915527344,16501300
2021-09-29,28.73584747314453,30.36000061035156,30.6200008392334,30.239999771118164,30.40999984741211,11565900
2021-09-30,28.14901351928711,29.739999771118164,30.549999237060547,29.71999931335449,30.46999931335449,10400800
2021-10-01,28.716915130615234,30.34000015258789,30.559999465942383,29.780000686645508,29.780000686645508,12352200
2021-10-04,28.877819061279297,30.51000022888184,30.84000015258789,30.280000686645508,30.3799991607666,16652400
2021-10-05,29.74860191345215,31.43000030517578,31.65999984741211,30.43000030517578,30.43000030517578,16226100
2021-10-06,30.799224853515625,32.540000915527344,32.59000015258789,31.15999984741211,31.170000076293945,17573800
2021-10-07,30.458477020263672,32.18000030517578,32.849998474121094,32.119998931884766,32.79999923706055,11944500
2021-10-08,30.960124969482425,32.709999084472656,32.79999923706055,32.099998474121094,32.189998626708984,9871500
2021-10-11,30.76136016845703,32.5,32.9900016784668,32.4900016784668,32.709999084472656,8718300
2021-10-12,30.411157608032227,32.130001068115234,32.56999969482422,32.04999923706055,32.56999969482422,7468700
2021-10-13,30.837087631225582,32.58000183105469,32.709999084472656,31.979999542236328,32.27000045776367,8349400
2021-10-14,31.64160919189453,33.43000030517578,33.439998626708984,32.790000915527344,32.83000183105469,11005500
2021-10-15,32.33255386352539,34.15999984741211,34.41999816894531,33.56999969482422,33.599998474121094,20535100
2021-10-18,32.39881896972656,34.22999954223633,34.34000015258789,33.79999923706055,33.9900016784668,10913400
2021-10-19,32.28522872924805,34.11000061035156,34.43000030517578,33.95000076293945,34.34000015258789,10274300
2021-10-20,32.616512298583984,34.459999084472656,34.54999923706055,33.869998931884766,34.119998931884766,14134700
2021-10-21,33.137088775634766,35.0099983215332,35.88999938964844,34.959999084472656,35.33000183105469,21688800
2021-10-22,33.525146484375,35.41999816894531,35.65999984741211,34.7599983215332,35.119998931884766,14922200
2021-10-25,33.818565368652344,35.72999954223633,36.060001373291016,35.33000183105469,35.58000183105469,11664500
2021-10-26,33.78070831298828,35.689998626708984,36.0,35.59000015258789,35.790000915527344,10596600
2021-10-27,33.94160842895508,35.86000061035156,36.27999877929688,35.689998626708984,36.0,10844100
2021-10-28,34.3012809753418,36.2400016784668,36.29999923706055,35.849998474121094,35.849998474121094,8995100
2021-10-29,34.23503112792969,36.16999816894531,36.45000076293945,35.91999816894531,36.02000045776367,9951300
2021-11-01,33.78070831298828,35.689998626708984,36.18999862670898,35.459999084472656,36.13999938964844,10976100
2021-11-02,33.78070831298828,35.689998626708984,35.83000183105469,35.40999984741211,35.7599983215332,12068100
2021-11-03,33.771244049072266,35.68000030517578,35.779998779296875,35.27000045776367,35.7400016784668,8398700
2021-11-04,33.53461837768555,35.43000030517578,35.75,35.290000915527344,35.4900016784668,9697100
2021-11-05,33.51568603515625,35.40999984741211,35.93000030517578,35.38999938964844,35.75,9027800
2021-11-08,33.572479248046875,35.470001220703125,35.7599983215332,35.29999923706055,35.66999816894531,10883300
2021-11-09,33.63873291015625,35.540000915527344,35.599998474121094,35.150001525878906,35.369998931884766,10849700
2021-11-10,33.572479248046875,35.470001220703125,35.79999923706055,35.34000015258789,35.59000015258789,8923500
2021-11-11,33.2411994934082,35.119998931884766,35.5,34.959999084472656,35.40999984741211,8109800
2021-11-12,33.34531021118164,35.22999954223633,35.529998779296875,35.060001373291016,35.22999954223633,7348200
2021-11-15,33.30745315551758,35.189998626708984,35.45000076293945,35.15999984741211,35.29999923706055,13052300
2021-11-16,33.26959609985352,35.150001525878906,35.560001373291016,35.099998474121094,35.349998474121094,9157700
2021-11-17,33.63873291015625,35.540000915527344,35.619998931884766,34.939998626708984,35.119998931884766,11951500
2021-11-18,34.272891998291016,36.209999084472656,36.43000030517578,35.36000061035156,35.36000061035156,17516300
2021-11-19,34.14984130859375,36.08000183105469,36.310001373291016,35.79999923706055,36.16999816894531,10882500
2021-11-22,34.1214485168457,36.04999923706055,36.52000045776367,36.02999877929688,36.18000030517578,10024100
2021-11-23,34.528446197509766,36.47999954223633,36.56999969482422,35.88999938964844,36.0099983215332,16303200
2021-11-24,34.31075668334961,36.25,36.52000045776367,36.09999847412109,36.29999923706055,16542400
2021-11-26,33.66712188720703,35.56999969482422,35.79999923706055,34.7599983215332,35.65999984741211,11401700
2021-11-29,33.80282974243164,35.619998931884766,36.2400016784668,35.58000183105469,35.97999954223633,13836400
2021-11-30,32.89181137084961,34.65999984741211,35.7400016784668,34.58000183105469,35.279998779296875,23366300
2021-12-01,32.68302536010742,34.439998626708984,35.619998931884766,34.41999816894531,35.27000045776367,15993900
2021-12-02,33.75538635253906,35.56999969482422,35.72999954223633,34.43000030517578,34.4900016784668,12215100
2021-12-03,34.01161193847656,35.84000015258789,36.4900016784668,35.470001220703125,35.95000076293945,21822900
2021-12-06,34.884674072265625,36.7599983215332,37.02000045776367,36.15999984741211,36.209999084472656,14666600
2021-12-07,35.19784164428711,37.09000015258789,37.34999847412109,36.84999847412109,37.0,10565700
2021-12-08,35.06497573852539,36.95000076293945,37.290000915527344,36.56999969482422,37.15999984741211,11080700
2021-12-09,34.74232864379883,36.61000061035156,37.04999923706055,36.54999923706055,36.810001373291016,10872800
2021-12-10,34.86569595336914,36.7400016784668,36.97999954223633,36.540000915527344,36.95000076293945,12150700
2021-12-13,34.172935485839844,36.0099983215332,36.91999816894531,35.970001220703125,36.77999877929688,14655200
2021-12-14,34.08751678466797,35.91999816894531,36.29999923706055,35.709999084472656,35.83000183105469,11096900
2021-12-15,34.60947036743164,36.470001220703125,36.52999877929688,35.88999938964844,36.27999877929688,11198400
2021-12-16,34.704368591308594,36.56999969482422,36.900001525878906,36.369998931884766,36.369998931884766,11190400
2021-12-17,33.89773941040039,35.720001220703125,36.54999923706055,35.630001068115234,36.47999954223633,29587400
2021-12-20,33.508644104003906,35.310001373291016,35.439998626708984,34.939998626708984,35.20000076293945,11861800
2021-12-21,34.116004943847656,35.95000076293945,36.09999847412109,35.54999923706055,35.61000061035156,9657100
2021-12-22,34.23936080932617,36.08000183105469,36.09999847412109,35.81999969482422,35.959999084472656,6111500
2021-12-23,34.91313552856445,36.790000915527344,36.93999862670898,36.130001068115234,36.29999923706055,11146100
2021-12-27,35.29273986816406,37.18999862670898,37.27000045776367,36.83000183105469,36.86000061035156,6070100
2021-12-28,35.5109977722168,37.41999816894531,37.59999847412109,37.15999984741211,37.15999984741211,5302000
2021-12-29,35.662845611572266,37.58000183105469,37.7599983215332,37.31999969482422,37.41999816894531,5866600
2021-12-30,35.41611099243164,37.31999969482422,37.66999816894531,37.20000076293945,37.40999984741211,6479600
2021-12-31,35.681819915771484,37.59999847412109,37.81999969482422,37.15999984741211,37.2599983215332,6413400
2022-01-03,35.1883544921875,37.08000183105469,37.7400016784668,36.84999847412109,37.459999084472656,8722400
2022-01-04,35.71029281616211,37.630001068115234,38.0099983215332,37.08000183105469,37.11000061035156,8151000
2022-01-05,35.52998352050781,37.43999862670898,37.91999816894531,37.400001525878906,37.709999084472656,9791200
2022-01-06,35.78620910644531,37.709999084472656,37.869998931884766,37.27000045776367,37.47999954223633,10031400
2022-01-07,35.596412658691406,37.5099983215332,37.77999877929688,37.33000183105469,37.58000183105469,9770200
2022-01-10,34.675899505615234,36.540000915527344,37.59999847412109,36.290000915527344,37.58000183105469,16150500
2022-01-11,34.448143005371094,36.29999923706055,36.59999847412109,35.470001220703125,36.54999923706055,15075200
2022-01-12,34.77079391479492,36.63999938964844,36.7400016784668,36.2599983215332,36.43000030517578,11545000
2022-01-13,34.86569595336914,36.7400016784668,36.97999954223633,36.58000183105469,36.68000030517578,9293100
2022-01-14,34.58100128173828,36.43999862670898,36.7400016784668,36.209999084472656,36.43000030517578,13695700
2022-01-18,33.45170593261719,35.25,36.09000015258789,35.06999969482422,36.04999923706055,20629500
2022-01-19,33.45170593261719,35.25,35.560001373291016,34.959999084472656,35.33000183105469,17662400
2022-01-20,33.44222640991211,35.2400016784668,36.119998931884766,34.91999816894531,34.91999816894531,18196600
2022-01-21,32.360374450683594,34.099998474121094,35.13999938964844,33.40999984741211,35.04999923706055,34378800
2022-01-24,32.607112884521484,34.36000061035156,34.5,33.38999938964844,34.439998626708984,28994900
2022-01-25,31.9997615814209,33.720001220703125,34.0099983215332,33.150001525878906,33.650001525878906,19911900
2022-01-26,31.933338165283203,33.650001525878906,34.81999969482422,33.36000061035156,33.95000076293945,21782500
2022-01-27,31.8479232788086,33.560001373291016,34.150001525878906,33.38999938964844,33.900001525878906,16043900
2022-01-28,32.67353439331055,34.43000030517578,34.459999084472656,33.209999084472656,33.540000915527344,15047500
2022-01-31,32.4742546081543,34.220001220703125,34.369998931884766,33.88999938964844,33.88999938964844,14354800
2022-02-01,32.94873809814453,34.720001220703125,34.77000045776367,34.220001220703125,34.2400016784668,12299600
2022-02-02,33.41373825073242,35.209999084472656,35.279998779296875,34.619998931884766,34.720001220703125,10085600
2022-02-03,32.844356536865234,34.61000061035156,35.290000915527344,34.540000915527344,34.869998931884766,13095600
2022-02-04,32.55016326904297,34.29999923706055,34.54999923706055,33.95000076293945,34.08000183105469,13627200
2022-02-07,31.933338165283203,33.650001525878906,34.529998779296875,33.5,34.41999816894531,12304800
2022-02-08,32.3698616027832,34.11000061035156,34.5099983215332,33.65999984741211,33.779998779296875,13581200
2022-02-09,32.96772766113281,34.7400016784668,34.81999969482422,34.18000030517578,34.209999084472656,11173000
2022-02-10,32.25598907470703,33.9900016784668,34.65999984741211,33.810001373291016,34.0099983215332,10937700
2022-02-11,31.66761589050293,33.369998931884766,34.189998626708984,33.099998474121094,33.91999816894531,12043600
2022-02-14,32.18955993652344,33.91999816894531,34.040000915527344,33.369998931884766,33.41999816894531,14018200
2022-02-15,32.78742218017578,34.54999923706055,34.970001220703125,34.25,34.25,18212500
2022-02-16,33.37578201293945,35.16999816894531,35.27000045776367,34.470001220703125,34.68000030517578,10911400
2022-02-17,33.30936050415039,35.099998474121094,35.41999816894531,34.88999938964844,35.0,14982900
2022-02-18,32.89181137084961,34.65999984741211,35.400001525878906,34.61000061035156,35.04999923706055,14074400
2022-02-22,32.49323654174805,34.2400016784668,35.099998474121094,34.06999969482422,34.84000015258789,20566800
2022-02-23,31.696088790893555,33.400001525878906,34.52000045776367,33.34000015258789,34.369998931884766,13017100
2022-02-24,31.88588523864746,33.599998474121094,33.650001525878906,32.720001220703125,33.16999816894531,13506000
2022-02-25,32.6568603515625,34.310001373291016,34.5,33.560001373291016,33.66999816894531,11361600
2022-02-28,32.276126861572266,33.90999984741211,34.08000183105469,33.470001220703125,33.70000076293945,18286600
2022-03-01,31.733592987060547,33.34000015258789,34.2599983215332,33.16999816894531,33.77000045776367,17105000
2022-03-02,32.94239807128906,34.61000061035156,34.75,33.36000061035156,33.5,15046000
2022-03-03,33.58964538574219,35.290000915527344,35.900001525878906,34.70000076293945,34.70000076293945,20975000
2022-03-04,35.62653350830078,37.43000030517578,37.47999954223633,34.91999816894531,35.040000915527344,30148200
2022-03-07,35.22676467895508,37.0099983215332,38.630001068115234,36.959999084472656,37.209999084472656,25774000
2022-03-08,33.3040885925293,34.9900016784668,37.27999877929688,34.939998626708984,36.720001220703125,27806100
2022-03-09,32.94239807128906,34.61000061035156,35.72999954223633,34.27000045776367,35.689998626708984,21741800
2022-03-10,33.20891571044922,34.88999938964844,35.13999938964844,33.880001068115234,34.279998779296875,24267700
2022-03-11,33.01853942871094,34.689998626708984,35.59000015258789,34.630001068115234,35.29999923706055,21957100
2022-03-14,32.58070755004883,34.22999954223633,35.02000045776367,34.02000045776367,34.790000915527344,14321400
2022-03-15,32.70445251464844,34.36000061035156,34.79999923706055,33.9900016784668,34.630001068115234,24581200
2022-03-16,33.894222259521484,35.61000061035156,35.619998931884766,34.45000076293945,34.650001525878906,23601100
2022-03-17,34.55097579956055,36.29999923706055,36.33000183105469,35.34000015258789,36.04999923706055,17775200
2022-03-18,34.56048583984375,36.310001373291016,36.34999847412109,35.91999816894531,36.2599983215332,23024100
2022-03-21,35.083984375,36.86000061035156,37.09000015258789,36.08000183105469,36.08000183105469,15313800
2022-03-22,35.00784683227539,36.77999877929688,37.04999923706055,36.4900016784668,36.900001525878906,20471900
2022-03-23,34.636627197265625,36.38999938964844,36.93000030517578,36.34000015258789,36.77000045776367,19368800
2022-03-24,34.91266632080078,36.68000030517578,37.040000915527344,36.34999847412109,36.56999969482422,11401900
2022-03-25,35.141090393066406,36.91999816894531,36.93999862670898,36.45000076293945,36.720001220703125,8587300
2022-03-28,35.72170639038086,37.52999877929688,37.560001373291016,36.619998931884766,36.88999938964844,15776200
2022-03-29,35.86448287963867,37.68000030517578,37.84999847412109,37.15999984741211,37.720001220703125,15244500
2022-03-30,35.97869873046875,37.79999923706055,37.9900016784668,37.41999816894531,37.75,8796900
2022-03-31,35.64556121826172,37.45000076293945,38.060001373291016,37.43999862670898,37.83000183105469,16183600
2022-04-01,33.799034118652344,35.5099983215332,37.77999877929688,35.2400016784668,37.7599983215332,21039300
2022-04-04,33.894222259521484,35.61000061035156,35.66999816894531,34.84000015258789,35.41999816894531,11726600
2022-04-05,33.57060623168945,35.27000045776367,36.72999954223633,35.220001220703125,35.59000015258789,14895000
2022-04-06,32.99950408935547,34.66999816894531,35.279998779296875,34.459999084472656,34.959999084472656,14482400
2022-04-07,33.06614303588867,34.7400016784668,34.88999938964844,33.86000061035156,34.47999954223633,13719900
2022-04-08,32.67589569091797,34.33000183105469,34.68000030517578,33.90999984741211,34.47999954223633,11181700
2022-04-11,32.590232849121094,34.2400016784668,34.84000015258789,34.040000915527344,34.119998931884766,11151400
2022-04-12,32.752037048339844,34.40999984741211,34.88999938964844,34.189998626708984,34.369998931884766,13771900
2022-04-13,33.20891571044922,34.88999938964844,35.0,34.43000030517578,34.43000030517578,8527000
2022-04-14,33.370723724365234,35.060001373291016,35.189998626708984,34.86000061035156,34.900001525878906,12727100
2022-04-18,33.075660705566406,34.75,35.189998626708984,34.59000015258789,34.70000076293945,10228000
2022-04-19,33.58964538574219,35.290000915527344,35.31999969482422,34.72999954223633,34.83000183105469,12754100
2022-04-20,33.599151611328125,35.29999923706055,35.81999969482422,35.20000076293945,35.4900016784668,13958100
2022-04-21,34.55097579956055,36.29999923706055,38.16999816894531,36.0,37.400001525878906,17399000
2022-04-22,32.85673522949219,34.52000045776367,36.27000045776367,34.5,36.04999923706055,21027800
2022-04-25,32.97096252441406,34.63999938964844,34.70000076293945,33.81999969482422,34.52000045776367,11718200
2022-04-26,32.46649169921875,34.11000061035156,34.70000076293945,34.09000015258789,34.68000030517578,10713400
2022-04-27,32.818660736083984,34.47999954223633,34.91999816894531,34.11000061035156,34.209999084472656,13241600
2022-04-28,33.51348876953125,35.209999084472656,35.36000061035156,34.40999984741211,34.52000045776367,12859500
2022-04-29,32.68540573120117,34.34000015258789,35.220001220703125,34.16999816894531,35.04999923706055,16045900
2022-05-02,32.637821197509766,34.290000915527344,34.63999938964844,33.650001525878906,34.439998626708984,13671200
2022-05-03,32.866249084472656,34.529998779296875,34.83000183105469,34.099998474121094,34.349998474121094,12127100
2022-05-04,33.78951644897461,35.5,35.54999923706055,34.400001525878906,34.58000183105469,14403200
2022-05-05,32.98046875,34.650001525878906,35.310001373291016,34.31999969482422,35.09000015258789,14006900
2022-05-06,33.10421371459961,34.779998779296875,35.029998779296875,33.689998626708984,34.7400016784668,23166700
2022-05-09,32.000099182128906,33.619998931884766,34.54999923706055,33.47999954223633,34.47999954223633,17607300
2022-05-10,31.20057487487793,32.779998779296875,34.06999969482422,32.56999969482422,34.02000045776367,24685500
2022-05-11,31.571781158447266,33.16999816894531,33.779998779296875,32.720001220703125,32.720001220703125,16936600
2022-05-12,31.409975051879883,33.0,33.380001068115234,32.36000061035156,33.04999923706055,20225300
2022-05-13,31.819259643554688,33.43000030517578,33.880001068115234,33.08000183105469,33.119998931884766,11309400
2022-05-16,31.657440185546875,33.2599983215332,33.630001068115234,32.9900016784668,33.18000030517578,17849200
2022-05-17,32.133358001708984,33.7599983215332,33.9900016784668,33.34000015258789,33.689998626708984,26286300
2022-05-18,30.762739181518555,32.31999969482422,33.779998779296875,32.209999084472656,33.689998626708984,20443900
2022-05-19,29.44923210144043,30.940000534057617,31.780000686645508,30.6200008392334,31.420000076293945,33489200
2022-05-20,29.44923210144043,30.940000534057617,31.280000686645508,30.299999237060547,31.11000061035156,21816700
2022-05-23,29.72525405883789,31.229999542236328,31.36000061035156,30.82999992370605,31.14999961853028,17331000
2022-05-24,29.420679092407227,30.90999984741211,31.11000061035156,30.57999992370605,30.979999542236328,18649200
2022-05-25,29.64911460876465,31.14999961853028,31.25,30.739999771118164,30.89999961853028,22264000
2022-05-26,30.05839157104492,31.57999992370605,32.04999923706055,31.049999237060547,31.3799991607666,19762200
2022-05-27,30.602649688720703,32.04999923706055,32.150001525878906,31.670000076293945,31.82999992370605,12497300
2022-05-31,30.354394912719727,31.790000915527344,32.040000915527344,31.530000686645508,32.02000045776367,31840100
2022-06-01,30.554908752441406,32.0,32.22999954223633,31.790000915527344,31.989999771118164,15230000
2022-06-02,31.118268966674805,32.59000015258789,32.630001068115234,31.780000686645508,32.060001373291016,13838400
2022-06-03,30.65994644165039,32.11000061035156,32.5,32.060001373291016,32.38999938964844,17055900
2022-06-06,30.688587188720703,32.13999938964844,32.349998474121094,31.86000061035156,32.279998779296875,12707000
2022-06-07,31.08962059020996,32.560001373291016,32.630001068115234,31.39999961853028,31.64999961853028,11283000
2022-06-08,30.373491287231445,31.809999465942383,32.41999816894531,31.670000076293945,32.27000045776367,14814900
2022-06-09,29.762392044067383,31.170000076293945,31.959999084472656,31.15999984741211,31.64999961853028,11128400
2022-06-10,28.93168067932129,30.299999237060547,30.84000015258789,30.1200008392334,30.75,13214800
2022-06-13,28.129613876342773,29.459999084472656,30.01000022888184,29.350000381469727,29.850000381469727,18695400
2022-06-14,28.015033721923828,29.34000015258789,30.14999961853028,29.11000061035156,29.81999969482422,14891400
2022-06-15,28.09141731262207,29.420000076293945,29.96999931335449,28.979999542236328,29.68000030517578,15411000
2022-06-16,27.73812866210937,29.049999237060547,29.3799991607666,28.76000022888184,28.93000030517578,16523600
2022-06-17,27.6235466003418,28.93000030517578,29.15999984741211,28.670000076293945,28.90999984741211,28779800
2022-06-21,27.680837631225582,28.989999771118164,29.38999938964844,28.959999084472656,29.290000915527344,17013900
2022-06-22,27.52806282043457,28.82999992370605,29.15999984741211,28.5,28.739999771118164,17127200
2022-06-23,27.413480758666992,28.709999084472656,29.059999465942383,28.440000534057617,29.049999237060547,16883200
2022-06-24,28.23464775085449,29.56999969482422,29.690000534057617,28.81999969482422,28.82999992370605,24261600
2022-06-27,27.99593544006348,29.31999969482422,29.63999938964844,29.059999465942383,29.59000015258789,16602400
2022-06-28,27.824064254760746,29.13999938964844,30.13999938964844,29.07999992370605,29.81999969482422,13123200
2022-06-29,27.80496597290039,29.1200008392334,29.290000915527344,28.700000762939453,29.290000915527344,17330100
2022-06-30,27.747678756713867,29.059999465942383,29.239999771118164,28.57999992370605,28.940000534057617,16745500
2022-07-01,28.015033721923828,29.34000015258789,29.540000915527344,28.82999992370605,29.09000015258789,13838800
2022-07-05,27.22251510620117,28.51000022888184,28.989999771118164,28.100000381469727,28.989999771118164,23076600
2022-07-06,27.585355758666992,28.88999938964844,29.059999465942383,28.57999992370605,28.700000762939453,13716400
2022-07-07,27.919551849365234,29.239999771118164,29.350000381469727,28.81999969482422,28.959999084472656,13955300
2022-07-08,27.680837631225582,28.989999771118164,29.34000015258789,28.59000015258789,29.21999931335449,9779700
2022-07-11,27.547164916992188,28.850000381469727,29.170000076293945,28.690000534057617,28.75,11970100
2022-07-12,27.13658332824707,28.420000076293945,28.63999938964844,28.14999961853028,28.56999969482422,14560200
2022-07-13,26.955156326293945,28.229999542236328,28.5,27.959999084472656,28.059999465942383,22263600
2022-07-14,26.90741729736328,28.18000030517578,28.290000915527344,27.600000381469727,27.850000381469727,12467200
2022-07-15,27.55670928955078,28.86000061035156,28.940000534057617,28.56999969482422,28.729999542236328,15870800
2022-07-18,27.52806282043457,28.82999992370605,29.299999237060547,28.799999237060547,28.8799991607666,13425200
2022-07-19,28.37787437438965,29.71999931335449,29.770000457763672,29.09000015258789,29.18000030517578,19617900
2022-07-20,28.387422561645508,29.729999542236328,29.82999992370605,29.38999938964844,29.5,14328600
2022-07-21,29.590518951416016,30.989999771118164,31.25,30.06999969482422,30.270000457763672,26968700
2022-07-22,29.49503898620605,30.88999938964844,31.6299991607666,30.809999465942383,30.82999992370605,21023600
2022-07-25,29.93426513671875,31.350000381469727,31.420000076293945,30.81999969482422,30.950000762939453,10861200
2022-07-26,29.75284576416016,31.15999984741211,31.5,31.1200008392334,31.26000022888184,12999700
2022-07-27,30.3925838470459,31.82999992370605,31.89999961853028,31.11000061035156,31.14999961853028,16271500
2022-07-28,30.27800750732422,31.709999084472656,31.93000030517578,31.489999771118164,31.81999969482422,13342600
2022-07-29,30.870006561279297,32.33000183105469,32.369998931884766,31.690000534057617,31.8700008392334,11526800
2022-08-01,31.1278133392334,32.599998474121094,32.689998626708984,31.89999961853028,31.950000762939453,11749100
2022-08-02,30.69814109802246,32.150001525878906,32.650001525878906,32.13999938964844,32.650001525878906,12985800
2022-08-03,31.03232765197754,32.5,32.599998474121094,32.119998931884766,32.209999084472656,9168200
2022-08-04,31.347427368164062,32.83000183105469,33.06999969482422,32.54999923706055,32.75,10669300
2022-08-05,31.61478805541992,33.11000061035156,33.150001525878906,32.540000915527344,32.540000915527344,11474000
2022-08-08,31.337879180908203,32.81999969482422,33.43000030517578,32.790000915527344,33.400001525878906,14688200
2022-08-09,31.19465065002441,32.66999816894531,33.0,32.63999938964844,32.959999084472656,14140800
2022-08-10,32.52187728881836,34.060001373291016,34.18000030517578,33.15999984741211,33.209999084472656,16833100
2022-08-11,32.617366790771484,34.15999984741211,34.709999084472656,34.11000061035156,34.13999938964844,14382200
2022-08-12,32.79878616333008,34.349998474121094,34.380001068115234,34.11000061035156,34.25,11881000
2022-08-15,32.5982666015625,34.13999938964844,34.369998931884766,33.90999984741211,34.29999923706055,13192700
2022-08-16,32.88471984863281,34.439998626708984,34.529998779296875,33.97999954223633,34.0,12763100
2022-08-17,32.92291641235352,34.47999954223633,34.66999816894531,33.93000030517578,34.20000076293945,12172100
2022-08-18,32.79878616333008,34.349998474121094,34.70000076293945,34.22999954223633,34.61000061035156,13585900
2022-08-19,32.30227279663086,33.83000183105469,34.189998626708984,33.779998779296875,34.09000015258789,12433900
2022-08-22,32.04446029663086,33.560001373291016,33.65999984741211,33.380001068115234,33.40999984741211,20808100
2022-08-23,32.11130142211914,33.630001068115234,33.849998474121094,33.40999984741211,33.54999923706055,12986500
2022-08-24,32.10175323486328,33.619998931884766,33.900001525878906,33.47999954223633,33.529998779296875,13376100
2022-08-25,32.44549560546875,33.97999954223633,34.029998779296875,33.66999816894531,33.900001525878906,6782800
2022-08-26,31.15645980834961,32.630001068115234,34.08000183105469,32.58000183105469,33.91999816894531,13515200
2022-08-29,31.24239730834961,32.720001220703125,33.04999923706055,32.369998931884766,32.5099983215332,9410700
2022-08-30,30.3325138092041,31.670000076293945,32.619998931884766,31.530000686645508,32.540000915527344,15548200
2022-08-31,30.31336212158203,31.64999961853028,31.89999961853028,31.38999938964844,31.89999961853028,13664600
2022-09-01,30.275047302246094,31.61000061035156,31.71999931335449,31.21999931335449,31.51000022888184,10492900
2022-09-02,29.9206771850586,31.239999771118164,31.96999931335449,31.059999465942383,31.950000762939453,10934000
2022-09-06,30.16011619567871,31.489999771118164,31.770000457763672,31.15999984741211,31.239999771118164,16149000
2022-09-07,30.543222427368164,31.88999938964844,32.11000061035156,31.39999961853028,31.489999771118164,11452700
2022-09-08,30.84970664978028,32.209999084472656,32.2400016784668,31.6299991607666,31.739999771118164,15374500
2022-09-09,31.25197410583496,32.630001068115234,32.75,32.290000915527344,32.349998474121094,13841200
2022-09-12,31.453109741210938,32.84000015258789,32.91999816894531,32.47999954223633,32.75,13870900
2022-09-13,30.227161407470703,31.559999465942383,32.34000015258789,31.43000030517578,32.290000915527344,14156300
2022-09-14,29.911094665527344,31.229999542236328,31.32999992370605,30.420000076293945,31.18000030517578,23037100
2022-09-15,28.895864486694336,30.170000076293945,31.459999084472656,30.040000915527344,31.299999237060547,34773800
2022-09-16,28.24458122253418,29.489999771118164,29.799999237060547,28.89999961853028,29.39999961853028,48494400
2022-09-19,28.61811256408692,29.8799991607666,29.920000076293945,29.26000022888184,29.31999969482422,19382400
2022-09-20,28.22542381286621,29.46999931335449,29.65999984741211,29.06999969482422,29.46999931335449,17563100
2022-09-21,27.90936088562012,29.13999938964844,30.0,29.13999938964844,29.709999084472656,12784500
2022-09-22,27.36343574523925,28.56999969482422,29.049999237060547,28.51000022888184,28.979999542236328,17156200
2022-09-23,26.51102066040039,27.68000030517578,28.59000015258789,27.479999542236328,28.540000915527344,23944100
2022-09-26,26.271583557128903,27.43000030517578,27.790000915527344,27.229999542236328,27.559999465942383,17252100
2022-09-27,26.07044792175293,27.21999931335449,27.739999771118164,26.89999961853028,27.450000762939453,18481500
2022-09-28,26.463132858276367,27.6299991607666,27.770000457763672,26.86000061035156,26.90999984741211,18306500
2022-09-29,26.04171562194824,27.190000534057617,27.39999961853028,26.780000686645508,27.36000061035156,15427300
2022-09-30,25.514942169189453,26.63999938964844,27.26000022888184,26.61000061035156,27.15999984741211,24138700
2022-10-03,26.262001037597656,27.420000076293945,27.6299991607666,26.90999984741211,27.030000686645508,16035000
2022-10-04,26.93244361877441,28.1200008392334,28.200000762939453,27.780000686645508,27.780000686645508,15531300
2022-10-05,26.645109176635746,27.81999969482422,28.059999465942383,27.420000076293945,27.770000457763672,16028700
2022-10-06,26.20453834533692,27.36000061035156,27.88999938964844,27.32999992370605,27.790000915527344,15166300
2022-10-07,25.639453887939453,26.770000457763672,27.239999771118164,26.6299991607666,27.09000015258789,14487800
2022-10-10,25.467056274414062,26.59000015258789,27.239999771118164,26.56999969482422,26.93000030517578,16063100
2022-10-11,25.39043426513672,26.51000022888184,26.81999969482422,26.350000381469727,26.479999542236328,18070700
2022-10-12,25.524518966674805,26.64999961853028,27.18000030517578,26.5,26.56999969482422,13763100
2022-10-13,26.338623046875,27.5,27.76000022888184,25.799999237060547,26.15999984741211,18585900
2022-10-14,26.156646728515625,27.309999465942383,27.89999961853028,27.190000534057617,27.850000381469727,15481900
2022-10-17,26.9611759185791,28.14999961853028,28.26000022888184,27.82999992370605,27.86000061035156,17761700
2022-10-18,27.21019172668457,28.40999984741211,28.93000030517578,28.1200008392334,28.68000030517578,16408700
2022-10-19,26.740886688232425,27.920000076293945,28.239999771118164,27.700000762939453,28.020000457763672,15446400
2022-10-20,25.93635940551757,27.07999992370605,27.850000381469727,26.790000915527344,27.31999969482422,20922900
2022-10-21,26.376934051513672,27.540000915527344,28.479999542236328,26.959999084472656,27.739999771118164,29374700
2022-10-24,26.970748901367188,28.15999984741211,28.540000915527344,27.739999771118164,27.75,21072000
2022-10-25,27.54541015625,28.76000022888184,28.82999992370605,28.170000076293945,28.229999542236328,19664200
2022-10-26,27.554988861083984,28.770000457763672,29.3700008392334,28.670000076293945,29.09000015258789,21083400
2022-10-27,27.593297958374023,28.809999465942383,29.34000015258789,28.770000457763672,28.93000030517578,14100600
2022-10-28,27.985980987548828,29.21999931335449,29.36000061035156,28.86000061035156,29.030000686645508,14182700
2022-10-31,27.83274269104004,29.059999465942383,29.36000061035156,28.959999084472656,29.270000457763672,15539100
2022-11-01,27.84231758117676,29.06999969482422,29.440000534057617,28.89999961853028,29.32999992370605,16785100
2022-11-02,27.325124740600582,28.530000686645508,29.739999771118164,28.520000457763672,29.09000015258789,15289700
2022-11-03,27.7752742767334,29.0,29.229999542236328,28.1299991607666,28.25,19382000
2022-11-04,28.37866973876953,29.6299991607666,29.770000457763672,29.209999084472656,29.209999084472656,13867700
2022-11-07,28.694730758666992,29.959999084472656,30.020000457763672,29.670000076293945,29.809999465942383,9927500
2022-11-08,28.71388435363769,29.979999542236328,30.1200008392334,29.450000762939453,29.96999931335449,14559100
2022-11-09,28.18711853027344,29.43000030517578,29.90999984741211,29.36000061035156,29.729999542236328,10546600
2022-11-10,29.901517868041992,31.21999931335449,31.299999237060547,30.239999771118164,30.51000022888184,18324600
2022-11-11,30.591114044189453,31.940000534057617,32.060001373291016,31.350000381469727,31.770000457763672,14690700
2022-11-14,30.45702743530273,31.799999237060547,32.40999984741211,31.540000915527344,31.670000076293945,12305100
2022-11-15,29.987722396850582,31.309999465942383,32.52000045776367,30.88999938964844,32.150001525878906,16846300
2022-11-16,29.9206771850586,31.239999771118164,31.43000030517578,31.040000915527344,31.239999771118164,10016300
2022-11-17,29.642921447753903,30.950000762939453,30.950000762939453,30.46999931335449,30.850000381469727,12218800
2022-11-18,29.57587432861328,30.8799991607666,31.239999771118164,30.520000457763672,31.1299991607666,15351500
2022-11-21,29.968568801879883,31.290000915527344,31.34000015258789,30.420000076293945,30.75,19909300
2022-11-22,30.57196044921875,31.920000076293945,32.20000076293945,31.5,31.520000457763672,15708100
2022-11-23,30.715621948242188,32.06999969482422,32.189998626708984,31.809999465942383,31.920000076293945,9659000
2022-11-25,30.6677360534668,32.02000045776367,32.34000015258789,31.989999771118164,32.279998779296875,5838400
2022-11-28,30.361248016357425,31.700000762939453,32.040000915527344,31.56999969482422,31.90999984741211,16922900
2022-11-29,30.908906936645508,32.16999816894531,32.209999084472656,31.51000022888184,31.8799991607666,13413700
2022-11-30,31.40852165222168,32.689998626708984,32.7400016784668,31.709999084472656,32.279998779296875,24182500
2022-12-01,31.3989200592041,32.68000030517578,32.9900016784668,32.38999938964844,32.869998931884766,11297900
2022-12-02,30.793607711791992,32.04999923706055,32.33000183105469,31.739999771118164,32.11000061035156,11178400
2022-12-05,30.121049880981445,31.350000381469727,31.82999992370605,31.280000686645508,31.809999465942383,18867500
2022-12-06,29.93849754333496,31.15999984741211,31.459999084472656,30.729999542236328,31.38999938964844,14309800
2022-12-07,29.698299407958984,30.90999984741211,31.40999984741211,30.86000061035156,31.15999984741211,14573900
2022-12-08,30.284385681152344,31.520000457763672,31.63999938964844,31.020000457763672,31.030000686645508,11740200
2022-12-09,30.18830680847168,31.420000076293945,31.63999938964844,31.32999992370605,31.540000915527344,10533200
2022-12-12,30.95694732666016,32.220001220703125,32.25,31.40999984741211,31.5,14105800
2022-12-13,31.456562042236328,32.7400016784668,33.33000183105469,32.369998931884766,33.25,15518000
2022-12-14,31.38930320739746,32.66999816894531,33.13999938964844,32.43000030517578,32.709999084472656,11698400
2022-12-15,30.52458381652832,31.770000457763672,32.27000045776367,31.450000762939453,32.27000045776367,14795000
2022-12-16,30.40928840637207,31.64999961853028,31.76000022888184,31.06999969482422,31.440000534057617,33977100
2022-12-19,29.95771217346192,31.18000030517578,31.790000915527344,30.8799991607666,31.6299991607666,10633100
2022-12-20,29.52535057067871,30.729999542236328,31.209999084472656,30.540000915527344,31.07999992370605,17911200
2022-12-21,29.99614715576172,31.21999931335449,31.25,30.89999961853028,31.07999992370605,11474600
2022-12-22,29.755943298339844,30.96999931335449,31.030000686645508,30.520000457763672,30.950000762939453,8422300
2022-12-23,30.02496910095215,31.25,31.31999969482422,30.86000061035156,31.040000915527344,6854900
2022-12-27,30.015361785888672,31.239999771118164,31.36000061035156,31.049999237060547,31.309999465942383,10152300
2022-12-28,29.631044387817383,30.84000015258789,31.38999938964844,30.84000015258789,31.239999771118164,7626900
2022-12-29,30.015361785888672,31.239999771118164,31.36000061035156,30.979999542236328,31.059999465942383,5542900
2022-12-30,29.76555633544922,30.979999542236328,31.1200008392334,30.729999542236328,31.020000457763672,7328800
2023-01-03,29.669469833374023,30.8799991607666,31.170000076293945,30.549999237060547,31.07999992370605,8329500
2023-01-04,30.05379104614257,31.280000686645508,31.489999771118164,30.89999961853028,31.01000022888184,9543000
2023-01-05,29.698299407958984,30.90999984741211,31.280000686645508,30.799999237060547,31.11000061035156,11660800
2023-01-06,30.93773078918457,32.20000076293945,32.36000061035156,31.100000381469727,31.11000061035156,10799300
2023-01-09,30.880077362060547,32.13999938964844,32.630001068115234,32.060001373291016,32.189998626708984,14682600
2023-01-10,31.129886627197266,32.400001525878906,32.40999984741211,31.88999938964844,31.88999938964844,11177000
2023-01-11,31.17792701721192,32.45000076293945,32.630001068115234,32.040000915527344,32.59000015258789,10993500
2023-01-12,31.21636199951172,32.4900016784668,32.70000076293945,32.25,32.43000030517578,10568700
2023-01-13,31.14910125732422,32.41999816894531,32.47999954223633,32.08000183105469,32.2599983215332,7459800
2023-01-17,31.32204818725586,32.599998474121094,32.869998931884766,32.2400016784668,32.56999969482422,13345600
2023-01-18,30.966552734375,32.22999954223633,33.040000915527344,32.220001220703125,32.56999969482422,11891700
2023-01-19,30.313207626342773,31.549999237060547,32.08000183105469,31.520000457763672,31.959999084472656,10024300
2023-01-20,30.755176544189453,32.0099983215332,32.029998779296875,31.26000022888184,31.5,24049100
2023-01-23,30.793607711791992,32.04999923706055,32.4900016784668,31.770000457763672,32.099998474121094,9323200
2023-01-24,30.61105728149414,31.86000061035156,31.920000076293945,31.049999237060547,31.729999542236328,12999600
2023-01-25,29.83281135559082,31.049999237060547,31.520000457763672,30.26000022888184,31.46999931335449,22213500
2023-01-26,28.96808624267578,30.14999961853028,30.670000076293945,29.38999938964844,30.59000015258789,25564700
2023-01-27,28.90083312988281,30.07999992370605,30.729999542236328,29.88999938964844,30.13999938964844,19432500
2023-01-30,28.708675384521484,29.8799991607666,30.39999961853028,29.709999084472656,29.88999938964844,13657200
2023-01-31,29.707904815673828,30.920000076293945,30.96999931335449,30.030000686645508,30.1200008392334,15414100
2023-02-01,30.35164260864257,31.59000015258789,31.850000381469727,30.739999771118164,30.770000457763672,15597300
2023-02-02,31.360483169555664,32.63999938964844,32.880001068115234,31.65999984741211,31.700000762939453,15828600
2023-02-03,31.00498962402344,32.27000045776367,32.70000076293945,32.220001220703125,32.38999938964844,9577000
2023-02-06,30.793607711791992,32.04999923706055,32.459999084472656,31.959999084472656,32.09000015258789,9061500
2023-02-07,31.024200439453125,32.290000915527344,32.40999984741211,31.68000030517578,31.81999969482422,10300600
2023-02-08,30.697528839111328,31.950000762939453,32.41999816894531,31.8700008392334,32.209999084472656,8305200
2023-02-09,29.9096736907959,31.1299991607666,32.29999923706055,31.100000381469727,32.130001068115234,10854400
2023-02-10,30.332422256469727,31.56999969482422,31.65999984741211,30.8700008392334,31.040000915527344,10760900
2023-02-13,30.390071868896484,31.6299991607666,32.060001373291016,31.270000457763672,31.270000457763672,18021500
2023-02-14,30.207523345947266,31.440000534057617,31.68000030517578,30.850000381469727,31.5,13794200
2023-02-15,30.428504943847656,31.670000076293945,31.790000915527344,30.989999771118164,31.21999931335449,11797000
2023-02-16,29.89045524597168,31.11000061035156,31.61000061035156,31.07999992370605,31.209999084472656,14411400
2023-02-17,29.986536026000977,31.209999084472656,31.39999961853028,30.799999237060547,31.01000022888184,12394200
2023-02-21,29.39084243774414,30.59000015258789,31.0,30.559999465942383,30.940000534057617,16186000
2023-02-22,28.814361572265625,29.989999771118164,30.8700008392334,29.76000022888184,30.65999984741211,18353800
2023-02-23,29.448490142822266,30.64999961853028,30.770000457763672,30.170000076293945,30.309999465942383,16513500
2023-02-24,29.54456901550293,30.75,30.81999969482422,30.209999084472656,30.38999938964844,12648000
2023-02-27,29.669921875,30.770000457763672,31.790000915527344,30.63999938964844,31.31999969482422,18854600
2023-02-28,29.39993476867676,30.489999771118164,31.0,30.43000030517578,30.76000022888184,12607700
2023-03-01,29.7567081451416,30.86000061035156,30.96999931335449,30.350000381469727,30.38999938964844,10816400
2023-03-02,30.16168785095215,31.280000686645508,31.34000015258789,30.450000762939453,30.68000030517578,9548100
2023-03-03,30.03633689880371,31.14999961853028,31.440000534057617,31.0,31.38999938964844,14602600
2023-03-06,29.448148727416992,30.540000915527344,31.14999961853028,30.479999542236328,31.13999938964844,15042500
2023-03-07,28.628536224365234,29.690000534057617,30.61000061035156,29.670000076293945,30.61000061035156,19224200
2023-03-08,29.18779563903809,30.270000457763672,30.38999938964844,29.76000022888184,29.770000457763672,12527900
2023-03-09,28.69603538513184,29.76000022888184,30.479999542236328,29.700000762939453,30.450000762939453,12299800
2023-03-10,28.43568420410156,29.489999771118164,30.520000457763672,29.40999984741211,29.76000022888184,18598800
2023-03-13,28.02105712890625,29.059999465942383,29.850000381469727,29.0,29.14999961853028,17488200
2023-03-14,28.213903427124023,29.26000022888184,29.690000534057617,28.799999237060547,29.32999992370605,13376800
2023-03-15,27.943920135498047,28.979999542236328,29.31999969482422,28.700000762939453,29.07999992370605,15821500
2023-03-16,28.28140449523925,29.32999992370605,29.39999961853028,28.6299991607666,28.75,14005300
2023-03-17,27.876420974731445,28.90999984741211,29.32999992370605,28.739999771118164,29.32999992370605,21490800
2023-03-20,28.136768341064453,29.18000030517578,29.39999961853028,28.959999084472656,28.979999542236328,11786900
2023-03-21,28.27176284790039,29.31999969482422,29.61000061035156,29.030000686645508,29.440000534057617,13456500
2023-03-22,27.2785873413086,28.290000915527344,29.459999084472656,28.26000022888184,29.36000061035156,24089600
2023-03-23,27.076095581054688,28.07999992370605,28.51000022888184,27.979999542236328,28.350000381469727,17661600
2023-03-24,27.24001693725586,28.25,28.31999969482422,27.600000381469727,27.780000686645508,13728200
2023-03-27,27.722145080566406,28.75,28.8799991607666,28.280000686645508,28.43000030517578,11472400
2023-03-28,28.069271087646484,29.11000061035156,29.18000030517578,28.729999542236328,28.780000686645508,10687900
2023-03-29,28.53211212158203,29.59000015258789,29.68000030517578,29.31999969482422,29.31999969482422,11877100
2023-03-30,28.44532585144043,29.5,29.940000534057617,29.38999938964844,29.770000457763672,10652800
2023-03-31,28.869592666625977,29.940000534057617,29.979999542236328,29.459999084472656,29.61000061035156,11340700
2023-04-03,28.78281593322754,29.850000381469727,30.21999931335449,29.729999542236328,29.76000022888184,8281600
2023-04-04,28.45497131347656,29.51000022888184,30.01000022888184,29.36000061035156,29.950000762939453,10742600
2023-04-05,28.24283599853516,29.290000915527344,29.690000534057617,29.170000076293945,29.46999931335449,13043000
2023-04-06,28.94673538208008,30.020000457763672,30.100000381469727,29.14999961853028,29.34000015258789,18372700
2023-04-10,28.91780662536621,29.989999771118164,30.040000915527344,29.76000022888184,29.82999992370605,16722700
2023-04-11,29.226367950439453,30.309999465942383,30.43000030517578,30.07999992370605,30.07999992370605,13468300
2023-04-12,29.081729888916016,30.15999984741211,30.479999542236328,30.100000381469727,30.43000030517578,11862300
2023-04-13,29.332439422607425,30.420000076293945,30.46999931335449,29.940000534057617,30.200000762939453,11801200
2023-04-14,29.37100601196289,30.459999084472656,30.739999771118164,30.239999771118164,30.5,16727500
2023-04-17,29.361364364624023,30.450000762939453,30.739999771118164,30.270000457763672,30.600000381469727,16325500
2023-04-18,29.32279396057129,30.40999984741211,30.729999542236328,30.32999992370605,30.440000534057617,12721300
2023-04-19,29.467430114746094,30.559999465942383,30.61000061035156,30.239999771118164,30.290000915527344,9847100
2023-04-20,29.70848846435547,30.809999465942383,31.209999084472656,30.479999542236328,30.479999542236328,21944300
2023-04-21,30.68238067626953,31.81999969482422,32.27000045776367,31.40999984741211,31.89999961853028,25062000
2023-04-24,30.258115768432617,31.3799991607666,31.84000015258789,31.18000030517578,31.799999237060547,14661200
2023-04-25,29.79527282714844,30.89999961853028,31.14999961853028,30.670000076293945,31.059999465942383,13623900
2023-04-26,29.06244659423828,30.13999938964844,30.799999237060547,30.020000457763672,30.59000015258789,13958100
2023-04-27,29.30350685119629,30.38999938964844,30.530000686645508,29.93000030517578,30.200000762939453,14161100
2023-04-28,29.54456901550293,30.63999938964844,30.959999084472656,30.32999992370605,30.3700008392334,12036900
2023-05-01,30.18097305297852,31.299999237060547,31.549999237060547,30.63999938964844,30.64999961853028,11293100
2023-05-02,29.95919609069824,31.06999969482422,31.34000015258789,30.690000534057617,31.299999237060547,9846300
2023-05-03,29.824201583862305,30.93000030517578,31.5,30.89999961853028,31.14999961853028,8549600
2023-05-04,30.190614700317383,31.309999465942383,31.3700008392334,30.799999237060547,30.84000015258789,12353100
2023-05-05,30.720951080322266,31.86000061035156,32.029998779296875,31.420000076293945,31.56999969482422,8863200
2023-05-08,30.740238189697266,31.8799991607666,32.25,31.690000534057617,32.0,8938100
2023-05-09,30.875232696533203,32.02000045776367,32.13999938964844,31.440000534057617,31.690000534057617,9081000
2023-05-10,30.672740936279297,31.809999465942383,32.33000183105469,31.39999961853028,32.25,9976300
2023-05-11,30.65345764160156,31.790000915527344,31.90999984741211,31.479999542236328,31.75,6927300
2023-05-12,30.68238067626953,31.81999969482422,32.04999923706055,31.6299991607666,31.799999237060547,6915300
2023-05-15,30.865589141845703,32.0099983215332,32.220001220703125,31.799999237060547,31.86000061035156,6837400
2023-05-16,30.547388076782227,31.68000030517578,31.96999931335449,31.64999961853028,31.89999961853028,7801600
2023-05-17,30.807735443115234,31.950000762939453,32.150001525878906,31.709999084472656,31.770000457763672,16734900
2023-05-18,31.23200416564941,32.38999938964844,32.41999816894531,31.559999465942383,31.850000381469727,10551500
2023-05-19,31.15486717224121,32.310001373291016,32.68000030517578,32.0,32.560001373291016,9766100
2023-05-22,30.75952339172364,31.89999961853028,33.06999969482422,31.530000686645508,32.9900016784668,14019800
2023-05-23,30.479888916015625,31.61000061035156,31.979999542236328,31.479999542236328,31.690000534057617,11195500
2023-05-24,29.785629272460938,30.88999938964844,31.5,30.63999938964844,31.479999542236328,15527400
2023-05-25,29.81455993652344,30.920000076293945,31.06999969482422,30.549999237060547,30.700000762939453,11791100
2023-05-26,29.70848846435547,30.809999465942383,31.0,30.6299991607666,30.920000076293945,12295600
2023-05-30,29.969770431518555,30.96999931335449,31.1200008392334,30.39999961853028,30.71999931335449,9079400
2023-05-31,29.67946052551269,30.670000076293945,30.959999084472656,30.420000076293945,30.959999084472656,14024700
2023-06-01,30.366531372070312,31.3799991607666,31.440000534057617,31.049999237060547,31.13999938964844,17447400
2023-06-02,30.88909339904785,31.920000076293945,32.189998626708984,31.530000686645508,31.61000061035156,10738100
2023-06-05,31.09231185913086,32.130001068115234,32.20000076293945,31.93000030517578,31.96999931335449,10404200
2023-06-06,30.908445358276367,31.940000534057617,32.08000183105469,31.790000915527344,32.04999923706055,10984700
2023-06-07,31.52777671813965,32.58000183105469,32.619998931884766,31.809999465942383,31.940000534057617,12490200
2023-06-08,31.5084171295166,32.560001373291016,32.650001525878906,32.04999923706055,32.59000015258789,8662600
2023-06-09,31.266496658325195,32.310001373291016,32.720001220703125,32.150001525878906,32.54999923706055,9226100
2023-06-12,31.35358619689941,32.400001525878906,32.4900016784668,31.739999771118164,32.290000915527344,11769100
2023-06-13,31.60519218444824,32.65999984741211,32.959999084472656,32.38999938964844,32.560001373291016,16266000
2023-06-14,32.02130126953125,33.09000015258789,33.4900016784668,32.709999084472656,32.79999923706055,14398200
2023-06-15,32.47612380981445,33.560001373291016,33.58000183105469,32.97999954223633,33.11000061035156,11338300
2023-06-16,32.137428283691406,33.209999084472656,33.75,33.119998931884766,33.66999816894531,30050000
2023-06-20,31.84711647033692,32.90999984741211,33.369998931884766,32.849998474121094,33.220001220703125,9426700
2023-06-21,32.06001663208008,33.130001068115234,33.209999084472656,32.540000915527344,32.77000045776367,8878200
2023-06-22,32.04065704345703,33.11000061035156,33.150001525878906,32.86000061035156,33.060001373291016,6223600
2023-06-23,31.68260955810547,32.7400016784668,32.88999938964844,32.619998931884766,32.779998779296875,13571400
2023-06-26,32.04065704345703,33.11000061035156,33.27000045776367,32.7400016784668,32.79999923706055,8464900
2023-06-27,32.38903045654297,33.470001220703125,33.650001525878906,33.13999938964844,33.13999938964844,8861600
2023-06-28,32.50515365600586,33.59000015258789,33.630001068115234,33.380001068115234,33.47999954223633,9303800
2023-06-29,32.7761116027832,33.869998931884766,33.869998931884766,33.34000015258789,33.439998626708984,6311200
2023-06-30,32.998680114746094,34.099998474121094,34.18000030517578,33.709999084472656,34.0,9416300
2023-07-03,33.230934143066406,34.34000015258789,34.380001068115234,33.529998779296875,33.86000061035156,4292500
2023-07-05,32.7761116027832,33.869998931884766,34.150001525878906,33.7400016784668,34.119998931884766,9974100
2023-07-06,32.37935256958008,33.459999084472656,33.75,33.33000183105469,33.470001220703125,13812700
2023-07-07,32.224517822265625,33.29999923706055,33.689998626708984,33.25,33.400001525878906,16723000
2023-07-10,32.52450942993164,33.61000061035156,33.65999984741211,33.29999923706055,33.29999923706055,12307900
2023-07-11,32.679344177246094,33.77000045776367,33.86000061035156,33.54999923706055,33.779998779296875,10103500
2023-07-12,32.44708633422852,33.529998779296875,34.029998779296875,33.470001220703125,34.029998779296875,11777200
2023-07-13,32.630950927734375,33.720001220703125,33.79999923706055,33.45000076293945,33.560001373291016,9960800
2023-07-14,32.54386520385742,33.630001068115234,33.720001220703125,33.45000076293945,33.599998474121094,7892200
2023-07-17,32.1471061706543,33.220001220703125,33.439998626708984,32.790000915527344,33.43000030517578,14878400
2023-07-18,32.65998840332031,33.75,33.7599983215332,33.11000061035156,33.189998626708984,12823000
2023-07-19,32.708370208740234,33.79999923706055,33.91999816894531,33.59000015258789,33.68000030517578,10626500
2023-07-20,32.62127685546875,33.709999084472656,34.099998474121094,33.65999984741211,33.97999954223633,15919900
2023-07-21,31.41164779663086,32.459999084472656,32.630001068115234,31.82999992370605,31.940000534057617,48304200
2023-07-24,31.46971321105957,32.52000045776367,32.84000015258789,32.31999969482422,32.369998931884766,13604600
2023-07-25,32.098716735839844,33.16999816894531,33.310001373291016,32.34000015258789,32.34000015258789,13887600
2023-07-26,31.885820388793945,32.95000076293945,33.310001373291016,32.83000183105469,33.310001373291016,23107400
2023-07-27,31.96323776245117,33.029998779296875,33.45000076293945,32.88999938964844,33.099998474121094,12733800
2023-07-28,32.708370208740234,33.79999923706055,33.9900016784668,33.189998626708984,33.290000915527344,12014100
2023-07-31,32.24388122558594,33.31999969482422,33.599998474121094,33.13999938964844,33.439998626708984,13773800
2023-08-01,32.23419570922852,33.310001373291016,33.41999816894531,33.09000015258789,33.31999969482422,11443000
2023-08-02,31.895496368408203,32.959999084472656,33.099998474121094,32.66999816894531,33.09000015258789,9710800
2023-08-03,31.84711647033692,32.90999984741211,33.220001220703125,32.7400016784668,32.86000061035156,7892500
2023-08-04,30.502010345458984,31.520000457763672,32.560001373291016,31.440000534057617,32.41999816894531,32864400
2023-08-07,30.75361061096192,31.780000686645508,31.809999465942383,31.5,31.530000686645508,12070900
2023-08-08,30.298789978027344,31.309999465942383,31.739999771118164,31.229999542236328,31.5,10594100
2023-08-09,30.105249404907227,31.11000061035156,31.309999465942383,30.950000762939453,31.209999084472656,10967600
2023-08-10,29.92138671875,30.920000076293945,31.3700008392334,30.89999961853028,31.239999771118164,9687400
2023-08-11,29.75687599182129,30.75,31.030000686645508,30.700000762939453,30.809999465942383,12305100
2023-08-14,29.824615478515625,30.81999969482422,30.89999961853028,30.57999992370605,30.700000762939453,12786200
2023-08-15,29.30205726623535,30.280000686645508,30.739999771118164,30.15999984741211,30.690000534057617,10972100
2023-08-16,29.214962005615234,30.190000534057617,30.6299991607666,30.1200008392334,30.31999969482422,8296100
2023-08-17,29.292377471923828,30.270000457763672,30.520000457763672,30.190000534057617,30.26000022888184,8545700
2023-08-18,29.873003005981445,30.8700008392334,31.0,30.13999938964844,30.209999084472656,13792000
2023-08-21,29.718168258666992,30.709999084472656,30.950000762939453,30.559999465942383,30.76000022888184,9629600
2023-08-22,29.524627685546875,30.51000022888184,30.90999984741211,30.43000030517578,30.64999961853028,7457200
2023-08-23,29.998804092407227,31.0,31.049999237060547,30.600000381469727,30.65999984741211,12092500
2023-08-24,29.573013305664062,30.559999465942383,31.06999969482422,30.549999237060547,30.950000762939453,14328500
2023-08-25,29.911710739135746,30.90999984741211,31.07999992370605,30.63999938964844,30.65999984741211,10905700
2023-08-28,29.863327026367188,30.86000061035156,31.290000915527344,30.700000762939453,30.950000762939453,12167500
2023-08-29,29.75687599182129,30.75,31.06999969482422,30.6299991607666,30.93000030517578,10469900
2023-08-30,29.84428024291992,30.729999542236328,30.989999771118164,30.65999984741211,30.729999542236328,8916500
2023-08-31,29.329559326171875,30.200000762939453,30.739999771118164,30.18000030517578,30.709999084472656,11113400
2023-09-01,29.74716567993164,30.6299991607666,30.76000022888184,30.34000015258789,30.479999542236328,12304600
2023-09-05,29.05763053894043,29.920000076293945,30.6299991607666,29.780000686645508,30.6299991607666,11426100
2023-09-06,28.873106002807617,29.729999542236328,30.229999542236328,29.690000534057617,29.90999984741211,16137100
2023-09-07,28.64002227783203,29.489999771118164,29.950000762939453,29.450000762939453,29.64999961853028,10473900
2023-09-08,29.086763381958008,29.950000762939453,30.540000915527344,29.76000022888184,30.3700008392334,32686800
2023-09-11,29.310136795043945,30.18000030517578,30.309999465942383,30.030000686645508,30.11000061035156,13313900
2023-09-12,29.70831871032715,30.59000015258789,30.84000015258789,30.11000061035156,30.190000534057617,12738600
2023-09-13,29.62091064453125,30.5,30.65999984741211,30.07999992370605,30.600000381469727,11156800
2023-09-14,30.145347595214844,31.040000915527344,31.190000534057617,30.690000534057617,30.799999237060547,12407200
2023-09-15,29.96082305908203,30.850000381469727,31.200000762939453,30.68000030517578,31.049999237060547,25501200
2023-09-18,30.2036190032959,31.100000381469727,31.25,30.729999542236328,30.979999542236328,13835300
2023-09-19,30.01909446716309,30.90999984741211,31.100000381469727,30.440000534057617,31.020000457763672,15039800
2023-09-20,30.40756797790528,31.309999465942383,31.56999969482422,31.170000076293945,31.21999931335449,13149500
2023-09-21,30.12592506408692,31.020000457763672,31.38999938964844,30.959999084472656,31.13999938964844,15185400
2023-09-22,30.300737380981445,31.200000762939453,31.51000022888184,30.96999931335449,31.0,16176600
2023-09-25,30.252178192138672,31.14999961853028,31.32999992370605,30.959999084472656,31.049999237060547,8789000
2023-09-26,29.737455368041992,30.6200008392334,31.049999237060547,30.57999992370605,31.040000915527344,9247100
2023-09-27,29.40725326538086,30.280000686645508,30.700000762939453,30.030000686645508,30.65999984741211,13495300
2023-09-28,29.68889808654785,30.56999969482422,30.81999969482422,30.21999931335449,30.280000686645508,12098800
2023-09-29,29.86370658874512,30.75,31.170000076293945,30.700000762939453,30.989999771118164,15052400
2023-10-02,29.659761428833008,30.540000915527344,30.690000534057617,30.15999984741211,30.600000381469727,16786100
2023-10-03,29.88313102722168,30.770000457763672,30.959999084472656,30.32999992370605,30.420000076293945,17736800
2023-10-04,29.96082305908203,30.850000381469727,30.96999931335449,30.46999931335449,30.790000915527344,11907700
2023-10-05,29.533506393432617,30.40999984741211,30.8700008392334,30.229999542236328,30.84000015258789,13857000
2023-10-06,30.01909446716309,30.90999984741211,31.11000061035156,30.1299991607666,30.229999542236328,11781900
2023-10-09,30.184194564819336,31.07999992370605,31.18000030517578,30.729999542236328,30.76000022888184,11418400
2023-10-10,30.630937576293945,31.540000915527344,31.56999969482422,31.14999961853028,31.18000030517578,11805500
2023-10-11,30.69892120361328,31.61000061035156,32.0,31.440000534057617,31.93000030517578,10968300
2023-10-12,30.26188850402832,31.15999984741211,31.68000030517578,30.799999237060547,31.65999984741211,12984900
2023-10-13,30.24246406555176,31.13999938964844,31.56999969482422,31.049999237060547,31.100000381469727,9054100
2023-10-16,30.504684448242188,31.40999984741211,31.709999084472656,31.290000915527344,31.32999992370605,11420200
2023-10-17,30.46583747863769,31.3700008392334,31.64999961853028,31.229999542236328,31.40999984741211,8664700
2023-10-18,29.7860107421875,30.670000076293945,31.100000381469727,30.6299991607666,31.059999465942383,14342200
2023-10-19,29.659761428833008,30.540000915527344,31.15999984741211,30.489999771118164,30.89999961853028,22045600
2023-10-20,29.8734188079834,30.76000022888184,31.5,30.39999961853028,31.229999542236328,21527100
2023-10-23,29.290712356567383,30.15999984741211,30.950000762939453,30.13999938964844,30.709999084472656,11479600
2023-10-24,28.824546813964844,29.68000030517578,30.40999984741211,29.559999465942383,30.270000457763672,14734500
2023-10-25,28.74685478210449,29.600000381469727,29.799999237060547,29.049999237060547,29.51000022888184,15523000
2023-10-26,28.73714065551757,29.59000015258789,30.100000381469727,29.520000457763672,29.520000457763672,14729600
2023-10-27,28.39723014831543,29.239999771118164,29.690000534057617,29.030000686645508,29.56999969482422,14364000
2023-10-30,28.552614212036133,29.39999961853028,29.559999465942383,29.26000022888184,29.38999938964844,10692700
2023-10-31,28.989646911621094,29.850000381469727,29.940000534057617,29.280000686645508,29.3799991607666,11067800
2023-11-01,28.717716217041016,29.56999969482422,29.989999771118164,29.3799991607666,29.850000381469727,16273400
2023-11-02,29.51408195495605,30.38999938964844,30.479999542236328,29.63999938964844,29.799999237060547,16593100
2023-11-03,29.523794174194336,30.39999961853028,30.690000534057617,30.270000457763672,30.549999237060547,9469200
2023-11-06,29.504369735717773,30.3799991607666,30.57999992370605,30.14999961853028,30.420000076293945,8744600
2023-11-07,29.47523498535156,30.350000381469727,30.3799991607666,30.01000022888184,30.200000762939453,11292000
2023-11-08,29.49466133117676,30.3700008392334,30.59000015258789,30.200000762939453,30.459999084472656,7847100
2023-11-09,29.300424575805664,30.170000076293945,30.520000457763672,30.1299991607666,30.440000534057617,9203500
2023-11-10,29.81515121459961,30.700000762939453,30.780000686645508,30.229999542236328,30.38999938964844,11374200
2023-11-13,29.572355270385746,30.450000762939453,30.670000076293945,30.299999237060547,30.59000015258789,10154900
2023-11-14,30.21333122253418,31.11000061035156,31.3799991607666,30.940000534057617,30.940000534057617,13300600
2023-11-15,30.09678649902344,30.989999771118164,31.31999969482422,30.88999938964844,31.11000061035156,14571800
2023-11-16,30.42698860168457,31.32999992370605,31.38999938964844,30.86000061035156,31.18000030517578,13475100
2023-11-17,30.708629608154297,31.6200008392334,31.76000022888184,31.440000534057617,31.440000534057617,13336900
2023-11-20,31.13595199584961,32.060001373291016,32.119998931884766,31.450000762939453,31.5,13216000
2023-11-21,31.32047271728516,32.25,32.33000183105469,31.93000030517578,32.099998474121094,14009600
2023-11-22,31.611825942993164,32.54999923706055,32.61000061035156,32.2599983215332,32.43000030517578,13124900
2023-11-24,31.699234008789062,32.63999938964844,32.63999938964844,32.380001068115234,32.540000915527344,7221900
2023-11-27,31.019407272338867,31.940000534057617,32.54999923706055,31.920000076293945,32.52000045776367,9971800
2023-11-28,31.126235961914062,32.04999923706055,32.279998779296875,31.8799991607666,31.90999984741211,11123200
2023-11-29,30.92158889770508,31.729999542236328,32.15999984741211,31.64999961853028,32.09000015258789,9414100
2023-11-30,31.477066040039062,32.29999923706055,32.33000183105469,31.71999931335449,31.76000022888184,17186800
2023-12-01,32.549041748046875,33.400001525878906,33.43000030517578,32.369998931884766,32.40999984741211,12861600
2023-12-04,32.80241394042969,33.65999984741211,33.83000183105469,33.27000045776367,33.310001373291016,16935700
2023-12-05,32.44184494018555,33.290000915527344,33.45000076293945,33.130001068115234,33.45000076293945,7736000
2023-12-06,32.66598129272461,33.52000045776367,33.56999969482422,33.22999954223633,33.52000045776367,10669700
2023-12-07,32.6464958190918,33.5,33.79999923706055,33.439998626708984,33.72999954223633,10666600
2023-12-08,32.1202507019043,32.959999084472656,33.4900016784668,32.93000030517578,33.45000076293945,15756800
2023-12-11,32.35414123535156,33.20000076293945,33.31999969482422,33.11000061035156,33.2400016784668,11108900
2023-12-12,32.373626708984375,33.220001220703125,33.439998626708984,33.13999938964844,33.38999938964844,9729000
2023-12-13,32.39311599731445,33.2400016784668,33.34000015258789,32.779998779296875,33.16999816894531,19160700
2023-12-14,32.97782897949219,33.84000015258789,34.040000915527344,33.40999984741211,33.52000045776367,17306100
2023-12-15,33.13375473022461,34.0,34.08000183105469,33.54999923706055,33.7599983215332,32750500
2023-12-18,33.45534896850586,34.33000183105469,34.54999923706055,34.119998931884766,34.18000030517578,10947700
2023-12-19,33.698978424072266,34.58000183105469,34.61000061035156,34.189998626708984,34.310001373291016,9939900
2023-12-20,33.484580993652344,34.36000061035156,34.84000015258789,34.220001220703125,34.310001373291016,9863900
2023-12-21,33.58203125,34.459999084472656,34.4900016784668,34.20000076293945,34.439998626708984,9828800
2023-12-22,33.747703552246094,34.630001068115234,34.810001373291016,34.529998779296875,34.54999923706055,6262800
2023-12-26,34.059547424316406,34.95000076293945,35.09000015258789,34.56999969482422,34.630001068115234,6058500
2023-12-27,33.76719284057617,34.650001525878906,34.88999938964844,34.56999969482422,34.77000045776367,9632200
2023-12-28,33.85490036010742,34.7400016784668,34.81999969482422,34.599998474121094,34.720001220703125,4795100
2023-12-29,33.786678314208984,34.66999816894531,34.779998779296875,34.54999923706055,34.689998626708984,6712000
2024-01-02,33.73795318603516,34.619998931884766,34.97999954223633,34.45000076293945,34.63999938964844,9285300
2024-01-03,33.77694320678711,34.65999984741211,34.91999816894531,34.52000045776367,34.63999938964844,10827300
2024-01-04,33.83540725708008,34.720001220703125,34.97999954223633,34.5,34.59000015258789,9283400
2024-01-05,33.73795318603516,34.619998931884766,34.91999816894531,34.56999969482422,34.66999816894531,7118800
2024-01-08,33.80617141723633,34.689998626708984,34.77000045776367,34.400001525878906,34.7400016784668,8977600
2024-01-09,33.728214263916016,34.61000061035156,34.63999938964844,34.22999954223633,34.369998931884766,7855300
2024-01-10,33.81591796875,34.70000076293945,34.75,34.5099983215332,34.619998931884766,6447800
2024-01-11,33.68922805786133,34.56999969482422,34.65999984741211,34.25,34.65999984741211,7752000
2024-01-12,33.97184371948242,34.86000061035156,34.88999938964844,34.47999954223633,34.720001220703125,5727500
2024-01-16,33.85490036010742,34.7400016784668,34.959999084472656,34.56999969482422,34.779998779296875,9755400
2024-01-17,33.513816833496094,34.38999938964844,34.54999923706055,34.18000030517578,34.400001525878906,10484600
2024-01-18,33.572288513183594,34.45000076293945,34.59000015258789,34.209999084472656,34.369998931884766,17670900
2024-01-19,33.66973876953125,34.54999923706055,34.77000045776367,34.31999969482422,34.41999816894531,18313400
2024-01-22,33.86464309692383,34.75,34.97999954223633,34.5099983215332,34.689998626708984,15175200
2024-01-23,34.00107955932617,34.88999938964844,34.939998626708984,34.599998474121094,34.77000045776367,10098700
2024-01-24,33.513816833496094,34.38999938964844,35.0,34.33000183105469,35.0,17803400
2024-01-25,34.108272552490234,35.0,35.0099983215332,33.45000076293945,34.52000045776367,19979400
2024-01-26,34.48833465576172,35.38999938964844,35.5,34.81999969482422,35.06999969482422,21484500
2024-01-29,34.68324279785156,35.59000015258789,35.630001068115234,35.04999923706055,35.18000030517578,11223900
2024-01-30,34.936622619628906,35.849998474121094,35.9900016784668,35.27000045776367,35.29999923706055,13619200
2024-01-31,34.790435791015625,35.70000076293945,36.119998931884766,35.65999984741211,35.959999084472656,15551100
2024-02-01,35.35566329956055,36.27999877929688,36.27999877929688,35.63999938964844,35.75,13146500
2024-02-02,35.59929275512695,36.52999877929688,36.75,36.06999969482422,36.2400016784668,13400800
2024-02-05,35.7942008972168,36.72999954223633,36.93000030517578,36.20000076293945,36.22999954223633,11621700
2024-02-06,36.07680892944336,37.02000045776367,37.150001525878906,36.650001525878906,36.83000183105469,9139100
2024-02-07,36.04757690429688,36.9900016784668,37.369998931884766,36.9900016784668,37.20000076293945,9535900
2024-02-08,36.12553405761719,37.06999969482422,37.150001525878906,36.720001220703125,37.060001373291016,8488900
2024-02-09,35.95012664794922,36.88999938964844,37.220001220703125,36.7400016784668,37.119998931884766,9439200
2024-02-12,35.930625915527344,36.869998931884766,36.93000030517578,36.41999816894531,36.790000915527344,11684700
2024-02-13,35.67725372314453,36.61000061035156,36.84000015258789,36.34999847412109,36.77000045776367,11241500
2024-02-14,36.057315826416016,37.0,37.060001373291016,36.59000015258789,36.630001068115234,8318400
2024-02-15,36.057315826416016,37.0,37.38999938964844,36.88999938964844,37.18000030517578,9581400
2024-02-16,35.78445816040039,36.720001220703125,37.02000045776367,36.650001525878906,36.88999938964844,12668400
2024-02-20,35.9208869934082,36.86000061035156,36.91999816894531,36.45000076293945,36.7599983215332,14300400
2024-02-21,36.1547737121582,37.09999847412109,37.15999984741211,36.83000183105469,37.0,10009900
2024-02-22,36.92464065551758,37.88999938964844,38.02999877929688,37.09000015258789,37.209999084472656,17846500
2024-02-23,37.35343551635742,38.33000183105469,40.119998931884766,37.86000061035156,37.93999862670898,26652600
2024-02-26,37.20726013183594,38.18000030517578,38.70000076293945,38.150001525878906,38.27000045776367,13371200
2024-02-27,36.99285888671875,37.959999084472656,38.22999954223633,37.79999923706055,38.20000076293945,8876800
2024-02-28,36.83644485473633,37.68000030517578,38.09999847412109,37.65999984741211,37.84000015258789,10889900
2024-02-29,37.09061813354492,37.93999862670898,38.09999847412109,37.72999954223633,37.86000061035156,14362700
2024-03-01,37.37412643432617,38.22999954223633,38.25,37.630001068115234,37.790000915527344,7891000
2024-03-04,37.520774841308594,38.380001068115234,38.400001525878906,38.09000015258789,38.16999816894531,7901400
2024-03-05,37.393680572509766,38.25,38.61000061035156,38.08000183105469,38.43999862670898,11336700
2024-03-06,37.237266540527344,38.09000015258789,38.5099983215332,38.040000915527344,38.209999084472656,8586000
2024-03-07,37.071067810058594,37.91999816894531,38.459999084472656,37.869998931884766,38.40999984741211,8116200
2024-03-08,37.33502578735352,38.18999862670898,38.33000183105469,37.88999938964844,37.93999862670898,7684500
2024-03-11,37.18838882446289,38.040000915527344,38.34999847412109,37.84999847412109,38.2400016784668,5975400
2024-03-12,36.97331237792969,37.81999969482422,38.13999938964844,37.709999084472656,37.91999816894531,10346900
2024-03-13,36.934207916259766,37.77999877929688,37.91999816894531,37.5,37.86000061035156,12440900
2024-03-14,36.20099258422852,37.02999877929688,37.86000061035156,36.70000076293945,37.86000061035156,13671000
2024-03-15,36.14234161376953,36.970001220703125,37.369998931884766,36.91999816894531,37.119998931884766,17758000
2024-03-18,36.4747314453125,37.310001373291016,37.33000183105469,36.90999984741211,37.0,9414000
2024-03-19,36.15211868286133,36.97999954223633,37.43999862670898,36.869998931884766,37.31999969482422,14900300
2024-03-20,36.76800537109375,37.61000061035156,37.68000030517578,36.790000915527344,36.93999862670898,13891900
2024-03-21,37.02219009399414,37.869998931884766,37.880001068115234,37.459999084472656,37.81999969482422,10512500
2024-03-22,36.51383209228516,37.34999847412109,38.02999877929688,37.34000015258789,37.970001220703125,10437000
2024-03-25,36.0152473449707,36.84000015258789,37.400001525878906,36.75,37.34000015258789,9664500
2024-03-26,35.32114791870117,36.130001068115234,36.68000030517578,35.70000076293945,35.86000061035156,14861000
2024-03-27,36.0152473449707,36.84000015258789,36.86000061035156,36.2400016784668,36.34000015258789,8578300
2024-03-28,36.2401008605957,37.06999969482422,37.16999816894531,36.68999862670898,36.93000030517578,8659500
2024-04-01,35.95658874511719,36.77999877929688,37.0,36.560001373291016,36.97999954223633,12179900
2024-04-02,35.69263458251953,36.5099983215332,36.84000015258789,36.29999923706055,36.709999084472656,10635500
2024-04-03,35.60464859008789,36.41999816894531,36.81999969482422,36.27999877929688,36.5099983215332,9199500
2024-04-04,35.311363220214844,36.119998931884766,36.77000045776367,35.959999084472656,36.619998931884766,12437300
2024-04-05,35.487335205078125,36.29999923706055,36.5099983215332,36.150001525878906,36.27999877929688,8863200
2024-04-08,35.2429313659668,36.04999923706055,36.400001525878906,36.0,36.130001068115234,12537400
2024-04-09,35.14517593383789,35.95000076293945,36.13999938964844,35.65999984741211,36.0,12472900
2024-04-10,34.61725997924805,35.40999984741211,35.65999984741211,35.27000045776367,35.540000915527344,13709500
2024-04-11,34.63681411743164,35.43000030517578,35.70000076293945,35.13999938964844,35.36000061035156,10695400
2024-04-12,34.548828125,35.34000015258789,35.47999954223633,35.099998474121094,35.15999984741211,15163700
2024-04-15,34.35330581665039,35.13999938964844,35.83000183105469,34.97999954223633,35.709999084472656,15632500
2024-04-16,34.06002426147461,34.84000015258789,35.25,34.7599983215332,35.25,12794300
2024-04-17,33.39524841308594,34.15999984741211,34.779998779296875,33.91999816894531,34.75,24343500
2024-04-18,33.62009811401367,34.38999938964844,35.08000183105469,34.08000183105469,34.75,25707000
2024-04-19,33.57121658325195,34.34000015258789,34.61000061035156,34.20000076293945,34.45000076293945,13615400
2024-04-22,33.84494400024414,34.619998931884766,34.7599983215332,34.22999954223633,34.56999969482422,14638300
2024-04-23,33.942710876464844,34.720001220703125,34.970001220703125,34.5099983215332,34.619998931884766,19272500
2024-04-24,32.91621780395508,33.66999816894531,34.43000030517578,33.40999984741211,34.43000030517578,23767900
2024-04-25,33.26815414428711,34.029998779296875,34.20000076293945,33.63999938964844,33.810001373291016,11992100
2024-04-26,33.22905731201172,33.9900016784668,34.16999816894531,33.56999969482422,33.63999938964844,10661900
2024-04-29,33.18994903564453,33.95000076293945,34.15999984741211,33.75,33.88999938964844,11084600
2024-04-30,32.476295471191406,33.220001220703125,33.970001220703125,33.130001068115234,33.900001525878906,17483700
2024-05-01,32.45673751831055,33.20000076293945,33.52000045776367,32.959999084472656,33.209999084472656,12227700
2024-05-02,32.818450927734375,33.56999969482422,33.7599983215332,33.15999984741211,33.310001373291016,9457500
2024-05-03,33.092185974121094,33.849998474121094,33.970001220703125,33.65999984741211,33.81999969482422,6618000
2024-05-06,32.92599868774414,33.68000030517578,33.97999954223633,33.54999923706055,33.869998931884766,8992900
2024-05-07,33.19972610473633,33.959999084472656,34.13999938964844,33.849998474121094,33.869998931884766,9546200
2024-05-08,33.45391082763672,34.220001220703125,34.25,33.84000015258789,33.88999938964844,8092200
2024-05-09,33.72763442993164,34.5,34.650001525878906,34.08000183105469,34.220001220703125,11379500
2024-05-10,33.61032485961914,34.380001068115234,34.689998626708984,34.2400016784668,34.599998474121094,7834500
2024-05-13,33.747188568115234,34.52000045776367,34.619998931884766,34.130001068115234,34.58000183105469,10039100
2024-05-14,33.17039489746094,33.93000030517578,34.68000030517578,33.810001373291016,34.52000045776367,14001200
2024-05-15,33.08241271972656,33.84000015258789,34.34000015258789,33.790000915527344,34.06999969482422,12532100
2024-05-16,33.17039489746094,33.93000030517578,34.0,33.72999954223633,33.88999938964844,10161600
2024-05-17,32.76957321166992,33.52000045776367,33.939998626708984,33.470001220703125,33.91999816894531,8218400
2024-05-20,32.66204071044922,33.40999984741211,33.630001068115234,33.150001525878906,33.529998779296875,7800300
2024-05-21,32.329647064208984,33.06999969482422,33.36000061035156,32.939998626708984,33.349998474121094,9165600
2024-05-22,33.24860000610352,34.0099983215332,34.04999923706055,33.099998474121094,33.11000061035156,17390900
2024-05-23,32.750022888183594,33.5,34.119998931884766,33.439998626708984,34.040000915527344,12453700
2024-05-24,33.02375411987305,33.779998779296875,33.81999969482422,33.5099983215332,33.59000015258789,8854400
2024-05-28,32.73046875,33.47999954223633,33.91999816894531,33.45000076293945,33.77000045776367,9949100
2024-05-29,32.495845794677734,33.2400016784668,33.470001220703125,33.08000183105469,33.209999084472656,8656400
2024-05-30,32.554500579833984,33.29999923706055,33.52000045776367,33.20000076293945,33.2400016784668,12462200
2024-05-31,33.1137580871582,33.75,33.83000183105469,33.130001068115234,33.33000183105469,30345100
2024-06-03,32.554500579833984,33.18000030517578,33.869998931884766,32.869998931884766,33.65999984741211,9721700
2024-06-04,32.15222930908203,32.77000045776367,33.209999084472656,32.7400016784668,33.209999084472656,8229400
2024-06-05,32.42695236206055,33.04999923706055,33.130001068115234,32.59000015258789,32.79999923706055,8531400
2024-06-06,32.36808776855469,32.9900016784668,33.13999938964844,32.84000015258789,32.97999954223633,7093200
2024-06-07,32.132606506347656,32.75,33.25,32.65999984741211,32.86000061035156,8944800
2024-06-10,32.3092155456543,32.93000030517578,32.93000030517578,32.459999084472656,32.66999816894531,8326500
2024-06-11,32.05411148071289,32.66999816894531,32.83000183105469,32.560001373291016,32.68000030517578,6757400
2024-06-12,32.14241409301758,32.7599983215332,33.119998931884766,32.5099983215332,32.790000915527344,8229700
2024-06-13,31.916748046875,32.529998779296875,32.68000030517578,32.220001220703125,32.540000915527344,7840400
2024-06-14,31.573352813720703,32.18000030517578,32.41999816894531,31.739999771118164,32.41999816894531,13292000
2024-06-17,31.99524307250977,32.61000061035156,32.709999084472656,31.920000076293945,32.0099983215332,14397800
2024-06-18,32.407325744628906,33.029998779296875,33.060001373291016,32.599998474121094,32.709999084472656,12603700
2024-06-20,32.68204498291016,33.310001373291016,33.369998931884766,32.779998779296875,32.83000183105469,10799800
2024-06-21,32.78016662597656,33.40999984741211,33.529998779296875,33.11000061035156,33.439998626708984,18687800
2024-06-24,32.58393478393555,33.209999084472656,33.810001373291016,33.189998626708984,33.540000915527344,9553500
2024-06-25,32.09335708618164,32.709999084472656,33.09000015258789,32.29999923706055,33.09000015258789,11292000
2024-06-26,32.38770294189453,33.0099983215332,33.220001220703125,32.58000183105469,32.709999084472656,15753800
2024-06-27,32.407325744628906,33.029998779296875,33.220001220703125,32.939998626708984,33.15999984741211,14253300
2024-06-28,32.81940841674805,33.45000076293945,33.599998474121094,33.08000183105469,33.15999984741211,15864900
2024-07-01,32.95676803588867,33.59000015258789,33.81999969482422,33.310001373291016,33.47999954223633,11091100
2024-07-02,33.12356185913086,33.7599983215332,33.869998931884766,33.540000915527344,33.619998931884766,11762900
2024-07-03,32.91752243041992,33.54999923706055,33.7400016784668,33.459999084472656,33.70000076293945,4523200
2024-07-05,32.672237396240234,33.29999923706055,33.54999923706055,33.099998474121094,33.529998779296875,9545300
2024-07-08,32.76054000854492,33.38999938964844,33.41999816894531,32.79999923706055,32.84000015258789,7970900
2024-07-09,31.86769294738769,32.47999954223633,33.27000045776367,32.06999969482422,33.16999816894531,14924300
2024-07-10,32.29939651489258,32.91999816894531,32.959999084472656,32.369998931884766,32.5,8585600
2024-07-11,33.10394287109375,33.7400016784668,33.79999923706055,32.869998931884766,32.900001525878906,9848800
2024-07-12,33.15300369262695,33.790000915527344,34.060001373291016,33.63999938964844,33.81999969482422,6764400
2024-07-15,33.94772720336914,34.599998474121094,34.880001068115234,33.7599983215332,33.900001525878906,13872200
2024-07-16,34.66396713256836,35.33000183105469,35.630001068115234,34.470001220703125,34.599998474121094,13257100
2024-07-17,34.781707763671875,35.45000076293945,35.52000045776367,35.06999969482422,35.15999984741211,11175600
2024-07-18,34.35981369018555,35.02000045776367,35.459999084472656,34.939998626708984,35.22999954223633,8452900
2024-07-19,34.036033630371094,34.689998626708984,35.16999816894531,34.40999984741211,35.04999923706055,7383300
2024-07-22,33.85942840576172,34.5099983215332,34.81999969482422,34.099998474121094,34.790000915527344,10739400
2024-07-23,33.005828857421875,33.63999938964844,34.31999969482422,33.61000061035156,34.279998779296875,10978400
2024-07-24,32.574119567871094,33.20000076293945,33.63999938964844,33.11000061035156,33.63999938964844,16504700
2024-07-25,32.966583251953125,33.599998474121094,34.08000183105469,33.09000015258789,33.31999969482422,14530800
2024-07-26,33.67301177978516,34.31999969482422,34.650001525878906,33.70000076293945,33.720001220703125,9975600
2024-07-29,33.75150680541992,34.400001525878906,34.79999923706055,34.209999084472656,34.369998931884766,10706200
2024-07-30,34.35981369018555,35.02000045776367,35.099998474121094,34.36000061035156,34.43000030517578,12364600
2024-07-31,34.43830871582031,35.099998474121094,35.439998626708984,34.709999084472656,35.060001373291016,9983100
2024-08-01,34.11452865600586,34.77000045776367,35.25,34.38999938964844,35.099998474121094,9642500
2024-08-02,33.43753433227539,34.08000183105469,34.849998474121094,33.4900016784668,34.77000045776367,13305900
2024-08-05,32.377891540527344,33.0,34.43000030517578,32.77000045776367,34.43000030517578,18635200
2024-08-06,33.2216796875,33.86000061035156,34.5,32.119998931884766,32.13999938964844,18679500
2024-08-07,32.986202239990234,33.619998931884766,34.439998626708984,33.599998474121094,33.84000015258789,10019700
2024-08-08,33.60432815551758,34.25,34.380001068115234,33.619998931884766,33.709999084472656,8516400
2024-08-09,33.35904312133789,34.0,34.310001373291016,33.72999954223633,34.099998474121094,7875100
2024-08-12,32.86846923828125,33.5,34.119998931884766,33.38999938964844,34.040000915527344,8740500
2024-08-13,32.59375,33.220001220703125,33.66999816894531,32.970001220703125,33.58000183105469,14386400
2024-08-14,32.73111343383789,33.36000061035156,33.47999954223633,33.11000061035156,33.189998626708984,12555200
2024-08-15,32.99601364135742,33.630001068115234,33.83000183105469,33.459999084472656,33.599998474121094,12359000
2024-08-16,32.78997802734375,33.41999816894531,33.66999816894531,33.279998779296875,33.59000015258789,9870500
2024-08-19,33.005828857421875,33.63999938964844,33.68000030517578,33.279998779296875,33.41999816894531,8893100
2024-08-20,32.94696044921875,33.58000183105469,33.68000030517578,33.4900016784668,33.54999923706055,6113200
2024-08-21,33.15300369262695,33.790000915527344,33.93000030517578,33.65999984741211,33.84000015258789,7231200
2024-08-22,32.60355758666992,33.22999954223633,33.869998931884766,32.97999954223633,33.83000183105469,14439600
2024-08-23,33.05488204956055,33.689998626708984,33.849998474121094,33.40999984741211,33.59000015258789,10397900
2024-08-26,33.03526306152344,33.66999816894531,33.939998626708984,33.61000061035156,33.880001068115234,5857100
2024-08-27,32.94696044921875,33.58000183105469,33.77000045776367,33.5,33.66999816894531,7487700
2024-08-28,33.084320068359375,33.720001220703125,33.90999984741211,33.41999816894531,33.599998474121094,9524400
2024-08-29,33.3001708984375,33.939998626708984,34.22999954223633,33.599998474121094,33.95000076293945,7526100
2024-08-30,33.743255615234375,34.27000045776367,34.31999969482422,33.709999084472656,33.9900016784668,9050300
2024-09-03,34.048492431640625,34.58000183105469,34.709999084472656,34.13999938964844,34.20000076293945,13197900
2024-09-04,34.324188232421875,34.86000061035156,35.08000183105469,34.47999954223633,34.59000015258789,9862100
2024-09-05,33.49709701538086,34.02000045776367,34.88999938964844,33.91999816894531,34.790000915527344,9514100
2024-09-06,32.857086181640625,33.369998931884766,34.06999969482422,33.33000183105469,33.97999954223633,10912200
2024-09-09,33.2410888671875,33.7599983215332,33.86000061035156,33.25,33.54999923706055,9874000
2024-09-10,32.99493408203125,33.5099983215332,33.83000183105469,33.279998779296875,33.81999969482422,9707000
2024-09-11,32.78816604614258,33.29999923706055,33.400001525878906,32.5,33.400001525878906,9594800
2024-09-12,32.93585968017578,33.45000076293945,33.5,32.45000076293945,33.310001373291016,14225600
2024-09-13,33.004783630371094,33.52000045776367,33.95000076293945,33.38999938964844,33.560001373291016,7680900
2024-09-16,33.29032897949219,33.810001373291016,34.13999938964844,33.560001373291016,33.75,8007100
2024-09-17,33.546329498291016,34.06999969482422,34.27000045776367,33.93000030517578,33.95000076293945,6839200
2024-09-18,33.52663803100586,34.04999923706055,34.349998474121094,33.79999923706055,34.09000015258789,8449000
2024-09-19,34.265106201171875,34.79999923706055,34.970001220703125,34.310001373291016,34.529998779296875,12031900
2024-09-20,34.39311218261719,34.93000030517578,34.959999084472656,34.27000045776367,34.65999984741211,31214800
2024-09-23,33.49709701538086,34.02000045776367,34.93000030517578,33.77000045776367,34.86000061035156,13003300
2024-09-24,33.61525344848633,34.13999938964844,34.40999984741211,33.88999938964844,34.02000045776367,10494000
2024-09-25,33.004783630371094,33.52000045776367,34.220001220703125,33.470001220703125,34.20000076293945,8278000
2024-09-26,33.37894058227539,33.900001525878906,34.099998474121094,33.619998931884766,33.66999816894531,8115900
2024-09-27,33.99925994873047,34.529998779296875,35.029998779296875,34.119998931884766,34.27000045776367,11446600
2024-09-30,33.99925994873047,34.529998779296875,34.90999984741211,34.22999954223633,34.56999969482422,9407400
2024-10-01,33.989410400390625,34.52000045776367,34.65999984741211,34.0099983215332,34.41999816894531,10638500
2024-10-02,33.64479064941406,34.16999816894531,34.7599983215332,34.15999984741211,34.470001220703125,7030900
2024-10-03,33.59556198120117,34.119998931884766,34.279998779296875,33.63999938964844,34.11000061035156,14237000
2024-10-04,33.95987319946289,34.4900016784668,35.08000183105469,34.11000061035156,34.790000915527344,10243200
2024-10-07,33.132781982421875,33.650001525878906,34.27000045776367,33.529998779296875,34.2400016784668,10763200
2024-10-08,33.349403381347656,33.869998931884766,34.130001068115234,33.599998474121094,33.709999084472656,9186600
2024-10-09,33.7334098815918,34.2599983215332,34.349998474121094,33.84000015258789,33.91999816894531,7715700
2024-10-10,33.99925994873047,34.529998779296875,34.56999969482422,33.9900016784668,34.150001525878906,6551900
2024-10-11,34.42264938354492,34.959999084472656,35.0099983215332,34.59000015258789,34.650001525878906,6766400
2024-10-14,34.747581481933594,35.290000915527344,35.349998474121094,34.66999816894531,34.959999084472656,11825400
2024-10-15,34.954349517822266,35.5,35.939998626708984,35.279998779296875,35.41999816894531,12259100
2024-10-16,34.92481231689453,35.470001220703125,36.18999862670898,35.41999816894531,35.790000915527344,17624000
2024-10-17,32.58139419555664,33.09000015258789,34.279998779296875,33.09000015258789,33.900001525878906,28487900
2024-10-18,33.59556198120117,34.119998931884766,34.33000183105469,33.130001068115234,33.20000076293945,21248600
2024-10-21,33.142635345458984,33.65999984741211,34.20000076293945,33.61000061035156,34.06999969482422,10142800
2024-10-22,33.329708099365234,33.849998474121094,33.880001068115234,33.34000015258789,33.54999923706055,11223500
2024-10-23,33.07370376586914,33.59000015258789,33.70000076293945,33.33000183105469,33.63999938964844,11925100
2024-10-24,32.59123611450195,33.099998474121094,33.56999969482422,32.84000015258789,33.369998931884766,15051400
2024-10-25,32.758628845214844,33.27000045776367,33.349998474121094,32.959999084472656,33.209999084472656,14067100
2024-10-28,32.748775482177734,33.2599983215332,33.540000915527344,33.189998626708984,33.439998626708984,8016600
2024-10-29,32.73893356323242,33.25,33.66999816894531,33.119998931884766,33.18000030517578,13083300
2024-10-30,33.02447891235352,33.540000915527344,33.77000045776367,33.189998626708984,33.189998626708984,11865100
2024-10-31,33.12294006347656,33.63999938964844,34.0,33.41999816894531,33.560001373291016,11551500
2024-11-01,32.87678146362305,33.38999938964844,33.91999816894531,33.349998474121094,33.689998626708984,11062300
2024-11-04,32.84724426269531,33.36000061035156,33.869998931884766,33.31999969482422,33.470001220703125,12458200
2024-11-05,33.49709701538086,34.02000045776367,34.040000915527344,33.349998474121094,33.40999984741211,7946400
2024-11-06,36.31313705444336,36.880001068115234,37.09999847412109,35.95000076293945,36.04999923706055,25958600
2024-11-07,35.013431549072266,35.560001373291016,36.720001220703125,35.22999954223633,36.63999938964844,22333200
2024-11-08,35.4466667175293,36.0,36.06999969482422,35.310001373291016,35.630001068115234,13095600
2024-11-11,35.95866775512695,36.52000045776367,36.959999084472656,36.25,36.290000915527344,10200200
2024-11-12,35.57466506958008,36.130001068115234,36.58000183105469,36.02999877929688,36.400001525878906,11421700
2024-11-13,35.91928482055664,36.47999954223633,36.52999877929688,35.91999816894531,35.97999954223633,8668000
2024-11-14,35.08235549926758,35.630001068115234,36.45000076293945,35.5,36.33000183105469,14939900
2024-11-15,34.59003448486328,35.130001068115234,35.689998626708984,35.0,35.560001373291016,10597900
2024-11-18,34.432498931884766,34.970001220703125,35.4900016784668,34.95000076293945,35.349998474121094,7651900
2024-11-19,34.06818008422852,34.599998474121094,34.880001068115234,34.5,34.52000045776367,10463000
2024-11-20,34.03864288330078,34.56999969482422,34.779998779296875,34.40999984741211,34.68000030517578,7939300
2024-11-21,34.79680633544922,35.34000015258789,35.36000061035156,34.599998474121094,34.70000076293945,12036200
2024-11-22,35.23004150390625,35.779998779296875,35.90999984741211,35.369998931884766,35.470001220703125,10783100
2024-11-25,36.05713272094727,36.619998931884766,36.75,35.970001220703125,35.970001220703125,13877200
2024-11-26,36.12605667114258,36.68999862670898,36.81999969482422,36.02999877929688,36.470001220703125,9605800
2024-11-27,36.01774978637695,36.58000183105469,36.90999984741211,36.5099983215332,36.7599983215332,6371100
2024-11-29,36.10665512084961,36.54999923706055,36.7599983215332,36.40999984741211,36.459999084472656,5129500
2024-12-02,35.89920425415039,36.34000015258789,36.54999923706055,35.79999923706055,36.5099983215332,12161300
2024-12-03,35.563331604003906,36.0,36.5,35.790000915527344,36.27000045776367,9960400
2024-12-04,34.87181854248047,35.29999923706055,35.95000076293945,34.88999938964844,35.95000076293945,17536100
2024-12-05,34.20006561279297,34.619998931884766,35.369998931884766,34.58000183105469,35.369998931884766,12745800
2024-12-06,34.03213119506836,34.45000076293945,34.900001525878906,34.439998626708984,34.63999938964844,10495000
2024-12-09,33.557952880859375,33.970001220703125,34.630001068115234,33.90999984741211,34.22999954223633,10630100
2024-12-10,33.75551986694336,34.16999816894531,34.459999084472656,33.709999084472656,33.88999938964844,11245000
2024-12-11,33.20232009887695,33.61000061035156,34.22999954223633,33.58000183105469,34.060001373291016,12464900
2024-12-12,33.27146911621094,33.68000030517578,33.93000030517578,33.52000045776367,33.66999816894531,9636000
2024-12-13,32.83681106567383,33.2400016784668,33.7400016784668,33.22999954223633,33.59000015258789,10139300
2024-12-16,32.54043960571289,32.939998626708984,33.33000183105469,32.86000061035156,33.25,12673000
2024-12-17,32.53056716918945,32.93000030517578,33.150001525878906,32.689998626708984,32.779998779296875,12487700
2024-12-18,31.69087791442871,32.08000183105469,33.060001373291016,32.040000915527344,32.810001373291016,15794300
2024-12-19,31.196941375732425,31.57999992370605,32.459999084472656,31.559999465942383,32.119998931884766,11035000
2024-12-20,31.463666915893555,31.850000381469727,32.20000076293945,31.43000030517578,31.459999084472656,20229200
2024-12-23,31.829177856445312,32.220001220703125,32.279998779296875,31.64999961853028,31.690000534057617,11998500
2024-12-24,32.17493438720703,32.56999969482422,32.61000061035156,32.16999816894531,32.2400016784668,4777600
2024-12-26,32.12554168701172,32.52000045776367,32.56999969482422,32.33000183105469,32.439998626708984,6745200
2024-12-27,32.06626510620117,32.459999084472656,32.68000030517578,32.130001068115234,32.20000076293945,10431500
2024-12-30,31.760028839111328,32.150001525878906,32.34000015258789,31.920000076293945,32.27000045776367,6598900
2024-12-31,31.87857437133789,32.27000045776367,32.400001525878906,32.18000030517578,32.220001220703125,8424300
2025-01-02,31.76990509033203,32.15999984741211,32.68000030517578,32.06999969482422,32.54999923706055,13995700
2025-01-03,31.947723388671875,32.34000015258789,32.5099983215332,32.119998931884766,32.400001525878906,17511800
2025-01-06,31.611846923828125,32.0,32.4900016784668,31.96999931335449,32.27000045776367,13508600
2025-01-07,31.799541473388672,32.189998626708984,32.40999984741211,31.959999084472656,32.0099983215332,12813800
2025-01-08,31.80942344665528,32.20000076293945,32.310001373291016,31.8799991607666,32.20000076293945,9683000
2025-01-10,31.39451789855957,31.780000686645508,32.13999938964844,31.709999084472656,31.93000030517578,13644200
2025-01-13,31.50318145751953,31.88999938964844,31.96999931335449,31.530000686645508,31.65999984741211,16634100
2025-01-14,31.750146865844727,32.13999938964844,32.189998626708984,31.920000076293945,32.0099983215332,12878100
2025-01-15,32.06626510620117,32.459999084472656,32.72999954223633,32.43000030517578,32.68000030517578,13694300
2025-01-16,32.57008361816406,32.970001220703125,32.97999954223633,32.02000045776367,32.33000183105469,21673200
2025-01-17,32.33299255371094,32.72999954223633,33.38999938964844,32.65999984741211,33.36000061035156,20686000
2025-01-21,32.8664436340332,33.27000045776367,33.279998779296875,32.779998779296875,33.02000045776367,9344400
2025-01-22,32.83681106567383,33.2400016784668,33.5,33.04999923706055,33.220001220703125,13745500
2025-01-23,33.26158905029297,33.66999816894531,34.099998474121094,33.47999954223633,33.880001068115234,17405700
2025-01-24,32.29347610473633,32.689998626708984,33.02000045776367,32.0,32.04999923706055,25130400
2025-01-27,33.23195266723633,33.63999938964844,33.83000183105469,32.56999969482422,32.849998474121094,20309300
2025-01-28,32.283599853515625,32.68000030517578,33.68000030517578,32.650001525878906,33.349998474121094,14548500
2025-01-29,32.579959869384766,32.97999954223633,33.619998931884766,32.75,32.75,16393900
2025-01-30,32.46141815185547,32.86000061035156,33.189998626708984,32.63999938964844,32.939998626708984,12090300
2025-01-31,32.471290588378906,32.869998931884766,33.400001525878906,32.77000045776367,32.849998474121094,21650300
2025-02-03,32.115657806396484,32.5099983215332,32.95000076293945,32.04999923706055,32.47999954223633,15172200
2025-02-04,32.471290588378906,32.869998931884766,32.970001220703125,32.33000183105469,32.349998474121094,12211900
2025-02-05,32.481178283691406,32.880001068115234,33.060001373291016,32.7599983215332,32.97999954223633,7454500
2025-02-06,32.342872619628906,32.7400016784668,33.119998931884766,32.63999938964844,33.040000915527344,6585100
2025-02-07,32.1946907043457,32.59000015258789,32.83000183105469,32.36000061035156,32.779998779296875,16936400
2025-02-10,32.67875289916992,33.08000183105469,33.11000061035156,32.689998626708984,32.75,9929000
2025-02-11,32.7083854675293,33.11000061035156,33.2400016784668,32.91999816894531,32.95000076293945,9177200
2025-02-12,32.52068328857422,32.91999816894531,33.04999923706055,32.619998931884766,32.630001068115234,7723100
2025-02-13,32.69850158691406,33.099998474121094,33.13999938964844,32.83000183105469,33.09000015258789,11026900
2025-02-14,32.96522903442383,33.369998931884766,33.4900016784668,33.16999816894531,33.25,10739900
2025-02-18,33.23195266723633,33.63999938964844,33.7400016784668,33.279998779296875,33.400001525878906,15000900
2025-02-19,32.01687240600586,32.40999984741211,33.54999923706055,32.31999969482422,33.529998779296875,13733100
2025-02-20,32.06626510620117,32.459999084472656,32.54999923706055,32.119998931884766,32.31999969482422,11703400
2025-02-21,31.908206939697266,32.29999923706055,32.470001220703125,31.790000915527344,32.470001220703125,23611800
2025-02-24,31.424150466918945,31.809999465942383,32.4900016784668,31.71999931335449,32.470001220703125,16202200
2025-02-25,31.700756072998047,32.09000015258789,32.2599983215332,31.8799991607666,31.96999931335449,13040900
2025-02-26,31.59208869934082,31.979999542236328,32.16999816894531,31.809999465942383,32.04999923706055,8666100
2025-02-27,31.62172508239746,32.0099983215332,32.25,31.68000030517578,31.81999969482422,9325300
2025-02-28,31.75067138671875,32.0099983215332,32.27000045776367,31.61000061035156,32.150001525878906,21083300
2025-03-03,31.671321868896484,31.93000030517578,32.400001525878906,31.739999771118164,32.150001525878906,11273000
2025-03-04,30.947235107421875,31.200000762939453,31.90999984741211,31.170000076293945,31.81999969482422,19833300
2025-03-05,30.66950416564941,30.920000076293945,31.549999237060547,30.6200008392334,31.059999465942383,21618300
2025-03-06,30.67942237854004,30.93000030517578,31.07999992370605,30.549999237060547,30.950000762939453,22952200
2025-03-07,31.00674819946289,31.26000022888184,31.39999961853028,30.709999084472656,30.76000022888184,19422400
2025-03-10,30.401689529418945,30.64999961853028,31.530000686645508,30.559999465942383,31.26000022888184,20051800
2025-03-11,29.280845642089844,29.520000457763672,30.709999084472656,29.5,30.709999084472656,15102200
2025-03-12,29.31060218811035,29.549999237060547,29.739999771118164,29.290000915527344,29.5,13935800
2025-03-13,28.894004821777344,29.1299991607666,29.739999771118164,28.979999542236328,29.600000381469727,16509000
2025-03-14,29.766876220703125,30.01000022888184,30.049999237060547,29.21999931335449,29.350000381469727,16382800
2025-03-17,30.08428382873535,30.32999992370605,30.39999961853028,29.920000076293945,29.989999771118164,9204300
2025-03-18,30.014848709106445,30.26000022888184,30.5,29.989999771118164,30.36000061035156,11511500
2025-03-19,29.82638931274414,30.06999969482422,30.3700008392334,29.989999771118164,30.209999084472656,12103600
2025-03-20,29.737117767333984,29.979999542236328,30.170000076293945,29.75,29.89999961853028,16138700
2025-03-21,29.3304386138916,29.56999969482422,29.82999992370605,29.459999084472656,29.690000534057617,25369600
2025-03-24,29.608173370361328,29.850000381469727,29.940000534057617,29.57999992370605,29.82999992370605,13230200
2025-03-25,29.2907657623291,29.530000686645508,29.84000015258789,29.46999931335449,29.739999771118164,10847000
2025-03-26,29.65776634216309,29.89999961853028,29.950000762939453,29.26000022888184,29.559999465942383,13967000
2025-03-27,29.67760467529297,29.920000076293945,30.01000022888184,29.56999969482422,29.850000381469727,10440600
2025-03-28,28.87416648864746,29.11000061035156,29.93000030517578,29.09000015258789,29.86000061035156,9596900
2025-03-31,29.191574096679688,29.43000030517578,29.65999984741211,29.01000022888184,29.11000061035156,23506900
2025-04-01,29.300683975219727,29.540000915527344,29.56999969482422,29.040000915527344,29.170000076293945,11174200
2025-04-02,29.49906349182129,29.739999771118164,29.76000022888184,29.13999938964844,29.280000686645508,9470300
2025-04-03,27.763240814208984,27.989999771118164,28.979999542236328,27.89999961853028,28.96999931335449,21170800
2025-04-04,26.989559173583984,27.209999084472656,27.729999542236328,26.950000762939453,27.56999969482422,26481200
2025-04-07,26.87053108215332,27.09000015258789,27.989999771118164,26.21999931335449,27.229999542236328,32102900
2025-04-08,26.473773956298828,26.690000534057617,27.96999931335449,26.309999465942383,27.489999771118164,22201100
2025-04-09,28.427812576293945,28.65999984741211,28.780000686645508,26.290000915527344,26.43000030517578,26939300
2025-04-10,27.594615936279297,27.81999969482422,28.36000061035156,27.1299991607666,28.229999542236328,16572300
2025-04-11,27.783077239990234,28.01000022888184,28.07999992370605,27.350000381469727,27.75,15001800
2025-04-14,28.040971755981445,28.270000457763672,28.450000762939453,27.959999084472656,28.200000762939453,17079700
2025-04-15,27.673969268798828,27.89999961853028,28.450000762939453,27.84000015258789,28.21999931335449,15163600
2025-04-16,27.12842559814453,27.350000381469727,27.959999084472656,27.15999984741211,27.600000381469727,25311500
2025-04-17,27.455751419067383,27.68000030517578,28.020000457763672,27.270000457763672,27.290000915527344,21437300
2025-04-21,27.237533569335938,27.459999084472656,27.540000915527344,27.0,27.38999938964844,28499500
2025-04-22,27.554941177368164,27.780000686645508,27.90999984741211,27.46999931335449,27.6200008392334,16208600
2025-04-23,27.366479873657227,27.59000015258789,28.51000022888184,27.459999084472656,28.280000686645508,15917900
2025-04-24,27.912023544311523,28.13999938964844,28.18000030517578,27.18000030517578,27.39999961853028,13572800
2025-04-25,27.61445617675781,27.84000015258789,28.06999969482422,27.670000076293945,27.89999961853028,14351200
2025-04-28,27.64421272277832,27.8700008392334,28.020000457763672,27.59000015258789,27.850000381469727,12632100
2025-04-29,27.82275390625,28.049999237060547,28.11000061035156,27.700000762939453,27.75,9907300
2025-04-30,27.842592239379883,28.06999969482422,28.1200008392334,27.520000457763672,27.88999938964844,12723500
2025-05-01,27.88226890563965,28.11000061035156,28.239999771118164,27.739999771118164,28.01000022888184,13020900
2025-05-02,28.46748924255371,28.700000762939453,28.799999237060547,28.3700008392334,28.3700008392334,11526600
2025-05-05,28.23934936523437,28.46999931335449,28.780000686645508,28.38999938964844,28.540000915527344,9480700
2025-05-06,27.86243057250977,28.09000015258789,28.43000030517578,28.049999237060547,28.32999992370605,8753700
2025-05-07,28.140161514282227,28.3700008392334,28.5,28.1299991607666,28.25,11504000
2025-05-08,28.72538185119629,28.959999084472656,29.190000534057617,28.32999992370605,28.56999969482422,13770000
2025-05-09,28.507164001464844,28.739999771118164,29.170000076293945,28.65999984741211,28.920000076293945,9630100
2025-05-12,30.06444549560547,30.309999465942383,30.559999465942383,29.75,29.979999542236328,15707600
2025-05-13,30.29258346557617,30.540000915527344,30.71999931335449,30.25,30.32999992370605,16825200
2025-05-14,30.77861213684082,31.030000686645508,31.1200008392334,30.31999969482422,30.43000030517578,21883800
2025-05-15,31.046422958374023,31.299999237060547,31.420000076293945,30.86000061035156,30.959999084472656,15563400
2025-05-16,31.06626319885254,31.31999969482422,31.39999961853028,31.030000686645508,31.270000457763672,11394300
2025-05-19,30.9571533203125,31.209999084472656,31.229999542236328,30.979999542236328,31.09000015258789,10553600
2025-05-20,30.976991653442383,31.229999542236328,31.350000381469727,31.020000457763672,31.020000457763672,14966100
2025-05-21,30.24298667907715,30.489999771118164,31.1200008392334,30.43000030517578,31.1200008392334,13768900
2025-05-22,30.39177131652832,30.63999938964844,30.8799991607666,30.31999969482422,30.520000457763672,18430500
2025-05-23,30.57031440734864,30.81999969482422,30.959999084472656,30.170000076293945,30.26000022888184,21149000
2025-05-27,31.175371170043945,31.43000030517578,31.57999992370605,30.93000030517578,31.100000381469727,17934900
2025-05-28,31.086101531982425,31.34000015258789,31.670000076293945,31.31999969482422,31.5,13834500
2025-05-29,31.16545295715332,31.420000076293945,31.65999984741211,31.209999084472656,31.46999931335449,15013300
2025-05-30,31.46426010131836,31.59000015258789,31.770000457763672,31.18000030517578,31.26000022888184,22998700
2025-06-02,31.115652084350582,31.239999771118164,31.420000076293945,30.850000381469727,31.3799991607666,25167500
2025-06-03,31.733184814453125,31.86000061035156,31.90999984741211,31.14999961853028,31.239999771118164,18163200
2025-06-04,31.80290603637696,31.93000030517578,32.060001373291016,31.65999984741211,31.84000015258789,13669400
2025-06-05,31.61366271972656,31.739999771118164,31.920000076293945,31.63999938964844,31.90999984741211,11819500
2025-06-06,32.10171127319336,32.22999954223633,32.349998474121094,31.96999931335449,31.96999931335449,16163900
2025-06-09,31.852706909179688,31.979999542236328,32.380001068115234,31.90999984741211,32.34000015258789,14841700
2025-06-10,32.480201721191406,32.61000061035156,33.09000015258789,31.920000076293945,32.119998931884766,24562700
2025-06-11,32.19135284423828,32.31999969482422,32.650001525878906,32.15999984741211,32.59000015258789,12114200
2025-06-12,32.26107406616211,32.38999938964844,32.400001525878906,31.989999771118164,32.2400016784668,9380500
2025-06-13,31.992149353027344,32.119998931884766,32.47999954223633,32.029998779296875,32.279998779296875,9032700
2025-06-16,32.43040084838867,32.560001373291016,32.619998931884766,32.15999984741211,32.2400016784668,11703600
2025-06-17,31.992149353027344,32.119998931884766,32.52000045776367,32.040000915527344,32.4900016784668,12951300
2025-06-18,32.11167526245117,32.2400016784668,32.52000045776367,32.08000183105469,32.189998626708984,12808100
2025-06-20,31.93239021301269,32.060001373291016,32.47999954223633,31.84000015258789,32.43000030517578,31011100
2025-06-23,32.29095458984375,32.41999816894531,32.47999954223633,31.940000534057617,32.189998626708984,12350200
2025-06-24,32.35071563720703,32.47999954223633,32.599998474121094,32.290000915527344,32.41999816894531,12913900
2025-06-25,32.360679626464844,32.4900016784668,32.52000045776367,32.099998474121094,32.459999084472656,11235100
2025-06-26,32.44035720825195,32.56999969482422,32.79999923706055,32.45000076293945,32.599998474121094,12447700
2025-06-27,32.77900314331055,32.90999984741211,32.97999954223633,32.459999084472656,32.58000183105469,20445500
2025-06-30,32.5001220703125,32.630001068115234,32.810001373291016,32.560001373291016,32.79999923706055,12112500
2025-07-01,33.33677673339844,33.470001220703125,33.81999969482422,32.630001068115234,32.7400016784668,12862800
2025-07-02,33.476219177246094,33.61000061035156,33.70000076293945,33.31999969482422,33.45000076293945,8596900
2025-07-03,33.46625900268555,33.599998474121094,33.77000045776367,33.529998779296875,33.61000061035156,5638800
2025-07-07,32.9184455871582,33.04999923706055,33.59000015258789,32.970001220703125,33.4900016784668,11868800
2025-07-08,33.25709533691406,33.38999938964844,33.619998931884766,32.97999954223633,33.11000061035156,11249500
2025-07-09,33.19733428955078,33.33000183105469,33.47999954223633,33.15999984741211,33.43000030517578,9174600
2025-07-10,33.406497955322266,33.540000915527344,33.97999954223633,33.209999084472656,33.279998779296875,9782600
2025-07-11,33.96426773071289,34.099998474121094,34.59000015258789,33.279998779296875,33.400001525878906,27262000
2025-07-14,33.84474563598633,33.97999954223633,34.16999816894531,33.650001525878906,33.939998626708984,15303800
2025-07-15,33.346736907958984,33.47999954223633,34.060001373291016,33.45000076293945,33.91999816894531,16506000
2025-07-16,33.12760925292969,33.2599983215332,33.70000076293945,33.119998931884766,33.59000015258789,11556300
2025-07-17,34.362674713134766,34.5,34.79999923706055,34.040000915527344,34.369998931884766,28892700
2025-07-18,34.25311279296875,34.38999938964844,35.619998931884766,34.2400016784668,35.34000015258789,24854000
2025-07-21,34.22323226928711,34.36000061035156,34.7400016784668,34.27000045776367,34.7400016784668,12531900
2025-07-22,35.08977127075195,35.22999954223633,35.2599983215332,34.68000030517578,34.84000015258789,20967000
2025-07-23,34.830806732177734,34.970001220703125,35.34000015258789,34.90999984741211,35.290000915527344,32168300
2025-07-24,34.860687255859375,35.0,36.380001068115234,34.939998626708984,36.369998931884766,34910300
2025-07-25,35.61766052246094,35.7599983215332,36.0,35.040000915527344,35.380001068115234,31707900
2025-07-28,35.5678596496582,35.709999084472656,36.15999984741211,35.5099983215332,35.7599983215332,21514400
2025-07-29,35.27901077270508,35.41999816894531,36.040000915527344,34.68000030517578,35.9900016784668,42665900
2025-07-30,35.149532318115234,35.290000915527344,35.650001525878906,35.130001068115234,35.4900016784668,12823600
2025-07-31,35.398536682128906,35.540000915527344,36.04999923706055,35.0099983215332,35.099998474121094,26361300
2025-08-01,34.870643615722656,35.0099983215332,35.310001373291016,34.65999984741211,35.27000045776367,19266500
2025-08-04,35.31885528564453,35.459999084472656,35.66999816894531,35.06999969482422,35.099998474121094,13546400
2025-08-05,35.50809860229492,35.650001525878906,35.66999816894531,35.33000183105469,35.5,11480800
2025-08-06,35.86666488647461,36.0099983215332,36.09999847412109,35.5099983215332,35.619998931884766,12126100
2025-08-07,35.10969161987305,35.25,36.18999862670898,35.16999816894531,36.09999847412109,14530800
2025-08-08,35.28897476196289,35.43000030517578,35.81999969482422,35.310001373291016,35.400001525878906,10864400
2025-08-11,35.08977127075195,35.22999954223633,35.599998474121094,34.88999938964844,35.43000030517578,14318300
2025-08-12,35.67742156982422,35.81999969482422,36.02999877929688,34.86000061035156,35.4900016784668,20809900
2025-08-13,35.9363899230957,36.08000183105469,36.11000061035156,35.65999984741211,35.97999954223633,21515200
2025-08-14,36.2053108215332,36.34999847412109,36.52999877929688,35.72999954223633,35.91999816894531,23862100
2025-08-15,36.17543029785156,36.31999969482422,36.45000076293945,36.0099983215332,36.41999816894531,17898100
2025-08-18,35.84674835205078,35.9900016784668,36.310001373291016,35.720001220703125,36.150001525878906,19415400
2025-08-19,36.374637603759766,36.52000045776367,37.25,35.959999084472656,35.959999084472656,42854400
2025-08-20,35.84674835205078,35.9900016784668,36.7400016784668,35.970001220703125,36.459999084472656,16379300
2025-08-21,35.72722244262695,35.869998931884766,36.150001525878906,35.70000076293945,35.869998931884766,9251800
2025-08-22,34.442359924316406,34.58000183105469,37.209999084472656,33.58000183105469,36.130001068115234,81210900
2025-08-25,32.679405212402344,32.810001373291016,34.91999816894531,32.279998779296875,34.790000915527344,64361400
2025-08-26,32.2809944152832,32.40999984741211,32.599998474121094,32.040000915527344,32.310001373291016,34655300
2025-08-27,32.41048049926758,32.540000915527344,32.56999969482422,32.06999969482422,32.279998779296875,25271100
2025-08-28,32.529998779296875,32.65999984741211,33.20000076293945,32.5099983215332,32.790000915527344,19026400
2025-08-29,32.5099983215332,32.5099983215332,32.77000045776367,32.2599983215332,32.59000015258789,13465700
2025-09-02,32.189998626708984,32.189998626708984,32.29999923706055,31.959999084472656,32.15999984741211,10978700
2025-09-03,32.279998779296875,32.279998779296875,32.279998779296875,31.90999984741211,32.150001525878906,18564700
2025-09-04,32.65999984741211,32.65999984741211,32.70000076293945,32.04999923706055,32.22999954223633,10947600
2025-09-05,32.529998779296875,32.529998779296875,32.7599983215332,32.16999816894531,32.61000061035156,9677400
2025-09-08,32.43000030517578,32.43000030517578,32.58000183105469,32.0,32.5,16025700
2025-09-09,32.20000076293945,32.20000076293945,32.52000045776367,32.189998626708984,32.369998931884766,9822600
2025-09-10,32.04999923706055,32.04999923706055,32.34000015258789,31.799999237060547,32.06999969482422,8497200
2025-09-11,32.849998474121094,32.849998474121094,32.88999938964844,31.959999084472656,32.029998779296875,10280200
2025-09-12,32.470001220703125,32.470001220703125,32.900001525878906,32.45000076293945,32.7400016784668,9255300
2025-09-15,32.5,32.5,32.709999084472656,32.18000030517578,32.560001373291016,7725100
2025-09-16,32.470001220703125,32.470001220703125,32.810001373291016,32.40999984741211,32.59000015258789,12186400
2025-09-17,32.77000045776367,32.77000045776367,33.06999969482422,32.47999954223633,32.540000915527344,11842700
2025-09-18,33.43000030517578,33.43000030517578,33.56999969482422,32.709999084472656,33.11000061035156,14664500
2025-09-19,32.97999954223633,32.97999954223633,33.59000015258789,32.88999938964844,33.5099983215332,27076300
2025-09-22,33.20000076293945,33.20000076293945,33.459999084472656,32.84000015258789,32.97999954223633,22445000
2025-09-23,34.06999969482422,34.06999969482422,34.31999969482422,33.29999923706055,33.349998474121094,27739500
2025-09-24,33.81999969482422,33.81999969482422,34.29999923706055,33.459999084472656,33.90999984741211,13993500
2025-09-25,33.779998779296875,33.779998779296875,34.220001220703125,33.709999084472656,34.040000915527344,20535900
2025-09-26,34.0099983215332,34.0099983215332,34.11000061035156,33.58000183105469,33.779998779296875,12939900
2025-09-29,35.83000183105469,35.83000183105469,35.91999816894531,34.849998474121094,34.93000030517578,34268100
2025-09-30,35.5099983215332,35.5099983215332,35.75,35.2599983215332,35.7400016784668,17212000
2025-10-01,35.0,35.0,35.16999816894531,34.459999084472656,34.91999816894531,19306400
2025-10-02,35.56999969482422,35.56999969482422,35.59000015258789,34.84000015258789,34.84000015258789,15787500
2025-10-03,36.0099983215332,36.0099983215332,36.060001373291016,35.40999984741211,35.59000015258789,13726800
2025-10-06,36.25,36.25,36.27000045776367,35.88999938964844,36.04999923706055,13126100
2025-10-07,35.9900016784668,35.9900016784668,36.470001220703125,35.72999954223633,36.209999084472656,13839300
2025-10-08,35.95000076293945,35.95000076293945,36.060001373291016,35.599998474121094,35.779998779296875,13221500
2025-10-09,36.04999923706055,36.04999923706055,36.560001373291016,35.810001373291016,36.0,14202000
