Date,Adj Close,Close,High,Low,Open,Volume
2010-10-11,17.145633697509766,30.81312370300293,30.941511154174805,30.641939163208008,30.7774600982666,3144686
2010-10-12,17.078157424926758,30.691869735717773,30.82738876342773,30.527816772460938,30.82025718688965,3764370
2010-10-13,17.141658782958984,30.80599021911621,30.941511154174805,30.67047119140625,30.912981033325195,5284839
2010-10-14,17.07419204711914,30.68473625183105,30.941511154174805,30.50641822814941,30.82025718688965,4143611
2010-10-15,17.12578773498535,30.7774600982666,30.89871597290039,30.58487892150879,30.834522247314453,5878446
2010-10-18,17.467111587524414,31.390869140625,31.44079971313477,30.81312370300293,30.891582489013672,11468220
2010-10-19,17.359954833984375,31.198287963867188,31.54778861999512,31.091297149658203,31.13409423828125,7445321
2010-10-20,17.57427215576172,31.583452224731445,31.733238220214844,31.23395156860352,31.2410831451416,4918076
2010-10-21,17.27263069152832,31.04136848449707,31.733238220214844,30.90584945678711,31.6547794342041,8288203
2010-10-22,16.66936492919922,29.957204818725582,31.04136848449707,29.85734748840332,31.04136848449707,12625991
2010-10-25,16.4034481048584,29.47931480407715,30.185449600219727,29.42225456237793,30.014265060424805,11108046
2010-10-26,16.312166213989258,29.315263748168945,29.572040557861328,29.26533508300781,29.429386138916016,7793438
2010-10-27,16.24469566345215,29.19400978088379,29.21540641784668,28.80884552001953,29.18687629699707,7276801
2010-10-28,16.26453971862793,29.229671478271484,29.42225456237793,29.037090301513672,29.33666229248047,6030983
2010-10-29,16.201030731201172,29.11554908752441,29.229671478271484,28.937232971191406,29.229671478271484,7328955
2010-11-01,16.23278045654297,29.172611236572266,29.600570678710938,29.02995681762696,29.308130264282227,8035703
2010-11-02,16.280412673950195,29.258203506469727,29.500713348388672,29.151212692260746,29.393722534179688,6431114
2010-11-03,16.173254013061523,29.06562042236328,29.358060836791992,28.90156936645508,29.322397232055664,5604916
2010-11-04,16.339948654174805,29.36519241333008,29.36519241333008,29.172611236572266,29.26533508300781,20750862
2010-11-05,16.339948654174805,29.36519241333008,29.44365119934082,29.2082748413086,29.36519241333008,12457331
2010-11-08,16.407411575317383,29.486448287963867,29.536376953125,29.322397232055664,29.3865909576416,12361995
2010-11-09,16.49076271057129,29.636234283447266,29.82881546020508,29.52924346923828,29.572040557861328,9666650
2010-11-10,16.331985473632812,28.98002815246582,29.36519241333008,28.80171203613281,29.36519241333008,6774324
2010-11-11,16.319923400878906,28.95863151550293,29.04422378540039,28.74464988708496,28.86590576171875,5007243
2010-11-12,16.098846435546875,28.56633377075196,28.80171203613281,28.495006561279297,28.773181915283203,8602251
2010-11-15,16.147077560424805,28.65192604064941,28.83737564086914,28.61626243591309,28.673324584960938,6106551
2010-11-16,16.006389617919922,28.40228271484375,28.637659072875977,28.330955505371094,28.58773231506348,7848817
2010-11-17,16.07874298095703,28.530670166015625,28.66619110107422,28.309558868408203,28.359485626220703,6365921
2010-11-18,16.086782455444336,28.54493522644043,28.815977096557617,28.445077896118164,28.80884552001953,6109075
2010-11-19,16.07874298095703,28.530670166015625,28.59486389160156,28.0456485748291,28.48074150085449,5765445
2010-11-22,16.030506134033203,28.445077896118164,28.530670166015625,28.16690444946289,28.502140045166016,4000046
2010-11-23,15.909917831420898,28.231098175048828,28.3452205657959,28.10271072387696,28.27389335632324,4991260
2010-11-24,15.966196060180664,28.330955505371094,28.40228271484375,28.10984230041504,28.37375259399414,5579399
2010-11-26,15.88981819152832,28.1954345703125,28.3452205657959,28.038515090942383,28.16690444946289,1891719
2010-11-29,15.821484565734863,28.074180603027344,28.16690444946289,27.85306739807129,28.08844566345215,4073932
2010-11-30,15.825504302978516,28.08131217956543,28.16690444946289,27.867332458496094,27.917261123657227,6454247
2010-12-01,15.853638648986816,28.13124084472656,28.33808708190918,28.01711845397949,28.323823928833008,6764510
2010-12-02,15.897856712341309,28.209699630737305,28.309558868408203,28.002853393554688,28.10271072387696,5359285
2010-12-03,16.098846435546875,28.56633377075196,28.63052749633789,28.095577239990234,28.1954345703125,12615476
2010-12-06,15.99030876159668,28.37375259399414,28.60199737548828,28.366619110107425,28.60199737548828,4873492
2010-12-07,15.861676216125488,28.145505905151367,28.673324584960938,28.074180603027344,28.559200286865234,5989484
2010-12-08,15.921977996826172,28.25249671936035,28.37375259399414,28.13124084472656,28.223966598510746,6260210
2010-12-09,15.921977996826172,28.25249671936035,28.31669044494629,28.038515090942383,28.26676177978516,6421160
2010-12-10,16.094825744628906,28.559200286865234,28.6590576171875,28.25249671936035,28.416547775268555,8075099
2010-12-13,16.38825798034668,29.07988548278809,29.400856018066406,28.75178337097168,29.01569175720215,9668192
2010-12-14,16.45258140563965,29.19400978088379,29.42225456237793,29.09415054321289,29.12981414794922,6810916
2010-12-15,16.412385940551758,29.122682571411133,29.429386138916016,29.04422378540039,29.165477752685547,6866996
2010-12-16,16.460617065429688,29.2082748413086,29.251070022583008,28.687589645385746,29.17974281311035,6509206
2010-12-17,16.51286506652832,29.30099868774414,29.322397232055664,28.98002815246582,29.151212692260746,12546638
2010-12-20,16.621402740478516,29.493581771850582,29.59343719482422,29.35092735290528,29.3723258972168,5415505
2010-12-21,16.601299285888672,29.457916259765625,29.72895812988281,29.43651962280273,29.522111892700195,6135152
2010-12-22,16.82640266418457,29.85734748840332,29.94293975830078,29.472183227539062,29.493581771850582,5428123
2010-12-23,16.83847427368164,29.87874412536621,30.17118453979492,29.80028533935547,29.843080520629883,4821758
2010-12-27,16.79425048828125,29.80028533935547,30.064193725585938,29.6861629486084,29.85734748840332,3834470
2010-12-28,16.86659812927246,29.928672790527344,29.950071334838867,29.67902946472168,29.786020278930664,3880596
2010-12-29,16.709836959838867,29.65049934387207,29.957204818725582,29.54350852966309,29.950071334838867,4956210
2010-12-30,16.673664093017578,29.586305618286133,29.72895812988281,29.457916259765625,29.54350852966309,3242686
2010-12-31,16.737972259521484,29.700428009033203,29.807418823242188,29.457916259765625,29.59343719482422,2937891
2011-01-03,16.85856819152832,29.91440773010254,29.964336395263672,29.693294525146484,29.94293975830078,4634451
2011-01-04,17.071603775024414,30.29243850708008,30.34236717224121,29.81455039978028,29.957204818725582,5359706
2011-01-05,17.168079376220703,30.463623046875,30.477888107299805,30.22111320495605,30.3138370513916,7350966
2011-01-06,17.152000427246094,30.43509292602539,30.592010498046875,30.22111320495605,30.427959442138672,5989064
2011-01-07,17.115819931030273,30.370899200439453,30.513551712036133,30.1355209350586,30.43509292602539,4121179
2011-01-10,16.975133895874023,30.12125587463379,30.335235595703125,30.02853012084961,30.3138370513916,4560706
2011-01-11,16.878664016723633,29.950071334838867,30.22111320495605,29.87874412536621,30.22111320495605,5840452
2011-01-12,17.115819931030273,30.370899200439453,30.68473625183105,29.957204818725582,30.106990814208984,6223057
2011-01-13,17.031414031982422,30.22111320495605,30.413694381713867,30.00713348388672,30.356632232666016,4500560
2011-01-14,17.232391357421875,30.57774543762207,30.57774543762207,30.099857330322266,30.30670547485352,4321525
2011-01-18,17.252487182617188,30.6134090423584,30.734664916992188,30.3138370513916,30.485021591186523,5524441
2011-01-19,17.21229362487793,30.54208374023437,30.69900131225586,30.38516426086425,30.606277465820312,3915085
2011-01-20,17.425338745117188,30.92011451721192,30.998573303222656,30.3138370513916,30.47075653076172,9315028
2011-01-21,17.369070053100586,30.82025718688965,31.027103424072266,30.7774600982666,31.01283836364746,7008318
2011-01-24,17.445432662963867,30.95577621459961,31.04850196838379,30.74179649353028,30.84878730773925,11387745
2011-01-25,17.365041732788086,30.81312370300293,31.04850196838379,30.677602767944336,30.855920791625977,7017150
2011-01-26,17.296707153320312,30.691869735717773,30.998573303222656,30.463623046875,30.67047119140625,9052994
2011-01-27,17.087682723999023,30.32097053527832,30.7631950378418,30.256776809692383,30.627674102783203,8800634
2011-01-28,16.846508026123047,29.893009185791016,30.54208374023437,29.871612548828125,30.32097053527832,7100850
2011-01-31,17.087682723999023,30.32097053527832,30.44222450256348,29.99286651611328,30.099857330322266,5203243
2011-02-01,17.139938354492188,30.413694381713867,30.527816772460938,30.164051055908203,30.52068519592285,5079446
2011-02-02,17.091705322265625,30.328102111816406,30.66333770751953,30.256776809692383,30.370899200439453,4702729
2011-02-03,17.340927124023438,30.77032852172852,30.82738876342773,30.178316116333008,30.24251174926757,21069817
2011-02-04,17.18416404724121,30.49215316772461,30.84878730773925,30.399429321289062,30.72753143310547,18436020
2011-02-07,17.38112449645996,30.84165573120117,30.855920791625977,30.49215316772461,30.54208374023437,18917186
2011-02-08,17.292686462402344,30.68473625183105,30.798858642578125,30.62054252624512,30.7631950378418,6130105
2011-02-09,17.31681251525879,30.72753143310547,30.78459358215332,30.463623046875,30.592010498046875,5032479
2011-02-10,17.393184661865234,30.863052368164062,30.884450912475582,30.6134090423584,30.69900131225586,5721282
2011-02-11,17.114450454711914,30.0,30.47075653076172,29.97146987915039,30.34950065612793,8459247
2011-02-14,16.87437629699707,29.57917213439941,29.99286651611328,29.536376953125,29.928672790527344,6258528
2011-02-15,16.764507293701172,29.3865909576416,29.59343719482422,29.27246856689453,29.54350852966309,7670202
2011-02-16,16.760440826416016,29.379457473754883,29.664764404296875,29.26533508300781,29.407989501953125,6864192
2011-02-17,16.83368682861328,29.50784683227539,29.721826553344727,29.3865909576416,29.43651962280273,5753808
2011-02-18,16.91913604736328,29.65763282775879,29.67902946472168,29.47931480407715,29.59343719482422,6228946
2011-02-22,16.996444702148438,29.793153762817383,29.82881546020508,29.44365119934082,29.47931480407715,7098466
2011-02-23,16.82147789001465,29.486448287963867,29.91440773010254,29.486448287963867,29.80028533935547,5931301
2011-02-24,16.764507293701172,29.3865909576416,29.536376953125,29.24393653869629,29.536376953125,4546686
2011-02-25,16.801136016845703,29.45078468322754,29.493581771850582,29.33666229248047,29.44365119934082,3085101
2011-02-28,16.992387771606445,29.786020278930664,29.92154121398925,29.486448287963867,29.536376953125,4802831
2011-03-01,16.72382164001465,29.315263748168945,29.8359489440918,29.24393653869629,29.793153762817383,5929479
2011-03-02,16.69940757751465,29.27246856689453,29.42225456237793,29.18687629699707,29.343795776367188,4341153
2011-03-03,16.841821670532227,29.522111892700195,29.586305618286133,29.379457473754883,29.400856018066406,4556079
2011-03-04,16.73602294921875,29.33666229248047,29.73609161376953,29.158344268798828,29.607702255249023,5401345
2011-03-07,17.01679039001465,29.82881546020508,29.950071334838867,29.429386138916016,29.429386138916016,7702868
2011-03-08,17.06968879699707,29.92154121398925,30.178316116333008,29.90727424621582,29.928672790527344,5384802
2011-03-09,17.606809616088867,30.863052368164062,30.998573303222656,29.935806274414062,29.935806274414062,14058835
2011-03-10,17.48066520690918,30.641939163208008,31.0627670288086,30.43509292602539,30.90584945678711,10769603
2011-03-11,17.562047958374023,30.78459358215332,31.08416557312012,30.5991439819336,30.74179649353028,6630198
2011-03-14,17.452184677124023,30.592010498046875,30.649072647094727,29.10128402709961,29.24393653869629,29851945
2011-03-15,16.82147789001465,29.486448287963867,29.80028533935547,28.87303924560547,29.614835739135746,18137534
2011-03-16,16.255884170532227,28.495006561279297,29.36519241333008,27.860200881958008,29.35092735290528,19422467
2011-03-17,16.349470138549805,28.6590576171875,28.823110580444336,27.910127639770508,28.737518310546875,15372650
2011-03-18,16.288436889648438,28.55206871032715,28.95149803161621,28.31669044494629,28.87303924560547,9750069
2011-03-21,16.438987731933594,28.815977096557617,28.930099487304688,28.60199737548828,28.74464988708496,4990840
2011-03-22,16.71162223815918,29.293865203857425,29.43651962280273,28.815977096557617,28.880170822143555,7704551
2011-03-23,16.646509170532227,29.17974281311035,29.286733627319336,28.98002815246582,29.229671478271484,4478969
2011-03-24,16.68720245361328,29.251070022583008,29.3723258972168,28.937232971191406,29.18687629699707,5046219
2011-03-25,16.516305923461914,28.95149803161621,29.3723258972168,28.930099487304688,29.33666229248047,4675109
2011-03-28,16.353538513183594,28.66619110107422,29.09415054321289,28.64479255676269,28.937232971191406,5062622
2011-03-29,16.58955192565918,29.07988548278809,29.144079208374023,28.623395919799805,28.6590576171875,4371857
2011-03-30,16.870311737060547,29.572040557861328,29.714693069458008,29.18687629699707,29.229671478271484,5591316
2011-03-31,16.780780792236328,29.41512107849121,29.557775497436523,29.279600143432617,29.51497840881348,6279979
2011-04-01,16.74823760986328,29.358060836791992,29.51497840881348,29.30099868774414,29.43651962280273,4895784
2011-04-04,16.707551956176758,29.286733627319336,29.43651962280273,29.2082748413086,29.358060836791992,3326666
2011-04-05,16.581409454345703,29.06562042236328,29.27246856689453,29.037090301513672,29.251070022583008,4827086
2011-04-06,16.658716201782227,29.201141357421875,29.3865909576416,29.05135536193848,29.09415054321289,3988830
2011-04-07,16.544784545898438,29.001426696777344,29.165477752685547,28.88730430603028,29.11554908752441,5402467
2011-04-08,16.45526695251465,28.844507217407227,29.122682571411133,28.71611976623535,29.122682571411133,3553509
2011-04-11,16.22333335876465,28.43794631958008,28.9087028503418,28.40941429138184,28.9087028503418,6654313
2011-04-12,16.18263816833496,28.366619110107425,28.48787307739257,28.1954345703125,28.37375259399414,5478736
2011-04-13,16.235536575317383,28.4593448638916,28.7589168548584,28.4593448638916,28.54493522644043,3838956
2011-04-14,16.357608795166016,28.673324584960938,28.766048431396484,28.28102684020996,28.302425384521484,5859519
2011-04-15,16.540712356567383,28.994293212890625,29.07275390625,28.623395919799805,28.673324584960938,5286662
2011-04-18,16.410503387451172,28.766048431396484,28.98716163635254,28.57346534729004,28.80884552001953,3891812
2011-04-19,16.39423179626465,28.737518310546875,28.815977096557617,28.56633377075196,28.766048431396484,2948686
2011-04-20,16.495960235595703,28.915834426879883,29.17974281311035,28.80884552001953,29.00855827331543,6450181
2011-04-21,16.540712356567383,28.994293212890625,29.058488845825195,28.880170822143555,29.04422378540039,4008178
2011-04-25,16.58955192565918,29.07988548278809,29.2082748413086,28.915834426879883,28.98716163635254,2521637
2011-04-26,16.752300262451172,29.36519241333008,29.59343719482422,29.12981414794922,29.2225399017334,4215534
2011-04-27,16.882522583007812,29.59343719482422,29.700428009033203,29.158344268798828,29.65763282775879,7738619
2011-04-28,17.163284301757812,30.08559226989746,30.19971466064453,29.022825241088867,29.70756149291992,24328345
2011-04-29,17.159208297729492,30.078458786010746,30.206846237182617,29.82881546020508,30.128387451171875,14735861
2011-05-02,17.00458526611328,29.807418823242188,30.24251174926757,29.6718978881836,30.099857330322266,10031170
2011-05-03,17.195833206176758,30.14265251159668,30.44222450256348,29.693294525146484,29.693294525146484,8236750
2011-05-04,16.98423957824707,29.77175521850586,30.164051055908203,29.6718978881836,30.128387451171875,12471912
2011-05-05,16.72789192199707,29.322397232055664,29.77175521850586,29.21540641784668,29.757488250732425,8342180
2011-05-06,16.79300308227539,29.43651962280273,29.757488250732425,29.358060836791992,29.59343719482422,7135900
2011-05-09,16.760440826416016,29.379457473754883,29.586305618286133,29.26533508300781,29.550642013549805,5806523
2011-05-10,17.1185245513916,30.00713348388672,30.30670547485352,29.429386138916016,29.486448287963867,12286147
2011-05-11,17.126659393310547,30.021398544311523,30.106990814208984,29.82881546020508,30.021398544311523,7277221
2011-05-12,17.305896759033203,29.957204818725582,30.02853012084961,29.636234283447266,29.6861629486084,7349985
2011-05-13,17.198766708374023,29.77175521850586,30.22824478149414,29.65763282775879,30.014265060424805,7268389
2011-05-16,17.248212814331055,29.85734748840332,30.55634880065918,29.76462173461914,29.76462173461914,10709878
2011-05-17,17.29765510559082,29.94293975830078,29.97860145568848,29.72895812988281,29.8359489440918,5797410
2011-05-18,17.157562255859375,29.700428009033203,29.99286651611328,29.600570678710938,29.928672790527344,4115150
2011-05-19,17.198766708374023,29.77175521850586,29.90727424621582,29.65763282775879,29.81455039978028,4364286
2011-05-20,17.41303062438965,30.14265251159668,30.213979721069336,29.65049934387207,29.778886795043945,10089914
2011-05-23,17.322378158569336,29.985734939575195,30.256776809692383,29.821683883666992,29.88587760925293,9320496
2011-05-24,17.355344772338867,30.04279518127441,30.206846237182617,29.964336395263672,30.04279518127441,6707168
2011-05-25,17.211130142211914,29.793153762817383,30.0,29.664764404296875,30.0,6829142
2011-05-26,17.178159713745117,29.73609161376953,29.85734748840332,29.586305618286133,29.72895812988281,3909757
2011-05-27,17.182287216186523,29.743223190307617,29.928672790527344,29.65763282775879,29.70756149291992,3062669
2011-05-31,17.244091033935547,29.8502140045166,29.99286651611328,29.76462173461914,29.957204818725582,6924478
2011-06-01,17.190528869628906,29.757488250732425,29.964336395263672,29.721826553344727,29.85734748840332,7810542
2011-06-02,17.161678314208984,29.70756149291992,29.750356674194336,29.50784683227539,29.70756149291992,7775071
2011-06-03,17.08751678466797,29.57917213439941,29.864479064941406,29.42225456237793,29.500713348388672,5891204
2011-06-06,17.112232208251953,29.62196922302246,29.81455039978028,29.35092735290528,29.51497840881348,5921768
2011-06-07,17.075153350830078,29.557775497436523,30.021398544311523,29.557775497436523,29.76462173461914,6303672
2011-06-08,17.169919967651367,29.721826553344727,29.935806274414062,29.550642013549805,29.59343719482422,5549957
2011-06-09,17.153444290161133,29.693294525146484,30.106990814208984,29.600570678710938,29.72895812988281,10220300
2011-06-10,17.248212814331055,29.85734748840332,29.964336395263672,29.600570678710938,29.778886795043945,7875875
2011-06-13,17.223487854003906,29.81455039978028,29.964336395263672,29.700428009033203,29.87874412536621,6919291
2011-06-14,17.310014724731445,29.964336395263672,30.04279518127441,29.65049934387207,29.964336395263672,7613421
2011-06-15,16.930940628051758,29.308130264282227,29.950071334838867,29.24393653869629,29.871612548828125,7478689
2011-06-16,17.112232208251953,29.62196922302246,29.6861629486084,29.322397232055664,29.343795776367188,6377137
2011-06-17,17.198766708374023,29.77175521850586,29.97146987915039,29.693294525146484,29.77175521850586,5536778
2011-06-20,17.29765510559082,29.94293975830078,29.957204818725582,29.550642013549805,29.70756149291992,7870548
2011-06-21,17.244091033935547,29.8502140045166,30.1497859954834,29.757488250732425,30.0,6256846
2011-06-22,17.10811424255371,29.614835739135746,29.88587760925293,29.607702255249023,29.80028533935547,4313954
2011-06-23,17.02570915222168,29.472183227539062,29.486448287963867,29.17974281311035,29.42225456237793,7030890
2011-06-24,17.314136505126953,29.97146987915039,30.099857330322266,29.59343719482422,29.59343719482422,13083324
2011-06-27,17.408916473388672,30.1355209350586,30.22111320495605,30.021398544311523,30.09272575378418,5286662
2011-06-28,17.536643981933594,30.356632232666016,30.45649147033692,30.19971466064453,30.22111320495605,7566314
2011-06-29,17.614933013916016,30.49215316772461,30.54921531677246,30.26390838623047,30.40656280517578,4767361
2011-06-30,17.652013778686523,30.55634880065918,30.592010498046875,30.328102111816406,30.592010498046875,4550471
2011-07-01,17.862159729003906,30.92011451721192,30.95577621459961,30.370899200439453,30.55634880065918,5661276
2011-07-05,17.701461791992188,30.641939163208008,30.884450912475582,30.592010498046875,30.84165573120117,4962940
2011-07-06,17.69322395324707,30.627674102783203,30.7631950378418,30.420827865600582,30.570613861083984,4719553
2011-07-07,18.022857666015625,31.198287963867188,31.2410831451416,30.69900131225586,30.77032852172852,8037386
2011-07-08,17.977535247802734,31.119829177856445,31.14122772216797,30.77032852172852,31.034236907958984,7222403
2011-07-11,17.72618293762207,30.68473625183105,30.92011451721192,30.63480758666992,30.834522247314453,5002336
2011-07-12,17.853919982910156,30.90584945678711,31.16975784301757,30.677602767944336,30.72753143310547,7118655
2011-07-13,17.775630950927734,30.77032852172852,31.105562210083008,30.68473625183105,30.98430824279785,5011729
2011-07-14,17.808591842651367,30.82738876342773,31.0627670288086,30.74179649353028,30.78459358215332,6201747
2011-07-15,17.87040138244629,30.93437957763672,31.027103424072266,30.67047119140625,30.89871597290039,6883960
2011-07-18,17.763267517089844,30.748929977416992,30.95577621459961,30.57774543762207,30.89871597290039,5303906
2011-07-19,17.866275787353516,30.92724609375,31.01283836364746,30.563480377197266,30.713266372680664,4393728
2011-07-20,17.977535247802734,31.119829177856445,31.28388023376465,30.884450912475582,30.99144172668457,5124030
2011-07-21,18.101146697998047,31.33380889892578,31.5263900756836,31.205421447753903,31.2410831451416,9147629
2011-07-22,18.00637435913086,31.16975784301757,31.433666229248047,31.105562210083008,31.42653465270996,6307598
2011-07-25,18.24124336242676,31.57632064819336,31.88302421569824,31.184022903442383,31.19115447998047,9878913
2011-07-26,18.224760055541992,31.54778861999512,31.640514373779297,31.348073959350582,31.63338088989257,9586736
2011-07-27,18.37309837341309,31.8045654296875,32.28958511352539,31.40513610839844,31.81169891357422,12521402
2011-07-28,18.38545799255371,31.82596206665039,31.9543514251709,31.63338088989257,31.82596206665039,7201934
2011-07-29,18.158830642700195,31.433666229248047,31.783166885375977,31.38373756408692,31.61198234558105,7242592
2011-08-01,18.26596641540528,31.619115829467773,31.79743194580078,31.21968650817871,31.72610664367676,8721141
2011-08-02,17.936330795288086,31.04850196838379,31.504993438720703,31.034236907958984,31.44079971313477,10024160
2011-08-03,17.940446853637695,31.055635452270508,31.09843063354492,30.58487892150879,30.970043182373047,10322225
2011-08-04,17.277053833007812,29.90727424621582,31.055635452270508,29.893009185791016,30.82738876342773,16301194
2011-08-05,17.29765510559082,29.94293975830078,30.285306930541992,29.24393653869629,30.12125587463379,18586735
2011-08-08,16.45708656311035,28.48787307739257,29.843080520629883,28.352354049682617,29.500713348388672,16872089
2011-08-09,17.054546356201172,29.522111892700195,29.52924346923828,28.18116950988769,28.766048431396484,27347132
2011-08-10,16.617786407470703,28.766048431396484,29.51497840881348,28.66619110107422,29.10128402709961,14440740
2011-08-11,17.150066375732422,29.30099868774414,29.6861629486084,28.445077896118164,28.687589645385746,12926580
2011-08-12,16.999780654907227,29.04422378540039,29.65049934387207,28.930099487304688,29.486448287963867,8559631
2011-08-15,17.63434600830078,30.128387451171875,30.185449600219727,29.2225399017334,29.279600143432617,9875968
2011-08-16,17.60512351989746,30.078458786010746,30.27817344665528,29.6718978881836,29.778886795043945,8463173
2011-08-17,17.747074127197266,30.32097053527832,30.72753143310547,30.22824478149414,30.23537826538086,7258855
2011-08-18,17.500755310058594,29.90014266967773,30.078458786010746,29.50784683227539,29.82881546020508,10456256
2011-08-19,17.429779052734375,29.778886795043945,30.15691947937012,29.56490707397461,29.87874412536621,7832413
2011-08-22,17.37968635559082,29.693294525146484,30.22824478149414,29.522111892700195,30.15691947937012,7122440
2011-08-23,17.63017463684082,30.12125587463379,30.22824478149414,29.536376953125,29.821683883666992,8463313
2011-08-24,17.972505569458008,30.70613479614257,30.855920791625977,30.014265060424805,30.064193725585938,6971024
2011-08-25,17.659400939941406,30.17118453979492,30.791725158691406,30.05706024169922,30.74179649353028,7665155
2011-08-26,17.53832244873047,29.964336395263672,30.128387451171875,29.457916259765625,30.08559226989746,9090848
2011-08-29,17.93075942993164,30.63480758666992,30.649072647094727,30.19258117675781,30.19971466064453,6996401
2011-08-30,17.884830474853516,30.55634880065918,30.677602767944336,30.32097053527832,30.570613861083984,7642302
2011-08-31,18.00172996520996,30.75606346130371,30.855920791625977,30.5991439819336,30.798858642578125,6364239
2011-09-01,17.98920440673828,30.734664916992188,31.01283836364746,30.570613861083984,30.798858642578125,7016029
2011-09-02,17.788822174072266,30.392297744750977,30.62054252624512,30.271041870117188,30.36376571655273,5501728
2011-09-06,17.688623428344727,30.22111320495605,30.24251174926757,29.664764404296875,29.964336395263672,7064818
2011-09-07,17.855606079101562,30.50641822814941,30.641939163208008,30.185449600219727,30.463623046875,7743246
2011-09-08,17.926584243774414,30.627674102783203,30.93437957763672,30.249643325805664,30.40656280517578,6255444
2011-09-09,17.692794799804688,30.22824478149414,30.54208374023437,29.893009185791016,30.50641822814941,8820122
2011-09-12,17.71784782409668,30.271041870117188,30.285306930541992,29.81455039978028,29.928672790527344,6417655
2011-09-13,17.638526916503906,30.1355209350586,30.34236717224121,29.964336395263672,30.32097053527832,7813206
2011-09-14,17.600954055786133,30.071327209472656,30.36376571655273,29.82881546020508,30.185449600219727,7943592
2011-09-15,17.914058685302734,30.606277465820312,30.720399856567383,30.185449600219727,30.27817344665528,7205719
2011-09-16,18.13114356994629,30.977174758911133,31.205421447753903,30.69900131225586,30.81312370300293,8469482
2011-09-19,18.08104515075684,30.891582489013672,31.00570678710937,30.592010498046875,30.67047119140625,7240769
2011-09-20,18.398332595825195,31.433666229248047,31.85449409484864,30.95577621459961,31.01997184753418,9094914
2011-09-21,18.13532829284668,30.98430824279785,31.86875915527344,30.962909698486328,31.504993438720703,6992335
2011-09-22,17.680259704589844,30.206846237182617,30.63480758666992,29.91440773010254,30.63480758666992,11114355
2011-09-23,17.713666915893555,30.26390838623047,30.592010498046875,29.90727424621582,29.985734939575195,8207028
2011-09-26,17.755413055419922,30.335235595703125,30.606277465820312,30.071327209472656,30.499286651611328,17247965
2011-09-27,17.914058685302734,30.606277465820312,30.90584945678711,30.49215316772461,30.884450912475582,7623515
2011-09-28,17.851436614990234,30.499286651611328,30.834522247314453,30.485021591186523,30.63480758666992,7982567
2011-09-29,18.076875686645508,30.884450912475582,30.962909698486328,30.55634880065918,30.77032852172852,8257079
2011-09-30,17.788822174072266,30.392297744750977,30.93437957763672,30.392297744750977,30.798858642578125,9058462
2011-10-03,17.20016098022461,29.3865909576416,30.527816772460938,29.36519241333008,30.32097053527832,10573463
2011-10-04,17.09580421447754,29.2082748413086,29.33666229248047,28.637659072875977,29.30099868774414,13879800
2011-10-05,17.00395393371582,29.05135536193848,29.33666229248047,28.48074150085449,29.26533508300781,15482286
2011-10-06,17.21686363220215,29.41512107849121,29.52924346923828,28.97289657592773,29.07988548278809,10909943
2011-10-07,17.504926681518555,29.90727424621582,30.064193725585938,29.54350852966309,29.600570678710938,11047059
2011-10-10,17.788822174072266,30.392297744750977,30.392297744750977,30.078458786010746,30.213979721069336,6589120
2011-10-11,17.575897216796875,30.02853012084961,30.34236717224121,29.864479064941406,30.328102111816406,7254369
2011-10-12,17.805509567260742,30.420827865600582,30.5991439819336,29.97146987915039,30.014265060424805,8118702
2011-10-13,17.851436614990234,30.499286651611328,30.534950256347656,30.08559226989746,30.356632232666016,5415786
2011-10-14,18.04764938354492,30.834522247314453,30.891582489013672,30.54208374023437,30.677602767944336,6171043
2011-10-17,17.838911056518555,30.477888107299805,30.877317428588867,30.420827865600582,30.563480377197266,5042153
2011-10-18,17.818038940429688,30.44222450256348,30.5991439819336,30.106990814208984,30.477888107299805,7835778
2011-10-19,17.759593963623047,30.34236717224121,30.84165573120117,30.256776809692383,30.47075653076172,4803112
2011-10-20,17.83473014831543,30.47075653076172,30.627674102783203,30.249643325805664,30.40656280517578,5085194
2011-10-21,18.08104515075684,30.891582489013672,30.92011451721192,30.677602767944336,30.69900131225586,6226282
2011-10-24,17.918230056762695,30.6134090423584,30.863052368164062,30.499286651611328,30.791725158691406,6427469
2011-10-25,17.663572311401367,30.178316116333008,30.66333770751953,30.17118453979492,30.47075653076172,9805588
2011-10-26,17.83055877685547,30.463623046875,30.5991439819336,29.957204818725582,30.50641822814941,9182119
2011-10-27,18.460952758789062,31.5406551361084,31.704708099365234,30.82025718688965,30.92011451721192,11948545
2011-10-28,18.607078552246094,31.79030036926269,31.86162567138672,31.184022903442383,31.45506477355957,11175342
2011-10-31,18.53193473815918,31.66191291809082,31.968616485595703,31.56918716430664,31.61198234558105,8185437
2011-11-01,18.202119827270508,31.09843063354492,31.56918716430664,31.027103424072266,31.33380889892578,10345218
2011-11-02,18.465131759643555,31.54778861999512,31.783166885375977,31.40513610839844,31.45506477355957,6487475
2011-11-03,18.61542701721192,31.8045654296875,31.9543514251709,31.56918716430664,31.74037170410156,20748198
2011-11-04,18.377460479736328,31.39800262451172,31.63338088989257,31.04850196838379,31.583452224731445,16015326
2011-11-07,18.71561813354492,31.97574806213379,31.9900131225586,31.362340927124023,31.583452224731445,20750161
2011-11-08,18.92853355407715,32.33951568603516,32.346649169921875,31.88302421569824,31.97574806213379,10386437
2011-11-09,18.778240203857425,32.082740783691406,32.417972564697266,31.86875915527344,31.97574806213379,11248526
2011-11-10,18.75923728942871,31.676176071166992,32.06134033203125,31.55492210388184,31.897289276123047,8295774
2011-11-11,19.03380012512207,32.139801025390625,32.25392150878906,31.90442276000977,31.9543514251709,4645807
2011-11-14,18.860610961914062,31.84736061096192,32.111270904541016,31.676176071166992,32.02567672729492,5581783
2011-11-15,18.742338180541992,31.647645950317383,31.91155433654785,31.57632064819336,31.77603340148925,6973408
2011-11-16,18.455102920532227,31.16262435913086,31.55492210388184,31.13409423828125,31.48359489440918,6705766
2011-11-17,18.332595825195312,30.95577621459961,31.355207443237305,30.713266372680664,31.176889419555664,7857369
2011-11-18,18.45087242126465,31.155492782592773,31.362340927124023,31.055635452270508,31.119829177856445,5411019
2011-11-21,18.265016555786133,30.84165573120117,30.998573303222656,30.641939163208008,30.78459358215332,5380315
2011-11-22,17.973543167114258,30.34950065612793,30.92011451721192,30.328102111816406,30.863052368164062,6965416
2011-11-23,17.69475746154785,29.87874412536621,30.22111320495605,29.77175521850586,30.12125587463379,5214879
2011-11-25,17.711654663085938,29.90727424621582,30.128387451171875,29.81455039978028,29.87874412536621,2199317
2011-11-28,18.032686233520508,30.449357986450195,30.6134090423584,30.285306930541992,30.427959442138672,5907047
2011-11-29,18.13828659057617,30.627674102783203,30.75606346130371,30.485021591186523,30.563480377197266,5376109
2011-11-30,18.716991424560547,31.60485076904297,31.62624740600586,30.92724609375,31.269615173339844,9086222
2011-12-01,18.607166290283203,31.41940116882324,31.704708099365234,31.348073959350582,31.4907283782959,5790400
2011-12-02,18.30303382873535,30.90584945678711,31.533523559570312,30.863052368164062,31.48359489440918,7931254
2011-12-05,18.47199440002441,31.19115447998047,31.38373756408692,30.998573303222656,31.0770320892334,5582343
2011-12-06,18.46776580810547,31.184022903442383,31.38373756408692,31.01997184753418,31.326675415039062,7731189
2011-12-07,18.43397521972656,31.12696075439453,31.27674865722656,30.90584945678711,30.99144172668457,5479437
2011-12-08,18.172080993652344,30.68473625183105,31.09843063354492,30.5991439819336,31.034236907958984,5953032
2011-12-09,18.40863609313965,31.08416557312012,31.12696075439453,30.748929977416992,31.027103424072266,6728198
2011-12-12,18.188980102539062,30.713266372680664,31.055635452270508,30.49215316772461,31.01283836364746,6589961
2011-12-13,18.294578552246094,30.891582489013672,31.23395156860352,30.75606346130371,30.81312370300293,6670576
2011-12-14,18.13828659057617,30.627674102783203,31.01283836364746,30.6134090423584,30.912981033325195,5183194
2011-12-15,18.26923370361328,30.84878730773925,31.01283836364746,30.5991439819336,30.734664916992188,13919617
2011-12-16,18.09604454040528,30.55634880065918,31.0627670288086,30.45649147033692,30.92724609375,10424431
2011-12-19,17.762346267700195,29.99286651611328,30.65620422363281,29.935806274414062,30.5991439819336,8101317
2011-12-20,17.880624771118164,30.19258117675781,30.392297744750977,29.97860145568848,30.32097053527832,8282175
2011-12-21,18.32415199279785,30.941511154174805,30.98430824279785,29.871612548828125,30.19971466064453,21789183
2011-12-22,18.31148147583008,30.92011451721192,31.14835929870605,30.70613479614257,31.027103424072266,6964435
2011-12-23,18.383283615112305,31.04136848449707,31.205421447753903,30.92724609375,31.01997184753418,3423123
2011-12-27,18.45087242126465,31.155492782592773,31.23395156860352,30.962909698486328,30.99144172668457,2824049
2011-12-28,18.37061882019043,31.01997184753418,31.269615173339844,30.99144172668457,31.16975784301757,2892606
2011-12-29,18.46354866027832,31.176889419555664,31.262481689453125,31.027103424072266,31.0627670288086,3484110
2011-12-30,18.319929122924805,30.93437957763672,31.319543838500977,30.93437957763672,31.319543838500977,3093653
2012-01-03,17.77079200744629,30.00713348388672,31.16975784301757,29.6718978881836,30.82738876342773,15037852
2012-01-04,17.48355484008789,29.522111892700195,29.935806274414062,29.486448287963867,29.871612548828125,9953779
2012-01-05,17.424413681030273,29.42225456237793,29.607702255249023,29.158344268798828,29.45078468322754,10997428
2012-01-06,17.356834411621094,29.308130264282227,29.51497840881348,29.172611236572266,29.51497840881348,7476586
2012-01-09,17.487783432006836,29.52924346923828,29.629100799560547,29.24393653869629,29.322397232055664,14797549
2012-01-10,17.369504928588867,29.32952880859375,29.778886795043945,29.308130264282227,29.700428009033203,9133189
2012-01-11,17.10761260986328,28.88730430603028,29.36519241333008,28.823110580444336,29.293865203857425,14739506
2012-01-12,16.972434997558594,28.6590576171875,29.06562042236328,28.54493522644043,28.994293212890625,11719178
2012-01-13,16.78657341003418,28.3452205657959,28.56633377075196,28.26676177978516,28.54493522644043,13063415
2012-01-17,16.706323623657227,28.209699630737305,28.815977096557617,28.13837432861328,28.737518310546875,10965042
2012-01-18,16.718984603881836,28.231098175048828,28.366619110107425,28.0456485748291,28.24536323547364,12150573
2012-01-19,16.685199737548828,28.17403793334961,28.43081283569336,28.067047119140625,28.3452205657959,9959247
2012-01-20,16.626062393188477,28.074180603027344,28.28102684020996,28.009986877441406,28.10271072387696,10776753
2012-01-23,16.8245906829834,28.40941429138184,28.502140045166016,28.145505905151367,28.145505905151367,12622767
2012-01-24,16.566925048828125,27.974321365356445,28.3452205657959,27.917261123657227,28.27389335632324,10681417
2012-01-25,16.9006290435791,28.537803649902344,28.56633377075196,27.510698318481445,27.974321365356445,19693754
2012-01-26,16.892187118530273,28.52353858947754,28.78031349182129,28.31669044494629,28.56633377075196,13097063
2012-01-27,16.706323623657227,28.209699630737305,28.40228271484375,27.96005630493164,28.40228271484375,12354704
2012-01-30,16.778127670288086,28.330955505371094,28.33808708190918,27.924394607543945,28.095577239990234,31340729
2012-01-31,16.8034725189209,28.37375259399414,28.4593448638916,28.18116950988769,28.40941429138184,7551172
2012-02-01,16.78657341003418,28.3452205657959,28.55206871032715,28.17403793334961,28.466476440429688,9543274
2012-02-02,16.74433135986328,28.27389335632324,28.4593448638916,28.10984230041504,28.452211380004883,7864379
2012-02-03,16.778127670288086,28.330955505371094,28.445077896118164,28.18830108642578,28.40228271484375,6819608
2012-02-06,16.837263107299805,28.43081283569336,28.43081283569336,28.223966598510746,28.352354049682617,8504392
2012-02-07,16.90907859802246,28.55206871032715,28.637659072875977,28.231098175048828,28.388017654418945,8664220
2012-02-08,16.985111236572266,28.680456161499023,28.701854705810547,28.388017654418945,28.61626243591309,7484437
2012-02-09,16.917526245117188,28.56633377075196,28.75178337097168,28.48074150085449,28.63052749633789,43049251
2012-02-10,16.828813552856445,28.416547775268555,28.54493522644043,28.330955505371094,28.452211380004883,10589867
2012-02-13,16.792438507080078,27.981454849243164,28.309558868408203,27.93152618408203,28.223966598510746,8280492
2012-02-14,16.706825256347656,27.838802337646484,27.974321365356445,27.68901634216309,27.888729095458984,12997942
2012-02-15,16.73250961303711,27.8815975189209,27.974321365356445,27.81740379333496,27.93865966796875,8010047
2012-02-16,16.90800666809082,28.17403793334961,28.302425384521484,27.93152618408203,27.94579124450684,8593279
2012-02-17,16.809558868408203,28.009986877441406,28.330955505371094,27.99571990966797,28.29529190063477,10817411
2012-02-21,16.659740447998047,27.76034164428711,28.17403793334961,27.746076583862305,28.08131217956543,9055238
2012-02-22,16.771034240722656,27.94579124450684,28.0456485748291,27.69614791870117,27.78887367248535,9086222
2012-02-23,16.702545166015625,27.83166885375977,27.94579124450684,27.746076583862305,27.93865966796875,7148518
2012-02-24,16.809558868408203,28.009986877441406,28.13837432861328,27.824535369873047,27.838802337646484,12700297
2012-02-27,16.75818634033203,27.924394607543945,28.009986877441406,27.838802337646484,27.952924728393555,5315543
2012-02-28,16.698261260986328,27.824535369873047,28.009986877441406,27.71041488647461,27.924394607543945,6082297
2012-02-29,16.72394561767578,27.867332458496094,28.01711845397949,27.78887367248535,27.838802337646484,8640526
2012-03-01,16.68113899230957,27.79600524902344,27.93152618408203,27.67474937438965,27.81740379333496,6933030
2012-03-02,16.64261817932129,27.7318115234375,27.838802337646484,27.67474937438965,27.78174018859864,6092812
2012-03-05,16.685422897338867,27.80313873291016,27.84593391418457,27.546361923217773,27.66761779785156,6419898
2012-03-06,16.574129104614258,27.61768913269043,27.774608612060547,27.53209686279297,27.70328140258789,7960135
2012-03-07,16.475679397583008,27.453638076782227,27.65335273742676,27.425106048583984,27.65335273742676,9764089
2012-03-08,16.46283721923828,27.432239532470703,27.55349540710449,27.4179744720459,27.510698318481445,6317552
2012-03-09,16.655458450317383,27.753210067749023,27.753210067749023,27.32525062561035,27.56062889099121,9211420
2012-03-12,17.04070472717285,28.39514923095703,28.495006561279297,27.738943099975582,27.738943099975582,30459011
2012-03-13,17.01320457458496,28.24536323547364,28.452211380004883,28.231098175048828,28.388017654418945,14515747
2012-03-14,16.79839324951172,27.888729095458984,28.37375259399414,27.85306739807129,28.323823928833008,9689502
2012-03-15,16.73394775390625,27.78174018859864,28.002853393554688,27.68901634216309,27.910127639770508,8807364
2012-03-16,16.695280075073242,27.71754646301269,27.81740379333496,27.63908767700196,27.79600524902344,11423356
2012-03-19,16.742542266845703,27.79600524902344,27.96718978881836,27.66761779785156,27.66761779785156,7709878
2012-03-20,16.682397842407227,27.69614791870117,27.838802337646484,27.67474937438965,27.738943099975582,7020235
2012-03-21,16.574989318847656,27.517831802368164,27.72467994689941,27.517831802368164,27.68901634216309,6402934
2012-03-22,16.751134872436523,27.81027030944824,27.867332458496094,27.46790313720703,27.49643325805664,8523459
2012-03-23,16.686691284179688,27.70328140258789,27.910127639770508,27.68901634216309,27.81740379333496,6020889
2012-03-26,16.74683952331543,27.80313873291016,27.860200881958008,27.63908767700196,27.78887367248535,6979296
2012-03-27,16.794099807739258,27.8815975189209,27.99571990966797,27.78174018859864,27.79600524902344,8111131
2012-03-28,16.690990447998047,27.71041488647461,27.910127639770508,27.64621925354004,27.83166885375977,7318861
2012-03-29,16.806982040405273,27.902996063232425,27.924394607543945,27.603424072265625,27.631954193115234,8151368
2012-03-30,16.84565544128418,27.96718978881836,27.981454849243164,27.84593391418457,27.96718978881836,7174034
2012-04-02,16.84565544128418,27.96718978881836,28.067047119140625,27.84593391418457,28.038515090942383,7232638
2012-04-03,16.725357055664062,27.767475128173828,27.93865966796875,27.61055564880371,27.910127639770508,8577015
2012-04-04,16.708173751831055,27.738943099975582,27.76034164428711,27.53209686279297,27.61055564880371,7138563
2012-04-05,16.484766006469727,27.36804580688477,27.65335273742676,27.33238220214844,27.61768913269043,9161509
2012-04-09,16.424617767333984,27.2681884765625,27.36804580688477,27.21112632751465,27.225391387939453,8484483
2012-04-10,16.330097198486328,27.111270904541016,27.29671859741211,27.082738876342773,27.23965835571289,11295914
2012-04-11,16.403141021728516,27.23252487182617,27.303852081298828,27.104137420654297,27.23252487182617,6718244
2012-04-12,16.278547286987305,27.025678634643555,27.31098365783692,26.93295288085937,27.31098365783692,8563977
2012-04-13,16.1066951751709,26.74037170410156,27.29671859741211,26.733238220214844,27.025678634643555,7791194
2012-04-16,16.244176864624023,26.968616485595703,27.104137420654297,26.74750328063965,26.81169891357422,6019627
2012-04-17,16.355878829956055,27.15406608581543,27.18972969055176,26.86162567138672,27.111270904541016,4832414
2012-04-18,16.175437927246094,26.85449409484864,27.1184024810791,26.818830490112305,27.1184024810791,5778203
2012-04-19,16.15825080871582,26.82596206665039,27.104137420654297,26.733238220214844,26.840227127075195,7042246
2012-04-20,16.21839714050293,26.925819396972656,27.01854515075684,26.77603340148925,26.81169891357422,6818487
2012-04-23,16.192623138427734,26.88302421569824,26.940086364746094,26.818830490112305,26.83309555053711,5929619
2012-04-24,16.300029754638672,27.06134033203125,27.139799118041992,26.89015769958496,26.89015769958496,7703990
2012-04-25,16.394542694091797,27.218259811401367,27.218259811401367,26.97574806213379,27.1184024810791,8524861
2012-04-26,16.579288482666016,27.52496337890625,27.62482261657715,27.125534057617188,27.225391387939453,6225301
2012-04-27,16.721065521240234,27.76034164428711,27.774608612060547,27.55349540710449,27.603424072265625,26661413
2012-04-30,16.75972557067871,27.824535369873047,27.84593391418457,27.603424072265625,27.66761779785156,28685060
2012-05-01,16.884323120117188,28.031383514404297,28.067047119140625,27.72467994689941,27.81740379333496,7428918
2012-05-02,16.87572479248047,28.01711845397949,28.08131217956543,27.8815975189209,27.96005630493164,9012056
2012-05-03,16.678098678588867,27.68901634216309,28.074180603027344,27.61768913269043,27.952924728393555,8035283
2012-05-04,16.55350685119629,27.48216819763184,27.974321365356445,27.446504592895508,27.746076583862305,7510234
2012-05-07,16.407434463500977,27.23965835571289,27.47503662109375,27.132667541503903,27.4179744720459,6549583
2012-05-08,16.394542694091797,27.218259811401367,27.275320053100582,26.925819396972656,27.16119766235352,13398774
2012-05-09,16.463285446166992,27.33238220214844,27.5820255279541,27.03281021118164,27.111270904541016,10345358
2012-05-10,16.72964859008789,27.774608612060547,27.974321365356445,27.4179744720459,27.47503662109375,11492615
2012-05-11,16.876728057861328,27.746076583862305,27.85306739807129,27.50356674194336,27.567760467529297,8746798
2012-05-14,16.842023849487305,27.68901634216309,27.84593391418457,27.603424072265625,27.603424072265625,9493222
2012-05-15,16.698848724365234,27.453638076782227,27.738943099975582,27.403709411621094,27.631954193115234,10186231
2012-05-16,16.651132583618164,27.37517738342285,27.7318115234375,27.32525062561035,27.55349540710449,7462005
2012-05-17,16.590391159057617,27.275320053100582,27.517831802368164,27.2681884765625,27.360912322998047,5483923
2012-05-18,16.438539505004883,27.025678634643555,27.52496337890625,26.968616485595703,27.275320053100582,11321991
2012-05-21,16.104480743408203,26.47646141052246,26.9900131225586,26.38373756408692,26.9900131225586,14681884
2012-05-22,16.08277702331543,26.44079971313477,26.56918716430664,26.2268180847168,26.462196350097656,8788577
2012-05-23,15.969985008239746,26.25535011291504,26.55492210388184,26.12696075439453,26.433666229248047,7608374
2012-05-24,15.991682052612305,26.291013717651367,26.38373756408692,26.0770320892334,26.262481689453125,7723057
2012-05-25,16.009033203125,26.319543838500977,26.497859954833984,26.23395156860352,26.23395156860352,4876156
2012-05-29,16.035064697265625,26.362340927124023,26.46932983398437,26.04850196838379,26.42653465270996,8550658
2012-05-30,15.93527889251709,26.198287963867188,26.462196350097656,26.034236907958984,26.262481689453125,8943919
2012-05-31,16.04373550415039,26.376604080200195,26.497859954833984,26.08416557312012,26.2410831451416,9751611
2012-06-01,15.922261238098145,26.176889419555664,26.28388023376465,25.92011451721192,26.069900512695312,9456630
2012-06-04,16.169551849365234,26.583452224731445,26.583452224731445,26.034236907958984,26.09843063354492,9557714
2012-06-05,16.169551849365234,26.583452224731445,26.733238220214844,26.42653465270996,26.48359489440918,6815823
2012-06-06,16.24764633178711,26.71183967590332,26.74037170410156,26.42653465270996,26.72610664367676,5895831
2012-06-07,16.894079208374023,27.774608612060547,27.81027030944824,27.047075271606445,27.125534057617188,21161227
2012-06-08,16.23029136657715,26.68330955505371,27.681882858276367,26.533523559570312,27.631954193115234,20943917
2012-06-11,16.286693572998047,26.77603340148925,27.07560539245605,26.66191291809082,27.054208755493164,10085427
2012-06-12,16.356109619140625,26.89015769958496,26.89015769958496,26.640514373779297,26.72610664367676,7872510
2012-06-13,16.212942123413086,26.6547794342041,26.925819396972656,26.56918716430664,26.85449409484864,7597158
2012-06-14,16.39515495300293,26.9543514251709,26.97574806213379,26.60485076904297,26.6547794342041,8977427
2012-06-15,16.238969802856445,26.69757461547852,27.054208755493164,26.6547794342041,26.94721794128418,8606037
2012-06-18,16.225955963134766,26.676176071166992,26.74750328063965,26.54778861999512,26.619115829467773,5790260
2012-06-19,16.32140350341797,26.83309555053711,26.9543514251709,26.60485076904297,26.79030036926269,6760865
2012-06-20,16.104480743408203,26.47646141052246,26.86875915527344,26.40513610839844,26.84736061096192,7932376
2012-06-21,15.974320411682127,26.262481689453125,26.669044494628903,26.212553024291992,26.54778861999512,9692727
2012-06-22,16.009033203125,26.319543838500977,26.44079971313477,26.155492782592773,26.31241035461425,9453546
2012-06-25,15.870196342468262,26.091297149658203,26.319543838500977,26.034236907958984,26.19115447998047,7282969
2012-06-26,15.870196342468262,26.091297149658203,26.12696075439453,25.87018585205078,26.08416557312012,8120945
2012-06-27,16.19124412536621,26.619115829467773,26.6547794342041,26.12696075439453,26.184022903442383,5855874
2012-06-28,16.225955963134766,26.676176071166992,26.69757461547852,26.390869140625,26.48359489440918,4232778
2012-06-29,16.32140350341797,26.83309555053711,26.9900131225586,26.6547794342041,26.94721794128418,7335124
2012-07-02,16.351774215698242,26.88302421569824,26.9900131225586,26.74750328063965,26.840227127075195,6661603
2012-07-03,16.23029136657715,26.68330955505371,26.961484909057617,26.63338088989257,26.85449409484864,5590755
2012-07-05,16.195581436157227,26.62624740600586,26.783166885375977,26.512126922607425,26.68330955505371,4388400
2012-07-06,16.20426368713379,26.640514373779297,26.647645950317383,26.412267684936523,26.512126922607425,5497803
2012-07-09,16.130512237548828,26.519258499145508,26.66191291809082,26.41940116882324,26.59771728515625,4834236
2012-07-10,16.117488861083984,26.497859954833984,26.72610664367676,26.45506477355957,26.583452224731445,6190251
2012-07-11,16.308385848999023,26.81169891357422,26.85449409484864,26.504993438720703,26.512126922607425,4589167
2012-07-12,16.291030883789062,26.783166885375977,26.82596206665039,26.66191291809082,26.72610664367676,5060659
2012-07-13,16.711868286132812,27.47503662109375,27.53209686279297,26.761768341064453,26.77603340148925,9752032
2012-07-16,16.69017219543457,27.43937110900879,27.589157104492188,27.32525062561035,27.460769653320312,5117440
2012-07-17,16.79429817199707,27.61055564880371,27.63908767700196,27.26105690002441,27.460769653320312,5648237
2012-07-18,16.846359252929688,27.69614791870117,27.738943099975582,27.403709411621094,27.517831802368164,4994064
2012-07-19,16.954824447631836,27.87446594238281,27.917261123657227,27.48216819763184,27.67474937438965,7497195
2012-07-20,17.024234771728516,27.988588333129883,28.01711845397949,27.71754646301269,27.824535369873047,9757499
2012-07-23,17.024234771728516,27.988588333129883,28.038515090942383,27.81740379333496,27.888729095458984,7723197
2012-07-24,16.863710403442383,27.72467994689941,28.02425193786621,27.603424072265625,27.974321365356445,8515468
2012-07-25,16.703189849853516,27.460769653320312,27.974321365356445,27.432239532470703,27.83166885375977,6959388
2012-07-26,16.911439895629883,27.80313873291016,27.8815975189209,27.63908767700196,27.63908767700196,4610337
2012-07-27,17.080636978149414,28.08131217956543,28.13124084472656,27.80313873291016,27.902996063232425,7120758
2012-07-30,17.132701873779297,28.16690444946289,28.302425384521484,27.910127639770508,28.08131217956543,5607439
2012-07-31,16.9721736907959,27.902996063232425,28.40228271484375,27.902996063232425,28.40228271484375,7160435
2012-08-01,16.594722747802734,27.282453536987305,28.352354049682617,26.93295288085937,28.13124084472656,25398211
2012-08-02,16.468914031982422,27.07560539245605,27.303852081298828,26.81169891357422,27.196861267089844,17419009
2012-08-03,16.69017219543457,27.43937110900879,27.49643325805664,27.139799118041992,27.425106048583984,22790491
2012-08-06,16.51228904724121,27.14693260192871,27.546361923217773,27.139799118041992,27.453638076782227,7237545
2012-08-07,16.490596771240234,27.111270904541016,27.37517738342285,27.082738876342773,27.34664726257324,8312037
2012-08-08,16.57303810119629,27.246789932250977,27.31098365783692,26.90442276000977,27.125534057617188,7943872
2012-08-09,16.737895965576172,27.517831802368164,27.603424072265625,27.17546463012696,27.29671859741211,9539629
2012-08-10,16.885408401489258,27.76034164428711,27.774608612060547,27.39657592773437,27.49643325805664,6916206
2012-08-13,16.843626022338867,27.31811714172364,27.48216819763184,27.26105690002441,27.432239532470703,6629497
2012-08-14,16.729280471801758,27.132667541503903,27.453638076782227,27.054208755493164,27.32525062561035,8089119
2012-08-15,16.61493682861328,26.94721794128418,27.125534057617188,26.897289276123047,27.082738876342773,5186419
2012-08-16,16.48300552368164,26.733238220214844,26.997146606445312,26.72610664367676,26.91155433654785,6093092
2012-08-17,16.487398147583008,26.74037170410156,26.74750328063965,26.62624740600586,26.640514373779297,5329983
2012-08-20,16.57096290588379,26.87589263916016,26.88302421569824,26.6547794342041,26.74750328063965,6560519
2012-08-21,16.474206924438477,26.71897315979004,26.9543514251709,26.71897315979004,26.87589263916016,6201046
2012-08-22,16.302688598632812,26.44079971313477,26.783166885375977,26.44079971313477,26.68330955505371,5693382
2012-08-23,16.210344314575195,26.291013717651367,26.5263900756836,26.2268180847168,26.45506477355957,5377932
2012-08-24,16.19715118408203,26.269615173339844,26.291013717651367,26.14122772216797,26.25535011291504,5181792
2012-08-27,16.293899536132812,26.42653465270996,26.60485076904297,26.23395156860352,26.269615173339844,6750350
2012-08-28,16.20594596862793,26.28388023376465,26.5406551361084,26.24821662902832,26.44793128967285,5636180
2012-08-29,16.074007034301758,26.069900512695312,26.36947250366211,26.055635452270508,26.319543838500977,6439386
2012-08-30,16.091596603393555,26.09843063354492,26.155492782592773,26.01997184753418,26.027103424072266,6228105
2012-08-31,16.03882598876953,26.01283836364746,26.2410831451416,25.962909698486328,26.2410831451416,7203336
2012-09-04,15.880508422851562,25.75606346130371,26.091297149658203,25.720399856567383,26.091297149658203,7357416
2012-09-05,15.74417209625244,25.534950256347656,25.90584945678711,25.50641822814941,25.884450912475582,9003364
2012-09-06,15.920083999633787,25.82025718688965,25.948644638061523,25.62054252624512,25.641939163208008,5751565
2012-09-07,15.89809226989746,25.78459358215332,25.855920791625977,25.66333770751953,25.82738876342773,5328581
2012-09-10,15.700196266174316,25.463623046875,25.74179649353028,25.356632232666016,25.734664916992188,9434759
2012-09-11,15.607847213745115,25.3138370513916,25.563480377197266,25.22111320495605,25.527816772460938,7067762
2012-09-12,15.335172653198242,24.871612548828125,25.19971466064453,24.636234283447266,25.1497859954834,19066920
2012-09-13,15.643024444580078,25.370899200439453,25.392297744750977,24.8359489440918,24.8359489440918,10680716
2012-09-14,15.805743217468262,25.63480758666992,25.67047119140625,25.328102111816406,25.463623046875,13236843
2012-09-17,15.612242698669434,25.32097053527832,25.691869735717773,25.24251174926757,25.691869735717773,17109167
2012-09-18,15.599042892456056,25.2995719909668,25.370899200439453,25.15691947937012,25.23537826538086,5864145
2012-09-19,15.612242698669434,25.32097053527832,25.449357986450195,25.19258117675781,25.37803077697754,5547293
2012-09-20,15.590250968933104,25.285306930541992,25.3138370513916,25.099857330322266,25.27817344665528,5209131
2012-09-21,15.559466361999512,25.23537826538086,25.34950065612793,25.14265251159668,25.328102111816406,11577716
2012-09-24,15.774965286254885,25.58487892150879,25.62054252624512,25.29243850708008,25.335235595703125,8069912
2012-09-25,15.660616874694824,25.399429321289062,25.5991439819336,25.399429321289062,25.57774543762207,8140713
2012-09-26,15.65621852874756,25.392297744750977,25.5991439819336,25.38516426086425,25.427959442138672,6539629
2012-09-27,15.678202629089355,25.427959442138672,25.57774543762207,25.34236717224121,25.413694381713867,5320310
2012-09-28,15.647418022155762,25.37803077697754,25.45649147033692,25.249643325805664,25.36376571655273,6483549
2012-10-01,15.56825351715088,25.249643325805664,25.527816772460938,25.213979721069336,25.43509292602539,6487475
2012-10-02,15.6254301071167,25.34236717224121,25.399429321289062,25.106990814208984,25.285306930541992,6291755
2012-10-03,15.678202629089355,25.427959442138672,25.47075653076172,25.29243850708008,25.328102111816406,5940554
2012-10-04,15.8585205078125,25.720399856567383,25.74179649353028,25.427959442138672,25.50641822814941,7015187
2012-10-05,15.792545318603516,25.6134090423584,25.791725158691406,25.570613861083984,25.75606346130371,5440741
2012-10-08,15.810142517089844,25.641939163208008,25.70613479614257,25.477888107299805,25.627674102783203,4273436
2012-10-09,15.89370059967041,25.7774600982666,25.855920791625977,25.570613861083984,25.62054252624512,7184549
2012-10-10,15.964059829711914,25.891582489013672,25.93437957763672,25.7631950378418,25.82025718688965,6495746
2012-10-11,16.047618865966797,26.027103424072266,26.31241035461425,25.748929977416992,25.948644638061523,7990138
2012-10-12,15.880508422851562,25.75606346130371,26.12696075439453,25.677602767944336,26.105562210083008,5969015
2012-10-15,16.078405380249023,26.0770320892334,26.0770320892334,25.691869735717773,25.75606346130371,6467987
2012-10-16,16.047618865966797,26.027103424072266,26.2410831451416,25.891582489013672,26.14835929870605,5284699
2012-10-17,16.320281982421875,26.46932983398437,26.497859954833984,26.08416557312012,26.105562210083008,5787877
2012-10-18,16.48300552368164,26.733238220214844,26.74037170410156,26.44079971313477,26.519258499145508,5065005
2012-10-19,16.27631378173828,26.39800262451172,26.74750328063965,26.30527877807617,26.74037170410156,7345779
2012-10-22,16.2015438079834,26.27674865722656,26.39800262451172,26.119829177856445,26.30527877807617,6246751
2012-10-23,15.946470260620115,25.863052368164062,26.105562210083008,25.82025718688965,26.055635452270508,6651088
2012-10-24,15.774965286254885,25.58487892150879,25.89871597290039,25.55634880065918,25.89871597290039,7525936
2012-10-25,15.673802375793455,25.420827865600582,25.677602767944336,25.26390838623047,25.67047119140625,10953686
2012-10-26,15.607847213745115,25.3138370513916,25.485021591186523,25.249643325805664,25.427959442138672,9402373
2012-10-31,15.735381126403809,25.52068519592285,25.54921531677246,25.256776809692383,25.328102111816406,10620430
2012-11-01,14.76784896850586,23.95149803161621,26.27674865722656,23.70898628234864,25.677602767944336,43282684
2012-11-02,14.411639213562012,23.37375259399414,23.915834426879883,22.974321365356445,23.80884552001953,35249084
2012-11-05,14.077399253845217,22.83166885375977,23.29529190063477,22.64621925354004,23.10271072387696,15039675
2012-11-06,14.051015853881836,22.78887367248535,22.94579124450684,22.539230346679688,22.81740379333496,12422701
2012-11-07,13.8267240524292,22.425106048583984,22.71754646301269,22.047075271606445,22.71041488647461,15552386
2012-11-08,13.936667442321776,22.603424072265625,22.80313873291016,22.46790313720703,22.55349540710449,36636083
2012-11-09,13.68159294128418,22.18972969055176,22.52496337890625,22.15406608581543,22.460769653320312,30819185
2012-11-12,13.532075881958008,21.94721794128418,22.32525062561035,21.79030036926269,22.225391387939453,9541872
2012-11-13,13.395614624023438,21.355207443237305,21.676176071166992,21.269615173339844,21.40513610839844,13327132
2012-11-14,13.140584945678713,20.948644638061523,21.462196350097656,20.90584945678711,21.39800262451172,15223617
2012-11-15,13.140584945678713,20.948644638061523,21.14835929870605,20.78459358215332,20.92011451721192,13530982
2012-11-16,13.08689022064209,20.863052368164062,20.970043182373047,20.691869735717773,20.941511154174805,14049162
2012-11-19,13.060049057006836,20.82025718688965,20.99144172668457,20.649072647094727,20.977174758911133,11103279
2012-11-20,12.966089248657228,20.67047119140625,20.84878730773925,20.50641822814941,20.798858642578125,9220814
2012-11-21,12.907929420471191,20.57774543762207,20.791725158691406,20.399429321289062,20.65620422363281,9111738
2012-11-23,12.782651901245115,20.37803077697754,20.66333770751953,20.256776809692383,20.606277465820312,5525562
2012-11-26,13.118213653564451,20.912981033325195,21.16262435913086,20.54208374023437,20.55634880065918,16794979
2012-11-27,13.315074920654297,21.2268180847168,21.44079971313477,20.99144172668457,21.069900512695312,23107624
2012-11-28,13.35534381866455,21.291013717651367,21.31241035461425,20.93437957763672,21.13409423828125,12962471
2012-11-29,13.404560089111328,21.36947250366211,21.462196350097656,21.21968650817871,21.291013717651367,10472940
2012-11-30,13.520889282226562,21.55492210388184,21.56205368041992,21.291013717651367,21.412267684936523,13131272
2012-12-03,13.113737106323242,20.90584945678711,21.55492210388184,20.7774600982666,21.55492210388184,20926112
2012-12-04,12.97951602935791,20.691869735717773,20.977174758911133,20.677602767944336,20.863052368164062,13893960
2012-12-05,13.22558879852295,21.08416557312012,21.16262435913086,20.63480758666992,20.734664916992188,16269509
2012-12-06,13.18532371520996,21.01997184753418,21.212553024291992,20.82738876342773,21.09843063354492,10560845
2012-12-07,13.230072975158691,21.091297149658203,21.13409423828125,20.962909698486328,21.04850196838379,7134918
2012-12-10,13.301652908325195,21.205421447753903,21.25535011291504,20.970043182373047,21.14122772216797,7944293
2012-12-11,13.417980194091797,21.390869140625,21.54778861999512,21.155492782592773,21.21968650817871,9437703
2012-12-12,13.377713203430176,21.326675415039062,21.4907283782959,21.27674865722656,21.39800262451172,7574445
2012-12-13,13.279282569885254,21.16975784301757,21.41940116882324,21.027103424072266,21.326675415039062,6177773
2012-12-14,13.270337104797363,21.155492782592773,21.24821662902832,20.99144172668457,21.176889419555664,6159266
2012-12-17,13.39113426208496,21.348073959350582,21.38373756408692,21.13409423828125,21.13409423828125,10732170
2012-12-18,13.69985008239746,21.840227127075195,21.840227127075195,21.27674865722656,21.30527877807617,20150245
2012-12-19,13.47614288330078,21.48359489440918,21.86875915527344,21.433666229248047,21.86162567138672,9978455
2012-12-20,13.400083541870115,21.362340927124023,21.60485076904297,21.21968650817871,21.504993438720703,7653518
2012-12-21,13.36876106262207,21.31241035461425,21.362340927124023,21.055635452270508,21.262481689453125,17282314
2012-12-24,13.265860557556152,21.14835929870605,21.21968650817871,20.95577621459961,21.155492782592773,3680951
2012-12-26,13.180850982666016,21.01283836364746,21.21968650817871,20.98430824279785,21.13409423828125,6413449
2012-12-27,13.171900749206545,20.998573303222656,21.0770320892334,20.713266372680664,20.970043182373047,7611738
2012-12-28,13.001883506774902,20.72753143310547,21.00570678710937,20.713266372680664,20.87018585205078,6161650
2012-12-31,13.306129455566406,21.212553024291992,21.24821662902832,20.606277465820312,20.68473625183105,11335450
2013-01-02,13.341922760009766,21.269615173339844,21.60485076904297,21.14835929870605,21.462196350097656,21718242
2013-01-03,13.449300765991213,21.44079971313477,21.5406551361084,21.23395156860352,21.31241035461425,8808486
2013-01-04,13.543257713317873,21.590585708618164,21.59771728515625,21.390869140625,21.433666229248047,7650574
2013-01-07,13.364290237426758,21.30527877807617,21.56918716430664,21.28388023376465,21.533523559570312,6490279
2013-01-08,13.247962951660156,21.119829177856445,21.30527877807617,20.962909698486328,21.269615173339844,6321197
2013-01-09,13.08242130279541,20.855920791625977,21.19115447998047,20.834522247314453,21.112695693969727,7514299
2013-01-10,13.09136962890625,20.87018585205078,20.962909698486328,20.75606346130371,20.877317428588867,7920038
2013-01-11,13.104788780212402,20.891582489013672,21.00570678710937,20.834522247314453,20.92724609375,5603934
2013-01-14,13.162948608398438,20.98430824279785,21.034236907958984,20.87018585205078,20.93437957763672,6267361
2013-01-15,13.310601234436035,21.21968650817871,21.2410831451416,20.970043182373047,21.00570678710937,8196232
2013-01-16,13.274806022644045,21.16262435913086,21.24821662902832,21.055635452270508,21.184022903442383,7706514
2013-01-17,13.449300765991213,21.44079971313477,21.60485076904297,21.319543838500977,21.355207443237305,14672351
2013-01-18,13.588003158569336,21.66191291809082,21.71183967590332,21.36947250366211,21.504993438720703,16277781
2013-01-22,13.623790740966797,21.71897315979004,21.761768341064453,21.48359489440918,21.62624740600586,7737077
2013-01-23,13.417980194091797,21.390869140625,21.669044494628903,21.326675415039062,21.647645950317383,20285258
2013-01-24,13.596946716308594,21.676176071166992,21.69757461547852,21.41940116882324,21.41940116882324,7250864
2013-01-25,13.874337196350098,22.1184024810791,22.1184024810791,21.45506477355957,21.68330955505371,14293951
2013-01-28,13.95040512084961,22.23965835571289,22.26105690002441,22.00428009033203,22.18972969055176,11250069
2013-01-29,14.017518043518066,22.34664726257324,22.489301681518555,22.139799118041992,22.15406608581543,12291054
2013-01-30,13.981721878051758,22.28958511352539,22.432239532470703,22.246789932250977,22.38944435119629,8976165
2013-01-31,14.066731452941896,22.425106048583984,22.446504592895508,22.111270904541016,22.2681884765625,8723945
2013-02-01,13.883295059204102,22.132667541503903,22.460769653320312,22.054208755493164,22.460769653320312,11075800
2013-02-04,13.758012771606444,21.93295288085937,22.104137420654297,21.8045654296875,22.054208755493164,8960042
2013-02-05,13.802757263183594,22.00428009033203,22.07560539245605,21.84736061096192,21.997146606445312,7551312
2013-02-06,13.860925674438477,22.09700393676757,22.111270904541016,21.74037170410156,21.91868782043457,9036591
2013-02-07,14.035408020019531,22.37517738342285,23.25249671936035,22.33951568603516,22.539230346679688,20617812
2013-02-08,13.905662536621094,22.168331146240234,22.35378074645996,21.982881546020508,22.35378074645996,29720718
2013-02-11,14.057783126831056,22.41084289550781,22.489301681518555,22.047075271606445,22.14693260192871,28268246
2013-02-12,14.294917106628418,22.78887367248535,22.79600524902344,22.39657592773437,22.4179744720459,32227634
2013-02-13,14.133848190307615,22.53209686279297,22.824535369873047,22.48216819763184,22.824535369873047,9959247
2013-02-14,13.97232723236084,21.90442276000977,22.20399475097656,21.87589263916016,22.07560539245605,9963313
2013-02-15,13.931379318237305,21.840227127075195,22.025678634643555,21.8045654296875,21.961484909057617,10254929
2013-02-19,13.917733192443848,21.818830490112305,21.93295288085937,21.504993438720703,21.81169891357422,9652209
2013-02-20,13.78123950958252,21.60485076904297,21.840227127075195,21.56205368041992,21.76890182495117,10635572
2013-02-21,13.740289688110352,21.5406551361084,21.59771728515625,21.4907283782959,21.533523559570312,7180063
2013-02-22,13.872234344482422,21.74750328063965,21.91155433654785,21.54778861999512,21.54778861999512,9801102
2013-02-25,13.80854034423828,21.647645950317383,22.07560539245605,21.63338088989257,21.840227127075195,7954668
2013-02-26,13.922283172607422,21.82596206665039,22.09700393676757,21.704708099365234,21.71183967590332,15270864
2013-02-27,14.008727073669434,21.961484909057617,21.9900131225586,21.68330955505371,21.82596206665039,8057855
2013-02-28,14.09972095489502,22.104137420654297,22.17546463012696,21.87589263916016,21.961484909057617,8071314
2013-03-01,14.063326835632324,22.047075271606445,22.15406608581543,21.85449409484864,22.082738876342773,6443872
2013-03-04,14.258968353271484,22.35378074645996,22.403709411621094,21.9543514251709,21.997146606445312,6661743
2013-03-05,14.304457664489746,22.425106048583984,22.596290588378903,22.33238220214844,22.360912322998047,8482521
2013-03-06,14.472805976867676,22.68901634216309,22.767475128173828,22.453638076782227,22.489301681518555,8399382
2013-03-07,14.477352142333984,22.69614791870117,22.78174018859864,22.64621925354004,22.64621925354004,7738199
2013-03-08,14.61839485168457,22.917261123657227,22.952924728393555,22.65335273742676,22.774608612060547,9857462
2013-03-11,14.745790481567385,23.11697578430176,23.15263938903809,22.83166885375977,22.83166885375977,8036264
2013-03-12,14.591102600097656,22.87446594238281,23.15263938903809,22.824535369873047,23.10271072387696,7247779
2013-03-13,14.65024471282959,22.96718978881836,22.99571990966797,22.824535369873047,22.8815975189209,3853958
2013-03-14,14.777636528015137,23.16690444946289,23.18116950988769,22.96005630493164,22.981454849243164,6346574
2013-03-15,15.191661834716797,23.815977096557617,23.851640701293945,23.009986877441406,23.10984230041504,18549722
2013-03-18,15.196215629577637,23.823110580444336,23.894437789916992,23.63052749633789,23.66619110107422,8120945
2013-03-19,15.228063583374023,23.87303924560547,24.07275390625,23.71611976623535,23.894437789916992,9846807
2013-03-20,15.328160285949709,24.02995681762696,24.06562042236328,23.85877227783203,23.930099487304688,7185671
2013-03-21,15.3327054977417,24.037090301513672,24.09415054321289,23.9229679107666,24.02995681762696,6366622
2013-03-22,15.400957107543944,24.144079208374023,24.2082748413086,23.98002815246582,24.037090301513672,7468033
2013-03-25,15.246262550354004,23.90156936645508,24.33666229248047,23.851640701293945,24.21540641784668,10256611
2013-03-26,15.364558219909668,24.087018966674805,24.165477752685547,23.95863151550293,24.022825241088867,4782923
2013-03-27,15.48284912109375,24.27246856689453,24.30099868774414,23.94436454772949,23.97289657592773,5547434
2013-03-28,15.687592506408691,24.59343719482422,24.65049934387207,24.21540641784668,24.251070022583008,8285259
2013-04-01,15.6329984664917,24.50784683227539,24.636234283447266,24.457916259765625,24.550642013549805,4771427
2013-04-02,15.783132553100586,24.743223190307617,24.757488250732425,24.522111892700195,24.54350852966309,5559491
2013-04-03,15.696685791015623,24.607702255249023,24.82881546020508,24.557775497436523,24.76462173461914,7877417
2013-04-04,15.79678726196289,24.76462173461914,24.821683883666992,24.607702255249023,24.636234283447266,5821384
2013-04-05,15.987874984741213,25.064193725585938,25.1355209350586,24.550642013549805,24.607702255249023,10796241
2013-04-08,16.11981773376465,25.271041870117188,25.271041870117188,24.871612548828125,25.021398544311523,7057247
2013-04-09,16.247211456298828,25.47075653076172,25.58487892150879,25.19971466064453,25.285306930541992,8444246
2013-04-10,16.44285011291504,25.7774600982666,25.855920791625977,25.485021591186523,25.570613861083984,7891858
2013-04-11,16.4610538482666,25.80599021911621,25.855920791625977,25.68473625183105,25.82738876342773,6458453
2013-04-12,16.479248046875,25.834522247314453,25.855920791625977,25.70613479614257,25.748929977416992,7955088
2013-04-15,16.306364059448242,25.563480377197266,25.884450912475582,25.563480377197266,25.70613479614257,10500139
2013-04-16,16.379159927368164,25.677602767944336,25.68473625183105,25.427959442138672,25.6134090423584,7996307
2013-04-17,16.411001205444336,25.72753143310547,25.81312370300293,25.54208374023437,25.57774543762207,8076221
2013-04-18,16.588443756103516,26.00570678710937,26.069900512695312,25.649072647094727,25.791725158691406,7613982
2013-04-19,16.688539505004883,26.16262435913086,26.212553024291992,25.891582489013672,26.055635452270508,12308018
2013-04-22,16.68398666381836,26.155492782592773,26.2410831451416,26.069900512695312,26.16262435913086,6667491
2013-04-23,16.774982452392578,26.298145294189453,26.298145294189453,25.98430824279785,26.205421447753903,7176417
2013-04-24,16.90692710876465,26.504993438720703,26.54778861999512,26.2410831451416,26.269615173339844,8440180
2013-04-25,16.920574188232422,26.5263900756836,26.68330955505371,26.28388023376465,26.533523559570312,6898120
2013-04-26,16.984275817871094,26.62624740600586,26.69757461547852,26.512126922607425,26.519258499145508,7364566
2013-04-29,17.189014434814453,26.94721794128418,26.94721794128418,26.647645950317383,26.704708099365234,7732591
2013-04-30,17.066173553466797,26.754636764526367,26.961484909057617,26.5406551361084,26.84736061096192,12811476
2013-05-01,16.72039031982422,26.212553024291992,26.704708099365234,26.0770320892334,26.590585708618164,15134870
2013-05-02,16.533845901489258,25.92011451721192,26.119829177856445,25.592010498046875,26.119829177856445,9994297
2013-05-03,16.292705535888672,25.54208374023437,26.16975784301757,25.52068519592285,25.998573303222656,9843021
2013-05-06,16.037921905517578,25.14265251159668,25.37803077697754,24.94293975830078,25.30670547485352,8757172
2013-05-07,16.15621566772461,25.328102111816406,25.370899200439453,25.14265251159668,25.206846237182617,6284605
2013-05-08,16.247211456298828,25.47075653076172,25.52068519592285,25.27817344665528,25.27817344665528,9414430
2013-05-09,16.19717025756836,25.392297744750977,25.563480377197266,25.29243850708008,25.427959442138672,26671227
2013-05-10,16.265411376953125,25.499286651611328,25.499286651611328,25.285306930541992,25.34950065612793,24553647
2013-05-13,16.031339645385742,24.91440773010254,25.3138370513916,24.88587760925293,25.249643325805664,7557341
2013-05-14,16.063472747802734,24.964336395263672,25.1497859954834,24.90014266967773,24.957204818725582,7331619
2013-05-15,16.150672912597656,25.099857330322266,25.34950065612793,24.750356674194336,24.935806274414062,8140152
2013-05-16,15.96708869934082,24.81455039978028,25.106990814208984,24.73609161376953,25.021398544311523,7639218
2013-05-17,16.132312774658203,25.071327209472656,25.17118453979492,24.8359489440918,24.90014266967773,11840731
2013-05-20,16.058879852294922,24.957204818725582,25.23537826538086,24.91440773010254,25.11412239074707,7011963
2013-05-21,16.06806182861328,24.97146987915039,25.164051055908203,24.893009185791016,24.97860145568848,6760444
2013-05-22,15.879890441894531,24.67902946472168,25.29243850708008,24.614835739135746,24.950071334838867,9746143
2013-05-23,15.93496322631836,24.76462173461914,24.91440773010254,24.407989501953125,24.550642013549805,9135853
2013-05-24,15.902838706970217,24.714693069458008,24.743223190307617,24.536376953125,24.65049934387207,7455696
2013-05-28,14.704957962036133,22.85306739807129,23.359485626220703,22.774608612060547,22.917261123657227,29810446
2013-05-29,14.525964736938477,22.574893951416016,22.952924728393555,22.403709411621094,22.660484313964844,15541170
2013-05-30,14.457124710083008,22.46790313720703,23.08844566345215,22.446504592895508,22.72467994689941,10668098
2013-05-31,14.383694648742676,22.35378074645996,22.78887367248535,22.35378074645996,22.510698318481445,9402092
2013-06-03,14.507611274719238,22.546361923217773,22.83166885375977,22.28958511352539,22.38231086730957,10439572
2013-06-04,14.498431205749512,22.53209686279297,22.5820255279541,22.32525062561035,22.48216819763184,7480511
2013-06-05,14.41581916809082,22.403709411621094,22.55349540710449,22.23965835571289,22.425106048583984,8693101
2013-06-06,14.457124710083008,22.46790313720703,22.53209686279297,22.28958511352539,22.35378074645996,10747592
2013-06-07,14.392868995666504,22.36804580688477,22.61768913269043,22.14693260192871,22.48216819763184,12452003
2013-06-10,14.406641006469728,22.38944435119629,22.510698318481445,22.218259811401367,22.510698318481445,9855219
2013-06-11,14.31943702697754,22.25392341613769,22.596290588378903,22.18972969055176,22.246789932250977,8736423
2013-06-12,13.952272415161133,21.68330955505371,22.43937110900879,21.669044494628903,22.33951568603516,10539395
2013-06-13,14.09454345703125,21.90442276000977,21.90442276000977,21.48359489440918,21.74037170410156,10404522
2013-06-14,14.057833671569824,21.84736061096192,22.111270904541016,21.83309555053711,21.91155433654785,6722870
2013-06-17,14.103724479675291,21.91868782043457,22.06134033203125,21.818830490112305,21.94721794128418,8391250
2013-06-18,14.29648780822754,22.218259811401367,22.218259811401367,21.88302421569824,21.925819396972656,8013411
2013-06-19,14.08077621459961,21.88302421569824,22.29671859741211,21.87589263916016,22.16119766235352,10587764
2013-06-20,13.722789764404297,21.326675415039062,21.83309555053711,21.28388023376465,21.74037170410156,12221935
2013-06-21,13.9063720703125,21.61198234558105,21.81169891357422,21.348073959350582,21.48359489440918,15393680
2013-06-24,14.053239822387695,21.840227127075195,22.07560539245605,21.28388023376465,21.39800262451172,14079585
2013-06-25,14.264361381530762,22.168331146240234,22.32525062561035,21.619115829467773,21.9543514251709,13278763
2013-06-26,14.388276100158691,22.360912322998047,22.46790313720703,22.21112632751465,22.275320053100582,7920178
2013-06-27,14.268953323364258,22.17546463012696,22.460769653320312,22.111270904541016,22.38944435119629,8558088
2013-06-28,14.172564506530762,22.025678634643555,22.28958511352539,21.997146606445312,22.17546463012696,11256237
2013-07-01,13.91555404663086,21.62624740600586,22.132667541503903,21.533523559570312,22.07560539245605,9456069
2013-07-02,13.86966037750244,21.55492210388184,21.840227127075195,21.504993438720703,21.590585708618164,7543601
2013-07-03,13.805400848388672,21.45506477355957,21.533523559570312,21.326675415039062,21.4907283782959,3414711
2013-07-05,13.64936351776123,21.212553024291992,21.44079971313477,20.998573303222656,21.39800262451172,5678100
2013-07-08,13.9752197265625,21.71897315979004,21.71897315979004,21.21968650817871,21.23395156860352,8050845
2013-07-09,14.140443801879885,21.97574806213379,22.03994369506836,21.74037170410156,21.74750328063965,7760350
2013-07-10,14.030293464660645,21.8045654296875,21.925819396972656,21.74037170410156,21.90442276000977,5879567
2013-07-11,14.22764778137207,22.111270904541016,22.125534057617188,21.91155433654785,21.97574806213379,6302691
2013-07-12,14.246002197265623,22.139799118041992,22.168331146240234,21.91868782043457,22.111270904541016,5646415
2013-07-15,14.480070114135742,22.50356674194336,22.574893951416016,22.03994369506836,22.082738876342773,5957939
2013-07-16,14.443351745605469,22.446504592895508,22.517831802368164,22.28958511352539,22.489301681518555,4532386
2013-07-17,14.42499542236328,22.4179744720459,22.574893951416016,22.34664726257324,22.546361923217773,3785821
2013-07-18,14.608572959899902,22.70328140258789,22.79600524902344,22.539230346679688,22.55349540710449,6365641
2013-07-19,14.704957962036133,22.85306739807129,22.860200881958008,22.62482261657715,22.71041488647461,10821057
2013-07-22,14.828876495361328,23.0456485748291,23.059913635253903,22.79600524902344,22.824535369873047,5865547
2013-07-23,14.732501029968262,22.895862579345703,23.124107360839844,22.83166885375977,22.988588333129883,5835685
2013-07-24,14.310257911682127,22.23965835571289,22.860200881958008,22.168331146240234,22.838802337646484,7711421
2013-07-25,14.461713790893556,22.47503662109375,22.50356674194336,22.14693260192871,22.18972969055176,6128843
2013-07-26,14.525964736938477,22.574893951416016,22.5820255279541,22.282453536987305,22.403709411621094,4917655
2013-07-29,14.54432487487793,22.603424072265625,22.767475128173828,22.360912322998047,22.425106048583984,6270165
2013-07-30,14.438760757446287,22.43937110900879,22.888729095458984,22.432239532470703,22.72467994689941,8096270
2013-07-31,14.039475440979004,21.818830490112305,22.4179744720459,21.63338088989257,22.39657592773437,11834983
2013-08-01,14.135857582092283,21.968616485595703,21.9900131225586,21.6547794342041,21.81169891357422,7509813
2013-08-02,14.053239822387695,21.840227127075195,22.047075271606445,21.72610664367676,21.968616485595703,9192213
2013-08-05,14.057833671569824,21.84736061096192,22.07560539245605,21.69757461547852,21.818830490112305,5441583
2013-08-06,13.883432388305664,21.57632064819336,21.840227127075195,21.47646141052246,21.783166885375977,6940601
2013-08-07,14.15421199798584,21.997146606445312,22.03994369506836,21.44793128967285,21.519258499145508,6414290
2013-08-08,14.388276100158691,22.360912322998047,22.432239532470703,21.94721794128418,22.01854515075684,31175994
2013-08-09,14.34697437286377,22.29671859741211,22.403709411621094,22.18972969055176,22.29671859741211,21238197
2013-08-12,14.255178451538086,22.15406608581543,22.25392341613769,22.06847381591797,22.218259811401367,25036776
2013-08-13,14.102198600769045,21.69757461547852,22.00428009033203,21.63338088989257,21.87589263916016,8414103
2013-08-14,14.11147403717041,21.71183967590332,21.754636764526367,21.40513610839844,21.63338088989257,6058463
2013-08-15,14.125377655029297,21.733238220214844,21.76890182495117,21.5263900756836,21.57632064819336,7755443
2013-08-16,13.981672286987305,21.512126922607425,21.82596206665039,21.41940116882324,21.74750328063965,9606784
2013-08-19,13.842596054077148,21.298145294189453,21.59771728515625,21.21968650817871,21.41940116882324,8496400
2013-08-20,13.96312427520752,21.48359489440918,21.640514373779297,21.212553024291992,21.291013717651367,10454714
2013-08-21,13.842596054077148,21.298145294189453,21.45506477355957,21.16262435913086,21.433666229248047,8623562
2013-08-22,14.24127197265625,21.91155433654785,22.01854515075684,21.269615173339844,21.319543838500977,9683894
2013-08-23,14.352530479431152,22.082738876342773,22.111270904541016,21.818830490112305,21.997146606445312,5900597
2013-08-26,14.232003211975098,21.897289276123047,22.082738876342773,21.89015769958496,22.03994369506836,6955182
2013-08-27,14.16710090637207,21.79743194580078,21.961484909057617,21.66191291809082,21.74037170410156,6579446
2013-08-28,14.236635208129885,21.90442276000977,21.9900131225586,21.704708099365234,21.79030036926269,5956117
2013-08-29,14.102198600769045,21.69757461547852,21.91868782043457,21.62624740600586,21.818830490112305,6357369
2013-08-30,14.134648323059082,21.74750328063965,21.89015769958496,21.68330955505371,21.704708099365234,6278436
2013-09-03,13.949213981628418,21.462196350097656,21.93295288085937,21.41940116882324,21.86875915527344,6904289
2013-09-04,13.949213981628418,21.462196350097656,21.5406551361084,21.184022903442383,21.40513610839844,8369800
2013-09-05,13.93067455291748,21.433666229248047,21.519258499145508,21.298145294189453,21.433666229248047,4786007
2013-09-06,14.051206588745115,21.619115829467773,21.84736061096192,21.519258499145508,21.533523559570312,7225067
2013-09-09,14.023395538330078,21.57632064819336,21.69757461547852,21.42653465270996,21.640514373779297,6066314
2013-09-10,14.2459077835083,21.91868782043457,21.940086364746094,21.56205368041992,21.704708099365234,7545844
2013-09-11,13.96312427520752,21.48359489440918,21.940086364746094,21.390869140625,21.897289276123047,8998036
2013-09-12,13.916767120361328,21.412267684936523,21.56918716430664,21.326675415039062,21.45506477355957,5976726
2013-09-13,13.98630714416504,21.519258499145508,21.54778861999512,21.40513610839844,21.462196350097656,4081222
2013-09-16,14.009485244750977,21.55492210388184,21.87589263916016,21.46932983398437,21.69757461547852,6716141
2013-09-17,14.065114974975586,21.640514373779297,21.74037170410156,21.46932983398437,21.5406551361084,7008318
2013-09-18,14.380349159240724,22.125534057617188,22.246789932250977,21.44793128967285,21.504993438720703,10749134
2013-09-19,14.296904563903809,21.997146606445312,22.23965835571289,21.79743194580078,22.132667541503903,6779651
2013-09-20,13.967761039733888,21.4907283782959,22.03994369506836,21.47646141052246,22.00428009033203,11421393
2013-09-23,14.102198600769045,21.69757461547852,21.89015769958496,21.205421447753903,21.44079971313477,7198148
2013-09-24,14.148557662963867,21.76890182495117,21.85449409484864,21.57632064819336,21.72610664367676,6700719
2013-09-25,14.051206588745115,21.619115829467773,21.86875915527344,21.54778861999512,21.71897315979004,5606878
2013-09-26,13.949213981628418,21.462196350097656,21.71897315979004,21.28388023376465,21.66191291809082,5460930
2013-09-27,13.786961555480955,21.212553024291992,21.504993438720703,21.09843063354492,21.412267684936523,5182493
2013-09-30,13.740604400634766,21.14122772216797,21.30527877807617,20.98430824279785,21.16262435913086,7420786
2013-10-01,13.740604400634766,21.14122772216797,21.25535011291504,21.01283836364746,21.16262435913086,5327740
2013-10-02,13.77306079864502,21.19115447998047,21.319543838500977,20.93437957763672,21.04136848449707,6253761
2013-10-03,13.522716522216797,20.80599021911621,21.08416557312012,20.75606346130371,21.0770320892334,6780913
2013-10-04,13.550538063049316,20.84878730773925,20.92724609375,20.7631950378418,20.82738876342773,3741377
2013-10-07,13.480998992919922,20.74179649353028,20.998573303222656,20.68473625183105,20.734664916992188,4972894
2013-10-08,13.582984924316406,20.89871597290039,21.09843063354492,20.69900131225586,20.69900131225586,6778670
2013-10-09,13.77306079864502,21.19115447998047,21.390869140625,20.93437957763672,20.99144172668457,8969856
2013-10-10,13.977031707763672,21.504993438720703,21.5406551361084,20.99144172668457,21.2410831451416,6606504
2013-10-11,14.065114974975586,21.640514373779297,21.818830490112305,21.433666229248047,21.5263900756836,6018365
2013-10-14,13.916767120361328,21.412267684936523,21.5406551361084,21.112695693969727,21.5263900756836,6260351
2013-10-15,13.684972763061523,21.055635452270508,21.362340927124023,21.00570678710937,21.33380889892578,6750490
2013-10-16,13.32801914215088,20.50641822814941,20.87018585205078,20.392297744750977,20.65620422363281,17722682
2013-10-17,13.46245574951172,20.713266372680664,20.970043182373047,20.24251174926757,20.463623046875,11960041
2013-10-18,13.32801914215088,20.50641822814941,20.74179649353028,20.477888107299805,20.72753143310547,11624122
2013-10-21,13.249205589294434,20.38516426086425,20.649072647094727,20.23537826538086,20.534950256347656,11894007
2013-10-22,13.300201416015623,20.463623046875,20.54208374023437,20.12125587463379,20.399429321289062,19076734
2013-10-23,12.966422080993652,19.950071334838867,20.328102111816406,19.786020278930664,20.24251174926757,24216606
2013-10-24,12.859797477722168,19.786020278930664,20.071327209472656,19.6718978881836,19.893009185791016,15095194
2013-10-25,12.961786270141602,19.94293975830078,19.94293975830078,19.70756149291992,19.793153762817383,10997849
2013-10-28,13.012777328491213,20.021398544311523,20.099857330322266,19.721826553344727,19.721826553344727,13279043
2013-10-29,13.003504753112791,20.00713348388672,20.22111320495605,19.8502140045166,20.021398544311523,12614355
2013-10-30,13.235299110412598,20.36376571655273,20.6134090423584,19.8359489440918,20.335235595703125,19272593
2013-10-31,13.230664253234863,20.356632232666016,20.563480377197266,20.064193725585938,20.40656280517578,12161649
2013-11-01,13.29092788696289,20.449357986450195,20.527816772460938,20.29243850708008,20.43509292602539,8358163
2013-11-04,13.25384521484375,20.392297744750977,20.499286651611328,20.19258117675781,20.477888107299805,11388166
2013-11-05,13.09622287750244,20.1497859954834,20.62054252624512,20.1497859954834,20.38516426086425,10697961
2013-11-06,13.448548316955566,20.691869735717773,20.748929977416992,20.19258117675781,20.271041870117188,15990511
2013-11-07,13.239937782287598,20.370899200439453,20.78459358215332,20.32097053527832,20.713266372680664,27261189
2013-11-08,13.137948036193848,20.213979721069336,20.24251174926757,19.778886795043945,20.22824478149414,31235438
2013-11-11,13.37437343597412,20.57774543762207,20.606277465820312,20.11412239074707,20.1355209350586,9689222
2013-11-12,13.059142112731934,20.09272575378418,20.485021591186523,20.014265060424805,20.36376571655273,39297499
2013-11-13,13.152886390686035,20.014265060424805,20.08559226989746,19.750356674194336,19.793153762817383,9314888
2013-11-14,13.077884674072266,19.90014266967773,20.1497859954834,19.87874412536621,20.02853012084961,11622019
2013-11-15,13.18100929260254,20.05706024169922,20.178316116333008,19.8359489440918,19.864479064941406,8700532
2013-11-18,13.143510818481444,20.0,20.206846237182617,19.985734939575195,20.1497859954834,7433264
2013-11-19,12.99351406097412,19.77175521850586,20.049928665161133,19.700428009033203,19.97146987915039,8947564
2013-11-20,12.93726634979248,19.6861629486084,20.09272575378418,19.6718978881836,19.90014266967773,8488269
2013-11-21,12.960701942443848,19.721826553344727,19.92154121398925,19.65049934387207,19.70756149291992,8292269
2013-11-22,12.820075988769531,19.50784683227539,19.786020278930664,19.493581771850582,19.714693069458008,6948873
2013-11-25,12.763833045959473,19.42225456237793,19.522111892700195,19.315263748168945,19.50784683227539,12290633
2013-11-26,12.63258457183838,19.2225399017334,19.42225456237793,19.201141357421875,19.42225456237793,8342881
2013-11-27,12.627899169921877,19.21540641784668,19.293865203857425,19.165477752685547,19.19400978088379,7096223
2013-11-29,12.613835334777832,19.19400978088379,19.41512107849121,19.17974281311035,19.21540641784668,3782596
2013-12-02,12.609146118164062,19.18687629699707,19.322397232055664,19.001426696777344,19.2225399017334,9185764
2013-12-03,12.848201751708984,19.550642013549805,19.557775497436523,19.07275390625,19.10128402709961,10417000
2013-12-04,12.984136581420898,19.757488250732425,19.793153762817383,19.407989501953125,19.47931480407715,8831058
2013-12-05,13.035703659057615,19.8359489440918,19.8359489440918,19.343795776367188,19.743223190307617,12587296
2013-12-06,13.331010818481444,20.285306930541992,20.30670547485352,19.82881546020508,19.88587760925293,14811850
2013-12-09,13.345069885253906,20.30670547485352,20.328102111816406,20.05706024169922,20.27817344665528,10686465
2013-12-10,13.218510627746582,20.11412239074707,20.3138370513916,20.04279518127441,20.30670547485352,11267734
2013-12-11,13.129451751708984,19.97860145568848,20.17118453979492,19.91440773010254,20.08559226989746,12271706
2013-12-12,13.077884674072266,19.90014266967773,20.08559226989746,19.80028533935547,19.91440773010254,8958359
2013-12-13,12.984136581420898,19.757488250732425,20.0,19.636234283447266,19.87874412536621,7373679
2013-12-16,13.02164077758789,19.81455039978028,19.985734939575195,19.750356674194336,19.750356674194336,10430039
2013-12-17,12.99820041656494,19.778886795043945,19.864479064941406,19.67902946472168,19.80028533935547,9748807
2013-12-18,13.09195041656494,19.92154121398925,19.94293975830078,19.429386138916016,19.77175521850586,12479763
2013-12-19,12.75913906097412,19.41512107849121,19.807418823242188,19.343795776367188,19.786020278930664,12568930
2013-12-20,12.77789306640625,19.44365119934082,19.750356674194336,19.308130264282227,19.44365119934082,21088744
2013-12-23,12.72164535522461,19.358060836791992,19.65763282775879,19.322397232055664,19.50784683227539,10470276
2013-12-24,12.791956901550291,19.465049743652344,19.50784683227539,19.293865203857425,19.293865203857425,4217917
2013-12-26,12.745080947875977,19.393722534179688,19.57917213439941,19.3723258972168,19.51497840881348,6048228
2013-12-27,12.726333618164062,19.36519241333008,19.57917213439941,19.35092735290528,19.43651962280273,7277502
2013-12-30,12.881021499633787,19.600570678710938,19.65049934387207,19.3723258972168,19.3723258972168,9315309
2013-12-31,12.838829040527344,19.536376953125,19.743223190307617,19.457916259765625,19.643367767333984,8399102
2014-01-02,12.735706329345703,19.379457473754883,19.6718978881836,19.3723258972168,19.586305618286133,6984624
2014-01-03,12.477896690368652,18.98716163635254,19.236804962158203,18.86590576171875,19.18687629699707,14238572
2014-01-06,12.557586669921877,19.108417510986328,19.158344268798828,18.937232971191406,18.98002815246582,10398213
2014-01-07,12.623207092285156,19.2082748413086,19.258203506469727,19.037090301513672,19.236804962158203,9877791
2014-01-08,12.595086097717283,19.165477752685547,19.322397232055664,19.087018966674805,19.251070022583008,8159920
2014-01-09,12.670082092285156,19.279600143432617,19.32952880859375,19.11554908752441,19.172611236572266,7916253
2014-01-10,12.735706329345703,19.379457473754883,19.67902946472168,19.32952880859375,19.3723258972168,7839844
2014-01-13,12.646645545959473,19.24393653869629,19.3865909576416,19.172611236572266,19.358060836791992,6173146
2014-01-14,12.604455947875977,19.17974281311035,19.429386138916016,19.151212692260746,19.251070022583008,7606411
2014-01-15,12.54820728302002,19.09415054321289,19.315263748168945,19.058488845825195,19.17974281311035,6632582
2014-01-16,12.848201751708984,19.550642013549805,19.572040557861328,19.122682571411133,19.165477752685547,7360500
2014-01-17,12.74976921081543,19.400856018066406,19.65049934387207,19.30099868774414,19.600570678710938,6394382
2014-01-21,13.016949653625488,19.807418823242188,19.81455039978028,19.429386138916016,19.45078468322754,10385035
2014-01-22,13.185698509216309,20.064193725585938,20.09272575378418,19.72895812988281,19.757488250732425,10799185
2014-01-23,13.27475929260254,20.19971466064453,20.256776809692383,19.91440773010254,19.957204818725582,12266098
2014-01-24,13.251323699951172,20.164051055908203,20.798858642578125,20.11412239074707,20.12125587463379,19305119
2014-01-27,13.218510627746582,20.11412239074707,20.29243850708008,20.02853012084961,20.29243850708008,11601550
2014-01-28,13.171638488769531,20.04279518127441,20.271041870117188,19.90014266967773,20.249643325805664,8324936
2014-01-29,13.213822364807127,20.106990814208984,20.15691947937012,19.935806274414062,20.014265060424805,8559771
2014-01-30,13.588815689086914,20.677602767944336,20.74179649353028,20.14265251159668,20.185449600219727,13984249
2014-01-31,13.593506813049316,20.68473625183105,20.90584945678711,20.527816772460938,20.54208374023437,14598045
2014-02-03,13.579442977905272,20.66333770751953,20.970043182373047,20.47075653076172,20.77032852172852,20164686
2014-02-04,13.55131721496582,20.62054252624512,20.863052368164062,20.55634880065918,20.834522247314453,13155807
2014-02-05,13.527881622314451,20.58487892150879,20.74179649353028,20.37803077697754,20.52068519592285,13922982
2014-02-06,13.823185920715332,21.034236907958984,21.31241035461425,20.54921531677246,20.54921531677246,19296006
2014-02-07,13.799749374389648,20.998573303222656,21.184022903442383,20.74179649353028,21.184022903442383,12314467
2014-02-10,13.780999183654783,20.970043182373047,21.0770320892334,20.84878730773925,20.93437957763672,9996540
2014-02-11,13.813815116882324,21.01997184753418,21.12696075439453,20.78459358215332,20.92011451721192,10666837
2014-02-12,13.709589958190918,20.641939163208008,20.80599021911621,20.534950256347656,20.798858642578125,7646368
2014-02-13,13.927508354187012,20.970043182373047,21.105562210083008,20.57774543762207,20.5991439819336,13681978
2014-02-14,14.088574409484863,21.212553024291992,21.25535011291504,20.87018585205078,20.92724609375,9988128
2014-02-18,14.235426902770996,21.433666229248047,21.5263900756836,21.14122772216797,21.2268180847168,12045003
2014-02-19,14.192790031433104,21.36947250366211,21.63338088989257,21.21968650817871,21.36947250366211,9838535
2014-02-20,14.320696830749512,21.56205368041992,21.59771728515625,21.205421447753903,21.355207443237305,8677258
2014-02-21,14.41070556640625,21.69757461547852,21.90442276000977,21.46932983398437,21.583452224731445,11753527
2014-02-24,14.396493911743164,21.676176071166992,22.07560539245605,21.66191291809082,21.69757461547852,14485324
2014-02-25,14.382284164428713,21.6547794342041,21.925819396972656,21.533523559570312,21.6547794342041,8005981
2014-02-26,14.41070556640625,21.69757461547852,21.86162567138672,21.640514373779297,21.71183967590332,5092344
2014-02-27,14.292275428771973,21.519258499145508,21.74037170410156,21.36947250366211,21.6547794342041,8495699
2014-02-28,14.405967712402344,21.6904411315918,21.81169891357422,21.57632064819336,21.60485076904297,6388073
2014-03-03,14.225954055786133,21.41940116882324,21.640514373779297,21.412267684936523,21.56918716430664,5231002
2014-03-04,14.401227951049805,21.68330955505371,21.754636764526367,21.41940116882324,21.590585708618164,7578932
2014-03-05,14.344386100769045,21.59771728515625,21.754636764526367,21.533523559570312,21.6904411315918,5500326
2014-03-06,14.121731758117676,21.262481689453125,21.676176071166992,21.119829177856445,21.5406551361084,9988829
2014-03-07,14.126472473144531,21.269615173339844,21.27674865722656,20.78459358215332,21.16975784301757,11254976
2014-03-10,14.154895782470703,21.31241035461425,21.36947250366211,21.112695693969727,21.262481689453125,6055378
2014-03-11,14.135945320129396,21.28388023376465,21.497859954833984,21.16975784301757,21.497859954833984,4229834
2014-03-12,14.297011375427246,21.5263900756836,21.533523559570312,21.16975784301757,21.21968650817871,4643144
2014-03-13,14.45333766937256,21.761768341064453,21.88302421569824,21.504993438720703,21.519258499145508,6674081
2014-03-14,14.514927864074709,21.85449409484864,22.01854515075684,21.640514373779297,21.704708099365234,7203476
2014-03-17,14.694938659667969,22.125534057617188,22.15406608581543,21.76890182495117,21.91868782043457,7941349
2014-03-18,14.756522178649902,22.218259811401367,22.29671859741211,22.047075271606445,22.17546463012696,5839751
2014-03-19,14.713891983032228,22.15406608581543,22.489301681518555,22.03994369506836,22.246789932250977,12237357
2014-03-20,14.860740661621094,22.37517738342285,22.425106048583984,21.81169891357422,22.06134033203125,10399615
2014-03-21,15.419737815856934,23.216833114624023,23.445077896118164,22.774608612060547,23.25249671936035,19887230
2014-03-24,15.599759101867676,23.48787307739257,23.51640510559082,23.1954345703125,23.223966598510746,13150760
2014-03-25,15.599759101867676,23.48787307739257,23.559200286865234,23.159772872924805,23.473609924316406,9085801
2014-03-26,15.367629051208496,23.13837432861328,23.537803649902344,22.867332458496094,23.48787307739257,14597624
2014-03-27,15.547643661499023,23.40941429138184,23.473609924316406,22.93152618408203,23.15263938903809,8697728
2014-03-28,15.77029514312744,23.74464988708496,23.773181915283203,23.27389335632324,23.366619110107425,10095522
2014-03-31,15.898200035095217,23.937232971191406,24.2082748413086,23.766048431396484,23.823110580444336,10912187
2014-04-01,15.865046501159668,23.88730430603028,24.01569175720215,23.61626243591309,23.965763092041016,6132348
2014-04-02,15.874518394470217,23.90156936645508,24.07988548278809,23.701854705810547,23.894437789916992,10867743
2014-04-03,16.00242042541504,24.09415054321289,24.158344268798828,23.823110580444336,23.94436454772949,7532806
2014-04-04,16.329286575317383,24.586305618286133,24.87874412536621,24.09415054321289,24.12981414794922,17295352
2014-04-07,16.433507919311523,24.743223190307617,24.985734939575195,24.572040557861328,24.572040557861328,11597344
2014-04-08,16.836177825927734,25.34950065612793,25.356632232666016,24.493581771850582,24.62196922302246,15602297
2014-04-09,16.717742919921875,25.17118453979492,25.499286651611328,24.85734748840332,25.37803077697754,14122066
2014-04-10,16.62300682067871,25.02853012084961,25.427959442138672,24.935806274414062,25.213979721069336,8470183
2014-04-11,16.656166076660156,25.078458786010746,25.19258117675781,24.957204818725582,24.99286651611328,8436815
2014-04-14,16.717742919921875,25.17118453979492,25.19971466064453,25.00713348388672,25.071327209472656,10478828
2014-04-15,17.054092407226562,25.677602767944336,25.677602767944336,25.24251174926757,25.27817344665528,10175155
2014-04-16,17.167781829833984,25.84878730773925,25.855920791625977,25.513551712036133,25.6134090423584,5057154
2014-04-17,17.082508087158203,25.720399856567383,25.90584945678711,25.534950256347656,25.7631950378418,9086923
2014-04-21,17.02566909790039,25.63480758666992,25.970043182373047,25.50641822814941,25.67047119140625,5770492
2014-04-22,17.001981735229492,25.5991439819336,25.748929977416992,25.427959442138672,25.5991439819336,6024815
2014-04-23,17.00672149658203,25.606277465820312,25.99144172668457,25.55634880065918,25.67047119140625,6573698
2014-04-24,17.058822631835938,25.68473625183105,25.84165573120117,25.463623046875,25.70613479614257,8321431
2014-04-25,17.177255630493164,25.863052368164062,25.891582489013672,25.606277465820312,25.68473625183105,7160154
2014-04-28,17.295686721801758,26.04136848449707,26.105562210083008,25.84165573120117,25.89871597290039,6916767
2014-04-29,17.139358520507812,25.80599021911621,26.069900512695312,25.66333770751953,25.99144172668457,10601223
2014-04-30,16.59457778930664,24.985734939575195,25.22111320495605,24.407989501953125,24.407989501953125,31543738
2014-05-01,17.04935646057129,25.67047119140625,25.82025718688965,25.22111320495605,25.285306930541992,20643749
2014-05-02,16.978296279907227,25.563480377197266,25.884450912475582,25.22111320495605,25.66333770751953,14183613
2014-05-05,17.167781829833984,25.84878730773925,25.948644638061523,25.44222450256348,25.513551712036133,8605756
2014-05-06,17.073041915893555,25.70613479614257,26.09843063354492,25.66333770751953,26.08416557312012,12161649
2014-05-07,17.414125442504883,26.21968650817871,26.27674865722656,25.66333770751953,25.66333770751953,9929525
2014-05-08,17.281478881835938,26.01997184753418,26.16975784301757,25.78459358215332,26.14835929870605,7065519
2014-05-09,17.148832321166992,25.82025718688965,26.19115447998047,25.81312370300293,26.01283836364746,9175249
2014-05-12,16.76985740661621,25.249643325805664,25.962909698486328,25.206846237182617,25.855920791625977,10343395
2014-05-13,16.878812789916992,25.413694381713867,25.50641822814941,25.22824478149414,25.36376571655273,9293718
2014-05-14,16.63031005859375,24.821683883666992,25.3138370513916,24.77175521850586,25.249643325805664,11407373
2014-05-15,16.510845184326172,24.643367767333984,24.90727424621582,24.62196922302246,24.8359489440918,9342648
2014-05-16,16.424821853637695,24.51497840881348,24.6718978881836,24.43651962280273,24.629100799560547,12655293
2014-05-19,16.233671188354492,24.229671478271484,24.614835739135746,24.17974281311035,24.486448287963867,10373678
2014-05-20,16.195438385009766,24.172611236572266,24.400856018066406,24.087018966674805,24.201141357421875,9320356
2014-05-21,16.200220108032227,24.17974281311035,24.2225399017334,23.894437789916992,24.201141357421875,10840825
2014-05-22,16.34358024597168,24.393722534179688,24.51497840881348,24.07988548278809,24.12981414794922,8286942
2014-05-23,16.319686889648438,24.358060836791992,24.557775497436523,24.279600143432617,24.30099868774414,7558603
2014-05-27,16.907482147216797,25.23537826538086,25.641939163208008,24.721826553344727,24.72895812988281,19136879
2014-05-28,17.198993682861328,25.67047119140625,25.734664916992188,25.05706024169922,25.064193725585938,15739273
2014-05-29,17.232444763183594,25.720399856567383,26.105562210083008,25.5991439819336,25.74179649353028,18553367
2014-05-30,17.600414276123047,26.269615173339844,26.28388023376465,25.720399856567383,25.7631950378418,11534815
2014-06-02,17.490501403808594,26.105562210083008,26.19115447998047,25.90584945678711,26.119829177856445,8255817
2014-06-03,17.77245330810547,26.5263900756836,26.56918716430664,26.034236907958984,26.12696075439453,10626880
2014-06-04,17.810680389404297,26.583452224731445,26.59771728515625,26.319543838500977,26.44793128967285,7484998
2014-06-05,17.901477813720703,26.71897315979004,26.79030036926269,26.45506477355957,26.462196350097656,16734412
2014-06-06,17.87758445739746,26.68330955505371,26.91155433654785,26.63338088989257,26.754636764526367,7139124
2014-06-09,17.719886779785156,26.44793128967285,26.71183967590332,26.412267684936523,26.57632064819336,7382792
2014-06-10,17.758115768432617,26.504993438720703,26.676176071166992,26.433666229248047,26.519258499145508,6316431
2014-06-11,17.084299087524414,25.499286651611328,26.348073959350582,25.477888107299805,25.74179649353028,21537524
2014-06-12,16.75933837890625,25.014265060424805,25.206846237182617,24.82881546020508,24.985734939575195,62259595
2014-06-13,17.069965362548828,25.477888107299805,25.563480377197266,24.871612548828125,25.021398544311523,22954385
2014-06-16,17.25634002685547,25.75606346130371,26.027103424072266,25.563480377197266,25.62054252624512,22608091
2014-06-17,17.342357635498047,25.884450912475582,26.034236907958984,25.78459358215332,25.84165573120117,16439431
2014-06-18,17.609973907470703,26.28388023376465,26.33380889892578,25.84878730773925,25.84878730773925,12774884
2014-06-19,17.762895584106445,26.512126922607425,26.583452224731445,26.319543838500977,26.348073959350582,11454200
2014-06-20,17.566967010498047,26.21968650817871,26.55492210388184,26.13409423828125,26.533523559570312,11185296
2014-06-23,17.33758544921875,25.877317428588867,26.44079971313477,25.641939163208008,26.355207443237305,9898400
2014-06-24,17.304126739501953,25.82738876342773,25.912981033325195,25.74179649353028,25.82738876342773,10678613
2014-06-25,17.30890655517578,25.834522247314453,25.941511154174805,25.691869735717773,25.78459358215332,7685203
2014-06-26,17.25634002685547,25.75606346130371,25.970043182373047,25.66333770751953,25.89871597290039,8485325
2014-06-27,17.342357635498047,25.884450912475582,25.912981033325195,25.649072647094727,25.649072647094727,6703242
2014-06-30,17.43315887451172,26.01997184753418,26.184022903442383,25.855920791625977,25.998573303222656,8788577
2014-07-01,17.060407638549805,25.463623046875,25.863052368164062,25.356632232666016,25.734664916992188,9845825
2014-07-02,16.529953002929688,24.6718978881836,25.38516426086425,24.486448287963867,25.356632232666016,15575940
2014-07-03,16.233671188354492,24.229671478271484,24.51497840881348,24.108417510986328,24.51497840881348,11238853
2014-07-07,16.420042037963867,24.50784683227539,24.614835739135746,24.27246856689453,24.293865203857425,14809466
2014-07-08,16.400922775268555,24.47931480407715,24.62196922302246,24.400856018066406,24.59343719482422,10135058
2014-07-09,16.372249603271484,24.43651962280273,24.59343719482422,24.358060836791992,24.51497840881348,10630665
2014-07-10,16.420042037963867,24.50784683227539,24.586305618286133,24.358060836791992,24.358060836791992,10481913
2014-07-11,16.14286994934082,24.09415054321289,24.51497840881348,24.05135536193848,24.36519241333008,12867977
2014-07-14,15.717558860778809,23.4593448638916,24.21540641784668,23.43794631958008,24.21540641784668,14356760
2014-07-15,15.69843864440918,23.43081283569336,23.58059883117676,23.330955505371094,23.466476440429688,12720626
2014-07-16,15.741450309753418,23.495006561279297,23.502140045166016,23.27389335632324,23.4593448638916,12414710
2014-07-17,15.268346786499023,22.78887367248535,23.609130859375,22.78887367248535,23.416547775268555,14148003
2014-07-18,15.335249900817873,22.888729095458984,23.074180603027344,22.7318115234375,22.952924728393555,14216280
2014-07-21,15.402151107788086,22.988588333129883,23.05278205871582,22.71754646301269,22.99571990966797,11724786
2014-07-22,15.187108039855955,22.66761779785156,23.038515090942383,22.65335273742676,23.002853393554688,12308719
2014-07-23,15.177552223205566,22.65335273742676,22.80313873291016,22.596290588378903,22.71041488647461,6405317
2014-07-24,15.201443672180176,22.68901634216309,22.78174018859864,22.303852081298828,22.36804580688477,8643470
2014-07-25,15.029403686523438,22.432239532470703,22.81740379333496,22.38231086730957,22.631954193115234,5171978
2014-07-28,15.268346786499023,22.78887367248535,22.917261123657227,22.38231086730957,22.403709411621094,7968127
2014-07-29,15.03896141052246,22.446504592895508,22.860200881958008,22.4179744720459,22.78174018859864,8822506
2014-07-30,14.81914234161377,22.1184024810791,22.5820255279541,22.00428009033203,22.56062889099121,11183193
2014-07-31,14.852583885192873,22.168331146240234,22.460769653320312,21.968616485595703,22.06134033203125,12949012
2014-08-01,15.072416305541992,22.49643325805664,22.8815975189209,22.18259620666504,22.21112632751465,13647489
2014-08-04,14.986395835876465,22.36804580688477,22.489301681518555,21.86875915527344,22.48216819763184,14131599
2014-08-05,14.876483917236328,22.20399475097656,22.510698318481445,22.139799118041992,22.31098365783692,9370828
2014-08-06,14.900376319885254,22.23965835571289,22.28958511352539,21.91868782043457,22.139799118041992,15998362
2014-08-07,15.081974029541016,22.510698318481445,22.681882858276367,22.26105690002441,22.29671859741211,10153004
2014-08-08,15.349584579467772,22.910127639770508,22.93152618408203,22.510698318481445,22.539230346679688,8366715
2014-08-11,15.34481143951416,22.902996063232425,23.059913635253903,22.83166885375977,22.952924728393555,6948452
2014-08-12,15.23011875152588,22.7318115234375,22.93865966796875,22.681882858276367,22.867332458496094,6968921
2014-08-13,15.177030563354492,22.432239532470703,22.62482261657715,22.34664726257324,22.52496337890625,4867604
2014-08-14,15.360408782958984,22.70328140258789,22.767475128173828,22.46790313720703,22.50356674194336,4555098
2014-08-15,15.34593105316162,22.681882858276367,22.96718978881836,22.567760467529297,22.71754646301269,7867043
2014-08-18,15.355587005615234,22.69614791870117,22.895862579345703,22.631954193115234,22.774608612060547,5660435
2014-08-19,15.423148155212402,22.79600524902344,22.824535369873047,22.596290588378903,22.76034164428711,6895737
2014-08-20,15.437630653381348,22.81740379333496,22.838802337646484,22.71754646301269,22.81027030944824,3592765
2014-08-21,15.563096046447754,23.002853393554688,23.17403793334961,22.774608612060547,22.774608612060547,8290026
2014-08-22,15.630653381347656,23.10271072387696,23.26676177978516,22.952924728393555,22.96005630493164,7726702
2014-08-25,15.84298610687256,23.416547775268555,23.48074150085449,23.08131217956543,23.15263938903809,6354144
2014-08-26,15.592050552368164,23.0456485748291,23.56633377075196,23.02425193786621,23.43081283569336,5750724
2014-08-27,15.814027786254885,23.37375259399414,23.380884170532227,23.067047119140625,23.067047119140625,6371529
2014-08-28,15.925026893615724,23.537803649902344,23.6590576171875,23.18116950988769,23.26676177978516,5617954
2014-08-29,16.127704620361328,23.83737564086914,23.83737564086914,23.52353858947754,23.56633377075196,5078324
2014-09-02,15.84298610687256,23.416547775268555,23.86590576171875,23.25249671936035,23.844507217407227,9171604
2014-09-03,16.050495147705078,23.72325134277344,23.787446975708008,23.52353858947754,23.559200286865234,6228105
2014-09-04,16.190444946289062,23.930099487304688,23.930099487304688,23.57346534729004,23.63052749633789,11444806
2014-09-05,16.315906524658203,24.11554908752441,24.172611236572266,23.80884552001953,23.880170822143555,8537479
2014-09-08,16.137361526489258,23.851640701293945,24.21540641784668,23.766048431396484,24.11554908752441,4934900
2014-09-09,15.982935905456545,23.623395919799805,23.75178337097168,23.54493522644043,23.75178337097168,6189690
2014-09-10,15.944332122802734,23.56633377075196,23.64479255676269,23.24536323547364,23.637659072875977,7972894
2014-09-11,16.045669555664062,23.71611976623535,23.894437789916992,23.56633377075196,23.58773231506348,5982194
2014-09-12,15.857468605041504,23.43794631958008,23.65192604064941,23.238231658935547,23.60199737548828,7226749
2014-09-15,16.0360164642334,23.701854705810547,23.815977096557617,23.466476440429688,23.466476440429688,6466445
2014-09-16,16.32073974609375,24.122682571411133,24.172611236572266,23.60199737548828,23.687589645385746,6737451
2014-09-17,16.2531795501709,24.022825241088867,24.251070022583008,23.937232971191406,24.172611236572266,8304326
2014-09-18,16.301433563232422,24.09415054321289,24.24393653869629,23.97289657592773,23.98716163635254,8317365
2014-09-19,16.60546112060547,24.54350852966309,24.550642013549805,24.11554908752441,24.12981414794922,12694970
2014-09-22,16.54755210876465,24.457916259765625,24.90014266967773,24.308130264282227,24.42225456237793,12214504
2014-09-23,16.46551513671875,24.33666229248047,24.52924346923828,24.21540641784668,24.400856018066406,8663098
2014-09-24,16.364171981811523,24.18687629699707,24.3723258972168,24.136947631835938,24.358060836791992,10139825
2014-09-25,16.21457290649414,23.965763092041016,24.279600143432617,23.965763092041016,24.18687629699707,5694223
2014-09-26,16.26283073425293,24.037090301513672,24.09415054321289,23.80884552001953,24.02995681762696,4839704
2014-09-29,16.460689544677734,24.32952880859375,24.3723258972168,23.823110580444336,23.9229679107666,7383773
2014-09-30,16.451040267944336,24.315263748168945,24.664764404296875,24.258203506469727,24.45078468322754,9670575
2014-10-01,16.682676315307617,24.65763282775879,25.213979721069336,24.3723258972168,24.3865909576416,13159172
2014-10-02,16.75988006591797,24.77175521850586,24.94293975830078,24.536376953125,24.586305618286133,8976165
2014-10-03,16.83226776123047,24.87874412536621,24.90014266967773,24.500713348388672,24.81455039978028,5158379
2014-10-06,16.78884506225586,24.81455039978028,24.985734939575195,24.6861629486084,24.950071334838867,3766333
2014-10-07,16.77435874938965,24.793153762817383,25.26390838623047,24.6718978881836,24.750356674194336,8409757
2014-10-08,17.290725708007812,25.55634880065918,25.57774543762207,24.82881546020508,24.87874412536621,11210112
2014-10-09,16.79366111755371,24.821683883666992,25.66333770751953,24.807418823242188,25.570613861083984,12518178
2014-10-10,16.80813980102539,24.843080520629883,25.23537826538086,24.807418823242188,24.935806274414062,14674173
2014-10-13,16.460689544677734,24.32952880859375,25.071327209472656,24.315263748168945,24.88587760925293,11908027
2014-10-14,16.71645164489746,24.70756149291992,24.88587760925293,24.293865203857425,24.379457473754883,12689222
2014-10-15,16.373821258544922,24.201141357421875,24.97146987915039,23.75178337097168,24.8359489440918,17027290
2014-10-16,16.451040267944336,24.315263748168945,24.572040557861328,23.58773231506348,23.851640701293945,11852087
2014-10-17,16.59099006652832,24.522111892700195,24.793153762817383,24.2082748413086,24.493581771850582,8622020
2014-10-20,16.885351181030273,24.957204818725582,24.97146987915039,24.486448287963867,24.500713348388672,6187026
2014-10-21,16.890178680419922,24.964336395263672,25.213979721069336,24.72895812988281,25.106990814208984,7898447
2014-10-22,16.83226776123047,24.87874412536621,25.249643325805664,24.821683883666992,24.843080520629883,8719178
2014-10-23,16.83226776123047,24.87874412536621,25.185449600219727,24.8502140045166,24.99286651611328,7929011
2014-10-24,17.242467880249023,25.485021591186523,25.66333770751953,24.90727424621582,24.957204818725582,9363537
2014-10-27,16.9867000579834,25.106990814208984,25.5991439819336,24.985734939575195,25.36376571655273,7454855
2014-10-28,17.247282028198242,25.49215316772461,25.49215316772461,25.049928665161133,25.19971466064453,8161322
2014-10-29,17.025297164916992,25.164051055908203,25.641939163208008,24.871612548828125,25.54208374023437,8968173
2014-10-30,17.710559844970703,26.176889419555664,26.2410831451416,25.29243850708008,25.32097053527832,10859051
2014-10-31,17.657480239868164,26.09843063354492,26.31241035461425,25.82025718688965,26.31241035461425,9439946
2014-11-03,17.5657901763916,25.962909698486328,26.27674865722656,25.80599021911621,26.069900512695312,7875034
2014-11-04,17.59956932067871,26.01283836364746,26.105562210083008,25.691869735717773,25.92011451721192,7796382
2014-11-05,18.10627555847168,26.761768341064453,26.89015769958496,26.0627670288086,26.2268180847168,13005092
2014-11-06,18.06766700744629,26.704708099365234,26.86875915527344,26.412267684936523,26.71183967590332,13197447
2014-11-07,18.22692108154297,26.940086364746094,27.03281021118164,26.66191291809082,26.733238220214844,10329656
2014-11-10,18.14488220214844,26.818830490112305,26.925819396972656,26.462196350097656,26.89015769958496,8543508
2014-11-11,18.12074851989746,26.783166885375977,27.025678634643555,26.69757461547852,26.840227127075195,6051733
2014-11-12,17.483308792114258,25.627674102783203,26.390869140625,25.570613861083984,26.390869140625,13881202
2014-11-13,17.205951690673828,25.22111320495605,25.948644638061523,25.11412239074707,25.7631950378418,11012710
2014-11-14,17.23028564453125,25.256776809692383,25.356632232666016,25.09272575378418,25.11412239074707,9170061
2014-11-17,17.376264572143555,25.47075653076172,25.58487892150879,25.14265251159668,25.206846237182617,8276707
2014-11-18,17.415189743041992,25.527816772460938,25.7774600982666,25.44222450256348,25.54921531677246,6672679
2014-11-19,17.541698455810547,25.713266372680664,25.72753143310547,25.256776809692383,25.449357986450195,8221608
2014-11-20,17.488176345825195,25.63480758666992,25.734664916992188,25.52068519592285,25.691869735717773,6258107
2014-11-21,17.639022827148438,25.855920791625977,25.948644638061523,25.563480377197266,25.884450912475582,8847882
2014-11-24,17.152423858642578,25.14265251159668,25.855920791625977,25.106990814208984,25.7774600982666,8851527
2014-11-25,17.118370056152344,25.09272575378418,25.213979721069336,24.743223190307617,25.178316116333008,10196746
2014-11-26,17.36652946472168,25.45649147033692,25.477888107299805,25.178316116333008,25.206846237182617,5080147
2014-11-28,17.600099563598633,25.798858642578125,25.82025718688965,25.3138370513916,25.427959442138672,2635199
2014-12-01,17.6341552734375,25.84878730773925,26.069900512695312,25.449357986450195,25.63480758666992,9166697
2014-12-02,17.857990264892578,26.176889419555664,26.269615173339844,25.72753143310547,25.84878730773925,10668940
2014-12-03,17.62442398071289,25.834522247314453,26.28388023376465,25.54208374023437,26.16975784301757,9597391
2014-12-04,17.36652946472168,25.45649147033692,26.091297149658203,25.36376571655273,25.877317428588867,9969762
2014-12-05,17.317873001098633,25.38516426086425,25.45649147033692,25.02853012084961,25.15691947937012,8313580
2014-12-08,17.434659957885742,25.55634880065918,25.63480758666992,25.27817344665528,25.477888107299805,8519253
2014-12-09,17.69255256652832,25.93437957763672,26.091297149658203,25.499286651611328,25.534950256347656,9917468
2014-12-10,17.488176345825195,25.63480758666992,26.2410831451416,25.627674102783203,25.970043182373047,9295681
2014-12-11,17.648754119873047,25.87018585205078,26.176889419555664,25.63480758666992,25.66333770751953,8560752
2014-12-12,17.47844886779785,25.62054252624512,26.00570678710937,25.534950256347656,25.713266372680664,6774184
2014-12-15,17.27894401550293,25.328102111816406,25.798858642578125,25.19971466064453,25.75606346130371,7042106
2014-12-16,17.26434326171875,25.30670547485352,25.84165573120117,25.128387451171875,25.30670547485352,6991634
2014-12-17,17.799596786499023,26.091297149658203,26.319543838500977,25.392297744750977,25.413694381713867,8429946
2014-12-18,18.26186180114746,26.76890182495117,26.76890182495117,26.027103424072266,26.176889419555664,9860266
2014-12-19,18.30079460144043,26.82596206665039,27.03281021118164,26.512126922607425,26.77603340148925,16085567
2014-12-22,18.00883674621582,26.39800262451172,26.71183967590332,26.0770320892334,26.54778861999512,10522571
2014-12-23,18.12074851989746,26.56205368041992,26.79743194580078,26.36947250366211,26.4907283782959,4749555
2014-12-24,18.41756629943848,26.997146606445312,27.282453536987305,26.56918716430664,26.56918716430664,6547200
2014-12-26,18.59274673461914,27.25392341613769,27.567760467529297,26.94721794128418,27.025678634643555,8267173
2014-12-29,18.79712104797364,27.55349540710449,27.767475128173828,27.225391387939453,27.23965835571289,9365500
2014-12-30,18.539220809936523,27.17546463012696,27.603424072265625,27.01141166687012,27.48216819763184,7284652
2014-12-31,18.042898178100582,26.44793128967285,27.282453536987305,26.39800262451172,27.196861267089844,7831011
2015-01-02,18.28133010864257,26.79743194580078,26.85449409484864,26.44793128967285,26.44793128967285,6972006
2015-01-05,17.760671615600586,26.034236907958984,26.79030036926269,25.82738876342773,26.60485076904297,12329749
2015-01-06,17.62442398071289,25.834522247314453,26.48359489440918,25.798858642578125,26.119829177856445,10649452
2015-01-07,17.648754119873047,25.87018585205078,26.069900512695312,25.734664916992188,25.92011451721192,10545844
2015-01-08,17.78499984741211,26.069900512695312,26.4907283782959,25.87018585205078,25.98430824279785,7527759
2015-01-09,17.755800247192383,26.027103424072266,26.390869140625,25.87018585205078,26.33380889892578,5958640
2015-01-12,17.82392120361328,26.12696075439453,26.326675415039062,25.82025718688965,26.2268180847168,7124684
2015-01-13,17.765535354614258,26.04136848449707,26.55492210388184,25.912981033325195,26.319543838500977,7656322
2015-01-14,17.965038299560547,26.33380889892578,26.376604080200195,25.84878730773925,25.884450912475582,8309514
2015-01-15,18.13534545898437,26.583452224731445,26.669044494628903,26.30527877807617,26.5263900756836,10542619
2015-01-16,18.188873291015625,26.66191291809082,26.76890182495117,26.519258499145508,26.533523559570312,8751845
2015-01-20,18.12561798095703,26.56918716430664,26.8045654296875,26.2410831451416,26.74750328063965,9089727
2015-01-21,18.485694885253903,27.09700393676757,27.1184024810791,26.31241035461425,26.512126922607425,8627768
2015-01-22,18.12561798095703,26.56918716430664,27.282453536987305,26.390869140625,27.26105690002441,9469108
2015-01-23,18.184011459350582,26.6547794342041,26.85449409484864,26.619115829467773,26.6547794342041,4499018
2015-01-26,18.169404983520508,26.63338088989257,26.6904411315918,26.355207443237305,26.57632064819336,5945321
2015-01-27,18.203468322753903,26.68330955505371,26.89015769958496,26.56205368041992,26.56918716430664,5314702
2015-01-28,18.00396728515625,26.390869140625,26.940086364746094,26.36947250366211,26.66191291809082,5455322
2015-01-29,18.018564224243164,26.412267684936523,26.56205368041992,26.055635452270508,26.390869140625,6080194
2015-01-30,17.536834716796875,25.70613479614257,26.390869140625,25.68473625183105,26.19115447998047,9316430
2015-02-02,17.541698455810547,25.713266372680664,25.977174758911133,25.47075653076172,25.677602767944336,10027525
2015-02-03,17.96990394592285,26.3409423828125,26.38373756408692,25.641939163208008,25.748929977416992,11958499
2015-02-04,17.609827041625977,25.81312370300293,26.24821662902832,25.70613479614257,26.23395156860352,8604214
2015-02-05,17.809329986572266,26.105562210083008,26.33380889892578,25.713266372680664,25.912981033325195,7812505
2015-02-06,17.030780792236328,24.964336395263672,25.99144172668457,24.757488250732425,25.93437957763672,12965976
2015-02-09,16.777748107910156,24.59343719482422,25.014265060424805,24.486448287963867,24.950071334838867,10186091
2015-02-10,17.030780792236328,24.964336395263672,25.035663604736328,24.45078468322754,24.572040557861328,13426674
2015-02-11,16.819673538208008,24.43651962280273,24.636234283447266,24.32952880859375,24.607702255249023,9893914
2015-02-12,16.908044815063477,24.56490707397461,24.693294525146484,24.17974281311035,24.47931480407715,14542666
2015-02-13,16.45146369934082,23.90156936645508,24.258203506469727,23.25962829589844,23.3452205657959,21151694
2015-02-17,16.24527359008789,23.60199737548828,23.95149803161621,23.473609924316406,23.844507217407227,15201045
2015-02-18,16.642934799194336,24.17974281311035,24.26533508300781,23.54493522644043,23.609130859375,10213430
2015-02-19,16.407285690307617,23.83737564086914,24.258203506469727,23.701854705810547,24.24393653869629,7350265
2015-02-20,16.392555236816406,23.815977096557617,23.930099487304688,23.609130859375,23.851640701293945,9332553
2015-02-23,16.584026336669922,24.09415054321289,24.09415054321289,23.773181915283203,23.86590576171875,10353349
2015-02-24,17.079879760742188,24.81455039978028,24.935806274414062,24.01569175720215,24.09415054321289,11982754
2015-02-25,16.932592391967773,24.600570678710938,24.90727424621582,24.56490707397461,24.77175521850586,11789278
2015-02-26,16.67238998413086,24.2225399017334,24.693294525146484,23.88730430603028,24.693294525146484,11220767
2015-02-27,16.65275764465332,24.19400978088379,24.286733627319336,24.02995681762696,24.17974281311035,7373398
2015-03-02,16.117630004882812,23.416547775268555,24.19400978088379,23.380884170532227,24.19400978088379,9755817
2015-03-03,16.210905075073242,23.55206871032715,23.637659072875977,23.25249671936035,23.51640510559082,12644778
2015-03-04,16.01453399658203,23.26676177978516,23.64479255676269,23.216833114624023,23.64479255676269,9473454
2015-03-05,16.18636131286621,23.51640510559082,23.75178337097168,23.39514923095703,23.75178337097168,10676931
2015-03-06,15.842700004577637,23.01711845397949,23.26676177978516,22.910127639770508,23.18116950988769,12912700
2015-03-09,15.759236335754396,22.895862579345703,23.145505905151367,22.660484313964844,23.059913635253903,8179829
2015-03-10,15.773968696594238,22.917261123657227,23.25962829589844,22.774608612060547,22.917261123657227,10333862
2015-03-11,15.626683235168455,22.70328140258789,23.10271072387696,22.61768913269043,23.01711845397949,10524393
2015-03-12,16.04889488220215,23.31669044494629,23.530670166015625,22.85306739807129,22.85306739807129,9894335
2015-03-13,15.901618957519531,23.10271072387696,23.25249671936035,22.71754646301269,23.25249671936035,9057481
2015-03-16,16.04889488220215,23.31669044494629,23.59486389160156,23.223966598510746,23.223966598510746,6116926
2015-03-17,16.166723251342773,23.48787307739257,23.737518310546875,23.124107360839844,23.28102684020996,8276286
2015-03-18,16.5545654296875,24.05135536193848,24.24393653869629,23.352354049682617,23.445077896118164,11170996
2015-03-19,16.323820114135742,23.71611976623535,24.26533508300781,23.58773231506348,23.95149803161621,8841713
2015-03-20,16.299274444580078,23.680456161499023,24.122682571411133,23.6590576171875,23.844507217407227,18237076
2015-03-23,16.377824783325195,23.794578552246094,24.01569175720215,23.687589645385746,23.71611976623535,8451817
2015-03-24,16.304189682006836,23.687589645385746,23.9087028503418,23.466476440429688,23.74464988708496,8137629
2015-03-25,16.12253761291504,23.42367935180664,23.830242156982425,23.359485626220703,23.701854705810547,8825730
2015-03-26,15.965435028076172,23.1954345703125,23.5092716217041,23.10984230041504,23.359485626220703,9289091
2015-03-27,15.92124843597412,23.13124084472656,23.452211380004883,23.08131217956543,23.29529190063477,8293952
2015-03-30,16.48092269897461,23.94436454772949,24.058488845825195,23.13837432861328,23.18116950988769,14047059
2015-03-31,16.500566482543945,23.97289657592773,24.05135536193848,23.60199737548828,23.766048431396484,21807129
2015-04-01,16.1274471282959,23.43081283569336,23.57346534729004,23.038515090942383,23.26676177978516,22098604
2015-04-02,16.38764762878418,23.80884552001953,23.95149803161621,23.452211380004883,23.452211380004883,10255209
2015-04-06,16.608566284179688,24.12981414794922,24.308130264282227,23.80171203613281,23.87303924560547,5914758
2015-04-07,16.593843460083008,24.108417510986328,24.251070022583008,24.058488845825195,24.11554908752441,6762687
2015-04-08,16.3974666595459,23.823110580444336,24.09415054321289,23.78031349182129,24.087018966674805,8569024
2015-04-09,16.42201042175293,23.85877227783203,23.930099487304688,23.609130859375,23.78031349182129,6384428
2015-04-10,16.38764762878418,23.80884552001953,24.02995681762696,23.737518310546875,23.90156936645508,7319842
2015-04-13,16.264909744262695,23.63052749633789,23.83737564086914,23.58773231506348,23.737518310546875,7500139
2015-04-14,16.426921844482422,23.86590576171875,23.90156936645508,23.609130859375,23.70898628234864,6180437
2015-04-15,16.53002166748047,24.01569175720215,24.26533508300781,23.9087028503418,23.930099487304688,8730675
2015-04-16,16.392555236816406,23.815977096557617,23.9087028503418,23.57346534729004,23.90156936645508,7971772
2015-04-17,16.19618034362793,23.530670166015625,23.894437789916992,23.40228271484375,23.687589645385746,8854331
2015-04-20,16.525114059448242,24.00855827331543,24.27246856689453,23.59486389160156,23.637659072875977,7704971
2015-04-21,16.255090713500977,23.61626243591309,24.2082748413086,23.530670166015625,24.00855827331543,7584820
2015-04-22,16.255090713500977,23.61626243591309,23.830242156982425,23.537803649902344,23.75178337097168,6534442
2015-04-23,16.24527359008789,23.60199737548828,23.773181915283203,23.502140045166016,23.623395919799805,9269463
2015-04-24,16.72149085998535,24.293865203857425,24.500713348388672,23.58059883117676,23.609130859375,12472893
2015-04-27,16.382736206054688,23.80171203613281,24.3723258972168,23.64479255676269,24.322397232055664,10519627
2015-04-28,16.5545654296875,24.05135536193848,24.07988548278809,23.623395919799805,23.694721221923828,8370220
2015-04-29,16.603660583496094,24.122682571411133,24.229671478271484,23.65192604064941,23.88730430603028,8803298
2015-04-30,16.701852798461914,24.26533508300781,24.279600143432617,23.815977096557617,24.11554908752441,12565705
2015-05-01,16.75094223022461,24.33666229248047,24.407989501953125,24.037090301513672,24.293865203857425,6522665
2015-05-04,17.089689254760742,24.82881546020508,24.950071334838867,24.19400978088379,24.32952880859375,11947423
2015-05-05,16.701852798461914,24.26533508300781,24.864479064941406,24.12981414794922,24.714693069458008,8153471
2015-05-06,16.4171085357666,23.851640701293945,24.36519241333008,23.64479255676269,24.315263748168945,9940460
2015-05-07,16.608566284179688,24.12981414794922,24.26533508300781,23.851640701293945,23.88730430603028,8537759
2015-05-08,16.657663345336914,24.201141357421875,24.629100799560547,24.06562042236328,24.41512107849121,7988596
2015-05-11,16.38764762878418,23.80884552001953,24.36519241333008,23.71611976623535,24.144079208374023,9052013
2015-05-12,16.520200729370117,24.001426696777344,24.087018966674805,23.502140045166016,23.74464988708496,8184736
2015-05-13,16.39632225036621,23.60199737548828,23.98002815246582,23.502140045166016,23.815977096557617,6326104
2015-05-14,16.61930274963379,23.9229679107666,23.94436454772949,23.66619110107422,23.673324584960938,7185671
2015-05-15,17.09498405456543,24.607702255249023,24.76462173461914,23.880170822143555,24.02995681762696,14988502
2015-05-18,17.090036392211914,24.600570678710938,24.664764404296875,24.393722534179688,24.50784683227539,6356388
2015-05-19,17.15445327758789,24.693294525146484,24.786020278930664,24.393722534179688,24.45078468322754,6862650
2015-05-20,17.010761260986328,24.486448287963867,24.743223190307617,24.43651962280273,24.67902946472168,9242825
2015-05-21,17.075170516967773,24.57917213439941,24.700428009033203,24.42225456237793,24.500713348388672,5470604
2015-05-22,17.045433044433594,24.536376953125,24.643367767333984,24.358060836791992,24.500713348388672,4928030
2015-05-26,16.79273796081543,24.172611236572266,24.522111892700195,23.965763092041016,24.50784683227539,7515141
2015-05-27,16.822458267211914,24.21540641784668,24.322397232055664,24.136947631835938,24.17974281311035,6143844
2015-05-28,16.822458267211914,24.21540641784668,24.315263748168945,24.037090301513672,24.21540641784668,6822693
2015-05-29,16.762998580932617,24.12981414794922,24.26533508300781,23.95149803161621,24.24393653869629,8175202
2015-06-01,16.84227752685547,24.24393653869629,24.407989501953125,24.07988548278809,24.258203506469727,7224506
2015-06-02,16.71344566345215,24.058488845825195,24.17974281311035,23.766048431396484,24.087018966674805,7510093
2015-06-03,16.55984115600586,23.83737564086914,24.136947631835938,23.766048431396484,24.09415054321289,10629543
2015-06-04,16.644075393676758,23.95863151550293,24.27246856689453,23.73038482666016,23.7589168548584,8605055
2015-06-05,16.564796447753906,23.844507217407227,23.915834426879883,23.59486389160156,23.787446975708008,9037572
2015-06-08,16.406227111816406,23.61626243591309,23.915834426879883,23.56633377075196,23.9087028503418,7737498
2015-06-09,16.406227111816406,23.61626243591309,23.74464988708496,23.48787307739257,23.57346534729004,8741750
2015-06-10,16.936426162719727,24.379457473754883,24.457916259765625,24.144079208374023,24.286733627319336,14859798
2015-06-11,16.971111297607422,24.429386138916016,24.550642013549805,24.286733627319336,24.52924346923828,8358584
2015-06-12,16.797687530517578,24.17974281311035,24.472183227539062,24.158344268798828,24.315263748168945,6052855
2015-06-15,16.753084182739258,24.11554908752441,24.24393653869629,23.965763092041016,24.06562042236328,16396530
2015-06-16,16.847240447998047,24.251070022583008,24.315263748168945,23.95863151550293,24.07988548278809,5360827
2015-06-17,16.936426162719727,24.379457473754883,24.472183227539062,24.108417510986328,24.251070022583008,5301523
2015-06-18,16.9760684967041,24.43651962280273,24.629100799560547,24.3865909576416,24.400856018066406,10094680
2015-06-19,16.61434555053711,23.915834426879883,24.42225456237793,23.894437789916992,24.343795776367188,12880454
2015-06-22,16.54993438720703,23.823110580444336,24.06562042236328,23.66619110107422,24.022825241088867,8541965
2015-06-23,16.252628326416016,23.39514923095703,23.78031349182129,23.37375259399414,23.72325134277344,6643237
2015-06-24,16.24271583557129,23.380884170532227,23.495006561279297,23.309558868408203,23.39514923095703,12916626
2015-06-25,15.871084213256836,22.84593391418457,23.366619110107425,22.84593391418457,23.366619110107425,9076127
2015-06-26,15.91072940826416,22.902996063232425,22.981454849243164,22.631954193115234,22.8815975189209,8697447
2015-06-29,15.757118225097656,22.681882858276367,23.124107360839844,22.67474937438965,22.8815975189209,6825216
2015-06-30,15.56882667541504,22.41084289550781,22.910127639770508,22.31098365783692,22.78887367248535,9965556
2015-07-01,15.722429275512695,22.631954193115234,22.63908767700196,22.425106048583984,22.47503662109375,6624590
2015-07-02,15.880998611450195,22.860200881958008,23.059913635253903,22.7318115234375,22.78174018859864,7775212
2015-07-06,15.82649040222168,22.78174018859864,22.974321365356445,22.56062889099121,22.78887367248535,6550705
2015-07-07,16.23776626586914,23.37375259399414,23.466476440429688,22.8815975189209,22.888729095458984,9898541
2015-07-08,16.153528213500977,23.25249671936035,23.4593448638916,23.10984230041504,23.231098175048828,8850405
2015-07-09,16.103971481323242,23.18116950988769,23.43081283569336,23.074180603027344,23.302425384521484,12499391
2015-07-10,16.22785186767578,23.359485626220703,23.466476440429688,23.10984230041504,23.18116950988769,11091222
2015-07-13,16.203075408935547,23.323823928833008,23.495006561279297,23.145505905151367,23.43794631958008,17462471
2015-07-14,16.23776626586914,23.37375259399414,23.502140045166016,23.216833114624023,23.380884170532227,8406672
2015-07-15,16.27740478515625,23.43081283569336,23.452211380004883,23.18830108642578,23.359485626220703,3869520
2015-07-16,16.644075393676758,23.95863151550293,24.037090301513672,23.43081283569336,23.43081283569336,12491399
2015-07-17,16.59453010559082,23.88730430603028,24.09415054321289,23.72325134277344,23.95863151550293,11913495
2015-07-20,16.54497718811035,23.815977096557617,23.851640701293945,23.60199737548828,23.851640701293945,6661463
2015-07-21,16.24271583557129,23.380884170532227,23.794578552246094,23.37375259399414,23.7589168548584,15344049
2015-07-22,16.24271583557129,23.380884170532227,23.537803649902344,23.323823928833008,23.388017654418945,14871435
2015-07-23,15.479637145996094,22.282453536987305,23.29529190063477,22.168331146240234,23.28816032409668,23963685
2015-07-24,15.316123962402344,22.047075271606445,22.446504592895508,22.03994369506836,22.282453536987305,16648610
2015-07-27,15.177377700805664,21.84736061096192,22.34664726257324,21.84736061096192,22.03994369506836,16697820
2015-07-28,15.360712051391602,22.111270904541016,22.37517738342285,21.9543514251709,22.00428009033203,21402091
2015-07-29,15.43008804321289,22.21112632751465,22.63908767700196,21.86162567138672,22.4179744720459,18003362
2015-07-30,15.682798385620115,22.574893951416016,22.66761779785156,22.196861267089844,22.196861267089844,14019579
2015-07-31,15.90081787109375,22.888729095458984,23.16690444946289,22.738943099975582,22.78887367248535,12143563
2015-08-03,16.079198837280273,23.145505905151367,23.238231658935547,22.860200881958008,22.87446594238281,11122627
2015-08-04,15.732342720031738,22.64621925354004,23.20256805419922,22.61768913269043,23.15263938903809,10096223
2015-08-05,15.722429275512695,22.631954193115234,22.96005630493164,22.61768913269043,22.76034164428711,7640900
2015-08-06,15.851265907287598,22.81740379333496,22.85306739807129,22.29671859741211,22.66761779785156,11249508
2015-08-07,16.07424545288086,23.13837432861328,23.28816032409668,22.68901634216309,22.76034164428711,11055892
2015-08-10,15.945411682128906,22.952924728393555,23.238231658935547,22.79600524902344,23.145505905151367,8231703
2015-08-11,15.90081787109375,22.888729095458984,23.209699630737305,22.78174018859864,22.988588333129883,8959201
2015-08-12,16.35612678527832,23.31669044494629,23.388017654418945,22.68901634216309,22.71041488647461,12840357
2015-08-13,16.386152267456055,23.359485626220703,23.4593448638916,22.94579124450684,23.1954345703125,7497335
2015-08-14,16.55126190185547,23.59486389160156,23.65192604064941,23.16690444946289,23.24536323547364,6110196
2015-08-17,16.71636962890625,23.830242156982425,24.022825241088867,23.48074150085449,23.502140045166016,7877417
2015-08-18,16.811433792114258,23.965763092041016,23.98002815246582,23.559200286865234,23.701854705810547,9637208
2015-08-19,17.101634979248047,24.379457473754883,24.45078468322754,23.773181915283203,23.88730430603028,14742871
2015-08-20,16.91150665283203,24.108417510986328,24.56490707397461,24.07275390625,24.251070022583008,9997241
2015-08-21,16.511228561401367,23.537803649902344,24.21540641784668,23.48074150085449,24.07988548278809,16347040
2015-08-24,16.331106185913086,23.28102684020996,23.9229679107666,22.93152618408203,23.29529190063477,28640196
2015-08-25,15.210345268249512,21.68330955505371,23.86590576171875,21.66191291809082,23.6590576171875,37104771
2015-08-26,15.730703353881836,22.425106048583984,22.70328140258789,21.88302421569824,22.23965835571289,25258432
2015-08-27,15.87079906463623,22.62482261657715,22.67474937438965,22.246789932250977,22.5820255279541,10507990
2015-08-28,15.71068286895752,22.39657592773437,22.72467994689941,22.06134033203125,22.539230346679688,10386997
2015-08-31,15.390469551086426,21.940086364746094,22.25392341613769,21.619115829467773,22.225391387939453,14465275
2015-09-01,14.990198135375977,21.36947250366211,21.85449409484864,21.21968650817871,21.6904411315918,13170809
2015-09-02,14.990198135375977,21.36947250366211,21.640514373779297,21.27674865722656,21.5406551361084,11358163
2015-09-03,15.140298843383787,21.583452224731445,21.647645950317383,21.355207443237305,21.46932983398437,9485091
2015-09-04,14.87011432647705,21.198287963867188,21.46932983398437,21.105562210083008,21.39800262451172,8129357
2015-09-08,15.15531063079834,21.60485076904297,21.63338088989257,21.376604080200195,21.44793128967285,5387606
2015-09-09,14.905141830444336,21.24821662902832,21.761768341064453,21.205421447753903,21.640514373779297,6325964
2015-09-10,14.885126113891602,21.21968650817871,21.47646141052246,21.14122772216797,21.433666229248047,9125898
2015-09-11,14.860113143920898,21.184022903442383,21.27674865722656,21.0770320892334,21.16975784301757,5620758
2015-09-14,15.090269088745115,21.512126922607425,21.704708099365234,21.319543838500977,21.319543838500977,7513038
2015-09-15,15.255373001098633,21.74750328063965,21.818830490112305,21.46932983398437,21.619115829467773,7263482
2015-09-16,15.540569305419922,22.15406608581543,22.196861267089844,21.71897315979004,21.77603340148925,10977380
2015-09-17,15.795753479003906,22.517831802368164,22.78174018859864,22.054208755493164,22.14693260192871,9648985
2015-09-18,15.465524673461914,22.047075271606445,22.50356674194336,22.01854515075684,22.111270904541016,12851153
2015-09-21,15.270386695861816,21.76890182495117,22.25392341613769,21.754636764526367,22.06134033203125,10625197
2015-09-22,14.239689826965332,20.2995719909668,21.81169891357422,20.26390838623047,21.74037170410156,31520325
2015-09-23,14.519875526428224,20.69900131225586,21.034236907958984,20.2995719909668,20.499286651611328,20879145
2015-09-24,14.544896125793455,20.734664916992188,20.855920791625977,20.29243850708008,20.592010498046875,20532570
2015-09-25,14.760038375854492,21.04136848449707,21.198287963867188,20.72753143310547,20.95577621459961,14567341
2015-09-28,14.60993766784668,20.82738876342773,21.28388023376465,20.74179649353028,20.89871597290039,13579071
2015-09-29,14.58492374420166,20.791725158691406,21.08416557312012,20.641939163208008,20.962909698486328,9951676
2015-09-30,14.860113143920898,21.184022903442383,21.2268180847168,20.7774600982666,20.93437957763672,9415692
2015-10-01,14.60993766784668,20.82738876342773,21.21968650817871,20.72753143310547,21.16262435913086,10433964
2015-10-02,14.920147895812988,21.269615173339844,21.269615173339844,20.77032852172852,21.034236907958984,10017991
2015-10-05,15.160316467285156,21.61198234558105,21.93295288085937,21.3409423828125,21.390869140625,13188614
2015-10-06,15.11528205871582,21.54778861999512,21.704708099365234,21.30527877807617,21.56918716430664,11087156
2015-10-07,15.075249671936035,21.4907283782959,21.76890182495117,21.433666229248047,21.619115829467773,10018552
2015-10-08,15.45051097869873,22.025678634643555,22.09700393676757,21.291013717651367,21.44793128967285,11374566
2015-10-09,15.420491218566896,21.982881546020508,22.125534057617188,21.86162567138672,22.01854515075684,11044395
2015-10-12,15.525564193725586,22.132667541503903,22.37517738342285,22.03994369506836,22.06847381591797,8638143
2015-10-13,15.305411338806152,21.818830490112305,22.23965835571289,21.77603340148925,22.1184024810791,10186371
2015-10-14,15.205345153808594,21.676176071166992,21.897289276123047,21.56205368041992,21.86162567138672,13610336
2015-10-15,15.4905366897583,22.082738876342773,22.218259811401367,21.24821662902832,21.761768341064453,17028131
2015-10-16,15.240371704101562,21.72610664367676,22.21112632751465,21.647645950317383,22.17546463012696,13256611
2015-10-19,15.100268363952637,21.5263900756836,21.72610664367676,21.36947250366211,21.66191291809082,11067108
2015-10-20,15.300413131713867,21.81169891357422,21.90442276000977,21.512126922607425,21.54778861999512,10141647
2015-10-21,15.240371704101562,21.72610664367676,22.00428009033203,21.669044494628903,21.84736061096192,6450462
2015-10-22,15.515557289123535,22.1184024810791,22.14693260192871,21.77603340148925,21.81169891357422,7646648
2015-10-23,14.940165519714355,21.298145294189453,22.047075271606445,21.28388023376465,22.01141166687012,10878539
2015-10-26,14.594931602478027,20.80599021911621,21.39800262451172,20.67047119140625,21.30527877807617,13131412
2015-10-27,14.284716606140137,20.36376571655273,20.77032852172852,20.256776809692383,20.713266372680664,9980137
2015-10-28,14.289724349975586,20.370899200439453,20.66333770751953,20.11412239074707,20.427959442138672,13285913
2015-10-29,14.304731369018556,20.392297744750977,20.427959442138672,19.90727424621582,20.2995719909668,10738339
2015-10-30,13.969502449035645,19.91440773010254,20.75606346130371,19.76462173461914,20.449357986450195,18535141
2015-11-02,14.194659233093262,20.23537826538086,20.27817344665528,19.950071334838867,19.950071334838867,11103279
2015-11-03,14.264707565307615,20.335235595703125,20.38516426086425,20.04279518127441,20.22824478149414,8819842
2015-11-04,14.559906005859377,20.75606346130371,20.75606346130371,20.2995719909668,20.34236717224121,15362275
2015-11-05,14.379783630371094,20.499286651611328,20.834522247314453,20.45649147033692,20.7774600982666,8656649
2015-11-06,14.05456256866455,20.035663604736328,20.328102111816406,19.778886795043945,20.22111320495605,13547666
2015-11-09,14.414807319641112,20.54921531677246,20.834522247314453,20.09272575378418,20.11412239074707,19264742
2015-11-10,14.536195755004885,20.499286651611328,20.691869735717773,20.328102111816406,20.36376571655273,9634824
2015-11-11,14.601943969726562,20.592010498046875,20.67047119140625,20.45649147033692,20.570613861083984,8633937
2015-11-12,14.44515609741211,20.370899200439453,20.67047119140625,20.36376571655273,20.477888107299805,9635666
2015-11-13,14.33388328552246,20.213979721069336,20.5991439819336,20.15691947937012,20.37803077697754,20467938
2015-11-16,14.490675926208496,20.43509292602539,20.44222450256348,20.164051055908203,20.213979721069336,9891531
2015-11-17,14.005123138427734,19.750356674194336,20.54921531677246,19.6861629486084,20.392297744750977,13292642
2015-11-18,14.222610473632812,20.05706024169922,20.099857330322266,19.607702255249023,19.757488250732425,13340310
2015-11-19,14.242844581604004,20.08559226989746,20.392297744750977,20.049928665161133,20.106990814208984,8358163
2015-11-20,14.16191864013672,19.97146987915039,20.32097053527832,19.6718978881836,20.17118453979492,13596876
2015-11-23,13.995006561279297,19.73609161376953,20.021398544311523,19.693294525146484,19.957204818725582,8903541
2015-11-24,14.050641059875488,19.81455039978028,19.87874412536621,19.54350852966309,19.664764404296875,11536357
2015-11-25,14.010177612304688,19.757488250732425,19.843080520629883,19.600570678710938,19.793153762817383,6357369
2015-11-27,13.969719886779783,19.700428009033203,19.85734748840332,19.65763282775879,19.793153762817383,3152818
2015-11-30,13.812928199768066,19.47931480407715,19.778886795043945,19.457916259765625,19.700428009033203,12201326
2015-12-01,14.08604335784912,19.864479064941406,19.88587760925293,19.557775497436523,19.600570678710938,10181044
2015-12-02,13.828100204467772,19.500713348388672,19.8502140045166,19.44365119934082,19.793153762817383,9425085
2015-12-03,13.726943969726562,19.358060836791992,19.600570678710938,19.286733627319336,19.41512107849121,7804373
2015-12-04,13.509453773498535,19.05135536193848,19.57917213439941,19.00855827331543,19.500713348388672,15767172
2015-12-07,13.534741401672363,19.087018966674805,19.18687629699707,18.74464988708496,19.05135536193848,13479669
2015-12-08,13.423465728759766,18.930099487304688,19.04422378540039,18.701854705810547,18.97289657592773,8023926
2015-12-09,13.438647270202637,18.95149803161621,19.30099868774414,18.766048431396484,18.815977096557617,8177726
2015-12-10,13.393126487731934,18.88730430603028,19.07988548278809,18.773181915283203,18.98002815246582,9749788
2015-12-11,13.120003700256348,18.502140045166016,18.930099487304688,18.4593448638916,18.73038482666016,10240208
2015-12-14,12.87722873687744,18.159772872924805,18.55206871032715,17.895862579345703,18.537803649902344,15288389
2015-12-15,12.973328590393066,18.29529190063477,18.58059883117676,18.159772872924805,18.18830108642578,15000138
2015-12-16,13.372897148132324,18.85877227783203,18.965763092041016,18.28102684020996,18.31669044494629,15691044
2015-12-17,13.453821182250977,18.97289657592773,19.108417510986328,18.694721221923828,18.85877227783203,11402887
2015-12-18,13.60555648803711,19.18687629699707,19.286733627319336,18.73038482666016,18.90156936645508,24007287
2015-12-21,13.873619079589844,19.56490707397461,19.62196922302246,19.144079208374023,19.308130264282227,13774370
2015-12-22,13.919143676757812,19.629100799560547,19.700428009033203,19.400856018066406,19.52924346923828,8734039
2015-12-23,14.055705070495604,19.821683883666992,19.871612548828125,19.56490707397461,19.636234283447266,7327132
2015-12-24,14.035468101501465,19.793153762817383,19.871612548828125,19.721826553344727,19.73609161376953,2566081
2015-12-28,14.040531158447266,19.80028533935547,19.843080520629883,19.51497840881348,19.721826553344727,6424665
2015-12-29,14.13662815093994,19.935806274414062,19.97146987915039,19.76462173461914,19.90727424621582,6692447
2015-12-30,14.005123138427734,19.750356674194336,19.935806274414062,19.614835739135746,19.786020278930664,6220814
2015-12-31,14.045584678649902,19.807418823242188,19.864479064941406,19.486448287963867,19.714693069458008,7856668
2016-01-04,14.14673900604248,19.950071334838867,19.97146987915039,19.493581771850582,19.600570678710938,10260116
2016-01-05,14.242844581604004,20.08559226989746,20.106990814208984,19.557775497436523,19.88587760925293,7834937
2016-01-06,14.258013725280762,20.106990814208984,20.17118453979492,19.80028533935547,19.893009185791016,9413729
2016-01-07,14.08099365234375,19.85734748840332,20.106990814208984,19.73609161376953,19.843080520629883,7724599
2016-01-08,14.070871353149414,19.843080520629883,19.957204818725582,19.57917213439941,19.90014266967773,11168052
2016-01-11,14.1922607421875,20.014265060424805,20.22824478149414,19.843080520629883,19.935806274414062,11481679
2016-01-12,14.131566047668455,19.928672790527344,20.099857330322266,19.664764404296875,20.099857330322266,9571314
2016-01-13,13.929255485534668,19.643367767333984,20.08559226989746,19.50784683227539,19.94293975830078,11297737
2016-01-14,14.1163969039917,19.90727424621582,20.04279518127441,19.3865909576416,19.636234283447266,13237824
2016-01-15,13.88879108428955,19.586305618286133,19.950071334838867,19.229671478271484,19.51497840881348,14348769
2016-01-19,13.97983455657959,19.714693069458008,19.92154121398925,19.59343719482422,19.70756149291992,12461397
2016-01-20,13.544862747192385,19.10128402709961,19.57917213439941,18.73038482666016,19.550642013549805,15078650
2016-01-21,13.86856174468994,19.557775497436523,19.636234283447266,18.95863151550293,19.172611236572266,12674080
2016-01-22,14.177088737487791,19.99286651611328,20.035663604736328,19.586305618286133,19.62196922302246,9957845
2016-01-25,13.737062454223633,19.3723258972168,20.04279518127441,19.358060836791992,19.97146987915039,11828814
2016-01-26,14.08099365234375,19.85734748840332,19.97146987915039,19.41512107849121,19.429386138916016,9715860
2016-01-27,14.18720531463623,20.00713348388672,20.271041870117188,19.714693069458008,19.950071334838867,8562575
2016-01-28,14.521021842956545,20.477888107299805,20.641939163208008,19.864479064941406,20.014265060424805,9535843
2016-01-29,14.955992698669434,21.091297149658203,21.16262435913086,20.65620422363281,20.68473625183105,16755582
2016-02-01,15.17347812652588,21.39800262451172,21.47646141052246,20.87018585205078,20.970043182373047,13313813
2016-02-02,15.244292259216309,21.497859954833984,21.512126922607425,20.977174758911133,21.184022903442383,13831571
2016-02-03,15.987786293029783,22.546361923217773,22.631954193115234,21.504993438720703,21.56918716430664,21166555
2016-02-04,16.311492919921875,23.002853393554688,23.124107360839844,22.546361923217773,22.5820255279541,19930411
2016-02-05,16.640254974365234,23.466476440429688,23.502140045166016,22.84593391418457,23.15263938903809,15345451
2016-02-08,16.367128372192383,23.08131217956543,23.623395919799805,22.902996063232425,23.366619110107425,14104961
2016-02-09,16.15470314025879,22.78174018859864,23.10984230041504,22.660484313964844,22.902996063232425,13394007
2016-02-10,15.894213676452637,22.196861267089844,22.41084289550781,21.79030036926269,22.111270904541016,15482286
2016-02-11,15.48052215576172,21.619115829467773,22.168331146240234,21.39800262451172,21.9543514251709,13982707
2016-02-12,15.557137489318848,21.72610664367676,21.840227127075195,21.38373756408692,21.61198234558105,11950227
2016-02-16,15.84315013885498,22.125534057617188,22.21112632751465,21.71897315979004,21.961484909057617,12974248
2016-02-17,15.878905296325684,22.17546463012696,22.31098365783692,21.925819396972656,22.20399475097656,10483315
2016-02-18,16.062763214111328,22.432239532470703,22.567760467529297,22.15406608581543,22.18259620666504,10776753
2016-02-19,15.955511093139648,22.282453536987305,22.36804580688477,22.06847381591797,22.33951568603516,10043928
2016-02-22,16.185340881347656,22.603424072265625,22.631954193115234,22.2681884765625,22.460769653320312,9685717
2016-02-23,15.929971694946287,22.246789932250977,22.55349540710449,22.111270904541016,22.17546463012696,12213243
2016-02-24,16.21599006652832,22.64621925354004,22.71754646301269,22.168331146240234,22.25392341613769,12111878
2016-02-25,16.333459854125977,22.81027030944824,22.81027030944824,22.510698318481445,22.63908767700196,8541825
2016-02-26,16.20577621459961,22.631954193115234,22.924394607543945,22.225391387939453,22.72467994689941,18087342
2016-02-29,16.083192825317383,22.460769653320312,22.924394607543945,22.432239532470703,22.631954193115234,13608233
2016-03-01,16.22620964050293,22.660484313964844,22.79600524902344,22.26105690002441,22.660484313964844,13939105
2016-03-02,16.507112503051758,23.05278205871582,23.074180603027344,22.01854515075684,22.546361923217773,10345638
2016-03-03,16.89527702331543,23.59486389160156,23.609130859375,22.838802337646484,23.08844566345215,12849891
2016-03-04,17.038280487060547,23.794578552246094,23.98716163635254,23.33808708190918,23.43794631958008,11830917
2016-03-07,17.324296951293945,24.19400978088379,24.286733627319336,23.75178337097168,23.880170822143555,9680249
2016-03-08,17.482620239257812,24.41512107849121,24.47931480407715,23.815977096557617,24.17974281311035,12513972
2016-03-09,17.451976776123047,24.3723258972168,24.50784683227539,24.21540641784668,24.30099868774414,10036217
2016-03-10,17.73799705505371,24.77175521850586,24.85734748840332,24.32952880859375,24.429386138916016,10754321
2016-03-11,17.73799705505371,24.77175521850586,24.950071334838867,24.56490707397461,24.91440773010254,8004719
2016-03-14,17.6971378326416,24.714693069458008,24.871612548828125,24.600570678710938,24.72895812988281,6663846
2016-03-15,17.620521545410156,24.607702255249023,24.786020278930664,24.44365119934082,24.614835739135746,7039302
2016-03-16,17.763530731201172,24.807418823242188,24.85734748840332,24.279600143432617,24.52924346923828,7009860
2016-03-17,17.82992172241211,24.90014266967773,24.964336395263672,24.643367767333984,24.864479064941406,7643003
2016-03-18,17.794174194335938,24.8502140045166,25.04279518127441,24.721826553344727,24.950071334838867,14195671
2016-03-21,17.814599990844727,24.87874412536621,25.021398544311523,24.72895812988281,24.786020278930664,8188241
2016-03-22,17.875898361206055,24.964336395263672,25.106990814208984,24.700428009033203,24.85734748840332,5461912
2016-03-23,17.732891082763672,24.76462173461914,25.32097053527832,24.614835739135746,24.950071334838867,16214551
2016-03-24,18.03421974182129,25.185449600219727,25.22111320495605,24.500713348388672,24.76462173461914,8427702
2016-03-28,17.957611083984375,25.078458786010746,25.3138370513916,24.928672790527344,25.15691947937012,6354705
2016-03-29,18.22830009460449,25.45649147033692,25.513551712036133,24.85734748840332,25.1355209350586,10605149
2016-03-30,18.09551048278809,25.271041870117188,25.50641822814941,25.256776809692383,25.499286651611328,5944340
2016-03-31,18.315126419067383,25.57774543762207,25.641939163208008,25.34950065612793,25.34950065612793,10134357
2016-04-01,18.21298789978028,25.43509292602539,25.641939163208008,25.213979721069336,25.49215316772461,10703569
2016-04-04,18.136371612548828,25.328102111816406,25.513551712036133,25.249643325805664,25.45649147033692,6265538
2016-04-05,17.671598434448242,24.67902946472168,25.206846237182617,24.643367767333984,25.19971466064453,8585848
2016-04-06,17.523483276367188,24.472183227539062,24.6861629486084,24.315263748168945,24.607702255249023,11322412
2016-04-07,17.543912887573242,24.500713348388672,24.67902946472168,24.41512107849121,24.472183227539062,6307177
2016-04-08,17.722671508789062,24.750356674194336,24.99286651611328,24.65763282775879,24.65763282775879,6855359
2016-04-11,17.640953063964844,24.636234283447266,25.0,24.600570678710938,24.76462173461914,5204364
2016-04-12,17.916751861572266,25.021398544311523,25.05706024169922,24.550642013549805,24.62196922302246,8513365
2016-04-13,17.75331687927246,24.793153762817383,25.02853012084961,24.6861629486084,25.02853012084961,5066688
2016-04-14,17.845245361328125,24.92154121398925,25.049928665161133,24.757488250732425,24.793153762817383,5333629
2016-04-15,17.554128646850586,24.51497840881348,24.92154121398925,24.50784683227539,24.92154121398925,14733197
2016-04-18,17.58477020263672,24.557775497436523,24.629100799560547,24.158344268798828,24.36519241333008,7038040
2016-04-19,17.773744583129883,24.821683883666992,24.94293975830078,24.550642013549805,24.6718978881836,9045283
2016-04-20,17.27832794189453,24.12981414794922,24.893009185791016,24.07275390625,24.821683883666992,6566688
2016-04-21,17.038280487060547,23.794578552246094,24.12981414794922,23.66619110107422,24.07275390625,8038647
2016-04-22,17.411123275756836,24.315263748168945,24.36519241333008,23.915834426879883,23.94436454772949,6549163
2016-04-25,17.451976776123047,24.3723258972168,24.41512107849121,24.07275390625,24.172611236572266,5977707
2016-04-26,17.68181610107422,24.693294525146484,24.77175521850586,24.41512107849121,24.472183227539062,7820917
2016-04-27,18.054651260375977,25.213979721069336,25.392297744750977,24.743223190307617,24.76462173461914,7304420
2016-04-28,17.957611083984375,25.078458786010746,25.335235595703125,24.88587760925293,24.985734939575195,5941536
2016-04-29,17.921863555908203,25.02853012084961,25.099857330322266,24.67902946472168,24.88587760925293,7503364
2016-05-02,17.921863555908203,25.02853012084961,25.23537826538086,24.8359489440918,25.1497859954834,5351574
2016-05-03,17.763530731201172,24.807418823242188,25.099857330322266,24.643367767333984,24.97146987915039,8936769
2016-05-04,18.008684158325195,25.1497859954834,25.328102111816406,24.786020278930664,24.793153762817383,8212776
2016-05-05,18.06997299194336,25.23537826538086,25.54208374023437,25.064193725585938,25.099857330322266,9342087
2016-05-06,18.223194122314453,25.449357986450195,25.641939163208008,25.071327209472656,25.08559226989746,8238152
2016-05-09,18.003572463989258,25.14265251159668,25.52068519592285,25.106990814208984,25.449357986450195,6957986
2016-05-10,17.978042602539062,25.106990814208984,25.256776809692383,24.99286651611328,25.19258117675781,7243713
2016-05-11,18.21409034729004,25.206846237182617,25.256776809692383,24.807418823242188,24.893009185791016,5725768
2016-05-12,18.275941848754883,25.29243850708008,25.37803077697754,24.94293975830078,25.19971466064453,6998223
2016-05-13,18.007938385009766,24.92154121398925,25.24251174926757,24.81455039978028,25.22111320495605,4623516
2016-05-16,17.894550323486328,24.76462173461914,24.97860145568848,24.629100799560547,24.8502140045166,6527852
2016-05-17,17.698698043823242,24.493581771850582,24.843080520629883,24.35092735290528,24.76462173461914,6339984
2016-05-18,17.446149826049805,24.144079208374023,24.47931480407715,24.00855827331543,24.393722534179688,8884614
2016-05-19,17.61623191833496,24.379457473754883,24.43651962280273,23.930099487304688,23.965763092041016,6746845
2016-05-20,17.662616729736328,24.44365119934082,24.472183227539062,24.236804962158203,24.45078468322754,5292550
2016-05-23,17.384313583374023,24.058488845825195,24.52924346923828,24.037090301513672,24.47931480407715,5978408
2016-05-24,17.5183048248291,24.24393653869629,24.24393653869629,24.037090301513672,24.04422378540039,7643564
2016-05-25,17.461612701416016,24.165477752685547,24.27246856689453,23.73038482666016,24.00855827331543,9993316
2016-05-26,17.61107635498047,24.3723258972168,24.465049743652344,24.122682571411133,24.18687629699707,4971492
2016-05-27,17.69354820251465,24.486448287963867,24.50784683227539,24.30099868774414,24.400856018066406,4555098
2016-05-31,17.662616729736328,24.44365119934082,24.54350852966309,24.2225399017334,24.493581771850582,8510420
2016-06-01,17.734769821166992,24.54350852966309,24.600570678710938,24.3865909576416,24.45078468322754,6210439
2016-06-02,17.894550323486328,24.76462173461914,24.77175521850586,24.3865909576416,24.465049743652344,6264977
2016-06-03,18.01824378967285,24.935806274414062,25.185449600219727,24.90014266967773,24.91440773010254,9120571
2016-06-06,18.04916954040528,24.97860145568848,25.14265251159668,24.8359489440918,25.0,4695438
2016-06-07,17.894550323486328,24.76462173461914,25.035663604736328,24.6861629486084,25.021398544311523,4114309
2016-06-08,18.06462860107422,25.0,25.014265060424805,24.743223190307617,24.80028533935547,3668894
2016-06-09,18.11100959777832,25.064193725585938,25.106990814208984,24.67902946472168,24.99286651611328,5863164
2016-06-10,17.832700729370117,24.67902946472168,25.106990814208984,24.486448287963867,25.0,8551219
2016-06-13,17.72962188720703,24.536376953125,24.8502140045166,24.536376953125,24.72895812988281,5384521
2016-06-14,17.446149826049805,24.144079208374023,24.56490707397461,23.97289657592773,24.536376953125,10564491
2016-06-15,17.621387481689453,24.3865909576416,24.629100799560547,24.136947631835938,24.18687629699707,8617673
2016-06-16,17.631698608398438,24.400856018066406,24.550642013549805,24.27246856689453,24.379457473754883,5114776
2016-06-17,17.85846710205078,24.714693069458008,24.714693069458008,24.251070022583008,24.308130264282227,9858724
2016-06-20,17.750240325927734,24.56490707397461,24.843080520629883,24.550642013549805,24.778886795043945,6513271
2016-06-21,17.9151611328125,24.793153762817383,24.92154121398925,24.41512107849121,24.586305618286133,4997990
2016-06-22,17.74508285522461,24.557775497436523,24.87874412536621,24.52924346923828,24.8502140045166,4221702
2016-06-23,18.013086318969727,24.928672790527344,24.928672790527344,24.522111892700195,24.65049934387207,6261612
2016-06-24,17.724464416503906,24.52924346923828,24.97146987915039,24.3723258972168,24.572040557861328,13519766
2016-06-27,17.827543258666992,24.6718978881836,24.757488250732425,24.201141357421875,24.44365119934082,11166089
2016-06-28,17.977012634277344,24.87874412536621,24.88587760925293,24.536376953125,24.76462173461914,9723711
2016-06-29,18.1007022857666,25.049928665161133,25.14265251159668,24.821683883666992,24.964336395263672,10356434
2016-06-30,18.73979759216309,25.93437957763672,25.941511154174805,24.90727424621582,25.11412239074707,12386530
2016-07-01,18.765565872192383,25.970043182373047,26.00570678710937,25.713266372680664,25.998573303222656,6345452
2016-07-05,18.662485122680664,25.82738876342773,25.912981033325195,25.592010498046875,25.713266372680664,6191092
2016-07-06,18.878950119018555,26.12696075439453,26.16262435913086,25.67047119140625,25.834522247314453,7587203
2016-07-07,18.399633407592773,25.463623046875,26.055635452270508,25.37803077697754,25.998573303222656,5895971
2016-07-08,18.610950469970703,25.75606346130371,25.7774600982666,25.22824478149414,25.499286651611328,6905271
2016-07-11,18.76041030883789,25.962909698486328,25.98430824279785,25.513551712036133,25.720399856567383,5853070
2016-07-12,18.77587127685547,25.98430824279785,26.16262435913086,25.89871597290039,25.962909698486328,8805261
2016-07-13,18.94079971313477,26.212553024291992,26.2268180847168,25.87018585205078,26.105562210083008,8085194
2016-07-14,18.755258560180664,25.95577621459961,26.155492782592773,25.87018585205078,26.0627670288086,7905037
2016-07-15,18.806798934936523,26.027103424072266,26.105562210083008,25.90584945678711,26.01283836364746,4535049
2016-07-18,18.899572372436523,26.155492782592773,26.28388023376465,25.948644638061523,26.027103424072266,6585054
2016-07-19,18.85318374633789,26.091297149658203,26.14122772216797,25.962909698486328,26.0770320892334,3945088
2016-07-20,18.68310165405273,25.855920791625977,26.105562210083008,25.84878730773925,26.069900512695312,4439433
2016-07-21,18.79133415222168,26.00570678710937,26.04136848449707,25.855920791625977,25.891582489013672,7255911
2016-07-22,19.28095817565918,26.68330955505371,26.71897315979004,26.09843063354492,26.105562210083008,7566594
2016-07-25,19.327342987060547,26.74750328063965,26.74750328063965,26.519258499145508,26.62624740600586,6456490
2016-07-26,19.11603736877441,26.45506477355957,26.783166885375977,26.390869140625,26.74750328063965,3881717
2016-07-27,18.858333587646484,26.09843063354492,26.40513610839844,25.87018585205078,26.291013717651367,5653285
2016-07-28,18.99749183654785,26.291013717651367,26.348073959350582,25.98430824279785,26.0770320892334,4418964
2016-07-29,19.21396255493164,26.590585708618164,26.676176071166992,26.176889419555664,26.262481689453125,6602719
2016-08-01,19.306734085083008,26.71897315979004,26.89015769958496,26.44793128967285,26.533523559570312,8658612
2016-08-02,18.95626449584961,26.23395156860352,26.60485076904297,26.19115447998047,26.56205368041992,7707775
2016-08-03,18.8480281829834,26.08416557312012,26.33380889892578,25.98430824279785,26.262481689453125,6155060
2016-08-04,18.72433280944824,25.912981033325195,26.25535011291504,25.855920791625977,26.0770320892334,5801336
2016-08-05,18.62640380859375,25.7774600982666,25.962909698486328,25.69900131225586,25.891582489013672,7369333
2016-08-08,18.610950469970703,25.75606346130371,25.90584945678711,25.66333770751953,25.877317428588867,7569959
2016-08-09,18.476940155029297,25.570613861083984,26.01997184753418,25.55634880065918,25.970043182373047,6208477
2016-08-10,18.312015533447266,25.34236717224121,25.748929977416992,25.05706024169922,25.67047119140625,11188100
2016-08-11,18.10295295715332,24.82881546020508,25.26390838623047,24.67902946472168,25.11412239074707,14238011
2016-08-12,18.17056465148925,24.92154121398925,25.2995719909668,24.90727424621582,25.035663604736328,11773435
2016-08-15,18.009347915649414,24.700428009033203,25.021398544311523,24.693294525146484,24.893009185791016,5682306
2016-08-16,17.801328659057617,24.41512107849121,24.67902946472168,24.407989501953125,24.600570678710938,7749415
2016-08-17,17.983348846435547,24.664764404296875,24.721826553344727,24.09415054321289,24.3865909576416,8761098
2016-08-18,18.05094337463379,24.757488250732425,24.82881546020508,24.486448287963867,24.57917213439941,8638563
2016-08-19,17.874130249023438,24.51497840881348,24.714693069458008,24.35092735290528,24.700428009033203,6725534
2016-08-22,17.90534019470215,24.557775497436523,24.636234283447266,24.43651962280273,24.600570678710938,3178755
2016-08-23,17.988544464111328,24.6718978881836,24.8502140045166,24.636234283447266,24.636234283447266,5828114
2016-08-24,18.05094337463379,24.757488250732425,24.81455039978028,24.572040557861328,24.636234283447266,5096130
2016-08-25,17.946941375732422,24.614835739135746,24.77175521850586,24.57917213439941,24.76462173461914,3795214
2016-08-26,17.629714965820312,24.17974281311035,24.8502140045166,24.165477752685547,24.65049934387207,5144919
2016-08-29,17.707717895507812,24.286733627319336,24.393722534179688,24.165477752685547,24.286733627319336,4824983
2016-08-30,17.582904815673828,24.11554908752441,24.322397232055664,24.02995681762696,24.286733627319336,4443499
2016-08-31,17.681713104248047,24.251070022583008,24.26533508300781,23.97289657592773,24.10128402709961,5534395
2016-09-01,17.582904815673828,24.11554908752441,24.26533508300781,24.06562042236328,24.18687629699707,6613795
2016-09-02,17.718116760253906,24.30099868774414,24.400856018066406,24.05135536193848,24.09415054321289,4626740
2016-09-06,17.915742874145508,24.572040557861328,24.572040557861328,24.407989501953125,24.44365119934082,4919758
2016-09-07,17.97294807434082,24.65049934387207,24.721826553344727,24.465049743652344,24.54350852966309,4117394
2016-09-08,18.118560791015625,24.8502140045166,24.957204818725582,24.57917213439941,24.600570678710938,4749976
2016-09-09,17.369691848754883,23.823110580444336,24.643367767333984,23.815977096557617,24.62196922302246,7384614
2016-09-12,17.48929786682129,23.98716163635254,24.087018966674805,23.7589168548584,23.787446975708008,9546358
2016-09-13,17.187665939331055,23.57346534729004,23.937232971191406,23.43794631958008,23.88730430603028,8344143
2016-09-14,17.224071502685547,23.623395919799805,23.86590576171875,23.466476440429688,23.63052749633789,7018973
2016-09-15,17.499698638916016,24.001426696777344,24.06562042236328,23.55206871032715,23.56633377075196,7008037
2016-09-16,17.593305587768555,24.12981414794922,24.2225399017334,23.80171203613281,23.965763092041016,10161416
2016-09-19,17.764928817749023,24.36519241333008,24.400856018066406,24.165477752685547,24.165477752685547,4070427
2016-09-20,17.634912490844727,24.18687629699707,24.550642013549805,24.136947631835938,24.429386138916016,8460369
2016-09-21,18.123760223388672,24.85734748840332,24.864479064941406,24.258203506469727,24.293865203857425,7303439
2016-09-22,18.3161849975586,25.12125587463379,25.15691947937012,24.8502140045166,24.94293975830078,6286568
2016-09-23,18.097755432128903,24.821683883666992,25.12125587463379,24.80028533935547,25.08559226989746,5533273
2016-09-26,18.10815048217773,24.8359489440918,24.935806274414062,24.6861629486084,24.807418823242188,4971071
2016-09-27,17.775325775146484,24.379457473754883,24.94293975830078,24.33666229248047,24.843080520629883,6681511
2016-09-28,17.68692398071289,24.258203506469727,24.486448287963867,24.01569175720215,24.42225456237793,6176932
2016-09-29,17.31247901916504,23.74464988708496,24.19400978088379,23.673324584960938,24.19400978088379,7451910
2016-09-30,17.31247901916504,23.74464988708496,24.001426696777344,23.54493522644043,23.88730430603028,7752920
2016-10-03,17.042049407958984,23.37375259399414,23.71611976623535,23.231098175048828,23.71611976623535,7018272
2016-10-04,16.568805694580078,22.72467994689941,23.330955505371094,22.596290588378903,23.323823928833008,8032198
2016-10-05,16.70922088623047,22.917261123657227,23.067047119140625,22.64621925354004,22.774608612060547,11007803
2016-10-06,16.67281723022461,22.867332458496094,22.974321365356445,22.660484313964844,22.838802337646484,5440461
2016-10-07,16.735219955444336,22.952924728393555,23.27389335632324,22.94579124450684,23.059913635253903,6419197
2016-10-10,16.90163803100586,23.18116950988769,23.238231658935547,22.974321365356445,23.10271072387696,3467847
2016-10-11,16.719623565673828,22.93152618408203,23.216833114624023,22.895862579345703,23.124107360839844,6661463
2016-10-12,16.906837463378906,23.18830108642578,23.216833114624023,22.924394607543945,22.974321365356445,6115244
2016-10-13,17.08365249633789,23.43081283569336,23.71611976623535,23.13124084472656,23.159772872924805,8925973
2016-10-14,17.005653381347656,23.323823928833008,23.673324584960938,23.309558868408203,23.416547775268555,6338442
2016-10-17,17.031652450561523,23.359485626220703,23.54493522644043,23.323823928833008,23.39514923095703,4393728
2016-10-18,17.208471298217773,23.60199737548828,23.73038482666016,23.216833114624023,23.57346534729004,5224273
2016-10-19,17.09925651550293,23.452211380004883,23.609130859375,23.352354049682617,23.54493522644043,5273202
2016-10-20,17.07845687866211,23.42367935180664,23.55206871032715,23.29529190063477,23.495006561279297,5026030
2016-10-21,16.90163803100586,23.18116950988769,23.43081283569336,23.10271072387696,23.28102684020996,5475371
2016-10-24,16.97964859008789,23.28816032409668,23.359485626220703,23.038515090942383,23.26676177978516,5226235
2016-10-25,17.109663009643555,23.466476440429688,23.52353858947754,23.13837432861328,23.18116950988769,6211561
2016-10-26,17.2968807220459,23.72325134277344,23.88730430603028,23.302425384521484,23.537803649902344,8116879
2016-10-27,17.302078247070312,23.73038482666016,23.930099487304688,23.359485626220703,23.794578552246094,6948312
2016-10-28,17.281280517578125,23.701854705810547,23.85877227783203,23.54493522644043,23.74464988708496,7284231
2016-10-31,17.718116760253906,24.30099868774414,24.343795776367188,23.78031349182129,23.78031349182129,9895316
2016-11-01,17.2968807220459,23.72325134277344,24.293865203857425,23.61626243591309,24.26533508300781,7624917
2016-11-02,17.005653381347656,23.323823928833008,23.673324584960938,23.11697578430176,23.65192604064941,7445601
2016-11-03,17.04725456237793,23.380884170532227,23.52353858947754,23.18830108642578,23.302425384521484,4574305
2016-11-04,17.000452041625977,23.31669044494629,23.637659072875977,23.29529190063477,23.4593448638916,4756706
2016-11-07,17.38008689880371,23.83737564086914,23.844507217407227,23.37375259399414,23.52353858947754,6225721
2016-11-08,17.504899978637695,24.00855827331543,24.122682571411133,23.10271072387696,23.74464988708496,6025796
2016-11-09,16.678020477294922,22.87446594238281,23.5092716217041,22.83166885375977,23.5092716217041,12776847
2016-11-10,15.857563972473145,21.533523559570312,22.5820255279541,21.36947250366211,22.574893951416016,23284696
2016-11-11,15.757770538330078,21.39800262451172,21.83309555053711,21.269615173339844,21.57632064819336,14002755
2016-11-14,16.162214279174805,21.94721794128418,22.047075271606445,21.28388023376465,21.326675415039062,17696605
2016-11-15,16.845050811767578,22.87446594238281,22.93865966796875,22.06134033203125,22.06134033203125,17182772
2016-11-16,16.598180770874023,22.539230346679688,22.952924728393555,22.23252487182617,22.902996063232425,7137161
2016-11-17,16.540395736694336,22.460769653320312,22.681882858276367,22.4179744720459,22.4179744720459,5753668
2016-11-18,16.666465759277344,22.631954193115234,22.974321365356445,22.510698318481445,22.69614791870117,8450695
2016-11-21,17.060405731201172,23.16690444946289,23.16690444946289,22.72467994689941,22.72467994689941,7512337
2016-11-22,17.04990005493164,23.15263938903809,23.40228271484375,22.94579124450684,23.13124084472656,9816524
2016-11-23,16.97110939025879,23.0456485748291,23.13124084472656,22.824535369873047,22.860200881958008,5127955
2016-11-25,17.11293601989746,23.238231658935547,23.445077896118164,23.10271072387696,23.124107360839844,2494298
2016-11-28,17.538394927978516,23.815977096557617,24.00855827331543,23.330955505371094,23.352354049682617,9577202
2016-11-29,17.680212020874023,24.00855827331543,24.058488845825195,23.70898628234864,23.71611976623535,9239460
2016-11-30,17.076162338256836,23.18830108642578,23.72325134277344,23.18830108642578,23.63052749633789,11754508
2016-12-01,16.89757537841797,22.94579124450684,23.302425384521484,22.660484313964844,23.05278205871582,12196699
2016-12-02,17.33879280090332,23.54493522644043,23.830242156982425,23.302425384521484,23.33808708190918,10951443
2016-12-05,17.501628875732422,23.766048431396484,23.815977096557617,23.352354049682617,23.537803649902344,9444433
2016-12-06,17.359804153442383,23.57346534729004,23.994293212890625,23.51640510559082,23.95863151550293,7906439
2016-12-07,17.611927032470703,23.915834426879883,24.00855827331543,23.71611976623535,23.71611976623535,7724039
2016-12-08,17.963848114013672,24.393722534179688,24.393722534179688,23.59486389160156,23.73038482666016,8977286
2016-12-09,18.331531524658203,24.893009185791016,24.957204818725582,24.35092735290528,24.35092735290528,14185857
2016-12-12,18.12668228149414,24.614835739135746,24.964336395263672,24.493581771850582,24.721826553344727,9109635
2016-12-13,18.62567710876465,25.29243850708008,25.30670547485352,24.693294525146484,24.721826553344727,13209364
2016-12-14,18.431331634521484,25.02853012084961,25.92011451721192,24.91440773010254,25.392297744750977,14737544
2016-12-15,18.767501831054688,25.485021591186523,25.63480758666992,24.793153762817383,24.88587760925293,13993362
2016-12-16,18.762250900268555,25.477888107299805,25.93437957763672,25.335235595703125,25.50641822814941,15319654
2016-12-19,18.77800178527832,25.499286651611328,25.62054252624512,25.09272575378418,25.57774543762207,7056687
2016-12-20,18.62567710876465,25.29243850708008,25.592010498046875,25.23537826538086,25.44222450256348,7893540
2016-12-21,18.457592010498047,25.064193725585938,25.477888107299805,25.02853012084961,25.328102111816406,11142816
2016-12-22,18.54689216613769,25.185449600219727,25.45649147033692,25.099857330322266,25.178316116333008,16486959
2016-12-23,18.541637420654297,25.178316116333008,25.3138370513916,25.02853012084961,25.249643325805664,6839517
2016-12-27,18.59416007995605,25.249643325805664,25.370899200439453,25.05706024169922,25.1355209350586,7920879
2016-12-28,18.489107131958008,25.106990814208984,25.335235595703125,25.049928665161133,25.29243850708008,4850920
2016-12-29,18.762250900268555,25.477888107299805,25.592010498046875,25.164051055908203,25.19971466064453,5712028
2016-12-30,18.64143943786621,25.3138370513916,25.54208374023437,25.22824478149414,25.499286651611328,4888353
2017-01-03,18.483858108520508,25.099857330322266,25.45649147033692,24.90014266967773,25.44222450256348,10229413
2017-01-04,18.64143943786621,25.3138370513916,25.52068519592285,25.1497859954834,25.206846237182617,9325824
2017-01-05,18.64669609069824,25.32097053527832,25.427959442138672,25.1497859954834,25.32097053527832,7218758
2017-01-06,18.951339721679688,25.734664916992188,25.82738876342773,25.19258117675781,25.24251174926757,8864706
2017-01-09,18.52587509155273,25.15691947937012,25.798858642578125,25.14265251159668,25.74179649353028,6562482
2017-01-10,18.415571212768555,25.00713348388672,25.3138370513916,24.97146987915039,25.26390838623047,7487381
2017-01-11,18.588912963867188,25.24251174926757,25.29243850708008,25.049928665161133,25.106990814208984,10161976
2017-01-12,18.615177154541016,25.27817344665528,25.3138370513916,25.12125587463379,25.26390838623047,5035563
2017-01-13,18.615177154541016,25.27817344665528,25.420827865600582,25.1355209350586,25.24251174926757,7084166
2017-01-17,18.846290588378903,25.592010498046875,25.713266372680664,25.335235595703125,25.356632232666016,5512243
2017-01-18,18.75699615478516,25.47075653076172,25.67047119140625,25.392297744750977,25.534950256347656,4228853
2017-01-19,18.772754669189453,25.49215316772461,25.713266372680664,25.26390838623047,25.399429321289062,7044489
2017-01-20,18.80426788330078,25.534950256347656,25.5991439819336,25.356632232666016,25.52068519592285,7455976
2017-01-23,18.541637420654297,25.178316116333008,25.592010498046875,25.1355209350586,25.570613861083984,5098934
2017-01-24,18.45234107971192,25.05706024169922,25.256776809692383,25.035663604736328,25.15691947937012,7303158
2017-01-25,18.567895889282227,25.213979721069336,25.285306930541992,25.09272575378418,25.206846237182617,5476072
2017-01-26,18.5363883972168,25.17118453979492,25.44222450256348,25.071327209472656,25.249643325805664,6339564
2017-01-27,18.426082611083984,25.021398544311523,25.34236717224121,24.97860145568848,25.27817344665528,4552574
2017-01-30,18.40507125854492,24.99286651611328,25.071327209472656,24.821683883666992,25.064193725585938,8674595
2017-01-31,18.846290588378903,25.592010498046875,25.592010498046875,24.957204818725582,24.99286651611328,11347367
2017-02-01,18.62042617797852,25.285306930541992,25.54208374023437,24.99286651611328,25.43509292602539,9057901
2017-02-02,18.81477165222168,25.54921531677246,25.606277465820312,25.22111320495605,25.27817344665528,5502429
2017-02-03,18.793764114379883,25.52068519592285,25.6134090423584,25.43509292602539,25.52068519592285,6006869
2017-02-06,18.809520721435547,25.54208374023437,25.677602767944336,25.43509292602539,25.5991439819336,5649920
2017-02-07,18.9145736694336,25.68473625183105,25.72753143310547,25.50641822814941,25.563480377197266,5389148
2017-02-08,18.50486946105957,25.128387451171875,25.891582489013672,24.94293975830078,25.14265251159668,13463827
2017-02-09,18.30527114868164,24.85734748840332,25.128387451171875,24.586305618286133,25.128387451171875,10667538
2017-02-10,18.39456558227539,24.97860145568848,25.014265060424805,24.750356674194336,24.786020278930664,10338488
2017-02-13,18.61089324951172,25.035663604736328,25.12125587463379,24.80028533935547,24.80028533935547,6797036
2017-02-14,18.74875831604004,25.22111320495605,25.328102111816406,24.90014266967773,25.27817344665528,7767921
2017-02-15,18.67453384399414,25.12125587463379,25.1355209350586,24.85734748840332,25.0,5669267
2017-02-16,18.78056907653809,25.26390838623047,25.27817344665528,25.05706024169922,25.12125587463379,4933778
2017-02-17,18.865402221679688,25.37803077697754,25.40656280517578,25.02853012084961,25.29243850708008,6958126
2017-02-21,19.04568099975586,25.62054252624512,25.691869735717773,25.14265251159668,25.24251174926757,6276333
2017-02-22,18.923730850219727,25.45649147033692,25.62054252624512,25.24251174926757,25.570613861083984,6031825
2017-02-23,19.077491760253903,25.66333770751953,25.80599021911621,25.485021591186523,25.55634880065918,7325310
2017-02-24,19.713764190673828,26.519258499145508,26.5263900756836,25.641939163208008,25.78459358215332,11475090
2017-02-27,19.39032745361328,26.08416557312012,26.462196350097656,25.962909698486328,26.45506477355957,6385689
2017-02-28,19.464555740356445,26.184022903442383,26.298145294189453,25.998573303222656,26.01283836364746,8479717
2017-03-01,19.12521171569824,25.72753143310547,26.01283836364746,25.68473625183105,25.90584945678711,6657818
2017-03-02,19.310794830322266,25.977174758911133,26.12696075439453,25.57774543762207,25.67047119140625,6263996
2017-03-03,19.25777244567871,25.90584945678711,25.970043182373047,25.6134090423584,25.970043182373047,4467473
2017-03-06,19.12521171569824,25.72753143310547,25.891582489013672,25.66333770751953,25.82025718688965,5142816
2017-03-07,19.157026290893555,25.77032852172852,25.93437957763672,25.691869735717773,25.81312370300293,6165716
2017-03-08,18.939638137817383,25.477888107299805,25.6134090423584,25.328102111816406,25.54208374023437,5544770
2017-03-09,18.9714469909668,25.52068519592285,25.66333770751953,25.427959442138672,25.463623046875,4653518
2017-03-10,19.07219314575196,25.65620422363281,25.78459358215332,25.477888107299805,25.641939163208008,4943312
2017-03-13,19.05628776550293,25.63480758666992,25.72753143310547,25.534950256347656,25.65620422363281,4064819
2017-03-14,18.89721870422364,25.420827865600582,25.58487892150879,25.36376571655273,25.58487892150879,4102252
2017-03-15,19.23656463623047,25.877317428588867,26.055635452270508,25.463623046875,25.527816772460938,7297690
2017-03-16,19.077491760253903,25.66333770751953,25.84165573120117,25.5991439819336,25.720399856567383,5025469
2017-03-17,19.09339904785156,25.68473625183105,25.834522247314453,25.627674102783203,25.72753143310547,11743012
2017-03-20,18.8601016998291,25.370899200439453,25.75606346130371,25.27817344665528,25.75606346130371,5173801
2017-03-21,19.06689071655273,25.649072647094727,25.7774600982666,25.23537826538086,25.3138370513916,7635432
2017-03-22,19.24716567993164,25.891582489013672,25.977174758911133,25.748929977416992,25.748929977416992,7629263
2017-03-23,19.06689071655273,25.649072647094727,25.99144172668457,25.62054252624512,25.82025718688965,8808345
2017-03-24,19.15172576904297,25.7631950378418,25.962909698486328,25.58487892150879,25.592010498046875,5055051
2017-03-27,19.00326156616211,25.563480377197266,25.90584945678711,25.43509292602539,25.863052368164062,3293719
2017-03-28,18.91312599182129,25.44222450256348,25.45649147033692,25.22824478149414,25.335235595703125,8290306
2017-03-29,19.05098342895508,25.627674102783203,25.7631950378418,25.178316116333008,25.463623046875,6483128
2017-03-30,18.92903518676757,25.463623046875,25.6134090423584,25.3138370513916,25.527816772460938,5610944
2017-03-31,19.077491760253903,25.66333770751953,25.98430824279785,25.427959442138672,25.499286651611328,10023319
2017-04-03,18.992658615112305,25.54921531677246,25.66333770751953,25.34236717224121,25.641939163208008,6533881
2017-04-04,19.162330627441406,25.7774600982666,25.948644638061523,25.477888107299805,25.534950256347656,7062996
2017-04-05,19.119911193847656,25.720399856567383,25.791725158691406,25.50641822814941,25.592010498046875,6478502
2017-04-06,19.231258392333984,25.87018585205078,25.92011451721192,25.49215316772461,25.677602767944336,8004999
2017-04-07,19.07219314575196,25.65620422363281,26.01283836364746,25.627674102783203,25.89871597290039,8489390
2017-04-10,18.98735618591309,25.54208374023437,25.677602767944336,25.45649147033692,25.677602767944336,7284652
2017-04-11,19.162330627441406,25.7774600982666,25.89871597290039,25.370899200439453,25.499286651611328,7344377
2017-04-12,19.1888370513916,25.81312370300293,25.863052368164062,25.50641822814941,25.65620422363281,6667491
2017-04-13,19.07219314575196,25.65620422363281,25.81312370300293,25.54921531677246,25.7774600982666,5057435
2017-04-17,19.03507804870605,25.606277465820312,25.7631950378418,25.563480377197266,25.66333770751953,4416020
2017-04-18,18.9714469909668,25.52068519592285,25.720399856567383,25.477888107299805,25.6134090423584,6248293
2017-04-19,18.801776885986328,25.29243850708008,25.58487892150879,25.22111320495605,25.527816772460938,6650667
2017-04-20,18.58438873291016,25.0,25.29243850708008,24.843080520629883,25.29243850708008,6115524
2017-04-21,18.573776245117188,24.985734939575195,25.206846237182617,24.97146987915039,25.0,6266519
2017-04-24,18.8229923248291,25.32097053527832,25.40656280517578,24.94293975830078,25.106990814208984,6215767
2017-04-25,18.60029602050781,25.021398544311523,25.335235595703125,24.8502140045166,25.206846237182617,7488082
2017-04-26,18.50485038757324,24.893009185791016,25.271041870117188,24.893009185791016,24.99286651611328,5665482
2017-04-27,18.47303581237793,24.8502140045166,25.08559226989746,24.821683883666992,24.90727424621582,5470043
2017-04-28,18.361690521240234,24.700428009033203,24.87874412536621,24.629100799560547,24.8502140045166,5765445
2017-05-01,18.202625274658203,24.486448287963867,24.750356674194336,24.400856018066406,24.714693069458008,5985278
2017-05-02,18.27155113220215,24.57917213439941,24.629100799560547,24.33666229248047,24.52924346923828,7105056
2017-05-03,18.017040252685547,24.236804962158203,24.6718978881836,24.022825241088867,24.6718978881836,9309140
2017-05-04,18.054161071777344,24.286733627319336,24.465049743652344,24.165477752685547,24.21540641784668,9897139
2017-05-05,18.207927703857425,24.493581771850582,24.636234283447266,24.36519241333008,24.379457473754883,5650200
2017-05-08,18.165508270263672,24.43651962280273,24.59343719482422,24.3723258972168,24.522111892700195,6717823
2017-05-09,17.810256958007812,23.95863151550293,24.393722534179688,23.94436454772949,24.3865909576416,7125945
2017-05-10,17.900394439697266,24.07988548278809,24.10128402709961,23.85877227783203,24.01569175720215,8415505
2017-05-11,17.936805725097656,23.894437789916992,23.98716163635254,23.75178337097168,23.86590576171875,10621832
2017-05-12,18.27411842346192,24.343795776367188,24.429386138916016,23.894437789916992,24.001426696777344,8890783
2017-05-15,18.579317092895508,24.750356674194336,24.843080520629883,24.493581771850582,24.50784683227539,10323487
2017-05-16,18.477588653564453,24.614835739135746,24.757488250732425,24.45078468322754,24.6861629486084,8428123
2017-05-17,18.659631729125977,24.85734748840332,24.935806274414062,24.557775497436523,24.614835739135746,9874426
2017-05-18,18.78278350830078,25.021398544311523,25.19971466064453,24.62196922302246,24.935806274414062,11080146
2017-05-19,18.77206993103028,25.00713348388672,25.078458786010746,24.807418823242188,25.078458786010746,8710486
2017-05-22,19.023725509643555,25.34236717224121,25.420827865600582,24.90014266967773,24.90014266967773,7969529
2017-05-23,18.938047409057617,25.22824478149414,25.38516426086425,25.17118453979492,25.335235595703125,15085240
2017-05-24,19.17363739013672,25.54208374023437,25.55634880065918,25.206846237182617,25.285306930541992,10798765
2017-05-25,19.29143524169922,25.69900131225586,25.734664916992188,25.463623046875,25.627674102783203,6197821
2017-05-26,19.178993225097656,25.54921531677246,25.734664916992188,25.485021591186523,25.68473625183105,7991260
2017-05-30,19.3074951171875,25.720399856567383,25.82025718688965,25.43509292602539,25.477888107299805,5379053
2017-05-31,19.44135284423828,25.89871597290039,25.998573303222656,25.66333770751953,25.734664916992188,8887699
2017-06-01,19.666234970092773,26.198287963867188,26.205421447753903,25.748929977416992,25.855920791625977,6280259
2017-06-02,19.59662818908692,26.105562210083008,26.269615173339844,25.977174758911133,26.24821662902832,4643003
2017-06-05,19.61268615722656,26.12696075439453,26.205421447753903,25.948644638061523,26.0770320892334,6126460
2017-06-06,19.64481544494629,26.16975784301757,26.291013717651367,26.0627670288086,26.212553024291992,6284886
2017-06-07,19.60197830200196,26.112695693969727,26.28388023376465,26.069900512695312,26.16262435913086,5537900
2017-06-08,19.489545822143555,25.962909698486328,26.112695693969727,25.84878730773925,26.112695693969727,5791522
2017-06-09,19.60733795166016,26.119829177856445,26.16262435913086,25.90584945678711,25.962909698486328,5688755
2017-06-12,19.532373428344727,26.01997184753418,26.298145294189453,25.95577621459961,26.14835929870605,7629684
2017-06-13,19.56985664367676,26.069900512695312,26.105562210083008,25.941511154174805,26.01997184753418,5580661
2017-06-14,19.64481544494629,26.16975784301757,26.319543838500977,26.09843063354492,26.2410831451416,4403402
2017-06-15,19.714418411254883,26.262481689453125,26.291013717651367,26.04136848449707,26.155492782592773,4526217
2017-06-16,19.853628158569336,26.44793128967285,26.47646141052246,26.298145294189453,26.30527877807617,7767641
2017-06-19,19.72513198852539,26.27674865722656,26.497859954833984,26.14122772216797,26.4907283782959,5438919
2017-06-20,19.75189781188965,26.31241035461425,26.48359489440918,26.16975784301757,26.25535011291504,5567342
2017-06-21,19.63411331176757,26.155492782592773,26.48359489440918,26.034236907958984,26.355207443237305,4830030
2017-06-22,19.628751754760746,26.14835929870605,26.44793128967285,26.112695693969727,26.112695693969727,5963407
2017-06-23,19.54308319091797,26.034236907958984,26.2410831451416,25.998573303222656,26.14835929870605,6133329
2017-06-26,19.923236846923828,26.5406551361084,26.704708099365234,26.091297149658203,26.14835929870605,6833208
2017-06-27,19.682296752929688,26.21968650817871,26.47646141052246,26.091297149658203,26.362340927124023,5578278
2017-06-28,19.377098083496094,25.81312370300293,26.33380889892578,25.77032852172852,26.298145294189453,6896859
2017-06-29,19.1897029876709,25.563480377197266,25.84165573120117,25.534950256347656,25.67047119140625,6770538
2017-06-30,19.31284713745117,25.72753143310547,25.877317428588867,25.55634880065918,25.62054252624512,6317132
2017-07-03,19.1897029876709,25.563480377197266,25.855920791625977,25.38516426086425,25.82025718688965,3244508
2017-07-05,19.01836395263672,25.335235595703125,25.65620422363281,25.23537826538086,25.563480377197266,5612206
2017-07-06,19.104034423828125,25.449357986450195,25.485021591186523,25.22824478149414,25.27817344665528,8384661
2017-07-07,19.050493240356445,25.37803077697754,25.606277465820312,25.32097053527832,25.463623046875,6145667
2017-07-10,19.146869659423828,25.50641822814941,25.68473625183105,25.38516426086425,25.38516426086425,6159266
2017-07-11,19.125450134277344,25.477888107299805,25.570613861083984,25.328102111816406,25.54921531677246,5985138
2017-07-12,19.31284713745117,25.72753143310547,25.82738876342773,25.63480758666992,25.68473625183105,4881063
2017-07-13,19.125450134277344,25.477888107299805,25.691869735717773,25.43509292602539,25.65620422363281,4862697
2017-07-14,19.3074951171875,25.720399856567383,25.87018585205078,25.63480758666992,25.649072647094727,4309468
2017-07-17,19.82685852050781,26.412267684936523,26.433666229248047,25.998573303222656,26.027103424072266,10318440
2017-07-18,19.89646339416504,26.504993438720703,26.5263900756836,26.326675415039062,26.42653465270996,6769417
2017-07-19,20.019609451293945,26.669044494628903,26.68330955505371,26.433666229248047,26.56918716430664,4651836
2017-07-20,20.132055282592773,26.818830490112305,26.88302421569824,26.61198234558105,26.71183967590332,4738199
2017-07-21,20.067800521850582,26.733238220214844,26.93295288085937,26.619115829467773,26.79030036926269,6131367
2017-07-24,19.91788482666016,26.533523559570312,26.74037170410156,26.46932983398437,26.733238220214844,6768716
2017-07-25,19.821510314941406,26.40513610839844,26.640514373779297,26.3409423828125,26.583452224731445,5474109
2017-07-26,20.17489051818848,26.87589263916016,26.897289276123047,26.355207443237305,26.40513610839844,6544396
2017-07-27,20.34086799621582,27.09700393676757,27.132667541503903,26.77603340148925,26.91155433654785,7365687
2017-07-28,20.56039428710937,27.38944435119629,27.4179744720459,27.01854515075684,27.082738876342773,7972894
2017-07-31,20.52827453613281,27.34664726257324,27.460769653320312,27.275320053100582,27.38231086730957,11418729
2017-08-01,20.64071083068848,27.49643325805664,27.660484313964844,27.403709411621094,27.446504592895508,8907887
2017-08-02,20.57110595703125,27.403709411621094,27.546361923217773,26.90442276000977,27.23965835571289,8459107
2017-08-03,20.581811904907227,27.4179744720459,27.43937110900879,27.23965835571289,27.37517738342285,5425600
2017-08-04,20.437244415283203,27.225391387939453,27.36804580688477,27.07560539245605,27.26105690002441,5451957
2017-08-07,20.464019775390625,27.26105690002441,27.29671859741211,27.139799118041992,27.21112632751465,3587157
2017-08-08,20.458660125732425,27.25392341613769,27.37517738342285,27.125534057617188,27.196861267089844,4754883
2017-08-09,20.18559837341309,26.89015769958496,27.446504592895508,26.89015769958496,27.403709411621094,7883306
2017-08-10,20.207014083862305,26.91868782043457,27.047075271606445,26.79030036926269,26.897289276123047,5507336
2017-08-11,20.25454330444336,26.74750328063965,26.79743194580078,26.56918716430664,26.74750328063965,5121506
2017-08-14,20.308557510375977,26.818830490112305,26.840227127075195,26.68330955505371,26.79030036926269,3890971
2017-08-15,20.43817901611328,26.9900131225586,27.06847381591797,26.676176071166992,26.676176071166992,6339143
2017-08-16,20.594820022583008,27.196861267089844,27.20399475097656,26.94721794128418,26.9900131225586,5853771
2017-08-17,20.308557510375977,26.818830490112305,27.23965835571289,26.81169891357422,27.14693260192871,5123188
2017-08-18,20.519201278686523,27.09700393676757,27.23965835571289,26.733238220214844,26.79743194580078,5403028
2017-08-21,20.50299835205078,27.07560539245605,27.20399475097656,26.9900131225586,27.14693260192871,4338629
2017-08-22,20.648834228515625,27.2681884765625,27.29671859741211,27.07560539245605,27.09700393676757,2663099
2017-08-23,20.697444915771484,27.33238220214844,27.38231086730957,27.15406608581543,27.246789932250977,3858865
2017-08-24,20.70824813842773,27.34664726257324,27.46790313720703,27.196861267089844,27.32525062561035,8354097
2017-08-25,20.686641693115234,27.31811714172364,27.52496337890625,27.31098365783692,27.453638076782227,4476866
2017-08-28,20.67043685913086,27.29671859741211,27.403709411621094,27.08987236022949,27.36804580688477,5444246
2017-08-29,20.643430709838867,27.26105690002441,27.4179744720459,27.218259811401367,27.31098365783692,3406580
2017-08-30,20.43817901611328,26.9900131225586,27.26105690002441,26.961484909057617,27.26105690002441,5611225
2017-08-31,20.45438575744629,27.01141166687012,27.20399475097656,26.97574806213379,27.104137420654297,9022571
2017-09-01,20.276147842407227,26.77603340148925,27.07560539245605,26.6904411315918,27.06847381591797,8214598
2017-09-05,20.308557510375977,26.818830490112305,26.87589263916016,26.704708099365234,26.81169891357422,8657070
2017-09-06,20.28154563903809,26.783166885375977,26.97574806213379,26.733238220214844,26.93295288085937,7061173
2017-09-07,20.540809631347656,27.125534057617188,27.17546463012696,26.8045654296875,26.85449409484864,5937049
2017-09-08,20.61642265319824,27.225391387939453,27.31098365783692,27.03281021118164,27.082738876342773,6262313
2017-09-11,20.77845764160156,27.43937110900879,27.460769653320312,27.132667541503903,27.20399475097656,4611458
2017-09-12,20.45979118347168,27.01854515075684,27.425106048583984,26.77603340148925,27.35378074645996,6608047
2017-09-13,20.416582107543945,26.961484909057617,27.18972969055176,26.94721794128418,27.03994369506836,7527478
2017-09-14,20.57861518859864,27.17546463012696,27.20399475097656,26.81169891357422,26.88302421569824,5478315
2017-09-15,20.31396102905273,26.82596206665039,27.38944435119629,26.74037170410156,27.18972969055176,21381481
2017-09-18,20.20053100585937,26.676176071166992,27.01141166687012,26.44793128967285,26.81169891357422,9550424
2017-09-19,20.13570976257324,26.590585708618164,26.783166885375977,26.412267684936523,26.676176071166992,7515561
2017-09-20,19.935874938964844,26.326675415039062,26.66191291809082,26.12696075439453,26.66191291809082,11110149
2017-09-21,20.06550025939941,26.497859954833984,26.68330955505371,26.291013717651367,26.319543838500977,4832414
2017-09-22,20.049299240112305,26.47646141052246,26.619115829467773,26.3409423828125,26.56918716430664,4744088
2017-09-25,20.308557510375977,26.818830490112305,26.86162567138672,26.40513610839844,26.4907283782959,6374614
2017-09-26,20.076303482055664,26.512126922607425,26.761768341064453,26.504993438720703,26.761768341064453,5568744
2017-09-27,20.06550025939941,26.497859954833984,26.590585708618164,26.30527877807617,26.390869140625,8179128
2017-09-28,20.20053100585937,26.676176071166992,26.82596206665039,26.269615173339844,26.390869140625,5963267
2017-09-29,20.34636306762696,26.86875915527344,27.07560539245605,26.704708099365234,26.733238220214844,9662444
2017-10-02,20.600221633911133,27.20399475097656,27.38231086730957,26.85449409484864,26.968616485595703,12217729
2017-10-03,20.43817901611328,26.9900131225586,27.20399475097656,26.783166885375977,27.18972969055176,7266846
2017-10-04,20.627227783203125,27.23965835571289,27.25392341613769,26.88302421569824,26.997146606445312,6970604
2017-10-05,20.71364402770996,27.35378074645996,27.38231086730957,27.09700393676757,27.246789932250977,7619169
2017-10-06,20.605621337890625,27.21112632751465,27.282453536987305,27.054208755493164,27.18972969055176,5779044
2017-10-09,20.546215057373047,27.132667541503903,27.33238220214844,27.08987236022949,27.218259811401367,3483409
2017-10-10,20.686641693115234,27.31811714172364,27.39657592773437,27.111270904541016,27.225391387939453,3369567
2017-10-11,20.773061752319336,27.432239532470703,27.460769653320312,27.054208755493164,27.054208755493164,6882698
2017-10-12,21.032316207885746,27.774608612060547,27.78174018859864,27.282453536987305,27.38944435119629,6636788
2017-10-13,21.194355010986328,27.988588333129883,28.124107360839844,27.76034164428711,27.81740379333496,8940133
2017-10-16,21.42661094665528,28.29529190063477,28.3452205657959,27.80313873291016,27.924394607543945,11994951
2017-10-17,21.38879776000977,28.24536323547364,28.330955505371094,27.974321365356445,28.216833114624023,5942798
2017-10-18,21.399600982666016,28.25962829589844,28.302425384521484,28.067047119140625,28.231098175048828,3822553
2017-10-19,21.480615615844727,28.366619110107425,28.445077896118164,28.13124084472656,28.24536323547364,6744882
2017-10-20,21.377992630004883,28.231098175048828,28.39514923095703,28.059913635253903,28.352354049682617,5938311
2017-10-23,21.46441650390625,28.3452205657959,28.40228271484375,28.095577239990234,28.238231658935547,5121506
2017-10-24,21.583240509033203,28.502140045166016,28.530670166015625,28.24536323547364,28.3452205657959,5339657
2017-10-25,21.64265251159668,28.58059883117676,28.6590576171875,28.038515090942383,28.43794631958008,7212028
2017-10-26,21.54003143310547,28.445077896118164,28.773181915283203,28.43794631958008,28.70898628234864,5599308
2017-10-27,21.739879608154297,28.70898628234864,28.766048431396484,28.3452205657959,28.39514923095703,3902607
2017-10-30,21.73447608947754,28.701854705810547,28.72325134277344,28.48787307739257,28.58059883117676,6849611
2017-10-31,21.71826934814453,28.680456161499023,28.80171203613281,28.60199737548828,28.687589645385746,5176745
2017-11-01,21.685867309570312,28.637659072875977,28.787446975708008,28.51640510559082,28.7589168548584,7304420
2017-11-02,21.99373245239257,29.04422378540039,29.108417510986328,28.15263938903809,28.60199737548828,10927749
2017-11-03,22.11256217956543,29.201141357421875,29.643367767333984,28.930099487304688,29.06562042236328,8004439
2017-11-06,21.97752952575684,29.022825241088867,29.343795776367188,28.97289657592773,29.2225399017334,5461631
2017-11-07,22.29079818725586,29.43651962280273,29.59343719482422,29.001426696777344,29.05135536193848,5865688
2017-11-08,22.317806243896484,29.472183227539062,29.57917213439941,29.12981414794922,29.45078468322754,5349331
2017-11-09,22.22058868408203,29.343795776367188,29.629100799560547,29.26533508300781,29.393722534179688,5019721
2017-11-10,22.3070011138916,29.457916259765625,29.550642013549805,29.144079208374023,29.144079208374023,5442003
2017-11-13,22.73369598388672,30.021398544311523,30.08559226989746,29.457916259765625,29.51497840881348,7444900
2017-11-14,23.0755615234375,30.23537826538086,30.285306930541992,29.664764404296875,29.778886795043945,7399756
2017-11-15,22.738056182861328,29.793153762817383,30.43509292602539,29.72895812988281,30.285306930541992,8099634
2017-11-16,22.449541091918945,29.41512107849121,29.70756149291992,29.322397232055664,29.6718978881836,9795914
2017-11-17,22.460430145263672,29.429386138916016,29.500713348388672,29.286733627319336,29.379457473754883,6759463
2017-11-20,22.50942611694336,29.493581771850582,29.700428009033203,29.393722534179688,29.472183227539062,5327320
2017-11-21,22.531192779541016,29.522111892700195,29.721826553344727,29.486448287963867,29.572040557861328,4320684
2017-11-22,22.59107780456543,29.600570678710938,29.636234283447266,29.393722534179688,29.557775497436523,4288578
2017-11-24,22.661842346191406,29.693294525146484,29.778886795043945,29.57917213439941,29.600570678710938,2008505
2017-11-27,22.672731399536133,29.70756149291992,29.82881546020508,29.572040557861328,29.743223190307617,6111598
2017-11-28,22.84148597717285,29.928672790527344,30.035663604736328,29.77175521850586,29.80028533935547,5407935
2017-11-29,22.694503784179688,29.73609161376953,29.893009185791016,29.59343719482422,29.8359489440918,6291054
2017-11-30,22.705394744873047,29.750356674194336,29.928672790527344,29.550642013549805,29.778886795043945,10299232
2017-12-01,22.770715713500977,29.8359489440918,30.021398544311523,29.429386138916016,29.87874412536621,8283997
2017-12-04,22.62373733520508,29.643367767333984,29.957204818725582,29.54350852966309,29.87874412536621,6925179
2017-12-05,22.454986572265625,29.42225456237793,29.750356674194336,29.2082748413086,29.65763282775879,8607859
2017-12-06,22.384218215942383,29.32952880859375,29.70756149291992,29.087018966674805,29.586305618286133,7547527
2017-12-07,22.21546936035156,29.108417510986328,29.36519241333008,28.209699630737305,29.343795776367188,9553649
2017-12-08,22.34610748291016,29.279600143432617,29.293865203857425,28.794578552246094,28.97289657592773,11146180
2017-12-11,22.819711685180664,29.90014266967773,29.92154121398925,29.308130264282227,29.308130264282227,12220533
2017-12-12,22.3243408203125,29.251070022583008,29.87874412536621,29.21540641784668,29.80028533935547,11136787
2017-12-13,22.3896598815918,29.33666229248047,29.59343719482422,29.144079208374023,29.24393653869629,12115523
2017-12-14,22.21546936035156,29.108417510986328,29.429386138916016,28.965763092041016,29.229671478271484,6581128
2017-12-15,22.1773624420166,29.058488845825195,29.258203506469727,29.01569175720215,29.144079208374023,12642395
2017-12-18,22.03582763671875,28.87303924560547,29.30099868774414,28.80884552001953,29.165477752685547,6977333
2017-12-19,21.567672729492188,28.25962829589844,29.058488845825195,28.25249671936035,28.94436454772949,6272688
2017-12-20,21.251941680908203,27.84593391418457,28.330955505371094,27.79600524902344,28.231098175048828,8520935
2017-12-21,21.26826858520508,27.867332458496094,28.074180603027344,27.64621925354004,27.72467994689941,5628609
2017-12-22,21.235605239868164,27.824535369873047,27.974321365356445,27.79600524902344,27.952924728393555,4948780
2017-12-26,21.126739501953125,27.681882858276367,27.981454849243164,27.660484313964844,27.902996063232425,2861342
2017-12-27,21.2247257232666,27.81027030944824,27.83166885375977,27.65335273742676,27.79600524902344,7042947
2017-12-28,21.393474578857425,28.031383514404297,28.05278205871582,27.767475128173828,27.767475128173828,5249088
2017-12-29,21.453357696533203,28.10984230041504,28.17403793334961,27.99571990966797,28.13124084472656,4371857
2018-01-02,21.551345825195312,28.238231658935547,28.309558868408203,28.002853393554688,28.20256805419922,7224506
2018-01-03,21.26282501220703,27.860200881958008,28.445077896118164,27.65335273742676,28.08131217956543,6750350
2018-01-04,20.96343040466309,27.46790313720703,27.917261123657227,27.453638076782227,27.79600524902344,6630619
2018-01-05,20.78923416137696,27.23965835571289,27.69614791870117,27.15406608581543,27.61768913269043,10013224
2018-01-08,21.012422561645508,27.53209686279297,27.72467994689941,27.2681884765625,27.303852081298828,15116925
2018-01-09,20.77290153503418,27.218259811401367,27.5820255279541,26.91868782043457,27.49643325805664,10745349
2018-01-10,20.658588409423828,27.06847381591797,27.34664726257324,26.97574806213379,27.1184024810791,6890550
2018-01-11,20.908998489379883,27.39657592773437,27.631954193115234,27.139799118041992,27.26105690002441,10419524
2018-01-12,20.89811134338379,27.38231086730957,27.52496337890625,27.111270904541016,27.33951568603516,7143470
2018-01-16,20.94165229797364,27.43937110900879,27.68901634216309,27.17546463012696,27.43937110900879,10847695
2018-01-17,21.279165267944336,27.8815975189209,27.96005630493164,27.49643325805664,27.52496337890625,8315262
2018-01-18,21.006977081298828,27.52496337890625,27.87446594238281,27.225391387939453,27.81740379333496,9881857
2018-01-19,20.669479370117188,27.082738876342773,27.67474937438965,27.03281021118164,27.63908767700196,11867509
2018-01-22,20.713022232055664,27.139799118041992,27.55349540710449,27.047075271606445,27.26105690002441,13264042
2018-01-23,20.97431945800781,27.48216819763184,27.774608612060547,27.33238220214844,27.403709411621094,9026637
2018-01-24,20.80011749267578,27.25392341613769,27.47503662109375,27.18972969055176,27.43937110900879,7695157
2018-01-25,21.055971145629883,27.589157104492188,27.65335273742676,27.282453536987305,27.34664726257324,9659359
2018-01-26,21.153959274291992,27.71754646301269,27.78174018859864,27.4179744720459,27.71041488647461,10535609
2018-01-29,20.865440368652344,27.33951568603516,27.61055564880371,27.218259811401367,27.61055564880371,6524908
2018-01-30,20.84366798400879,27.31098365783692,27.546361923217773,27.168331146240234,27.33951568603516,6458874
2018-01-31,20.96343040466309,27.46790313720703,27.52496337890625,27.17546463012696,27.31811714172364,14126131
2018-02-01,20.59870147705078,26.9900131225586,27.61055564880371,26.940086364746094,27.48216819763184,6862089
2018-02-02,20.533382415771484,26.90442276000977,27.21112632751465,26.84736061096192,26.925819396972656,7758107
2018-02-05,20.09789085388184,26.33380889892578,27.15406608581543,26.269615173339844,26.90442276000977,9817225
2018-02-06,19.852928161621094,26.01283836364746,26.262481689453125,25.370899200439453,26.04136848449707,17627346
2018-02-07,19.6787338256836,25.78459358215332,26.88302421569824,25.74179649353028,26.01283836364746,11991867
2018-02-08,19.58618927001953,25.66333770751953,26.28388023376465,25.641939163208008,25.791725158691406,15882697
2018-02-09,20.065231323242188,26.291013717651367,26.462196350097656,25.58487892150879,25.78459358215332,15179174
2018-02-12,20.23398399353028,26.512126922607425,26.62624740600586,26.0770320892334,26.319543838500977,10403821
2018-02-13,20.146886825561523,26.39800262451172,26.519258499145508,25.977174758911133,26.41940116882324,10386857
2018-02-14,20.11117172241211,26.105562210083008,26.433666229248047,25.834522247314453,26.08416557312012,10743246
2018-02-15,20.60570335388184,26.74750328063965,26.754636764526367,26.119829177856445,26.19115447998047,9532478
2018-02-16,20.75956344604492,26.94721794128418,27.08987236022949,26.69757461547852,26.818830490112305,13245535
2018-02-20,20.7046127319336,26.87589263916016,27.17546463012696,26.72610664367676,26.91155433654785,13868724
2018-02-21,20.363933563232425,26.433666229248047,26.93295288085937,26.40513610839844,26.87589263916016,20768948
2018-02-22,20.46283912658692,26.56205368041992,26.761768341064453,26.3409423828125,26.519258499145508,11335591
2018-02-23,21.0123291015625,27.275320053100582,27.303852081298828,26.519258499145508,26.647645950317383,7571501
2018-02-26,20.89693260192871,27.125534057617188,27.38944435119629,27.00428009033203,27.31098365783692,7464528
2018-02-27,20.46283912658692,26.56205368041992,27.453638076782227,26.56205368041992,27.125534057617188,9441769
2018-02-28,20.35294342041016,26.41940116882324,26.86162567138672,26.41940116882324,26.60485076904297,10658004
2018-03-01,20.297998428344727,26.348073959350582,26.783166885375977,26.14122772216797,26.519258499145508,7344237
2018-03-02,20.28700256347656,26.33380889892578,26.4907283782959,26.034236907958984,26.36947250366211,7486540
2018-03-05,20.7046127319336,26.87589263916016,26.925819396972656,26.155492782592773,26.28388023376465,7969669
2018-03-06,20.424373626708984,26.512126922607425,26.91155433654785,26.40513610839844,26.88302421569824,9160668
2018-03-07,20.232051849365234,26.262481689453125,26.533523559570312,26.08416557312012,26.42653465270996,6834890
2018-03-08,20.578229904174805,26.71183967590332,26.761768341064453,26.205421447753903,26.291013717651367,6401672
2018-03-09,20.60570335388184,26.74750328063965,26.79743194580078,26.39800262451172,26.74037170410156,10816150
2018-03-12,20.6221923828125,26.76890182495117,26.85449409484864,26.54778861999512,26.783166885375977,11938030
2018-03-13,20.572738647460938,26.704708099365234,27.125534057617188,26.5406551361084,26.86875915527344,9135152
2018-03-14,20.78703689575196,26.982881546020508,27.16119766235352,26.754636764526367,26.754636764526367,7484437
2018-03-15,20.80901336669922,27.01141166687012,27.25392341613769,26.89015769958496,26.982881546020508,7656462
2018-03-16,21.089256286621094,27.37517738342285,27.489301681518555,27.03281021118164,27.07560539245605,16514859
2018-03-19,21.001333236694336,27.26105690002441,27.510698318481445,27.03994369506836,27.41084289550781,8576034
2018-03-20,21.05078887939453,27.32525062561035,27.52496337890625,27.21112632751465,27.31098365783692,13878118
2018-03-21,20.918916702270508,27.15406608581543,27.62482261657715,27.06847381591797,27.360912322998047,10715065
2018-03-22,21.08375740051269,27.36804580688477,27.87446594238281,27.17546463012696,27.17546463012696,7869706
2018-03-23,20.72109603881836,26.897289276123047,27.517831802368164,26.840227127075195,27.403709411621094,6596270
2018-03-26,20.93540000915528,27.17546463012696,27.218259811401367,26.925819396972656,27.03281021118164,4762734
2018-03-27,21.138710021972656,27.43937110900879,27.71041488647461,27.09700393676757,27.20399475097656,8051966
2018-03-28,21.177169799804688,27.489301681518555,27.79600524902344,27.432239532470703,27.517831802368164,10774791
2018-03-29,21.4354248046875,27.824535369873047,28.0456485748291,27.64621925354004,27.681882858276367,8725768
2018-04-02,21.023313522338867,27.28958511352539,27.93152618408203,27.082738876342773,27.888729095458984,10372977
2018-04-03,21.29256629943848,27.63908767700196,27.767475128173828,27.23252487182617,27.282453536987305,8502008
2018-04-04,21.309043884277344,27.660484313964844,27.67474937438965,27.282453536987305,27.574893951416016,6009112
2018-04-05,21.42993354797364,27.81740379333496,27.902996063232425,27.39657592773437,27.67474937438965,6208056
2018-04-06,21.22662734985352,27.55349540710449,27.8815975189209,27.425106048583984,27.80313873291016,4872791
2018-04-09,21.20464324951172,27.52496337890625,27.738943099975582,27.453638076782227,27.61055564880371,5377091
2018-04-10,21.248607635498047,27.5820255279541,27.71041488647461,27.39657592773437,27.517831802368164,7847835
2018-04-11,21.14419937133789,27.446504592895508,27.567760467529297,27.38231086730957,27.567760467529297,5279091
2018-04-12,20.74857711791992,26.93295288085937,27.48216819763184,26.71183967590332,27.18972969055176,13438310
2018-04-13,21.06727600097656,27.34664726257324,27.61768913269043,27.125534057617188,27.14693260192871,7696840
2018-04-16,21.20464324951172,27.52496337890625,27.596290588378903,27.29671859741211,27.47503662109375,6684596
2018-04-17,21.46839904785156,27.867332458496094,27.93152618408203,27.546361923217773,27.603424072265625,6972146
2018-04-18,21.39696502685547,27.774608612060547,28.20256805419922,27.774608612060547,27.94579124450684,5828675
2018-04-19,21.40795516967773,27.78887367248535,27.838802337646484,27.517831802368164,27.746076583862305,4481072
2018-04-20,21.210140228271484,27.53209686279297,27.81740379333496,27.38944435119629,27.81027030944824,6439526
2018-04-23,21.243106842041016,27.574893951416016,27.860200881958008,27.453638076782227,27.61768913269043,6145387
2018-04-24,21.528844833374023,27.94579124450684,28.25962829589844,27.631954193115234,27.70328140258789,7343115
2018-04-25,21.51785087585449,27.93152618408203,27.952924728393555,27.603424072265625,27.824535369873047,5354098
2018-04-26,21.710168838500977,28.18116950988769,28.28102684020996,27.924394607543945,27.974321365356445,5623422
2018-04-27,21.89698982238769,28.42367935180664,28.502140045166016,28.10984230041504,28.11697578430176,4628703
2018-04-30,21.8035831451416,28.302425384521484,28.52353858947754,28.25249671936035,28.473609924316406,9541031
2018-05-01,22.061843872070312,28.637659072875977,28.83737564086914,28.445077896118164,28.530670166015625,19818672
2018-05-02,22.18822288513184,28.80171203613281,28.95149803161621,28.473609924316406,28.80171203613281,11318206
2018-05-03,22.44648170471192,29.136947631835938,29.379457473754883,28.559200286865234,28.74464988708496,11431908
2018-05-04,22.57285690307617,29.30099868774414,29.393722534179688,29.158344268798828,29.172611236572266,5870314
2018-05-07,22.693748474121094,29.457916259765625,29.643367767333984,29.315263748168945,29.33666229248047,9726936
2018-05-08,22.38603782653809,29.058488845825195,29.379457473754883,28.937232971191406,29.36519241333008,13435366
2018-05-09,21.96293830871582,28.5092716217041,29.09415054321289,28.466476440429688,29.037090301513672,8822646
2018-05-10,22.30911445617676,28.95863151550293,28.97289657592773,28.64479255676269,28.74464988708496,6784979
2018-05-11,22.33108711242676,28.98716163635254,29.07275390625,28.78031349182129,28.9229679107666,4756986
2018-05-14,22.356029510498047,28.773181915283203,28.9229679107666,28.58773231506348,28.851640701293945,5925974
2018-05-15,22.28398895263672,28.680456161499023,28.75178337097168,28.43794631958008,28.58773231506348,11630852
2018-05-16,22.05122184753418,28.380884170532227,28.72325134277344,28.231098175048828,28.609130859375,6089727
2018-05-17,21.8073787689209,28.067047119140625,28.530670166015625,27.99571990966797,28.416547775268555,8975183
2018-05-18,21.857255935668945,28.13124084472656,28.29529190063477,27.888729095458984,28.11697578430176,9100943
2018-05-21,21.96809768676757,28.27389335632324,28.323823928833008,27.895862579345703,28.20256805419922,6875128
2018-05-22,22.095563888549805,28.43794631958008,28.61626243591309,28.25962829589844,28.26676177978516,7474062
2018-05-23,22.333858489990234,28.74464988708496,28.78031349182129,28.4593448638916,28.495006561279297,9255303
2018-05-24,22.461328506469727,28.9087028503418,28.9229679107666,28.48787307739257,28.6590576171875,8579118
2018-05-25,22.53891563415528,29.00855827331543,29.165477752685547,28.830242156982425,28.880170822143555,6155060
2018-05-29,22.56107711791992,29.037090301513672,29.165477752685547,28.766048431396484,28.880170822143555,8614168
2018-05-30,22.84371757507324,29.400856018066406,29.522111892700195,28.851640701293945,29.01569175720215,9431394
2018-05-31,22.937929153442383,29.522111892700195,29.757488250732425,29.17974281311035,29.36519241333008,8659593
2018-06-01,22.71625328063965,29.236804962158203,29.52924346923828,28.823110580444336,29.522111892700195,9688661
2018-06-04,22.46686363220215,28.915834426879883,29.486448287963867,28.830242156982425,29.308130264282227,9371949
2018-06-05,22.405908584594727,28.83737564086914,29.06562042236328,28.694721221923828,29.02995681762696,6906813
2018-06-06,22.00688934326172,28.323823928833008,28.994293212890625,28.28102684020996,28.994293212890625,8678941
2018-06-07,22.245193481445312,28.63052749633789,28.9087028503418,28.26676177978516,28.3452205657959,8547994
2018-06-08,22.1676082611084,28.530670166015625,28.75178337097168,28.3452205657959,28.58773231506348,7592251
2018-06-11,22.128808975219727,28.48074150085449,28.687589645385746,28.33808708190918,28.530670166015625,6093513
2018-06-12,22.439159393310547,28.880170822143555,28.930099487304688,28.466476440429688,28.48074150085449,10166323
2018-06-13,22.455781936645508,28.90156936645508,29.33666229248047,28.787446975708008,28.965763092041016,7640059
2018-06-14,22.76058959960937,29.293865203857425,29.32952880859375,28.815977096557617,28.90156936645508,7124543
2018-06-15,22.99334716796875,29.59343719482422,29.65049934387207,28.94436454772949,29.2225399017334,15435459
2018-06-18,23.12080764770508,29.757488250732425,29.843080520629883,29.550642013549805,29.550642013549805,6791148
2018-06-19,23.059852600097656,29.67902946472168,30.05706024169922,29.42225456237793,29.778886795043945,9492521
2018-06-20,23.16514778137207,29.81455039978028,29.91440773010254,29.536376953125,29.743223190307617,5463173
2018-06-21,22.960094451904297,29.550642013549805,29.893009185791016,29.379457473754883,29.750356674194336,9666790
2018-06-22,22.99888801574707,29.600570678710938,29.76462173461914,29.493581771850582,29.664764404296875,6264136
2018-06-25,23.192852020263672,29.8502140045166,30.035663604736328,29.59343719482422,29.664764404296875,9689502
2018-06-26,23.292613983154297,29.97860145568848,30.11412239074707,29.81455039978028,29.92154121398925,15287408
2018-06-27,23.386823654174805,30.099857330322266,30.206846237182617,29.88587760925293,29.97860145568848,6158425
2018-06-28,23.43115425109864,30.15691947937012,30.392297744750977,30.035663604736328,30.19258117675781,10861154
2018-06-29,23.60850143432617,30.38516426086425,30.47075653076172,29.97860145568848,30.19971466064453,12582950
2018-07-02,23.774757385253903,30.5991439819336,30.6134090423584,30.206846237182617,30.43509292602539,6115945
2018-07-03,23.7248764038086,30.534950256347656,30.734664916992188,30.370899200439453,30.592010498046875,4289559
2018-07-05,23.78583526611328,30.6134090423584,30.66333770751953,30.413694381713867,30.5991439819336,5807925
2018-07-06,23.88005447387696,30.734664916992188,30.80599021911621,30.513551712036133,30.606277465820312,5031498
2018-07-09,23.192852020263672,29.8502140045166,30.81312370300293,29.72895812988281,30.78459358215332,8344424
2018-07-10,23.370195388793945,30.078458786010746,30.22111320495605,29.572040557861328,29.600570678710938,7445461
2018-07-11,23.525367736816406,30.27817344665528,30.38516426086425,29.3865909576416,30.15691947937012,7808579
2018-07-12,23.469953536987305,30.206846237182617,30.38516426086425,29.928672790527344,30.30670547485352,8511963
2018-07-13,23.49211883544922,30.23537826538086,30.335235595703125,29.985734939575195,30.29243850708008,6689363
2018-07-16,23.359113693237305,30.064193725585938,30.24251174926757,29.928672790527344,30.15691947937012,7603326
2018-07-17,23.23164749145508,29.90014266967773,30.19258117675781,29.87874412536621,30.099857330322266,10851901
2018-07-18,23.23164749145508,29.90014266967773,29.97146987915039,29.6718978881836,29.928672790527344,6860967
2018-07-19,23.40898895263672,30.128387451171875,30.29243850708008,29.957204818725582,29.957204818725582,8549536
2018-07-20,23.303693771362305,29.99286651611328,30.1355209350586,29.793153762817383,29.99286651611328,7581035
2018-07-23,23.059852600097656,29.67902946472168,30.08559226989746,29.572040557861328,30.078458786010746,5937750
2018-07-24,23.08202171325684,29.70756149291992,29.750356674194336,29.2225399017334,29.600570678710938,7242452
2018-07-25,23.20948028564453,29.871612548828125,30.128387451171875,29.6718978881836,29.6861629486084,7458079
2018-07-26,23.42561912536621,30.1497859954834,30.164051055908203,29.91440773010254,30.021398544311523,7991120
2018-07-27,23.386823654174805,30.099857330322266,30.370899200439453,29.97860145568848,30.17118453979492,4222263
2018-07-30,23.16514778137207,29.81455039978028,30.14265251159668,29.70756149291992,30.071327209472656,4795261
2018-07-31,23.55307960510254,30.3138370513916,30.328102111816406,29.76462173461914,29.928672790527344,11907466
2018-08-01,23.27598190307617,29.957204818725582,30.106990814208984,29.757488250732425,30.08559226989746,7656883
2018-08-02,23.43669891357422,30.164051055908203,30.58487892150879,29.928672790527344,30.071327209472656,7132535
2018-08-03,23.54754066467285,30.30670547485352,30.420827865600582,30.05706024169922,30.213979721069336,6203710
2018-08-06,23.61404037475586,30.392297744750977,30.513551712036133,30.22111320495605,30.271041870117188,5557808
2018-08-07,23.702713012695312,30.50641822814941,30.641939163208008,30.1355209350586,30.427959442138672,8595522
2018-08-08,23.74704933166504,30.563480377197266,30.6134090423584,30.3138370513916,30.45649147033692,4807178
2018-08-09,24.035219192504883,30.93437957763672,30.977174758911133,30.49215316772461,30.57774543762207,6420179
2018-08-10,23.902217864990234,30.7631950378418,31.198287963867188,30.713266372680664,31.00570678710937,6257266
2018-08-13,24.0019760131836,30.891582489013672,30.93437957763672,30.677602767944336,30.791725158691406,6212963
2018-08-14,24.2170524597168,30.92011451721192,31.04136848449707,30.67047119140625,30.713266372680664,6097298
2018-08-15,24.373476028442383,31.119829177856445,31.362340927124023,30.941511154174805,30.98430824279785,8227637
2018-08-16,24.76451873779297,31.619115829467773,31.69757461547852,31.0770320892334,31.112695693969727,11589633
2018-08-17,24.876245498657227,31.761768341064453,32.132667541503906,31.55492210388184,31.59771728515625,11614448
2018-08-20,24.72541046142578,31.56918716430664,31.733238220214844,31.44793128967285,31.590585708618164,8970136
2018-08-21,24.63044166564941,31.44793128967285,31.640514373779297,31.25535011291504,31.61198234558105,6152116
2018-08-22,24.54105758666992,31.33380889892578,31.5263900756836,31.119829177856445,31.5263900756836,4234320
2018-08-23,24.524301528930664,31.31241035461425,31.54778861999512,31.2268180847168,31.326675415039062,4735535
2018-08-24,24.596923828125,31.40513610839844,31.44079971313477,31.105562210083008,31.326675415039062,4731049
2018-08-27,24.3846435546875,31.13409423828125,31.512126922607425,30.970043182373047,31.46932983398437,3817225
2018-08-28,24.24498176574707,30.95577621459961,31.09843063354492,30.863052368164062,31.04136848449707,6395784
2018-08-29,24.479612350463867,31.25535011291504,31.3409423828125,31.08416557312012,31.269615173339844,4282409
2018-08-30,24.54664802551269,31.3409423828125,31.47646141052246,31.205421447753903,31.30527877807617,4021357
2018-08-31,24.41815948486328,31.176889419555664,31.41940116882324,30.99144172668457,31.33380889892578,9152256
2018-09-04,24.574575424194336,31.376604080200195,31.47646141052246,31.27674865722656,31.44793128967285,4386017
2018-09-05,24.69189453125,31.5263900756836,31.6547794342041,31.376604080200195,31.412267684936523,9857742
2018-09-06,24.78127670288086,31.640514373779297,31.79743194580078,31.512126922607425,31.704708099365234,8841152
2018-09-07,24.619274139404297,31.433666229248047,31.69757461547852,31.28388023376465,31.462196350097656,6662584
2018-09-10,24.9265251159668,31.82596206665039,31.9900131225586,31.504993438720703,31.57632064819336,7126506
2018-09-11,24.69189453125,31.5263900756836,31.72610664367676,31.362340927124023,31.590585708618164,7466071
2018-09-12,24.64720726013184,31.46932983398437,31.71183967590332,31.42653465270996,31.56205368041992,6541171
2018-09-13,24.825965881347656,31.69757461547852,31.704708099365234,31.28388023376465,31.462196350097656,6302691
2018-09-14,24.62485694885254,31.44079971313477,31.640514373779297,31.269615173339844,31.62624740600586,7391484
2018-09-17,24.842723846435547,31.71897315979004,31.77603340148925,31.504993438720703,31.6547794342041,4174455
2018-09-18,24.69189453125,31.5263900756836,31.72610664367676,31.40513610839844,31.62624740600586,6237218
2018-09-19,24.155601501464844,30.84165573120117,31.583452224731445,30.63480758666992,31.57632064819336,13966303
2018-09-20,24.239398956298828,30.948644638061523,31.069900512695312,30.6134090423584,30.791725158691406,8510701
2018-09-21,24.3846435546875,31.13409423828125,31.28388023376465,30.7631950378418,30.884450912475582,13290680
2018-09-24,24.13324928283692,30.81312370300293,31.16975784301757,30.791725158691406,31.091297149658203,6310963
2018-09-25,23.78689384460449,30.370899200439453,30.877317428588867,30.271041870117188,30.877317428588867,7877277
2018-09-26,23.574613571166992,30.099857330322266,30.55634880065918,30.09272575378418,30.449357986450195,8775679
2018-09-27,23.915376663208008,30.534950256347656,30.63480758666992,30.099857330322266,30.128387451171875,8389848
2018-09-28,24.390226364135746,31.14122772216797,31.184022903442383,30.55634880065918,30.62054252624512,10065519
2018-10-01,24.25057029724121,30.962909698486328,31.055635452270508,30.81312370300293,30.998573303222656,6513692
2018-10-02,24.585752487182617,31.390869140625,31.533523559570312,31.027103424072266,31.0627670288086,6789045
2018-10-03,24.07738876342773,30.74179649353028,31.433666229248047,30.477888107299805,31.348073959350582,7536030
2018-10-04,24.155601501464844,30.84165573120117,30.90584945678711,30.356632232666016,30.68473625183105,9000560
2018-10-05,24.474023818969727,31.24821662902832,31.355207443237305,30.77032852172852,30.84165573120117,4803532
2018-10-08,24.585752487182617,31.390869140625,31.533523559570312,31.01283836364746,31.362340927124023,7969248
2018-10-09,24.591339111328125,31.39800262451172,31.640514373779297,31.119829177856445,31.28388023376465,7742124
2018-10-10,24.33436393737793,31.069900512695312,31.733238220214844,31.0627670288086,31.326675415039062,9947751
2018-10-11,23.87069129943848,30.477888107299805,31.2268180847168,30.3138370513916,31.16262435913086,10199410
2018-10-12,23.971248626708984,30.606277465820312,30.748929977416992,30.271041870117188,30.54208374023437,9633002
2018-10-15,24.038280487060547,30.691869735717773,31.0627670288086,30.54921531677246,30.641939163208008,7822599
2018-10-16,24.27850341796875,30.998573303222656,31.119829177856445,30.592010498046875,30.677602767944336,8721421
2018-10-17,24.015941619873047,30.66333770751953,31.069900512695312,30.54921531677246,30.998573303222656,7119356
2018-10-18,24.06621551513672,30.72753143310547,30.891582489013672,30.527816772460938,30.677602767944336,6244788
2018-10-19,24.65278625488281,31.47646141052246,31.66191291809082,30.7774600982666,30.834522247314453,9085661
2018-10-22,24.30084609985352,31.027103424072266,31.36947250366211,30.95577621459961,31.19115447998047,6539769
2018-10-23,24.31760597229004,31.04850196838379,31.24821662902832,30.81312370300293,31.0770320892334,6401812
2018-10-24,24.87065887451172,31.754636764526367,32.00428009033203,31.091297149658203,31.291013717651367,8692961
2018-10-25,24.496374130249023,31.27674865722656,31.55492210388184,31.027103424072266,31.533523559570312,9130385
2018-10-26,24.36787986755371,31.112695693969727,31.533523559570312,30.84165573120117,31.40513610839844,13135478
2018-10-29,24.62485694885254,31.44079971313477,31.583452224731445,31.069900512695312,31.069900512695312,9814701
2018-10-30,24.792451858520508,31.6547794342041,31.94721794128418,31.33380889892578,31.94721794128418,8842274
2018-10-31,24.474023818969727,31.24821662902832,31.54778861999512,31.04850196838379,31.54778861999512,12666229
2018-11-01,24.3846435546875,31.13409423828125,31.63338088989257,30.89871597290039,31.3409423828125,9433217
2018-11-02,24.24498176574707,30.95577621459961,31.38373756408692,30.68473625183105,31.269615173339844,8565379
2018-11-05,24.680723190307617,31.512126922607425,31.74750328063965,31.069900512695312,31.262481689453125,8939012
2018-11-06,24.75334548950196,31.60485076904297,31.640514373779297,31.16262435913086,31.5406551361084,7245957
2018-11-07,24.95445251464844,31.86162567138672,31.961484909057617,31.48359489440918,31.754636764526367,11857555
2018-11-08,24.999147415161133,31.91868782043457,31.94721794128418,31.519258499145508,31.940086364746094,7819795
2018-11-09,25.16115379333496,32.12553405761719,32.31098556518555,31.818830490112305,31.97574806213379,8239694
2018-11-12,25.541025161743164,32.610557556152344,32.95292282104492,31.940086364746094,31.97574806213379,6432937
2018-11-13,25.647172927856445,32.74607849121094,32.8459358215332,32.44650650024414,32.68901443481445,7580053
2018-11-14,25.452974319458008,32.25392150878906,32.55349349975586,32.12553405761719,32.375179290771484,10060331
2018-11-15,25.63872718811035,32.48929977416992,32.6176872253418,31.783166885375977,32.03281021118164,7495092
2018-11-16,25.82447052001953,32.72467803955078,32.95292282104492,32.51070022583008,32.93152618408203,10946115
2018-11-19,25.948301315307617,32.88159942626953,32.93865966796875,32.66761779785156,32.75320816040039,6539068
2018-11-20,25.57680892944336,32.41084289550781,33.038516998291016,32.30385208129883,32.98858642578125,10198709
2018-11-21,25.30100440979004,32.06134033203125,32.43937301635742,31.93295288085937,32.30385208129883,6227123
2018-11-23,25.244712829589844,31.9900131225586,32.11840057373047,31.761768341064453,32.09700393676758,3583091
2018-11-26,25.44171905517578,32.23965835571289,32.29671859741211,31.85449409484864,32.05420684814453,6078511
2018-11-27,25.62747001647949,32.47503662109375,32.603424072265625,32.146934509277344,32.24679183959961,5647536
2018-11-28,25.79070472717285,32.681884765625,32.74607849121094,32.22539138793945,32.5677604675293,7196186
2018-11-29,25.70627212524414,32.574893951416016,32.71041488647461,32.146934509277344,32.70328140258789,5860220
2018-11-30,26.11153984069824,33.08844375610352,33.13124084472656,32.546363830566406,32.67475128173828,9631179
2018-12-03,26.16219520568848,33.15263748168945,33.15977096557617,32.82453536987305,33.059913635253906,7957472
2018-12-04,26.426740646362305,33.48787307739258,33.78744888305664,33.18117141723633,33.316688537597656,12366481
2018-12-06,26.39859962463379,33.45220947265625,33.80884552001953,32.87446594238281,33.48787307739258,10213430
2018-12-07,26.432371139526367,33.4950065612793,33.737518310546875,33.009986877441406,33.43081283569336,6467286
2018-12-10,26.454879760742188,33.523536682128906,33.63052749633789,32.810272216796875,33.380882263183594,7104775
2018-12-11,26.39296531677246,33.4450798034668,33.64479446411133,33.281028747558594,33.58060073852539,7281427
2018-12-12,26.39296531677246,33.4450798034668,33.7731819152832,33.39514923095703,33.530670166015625,9518879
2018-12-13,26.426740646362305,33.48787307739258,33.716121673583984,33.37375259399414,33.43794631958008,6210720
2018-12-14,26.48865509033203,33.56633377075195,33.67332458496094,33.3594856262207,33.509273529052734,7477427
2018-12-17,25.67249870300293,32.53209686279297,33.68758773803711,32.4322395324707,33.587730407714844,10030609
2018-12-18,25.77944564819336,32.66761779785156,33.15263748168945,32.5178337097168,32.71754455566406,9871622
2018-12-19,25.73441505432129,32.610557556152344,33.15263748168945,32.43937301635742,32.72467803955078,10494250
2018-12-20,25.78506851196289,32.67475128173828,33.18830108642578,32.27532196044922,32.681884765625,11574632
2018-12-21,25.830097198486328,32.7318115234375,33.537803649902344,32.582027435302734,32.66761779785156,16933636
2018-12-24,24.67059135437012,31.262481689453125,32.97432327270508,31.13409423828125,32.72467803955078,5799373
2018-12-26,25.036453247070312,31.72610664367676,31.754636764526367,30.74179649353028,31.27674865722656,7592110
2018-12-27,25.2053165435791,31.940086364746094,31.9543514251709,31.027103424072266,31.56205368041992,8850265
2018-12-28,25.18279838562012,31.91155433654785,32.31098556518555,31.818830490112305,32.01141357421875,6978455
2018-12-31,25.385433197021484,32.168331146240234,32.168331146240234,31.704708099365234,31.940086364746094,6006028
2019-01-02,24.80568122863769,31.433666229248047,32.09700393676758,31.27674865722656,31.940086364746094,7574585
2019-01-03,24.83382225036621,31.46932983398437,31.79030036926269,31.298145294189453,31.512126922607425,6607906
2019-01-04,25.11526107788086,31.82596206665039,31.83309555053711,31.034236907958984,31.091297149658203,7767921
2019-01-07,25.16028594970703,31.88302421569824,32.07560729980469,31.512126922607425,31.61198234558105,10576968
2019-01-08,25.548667907714844,32.375179290771484,32.403709411621094,31.761768341064453,31.897289276123047,6458593
2019-01-09,25.34040260314941,32.111270904541016,32.425106048583984,31.97574806213379,32.23252487182617,8783530
2019-01-10,25.773815155029297,32.660484313964844,32.69614791870117,32.03281021118164,32.20399475097656,6189129
2019-01-11,25.773815155029297,32.660484313964844,32.838802337646484,32.44650650024414,32.62482070922852,6705345
2019-01-14,25.35166358947754,32.12553405761719,32.417972564697266,31.77603340148925,32.33951568603516,9554490
2019-01-15,25.773815155029297,32.660484313964844,32.810272216796875,32.04707717895508,32.04707717895508,7082483
2019-01-16,25.77944564819336,32.66761779785156,32.68901443481445,32.30385208129883,32.46790313720703,7811383
2019-01-17,25.90326881408692,32.82453536987305,32.87446594238281,32.52496337890625,32.68901443481445,5801476
2019-01-18,25.93704605102539,32.867332458496094,33.08844375610352,32.73894500732422,32.88159942626953,6759603
2019-01-22,26.03273200988769,32.98858642578125,33.23823165893555,32.653350830078125,32.82453536987305,7380969
2019-01-23,26.38171768188477,33.43081283569336,33.4450798034668,32.99571990966797,33.02425003051758,6477240
2019-01-24,26.432371139526367,33.4950065612793,33.56633377075195,33.16690444946289,33.523536682128906,6222497
2019-01-25,26.13405036926269,33.11697769165039,33.54493713378906,32.9814567565918,33.36661911010742,9430413
2019-01-28,25.97644805908203,32.917259216308594,33.21683120727539,32.67475128173828,33.1455078125,4984951
2019-01-29,26.00459098815918,32.95292282104492,33.17403793334961,32.838802337646484,33.02425003051758,7206420
2019-01-30,26.257884979248047,33.273895263671875,33.45220947265625,32.888729095458984,32.8958625793457,5308673
2019-01-31,26.88267135620117,34.06562042236328,34.18687438964844,33.13837432861328,33.23823165893555,11248667
2019-02-01,26.713809967041016,33.85164260864258,34.07275390625,33.609130859375,34.001426696777344,6813440
2019-02-04,26.6462631225586,33.766048431396484,33.766048431396484,33.380882263183594,33.67332458496094,8991867
2019-02-05,26.61812210083008,33.73038482666016,33.88017272949219,33.54493713378906,33.708988189697266,7111365
2019-02-06,26.6350040435791,33.75178146362305,33.9087028503418,33.51640319824219,33.609130859375,7175716
2019-02-07,27.09092903137207,34.32952880859375,34.35805892944336,33.64479446411133,33.78031539916992,9999905
2019-02-08,26.860153198242188,34.03709030151367,34.10128402709961,32.831668853759766,32.92439270019531,12337039
2019-02-11,26.90518569946289,34.09415054321289,34.2867317199707,33.944366455078125,33.994293212890625,7935180
2019-02-12,26.97272109985352,34.179744720458984,34.31526565551758,33.87303924560547,34.172611236572266,6463220
2019-02-13,26.961475372314453,34.16547775268555,34.251068115234375,34.07275390625,34.09415054321289,6134591
2019-02-14,26.9389591217041,34.13694763183594,34.29386520385742,33.90156936645508,34.12981414794922,5434432
2019-02-15,27.164093017578125,34.4222526550293,34.4222526550293,34.18687438964844,34.36519241333008,8591877
2019-02-19,27.30758476257324,34.34379577636719,34.386592864990234,34.02995681762695,34.26533508300781,6781194
2019-02-20,27.296247482299805,34.32952880859375,34.47931671142578,34.09415054321289,34.24393844604492,8156275
2019-02-21,27.50041007995605,34.5863037109375,34.67903137207031,34.11554718017578,34.13694763183594,13338067
2019-02-22,27.64220428466797,34.76462173461914,34.8858757019043,34.55777359008789,34.664764404296875,5959481
2019-02-25,27.4607162475586,34.536376953125,34.928672790527344,34.3723258972168,34.921539306640625,5610664
2019-02-26,27.54010963439941,34.636234283447266,34.77175521850586,34.436519622802734,34.693294525146484,7564912
2019-02-27,27.39266395568848,34.45078659057617,34.80028533935547,34.407989501953125,34.486446380615234,6948172
2019-02-28,27.55712509155273,34.65763092041016,34.80028533935547,34.30099868774414,34.39372253417969,8806242
2019-03-01,27.52877426147461,34.62196731567383,34.82881546020508,34.47218322753906,34.73609161376953,6623328
2019-03-04,27.477725982666016,34.55777359008789,34.814552307128906,34.30813217163086,34.70756149291992,5228899
2019-03-05,27.4607162475586,34.536376953125,34.636234283447266,34.4222526550293,34.49357986450195,6144125
2019-03-06,27.466384887695312,34.54351043701172,34.664764404296875,34.35092544555664,34.55777359008789,4967146
2019-03-07,27.53444480895996,34.62910079956055,34.91440963745117,34.57917404174805,34.671897888183594,5800635
2019-03-08,27.66488265991211,34.79315185546875,34.82168197631836,34.457916259765625,34.664764404296875,4774371
2019-03-11,27.83502578735352,35.00713348388672,35.049930572509766,34.72895812988281,34.80028533935547,6314888
2019-03-12,28.05053901672364,35.278175354003906,35.34950256347656,35.049930572509766,35.078460693359375,6786381
2019-03-13,28.14695167541504,35.39942932128906,35.44935989379883,35.19971466064453,35.25677490234375,6524768
2019-03-14,28.14127349853516,35.392295837402344,35.65620422363281,35.24964141845703,35.39942932128906,5745256
2019-03-15,28.35679244995117,35.66333770751953,35.805992126464844,35.25677490234375,35.342369079589844,16841805
2019-03-18,28.16963195800781,35.42795944213867,35.72753143310547,35.285308837890625,35.67047119140625,7827226
2019-03-19,27.83502578735352,35.00713348388672,35.42082595825195,34.8359489440918,35.39942932128906,9156041
2019-03-20,27.84636688232422,35.02139663696289,35.363765716552734,34.878746032714844,35.1141242980957,6696513
2019-03-21,28.163969039916992,35.42082595825195,35.48501968383789,34.93580627441406,35.02139663696289,11997615
2019-03-22,28.51558303833008,35.86305236816406,35.998573303222656,35.39942932128906,35.463623046875,10215813
2019-03-25,28.572303771972656,35.93437957763672,36.012840270996094,35.70613479614258,35.88445281982422,8260724
2019-03-26,28.7424430847168,36.14835739135742,36.19828796386719,35.89158248901367,36.062767028808594,5859659
2019-03-27,28.65737533569336,36.0413703918457,36.26961517333984,35.81312561035156,36.16975784301758,7215253
2019-03-28,28.220678329467773,35.49215316772461,36.11982727050781,35.37803268432617,36.07703399658203,7575567
2019-03-29,28.43051528930664,35.75606155395508,35.77032852172852,35.37089920043945,35.45648956298828,7980464
2019-04-01,28.266042709350582,35.54921340942383,35.91297912597656,35.26390838623047,35.90584945678711,5906626
2019-04-02,28.5212516784668,35.87018585205078,35.91297912597656,35.592010498046875,35.89158248901367,8945882
2019-04-03,28.32275009155273,35.620540618896484,35.87018585205078,35.52781677246094,35.84165573120117,6050892
2019-04-04,28.15262031555176,35.40656280517578,35.73466491699219,35.2995719909668,35.70613479614258,5588933
2019-04-05,28.300079345703125,35.592010498046875,35.63480758666992,35.32096862792969,35.45648956298828,7053322
2019-04-08,28.14127349853516,35.392295837402344,35.65620422363281,35.26390838623047,35.570613861083984,8931862
2019-04-09,28.084562301635746,35.32096862792969,35.54921340942383,35.19971466064453,35.335235595703125,7384614
2019-04-10,28.10725212097168,35.34950256347656,35.848785400390625,35.32096862792969,35.6276741027832,6293858
2019-04-11,28.23202133178711,35.50642013549805,35.52068328857422,35.22111129760742,35.29243850708008,5014253
2019-04-12,28.1866512298584,35.44935989379883,35.542083740234375,35.09272384643555,35.4136962890625,9170762
2019-04-15,28.464542388916016,35.798858642578125,35.87018585205078,35.45648956298828,35.52781677246094,7059911
2019-04-16,27.903076171875,35.09272384643555,35.805992126464844,35.02139663696289,35.72039794921875,5162444
2019-04-17,27.72726821899414,34.871612548828125,35.17831802368164,34.80028533935547,35.156917572021484,7268529
2019-04-18,28.01651191711425,35.23537826538086,35.392295837402344,34.82168197631836,34.950069427490234,12187165
2019-04-22,28.061878204345703,35.29243850708008,35.47789001464844,35.17118453979492,35.2995719909668,8559350
2019-04-23,28.20933532714844,35.47789001464844,35.64194107055664,35.17118453979492,35.32096862792969,9215346
2019-04-24,28.396488189697266,35.7132682800293,35.90584945678711,35.47075653076172,35.513553619384766,9819328
2019-04-25,28.577970504760746,35.94151306152344,36.14122772216797,35.52068328857422,35.5777473449707,5867510
2019-04-26,28.623348236083984,35.998573303222656,36.39800262451172,35.99143981933594,36.11269760131836,6970464
2019-04-29,28.40216064453125,35.72039794921875,35.98430633544922,35.43509292602539,35.92724609375,7426815
2019-04-30,28.89557456970215,36.3409423828125,36.37660598754883,35.64194107055664,35.81312561035156,10656602
2019-05-01,28.5212516784668,35.87018585205078,36.24821853637695,35.86305236816406,36.20542144775391,7704691
2019-05-02,28.20366477966309,35.47075653076172,36.1768913269043,35.1141242980957,36.14122772216797,6599915
2019-05-03,28.28874015808105,35.5777473449707,35.69900131225586,35.37089920043945,35.48501968383789,6444994
2019-05-06,28.010835647583008,35.22824478149414,35.69186782836914,35.128387451171875,35.613407135009766,7364285
2019-05-07,27.83502578735352,35.00713348388672,35.31383514404297,34.871612548828125,35.17831802368164,6526590
2019-05-08,27.55145835876465,34.65049743652344,35.06419372558594,34.54351043701172,34.91440963745117,7786287
2019-05-09,27.653539657592773,34.77888870239258,34.900142669677734,34.47218322753906,34.721824645996094,6234694
2019-05-10,27.97680854797364,35.185447692871094,35.24964141845703,34.5863037109375,34.79315185546875,5695345
2019-05-13,28.254701614379883,35.534950256347656,35.599143981933594,35.049930572509766,35.099857330322266,5779324
2019-05-14,27.976486206054688,34.928672790527344,35.34950256347656,34.8858757019043,35.22111129760742,6916627
2019-05-15,27.86222267150879,34.78601837158203,35.099857330322266,34.76462173461914,34.95720291137695,6331993
2019-05-16,27.94219970703125,34.8858757019043,35.06419372558594,34.693294525146484,34.814552307128906,6427609
2019-05-17,27.98219108581543,34.93580627441406,35.08559036254883,34.607704162597656,34.607704162597656,5783390
2019-05-20,27.9536247253418,34.900142669677734,35.185447692871094,34.80741882324219,35.02139663696289,6363117
2019-05-21,27.9536247253418,34.900142669677734,35.19971466064453,34.80028533935547,34.93580627441406,5427422
2019-05-22,28.14786720275879,35.14265441894531,35.22111129760742,34.814552307128906,34.96433639526367,6584633
2019-05-23,28.370683670043945,35.42082595825195,35.47075653076172,35.09272384643555,35.156917572021484,5125852
2019-05-24,28.313552856445312,35.34950256347656,35.67047119140625,35.32096862792969,35.42795944213867,5883633
2019-05-28,27.86793708801269,34.79315185546875,35.392295837402344,34.714691162109375,35.363765716552734,6027899
2019-05-29,27.56514549255371,34.41511917114258,34.921539306640625,34.33666229248047,34.900142669677734,5080147
2019-05-30,27.44517707824707,34.26533508300781,34.59343719482422,34.208274841308594,34.486446380615234,4585942
2019-05-31,27.468027114868164,34.29386520385742,34.44365310668945,34.00856018066406,34.26533508300781,7204037
2019-06-03,27.71939849853516,34.607704162597656,34.671897888183594,34.229671478271484,34.457916259765625,5241237
2019-06-04,27.82794189453125,34.74322509765625,34.79315185546875,34.022823333740234,34.60057067871094,4770866
2019-06-05,28.404953002929688,35.463623046875,35.64194107055664,34.80741882324219,34.8858757019043,6378679
2019-06-06,28.69632148742676,35.827388763427734,35.92011260986328,35.392295837402344,35.47075653076172,6501635
2019-06-07,28.53635597229004,35.6276741027832,36.5049934387207,35.6276741027832,36.21255111694336,8104401
2019-06-10,28.319255828857425,35.356632232666016,35.63480758666992,35.128387451171875,35.63480758666992,5242218
2019-06-11,28.11359596252441,35.099857330322266,35.44222640991211,34.893009185791016,35.26390838623047,5856855
2019-06-12,28.821996688842773,35.98430633544922,36.012840270996094,35.02853012084961,35.22824478149414,7257313
2019-06-13,28.662050247192383,35.78459167480469,36.14122772216797,35.534950256347656,36.0413703918457,5301943
2019-06-14,29.021961212158203,36.23395156860352,36.3409423828125,35.7132682800293,35.791725158691406,5763201
2019-06-17,28.821996688842773,35.98430633544922,36.27674865722656,35.83452224731445,36.21255111694336,5606738
2019-06-18,28.507795333862305,35.592010498046875,36.15549087524414,35.32096862792969,36.09843063354492,7639919
2019-06-19,28.564924240112305,35.66333770751953,35.791725158691406,35.17831802368164,35.42082595825195,9345171
2019-06-20,28.702037811279297,35.83452224731445,35.998573303222656,35.42795944213867,35.748931884765625,6845405
2019-06-21,28.793439865112305,35.94864654541016,35.99143981933594,35.52068328857422,35.78459167480469,11489110
2019-06-24,28.656326293945312,35.777462005615234,36.06990051269531,35.58488082885742,35.83452224731445,7206981
2019-06-25,28.0164737701416,34.97860336303711,35.73466491699219,34.950069427490234,35.67760467529297,7929712
2019-06-26,27.30234718322754,34.08702087402344,34.94293975830078,34.06562042236328,34.85021209716797,8680062
2019-06-27,27.170955657958984,33.92296600341797,34.2867317199707,33.794578552246094,34.222537994384766,8728992
2019-06-28,27.388038635253903,34.19400787353516,34.27960205078125,33.88017272949219,33.944366455078125,9433217
2019-07-01,27.450883865356445,34.27246856689453,34.33666229248047,33.88017272949219,34.21540832519531,6164594
2019-07-02,27.89650154113769,34.82881546020508,34.8359489440918,34.32239532470703,34.35092544555664,10241750
2019-07-03,28.010761260986328,34.97146987915039,35.099857330322266,34.74322509765625,34.864479064941406,4992242
2019-07-05,28.107881546020508,35.09272384643555,35.135520935058594,34.3723258972168,34.73609161376953,6425927
2019-07-08,27.86222267150879,34.78601837158203,35.135520935058594,34.65049743652344,35.05706024169922,9466024
2019-07-09,27.98219108581543,34.93580627441406,35.00713348388672,34.536376953125,34.78601837158203,7991400
2019-07-10,28.20500373840332,35.21398162841797,35.52068328857422,34.93580627441406,35.08559036254883,8586549
2019-07-11,28.3021240234375,35.335235595703125,35.356632232666016,34.950069427490234,35.24964141845703,6140620
2019-07-12,28.02789878845215,34.99286651611328,35.45648956298828,34.96433639526367,35.392295837402344,5582343
2019-07-15,27.92506599426269,34.864479064941406,35.099857330322266,34.721824645996094,34.95720291137695,6934152
2019-07-16,27.65084457397461,34.52210998535156,35.0,34.2867317199707,34.814552307128906,8050284
2019-07-17,27.765098571777344,34.664764404296875,34.85021209716797,34.55064010620117,34.7004280090332,5584727
2019-07-18,27.85651016235352,34.77888870239258,34.85021209716797,34.457916259765625,34.75035858154297,6577343
2019-07-19,27.176664352416992,33.93009948730469,34.75035858154297,33.90156936645508,34.67903137207031,9571454
2019-07-22,27.010990142822266,33.72325134277344,34.07988739013672,33.57346725463867,34.01569366455078,7471118
2019-07-23,26.48539161682129,33.067047119140625,33.708988189697266,32.97432327270508,33.66619110107422,10854424
2019-07-24,25.982654571533203,32.43937301635742,33.02425003051758,32.17546463012695,32.917259216308594,14517149
2019-07-25,26.35399436950684,32.90299606323242,33.00285339355469,32.23965835571289,32.453636169433594,12541871
2019-07-26,26.176898956298828,32.681884765625,33.15263748168945,32.67475128173828,32.9814567565918,7747312
2019-07-29,26.30829620361328,32.8459358215332,32.96005630493164,32.425106048583984,32.73894500732422,9639171
2019-07-30,26.30829620361328,32.8459358215332,33.124107360839844,32.71754455566406,32.853065490722656,5889101
2019-07-31,25.74270439147949,32.139801025390625,32.867332458496094,32.02567672729492,32.838802337646484,9783717
2019-08-01,25.365652084350582,31.669044494628903,32.20399475097656,31.16262435913086,31.412267684936523,11062341
2019-08-02,25.565603256225582,31.91868782043457,32.425106048583984,31.74037170410156,31.79030036926269,11046218
2019-08-05,25.377073287963867,31.68330955505371,32.318115234375,31.60485076904297,31.961484909057617,13983408
2019-08-06,25.82840347290039,32.24679183959961,32.368045806884766,31.5406551361084,31.76890182495117,10601363
2019-08-07,25.714141845703125,32.1041374206543,32.35377883911133,31.619115829467773,32.189727783203125,7087951
2019-08-08,25.948375701904297,32.396575927734375,32.425106048583984,31.90442276000977,32.082740783691406,7232217
2019-08-09,25.822683334350582,32.23965835571289,32.660484313964844,32.189727783203125,32.53209686279297,7937703
2019-08-12,25.822683334350582,32.23965835571289,32.43937301635742,31.97574806213379,32.24679183959961,8667024
2019-08-13,26.005504608154297,32.46790313720703,32.64622116088867,31.93295288085937,32.29671859741211,9366622
2019-08-14,25.615631103515625,31.72610664367676,32.21112823486328,31.56205368041992,32.146934509277344,7940928
2019-08-15,25.713523864746094,31.84736061096192,32.06847381591797,31.61198234558105,31.68330955505371,7253247
2019-08-16,25.989952087402344,32.189727783203125,32.22539138793945,31.81169891357422,31.968616485595703,7611598
2019-08-19,26.07634162902832,32.29671859741211,32.417972564697266,32.05420684814453,32.23965835571289,5586269
2019-08-20,26.036027908325195,32.24679183959961,32.375179290771484,32.02567672729492,32.368045806884766,8643050
2019-08-21,26.16848373413086,32.41084289550781,32.5178337097168,32.132667541503906,32.25392150878906,5300261
2019-08-22,26.21455192565918,32.46790313720703,32.58915710449219,32.24679183959961,32.41084289550781,5146041
2019-08-23,25.845985412597656,32.01141357421875,32.546363830566406,31.88302421569824,32.33951568603516,9783156
2019-08-26,26.306697845458984,32.582027435302734,32.58915710449219,32.0185432434082,32.11840057373047,5579119
2019-08-27,26.62919807434082,32.9814567565918,33.523536682128906,32.96005630493164,33.23823165893555,13647629
2019-08-28,26.738615036010746,33.11697769165039,33.18117141723633,32.831668853759766,32.93152618408203,7443498
2019-08-29,26.922897338867188,33.34522247314453,33.36661911010742,33.038516998291016,33.295291900634766,5040611
2019-08-30,27.216602325439453,33.708988189697266,33.85877227783203,33.352352142333984,33.502140045166016,7675109
2019-09-03,27.596689224243164,34.179744720458984,34.201141357421875,33.502140045166016,33.58060073852539,7998550
2019-09-04,27.642763137817383,34.2368049621582,34.407989501953125,33.987159729003906,34.3723258972168,7184549
2019-09-05,27.71187210083008,34.32239532470703,34.436519622802734,33.987159729003906,34.08702087402344,12926440
2019-09-06,27.71187210083008,34.32239532470703,34.78601837158203,34.208274841308594,34.643367767333984,6747405
2019-09-09,27.660036087036133,34.258201599121094,34.41511917114258,34.07988739013672,34.179744720458984,7005233
2019-09-10,27.84431838989257,34.486446380615234,34.57204055786133,34.12981414794922,34.18687438964844,8463874
2019-09-11,28.06315803527832,34.75748825073242,34.77888870239258,34.201141357421875,34.4222526550293,5083512
2019-09-12,27.573654174804688,34.151214599609375,35.01426315307617,34.144081115722656,34.950069427490234,10654779
2019-09-13,27.222362518310547,33.716121673583984,34.151214599609375,33.26676177978516,33.95149612426758,11474108
2019-09-16,27.28571319580078,33.794578552246094,33.80884552001953,33.502140045166016,33.716121673583984,5920786
2019-09-17,27.233875274658203,33.73038482666016,33.987159729003906,33.57346725463867,33.73038482666016,7875455
2019-09-18,27.60820770263672,34.19400787353516,34.251068115234375,33.86590576171875,33.89443588256836,5081549
2019-09-19,27.52758407592773,34.09415054321289,34.29386520385742,33.965763092041016,34.29386520385742,5117861
2019-09-20,27.90190696716309,34.55777359008789,34.65763092041016,34.208274841308594,34.251068115234375,14513504
2019-09-23,27.82127952575684,34.457916259765625,34.536376953125,34.2867317199707,34.436519622802734,6648845
2019-09-24,28.103477478027344,34.80741882324219,34.96433639526367,34.57204055786133,34.62196731567383,6900504
2019-09-25,28.224409103393555,34.95720291137695,34.98573684692383,34.57917404174805,34.80028533935547,6336339
2019-09-26,28.32231712341309,35.078460693359375,35.17831802368164,34.78601837158203,34.98573684692383,5377792
2019-09-27,27.976778030395508,34.65049743652344,35.1141242980957,34.436519622802734,35.1141242980957,6509065
2019-09-30,27.82127952575684,34.457916259765625,34.80741882324219,34.39372253417969,34.65763092041016,5462192
2019-10-01,27.63124656677246,34.222537994384766,34.486446380615234,34.10128402709961,34.407989501953125,6557434
2019-10-02,27.42392921447754,33.965763092041016,34.31526565551758,33.90156936645508,34.27246856689453,5987942
2019-10-03,27.48151588439941,34.03709030151367,34.07988739013672,33.7731819152832,34.051353454589844,6782596
2019-10-04,27.90190696716309,34.55777359008789,34.5863037109375,33.994293212890625,34.201141357421875,4701467
2019-10-07,27.90767288208008,34.56490707397461,34.65049743652344,34.222537994384766,34.400856018066406,6570753
2019-10-08,27.51030921936035,34.07275390625,34.55777359008789,34.05848693847656,34.35805892944336,6145527
2019-10-09,27.59092903137207,34.172611236572266,34.31526565551758,33.95149612426758,34.05848693847656,4273436
2019-10-10,27.30875015258789,33.8231086730957,34.04422378540039,33.587730407714844,34.00856018066406,6922095
2019-10-11,27.360572814941406,33.88730239868164,34.19400787353516,33.83737564086914,33.91583633422852,6187026
2019-10-14,27.13022232055664,33.60199737548828,33.994293212890625,33.45220947265625,33.9586296081543,3741097
2019-10-15,27.101423263549805,33.56633377075195,33.78744888305664,33.473609924316406,33.61626052856445,4764136
2019-10-16,25.86325454711914,32.03281021118164,33.34522247314453,31.91155433654785,33.34522247314453,16234179
2019-10-17,25.373748779296875,31.42653465270996,31.6547794342041,30.970043182373047,31.59771728515625,27450599
2019-10-18,25.725040435791016,31.86162567138672,31.93295288085937,31.326675415039062,31.38373756408692,28476162
2019-10-21,25.74807929992676,31.89015769958496,32.01141357421875,31.704708099365234,31.940086364746094,10353349
2019-10-22,26.05906105041504,32.27532196044922,32.28958511352539,31.8045654296875,32.07560729980469,11969014
2019-10-23,26.289417266845703,32.56062698364258,32.660484313964844,32.21112823486328,32.46076965332031,12215065
2019-10-24,26.59464454650879,32.93865966796875,32.99571990966797,32.49643325805664,32.49643325805664,9646040
2019-10-25,26.427631378173828,32.7318115234375,32.9814567565918,32.53209686279297,32.8958625793457,8948125
2019-10-28,26.2606201171875,32.52496337890625,32.7318115234375,32.41084289550781,32.68901443481445,8927235
2019-10-29,26.41035842895508,32.71041488647461,32.78887176513672,32.36091232299805,32.51070022583008,7619870
2019-10-30,26.871070861816406,33.281028747558594,33.28815841674805,32.62482070922852,32.681884765625,10608093
2019-10-31,26.1972770690918,32.44650650024414,33.295291900634766,32.189727783203125,33.16690444946289,11574772
2019-11-01,26.110889434814453,32.33951568603516,32.75320816040039,32.2681884765625,32.41084289550781,7900691
2019-11-04,25.62714576721192,31.74037170410156,32.47503662109375,31.583452224731445,32.417972564697266,9351200
2019-11-05,25.78839874267578,31.940086364746094,32.08987045288086,31.60485076904297,31.72610664367676,9763528
2019-11-06,25.811426162719727,31.968616485595703,32.189727783203125,31.840227127075195,31.968616485595703,8759696
2019-11-07,25.74232292175293,31.88302421569824,31.94721794128418,31.63338088989257,31.818830490112305,6733385
2019-11-08,25.74807929992676,31.89015769958496,32.00428009033203,31.640514373779297,31.79030036926269,5820683
2019-11-11,25.350717544555664,31.39800262451172,31.89015769958496,31.326675415039062,31.86162567138672,5126273
2019-11-12,25.52347755432129,31.61198234558105,31.761768341064453,31.355207443237305,31.39800262451172,6274090
2019-11-13,25.62714576721192,31.74037170410156,31.94721794128418,31.61198234558105,31.669044494628903,6312645
2019-11-14,25.91339492797852,31.83309555053711,31.85449409484864,31.39800262451172,31.46932983398437,6724413
2019-11-15,26.13983726501465,32.111270904541016,32.12553405761719,31.74750328063965,31.9543514251709,6435460
2019-11-18,26.36627960205078,32.389442443847656,32.52496337890625,32.07560729980469,32.22539138793945,8846059
2019-11-19,26.343055725097656,32.36091232299805,32.69614791870117,32.28245544433594,32.46076965332031,13557620
2019-11-20,26.337247848510746,32.35377883911133,32.41084289550781,31.761768341064453,32.23965835571289,35516305
2019-11-21,25.774044036865234,31.66191291809082,32.35377883911133,31.56918716430664,32.23965835571289,11819701
2019-11-22,25.79726791381836,31.6904411315918,31.8045654296875,31.433666229248047,31.79030036926269,8201700
2019-11-25,25.64630508422852,31.504993438720703,31.81169891357422,31.462196350097656,31.6904411315918,11220767
2019-11-26,25.55340385437012,31.390869140625,31.56205368041992,31.24821662902832,31.45506477355957,15425785
2019-11-27,25.704364776611328,31.57632064819336,31.619115829467773,31.25535011291504,31.45506477355957,5866248
2019-11-29,25.77985382080078,31.669044494628903,31.82596206665039,31.5263900756836,31.619115829467773,5472707
2019-12-02,25.495342254638672,31.319543838500977,31.68330955505371,31.27674865722656,31.59771728515625,9941582
2019-12-03,25.698562622070312,31.56918716430664,31.60485076904297,31.24821662902832,31.512126922607425,8735161
2019-12-04,25.861133575439453,31.76890182495117,31.86162567138672,31.412267684936523,31.44793128967285,7201093
2019-12-05,26.046937942504883,31.997146606445312,32.0185432434082,31.55492210388184,31.84736061096192,8189222
2019-12-06,26.046937942504883,31.997146606445312,32.31098556518555,31.818830490112305,31.982881546020508,6228806
2019-12-09,26.087587356567383,32.04707717895508,32.12553405761719,31.86875915527344,32.03281021118164,4786007
2019-12-10,25.96564674377441,31.897289276123047,32.20399475097656,31.86875915527344,32.132667541503906,7968407
2019-12-11,25.663721084594727,31.5263900756836,31.83309555053711,31.390869140625,31.733238220214844,7840685
2019-12-12,25.60566139221192,31.45506477355957,31.76890182495117,31.24821662902832,31.56205368041992,9644498
2019-12-13,25.44308853149414,31.25535011291504,31.47646141052246,31.0770320892334,31.45506477355957,10092718
2019-12-16,25.95403861999512,31.88302421569824,31.925819396972656,31.348073959350582,31.376604080200195,10223104
2019-12-17,26.11661529541016,32.082740783691406,32.16119766235352,31.6904411315918,32.03994369506836,10168426
2019-12-18,26.343055725097656,32.36091232299805,32.3823127746582,31.71897315979004,32.20399475097656,9037292
2019-12-19,26.11661529541016,32.082740783691406,32.3823127746582,31.669044494628903,32.28245544433594,12812457
2019-12-20,26.389503479003903,32.417972564697266,32.6176872253418,32.082740783691406,32.346649169921875,16771705
2019-12-23,26.244354248046875,32.23965835571289,32.5178337097168,31.982881546020508,32.417972564697266,9336899
2019-12-24,26.31402587890625,32.32524871826172,32.41084289550781,32.16119766235352,32.29671859741211,2749042
2019-12-26,26.31402587890625,32.32524871826172,32.46790313720703,32.196861267089844,32.23252487182617,4811664
2019-12-27,26.36627960205078,32.389442443847656,32.47503662109375,32.20399475097656,32.3823127746582,4897887
2019-12-30,26.34886741638184,32.368045806884766,32.603424072265625,32.2681884765625,32.3823127746582,5076642
2019-12-31,26.47079467773437,32.5178337097168,32.55349349975586,32.22539138793945,32.375179290771484,5174922
2020-01-02,26.377893447875977,32.403709411621094,32.653350830078125,32.27532196044922,32.653350830078125,7026544
2020-01-03,26.459178924560547,32.50356674194336,32.64622116088867,32.32524871826172,32.33238220214844,7550611
2020-01-06,26.499828338623047,32.55349349975586,32.63908767700195,32.375179290771484,32.4821662902832,7783203
2020-01-07,26.52305221557617,32.582027435302734,32.58915710449219,32.182594299316406,32.47503662109375,9501775
2020-01-08,26.714658737182617,32.817405700683594,32.93865966796875,32.546363830566406,32.582027435302734,8607579
2020-01-09,26.795942306518555,32.917259216308594,32.94579315185547,32.51070022583008,32.75320816040039,7459902
2020-01-10,26.85981750488281,32.99571990966797,33.11697769165039,32.8958625793457,33.02425003051758,8045377
2020-01-13,26.81916618347168,32.94579315185547,33.22396469116211,32.8958625793457,32.97432327270508,9328768
2020-01-14,26.598529815673828,32.67475128173828,32.88159942626953,32.50356674194336,32.87446594238281,8804139
2020-01-15,27.028196334838867,33.20256805419922,33.45934295654297,32.817405700683594,32.8459358215332,8239975
2020-01-16,27.138521194458008,33.33808898925781,33.54493713378906,33.20256805419922,33.273895263671875,8080988
2020-01-17,27.51592445373535,33.80171203613281,33.85877227783203,33.330955505371094,33.4950065612793,10607953
2020-01-21,27.62624168395996,33.937232971191406,33.9586296081543,33.68758773803711,33.83737564086914,7146555
2020-01-22,27.67269515991211,33.994293212890625,34.172611236572266,33.88017272949219,33.93009948730469,12269182
2020-01-23,27.841073989868164,34.201141357421875,34.2368049621582,33.83737564086914,34.001426696777344,8518552
2020-01-24,27.71333312988281,34.04422378540039,34.35805892944336,33.91583633422852,34.12981414794922,6731282
2020-01-27,27.446250915527344,33.716121673583984,34.35805892944336,33.6590576171875,34.06562042236328,7642442
2020-01-28,27.71333312988281,34.04422378540039,34.172611236572266,33.68758773803711,33.708988189697266,7176137
2020-01-29,27.759780883789062,34.10128402709961,34.436519622802734,33.937232971191406,33.994293212890625,9148190
2020-01-30,27.90494728088379,34.27960205078125,34.34379577636719,33.80884552001953,33.965763092041016,7347181
2020-01-31,27.632051467895508,33.944366455078125,34.35092544555664,33.70185470581055,34.2368049621582,9646741
2020-02-03,27.986230850219727,34.37945938110352,34.45078659057617,33.95149612426758,34.00856018066406,8584306
2020-02-04,27.92236328125,34.30099868774414,34.60057067871094,34.15834426879883,34.31526565551758,8540143
2020-02-05,28.061710357666016,34.47218322753906,34.55064010620117,34.10841751098633,34.24393844604492,7098326
2020-02-06,28.02106094360352,34.4222526550293,34.643367767333984,34.37945938110352,34.486446380615234,5835825
2020-02-07,27.980419158935547,34.3723258972168,34.65049743652344,34.34379577636719,34.50071334838867,6773623
2020-02-10,28.05009651184082,34.457916259765625,34.49357986450195,34.27960205078125,34.44365310668945,5926815
2020-02-11,28.64814758300781,35.19258117675781,35.285308837890625,34.457916259765625,34.457916259765625,8674735
2020-02-12,28.60169792175293,35.135520935058594,35.392295837402344,34.95720291137695,35.26390838623047,7402139
2020-02-13,28.781688690185547,35.356632232666016,35.44935989379883,35.099857330322266,35.27104187011719,7242031
2020-02-14,28.892004013061523,35.49215316772461,35.50642013549805,35.185447692871094,35.37803268432617,5107626
2020-02-18,29.25200080871582,35.93437957763672,36.04850387573242,35.4136962890625,35.60627746582031,7238666
2020-02-19,29.01972389221192,35.37803268432617,35.69186782836914,35.23537826538086,35.542083740234375,5640947
2020-02-20,29.16599464416504,35.55634689331055,35.613407135009766,35.24964141845703,35.29243850708008,5250911
2020-02-21,29.08992576599121,35.463623046875,35.69186782836914,35.4136962890625,35.54921340942383,10307925
2020-02-24,28.56335830688477,34.82168197631836,35.998573303222656,34.80741882324219,35.69900131225586,8397279
2020-02-25,27.86712455749512,33.972896575927734,34.864479064941406,33.88730239868164,34.78601837158203,10669500
2020-02-26,27.527782440185547,33.559200286865234,34.45078659057617,33.54493713378906,34.3723258972168,9675482
2020-02-27,26.410289764404297,32.196861267089844,33.62339401245117,32.182594299316406,33.60199737548828,11601830
2020-02-28,25.22258758544922,30.748929977416992,31.640514373779297,30.185449600219727,31.62624740600586,20859797
2020-03-02,26.57995986938477,32.403709411621094,32.41084289550781,30.5991439819336,30.80599021911621,13534628
2020-03-03,25.854467391967773,31.519258499145508,33.22396469116211,31.412267684936523,32.1540641784668,16336104
2020-03-04,27.393218994140625,33.39514923095703,33.43081283569336,31.74750328063965,31.818830490112305,11412000
2020-03-05,26.98950958251953,32.90299606323242,33.08844375610352,32.30385208129883,32.631954193115234,11901438
2020-03-06,26.42784309387207,32.21826171875,32.36091232299805,31.069900512695312,31.390869140625,13209083
2020-03-09,24.52049446105957,29.893009185791016,31.818830490112305,29.33666229248047,30.66333770751953,17452096
2020-03-10,25.228435516357425,30.75606346130371,31.155492782592773,29.158344268798828,30.44222450256348,18634262
2020-03-11,23.291841506958008,28.39514923095703,30.014265060424805,28.08131217956543,30.014265060424805,12817505
2020-03-12,20.635597229003903,25.15691947937012,27.2681884765625,24.550642013549805,26.74750328063965,18593745
2020-03-13,21.27332878112793,25.93437957763672,27.104137420654297,24.322397232055664,25.78459358215332,16002989
2020-03-16,17.850643157958984,21.761768341064453,25.38516426086425,21.2410831451416,23.6590576171875,12094493
2020-03-17,21.06269836425781,25.677602767944336,25.855920791625977,20.98430824279785,22.31098365783692,19085987
2020-03-18,19.33087921142578,23.56633377075196,24.77175521850586,22.054208755493164,24.144079208374023,13570939
2020-03-19,18.96228790283203,23.11697578430176,24.493581771850582,21.761768341064453,23.52353858947754,10488222
2020-03-20,18.137331008911133,22.111270904541016,23.880170822143555,21.982881546020508,23.302425384521484,12120290
2020-03-23,17.54054832458496,21.38373756408692,22.78174018859864,20.884450912475582,22.432239532470703,13594493
2020-03-24,20.19093894958496,24.614835739135746,24.65763282775879,22.36804580688477,22.43937110900879,15638329
2020-03-25,20.21434593200684,24.643367767333984,25.89871597290039,23.680456161499023,24.27246856689453,12643937
2020-03-26,21.40789604187012,26.09843063354492,26.38373756408692,24.43651962280273,24.65763282775879,9752592
2020-03-27,20.77016258239746,25.32097053527832,26.298145294189453,24.73609161376953,24.964336395263672,9277595
2020-03-30,21.782346725463867,26.55492210388184,26.733238220214844,25.32097053527832,25.45649147033692,10074912
2020-03-31,21.536609649658203,26.25535011291504,27.07560539245605,25.84165573120117,26.24821662902832,14844096
2020-04-01,19.58831596374512,23.880170822143555,25.52068519592285,23.495006561279297,25.106990814208984,8181371
2020-04-02,20.290401458740234,24.73609161376953,25.17118453979492,23.5092716217041,23.80884552001953,6045704
2020-04-03,19.161211013793945,23.359485626220703,24.572040557861328,23.10271072387696,24.3865909576416,8987381
2020-04-06,21.249923706054688,25.90584945678711,26.105562210083008,24.30099868774414,24.33666229248047,9670435
2020-04-07,20.93983459472656,25.527816772460938,27.025678634643555,25.427959442138672,26.79030036926269,8691559
2020-04-08,21.99297332763672,26.81169891357422,27.054208755493164,25.37803077697754,25.534950256347656,9259509
2020-04-09,22.905691146850582,27.924394607543945,28.40941429138184,27.082738876342773,27.082738876342773,13123982
2020-04-13,22.08658218383789,26.925819396972656,28.29529190063477,26.533523559570312,28.29529190063477,7913168
2020-04-14,22.858884811401367,27.867332458496094,27.917261123657227,27.18259620666504,27.71754646301269,7044069
2020-04-15,21.66533088684082,26.412267684936523,27.31098365783692,26.24821662902832,27.225391387939453,8279511
2020-04-16,21.70628547668457,26.462196350097656,26.83309555053711,25.977174758911133,26.497859954833984,6367183
2020-04-17,22.49028778076172,27.4179744720459,27.50356674194336,26.68330955505371,27.1184024810791,8010467
2020-04-20,21.6887321472168,26.44079971313477,26.997146606445312,26.40513610839844,26.86162567138672,6933311
2020-04-21,20.87547874450684,25.449357986450195,26.184022903442383,25.12125587463379,25.92011451721192,11058555
2020-04-22,21.764793395996094,26.533523559570312,26.818830490112305,25.691869735717773,26.16262435913086,5731656
2020-04-23,21.249923706054688,25.90584945678711,26.83309555053711,25.641939163208008,26.39800262451172,6435881
2020-04-24,21.413747787475582,26.105562210083008,26.319543838500977,25.58487892150879,26.105562210083008,7518926
2020-04-27,22.13339233398437,26.982881546020508,27.07560539245605,26.27674865722656,26.376604080200195,5787596
2020-04-28,22.139244079589844,26.9900131225586,27.838802337646484,26.79743194580078,27.16119766235352,8890643
2020-04-29,22.42007637023925,27.33238220214844,27.85306739807129,27.1184024810791,27.63908767700196,6436302
2020-04-30,21.694583892822266,26.44793128967285,27.71754646301269,26.155492782592773,27.06847381591797,6952378
2020-05-01,20.94568634033203,25.534950256347656,26.28388023376465,25.3138370513916,26.0627670288086,6808533
2020-05-04,20.74091148376465,25.285306930541992,25.570613861083984,24.864479064941406,25.54208374023437,8642769
2020-05-05,20.98664093017578,25.58487892150879,26.04136848449707,25.44222450256348,25.463623046875,6779091
2020-05-06,20.17339134216309,24.59343719482422,25.720399856567383,24.56490707397461,25.677602767944336,7051499
2020-05-07,20.50103187561035,24.99286651611328,25.26390838623047,24.77175521850586,24.87874412536621,9224179
2020-05-08,21.89936065673828,26.69757461547852,26.733238220214844,25.09272575378418,25.17118453979492,11426580
2020-05-11,21.811595916748047,26.590585708618164,26.83309555053711,25.84878730773925,26.184022903442383,10123702
2020-05-12,21.548315048217773,26.269615173339844,26.79030036926269,26.198287963867188,26.355207443237305,10488082
2020-05-13,20.87547874450684,25.449357986450195,26.16975784301757,25.035663604736328,26.027103424072266,10290400
2020-05-14,21.35039520263672,25.748929977416992,25.92724609375,24.72895812988281,25.17118453979492,8849985
2020-05-15,20.87133979797364,25.17118453979492,25.606277465820312,24.67902946472168,25.399429321289062,16426813
2020-05-18,22.202043533325195,26.77603340148925,26.9900131225586,25.691869735717773,25.90584945678711,8842975
2020-05-19,21.71116065979004,26.184022903442383,26.640514373779297,26.16262435913086,26.462196350097656,7440554
2020-05-20,21.864931106567383,26.36947250366211,26.72610664367676,26.28388023376465,26.30527877807617,6915365
2020-05-21,21.551477432250977,25.99144172668457,26.497859954833984,25.95577621459961,26.2410831451416,6106832
2020-05-22,21.79396247863769,26.28388023376465,26.30527877807617,25.877317428588867,25.93437957763672,4691793
2020-05-26,22.237529754638672,26.818830490112305,27.20399475097656,26.60485076904297,26.961484909057617,7994344
2020-05-27,22.43861389160156,27.06134033203125,27.48216819763184,26.66191291809082,27.246789932250977,8443966
2020-05-28,22.627870559692383,27.28958511352539,27.61055564880371,26.997146606445312,27.38944435119629,9833067
2020-05-29,22.65743827819824,27.32525062561035,27.56062889099121,26.783166885375977,27.36804580688477,9767033
2020-06-01,22.97089385986328,27.70328140258789,27.78887367248535,27.23252487182617,27.33238220214844,5354939
2020-06-02,23.02412223815918,27.767475128173828,27.860200881958008,27.36804580688477,27.767475128173828,5697728
2020-06-03,23.603715896606445,28.466476440429688,28.56633377075196,27.924394607543945,28.009986877441406,6408963
2020-06-04,23.053695678710938,27.80313873291016,28.452211380004883,27.55349540710449,28.43794631958008,8093466
2020-06-05,23.869857788085938,28.787446975708008,29.36519241333008,28.18116950988769,28.466476440429688,7827506
2020-06-08,24.75699234008789,29.85734748840332,29.928672790527344,28.7589168548584,29.00855827331543,7405224
2020-06-09,23.958574295043945,28.894437789916992,29.486448287963867,28.73038482666016,29.358060836791992,11501587
2020-06-10,23.65694236755371,28.530670166015625,29.24393653869629,28.323823928833008,29.19400978088379,11643610
2020-06-11,22.50366973876953,27.139799118041992,28.20256805419922,26.90442276000977,28.11697578430176,15589539
2020-06-12,22.420869827270508,27.03994369506836,27.70328140258789,26.69757461547852,27.5820255279541,10904896
2020-06-15,22.65743827819824,27.32525062561035,27.43937110900879,26.091297149658203,26.36947250366211,8544489
2020-06-16,22.823041915893555,27.52496337890625,28.352354049682617,27.26105690002441,28.009986877441406,7196746
2020-06-17,22.74023628234864,27.425106048583984,27.65335273742676,27.047075271606445,27.589157104492188,6830544
2020-06-18,22.59238052368164,27.246789932250977,27.303852081298828,26.968616485595703,27.20399475097656,6274371
2020-06-19,22.19613075256348,26.76890182495117,27.681882858276367,26.69757461547852,27.46790313720703,18706325
2020-06-22,22.219785690307617,26.79743194580078,26.9900131225586,26.42653465270996,26.62624740600586,6525889
2020-06-23,22.030532836914062,26.56918716430664,27.111270904541016,26.5263900756836,27.09700393676757,7668940
2020-06-24,21.5692195892334,26.01283836364746,26.512126922607425,25.84878730773925,26.25535011291504,9354845
2020-06-25,20.948223114013672,25.26390838623047,25.941511154174805,24.985734939575195,25.941511154174805,12826477
2020-06-26,20.528308868408203,24.757488250732425,25.38516426086425,24.600570678710938,25.27817344665528,14001073
2020-06-29,21.28533363342285,25.67047119140625,25.677602767944336,24.807418823242188,25.04279518127441,6802364
2020-06-30,21.46276092529297,25.884450912475582,26.0770320892334,25.38516426086425,25.463623046875,7203055
2020-07-01,22.095590591430664,26.647645950317383,26.74037170410156,25.70613479614257,25.78459358215332,7950041
2020-07-02,22.16655921936035,26.733238220214844,27.132667541503903,26.6547794342041,26.76890182495117,6042199
2020-07-06,22.11924171447754,26.676176071166992,27.20399475097656,26.412267684936523,26.94721794128418,5343162
2020-07-07,21.88266944885254,26.390869140625,26.44793128967285,26.04850196838379,26.33380889892578,6823254
2020-07-08,21.97138404846192,26.497859954833984,26.583452224731445,26.04850196838379,26.412267684936523,6196980
2020-07-09,21.657936096191406,26.119829177856445,26.412267684936523,25.5991439819336,26.326675415039062,7613140
2020-07-10,22.11332893371582,26.669044494628903,26.761768341064453,26.04136848449707,26.19115447998047,5419711
2020-07-13,22.160642623901367,26.72610664367676,26.91155433654785,26.462196350097656,26.640514373779297,7993924
2020-07-14,22.39721298217773,27.01141166687012,27.15406608581543,26.54778861999512,26.54778861999512,10156368
2020-07-15,22.50366973876953,27.139799118041992,27.52496337890625,27.03994369506836,27.18259620666504,7136040
2020-07-16,22.50958251953125,27.14693260192871,27.39657592773437,26.97574806213379,27.168331146240234,5829516
2020-07-17,23.30209732055664,28.10271072387696,28.18830108642578,27.38944435119629,27.567760467529297,9739273
2020-07-20,22.663354873657227,27.33238220214844,27.99571990966797,27.18972969055176,27.87446594238281,7623235
2020-07-21,22.905839920043945,27.62482261657715,27.76034164428711,27.20399475097656,27.432239532470703,9745302
2020-07-22,23.059606552124023,27.81027030944824,27.838802337646484,26.982881546020508,27.282453536987305,14618654
2020-07-23,22.85260772705078,27.56062889099121,28.031383514404297,27.403709411621094,27.85306739807129,8751564
2020-07-24,22.35581398010254,26.961484909057617,27.767475128173828,26.754636764526367,27.446504592895508,7607392
2020-07-27,22.225696563720703,26.8045654296875,27.104137420654297,26.41940116882324,26.982881546020508,8089680
2020-07-28,22.45635414123535,27.082738876342773,27.52496337890625,26.68330955505371,26.733238220214844,9613935
2020-07-29,22.805295944213867,27.50356674194336,27.510698318481445,26.961484909057617,27.1184024810791,7577950
2020-07-30,22.75206756591797,27.43937110900879,27.453638076782227,26.79030036926269,27.139799118041992,5959341
2020-07-31,22.83486557006836,27.539230346679688,27.55349540710449,27.06847381591797,27.32525062561035,12909616
2020-08-03,22.46817970275879,27.09700393676757,27.425106048583984,26.89015769958496,27.37517738342285,6623188
2020-08-04,22.917665481567383,27.63908767700196,27.767475128173828,26.63338088989257,26.79030036926269,9970744
2020-08-05,22.30849838256836,26.90442276000977,27.76034164428711,26.754636764526367,27.596290588378903,7412795
2020-08-06,22.41495704650879,27.03281021118164,27.06847381591797,26.640514373779297,26.85449409484864,6345172
2020-08-07,23.02412223815918,27.767475128173828,27.860200881958008,26.91868782043457,27.03281021118164,8779044
2020-08-10,22.65743827819824,27.32525062561035,28.02425193786621,27.06847381591797,27.774608612060547,10884848
2020-08-11,22.41495704650879,27.03281021118164,27.63908767700196,26.90442276000977,27.489301681518555,9081595
2020-08-12,22.89400863647461,27.61055564880371,27.767475128173828,27.03994369506836,27.104137420654297,6856481
2020-08-13,22.662841796875,27.06134033203125,27.29671859741211,26.91155433654785,27.225391387939453,5741611
2020-08-14,22.656862258911133,27.054208755493164,27.1184024810791,26.783166885375977,26.925819396972656,4645807
2020-08-17,22.3044376373291,26.63338088989257,26.90442276000977,26.497859954833984,26.81169891357422,10733151
2020-08-18,22.14316177368164,26.44079971313477,26.82596206665039,26.31241035461425,26.6904411315918,5781287
2020-08-19,22.1132926940918,26.40513610839844,26.676176071166992,26.31241035461425,26.512126922607425,6435881
2020-08-20,21.689186096191406,25.89871597290039,26.56205368041992,25.877317428588867,26.533523559570312,5093606
2020-08-21,21.81462478637696,26.04850196838379,26.09843063354492,25.65620422363281,25.998573303222656,8883212
2020-08-24,22.513505935668945,26.88302421569824,26.91868782043457,26.0627670288086,26.25535011291504,8036404
2020-08-25,22.17899703979492,26.48359489440918,26.961484909057617,26.28388023376465,26.94721794128418,5350032
2020-08-26,22.268600463867188,26.590585708618164,26.60485076904297,26.069900512695312,26.39800262451172,9256845
2020-08-27,22.0356388092041,26.31241035461425,26.79743194580078,26.16262435913086,26.497859954833984,7669220
2020-08-28,22.125242233276367,26.41940116882324,26.433666229248047,26.14122772216797,26.319543838500977,5511262
2020-08-31,22.047584533691406,26.326675415039062,26.61198234558105,26.212553024291992,26.212553024291992,5585848
2020-09-01,21.701133728027344,25.912981033325195,26.212553024291992,25.7631950378418,26.176889419555664,6132068
2020-09-02,22.716596603393555,27.125534057617188,27.2681884765625,25.855920791625977,26.2268180847168,13431861
2020-09-03,22.27457618713379,26.59771728515625,27.35378074645996,26.27674865722656,27.132667541503903,11790820
2020-09-04,22.15510368347168,26.45506477355957,26.89015769958496,26.13409423828125,26.76890182495117,8397559
2020-09-08,21.75489044189453,25.977174758911133,26.45506477355957,25.72753143310547,26.2268180847168,8510701
2020-09-09,21.904226303100582,26.155492782592773,26.462196350097656,26.0627670288086,26.24821662902832,6263996
2020-09-10,21.40843963623047,25.563480377197266,26.155492782592773,25.477888107299805,26.155492782592773,8555004
2020-09-11,21.402467727661133,25.55634880065918,25.713266372680664,25.40656280517578,25.677602767944336,6451724
2020-09-14,21.65931510925293,25.863052368164062,26.027103424072266,25.420827865600582,25.463623046875,5136788
2020-09-15,21.605558395385746,25.798858642578125,26.291013717651367,25.67047119140625,25.977174758911133,4641321
2020-09-16,21.65931510925293,25.863052368164062,26.23395156860352,25.6134090423584,25.74179649353028,7892699
2020-09-17,21.46219825744629,25.627674102783203,25.677602767944336,25.271041870117188,25.65620422363281,9933450
2020-09-18,20.9484920501709,25.014265060424805,25.68473625183105,24.8502140045166,25.649072647094727,11884754
2020-09-21,20.75734519958496,24.786020278930664,24.807418823242188,24.258203506469727,24.70756149291992,7313954
2020-09-22,21.032121658325195,25.11412239074707,25.24251174926757,24.82881546020508,24.90014266967773,6237358
2020-09-23,20.596065521240234,24.59343719482422,25.24251174926757,24.536376953125,25.09272575378418,7070987
2020-09-24,20.793190002441406,24.82881546020508,25.071327209472656,24.229671478271484,24.472183227539062,6442050
2020-09-25,21.217294692993164,25.335235595703125,25.420827865600582,24.56490707397461,24.73609161376953,7285633
2020-09-28,21.34870719909668,25.49215316772461,25.84165573120117,25.420827865600582,25.54921531677246,6535423
2020-09-29,21.097824096679688,25.19258117675781,25.63480758666992,25.071327209472656,25.563480377197266,4595616
2020-09-30,21.36065101623535,25.50641822814941,25.75606346130371,25.328102111816406,25.427959442138672,9896998
2020-10-01,21.402467727661133,25.55634880065918,25.78459358215332,25.34950065612793,25.6134090423584,6627394
2020-10-02,21.46817398071289,25.63480758666992,25.82025718688965,25.12125587463379,25.356632232666016,7260537
2020-10-05,21.975906372070312,26.2410831451416,26.31241035461425,25.485021591186523,25.713266372680664,7007336
2020-10-06,22.20289421081543,26.512126922607425,26.982881546020508,26.16975784301757,26.176889419555664,8006682
2020-10-07,22.609081268310547,26.997146606445312,27.06847381591797,26.57632064819336,26.66191291809082,8730955
2020-10-08,23.487159729003903,28.0456485748291,28.074180603027344,26.704708099365234,26.704708099365234,9715159
2020-10-09,23.41548156738281,27.96005630493164,28.97289657592773,27.76034164428711,28.880170822143555,8432329
2020-10-12,23.88140106201172,28.51640510559082,28.74464988708496,27.8815975189209,27.96718978881836,8329142
2020-10-13,24.478734970092773,29.229671478271484,29.32952880859375,28.473609924316406,29.172611236572266,16998128
2020-10-14,24.50860023498535,29.26533508300781,29.778886795043945,29.229671478271484,29.47931480407715,12743199
2020-10-15,24.7296142578125,29.52924346923828,29.586305618286133,28.7589168548584,28.844507217407227,8298017
2020-10-16,25.14177322387696,30.021398544311523,30.078458786010746,29.36519241333008,29.52924346923828,9135993
2020-10-19,25.0043888092041,29.85734748840332,30.164051055908203,29.81455039978028,29.864479064941406,11562154
2020-10-20,25.326950073242188,30.24251174926757,30.427959442138672,29.985734939575195,30.106990814208984,8570566
2020-10-21,25.171640396118164,30.05706024169922,30.50641822814941,30.04279518127441,30.164051055908203,6996541
2020-10-22,25.225400924682617,30.12125587463379,30.164051055908203,29.65763282775879,30.014265060424805,6792410
2020-10-23,25.207481384277344,30.099857330322266,30.420827865600582,29.92154121398925,30.370899200439453,5808346
2020-10-26,24.9088134765625,29.743223190307617,29.793153762817383,29.27246856689453,29.536376953125,8954153
2020-10-27,24.580278396606445,29.35092735290528,29.964336395263672,29.343795776367188,29.6861629486084,7283250
2020-10-28,23.63649559020996,28.223966598510746,29.122682571411133,28.11697578430176,28.794578552246094,8862883
2020-10-29,23.98892402648925,28.64479255676269,28.937232971191406,27.67474937438965,27.94579124450684,7670062
2020-10-30,23.8276424407959,28.452211380004883,28.70898628234864,28.145505905151367,28.330955505371094,9914523
2020-11-02,24.46678733825684,29.21540641784668,29.229671478271484,28.48787307739257,28.894437789916992,7099167
2020-11-03,25.368757247924805,30.29243850708008,30.66333770751953,29.6861629486084,30.47075653076172,9031404
2020-11-04,25.21942710876465,30.11412239074707,30.627674102783203,29.70756149291992,30.449357986450195,11246844
2020-11-05,25.727163314819336,30.720399856567383,30.92724609375,30.178316116333008,30.285306930541992,10345638
2020-11-06,25.589773178100582,30.55634880065918,30.791725158691406,30.392297744750977,30.627674102783203,12405176
2020-11-09,25.876495361328125,30.89871597290039,32.82453536987305,30.748929977416992,31.676176071166992,11395456
2020-11-10,25.67937660217285,30.66333770751953,31.14835929870605,30.6134090423584,30.863052368164062,14047900
2020-11-11,26.18710899353028,31.269615173339844,31.27674865722656,30.58487892150879,30.81312370300293,8247545
2020-11-12,25.50615119934082,30.45649147033692,31.119829177856445,30.23537826538086,30.99144172668457,7596036
2020-11-13,25.85151481628418,30.592010498046875,30.63480758666992,30.32097053527832,30.45649147033692,5142957
2020-11-16,26.12274742126465,30.912981033325195,31.034236907958984,30.40656280517578,30.82025718688965,5763482
2020-11-17,25.96001434326172,30.720399856567383,31.055635452270508,30.534950256347656,30.58487892150879,6555892
2020-11-18,25.73699760437012,30.45649147033692,30.941511154174805,30.44222450256348,30.80599021911621,8074679
2020-11-19,25.52603530883789,30.206846237182617,30.370899200439453,29.80028533935547,30.29243850708008,7538133
2020-11-20,25.236724853515625,29.864479064941406,30.356632232666016,29.80028533935547,30.128387451171875,5706000
2020-11-23,25.05590057373047,29.65049934387207,30.17118453979492,29.52924346923828,30.164051055908203,6131927
2020-11-24,25.767133712768555,30.49215316772461,30.534950256347656,29.864479064941406,30.0,6744461
2020-11-25,25.44767951965332,30.11412239074707,30.356632232666016,29.80028533935547,30.285306930541992,4723198
2020-11-27,25.158370971679688,29.77175521850586,30.178316116333008,29.664764404296875,30.128387451171875,2416207
2020-11-30,24.75453186035156,29.293865203857425,29.614835739135746,29.18687629699707,29.586305618286133,13242871
2020-12-01,24.86302375793457,29.42225456237793,29.871612548828125,29.315263748168945,29.472183227539062,7997569
2020-12-02,25.05590057373047,29.65049934387207,29.67902946472168,29.04422378540039,29.32952880859375,7224085
2020-12-03,24.742481231689453,29.279600143432617,29.70756149291992,29.10128402709961,29.457916259765625,6114683
2020-12-04,24.67014503479004,29.19400978088379,29.486448287963867,28.9087028503418,29.457916259765625,4971913
2020-12-07,24.8328914642334,29.3865909576416,29.56490707397461,29.001426696777344,29.02995681762696,4536451
2020-12-08,24.90521812438965,29.472183227539062,29.522111892700195,28.965763092041016,29.36519241333008,5791241
2020-12-09,24.766582489013672,29.308130264282227,29.57917213439941,29.2225399017334,29.44365119934082,6158145
2020-12-10,24.8328914642334,29.3865909576416,29.51497840881348,28.9229679107666,29.429386138916016,6163332
2020-12-11,24.82686424255371,29.379457473754883,29.45078468322754,29.037090301513672,29.122682571411133,4952425
2020-12-14,24.748504638671875,29.286733627319336,30.021398544311523,29.26533508300781,29.586305618286133,5643891
2020-12-15,25.749053955078125,30.47075653076172,30.54921531677246,29.44365119934082,29.557775497436523,11635338
2020-12-16,25.58028984069824,30.271041870117188,30.748929977416992,30.08559226989746,30.527816772460938,10632067
2020-12-17,25.70686149597168,30.420827865600582,30.75606346130371,30.392297744750977,30.392297744750977,7331899
2020-12-18,25.658641815185547,30.36376571655273,30.691869735717773,30.19971466064453,30.449357986450195,12856200
2020-12-21,25.01973342895508,29.607702255249023,30.106990814208984,29.322397232055664,30.106990814208984,6172585
2020-12-22,25.17042350769043,29.786020278930664,29.935806274414062,29.586305618286133,29.664764404296875,4375081
2020-12-23,25.140281677246094,29.750356674194336,30.26390838623047,29.70756149291992,29.90727424621582,4658706
2020-12-24,25.212617874145508,29.8359489440918,29.92154121398925,29.536376953125,29.92154121398925,2070333
2020-12-28,25.441650390625,30.106990814208984,30.40656280517578,29.950071334838867,30.071327209472656,3568230
2020-12-29,25.212617874145508,29.8359489440918,30.271041870117188,29.721826553344727,30.11412239074707,3712356
2020-12-30,25.272890090942383,29.90727424621582,30.1355209350586,29.757488250732425,29.80028533935547,3549163
2020-12-31,25.44767951965332,30.11412239074707,30.15691947937012,29.750356674194336,29.92154121398925,4554257
2021-01-04,24.81480407714844,29.36519241333008,30.34236717224121,29.136947631835938,30.256776809692383,7057107
2021-01-05,24.778640747070312,29.322397232055664,29.57917213439941,29.12981414794922,29.393722534179688,5563557
2021-01-06,25.586315155029297,30.27817344665528,30.534950256347656,29.472183227539062,29.52924346923828,8847461
2021-01-07,25.33316421508789,29.97860145568848,30.356632232666016,29.76462173461914,30.27817344665528,7322786
2021-01-08,25.441650390625,30.106990814208984,30.249643325805664,29.88587760925293,29.964336395263672,6425086
2021-01-11,25.230695724487305,29.85734748840332,30.356632232666016,29.67902946472168,30.1355209350586,7070146
2021-01-12,25.36329841613769,30.014265060424805,30.08559226989746,29.536376953125,29.793153762817383,7343396
2021-01-13,25.797269821166992,30.527816772460938,30.63480758666992,29.92154121398925,29.964336395263672,6263155
2021-01-14,25.664669036865234,30.370899200439453,30.677602767944336,30.19258117675781,30.52068519592285,6068557
2021-01-15,26.13480758666992,30.92724609375,31.01283836364746,30.05706024169922,30.19258117675781,7095382
2021-01-19,25.809326171875,30.54208374023437,31.12696075439453,30.54208374023437,31.034236907958984,5806383
2021-01-20,25.94795799255371,30.70613479614257,30.75606346130371,30.271041870117188,30.427959442138672,5904663
2021-01-21,25.929872512817383,30.68473625183105,30.87018585205078,30.30670547485352,30.527816772460938,5138751
2021-01-22,25.640560150146484,30.34236717224121,30.63480758666992,30.22824478149414,30.54208374023437,5874100
2021-01-25,26.128780364990234,30.92011451721192,30.95577621459961,30.014265060424805,30.249643325805664,8490232
2021-01-26,25.82740974426269,30.563480377197266,30.87018585205078,30.27817344665528,30.87018585205078,6246891
2021-01-27,24.72439384460449,29.258203506469727,30.54921531677246,29.201141357421875,30.34950065612793,10024861
2021-01-28,25.33919334411621,29.985734939575195,30.55634880065918,29.24393653869629,29.36519241333008,7455275
2021-01-29,25.04986953735352,29.643367767333984,29.950071334838867,29.24393653869629,29.67902946472168,9616178
2021-02-01,25.36329841613769,30.014265060424805,30.185449600219727,29.400856018066406,29.864479064941406,5117580
2021-02-02,25.82740974426269,30.563480377197266,30.98430824279785,30.014265060424805,30.29243850708008,5452799
2021-02-03,25.60439109802246,30.2995719909668,30.6134090423584,30.08559226989746,30.563480377197266,6773623
2021-02-04,26.321653366088867,31.14835929870605,31.155492782592773,30.22824478149414,30.3138370513916,6345873
2021-02-05,26.327682495117188,31.155492782592773,31.412267684936523,30.877317428588867,31.362340927124023,5577717
2021-02-08,26.36384963989257,31.198287963867188,31.362340927124023,31.034236907958984,31.212553024291992,6049209
2021-02-09,26.261383056640625,31.0770320892334,31.38373756408692,30.891582489013672,31.33380889892578,6179876
2021-02-10,26.11069869995117,30.89871597290039,31.298145294189453,30.70613479614257,31.262481689453125,5971118
2021-02-11,25.761106491088867,30.485021591186523,30.99144172668457,30.427959442138672,30.99144172668457,4844050
2021-02-12,25.441650390625,30.106990814208984,30.649072647094727,29.964336395263672,30.399429321289062,4825684
2021-02-16,25.303024291992188,29.94293975830078,30.23537826538086,29.871612548828125,30.064193725585938,4501121
2021-02-17,25.417543411254883,30.078458786010746,30.17118453979492,29.614835739135746,29.90727424621582,4434526
2021-02-18,25.73699760437012,30.45649147033692,30.66333770751953,30.0,30.05706024169922,4895924
2021-02-19,24.94137954711914,29.51497840881348,30.17118453979492,29.379457473754883,29.964336395263672,7477847
2021-02-22,24.47124671936035,28.95863151550293,29.393722534179688,28.65192604064941,29.379457473754883,8769931
2021-02-23,24.5917911529541,29.10128402709961,29.27246856689453,28.766048431396484,29.136947631835938,7161696
2021-02-24,24.22412109375,28.66619110107422,29.429386138916016,28.530670166015625,28.55206871032715,10911345
2021-02-25,23.458641052246094,27.76034164428711,28.530670166015625,27.35378074645996,28.466476440429688,12977333
2021-02-26,23.26576042175293,27.53209686279297,28.159772872924805,27.510698318481445,27.85306739807129,12291334
2021-03-01,23.69370651245117,28.038515090942383,28.445077896118164,27.81740379333496,27.84593391418457,7502523
2021-03-02,23.69370651245117,28.038515090942383,28.31669044494629,28.009986877441406,28.02425193786621,8090101
2021-03-03,23.82630920410156,28.1954345703125,28.3452205657959,27.71041488647461,27.895862579345703,8686091
2021-03-04,23.97096824645996,28.366619110107425,28.9087028503418,28.05278205871582,28.3452205657959,11423776
2021-03-05,24.124940872192383,28.27389335632324,28.37375259399414,27.910127639770508,28.1954345703125,10990839
2021-03-08,24.76397705078125,29.022825241088867,29.36519241333008,28.13837432861328,28.238231658935547,12526730
2021-03-09,25.27519989013672,29.62196922302246,29.750356674194336,28.915834426879883,29.258203506469727,10012523
2021-03-10,25.47603988647461,29.85734748840332,30.014265060424805,29.43651962280273,29.72895812988281,10598279
2021-03-11,25.57950019836425,29.97860145568848,30.45649147033692,29.73609161376953,29.807418823242188,8443685
2021-03-12,25.920316696166992,30.37803077697754,30.43509292602539,29.985734939575195,30.213979721069336,6687260
2021-03-15,26.38894462585449,30.92724609375,30.948644638061523,30.420827865600582,30.57774543762207,7007336
2021-03-16,26.38894462585449,30.92724609375,31.04136848449707,30.563480377197266,30.74179649353028,7854845
2021-03-17,26.151586532592773,30.649072647094727,31.01997184753418,30.49215316772461,31.01997184753418,7675389
2021-03-18,25.987266540527344,30.45649147033692,30.877317428588867,30.328102111816406,30.47075653076172,8114355
2021-03-19,26.151586532592773,30.649072647094727,30.84165573120117,30.09272575378418,30.563480377197266,11841572
2021-03-22,26.042036056518555,30.52068519592285,30.66333770751953,30.30670547485352,30.49215316772461,7443218
2021-03-23,26.04812431335449,30.527816772460938,30.77032852172852,30.335235595703125,30.58487892150879,6781194
2021-03-24,26.12724494934082,30.62054252624512,30.98430824279785,30.40656280517578,30.449357986450195,6212542
2021-03-25,26.39502716064453,30.93437957763672,31.08416557312012,30.54208374023437,30.884450912475582,5877044
2021-03-26,26.492403030395508,31.04850196838379,31.13409423828125,30.68473625183105,31.01997184753418,5602532
2021-03-29,26.626293182373047,31.205421447753903,31.36947250366211,30.84878730773925,30.84878730773925,6158005
2021-03-30,26.47414207458496,31.027103424072266,31.13409423828125,30.734664916992188,31.04850196838379,6022011
2021-03-31,26.620206832885746,31.198287963867188,31.30527877807617,30.884450912475582,30.92724609375,8414524
2021-04-01,26.723676681518555,31.319543838500977,31.36947250366211,31.034236907958984,31.176889419555664,5773716
2021-04-05,27.0705795288086,31.72610664367676,31.91868782043457,31.348073959350582,31.390869140625,6254883
2021-04-06,27.119258880615234,31.783166885375977,31.897289276123047,31.512126922607425,31.640514373779297,5674315
2021-04-07,27.35661697387696,32.06134033203125,32.146934509277344,31.81169891357422,31.86875915527344,6451864
2021-04-08,27.326187133789062,32.02567672729492,32.29671859741211,32.00428009033203,32.139801025390625,8359145
2021-04-09,27.28358459472656,31.97574806213379,32.182594299316406,31.897289276123047,32.00428009033203,6180296
2021-04-12,27.22881317138672,31.91155433654785,32.23965835571289,31.82596206665039,32.09700393676758,6505280
2021-04-13,27.49051094055176,32.21826171875,32.32524871826172,31.74037170410156,31.81169891357422,7324889
2021-04-14,27.66091728210449,32.417972564697266,32.425106048583984,32.12553405761719,32.26105499267578,5405411
2021-04-15,27.855674743652344,32.64622116088867,32.70328140258789,32.28958511352539,32.396575927734375,8309654
2021-04-16,28.093027114868164,32.92439270019531,33.074180603027344,32.66761779785156,32.82453536987305,6949574
2021-04-19,27.69133949279785,32.453636169433594,33.009986877441406,32.396575927734375,32.96005630493164,6734787
2021-04-20,27.873924255371094,32.66761779785156,32.75320816040039,32.389442443847656,32.389442443847656,8702635
2021-04-21,27.800893783569336,32.582027435302734,32.810272216796875,32.453636169433594,32.653350830078125,6731563
2021-04-22,27.435733795166016,32.1540641784668,32.62482070922852,32.111270904541016,32.610557556152344,6306617
2021-04-23,27.33227729797364,32.03281021118164,32.30385208129883,32.01141357421875,32.196861267089844,6089867
2021-04-26,27.17403984069824,31.84736061096192,32.08987045288086,31.79030036926269,32.02567672729492,4333442
2021-04-27,27.10708999633789,31.76890182495117,31.91868782043457,31.66191291809082,31.85449409484864,5104542
2021-04-28,27.149694442749023,31.818830490112305,31.85449409484864,31.54778861999512,31.6904411315918,6548602
2021-04-29,27.32010078430176,32.0185432434082,32.168331146240234,31.6547794342041,31.6547794342041,6000700
2021-04-30,27.35053253173828,32.05420684814453,32.082740783691406,31.83309555053711,32.0185432434082,7245676
2021-05-03,27.32010078430176,32.0185432434082,32.417972564697266,31.94721794128418,32.2681884765625,6877651
2021-05-04,27.253154754638672,31.940086364746094,32.07560729980469,31.733238220214844,32.00428009033203,9035469
2021-05-05,26.492403030395508,31.04850196838379,31.9900131225586,30.67047119140625,31.56918716430664,11871996
2021-05-06,27.0705795288086,31.72610664367676,31.754636764526367,30.77032852172852,31.034236907958984,6996681
2021-05-07,27.19229316711425,31.86875915527344,32.20399475097656,31.68330955505371,31.8045654296875,6813019
2021-05-10,27.094921112060547,31.754636764526367,32.22539138793945,31.72610664367676,31.9900131225586,9615337
2021-05-11,27.04623031616211,31.69757461547852,31.940086364746094,31.262481689453125,31.84736061096192,8099775
2021-05-12,26.236787796020508,30.748929977416992,31.8045654296875,30.63480758666992,31.48359489440918,9175109
2021-05-13,27.270248413085938,31.676176071166992,31.754636764526367,30.527816772460938,30.606277465820312,10308485
2021-05-14,27.687801361083984,32.16119766235352,32.196861267089844,31.704708099365234,31.77603340148925,8367136
2021-05-17,27.687801361083984,32.16119766235352,32.27532196044922,31.87589263916016,32.08987045288086,10440133
2021-05-18,28.031679153442383,32.56062698364258,32.6176872253418,32.0185432434082,32.09700393676758,11618094
2021-05-19,27.964130401611328,32.4821662902832,32.91012954711914,32.139801025390625,32.46076965332031,21836290
2021-05-20,28.08694076538086,32.62482070922852,32.831668853759766,32.417972564697266,32.4821662902832,7008177
2021-05-21,28.148351669311523,32.69614791870117,32.91012954711914,32.4322395324707,32.76034164428711,7028927
2021-05-24,28.2650146484375,32.831668853759766,33.00285339355469,32.603424072265625,32.817405700683594,7096644
2021-05-25,27.57727813720703,32.03281021118164,32.8958625793457,31.961484909057617,32.8958625793457,7094400
2021-05-26,27.73693084716797,32.21826171875,32.389442443847656,32.00428009033203,32.03281021118164,8287643
2021-05-27,27.38692092895508,31.81169891357422,32.4322395324707,31.77603340148925,32.4322395324707,11264649
2021-05-28,27.706228256225582,32.182594299316406,32.28958511352539,31.91868782043457,32.0185432434082,6815963
2021-06-01,27.718509674072266,32.196861267089844,32.28245544433594,31.97574806213379,32.08987045288086,7371015
2021-06-02,27.755352020263672,32.23965835571289,32.46790313720703,32.09700393676758,32.28245544433594,5738106
2021-06-03,28.105369567871094,32.64622116088867,32.73894500732422,31.205421447753903,31.291013717651367,10669781
2021-06-04,28.000974655151367,32.52496337890625,32.7318115234375,32.425106048583984,32.574893951416016,5791662
2021-06-07,28.160633087158203,32.71041488647461,32.75320816040039,32.51070022583008,32.574893951416016,4829750
2021-06-08,28.09308624267578,32.631954193115234,32.78887176513672,32.546363830566406,32.73894500732422,5589634
2021-06-09,28.46765899658203,33.067047119140625,33.13124084472656,32.6176872253418,32.79600524902344,5777922
2021-06-10,28.682579040527344,33.316688537597656,33.4950065612793,33.0813102722168,33.316688537597656,7587344
2021-06-11,28.805389404296875,33.45934295654297,33.46647644042969,33.13837432861328,33.281028747558594,6427189
2021-06-14,28.928199768066406,33.60199737548828,33.61626052856445,33.18117141723633,33.509273529052734,6991634
2021-06-15,28.928199768066406,33.60199737548828,33.69472122192383,33.46647644042969,33.66619110107422,9044723
2021-06-16,28.36940574645996,32.95292282104492,33.78031539916992,32.76747512817383,33.54493713378906,8575473
2021-06-17,28.246597290039062,32.810272216796875,33.23823165893555,32.80313873291016,32.9814567565918,6573838
2021-06-18,27.356216430664062,31.77603340148925,32.7318115234375,31.733238220214844,32.70328140258789,16531543
2021-06-21,27.454465866088867,31.89015769958496,32.05420684814453,31.74037170410156,31.79030036926269,7466772
2021-06-22,27.22112464904785,31.619115829467773,31.897289276123047,31.583452224731445,31.818830490112305,5861482
2021-06-23,27.110595703125,31.4907283782959,31.61198234558105,31.25535011291504,31.583452224731445,5865127
2021-06-24,27.165861129760746,31.55492210388184,31.704708099365234,31.412267684936523,31.533523559570312,4506869
2021-06-25,27.40534400939941,31.83309555053711,31.897289276123047,31.462196350097656,31.46932983398437,5297597
2021-06-28,27.552715301513672,32.00428009033203,32.11840057373047,31.818830490112305,31.93295288085937,4368772
2021-06-29,27.36235237121582,31.783166885375977,32.389442443847656,31.6547794342041,31.968616485595703,5243480
2021-06-30,27.20884704589844,31.60485076904297,31.897289276123047,31.512126922607425,31.79030036926269,5401906
2021-07-01,27.620262145996094,32.082740783691406,32.16119766235352,31.56918716430664,31.704708099365234,4346060
2021-07-02,27.71236801147461,32.189727783203125,32.23252487182617,31.9543514251709,32.132667541503906,3287970
2021-07-06,27.55885505676269,32.01141357421875,32.111270904541016,31.55492210388184,32.03281021118164,5688194
2021-07-07,27.71236801147461,32.189727783203125,32.23252487182617,31.81169891357422,32.05420684814453,4326993
2021-07-08,27.589555740356445,32.04707717895508,32.22539138793945,31.86875915527344,32.0185432434082,4349144
2021-07-09,27.57727813720703,32.03281021118164,32.17546463012695,31.77603340148925,31.982881546020508,4222964
2021-07-12,27.80447578430176,32.29671859741211,32.31098556518555,31.86875915527344,32.0185432434082,5112673
2021-07-13,27.50358963012696,31.94721794128418,32.31098556518555,31.82596206665039,32.22539138793945,3816945
2021-07-14,27.718509674072266,32.196861267089844,32.44650650024414,31.84736061096192,32.06134033203125,5203102
2021-07-15,28.08080101013184,32.6176872253418,32.660484313964844,32.02567672729492,32.05420684814453,6530516
2021-07-16,28.240459442138672,32.80313873291016,33.02425003051758,32.610557556152344,32.64622116088867,5339797
2021-07-19,27.82903861999512,32.32524871826172,32.853065490722656,31.91155433654785,32.76747512817383,11379754
2021-07-20,28.28343963623047,32.853065490722656,33.10984420776367,32.31098556518555,32.49643325805664,6796896
2021-07-21,28.148351669311523,32.69614791870117,33.009986877441406,32.660484313964844,32.76747512817383,5217823
2021-07-22,28.252744674682617,32.817405700683594,32.888729095458984,32.66761779785156,32.7318115234375,4129311
2021-07-23,28.56590843200684,33.18117141723633,33.273895263671875,32.87446594238281,32.96005630493164,3537246
2021-07-26,28.49835968017578,33.10271072387695,33.4450798034668,32.917259216308594,33.16690444946289,6401392
2021-07-27,29.008031845092773,33.69472122192383,33.78031539916992,32.888729095458984,32.97432327270508,5058416
2021-07-28,28.848371505737305,33.509273529052734,33.80171203613281,33.23823165893555,33.60199737548828,5365594
2021-07-29,29.05714988708496,33.75178146362305,33.87303924560547,33.58060073852539,33.64479446411133,4389802
2021-07-30,28.73784065246582,33.380882263183594,33.965763092041016,33.323822021484375,33.69472122192383,5109589
2021-08-02,28.87908172607422,33.54493713378906,33.80884552001953,33.380882263183594,33.57346725463867,5409757
2021-08-03,29.093994140625,33.794578552246094,33.93009948730469,33.55206680297852,33.84450912475586,6120431
2021-08-04,28.719425201416016,33.3594856262207,33.78744888305664,33.10984420776367,33.66619110107422,5471305
2021-08-05,29.27207374572754,34.001426696777344,34.07275390625,33.38801574707031,33.40228271484375,5778063
2021-08-06,29.229087829589844,33.95149612426758,34.151214599609375,33.744651794433594,33.93009948730469,4871670
2021-08-09,29.12469482421875,33.83024215698242,33.95149612426758,33.59486389160156,33.88730239868164,3673100
2021-08-10,29.21066093444824,33.93009948730469,34.10841751098633,33.68045425415039,33.84450912475586,4927890
2021-08-11,29.59751892089844,34.37945938110352,34.4222526550293,34.001426696777344,34.05848693847656,5103000
2021-08-12,29.729366302490234,34.258201599121094,34.35805892944336,34.06562042236328,34.27960205078125,5343162
2021-08-13,29.92743873596192,34.486446380615234,34.52210998535156,34.26533508300781,34.39372253417969,3082297
2021-08-16,30.069799423217773,34.65049743652344,35.02139663696289,34.52924346923828,34.59343719482422,8814234
2021-08-17,29.93362236022949,34.49357986450195,34.52924346923828,34.051353454589844,34.49357986450195,6716001
2021-08-18,29.846967697143555,34.39372253417969,34.55064010620117,34.208274841308594,34.457916259765625,7270211
2021-08-19,30.199783325195312,34.80028533935547,35.02139663696289,34.436519622802734,34.465049743652344,5555145
2021-08-20,30.55260467529297,35.20684814453125,35.24964141845703,34.56490707397461,34.75748825073242,9351480
2021-08-23,30.36691093444824,34.99286651611328,35.27104187011719,34.82168197631836,35.071327209472656,5167632
2021-08-24,30.27406120300293,34.8858757019043,35.03566360473633,34.60057067871094,35.03566360473633,4648752
2021-08-25,30.26168441772461,34.871612548828125,34.99286651611328,34.73609161376953,34.84308242797852,6828020
2021-08-26,30.1935977935791,34.79315185546875,34.950069427490234,34.72895812988281,34.94293975830078,3746004
2021-08-27,30.385480880737305,35.01426315307617,35.24251174926758,34.85734558105469,34.85734558105469,5314561
2021-08-30,30.484514236450195,35.128387451171875,35.24964141845703,34.893009185791016,34.97146987915039,4157911
2021-08-31,30.342151641845703,34.96433639526367,35.08559036254883,34.79315185546875,35.02139663696289,8694503
2021-09-01,30.701156616210938,35.37803268432617,35.43509292602539,34.900142669677734,35.02853012084961,5718758
2021-09-02,31.01064109802246,35.73466491699219,35.90584945678711,35.34950256347656,35.39942932128906,7090054
2021-09-03,30.83733367919922,35.534950256347656,35.805992126464844,35.29243850708008,35.49928665161133,4956491
2021-09-07,30.645450592041016,35.31383514404297,35.599143981933594,35.22111129760742,35.44935989379883,6870080
2021-09-08,31.17157936096192,35.92011260986328,36.10556411743164,35.17831802368164,35.32096862792969,7435787
2021-09-09,31.09110641479492,35.827388763427734,36.10556411743164,35.64907455444336,35.7631950378418,6785119
2021-09-10,30.89303398132324,35.599143981933594,36.04850387573242,35.570613861083984,35.92724609375,8207729
2021-09-13,31.29536819458008,36.062767028808594,36.36947250366211,35.81312561035156,35.96290969848633,9061827
2021-09-14,31.183958053588867,35.93437957763672,36.36233901977539,35.81312561035156,36.36233901977539,8252452
2021-09-15,31.474884033203125,36.26961517333984,36.33380889892578,35.69900131225586,35.93437957763672,10880081
2021-09-16,31.060163497924805,35.791725158691406,36.184024810791016,35.75606155395508,36.14835739135742,8198475
2021-09-17,30.862091064453125,35.563480377197266,36.21255111694336,35.342369079589844,35.805992126464844,18571172
2021-09-20,30.76923942565918,35.45648956298828,35.81312561035156,34.97860336303711,35.49215316772461,8676978
2021-09-21,30.342151641845703,34.96433639526367,35.52781677246094,34.94293975830078,35.45648956298828,6820029
2021-09-22,30.564985275268555,35.22111129760742,35.43509292602539,34.871612548828125,35.1640510559082,6990652
2021-09-23,30.73210334777832,35.4136962890625,35.855918884277344,35.071327209472656,35.22111129760742,5726329
2021-09-24,30.478315353393555,35.12125396728516,35.55634689331055,35.01426315307617,35.25677490234375,5457846
2021-09-27,30.26168441772461,34.871612548828125,35.52068328857422,34.82168197631836,35.1640510559082,6415412
2021-09-28,29.8345890045166,34.37945938110352,34.85734558105469,34.32952880859375,34.65763092041016,7478969
2021-09-29,30.100744247436523,34.68616485595703,34.900142669677734,34.29386520385742,34.4222526550293,7890316
2021-09-30,29.92124557495117,34.47931671142578,34.85734558105469,34.26533508300781,34.693294525146484,9699457
2021-10-01,29.58081245422364,34.08702087402344,34.73609161376953,34.03709030151367,34.536376953125,7948639
2021-10-04,29.92743873596192,34.486446380615234,34.55777359008789,33.93009948730469,34.03709030151367,10789091
2021-10-05,29.92124557495117,34.47931671142578,34.871612548828125,34.21540832519531,34.60057067871094,8354798
2021-10-06,30.397857666015625,35.02853012084961,35.04279708862305,34.07275390625,34.30099868774414,7043928
2021-10-07,30.15027236938477,34.74322509765625,35.185447692871094,34.65049743652344,35.099857330322266,6942283
2021-10-08,29.92743873596192,34.486446380615234,34.878746032714844,34.429386138916016,34.74322509765625,4670763
2021-10-11,29.44463348388672,33.93009948730469,34.52924346923828,33.88017272949219,34.52924346923828,4388961
2021-10-12,29.890304565429688,34.44365310668945,34.56490707397461,33.92296600341797,34.03709030151367,6209458
2021-10-13,30.37928771972656,35.00713348388672,35.03566360473633,34.36519241333008,34.52924346923828,7502663
2021-10-14,31.02920722961425,35.75606155395508,35.827388763427734,35.03566360473633,35.14265441894531,8709645
2021-10-15,30.83114051818848,35.52781677246094,36.13409423828125,35.49928665161133,35.827388763427734,8107766
2021-10-18,30.880653381347656,35.58488082885742,35.6276741027832,35.078460693359375,35.25677490234375,5260725
2021-10-19,31.146812438964844,35.89158248901367,35.93437957763672,35.58488082885742,35.741798400878906,4798205
2021-10-20,31.69770240783692,36.5263900756836,36.57632064819336,35.855918884277344,35.89158248901367,5985418
2021-10-21,31.61104202270508,36.42653274536133,36.56205368041992,36.23395156860352,36.291011810302734,4279465
2021-10-22,31.759599685668945,36.59771728515625,36.74037170410156,36.440799713134766,36.54779052734375,4799887
2021-10-25,31.932920455932617,36.79743194580078,36.9686164855957,36.440799713134766,36.53352355957031,4730628
2021-10-26,32.19906997680664,37.1041374206543,37.30385208129883,36.81882858276367,36.940086364746094,5232544
2021-10-27,32.17430877685547,37.07560729980469,37.30385208129883,36.75463485717773,36.99714660644531,5983596
2021-10-28,32.65092849731445,37.62482070922852,37.66048431396485,37.06847381591797,37.08987045288086,7313393
2021-10-29,32.92327880859375,37.93865966796875,38.18830108642578,37.51070022583008,37.5677604675293,9314888
2021-11-01,33.35655975341797,38.43794631958008,38.53780364990234,37.50356674194336,37.82453536987305,8144639
2021-11-02,33.263710021972656,38.33095550537109,38.64479446411133,38.09557723999024,38.480743408203125,8233806
2021-11-03,33.45558547973633,38.55206680297852,39.01569366455078,38.12410736083984,38.54493713378906,7172492
2021-11-04,33.49272918701172,38.59486389160156,38.64479446411133,38.15977096557617,38.530670166015625,8786334
2021-11-05,33.51129531860352,38.61626052856445,38.98003005981445,38.56633377075195,38.63766098022461,6544256
2021-11-08,32.87994766235352,37.88872909545898,38.68758773803711,37.53923034667969,38.59486389160156,7094400
2021-11-09,33.4803466796875,38.58060073852539,38.66619110107422,37.88872909545898,37.9814567565918,7800167
2021-11-10,33.70318603515625,38.83737564086914,38.88017272949219,38.3594856262207,38.54493713378906,5144499
2021-11-11,33.85792541503906,39.01569366455078,39.04422378540039,38.523536682128906,38.794578552246094,6128703
2021-11-12,33.909671783447266,38.80171203613281,39.06562042236328,38.63766098022461,38.73038482666016,7941489
2021-11-15,34.14030075073242,39.06562042236328,39.07988739013672,38.53780364990234,38.83737564086914,4804374
2021-11-16,33.816165924072266,38.69472122192383,39.12981414794922,38.65192413330078,39.07988739013672,5146041
2021-11-17,33.398521423339844,38.21683120727539,38.716121673583984,38.038516998291016,38.61626052856445,9369566
2021-11-18,33.373592376708984,38.18830108642578,38.42367935180664,37.93865966796875,38.12410736083984,6243386
2021-11-19,33.41722869873047,38.23823165893555,38.37375259399414,37.96005630493164,38.20256805419922,6107673
2021-11-22,33.63539123535156,38.48787307739258,38.944366455078125,38.18830108642578,38.23823165893555,6248994
2021-11-23,33.89719772338867,38.78744888305664,38.86590576171875,38.3594856262207,38.3594856262207,4952144
2021-11-24,33.978233337402344,38.88017272949219,38.98715972900391,38.51640319824219,38.758914947509766,4122160
2021-11-26,33.30501937866211,38.10984420776367,38.7446517944336,38.01711654663086,38.73038482666016,4222964
2021-11-29,33.766300201416016,38.63766098022461,38.76604843139648,38.10984420776367,38.33095550537109,5972380
2021-11-30,32.86868667602539,37.61055755615234,38.45934295654297,37.30385208129883,38.41654968261719,14721140
2021-12-01,32.594417572021484,37.29671859741211,38.33095550537109,37.25392150878906,37.9814567565918,8364332
2021-12-02,32.98712158203125,37.74607849121094,38.16690444946289,37.53923034667969,37.56062698364258,10169267
2021-12-03,32.87491607666016,37.6176872253418,38.12410736083984,36.89728927612305,38.038516998291016,11724365
2021-12-06,33.36735916137695,38.18117141723633,38.60199737548828,37.831668853759766,37.99571990966797,8585147
2021-12-07,33.61045837402344,38.45934295654297,38.716121673583984,38.10271072387695,38.12410736083984,9251798
2021-12-08,33.30501937866211,38.10984420776367,38.7446517944336,37.860198974609375,38.6590576171875,7298391
2021-12-09,33.1242561340332,37.90299606323242,38.20970153808594,37.653350830078125,38.0313835144043,7424151
2021-12-10,33.604225158691406,38.45220947265625,38.509273529052734,37.917259216308594,38.16690444946289,6183521
2021-12-13,33.747589111328125,38.61626052856445,38.78744888305664,38.1455078125,38.38801574707031,10181885
2021-12-14,33.566829681396484,38.40941619873047,38.758914947509766,38.15263748168945,38.45220947265625,6859986
2021-12-15,34.09042739868164,39.00856018066406,39.05848693847656,38.352352142333984,38.51640319824219,6540190
2021-12-16,33.884727478027344,38.7731819152832,39.21540832519531,38.716121673583984,38.95149612426758,9132067
2021-12-17,33.361122131347656,38.17403793334961,38.81597518920898,37.95292282104492,38.34522247314453,17821663
2021-12-20,33.286319732666016,38.08844375610352,38.15977096557617,37.03994369506836,37.75320816040039,9315168
2021-12-21,33.62293243408203,38.473609924316406,38.72325134277344,38.04565048217773,38.40228271484375,6426768
2021-12-22,33.890960693359375,38.78031539916992,38.84450912475586,38.281028747558594,38.316688537597656,6015982
2021-12-23,33.965763092041016,38.86590576171875,39.151214599609375,38.794578552246094,38.84450912475586,4988737
2021-12-27,34.16523361206055,39.09415054321289,39.12981414794922,38.78031539916992,38.86590576171875,2974203
2021-12-28,34.663902282714844,39.66476440429688,39.68616485595703,39.07988739013672,39.1226806640625,4586082
2021-12-29,35.31217575073242,40.40656280517578,40.5777473449707,39.77888870239258,39.80028533935547,6610570
2021-12-30,35.74851989746094,40.90584945678711,41.01996994018555,40.39229583740234,40.4136962890625,8381577
2021-12-31,36.00408935546875,41.19828796386719,41.37660598754883,40.59201049804688,40.59201049804688,5549537
2022-01-03,35.573974609375,40.70613479614258,40.77032852172852,39.76462173461914,40.72753143310547,14899334
2022-01-04,35.53657531738281,40.66333770751953,41.10556411743164,40.37089920043945,40.37089920043945,12404756
2022-01-05,35.51164245605469,40.63480758666992,41.24108505249024,40.56348037719727,40.65620422363281,13295867
2022-01-06,35.3620491027832,40.463623046875,40.741798400878906,40.356632232666016,40.570613861083984,7993924
2022-01-07,35.30595016479492,40.39942932128906,40.791725158691406,40.1141242980957,40.463623046875,11806803
2022-01-10,35.41815185546875,40.52781677246094,40.67760467529297,40.12125396728516,40.47789001464844,12321757
2022-01-11,34.67013931274414,39.6718978881836,40.542083740234375,39.30813217163086,40.49215316772461,13442797
2022-01-12,34.90077590942383,39.93580627441406,39.97860336303711,39.407989501953125,39.57917404174805,12623328
2022-01-13,35.212440490722656,40.29243850708008,40.60627746582031,40.099857330322266,40.24251174926758,14125430
2022-01-14,35.05659866333008,40.1141242980957,40.39229583740234,39.95720291137695,40.2995719909668,10372417
2022-01-18,34.93194580078125,39.97146987915039,40.10699081420898,39.46504974365234,39.54351043701172,14399521
2022-01-19,35.212440490722656,40.29243850708008,40.570613861083984,39.94293975830078,39.98573684692383,12501354
2022-01-20,35.51787567138672,40.64194107055664,41.31954574584961,40.328102111816406,40.513553619384766,11848442
2022-01-21,35.38697814941406,40.49215316772461,40.977176666259766,40.29243850708008,40.83452224731445,13227029
2022-01-24,34.96934127807617,40.01426315307617,40.791725158691406,38.98003005981445,40.69900131225586,14614728
2022-01-25,34.57040023803711,39.55777359008789,40.0,39.35092544555664,39.67903137207031,11167351
2022-01-26,34.720008850097656,39.72895812988281,40.2995719909668,39.436519622802734,39.68616485595703,11772454
2022-01-27,34.988037109375,40.03566360473633,40.7631950378418,39.66476440429688,40.01426315307617,15545937
2022-01-28,35.736045837402344,40.89158248901367,40.92011260986328,39.614837646484375,39.8858757019043,11840871
2022-01-31,36.12251663208008,41.33380889892578,41.36947250366211,40.4136962890625,40.47789001464844,13534347
2022-02-01,36.04772567749024,41.24821853637695,41.51925659179688,40.60627746582031,41.12696075439453,10562948
2022-02-02,37.4562873840332,42.86000061035156,43.09000015258789,40.79999923706055,41.060001373291016,29696500
2022-02-03,38.269039154052734,43.790000915527344,44.02000045776367,42.18999862670898,42.18999862670898,25588400
2022-02-04,38.0330810546875,43.52000045776367,43.900001525878906,42.619998931884766,42.66999816894531,17454600
2022-02-07,38.1379508972168,43.63999938964844,43.7400016784668,43.040000915527344,43.09999847412109,14388000
2022-02-08,37.59611892700195,43.02000045776367,44.02000045776367,42.959999084472656,43.880001068115234,14755400
2022-02-09,37.22907257080078,42.59999847412109,43.4900016784668,42.540000915527344,43.15999984741211,10408500
2022-02-10,36.73967361450195,42.040000915527344,42.90999984741211,41.959999084472656,42.209999084472656,11356500
2022-02-11,36.81832885742188,42.130001068115234,42.7400016784668,41.9900016784668,42.119998931884766,11253700
2022-02-14,36.87949752807617,42.20000076293945,42.34999847412109,41.27999877929688,42.27000045776367,13118500
2022-02-15,36.47750473022461,41.7400016784668,42.5099983215332,41.43000030517578,42.33000183105469,10471900
2022-02-16,36.7047119140625,42.0,42.290000915527344,41.560001373291016,41.959999084472656,9731500
2022-02-17,36.486236572265625,41.75,42.0099983215332,41.43000030517578,41.84999847412109,7960000
2022-02-18,36.38136672973633,41.630001068115234,41.9900016784668,41.45000076293945,41.9900016784668,8963800
2022-02-22,36.39884185791016,41.650001525878906,41.959999084472656,41.36000061035156,41.72999954223633,11475100
2022-02-23,35.80458068847656,40.970001220703125,41.88999938964844,40.810001373291016,41.720001220703125,8161900
2022-02-24,36.39321517944336,41.29999923706055,41.400001525878906,40.11000061035156,40.84000015258789,11997700
2022-02-25,37.53876495361328,42.59999847412109,42.68000030517578,41.290000915527344,41.34000015258789,7981400
2022-02-28,37.50352096557617,42.560001373291016,42.84999847412109,41.900001525878906,42.150001525878906,13253600
2022-03-01,37.21272659301758,42.22999954223633,42.650001525878906,41.869998931884766,42.0,8039100
2022-03-02,37.67974853515625,42.7599983215332,43.02999877929688,42.13999938964844,42.34000015258789,7133700
2022-03-03,38.00579833984375,43.130001068115234,43.310001373291016,42.77000045776367,42.79999923706055,7236200
2022-03-04,39.019168853759766,44.27999877929688,44.27999877929688,42.540000915527344,42.880001068115234,9041500
2022-03-07,38.62262725830078,43.83000183105469,44.72999954223633,43.77000045776367,44.16999816894531,10065200
2022-03-08,38.32302474975586,43.4900016784668,44.290000915527344,43.09999847412109,44.15999984741211,8624200
2022-03-09,38.37589263916016,43.54999923706055,43.91999816894531,43.2599983215332,43.7400016784668,8573000
2022-03-10,38.419952392578125,43.59999847412109,43.810001373291016,43.13999938964844,43.310001373291016,9859100
2022-03-11,38.446388244628906,43.630001068115234,44.400001525878906,43.59000015258789,44.2400016784668,6407400
2022-03-14,38.40232849121094,43.58000183105469,44.119998931884766,43.52000045776367,43.70000076293945,6793400
2022-03-15,38.56093978881836,43.7599983215332,44.02000045776367,43.27000045776367,43.88999938964844,6385000
2022-03-16,38.27896499633789,43.43999862670898,44.09000015258789,42.709999084472656,43.63999938964844,8718600
2022-03-17,38.28778076171875,43.45000076293945,43.75,43.310001373291016,43.470001220703125,7454400
2022-03-18,38.11154174804688,43.25,43.52999877929688,42.86000061035156,43.310001373291016,13086000
2022-03-21,38.47282409667969,43.65999984741211,43.709999084472656,43.209999084472656,43.290000915527344,8522100
2022-03-22,38.446388244628906,43.630001068115234,43.9900016784668,43.34999847412109,43.810001373291016,5690300
2022-03-23,38.50807189941406,43.70000076293945,44.0099983215332,43.04999923706055,43.619998931884766,7221300
2022-03-24,39.18659973144531,44.470001220703125,44.56999969482422,43.77999877929688,43.84000015258789,4872800
2022-03-25,40.10302734375,45.5099983215332,45.54999923706055,44.41999816894531,44.470001220703125,5698500
2022-03-28,40.55243682861328,46.02000045776367,46.02999877929688,45.31999969482422,45.58000183105469,9274700
2022-03-29,41.40719604492188,46.9900016784668,47.02000045776367,46.0099983215332,46.0099983215332,8463700
2022-03-30,41.618682861328125,47.22999954223633,47.25,46.790000915527344,46.95000076293945,6125800
2022-03-31,41.971153259277344,47.630001068115234,48.02999877929688,47.310001373291016,47.400001525878906,8196400
2022-04-01,41.997589111328125,47.65999984741211,47.83000183105469,47.290000915527344,47.59999847412109,10273500
2022-04-04,41.715614318847656,47.34000015258789,47.790000915527344,46.83000183105469,47.75,6212500
2022-04-05,42.12095642089844,47.79999923706055,48.18000030517578,47.33000183105469,47.33000183105469,8562500
2022-04-06,43.80403137207031,49.709999084472656,49.84000015258789,47.90999984741211,48.060001373291016,12439400
2022-04-07,44.07720947265625,50.02000045776367,50.130001068115234,49.27000045776367,49.5,13463900
2022-04-08,44.17413711547852,50.130001068115234,50.290000915527344,49.25,50.11000061035156,6020600
2022-04-11,42.5086784362793,48.2400016784668,50.13999938964844,48.16999816894531,49.93000030517578,7488300
2022-04-12,42.34125518798828,48.04999923706055,48.66999816894531,47.7599983215332,48.16999816894531,7535500
2022-04-13,42.86116409301758,48.63999938964844,48.720001220703125,47.970001220703125,48.060001373291016,7015500
2022-04-14,43.2048225402832,49.02999877929688,49.34999847412109,48.63999938964844,48.880001068115234,6493600
2022-04-18,43.38106536865234,49.22999954223633,49.380001068115234,48.81999969482422,49.02999877929688,5408000
2022-04-19,43.618988037109375,49.5,49.59999847412109,49.11000061035156,49.33000183105469,4314200
2022-04-20,44.27988052368164,50.25,50.65999984741211,50.0099983215332,50.150001525878906,6193300
2022-04-21,43.83047866821289,49.7400016784668,50.709999084472656,49.70000076293945,50.02000045776367,5337300
2022-04-22,42.86997985839844,48.650001525878906,49.86000061035156,48.560001373291016,49.68000030517578,7508400
2022-04-25,42.975711822509766,48.77000045776367,48.95000076293945,47.4900016784668,48.650001525878906,6257100
2022-04-26,42.66728973388672,48.41999816894531,49.34000015258789,48.27000045776367,48.369998931884766,4844600
2022-04-27,42.11214447021485,47.790000915527344,48.84999847412109,47.7400016784668,48.5,6906400
2022-04-28,42.596805572509766,48.34000015258789,48.5,47.56999969482422,47.84999847412109,6496100
2022-04-29,41.22214889526367,46.77999877929688,48.29999923706055,46.709999084472656,48.15999984741211,7185300
2022-05-02,41.10758972167969,46.650001525878906,47.29999923706055,46.06999969482422,46.869998931884766,6330100
2022-05-03,41.14283752441406,46.68999862670898,47.630001068115234,46.540000915527344,46.84999847412109,4514800
2022-05-04,42.22669982910156,47.91999816894531,47.95000076293945,46.79999923706055,47.2400016784668,8198300
2022-05-05,41.32788848876953,46.900001525878906,47.68000030517578,46.45000076293945,47.63999938964844,7051500
2022-05-06,41.46887969970703,47.060001373291016,47.31999969482422,46.4900016784668,46.86000061035156,10963600
2022-05-09,41.17808532714844,46.72999954223633,47.18999862670898,46.27999877929688,47.060001373291016,6465900
2022-05-10,41.20452499389648,46.7599983215332,48.0099983215332,46.220001220703125,47.220001220703125,8876100
2022-05-11,41.962345123291016,47.619998931884766,48.36000061035156,46.59999847412109,46.709999084472656,9406200
2022-05-12,40.69145965576172,45.84999847412109,47.70000076293945,45.400001525878906,47.34000015258789,12044400
2022-05-13,41.472450256347656,46.72999954223633,46.77000045776367,45.84999847412109,46.15999984741211,5592700
2022-05-16,41.5967025756836,46.869998931884766,47.2599983215332,46.40999984741211,46.86000061035156,4707500
2022-05-17,42.191314697265625,47.540000915527344,47.560001373291016,46.369998931884766,47.0,5123400
2022-05-18,41.827449798583984,47.130001068115234,47.88999938964844,46.95000076293945,47.630001068115234,6946200
2022-05-19,42.0226936340332,47.34999847412109,47.52000045776367,46.41999816894531,47.060001373291016,5821500
2022-05-20,41.84519958496094,47.150001525878906,47.619998931884766,46.34999847412109,47.369998931884766,6175900
2022-05-23,42.50193786621094,47.88999938964844,48.150001525878906,47.40999984741211,47.79999923706055,4333200
2022-05-24,43.336185455322266,48.83000183105469,49.02000045776367,47.47999954223633,47.900001525878906,6421600
2022-05-25,43.50480270385742,49.02000045776367,49.18999862670898,48.65999984741211,48.83000183105469,5183600
2022-05-26,43.62905502319336,49.15999984741211,49.5,49.0099983215332,49.04999923706055,5005300
2022-05-27,44.24142074584961,49.84999847412109,49.86000061035156,48.93999862670898,49.040000915527344,5224800
2022-05-31,43.62017822265625,49.150001525878906,49.68000030517578,48.86000061035156,49.470001220703125,12224700
2022-06-01,43.65567398071289,49.18999862670898,49.5,48.68999862670898,49.5,4850800
2022-06-02,43.47817993164063,48.9900016784668,49.4900016784668,48.08000183105469,49.47999954223633,5221800
2022-06-03,43.2474365234375,48.72999954223633,49.20000076293945,48.66999816894531,48.7400016784668,4445100
2022-06-06,43.087684631347656,48.54999923706055,49.13999938964844,48.43999862670898,49.09999847412109,4454900
2022-06-07,43.53142929077149,49.04999923706055,49.130001068115234,48.29999923706055,48.59000015258789,4058900
2022-06-08,42.750431060791016,48.16999816894531,49.22999954223633,48.060001373291016,48.93000030517578,5527100
2022-06-09,41.41032409667969,46.65999984741211,48.150001525878906,46.52999877929688,47.91999816894531,5264400
2022-06-10,40.83345413208008,46.0099983215332,46.41999816894531,45.70000076293945,46.119998931884766,6626500
2022-06-13,38.765602111816406,43.68000030517578,45.43999862670898,43.52000045776367,45.2599983215332,8093700
2022-06-14,37.54974365234375,42.310001373291016,43.90999984741211,41.72999954223633,43.810001373291016,9114100
2022-06-15,37.505367279052734,42.2599983215332,43.040000915527344,41.650001525878906,42.65999984741211,7565600
2022-06-16,36.58237075805664,41.220001220703125,41.72999954223633,40.77000045776367,41.5099983215332,7851100
2022-06-17,36.3072509765625,40.90999984741211,41.61000061035156,40.16999816894531,41.38999938964844,14637800
2022-06-21,36.919620513916016,41.59999847412109,41.88999938964844,41.0099983215332,41.22999954223633,6421700
2022-06-22,36.99949645996094,41.68999862670898,42.16999816894531,41.11000061035156,41.27000045776367,5921700
2022-06-23,37.47874450683594,42.22999954223633,42.41999816894531,41.810001373291016,41.95000076293945,4917900
2022-06-24,38.41948318481445,43.290000915527344,43.36000061035156,42.11000061035156,42.310001373291016,7172500
2022-06-27,38.95197296142578,43.88999938964844,44.15999984741211,43.09000015258789,43.209999084472656,4465400
2022-06-28,38.94309616088867,43.880001068115234,44.40999984741211,43.59999847412109,43.970001220703125,5864300
2022-06-29,39.35133743286133,44.34000015258789,44.470001220703125,43.93000030517578,43.93999862670898,4833500
2022-06-30,40.22108840942383,45.31999969482422,45.65999984741211,43.880001068115234,44.150001525878906,10676400
2022-07-01,40.88670349121094,46.06999969482422,46.130001068115234,45.13999938964844,45.20000076293945,7685400
2022-07-05,38.71234893798828,43.619998931884766,45.900001525878906,42.75,45.84000015258789,8064900
2022-07-06,39.28034591674805,44.2599983215332,44.709999084472656,43.540000915527344,44.13999938964844,4615800
2022-07-07,39.39571762084961,44.38999938964844,45.130001068115234,44.34999847412109,44.810001373291016,4554200
2022-07-08,39.30697250366211,44.290000915527344,44.70000076293945,44.0099983215332,44.560001373291016,3449700
2022-07-11,39.43122482299805,44.43000030517578,44.540000915527344,43.7400016784668,44.2400016784668,3848100
2022-07-12,39.25372314453125,44.22999954223633,44.970001220703125,44.0,44.380001068115234,3997300
2022-07-13,38.69459915161133,43.59999847412109,44.2599983215332,43.470001220703125,43.66999816894531,4895200
2022-07-14,39.1827278137207,44.150001525878906,44.220001220703125,42.7400016784668,42.88999938964844,4504100
2022-07-15,39.25372314453125,44.22999954223633,44.59999847412109,43.63999938964844,44.310001373291016,4905300
2022-07-18,38.83659744262695,43.7599983215332,44.52000045776367,43.7400016784668,44.29999923706055,3669200
2022-07-19,38.783348083496094,43.70000076293945,44.34999847412109,43.619998931884766,44.220001220703125,7205000
2022-07-20,38.25085067749024,43.09999847412109,44.119998931884766,43.09000015258789,43.900001525878906,8758500
2022-07-21,38.39285659790039,43.2599983215332,43.290000915527344,42.72999954223633,43.16999816894531,6199900
2022-07-22,39.06735229492188,44.02000045776367,44.09999847412109,43.470001220703125,43.47999954223633,4120800
2022-07-25,39.42235565185547,44.41999816894531,44.560001373291016,43.880001068115234,44.09999847412109,3561800
2022-07-26,39.67084503173828,44.70000076293945,44.970001220703125,44.34999847412109,44.630001068115234,4655700
2022-07-27,39.45783996582031,44.459999084472656,44.66999816894531,44.02000045776367,44.540000915527344,7082000
2022-07-28,41.064208984375,46.27000045776367,46.29999923706055,44.810001373291016,45.02999877929688,8173500
2022-07-29,41.25944519042969,46.4900016784668,46.75,46.02000045776367,46.02000045776367,4582000
2022-08-01,40.92220306396485,46.11000061035156,46.59999847412109,45.52000045776367,46.40999984741211,5684200
2022-08-02,40.673709869384766,45.83000183105469,46.52000045776367,45.75,46.27999877929688,5300300
2022-08-03,39.32472229003906,44.310001373291016,44.9900016784668,43.959999084472656,44.27000045776367,10693200
2022-08-04,39.99034118652344,45.060001373291016,45.369998931884766,44.43000030517578,44.4900016784668,6942400
2022-08-05,39.73297119140625,44.77000045776367,45.59999847412109,44.130001068115234,45.0,11593800
2022-08-08,39.91934585571289,44.97999954223633,45.52999877929688,44.70000076293945,45.369998931884766,3993300
2022-08-09,40.29208755493164,45.400001525878906,45.58000183105469,44.970001220703125,45.130001068115234,4920900
2022-08-10,40.40745162963867,45.52999877929688,45.68000030517578,44.84999847412109,45.560001373291016,4986000
2022-08-11,40.55833053588867,45.70000076293945,46.29999923706055,45.43000030517578,45.59000015258789,4249000
2022-08-12,41.2807731628418,46.16999816894531,46.2599983215332,45.4900016784668,45.5,4872500
2022-08-15,41.75464630126953,46.70000076293945,46.75,46.02000045776367,46.02999877929688,4595200
2022-08-16,41.74570846557617,46.68999862670898,47.22999954223633,46.56999969482422,46.650001525878906,5112400
2022-08-17,41.352294921875,46.25,46.540000915527344,45.9900016784668,46.41999816894531,5561400
2022-08-18,41.40594100952149,46.310001373291016,46.709999084472656,46.13999938964844,46.31999969482422,6845300
2022-08-19,41.25394058227539,46.13999938964844,46.4900016784668,46.040000915527344,46.2599983215332,7242600
2022-08-22,40.547607421875,45.34999847412109,46.02999877929688,45.220001220703125,45.93999862670898,3908700
2022-08-23,40.2972526550293,45.06999969482422,45.36000061035156,44.709999084472656,45.27000045776367,7160400
2022-08-24,40.67277526855469,45.4900016784668,45.540000915527344,44.93000030517578,44.959999084472656,8468100
2022-08-25,40.96783447265625,45.81999969482422,45.93999862670898,45.27999877929688,45.68000030517578,7465000
2022-08-26,39.97537612915039,44.709999084472656,46.13999938964844,44.66999816894531,46.06999969482422,7581700
2022-08-29,40.23467254638672,45.0,45.369998931884766,44.2400016784668,44.380001068115234,5045400
2022-08-30,39.39420700073242,44.060001373291016,45.11000061035156,43.880001068115234,44.970001220703125,4535700
2022-08-31,39.26009368896485,43.90999984741211,44.68999862670898,43.900001525878906,44.040000915527344,8360400
2022-09-01,39.74291610717773,44.45000076293945,44.59000015258789,43.720001220703125,43.720001220703125,5398800
2022-09-02,39.41209411621094,44.08000183105469,45.27000045776367,43.9900016784668,44.720001220703125,6900600
2022-09-06,39.2422103881836,43.88999938964844,44.90999984741211,43.79999923706055,44.209999084472656,5566700
2022-09-07,40.3330192565918,45.11000061035156,45.4900016784668,44.11000061035156,44.18000030517578,10215900
2022-09-08,40.56549072265625,45.369998931884766,45.68000030517578,44.810001373291016,44.86000061035156,7210400
2022-09-09,40.98571395874024,45.84000015258789,46.130001068115234,45.43000030517578,45.77000045776367,6476500
2022-09-12,41.22712326049805,46.11000061035156,46.18999862670898,45.59999847412109,45.93999862670898,7599000
2022-09-13,39.35844421386719,44.02000045776367,45.72999954223633,43.81999969482422,45.630001068115234,7948700
2022-09-14,39.65349960327149,44.34999847412109,44.709999084472656,44.0099983215332,44.040000915527344,6671400
2022-09-15,38.66104507446289,43.2400016784668,44.09999847412109,43.11000061035156,44.08000183105469,5741800
2022-09-16,38.634220123291016,43.209999084472656,43.40999984741211,42.81999969482422,43.22999954223633,12995400
2022-09-19,38.79516220092773,43.38999938964844,43.400001525878906,42.77999877929688,42.93999862670898,6484600
2022-09-20,38.249759674072266,42.77999877929688,43.16999816894531,42.63999938964844,42.9900016784668,6440800
2022-09-21,37.64176559448242,42.09999847412109,43.36000061035156,42.06999969482422,43.02000045776367,6411200
2022-09-22,37.26624298095703,41.68000030517578,42.11000061035156,41.47999954223633,42.060001373291016,6492400
2022-09-23,37.25729751586914,41.66999816894531,41.88999938964844,40.810001373291016,41.16999816894531,8677200
2022-09-26,36.28273391723633,40.58000183105469,41.70000076293945,40.18000030517578,41.66999816894531,6173000
2022-09-27,35.89826583862305,40.150001525878906,41.0,39.72999954223633,40.72999954223633,8304200
2022-09-28,35.478031158447266,39.68000030517578,40.56999969482422,39.630001068115234,40.369998931884766,10342300
2022-09-29,33.75241470336914,37.75,39.470001220703125,37.380001068115234,39.41999816894531,14031000
2022-09-30,33.49312210083008,37.459999084472656,38.22999954223633,37.36000061035156,37.93999862670898,9616900
2022-10-03,34.40510940551758,38.47999954223633,38.84000015258789,37.77999877929688,38.25,10537700
2022-10-04,35.77309036254883,40.0099983215332,40.040000915527344,38.66999816894531,38.75,12357100
2022-10-05,34.6018180847168,38.70000076293945,39.36000061035156,38.16999816894531,39.25,9915300
2022-10-06,33.761356353759766,37.7599983215332,38.66999816894531,37.68999862670898,38.560001373291016,7820100
2022-10-07,33.04608154296875,36.959999084472656,37.84000015258789,36.7599983215332,37.68999862670898,7119500
2022-10-10,33.806060791015625,37.810001373291016,37.91999816894531,37.16999816894531,37.16999816894531,11501200
2022-10-11,33.50206756591797,37.470001220703125,38.2400016784668,37.400001525878906,37.70000076293945,8315500
2022-10-12,32.151973724365234,35.959999084472656,37.54999923706055,35.939998626708984,37.540000915527344,7568400
2022-10-13,33.28748321533203,37.22999954223633,37.41999816894531,35.31999969482422,35.40999984741211,9324500
2022-10-14,32.71525192260742,36.59000015258789,37.84999847412109,36.4900016784668,37.58000183105469,6830000
2022-10-17,33.17124557495117,37.09999847412109,37.84999847412109,37.0099983215332,37.29999923706055,7906000
2022-10-18,33.58253479003906,37.560001373291016,38.04999923706055,37.27000045776367,37.560001373291016,7505400
2022-10-19,32.947715759277344,36.84999847412109,37.459999084472656,36.77999877929688,36.93000030517578,6263300
2022-10-20,31.77644920349121,35.540000915527344,36.66999816894531,35.189998626708984,36.63999938964844,10085500
2022-10-21,32.83148956298828,36.720001220703125,36.9900016784668,35.45000076293945,35.7400016784668,11674800
2022-10-24,32.96560287475586,36.869998931884766,37.2599983215332,36.66999816894531,36.95000076293945,5191800
2022-10-25,33.761356353759766,37.7599983215332,37.869998931884766,36.84999847412109,36.869998931884766,7483700
2022-10-26,33.62723922729492,37.61000061035156,38.290000915527344,37.36000061035156,37.810001373291016,13319500
2022-10-27,33.70771026611328,37.70000076293945,38.54999923706055,37.61000061035156,38.060001373291016,9687800
2022-10-28,34.655460357666016,38.7599983215332,38.810001373291016,37.75,37.75,7594400
2022-10-31,34.50346374511719,38.59000015258789,38.86000061035156,38.38999938964844,38.70000076293945,6293500
2022-11-01,34.655460357666016,38.7599983215332,39.0099983215332,38.540000915527344,38.900001525878906,5368600
2022-11-02,34.0117073059082,38.040000915527344,39.27000045776367,37.97999954223633,38.4900016784668,8601300
2022-11-03,33.04608154296875,36.959999084472656,37.79999923706055,36.09999847412109,36.119998931884766,14922000
2022-11-04,33.24277877807617,37.18000030517578,37.52999877929688,36.380001068115234,37.18000030517578,12529700
2022-11-07,32.79572677612305,36.68000030517578,37.630001068115234,36.02999877929688,37.470001220703125,11146200
2022-11-08,33.71664810180664,37.709999084472656,37.81999969482422,36.619998931884766,36.619998931884766,11552300
2022-11-09,33.698760986328125,37.68999862670898,38.27000045776367,37.540000915527344,37.56999969482422,11904400
2022-11-10,34.87004852294922,39.0,39.11000061035156,38.18999862670898,38.9900016784668,8648400
2022-11-11,34.9683952331543,39.11000061035156,39.369998931884766,38.459999084472656,39.15999984741211,7487800
2022-11-14,34.32624816894531,38.060001373291016,39.06999969482422,38.02999877929688,39.0,6592300
2022-11-15,34.48859405517578,38.2400016784668,38.83000183105469,37.77999877929688,38.41999816894531,6885600
2022-11-16,34.32624816894531,38.060001373291016,38.720001220703125,38.02999877929688,38.310001373291016,5964000
2022-11-17,33.80314254760742,37.47999954223633,37.880001068115234,37.2400016784668,37.65999984741211,5340700
2022-11-18,34.79523468017578,38.58000183105469,38.72999954223633,37.59999847412109,37.84000015258789,7599100
2022-11-21,34.903465270996094,38.70000076293945,38.83000183105469,38.34999847412109,38.5099983215332,5784300
2022-11-22,35.57988357543945,39.45000076293945,39.52000045776367,38.91999816894531,39.04999923706055,7653600
2022-11-23,35.95867919921875,39.869998931884766,39.880001068115234,39.209999084472656,39.29999923706055,6215600
2022-11-25,36.13906097412109,40.06999969482422,40.27000045776367,39.93999862670898,39.97999954223633,3381200
2022-11-28,36.28336334228516,40.22999954223633,40.40999984741211,39.83000183105469,40.02999877929688,10027700
2022-11-29,36.075927734375,40.0,40.11000061035156,39.61000061035156,40.0099983215332,7992500
2022-11-30,37.31153106689453,41.369998931884766,41.38999938964844,39.88999938964844,39.95000076293945,13045600
2022-12-01,37.455833435058594,41.52999877929688,42.040000915527344,41.18000030517578,41.65999984741211,7897000
2022-12-02,37.38368225097656,41.45000076293945,41.470001220703125,40.790000915527344,41.18000030517578,5736200
2022-12-05,37.65424728393555,41.75,41.790000915527344,41.06999969482422,41.18000030517578,8675600
2022-12-06,38.66437911987305,42.869998931884766,43.0,41.7599983215332,41.7599983215332,19809300
2022-12-07,38.15932083129883,42.310001373291016,42.93999862670898,42.130001068115234,42.869998931884766,14466700
2022-12-08,37.67228698730469,41.77000045776367,42.380001068115234,41.56999969482422,42.220001220703125,9186700
2022-12-09,37.35662078857422,41.41999816894531,42.08000183105469,41.40999984741211,41.83000183105469,5334200
2022-12-12,38.33067321777344,42.5,42.52999877929688,41.18000030517578,41.59000015258789,5326100
2022-12-13,38.36675262451172,42.540000915527344,43.5099983215332,42.18999862670898,43.290000915527344,8747600
2022-12-14,38.61927795410156,42.81999969482422,43.650001525878906,42.470001220703125,42.68999862670898,7271200
2022-12-15,38.222450256347656,42.380001068115234,42.790000915527344,41.9900016784668,42.70000076293945,6088400
2022-12-16,37.81658554077149,41.93000030517578,42.02000045776367,40.84000015258789,41.84999847412109,18680200
2022-12-19,37.67228698730469,41.77000045776367,42.31999969482422,41.58000183105469,41.81999969482422,6261000
2022-12-20,37.93383407592773,42.060001373291016,42.33000183105469,41.43000030517578,41.77999877929688,7406600
2022-12-21,38.44792175292969,42.630001068115234,42.720001220703125,42.20000076293945,42.36000061035156,4721800
2022-12-22,38.34872055053711,42.52000045776367,42.54999923706055,41.86000061035156,42.400001525878906,6052400
2022-12-23,38.81769943237305,43.040000915527344,43.08000183105469,42.380001068115234,42.47999954223633,3317900
2022-12-27,38.91691207885742,43.150001525878906,43.27000045776367,42.86000061035156,43.16999816894531,6136100
2022-12-28,38.72750854492188,42.93999862670898,43.4900016784668,42.84999847412109,43.25,3852600
2022-12-29,38.89887619018555,43.130001068115234,43.459999084472656,43.040000915527344,43.16999816894531,3207500
2022-12-30,38.98905944824219,43.22999954223633,43.310001373291016,42.84999847412109,43.13999938964844,6185300
2023-01-03,38.92592239379883,43.15999984741211,43.34999847412109,42.43000030517578,43.25,5156700
2023-01-04,39.44000244140625,43.72999954223633,43.959999084472656,43.220001220703125,43.38999938964844,4379600
2023-01-05,38.58320617675781,42.77999877929688,43.47999954223633,42.290000915527344,43.40999984741211,8060600
2023-01-06,39.38589096069336,43.66999816894531,43.91999816894531,43.13999938964844,43.2400016784668,6971900
2023-01-09,39.818809509277344,44.150001525878906,44.369998931884766,43.34000015258789,43.58000183105469,9541700
2023-01-10,39.4039306640625,43.68999862670898,44.060001373291016,43.16999816894531,43.86000061035156,4502800
2023-01-11,39.80978775024414,44.13999938964844,44.2400016784668,43.56999969482422,43.68000030517578,5144200
2023-01-12,39.12434387207031,43.380001068115234,44.09999847412109,43.290000915527344,44.0099983215332,6937200
2023-01-13,39.12434387207031,43.380001068115234,43.540000915527344,42.88999938964844,43.130001068115234,5776500
2023-01-17,38.92592239379883,43.15999984741211,43.47999954223633,42.97999954223633,43.2400016784668,4599700
2023-01-18,38.087162017822266,42.22999954223633,43.25,42.119998931884766,43.15999984741211,4586900
2023-01-19,37.915802001953125,42.040000915527344,42.25,41.68000030517578,42.18000030517578,5570900
2023-01-20,38.186370849609375,42.34000015258789,42.38999938964844,41.459999084472656,42.0,5209700
2023-01-23,37.717376708984375,41.81999969482422,42.38999938964844,41.7400016784668,42.09000015258789,4702700
2023-01-24,37.43779373168945,41.5099983215332,41.959999084472656,41.2400016784668,41.86000061035156,3871400
2023-01-25,37.35662078857422,41.41999816894531,41.560001373291016,40.95000076293945,41.220001220703125,5448600
2023-01-26,37.51895904541016,41.59999847412109,41.68999862670898,41.18999862670898,41.36000061035156,3704400
2023-01-27,37.600128173828125,41.68999862670898,41.810001373291016,41.27999877929688,41.5099983215332,4773100
2023-01-30,37.65424728393555,41.75,42.27999877929688,41.4900016784668,41.58000183105469,3836300
2023-01-31,38.05107879638672,42.18999862670898,42.25,41.61000061035156,41.84999847412109,5133800
2023-02-01,38.150299072265625,42.29999923706055,42.59999847412109,41.63999938964844,41.90999984741211,6373800
2023-02-02,37.78050994873047,41.88999938964844,42.95000076293945,41.790000915527344,42.18999862670898,9351000
2023-02-03,36.887638092041016,40.900001525878906,41.59999847412109,40.09000015258789,41.52000045776367,6980200
2023-02-06,36.94175338745117,40.959999084472656,41.040000915527344,40.290000915527344,40.880001068115234,6949200
2023-02-07,36.81548309326172,40.81999969482422,41.02000045776367,40.29999923706055,40.84000015258789,5374200
2023-02-08,36.29238510131836,40.2400016784668,40.5,39.900001525878906,40.47999954223633,6619000
2023-02-09,36.06690979003906,39.9900016784668,40.54999923706055,39.68999862670898,40.27000045776367,6727800
2023-02-10,36.71627426147461,40.709999084472656,40.7599983215332,39.88999938964844,40.16999816894531,8818000
2023-02-13,37.1491813659668,41.18999862670898,41.18999862670898,40.650001525878906,40.720001220703125,5163700
2023-02-14,37.906768798828125,42.02999877929688,42.790000915527344,41.52000045776367,41.81999969482422,8258600
2023-02-15,38.4839973449707,42.66999816894531,42.81999969482422,41.709999084472656,41.77999877929688,8479400
2023-02-16,38.32166290283203,42.4900016784668,42.77999877929688,41.88999938964844,42.27000045776367,6338900
2023-02-17,38.82671737670898,43.04999923706055,43.34000015258789,42.52000045776367,42.93999862670898,9366900
2023-02-21,38.087162017822266,42.22999954223633,42.880001068115234,42.08000183105469,42.68000030517578,6675900
2023-02-22,37.73542022705078,41.84000015258789,42.52000045776367,41.68999862670898,42.130001068115234,6907200
2023-02-23,37.73542022705078,41.84000015258789,41.959999084472656,41.459999084472656,41.84000015258789,5860900
2023-02-24,37.58986282348633,41.31999969482422,41.41999816894531,40.90999984741211,41.09999847412109,7671700
2023-02-27,37.689937591552734,41.43000030517578,42.220001220703125,41.34000015258789,41.54999923706055,5390100
2023-02-28,36.74382019042969,40.38999938964844,41.380001068115234,40.34000015258789,41.27000045776367,22622100
2023-03-01,36.161598205566406,39.75,40.18999862670898,39.4900016784668,40.06999969482422,7707800
2023-03-02,36.73471832275391,40.380001068115234,40.40999984741211,39.52999877929688,39.630001068115234,8843800
2023-03-03,37.64445114135742,41.380001068115234,41.41999816894531,40.31999969482422,40.4900016784668,7547100
2023-03-06,37.74452209472656,41.4900016784668,41.630001068115234,41.02999877929688,41.45000076293945,6484400
2023-03-07,37.29875946044922,41.0,41.83000183105469,40.61000061035156,41.63999938964844,8039500
2023-03-08,37.526180267333984,41.25,41.36000061035156,40.7599983215332,41.040000915527344,4665600
2023-03-09,36.92576217651367,40.59000015258789,41.61000061035156,40.5,41.31999969482422,5046400
2023-03-10,36.55277633666992,40.18000030517578,40.900001525878906,39.84000015258789,40.79999923706055,6166200
2023-03-13,37.65354919433594,41.38999938964844,41.52000045776367,40.0,40.08000183105469,10910900
2023-03-14,37.60806274414063,41.34000015258789,41.75,40.88999938964844,41.630001068115234,7436100
2023-03-15,38.06292343139648,41.84000015258789,42.130001068115234,40.65999984741211,41.02999877929688,10791200
2023-03-16,38.34493637084961,42.150001525878906,42.18999862670898,41.20000076293945,41.58000183105469,8506700
2023-03-17,38.33583831787109,42.13999938964844,42.2599983215332,41.34999847412109,42.02999877929688,28178200
2023-03-20,38.04471969604492,41.81999969482422,42.38999938964844,41.77999877929688,42.13999938964844,12383300
2023-03-21,37.00763702392578,40.68000030517578,42.02999877929688,40.2400016784668,41.95000076293945,10248800
2023-03-22,36.0979118347168,39.68000030517578,40.790000915527344,39.65999984741211,40.34000015258789,9537200
2023-03-23,35.66124725341797,39.20000076293945,40.29999923706055,38.97999954223633,39.63999938964844,8451800
2023-03-24,36.607364654541016,40.2400016784668,40.25,39.060001373291016,39.130001068115234,6985000
2023-03-27,36.86208724975586,40.52000045776367,40.90999984741211,40.400001525878906,40.470001220703125,5372000
2023-03-28,37.13500213623047,40.81999969482422,41.22999954223633,40.45000076293945,40.540000915527344,6953400
2023-03-29,37.43521118164063,41.150001525878906,41.36000061035156,40.91999816894531,40.93000030517578,6126600
2023-03-30,37.708133697509766,41.45000076293945,41.90999984741211,41.220001220703125,41.41999816894531,5341200
2023-03-31,38.10840606689453,41.88999938964844,41.93000030517578,41.34999847412109,41.54999923706055,5378200
2023-04-03,38.03562927246094,41.810001373291016,42.16999816894531,41.43999862670898,41.810001373291016,5013200
2023-04-04,38.08111190795898,41.86000061035156,42.06999969482422,41.61000061035156,41.7599983215332,4131800
2023-04-05,39.05452346801758,42.93000030517578,43.08000183105469,42.0099983215332,42.0099983215332,7595100
2023-04-06,39.17278671264648,43.060001373291016,43.33000183105469,42.77000045776367,43.130001068115234,8745500
2023-04-10,39.354736328125,43.2599983215332,43.27999877929688,42.43000030517578,42.93000030517578,5005600
2023-04-11,39.354736328125,43.2599983215332,43.43000030517578,43.06999969482422,43.34999847412109,4589300
2023-04-12,39.19098663330078,43.08000183105469,43.5,42.959999084472656,43.29999923706055,7717300
2023-04-13,39.01813125610352,42.88999938964844,43.02999877929688,41.95000076293945,42.95000076293945,12061400
2023-04-14,38.32674407958984,42.130001068115234,42.59999847412109,41.91999816894531,42.41999816894531,6651200
2023-04-17,38.8179931640625,42.66999816894531,42.720001220703125,42.20000076293945,42.31999969482422,5737300
2023-04-18,38.981746673583984,42.84999847412109,43.040000915527344,42.58000183105469,42.79999923706055,4393600
2023-04-19,39.15459442138672,43.040000915527344,43.11000061035156,42.75,42.75,3377000
2023-04-20,39.11820983886719,43.0,43.13999938964844,42.65999984741211,43.08000183105469,4304800
2023-04-21,39.3183479309082,43.220001220703125,43.31999969482422,42.83000183105469,43.220001220703125,4430100
2023-04-24,39.52758026123047,43.45000076293945,43.619998931884766,42.81999969482422,43.18999862670898,4687400
2023-04-25,39.673133850097656,43.61000061035156,43.709999084472656,43.29999923706055,43.29999923706055,3007200
2023-04-26,38.92716598510742,42.790000915527344,43.540000915527344,42.61000061035156,43.31999969482422,5213800
2023-04-27,38.918067932128906,42.77999877929688,43.27000045776367,42.630001068115234,42.91999816894531,6959400
2023-04-28,38.6087646484375,42.43999862670898,43.02999877929688,42.369998931884766,42.77999877929688,11350500
2023-05-01,39.281959533691406,43.18000030517578,43.400001525878906,42.38999938964844,42.45000076293945,8188500
2023-05-02,38.72703170776367,42.56999969482422,43.34999847412109,42.380001068115234,43.15999984741211,6183900
2023-05-03,38.50868988037109,42.33000183105469,43.22999954223633,42.20000076293945,42.869998931884766,6138800
2023-05-04,38.71793365478516,42.560001373291016,43.06999969482422,41.52999877929688,42.41999816894531,6322000
2023-05-05,38.981746673583984,42.84999847412109,43.04999923706055,42.47999954223633,42.58000183105469,3849800
2023-05-08,38.908966064453125,42.77000045776367,43.33000183105469,42.630001068115234,42.869998931884766,4748600
2023-05-09,38.77250671386719,42.619998931884766,42.810001373291016,42.18999862670898,42.59999847412109,5559000
2023-05-10,39.04542922973633,42.91999816894531,43.04999923706055,42.43000030517578,42.7599983215332,5421000
2023-05-11,38.6451530456543,42.47999954223633,43.02000045776367,42.22999954223633,42.84000015258789,5803400
2023-05-12,38.30566787719727,41.75,42.68999862670898,41.43000030517578,42.43000030517578,8934200
2023-05-15,37.39734649658203,40.7599983215332,42.0,40.43999862670898,42.0,6569300
2023-05-16,36.12202072143555,39.369998931884766,40.810001373291016,39.33000183105469,40.7599983215332,8434600
2023-05-17,36.02109146118164,39.2599983215332,39.79999923706055,39.04999923706055,39.34999847412109,6907300
2023-05-18,36.1403694152832,39.38999938964844,39.45000076293945,38.880001068115234,39.09999847412109,6997500
2023-05-19,36.58077239990234,39.869998931884766,40.0,39.40999984741211,39.43999862670898,11999300
2023-05-22,36.81014251708984,40.119998931884766,40.470001220703125,39.77000045776367,40.15999984741211,6120700
2023-05-23,37.10374450683594,40.43999862670898,40.7599983215332,39.84999847412109,40.11000061035156,13712000
2023-05-24,36.83767318725586,40.150001525878906,40.65999984741211,40.08000183105469,40.540000915527344,4638900
2023-05-25,36.25046920776367,39.5099983215332,39.91999816894531,39.15999984741211,39.7599983215332,7033000
2023-05-26,36.1403694152832,39.38999938964844,39.470001220703125,38.79999923706055,39.470001220703125,5801900
2023-05-30,36.09449768066406,39.34000015258789,39.7400016784668,39.25,39.38999938964844,8406300
2023-05-31,36.37892532348633,39.650001525878906,39.75,38.959999084472656,39.34000015258789,8580200
2023-06-01,36.22294235229492,39.47999954223633,39.869998931884766,39.20000076293945,39.869998931884766,7079300
2023-06-02,36.415618896484375,39.68999862670898,40.02000045776367,39.0,39.310001373291016,6612200
2023-06-05,36.68169403076172,39.97999954223633,40.31999969482422,39.70000076293945,39.72999954223633,4107800
2023-06-06,36.47067260742188,39.75,40.209999084472656,39.720001220703125,40.09000015258789,6981200
2023-06-07,37.01198959350586,40.34000015258789,40.5,39.52999877929688,39.84999847412109,7281100
2023-06-08,36.81932067871094,40.130001068115234,40.34000015258789,39.7400016784668,39.84999847412109,8726400
2023-06-09,36.77344512939453,40.08000183105469,40.34999847412109,39.88999938964844,40.20000076293945,5851000
2023-06-12,36.61747360229492,39.90999984741211,40.18000030517578,39.72999954223633,40.09000015258789,4738300
2023-06-13,36.516544342041016,39.79999923706055,40.08000183105469,39.630001068115234,39.90999984741211,6149900
2023-06-14,36.81014251708984,40.119998931884766,40.34000015258789,39.84999847412109,40.0,5336000
2023-06-15,37.452392578125,40.81999969482422,40.90999984741211,40.25,40.38999938964844,5717300
2023-06-16,37.81022262573242,41.209999084472656,41.43000030517578,40.790000915527344,40.86000061035156,9595000
2023-06-20,37.378997802734375,40.7400016784668,41.22999954223633,40.68999862670898,41.209999084472656,5585900
2023-06-21,37.534969329833984,40.90999984741211,40.91999816894531,40.0099983215332,40.540000915527344,4536600
2023-06-22,37.19549560546875,40.540000915527344,41.09999847412109,40.380001068115234,40.970001220703125,3243600
2023-06-23,36.58077239990234,39.869998931884766,40.790000915527344,39.84000015258789,40.650001525878906,6851200
2023-06-26,37.22301864624024,40.56999969482422,40.75,39.90999984741211,40.09000015258789,4784100
2023-06-27,37.452392578125,40.81999969482422,40.95000076293945,40.470001220703125,40.63999938964844,6876700
2023-06-28,36.78261947631836,40.09000015258789,40.7599983215332,39.93999862670898,40.709999084472656,4246900
2023-06-29,36.800968170166016,40.11000061035156,40.31999969482422,39.66999816894531,39.79999923706055,4549000
2023-06-30,37.378997802734375,40.7400016784668,40.88999938964844,40.38999938964844,40.40999984741211,5990700
2023-07-03,37.663421630859375,41.04999923706055,41.09999847412109,40.45000076293945,40.619998931884766,2197600
2023-07-05,38.05794906616211,41.47999954223633,41.70000076293945,40.869998931884766,40.93999862670898,6694300
2023-07-06,37.67259979248047,41.060001373291016,41.15999984741211,40.66999816894531,41.11000061035156,4484900
2023-07-07,37.58084487915039,40.959999084472656,41.22999954223633,40.790000915527344,41.15999984741211,5644200
2023-07-10,37.59918975830078,40.97999954223633,41.29999923706055,40.70000076293945,41.09999847412109,5716300
2023-07-11,38.26897430419922,41.709999084472656,41.7400016784668,41.0099983215332,41.11000061035156,3841800
2023-07-12,38.5809211730957,42.04999923706055,42.29999923706055,41.459999084472656,41.70000076293945,6163800
2023-07-13,38.70019912719727,42.18000030517578,42.25,41.790000915527344,41.880001068115234,4729300
2023-07-14,38.55339431762695,42.02000045776367,42.20000076293945,41.59000015258789,42.08000183105469,3915000
2023-07-17,38.33319854736328,41.77999877929688,42.09000015258789,41.560001373291016,42.0,5080800
2023-07-18,37.87444686889648,41.27999877929688,42.02000045776367,40.84999847412109,41.72999954223633,7124500
2023-07-19,38.0854721069336,41.5099983215332,42.02999877929688,41.310001373291016,41.36000061035156,5667700
2023-07-20,38.544219970703125,42.0099983215332,42.34000015258789,41.47999954223633,41.810001373291016,5578100
2023-07-21,39.0396728515625,42.54999923706055,42.810001373291016,42.0099983215332,42.27000045776367,16583800
2023-07-24,39.29657745361328,42.83000183105469,42.970001220703125,42.470001220703125,42.709999084472656,4607600
2023-07-25,39.47089767456055,43.02000045776367,43.20000076293945,42.66999816894531,42.68000030517578,3928500
2023-07-26,39.63605880737305,43.20000076293945,43.52999877929688,42.880001068115234,42.97999954223633,3553500
2023-07-27,38.49834442138672,41.959999084472656,43.27999877929688,41.84999847412109,43.119998931884766,5815600
2023-07-28,38.259796142578125,41.70000076293945,42.34000015258789,41.52999877929688,42.08000183105469,8594800
2023-07-31,38.40660095214844,41.86000061035156,42.08000183105469,41.34000015258789,41.5,6893200
2023-08-01,38.04877471923828,41.470001220703125,42.0099983215332,41.45000076293945,41.810001373291016,5352700
2023-08-02,38.07630157470703,41.5,41.650001525878906,41.02999877929688,41.16999816894531,6935800
2023-08-03,37.15879440307617,40.5,41.25,40.43000030517578,41.150001525878906,4357800
2023-08-04,36.62664413452149,39.91999816894531,40.970001220703125,39.54999923706055,40.72999954223633,4777700
2023-08-07,36.67252349853516,39.970001220703125,40.2400016784668,39.84000015258789,39.84000015258789,5013300
2023-08-08,36.77344512939453,40.08000183105469,40.119998931884766,39.4900016784668,39.77000045776367,5565500
2023-08-09,36.929420471191406,40.25,40.52000045776367,39.880001068115234,40.02999877929688,5648500
2023-08-10,36.87436676025391,40.18999862670898,40.619998931884766,40.119998931884766,40.41999816894531,4205000
2023-08-11,37.16797256469727,40.5099983215332,40.63999938964844,40.06999969482422,40.2599983215332,3302700
2023-08-14,37.10316467285156,40.08000183105469,40.220001220703125,39.83000183105469,40.119998931884766,3798500
2023-08-15,36.64956665039063,39.59000015258789,39.880001068115234,39.5099983215332,39.869998931884766,3716900
2023-08-16,36.85322570800781,39.810001373291016,39.88999938964844,39.59999847412109,39.7599983215332,5557200
2023-08-17,36.99208068847656,39.959999084472656,40.310001373291016,39.790000915527344,39.880001068115234,4263700
2023-08-18,37.038368225097656,40.0099983215332,40.2599983215332,39.90999984741211,40.08000183105469,5361800
2023-08-21,36.78842544555664,39.7400016784668,40.04999923706055,39.400001525878906,40.0099983215332,6239800
2023-08-22,37.029109954833984,40.0,40.150001525878906,39.63999938964844,39.75,3982500
2023-08-23,37.26054382324219,40.25,40.43000030517578,40.08000183105469,40.400001525878906,3236600
2023-08-24,37.10316467285156,40.08000183105469,40.900001525878906,40.02999877929688,40.310001373291016,3766200
2023-08-25,37.306827545166016,40.29999923706055,40.58000183105469,40.06999969482422,40.119998931884766,3412900
2023-08-28,37.26054382324219,40.25,40.630001068115234,40.16999816894531,40.4900016784668,3167000
2023-08-29,37.49197769165039,40.5,40.68999862670898,40.209999084472656,40.29999923706055,3606000
2023-08-30,37.41791534423828,40.41999816894531,40.66999816894531,40.27000045776367,40.41999816894531,2260000
2023-08-31,37.14019775390625,40.119998931884766,40.59999847412109,40.119998931884766,40.4900016784668,8455200
2023-09-01,37.01985549926758,39.9900016784668,40.470001220703125,39.619998931884766,40.34999847412109,3931300
2023-09-05,36.57550430297852,39.5099983215332,40.0,39.18000030517578,39.9900016784668,3584100
2023-09-06,36.89950942993164,39.86000061035156,39.900001525878906,39.470001220703125,39.560001373291016,5607400
2023-09-07,37.5567741394043,40.56999969482422,40.95000076293945,40.09999847412109,40.22999954223633,4917900
2023-09-08,37.566036224365234,40.58000183105469,40.93000030517578,40.459999084472656,40.65999984741211,4545800
2023-09-11,37.566036224365234,40.58000183105469,41.09999847412109,40.540000915527344,40.58000183105469,3597000
2023-09-12,37.54751968383789,40.560001373291016,40.650001525878906,40.22999954223633,40.5,5485900
2023-09-13,38.07518768310547,41.130001068115234,41.31999969482422,40.630001068115234,40.63999938964844,4013700
2023-09-14,38.73245620727539,41.84000015258789,41.93000030517578,41.290000915527344,41.36000061035156,3764700
2023-09-15,38.55656814575195,41.650001525878906,42.15999984741211,41.59000015258789,41.880001068115234,10297200
2023-09-18,38.408451080322266,41.4900016784668,41.81999969482422,41.220001220703125,41.77999877929688,3536300
2023-09-19,38.0196418762207,41.06999969482422,41.47999954223633,40.959999084472656,41.40999984741211,4230600
2023-09-20,37.79747009277344,40.83000183105469,41.369998931884766,40.7599983215332,41.33000183105469,4908800
2023-09-21,37.45494842529297,40.459999084472656,41.09999847412109,40.45000076293945,40.77000045776367,6719900
2023-09-22,37.2235107421875,40.209999084472656,40.560001373291016,39.86000061035156,40.459999084472656,3759900
2023-09-25,37.306827545166016,40.29999923706055,40.31999969482422,39.75,40.040000915527344,3849300
2023-09-26,36.24224472045898,39.150001525878906,40.09999847412109,39.09000015258789,40.09000015258789,5592700
2023-09-27,35.91823959350586,38.79999923706055,39.22999954223633,38.54999923706055,39.119998931884766,5320900
2023-09-28,35.06657028198242,37.880001068115234,38.91999816894531,37.77999877929688,38.81999969482422,6134000
2023-09-29,34.98325729370117,37.790000915527344,38.400001525878906,37.5099983215332,38.08000183105469,6834100
2023-10-02,33.89089584350586,36.61000061035156,37.650001525878906,36.27999877929688,37.59000015258789,9033600
2023-10-03,34.298213958740234,37.04999923706055,37.18000030517578,35.709999084472656,36.20000076293945,8591300
2023-10-04,34.6314811706543,37.40999984741211,37.5,36.68999862670898,37.040000915527344,6822900
2023-10-05,34.6314811706543,37.40999984741211,37.52999877929688,36.79999923706055,37.38999938964844,5266400
2023-10-06,35.251712799072266,38.08000183105469,38.16999816894531,36.34999847412109,37.08000183105469,6224100
2023-10-09,35.82566452026367,38.70000076293945,38.7400016784668,38.02000045776367,38.09999847412109,5558200
2023-10-10,36.36258316040039,39.27999877929688,39.33000183105469,38.61000061035156,38.61000061035156,4880800
2023-10-11,37.066139221191406,40.040000915527344,40.16999816894531,39.25,39.45000076293945,6456800
2023-10-12,36.87173843383789,39.83000183105469,40.16999816894531,39.33000183105469,39.88999938964844,4770500
2023-10-13,36.98282241821289,39.95000076293945,40.66999816894531,39.84000015258789,40.15999984741211,6173800
2023-10-16,37.18648147583008,40.16999816894531,40.34000015258789,39.72999954223633,40.150001525878906,6931700
2023-10-17,37.08465194702149,40.060001373291016,40.220001220703125,39.650001525878906,39.880001068115234,5631800
2023-10-18,36.94580078125,39.90999984741211,40.2400016784668,39.63999938964844,40.04999923706055,4937800
2023-10-19,36.81619644165039,39.77000045776367,40.369998931884766,39.650001525878906,39.77000045776367,4372400
2023-10-20,36.38109588623047,39.29999923706055,40.040000915527344,39.27999877929688,39.66999816894531,5034700
2023-10-23,35.54794692993164,38.400001525878906,38.88999938964844,37.900001525878906,38.619998931884766,6526400
2023-10-24,35.973785400390625,38.86000061035156,39.25,38.75,38.81999969482422,5210600
2023-10-25,36.1033821105957,39.0,39.33000183105469,38.790000915527344,38.81999969482422,5973400
2023-10-26,36.24224472045898,39.150001525878906,39.79999923706055,39.09999847412109,39.15999984741211,6967700
2023-10-27,35.57571792602539,38.43000030517578,39.16999816894531,38.220001220703125,39.0099983215332,5213100
2023-10-30,35.59423065185547,38.45000076293945,38.93000030517578,38.220001220703125,38.54999923706055,5177900
2023-10-31,36.0478401184082,38.93999862670898,38.970001220703125,38.41999816894531,38.5099983215332,5971300
2023-11-01,36.594017028808594,39.52999877929688,39.83000183105469,38.7599983215332,39.0099983215332,7721800
2023-11-02,37.6771240234375,40.70000076293945,41.09000015258789,39.4900016784668,39.869998931884766,6467900
2023-11-03,37.54751968383789,40.560001373291016,41.47999954223633,40.540000915527344,41.310001373291016,5902900
2023-11-06,37.04762268066406,40.02000045776367,40.720001220703125,39.9900016784668,40.459999084472656,6858400
2023-11-07,36.78842544555664,39.7400016784668,40.060001373291016,39.630001068115234,40.02000045776367,5491100
2023-11-08,36.64030838012695,39.58000183105469,39.68000030517578,39.09000015258789,39.56999969482422,5553300
2023-11-09,36.33481216430664,39.25,39.97999954223633,39.22999954223633,39.66999816894531,3867500
2023-11-10,36.50144577026367,39.43000030517578,39.59999847412109,39.09999847412109,39.5,4495800
2023-11-13,35.91823959350586,38.79999923706055,39.470001220703125,38.7599983215332,39.27999877929688,5511300
2023-11-14,36.992801666259766,39.59000015258789,39.790000915527344,39.13999938964844,39.20000076293945,6434700
2023-11-15,37.06754302978516,39.66999816894531,40.18999862670898,39.369998931884766,39.43000030517578,6703800
2023-11-16,36.89000701904297,39.47999954223633,40.36000061035156,39.41999816894531,40.02999877929688,10366500
2023-11-17,36.394779205322266,38.95000076293945,39.720001220703125,38.88999938964844,39.70000076293945,10869000
2023-11-20,36.51625442504883,39.08000183105469,39.2400016784668,38.54999923706055,38.90999984741211,7680200
2023-11-21,36.32938003540039,38.880001068115234,39.06999969482422,38.34999847412109,38.93999862670898,5053400
2023-11-22,36.31068420410156,38.86000061035156,39.06999969482422,38.619998931884766,38.97999954223633,6251000
2023-11-24,36.61903381347656,39.18999862670898,39.2400016784668,38.7400016784668,38.93000030517578,2523100
2023-11-27,36.57231521606445,39.13999938964844,39.2599983215332,38.84999847412109,39.18999862670898,6884700
2023-11-28,36.59100341796875,39.15999984741211,39.56999969482422,38.93000030517578,39.18999862670898,5652500
2023-11-29,35.871517181396484,38.38999938964844,39.33000183105469,38.25,39.27000045776367,5268300
2023-11-30,35.983646392822266,38.5099983215332,38.59999847412109,38.16999816894531,38.40999984741211,11572700
2023-12-01,36.432159423828125,38.9900016784668,39.0099983215332,38.220001220703125,38.58000183105469,7382800
2023-12-04,36.189212799072266,38.72999954223633,39.0099983215332,38.54999923706055,38.77000045776367,8158300
2023-12-05,35.974300384521484,38.5,38.79999923706055,38.209999084472656,38.790000915527344,7114900
2023-12-06,36.82460784912109,39.40999984741211,39.45000076293945,38.630001068115234,38.7400016784668,7815800
2023-12-07,36.75919342041016,39.34000015258789,39.880001068115234,39.150001525878906,39.52000045776367,7687100
2023-12-08,36.63772201538086,39.209999084472656,39.380001068115234,38.97999954223633,39.369998931884766,7433400
2023-12-11,36.92738723754883,39.52000045776367,39.630001068115234,39.09999847412109,39.34999847412109,7793000
2023-12-12,36.852630615234375,39.43999862670898,39.65999984741211,39.18000030517578,39.65999984741211,5695700
2023-12-13,38.31029510498047,41.0,41.08000183105469,39.34000015258789,39.4900016784668,7994500
2023-12-14,35.413665771484375,37.900001525878906,41.43000030517578,37.459999084472656,41.220001220703125,26399000
2023-12-15,33.161773681640625,35.4900016784668,37.5,35.31999969482422,37.43999862670898,38846600
2023-12-18,32.189998626708984,34.45000076293945,35.59000015258789,34.220001220703125,35.38999938964844,23411000
2023-12-19,33.087013244628906,35.40999984741211,35.41999816894531,34.04999923706055,34.43000030517578,16414300
2023-12-20,32.5263786315918,34.810001373291016,35.599998474121094,34.810001373291016,35.45000076293945,10523500
2023-12-21,32.76932144165039,35.06999969482422,35.25,34.810001373291016,34.91999816894531,8332500
2023-12-22,32.94685363769531,35.2599983215332,35.81999969482422,35.20000076293945,35.2400016784668,5795200
2023-12-26,33.19914245605469,35.529998779296875,35.630001068115234,35.18000030517578,35.189998626708984,3900300
2023-12-27,33.087013244628906,35.40999984741211,35.65999984741211,35.099998474121094,35.560001373291016,6882000
2023-12-28,33.49814987182617,35.849998474121094,35.9900016784668,35.34000015258789,35.400001525878906,5832800
2023-12-29,33.54486846923828,35.900001525878906,35.95000076293945,35.56999969482422,35.70000076293945,4634200
2024-01-02,34.077476501464844,36.470001220703125,36.66999816894531,35.58000183105469,35.75,7584600
2024-01-03,33.80650329589844,36.18000030517578,36.66999816894531,35.900001525878906,36.52999877929688,6784000
2024-01-04,33.65699768066406,36.02000045776367,36.31999969482422,35.970001220703125,36.09000015258789,5443600
2024-01-05,33.927978515625,36.310001373291016,36.5,35.7400016784668,35.90999984741211,4980000
2024-01-08,34.28303909301758,36.68999862670898,36.7400016784668,35.95000076293945,36.04999923706055,6027200
2024-01-09,34.04944610595703,36.43999862670898,36.59000015258789,36.22999954223633,36.470001220703125,6096200
2024-01-10,34.23632049560547,36.63999938964844,36.77999877929688,36.400001525878906,36.630001068115234,5345800
2024-01-11,33.83453369140625,36.209999084472656,36.56999969482422,35.97999954223633,36.40999984741211,6882000
2024-01-12,33.70372009277344,36.06999969482422,36.59000015258789,36.04999923706055,36.5,4096900
2024-01-16,33.35799026489258,35.70000076293945,35.9900016784668,35.459999084472656,35.90999984741211,7465100
2024-01-17,33.255210876464844,35.59000015258789,36.060001373291016,35.279998779296875,35.5099983215332,7004100
2024-01-18,32.984230041503906,35.29999923706055,35.439998626708984,34.880001068115234,35.36000061035156,6258100
2024-01-19,32.74128341674805,35.040000915527344,35.38999938964844,34.810001373291016,35.189998626708984,9295200
2024-01-22,32.573097229003906,34.86000061035156,35.380001068115234,34.65999984741211,34.939998626708984,5031600
2024-01-23,32.47031784057617,34.75,35.119998931884766,34.5099983215332,34.90999984741211,6110200
2024-01-24,31.84426498413086,34.08000183105469,34.9900016784668,34.029998779296875,34.849998474121094,7287600
2024-01-25,32.6104736328125,34.900001525878906,34.900001525878906,34.08000183105469,34.43000030517578,12960400
2024-01-26,32.7132568359375,35.0099983215332,35.029998779296875,34.65999984741211,34.90999984741211,6182300
2024-01-29,32.974891662597656,35.290000915527344,35.29999923706055,34.65999984741211,34.970001220703125,5454500
2024-01-30,32.75062561035156,35.04999923706055,35.150001525878906,34.650001525878906,35.0099983215332,6400500
2024-01-31,32.5263786315918,34.810001373291016,35.29999923706055,34.529998779296875,35.22999954223633,13440600
2024-02-01,32.72260284423828,35.02000045776367,35.060001373291016,34.459999084472656,34.810001373291016,5605700
2024-02-02,32.096553802490234,34.349998474121094,34.70000076293945,33.939998626708984,34.70000076293945,5819500
2024-02-05,31.41444396972656,33.619998931884766,34.22999954223633,33.58000183105469,33.939998626708984,6336100
2024-02-06,31.685422897338867,33.90999984741211,34.150001525878906,33.459999084472656,33.619998931884766,6444500
2024-02-07,31.862951278686523,34.099998474121094,34.2599983215332,33.65999984741211,34.11000061035156,6946600
2024-02-08,31.53591537475586,33.75,33.97999954223633,33.529998779296875,33.97999954223633,5935400
2024-02-09,31.62001037597656,33.84000015258789,33.900001525878906,33.349998474121094,33.63999938964844,6520400
2024-02-12,32.12458801269531,34.380001068115234,34.5,33.58000183105469,33.790000915527344,7862500
2024-02-13,31.94705009460449,34.189998626708984,34.65999984741211,33.5,34.41999816894531,9168800
2024-02-14,31.881641387939453,34.119998931884766,34.4900016784668,34.040000915527344,34.25,6822200
2024-02-15,32.573097229003906,34.86000061035156,34.939998626708984,34.29999923706055,34.310001373291016,5052500
2024-02-16,32.61981201171875,34.90999984741211,35.13999938964844,34.43000030517578,34.7599983215332,7831000
2024-02-20,32.451622009277344,34.72999954223633,35.34000015258789,34.68000030517578,34.900001525878906,6695100
2024-02-21,33.83453369140625,36.209999084472656,36.459999084472656,35.5,35.68000030517578,12104100
2024-02-22,33.666343688964844,36.02999877929688,36.20000076293945,35.380001068115234,36.02999877929688,7518300
2024-02-23,33.75978469848633,36.130001068115234,36.40999984741211,35.86000061035156,35.880001068115234,4552300
2024-02-26,33.29258346557617,35.630001068115234,36.06999969482422,35.290000915527344,36.06999969482422,6997400
2024-02-27,33.83453369140625,36.209999084472656,36.400001525878906,35.72999954223633,35.880001068115234,6158500
2024-02-28,33.45143127441406,35.79999923706055,36.33000183105469,35.66999816894531,36.04999923706055,5618800
2024-02-29,33.48880386352539,35.84000015258789,36.27999877929688,35.619998931884766,35.939998626708984,11354100
2024-03-01,33.51714324951172,35.4900016784668,35.619998931884766,34.97999954223633,35.220001220703125,4949000
2024-03-04,34.18767166137695,36.20000076293945,36.27999877929688,35.27000045776367,35.34000015258789,5248600
2024-03-05,34.25377655029297,36.27000045776367,36.9900016784668,36.130001068115234,36.25,9773800
2024-03-06,34.63154220581055,36.66999816894531,36.72999954223633,36.31999969482422,36.31999969482422,5743400
2024-03-07,34.78264617919922,36.83000183105469,37.2599983215332,36.70000076293945,37.0,5659300
2024-03-08,34.905426025390625,36.959999084472656,37.08000183105469,36.52999877929688,37.0,6904700
2024-03-11,35.12263488769531,37.18999862670898,37.38999938964844,36.7400016784668,37.09000015258789,5064000
2024-03-12,34.952640533447266,37.0099983215332,37.11000061035156,36.77999877929688,37.0,11600300
2024-03-13,34.93375396728516,36.9900016784668,37.41999816894531,36.95000076293945,37.209999084472656,8789100
2024-03-14,34.5370979309082,36.56999969482422,37.08000183105469,36.369998931884766,36.95000076293945,9924900
2024-03-15,34.45210647583008,36.47999954223633,36.93000030517578,36.209999084472656,36.54999923706055,17634800
2024-03-18,34.565433502197266,36.59999847412109,36.97999954223633,36.380001068115234,36.540000915527344,7371100
2024-03-19,34.763755798339844,36.810001373291016,37.0,36.5,36.5099983215332,6947300
2024-03-20,34.52765274047852,36.560001373291016,37.130001068115234,36.34999847412109,36.630001068115234,5654600
2024-03-21,34.971527099609375,37.02999877929688,37.18000030517578,36.52999877929688,36.63999938964844,6612800
2024-03-22,34.659873962402344,36.70000076293945,37.27999877929688,36.68000030517578,37.27999877929688,5160900
2024-03-25,34.801536560058594,36.84999847412109,36.959999084472656,36.56999969482422,36.75,5381600
2024-03-26,34.52765274047852,36.560001373291016,36.959999084472656,36.52000045776367,36.77000045776367,5883000
2024-03-27,35.23596954345703,37.310001373291016,37.31999969482422,36.77000045776367,36.84999847412109,7988300
2024-03-28,35.48151016235352,37.56999969482422,37.70000076293945,37.18000030517578,37.22999954223633,5855300
2024-04-01,35.16040802001953,37.22999954223633,37.70000076293945,37.060001373291016,37.70000076293945,4857000
2024-04-02,35.49095916748047,37.58000183105469,37.68000030517578,37.04999923706055,37.06999969482422,7306800
2024-04-03,35.14152145385742,37.209999084472656,37.68999862670898,37.20000076293945,37.619998931884766,4792200
2024-04-04,35.15096664428711,37.220001220703125,37.650001525878906,36.95000076293945,37.560001373291016,4348600
2024-04-05,35.26429748535156,37.34000015258789,37.45000076293945,36.5099983215332,36.97999954223633,3957500
2024-04-08,35.679840087890625,37.77999877929688,37.810001373291016,37.2400016784668,37.34999847412109,5059100
2024-04-09,35.76483154296875,37.869998931884766,37.9900016784668,37.70000076293945,37.900001525878906,3782700
2024-04-10,34.85820007324219,36.90999984741211,37.209999084472656,36.630001068115234,37.209999084472656,5370200
2024-04-11,34.75431060791016,36.79999923706055,37.290000915527344,36.58000183105469,37.11000061035156,4696900
2024-04-12,34.45210647583008,36.47999954223633,36.959999084472656,36.18999862670898,36.79999923706055,4985000
2024-04-15,34.25377655029297,36.27000045776367,36.83000183105469,36.06999969482422,36.77999877929688,3752500
2024-04-16,33.7626838684082,35.75,36.34999847412109,35.75,36.29999923706055,5114400
2024-04-17,34.39543914794922,36.41999816894531,36.52000045776367,35.900001525878906,35.900001525878906,4716900
2024-04-18,34.64098358154297,36.68000030517578,36.7400016784668,36.27999877929688,36.619998931884766,4395500
2024-04-19,35.462623596191406,37.54999923706055,37.650001525878906,36.5,36.77000045776367,6126500
2024-04-22,35.575950622558594,37.66999816894531,37.95000076293945,37.220001220703125,37.61000061035156,5174400
2024-04-23,35.472068786621094,37.560001373291016,37.95000076293945,37.31999969482422,37.43999862670898,5700300
2024-04-24,35.67039489746094,37.77000045776367,37.900001525878906,36.79999923706055,36.84999847412109,5061400
2024-04-25,35.566505432128906,37.65999984741211,38.040000915527344,37.209999084472656,37.970001220703125,3958500
2024-04-26,35.24541091918945,37.31999969482422,37.59999847412109,37.2599983215332,37.41999816894531,5439500
2024-04-29,35.623172760009766,37.720001220703125,37.75,37.43000030517578,37.560001373291016,3301800
2024-04-30,35.49095916748047,37.58000183105469,37.79999923706055,37.02999877929688,37.459999084472656,6200200
2024-05-01,35.73650360107422,37.84000015258789,38.20000076293945,37.2599983215332,37.290000915527344,7489100
2024-05-02,35.783721923828125,37.88999938964844,38.45000076293945,37.33000183105469,38.45000076293945,5575100
2024-05-03,35.330406188964844,37.40999984741211,38.150001525878906,36.959999084472656,38.09000015258789,6774400
2024-05-06,35.462623596191406,37.54999923706055,37.59999847412109,37.08000183105469,37.470001220703125,5850300
2024-05-07,35.8026123046875,37.90999984741211,37.93000030517578,37.290000915527344,37.68000030517578,9499800
2024-05-08,35.71761703491211,37.81999969482422,38.0099983215332,37.56999969482422,37.84000015258789,7411600
2024-05-09,36.19926071166992,38.33000183105469,38.34999847412109,37.720001220703125,37.79999923706055,5308600
2024-05-10,35.93217849731445,37.66999816894531,38.09000015258789,37.540000915527344,37.95000076293945,8898300
2024-05-13,36.37095642089844,38.130001068115234,38.290000915527344,37.81999969482422,37.880001068115234,8883400
2024-05-14,36.62850189208984,38.400001525878906,38.5099983215332,38.130001068115234,38.400001525878906,10192100
2024-05-15,36.94327926635742,38.72999954223633,38.9900016784668,38.560001373291016,38.68999862670898,5570800
2024-05-16,36.83835220336914,38.619998931884766,38.970001220703125,38.470001220703125,38.72999954223633,5369900
2024-05-17,36.800201416015625,38.58000183105469,38.72999954223633,38.31999969482422,38.59000015258789,6088700
2024-05-20,36.68573760986328,38.459999084472656,38.68999862670898,38.34999847412109,38.68999862670898,4560500
2024-05-21,36.74296951293945,38.52000045776367,38.7599983215332,38.27000045776367,38.41999816894531,7711100
2024-05-22,36.15157318115234,37.900001525878906,38.56999969482422,37.83000183105469,38.40999984741211,7480200
2024-05-23,35.32170486450195,37.02999877929688,37.79999923706055,36.9900016784668,37.7400016784668,4691100
2024-05-24,34.99739456176758,36.68999862670898,37.11000061035156,36.650001525878906,37.0,4187700
2024-05-28,35.0832405090332,36.77999877929688,37.16999816894531,36.61000061035156,36.68000030517578,5891500
2024-05-29,34.51091766357422,36.18000030517578,36.619998931884766,36.130001068115234,36.43000030517578,5635700
2024-05-30,35.03554916381836,36.72999954223633,36.77999877929688,36.20000076293945,36.29999923706055,5189100
2024-05-31,35.81771469116211,37.54999923706055,37.59999847412109,36.77000045776367,36.84999847412109,12030100
2024-06-03,35.48386001586914,37.20000076293945,37.58000183105469,37.09999847412109,37.54999923706055,3995600
2024-06-04,35.63648223876953,37.36000061035156,37.52999877929688,36.900001525878906,37.0,4529500
2024-06-05,35.0927734375,36.790000915527344,37.2599983215332,36.68000030517578,37.220001220703125,4781900
2024-06-06,34.835235595703125,36.52000045776367,37.15999984741211,36.36000061035156,36.65999984741211,4758100
2024-06-07,34.501373291015625,36.16999816894531,36.5099983215332,36.13999938964844,36.150001525878906,3199500
2024-06-10,34.5395393371582,36.209999084472656,36.540000915527344,36.02000045776367,36.27000045776367,7102700
2024-06-11,34.5395393371582,36.209999084472656,36.45000076293945,35.720001220703125,35.83000183105469,9487300
2024-06-12,33.14688491821289,34.75,36.47999954223633,34.72999954223633,36.38999938964844,11084600
2024-06-13,33.77644348144531,35.40999984741211,35.540000915527344,34.619998931884766,34.7400016784668,11503200
2024-06-14,33.90044403076172,35.540000915527344,35.54999923706055,35.06999969482422,35.29999923706055,8863500
2024-06-17,33.54751205444336,35.16999816894531,35.65999984741211,35.099998474121094,35.31999969482422,10260800
2024-06-18,33.280426025390625,34.88999938964844,35.36000061035156,34.79999923706055,35.130001068115234,9493200
2024-06-20,33.328121185302734,34.939998626708984,35.220001220703125,34.81999969482422,34.84000015258789,13699000
2024-06-21,33.17550277709961,34.779998779296875,35.29999923706055,34.63999938964844,35.04999923706055,18869000
2024-06-24,33.70013427734375,35.33000183105469,35.43000030517578,34.66999816894531,34.66999816894531,9125800
2024-06-25,33.21365737915039,34.81999969482422,35.36000061035156,34.77000045776367,35.2599983215332,8065900
2024-06-26,33.194580078125,34.79999923706055,34.83000183105469,34.4900016784668,34.77000045776367,7809100
2024-06-27,33.09919738769531,34.70000076293945,35.0,34.52000045776367,34.77000045776367,5575300
2024-06-28,33.01334762573242,34.61000061035156,34.84000015258789,34.459999084472656,34.66999816894531,23274000
2024-07-01,32.95611572265625,34.54999923706055,34.86000061035156,34.2599983215332,34.7599983215332,6675800
2024-07-02,32.93703842163086,34.529998779296875,34.77000045776367,34.380001068115234,34.72999954223633,4633400
2024-07-03,33.127811431884766,34.72999954223633,34.869998931884766,34.459999084472656,34.459999084472656,2614700
2024-07-05,32.7271842956543,34.310001373291016,34.7400016784668,34.2400016784668,34.65999984741211,5644900
2024-07-08,32.66041946411133,34.2400016784668,34.34000015258789,34.0099983215332,34.34000015258789,5002600
2024-07-09,32.841651916503906,34.43000030517578,34.63999938964844,34.09000015258789,34.09000015258789,7413400
2024-07-10,33.08965301513672,34.689998626708984,34.810001373291016,34.34000015258789,34.54999923706055,4998800
2024-07-11,33.69059371948242,35.31999969482422,35.5099983215332,34.72999954223633,34.86000061035156,6385300
2024-07-12,33.614280700683594,35.2400016784668,35.65999984741211,35.209999084472656,35.4900016784668,8292800
2024-07-15,33.71921157836914,35.349998474121094,35.41999816894531,34.81999969482422,34.95000076293945,8756800
2024-07-16,33.881370544433594,35.52000045776367,35.720001220703125,35.34000015258789,35.56999969482422,6030100
2024-07-17,34.749385833740234,36.43000030517578,36.59999847412109,35.650001525878906,35.790000915527344,7026400
2024-07-18,34.568153381347656,36.2400016784668,36.91999816894531,36.20000076293945,36.310001373291016,5929400
2024-07-19,34.463226318359375,36.130001068115234,36.2599983215332,35.91999816894531,36.2599983215332,4532700
2024-07-22,34.577693939208984,36.25,36.290000915527344,36.040000915527344,36.2599983215332,4941200
2024-07-23,34.2152214050293,35.869998931884766,36.22999954223633,35.84000015258789,36.15999984741211,3172700
2024-07-24,34.78754425048828,36.470001220703125,36.52999877929688,36.0,36.16999816894531,5649800
2024-07-25,34.79707336425781,36.47999954223633,37.27999877929688,36.369998931884766,36.75,7116900
2024-07-26,35.054622650146484,36.75,36.880001068115234,36.52999877929688,36.61000061035156,4552500
2024-07-29,35.18816375732422,36.88999938964844,37.04999923706055,36.650001525878906,36.75,4989200
2024-07-30,35.5029411315918,37.220001220703125,37.33000183105469,36.720001220703125,36.84000015258789,7458300
2024-07-31,35.48386001586914,37.20000076293945,37.52999877929688,36.90999984741211,37.38999938964844,6849800
2024-08-01,36.49496078491211,38.2599983215332,38.34000015258789,36.959999084472656,36.959999084472656,7254700
2024-08-02,36.9814338684082,38.77000045776367,39.02000045776367,38.02000045776367,38.720001220703125,9077700
2024-08-05,35.78910446166992,37.52000045776367,39.880001068115234,37.43999862670898,39.77999877929688,6955600
2024-08-06,35.85587692260742,37.59000015258789,37.9900016784668,37.47999954223633,37.59999847412109,6324900
2024-08-07,36.094337463378906,37.84000015258789,38.33000183105469,37.47999954223633,37.560001373291016,6224700
2024-08-08,35.80817794799805,37.540000915527344,38.0099983215332,37.43999862670898,37.59000015258789,7354000
2024-08-09,35.750946044921875,37.47999954223633,37.65999984741211,36.970001220703125,37.65999984741211,6680100
2024-08-12,35.558223724365234,36.900001525878906,37.119998931884766,36.77000045776367,37.02000045776367,6707800
2024-08-13,35.77985763549805,37.130001068115234,37.16999816894531,36.77999877929688,37.04999923706055,6332300
2024-08-14,35.68349075317383,37.02999877929688,37.41999816894531,36.83000183105469,37.0099983215332,5450200
2024-08-15,36.13640213012695,37.5,37.52999877929688,36.79999923706055,36.869998931884766,10776900
2024-08-16,36.24240112304688,37.61000061035156,37.7400016784668,37.20000076293945,37.52999877929688,5962300
2024-08-19,36.24240112304688,37.61000061035156,37.720001220703125,37.4900016784668,37.68999862670898,3423300
2024-08-20,36.174949645996094,37.540000915527344,37.77999877929688,37.400001525878906,37.650001525878906,3612300
2024-08-21,36.49294662475586,37.869998931884766,38.16999816894531,37.56999969482422,37.59000015258789,5166300
2024-08-22,36.50258255004883,37.880001068115234,37.959999084472656,37.68999862670898,37.75,5728000
2024-08-23,36.41585922241211,37.790000915527344,38.09000015258789,37.70000076293945,38.0,3723700
2024-08-26,36.589317321777344,37.970001220703125,38.18000030517578,37.900001525878906,37.970001220703125,2891400
2024-08-27,36.30985641479492,37.68000030517578,38.060001373291016,37.630001068115234,38.0,4543400
2024-08-28,36.5122184753418,37.88999938964844,38.27999877929688,37.63999938964844,37.709999084472656,5015200
2024-08-29,36.64712905883789,38.02999877929688,38.04999923706055,37.540000915527344,38.0,3705600
2024-08-30,36.70494842529297,38.09000015258789,38.20000076293945,37.81999969482422,37.9900016784668,6379500
2024-09-03,37.09040069580078,38.4900016784668,38.68999862670898,38.0,38.119998931884766,7145000
2024-09-04,37.47585678100586,38.88999938964844,39.2599983215332,38.650001525878906,38.66999816894531,6121000
2024-09-05,37.02294921875,38.41999816894531,39.25,38.27999877929688,39.11000061035156,7460600
2024-09-06,36.81094741821289,38.20000076293945,38.65999984741211,38.16999816894531,38.45000076293945,4624700
2024-09-09,37.32167434692383,38.72999954223633,38.869998931884766,38.20000076293945,38.380001068115234,6209500
2024-09-10,37.63003921508789,39.04999923706055,39.209999084472656,38.720001220703125,38.84999847412109,7849100
2024-09-11,37.87094879150391,39.29999923706055,39.380001068115234,38.630001068115234,38.88999938964844,11191000
2024-09-12,38.410587310791016,39.86000061035156,39.93000030517578,39.119998931884766,39.38999938964844,19881400
2024-09-13,38.76713180541992,40.22999954223633,40.27000045776367,39.68999862670898,39.93000030517578,6605700
2024-09-16,38.95985794067383,40.43000030517578,40.630001068115234,40.20000076293945,40.40999984741211,7764100
2024-09-17,38.738224029541016,40.20000076293945,40.52000045776367,40.11000061035156,40.36000061035156,6829500
2024-09-18,38.06367492675781,39.5,40.22999954223633,39.290000915527344,40.18000030517578,6921700
2024-09-19,37.8613166809082,39.290000915527344,39.45000076293945,38.880001068115234,39.34000015258789,6675400
2024-09-20,38.80567932128906,40.27000045776367,40.7599983215332,39.52000045776367,39.650001525878906,18779400
2024-09-23,38.93095397949219,40.400001525878906,40.45000076293945,40.08000183105469,40.45000076293945,5674200
2024-09-24,38.53585815429688,39.9900016784668,40.4900016784668,39.75,40.25,9059200
2024-09-25,38.53585815429688,39.9900016784668,40.22999954223633,39.619998931884766,40.220001220703125,6309400
2024-09-26,38.47804260253906,39.93000030517578,40.290000915527344,39.810001373291016,39.81999969482422,3108100
2024-09-27,38.91167831420898,40.380001068115234,40.560001373291016,40.060001373291016,40.13999938964844,5899100
2024-09-30,39.075496673583984,40.54999923706055,40.68000030517578,40.08000183105469,40.380001068115234,8333400
2024-10-01,39.28749465942383,40.77000045776367,41.04999923706055,40.43999862670898,40.54999923706055,7394600
2024-10-02,39.46095275878906,40.95000076293945,41.119998931884766,40.58000183105469,40.59000015258789,4703000
2024-10-03,39.2971305847168,40.77999877929688,41.02999877929688,40.619998931884766,41.0,4137800
2024-10-04,38.74785614013672,40.209999084472656,40.59000015258789,40.060001373291016,40.400001525878906,7512300
2024-10-07,38.10222244262695,39.540000915527344,40.0,39.5,39.9900016784668,4301500
2024-10-08,38.169677734375,39.61000061035156,39.9900016784668,39.52999877929688,39.68000030517578,4679300
2024-10-09,38.160037994384766,39.59999847412109,39.77999877929688,39.36000061035156,39.5,3616300
2024-10-10,37.842041015625,39.27000045776367,39.869998931884766,39.2400016784668,39.61000061035156,4011700
2024-10-11,38.29494857788086,39.7400016784668,39.93000030517578,39.2400016784668,39.2400016784668,5000200
2024-10-14,38.47804260253906,39.93000030517578,40.09999847412109,39.709999084472656,39.7400016784668,5496800
2024-10-15,39.08513259887695,40.560001373291016,40.810001373291016,40.08000183105469,40.16999816894531,6077300
2024-10-16,39.48022079467773,40.970001220703125,41.02000045776367,40.5099983215332,40.61000061035156,7927700
2024-10-17,39.28749465942383,40.77000045776367,41.18999862670898,40.66999816894531,41.02999877929688,6409600
2024-10-18,39.46095275878906,40.95000076293945,41.13999938964844,40.45000076293945,40.7400016784668,6103500
2024-10-21,39.02731704711914,40.5,41.02000045776367,40.4900016784668,40.900001525878906,4938700
2024-10-22,39.05622100830078,40.52999877929688,40.650001525878906,40.27000045776367,40.380001068115234,5737700
2024-10-23,39.25859069824219,40.7400016784668,40.77999877929688,40.38999938964844,40.38999938964844,6339800
2024-10-24,39.229679107666016,40.709999084472656,41.0,40.52999877929688,40.79999923706055,5217900
2024-10-25,38.61295318603516,40.06999969482422,41.0099983215332,39.97999954223633,40.970001220703125,5418500
2024-10-28,38.76713180541992,40.22999954223633,40.5099983215332,40.16999816894531,40.16999816894531,4288800
2024-10-29,38.11185836791992,39.54999923706055,40.0,39.45000076293945,39.88999938964844,7521100
2024-10-30,38.25640487670898,39.70000076293945,40.060001373291016,39.209999084472656,39.52999877929688,9458400
2024-10-31,37.87094879150391,39.29999923706055,39.83000183105469,39.27000045776367,39.66999816894531,9240500
2024-11-01,36.76276779174805,38.150001525878906,39.59000015258789,38.11000061035156,39.2400016784668,7671500
2024-11-04,36.589317321777344,37.970001220703125,38.400001525878906,37.7599983215332,38.06999969482422,7614600
2024-11-05,37.07113265991211,38.470001220703125,38.4900016784668,37.7599983215332,37.970001220703125,4591500
2024-11-06,36.92658233642578,38.31999969482422,38.59999847412109,37.84999847412109,38.25,11397800
2024-11-07,36.70494842529297,38.09000015258789,38.4900016784668,38.02000045776367,38.33000183105469,5879300
2024-11-08,37.09428787231445,38.11000061035156,38.31999969482422,37.83000183105469,37.91999816894531,4985400
2024-11-11,37.37656021118164,38.400001525878906,38.5099983215332,38.0099983215332,38.09000015258789,6534100
2024-11-12,37.14295196533203,38.15999984741211,38.540000915527344,38.04999923706055,38.27000045776367,3814700
2024-11-13,37.12348556518555,38.13999938964844,38.400001525878906,37.810001373291016,38.2400016784668,6174700
2024-11-14,37.10401916503906,38.119998931884766,38.38999938964844,38.08000183105469,38.22999954223633,4663200
2024-11-15,38.06763458251953,39.11000061035156,39.18999862670898,38.11000061035156,38.11000061035156,9038600
2024-11-18,38.1844367980957,39.22999954223633,39.38999938964844,38.7400016784668,39.04999923706055,7261100
2024-11-19,38.05790328979492,39.09999847412109,39.220001220703125,38.709999084472656,39.06999969482422,6070100
2024-11-20,37.69776153564453,38.72999954223633,39.2400016784668,38.2599983215332,39.20000076293945,5551000
2024-11-21,38.262306213378906,39.310001373291016,39.36000061035156,38.5,38.720001220703125,7606200
2024-11-22,37.67829513549805,38.709999084472656,39.560001373291016,38.68000030517578,39.36000061035156,4039000
2024-11-25,38.087100982666016,39.130001068115234,39.27000045776367,38.68999862670898,38.95000076293945,7013400
2024-11-26,38.43750762939453,39.4900016784668,39.58000183105469,39.15999984741211,39.18000030517578,5591700
2024-11-27,38.456974029541016,39.5099983215332,39.88999938964844,39.369998931884766,39.40999984741211,4227000
2024-11-29,38.50564193725586,39.560001373291016,39.68999862670898,39.34000015258789,39.5,2407400
2024-12-02,37.34735870361328,38.369998931884766,39.540000915527344,38.290000915527344,39.47999954223633,5682500
2024-12-03,37.12348556518555,38.13999938964844,38.72999954223633,38.119998931884766,38.38999938964844,6606100
2024-12-04,36.841217041015625,37.84999847412109,38.20000076293945,37.52999877929688,38.06999969482422,4176500
2024-12-05,36.967750549316406,37.97999954223633,38.2400016784668,37.810001373291016,37.93999862670898,4712300
2024-12-06,36.841217041015625,37.84999847412109,38.040000915527344,37.72999954223633,37.900001525878906,6946400
2024-12-09,36.442142486572266,37.43999862670898,37.970001220703125,37.40999984741211,37.790000915527344,6064800
2024-12-10,36.32534408569336,37.31999969482422,37.52999877929688,36.90999984741211,37.52999877929688,5332600
2024-12-11,35.78026580810547,36.7599983215332,37.38999938964844,36.59999847412109,37.31999969482422,6684900
2024-12-12,35.84840393066406,36.83000183105469,37.11000061035156,36.66999816894531,37.0,7086600
2024-12-13,35.887332916259766,36.869998931884766,37.04999923706055,36.58000183105469,36.66999816894531,7873200
2024-12-16,35.25465774536133,36.220001220703125,36.959999084472656,36.20000076293945,36.88999938964844,5540700
2024-12-17,35.546669006347656,36.52000045776367,36.630001068115234,35.939998626708984,36.09000015258789,7372900
2024-12-18,35.585601806640625,36.560001373291016,36.77999877929688,36.40999984741211,36.5,9095400
2024-12-19,36.19880676269531,37.18999862670898,37.72999954223633,36.4900016784668,36.619998931884766,14685700
2024-12-20,36.03334045410156,37.02000045776367,37.2599983215332,36.54999923706055,37.09000015258789,20813900
2024-12-23,36.335079193115234,37.33000183105469,37.38999938964844,36.79999923706055,36.9900016784668,6073300
2024-12-24,36.52001190185547,37.52000045776367,37.54999923706055,37.18999862670898,37.33000183105469,1853400
2024-12-26,36.451881408691406,37.45000076293945,37.52999877929688,37.27999877929688,37.36000061035156,4142900
2024-12-27,36.432411193847656,37.43000030517578,37.630001068115234,37.119998931884766,37.209999084472656,3669400
2024-12-30,36.62708282470703,37.630001068115234,37.720001220703125,37.060001373291016,37.45000076293945,4145100
2024-12-31,36.63681411743164,37.63999938964844,37.790000915527344,37.38999938964844,37.72999954223633,5347900
2025-01-02,36.656280517578125,37.65999984741211,38.130001068115234,37.5099983215332,37.90999984741211,4578400
2025-01-03,37.03588485717773,38.04999923706055,38.20000076293945,37.630001068115234,37.959999084472656,4268100
2025-01-06,36.79254913330078,37.79999923706055,38.09000015258789,37.52000045776367,37.7599983215332,6817000
2025-01-07,36.529747009277344,37.52999877929688,38.400001525878906,37.43999862670898,37.90999984741211,5120000
2025-01-08,37.17215347290039,38.18999862670898,38.22999954223633,37.20000076293945,37.47999954223633,5669800
2025-01-10,36.30587005615234,37.29999923706055,38.47999954223633,37.290000915527344,38.04999923706055,7691800
2025-01-13,36.5589485168457,37.560001373291016,37.7400016784668,37.130001068115234,37.560001373291016,5923000
2025-01-14,36.90934753417969,37.91999816894531,38.08000183105469,37.31999969482422,37.630001068115234,6747000
2025-01-15,37.00668716430664,38.02000045776367,38.58000183105469,37.900001525878906,38.29999923706055,5659200
2025-01-16,38.29150390625,39.34000015258789,39.369998931884766,37.900001525878906,37.959999084472656,5591800
2025-01-17,38.3693733215332,39.41999816894531,39.65999984741211,39.18999862670898,39.59999847412109,6140500
2025-01-21,39.362186431884766,40.43999862670898,40.66999816894531,39.81999969482422,39.95000076293945,5610400
2025-01-22,38.17470550537109,39.220001220703125,40.34999847412109,39.15999984741211,40.220001220703125,7661000
2025-01-23,38.19417572021485,39.2400016784668,39.56999969482422,39.060001373291016,39.38999938964844,5944700
2025-01-24,38.33043670654297,39.380001068115234,39.4900016784668,38.84999847412109,39.20000076293945,5362600
2025-01-27,39.61526107788086,40.70000076293945,40.84999847412109,39.650001525878906,39.79999923706055,12159400
2025-01-28,38.74897766113281,39.810001373291016,40.77000045776367,39.709999084472656,40.77000045776367,9471900
2025-01-29,38.51537704467773,39.56999969482422,40.150001525878906,39.470001220703125,39.77999877929688,5796500
2025-01-30,38.9533805847168,40.02000045776367,40.25,39.83000183105469,39.900001525878906,5755800
2025-01-31,38.93391418457031,40.0,40.22999954223633,39.88999938964844,40.0,7144100
2025-02-03,39.48872375488281,40.56999969482422,40.7599983215332,39.66999816894531,39.86000061035156,7638500
2025-02-04,39.45952606201172,40.540000915527344,40.68000030517578,39.84999847412109,40.29999923706055,5255100
2025-02-05,39.946197509765625,41.040000915527344,41.2599983215332,40.650001525878906,40.66999816894531,5584900
2025-02-06,40.02406692504883,41.119998931884766,41.2400016784668,40.75,41.16999816894531,5674300
2025-02-07,40.20899963378906,41.310001373291016,41.470001220703125,40.97999954223633,41.02000045776367,5794000
2025-02-10,40.68593978881836,41.79999923706055,41.880001068115234,41.130001068115234,41.43999862670898,7279100
2025-02-11,41.23101806640625,42.36000061035156,42.459999084472656,41.470001220703125,41.650001525878906,8935800
2025-02-12,41.74688720703125,42.88999938964844,43.09000015258789,40.810001373291016,40.880001068115234,10307900
2025-02-13,41.82476043701172,42.970001220703125,43.45000076293945,42.540000915527344,42.869998931884766,7562100
2025-02-14,41.70795440673828,42.84999847412109,43.150001525878906,42.7400016784668,42.95000076293945,8593000
2025-02-18,41.561954498291016,42.70000076293945,42.869998931884766,42.380001068115234,42.869998931884766,11062900
2025-02-19,41.51329040527344,42.650001525878906,42.77999877929688,42.209999084472656,42.63999938964844,7994000
2025-02-20,42.01942443847656,43.16999816894531,43.22999954223633,42.459999084472656,42.4900016784668,6945000
2025-02-21,42.23356246948242,43.38999938964844,43.68999862670898,43.060001373291016,43.20000076293945,13604600
2025-02-24,42.58722686767578,43.34999847412109,44.0099983215332,43.08000183105469,43.310001373291016,8053400
2025-02-25,43.26508712768555,44.040000915527344,44.2400016784668,43.36000061035156,43.560001373291016,8813500
2025-02-26,43.28473663330078,44.060001373291016,44.2599983215332,43.63999938964844,43.970001220703125,11508600
2025-02-27,43.01948928833008,43.790000915527344,44.31999969482422,43.650001525878906,43.88999938964844,6560700
2025-02-28,43.422271728515625,44.20000076293945,44.459999084472656,43.720001220703125,44.22999954223633,12319500
2025-03-03,43.76611328125,44.54999923706055,44.619998931884766,44.0,44.04999923706055,7793100
2025-03-04,42.91142272949219,43.68000030517578,45.20000076293945,43.63999938964844,44.84999847412109,9783900
2025-03-05,42.59705352783203,43.36000061035156,43.81999969482422,43.220001220703125,43.40999984741211,6838800
2025-03-06,42.12550354003906,42.880001068115234,43.380001068115234,42.619998931884766,43.369998931884766,6291500
2025-03-07,42.3514518737793,43.11000061035156,43.40999984741211,42.70000076293945,42.7599983215332,6670200
2025-03-10,42.990013122558594,43.7599983215332,44.29999923706055,43.25,43.310001373291016,8806200
2025-03-11,42.636348724365234,43.400001525878906,43.97999954223633,43.2599983215332,43.81999969482422,6799900
2025-03-12,41.86025238037109,42.61000061035156,43.15999984741211,42.54999923706055,42.95000076293945,9286700
2025-03-13,42.70512008666992,43.470001220703125,43.5099983215332,42.75,42.84000015258789,5983600
2025-03-14,43.412445068359375,44.18999862670898,44.2400016784668,43.15999984741211,43.459999084472656,8133600
2025-03-17,43.60892868041992,44.38999938964844,44.65999984741211,43.9900016784668,44.20000076293945,8074400
2025-03-18,43.63840103149414,44.41999816894531,44.459999084472656,43.79999923706055,44.400001525878906,5343200
2025-03-19,43.65804672241211,44.43999862670898,44.52000045776367,44.06999969482422,44.41999816894531,6408700
2025-03-20,43.8054084777832,44.59000015258789,44.70000076293945,44.220001220703125,44.41999816894531,6306800
2025-03-21,43.02931213378906,43.79999923706055,44.77000045776367,43.56999969482422,44.540000915527344,15732200
2025-03-24,42.81318283081055,43.58000183105469,44.38999938964844,43.54999923706055,43.97999954223633,6491400
2025-03-25,42.00761032104492,42.7599983215332,43.470001220703125,42.61000061035156,43.40999984741211,6354100
2025-03-26,43.24543762207031,44.02000045776367,44.2400016784668,42.77999877929688,42.86000061035156,8549500
2025-03-27,43.47139358520508,44.25,44.650001525878906,43.90999984741211,43.93000030517578,7009400
2025-03-28,43.92329788208008,44.709999084472656,44.970001220703125,44.27999877929688,44.52000045776367,8286400
2025-03-31,45.26919555664063,46.08000183105469,46.220001220703125,45.33000183105469,45.33000183105469,14993400
2025-04-01,45.11200714111328,45.91999816894531,46.27999877929688,45.619998931884766,45.7599983215332,10432000
2025-04-02,45.161128997802734,45.970001220703125,46.470001220703125,45.84000015258789,45.84000015258789,6833300
2025-04-03,46.398956298828125,47.22999954223633,47.59999847412109,46.54999923706055,46.84000015258789,12659100
2025-04-04,44.55203628540039,45.34999847412109,48.11000061035156,45.09000015258789,48.060001373291016,13937200
2025-04-07,43.90365219116211,44.68999862670898,45.459999084472656,43.95000076293945,44.9900016784668,17543600
2025-04-08,43.70716857910156,44.4900016784668,45.40999984741211,44.02000045776367,44.52000045776367,22010000
2025-04-09,43.52051162719727,44.29999923706055,45.18000030517578,42.84999847412109,44.04999923706055,20037600
2025-04-10,44.32608413696289,45.119998931884766,45.59999847412109,44.22999954223633,44.33000183105469,13452300
2025-04-11,45.19060134887695,46.0,46.18999862670898,44.68999862670898,45.209999084472656,9451200
2025-04-14,46.03546905517578,46.86000061035156,47.0,45.70000076293945,45.83000183105469,8091500
2025-04-15,45.91758346557617,46.7400016784668,47.09000015258789,46.43000030517578,46.52999877929688,7444700
2025-04-16,45.69162368774414,46.5099983215332,47.4900016784668,46.33000183105469,46.88999938964844,8354100
2025-04-17,46.42842864990234,47.2599983215332,47.93000030517578,46.720001220703125,46.880001068115234,7496300
2025-04-21,45.41655349731445,46.22999954223633,47.47999954223633,45.709999084472656,47.47999954223633,6868000
2025-04-22,46.53649520874024,47.369998931884766,47.52999877929688,46.59000015258789,46.75,7382100
2025-04-23,45.976524353027344,46.79999923706055,47.2400016784668,46.2400016784668,46.93999862670898,8389700
2025-04-24,45.51479721069336,46.33000183105469,46.7400016784668,46.2400016784668,46.63999938964844,6241700
2025-04-25,45.40673065185547,46.220001220703125,46.400001525878906,45.900001525878906,46.33000183105469,6271500
2025-04-28,45.66215515136719,46.47999954223633,46.63999938964844,45.83000183105469,46.380001068115234,7142400
2025-04-29,46.02564239501953,46.84999847412109,46.91999816894531,46.2400016784668,46.459999084472656,4245100
2025-04-30,46.07476806640625,46.900001525878906,47.25,46.11000061035156,47.04999923706055,7678800
2025-05-01,45.78004455566406,46.59999847412109,47.130001068115234,46.4900016784668,46.630001068115234,5583100
2025-05-02,45.66215515136719,46.47999954223633,46.95000076293945,46.08000183105469,46.90999984741211,5880700
2025-05-05,45.19060134887695,46.0,46.47999954223633,45.560001373291016,46.400001525878906,3902700
2025-05-06,45.47550201416016,46.290000915527344,46.61000061035156,45.869998931884766,45.9900016784668,6446700
2025-05-07,45.52462005615234,46.34000015258789,46.7400016784668,46.15999984741211,46.34000015258789,6131300
2025-05-08,44.30643844604492,45.09999847412109,46.31999969482422,45.02999877929688,46.11000061035156,6328800
2025-05-09,44.41449737548828,45.209999084472656,45.33000183105469,44.79999923706055,45.150001525878906,4695200
2025-05-12,43.225093841552734,43.61000061035156,44.5,43.34000015258789,44.310001373291016,9911000
2025-05-13,42.59074401855469,42.970001220703125,43.77000045776367,42.900001525878906,43.59000015258789,9604200
2025-05-14,41.87709426879883,42.25,42.720001220703125,41.709999084472656,42.66999816894531,12273000
2025-05-15,43.04668045043945,43.43000030517578,43.540000915527344,42.5,42.630001068115234,8463800
2025-05-16,43.70085525512695,44.09000015258789,44.119998931884766,43.02000045776367,43.09999847412109,7844100
2025-05-19,43.99820709228516,44.38999938964844,44.43000030517578,43.65999984741211,43.869998931884766,6429400
2025-05-20,43.86935424804688,44.2599983215332,44.619998931884766,44.22999954223633,44.310001373291016,6025600
2025-05-21,43.79997253417969,44.18999862670898,44.470001220703125,44.0099983215332,44.13999938964844,6893500
2025-05-22,43.036766052246094,43.41999816894531,44.16999816894531,43.16999816894531,44.13999938964844,6790500
2025-05-23,43.28456115722656,43.66999816894531,43.900001525878906,42.9900016784668,43.900001525878906,9679500
2025-05-27,43.52244567871094,43.90999984741211,44.150001525878906,43.52999877929688,43.83000183105469,8395500
2025-05-28,42.89800262451172,43.27999877929688,43.84000015258789,43.09000015258789,43.72999954223633,4359200
2025-05-29,43.31429672241211,43.70000076293945,43.83000183105469,43.0099983215332,43.119998931884766,5312400
2025-05-30,43.4332389831543,43.81999969482422,43.97999954223633,43.47999954223633,43.810001373291016,20942200
2025-06-02,43.40350341796875,43.790000915527344,43.810001373291016,43.27000045776367,43.58000183105469,4313000
2025-06-03,43.076416015625,43.459999084472656,43.88999938964844,42.900001525878906,43.790000915527344,7448100
2025-06-04,42.372684478759766,42.75,43.52000045776367,42.72999954223633,43.459999084472656,5537300
2025-06-05,42.481712341308594,42.86000061035156,43.09000015258789,42.4900016784668,42.75,5804400
2025-06-06,42.24382781982422,42.619998931884766,43.02999877929688,42.36000061035156,42.95000076293945,7264600
2025-06-09,41.82753753662109,42.20000076293945,42.68000030517578,42.11000061035156,42.400001525878906,8034400
2025-06-10,42.54117965698242,42.91999816894531,42.91999816894531,42.150001525878906,42.27999877929688,6366100
2025-06-11,42.50153732299805,42.880001068115234,43.040000915527344,42.560001373291016,42.77000045776367,6526100
2025-06-12,43.254825592041016,43.63999938964844,43.7400016784668,43.0,43.02999877929688,7719700
2025-06-13,42.86827087402344,43.25,43.68999862670898,43.13999938964844,43.56999969482422,5163800
2025-06-16,42.30329895019531,42.68000030517578,43.4900016784668,42.43999862670898,43.25,4796200
2025-06-17,42.0158576965332,42.38999938964844,42.75,42.2599983215332,42.75,3676700
2025-06-18,41.996036529541016,42.369998931884766,42.54999923706055,42.18000030517578,42.5099983215332,4343100
2025-06-20,42.22400665283203,42.59999847412109,42.869998931884766,42.33000183105469,42.52000045776367,12635000
2025-06-23,42.81871032714844,43.20000076293945,43.290000915527344,42.7599983215332,42.900001525878906,5131200
2025-06-24,42.7195930480957,43.09999847412109,43.29999923706055,42.86000061035156,43.04999923706055,4835400
2025-06-25,41.91674423217773,42.290000915527344,42.93999862670898,42.22999954223633,42.91999816894531,4607400
2025-06-26,42.13479995727539,42.5099983215332,42.709999084472656,42.22999954223633,42.40999984741211,4543400
2025-06-27,42.53126907348633,42.90999984741211,43.09000015258789,42.38999938964844,42.59999847412109,7322600
2025-06-30,43.036766052246094,43.41999816894531,43.459999084472656,42.66999816894531,42.68999862670898,7186300
2025-07-01,43.02685546875,43.40999984741211,44.04999923706055,43.2400016784668,43.900001525878906,7123400
2025-07-02,42.54117965698242,42.91999816894531,43.31999969482422,42.540000915527344,43.150001525878906,5127700
2025-07-03,42.74932861328125,43.130001068115234,43.33000183105469,42.88999938964844,43.0,3602300
2025-07-07,42.78897476196289,43.16999816894531,43.22999954223633,42.91999816894531,43.18000030517578,4155700
2025-07-08,42.62047576904297,43.0,43.13999938964844,42.5,42.84999847412109,6406800
2025-07-09,42.759239196777344,43.13999938964844,43.2599983215332,42.81999969482422,43.0,4522300
2025-07-10,43.24491500854492,43.630001068115234,43.68000030517578,42.86000061035156,43.02000045776367,4369200
2025-07-11,43.125972747802734,43.5099983215332,43.7599983215332,43.09000015258789,43.34000015258789,5077200
2025-07-14,43.04668045043945,43.43000030517578,43.79999923706055,43.06999969482422,43.4900016784668,4363100
2025-07-15,42.570919036865234,42.95000076293945,43.36000061035156,42.75,43.34999847412109,5059800
2025-07-16,42.471797943115234,42.84999847412109,43.040000915527344,42.470001220703125,42.95000076293945,4581700
2025-07-17,42.570919036865234,42.95000076293945,43.22999954223633,42.70000076293945,42.70000076293945,4914000
2025-07-18,43.01694869995117,43.400001525878906,43.54999923706055,42.88999938964844,43.0099983215332,5669700
2025-07-21,43.344032287597656,43.72999954223633,43.959999084472656,43.34000015258789,43.400001525878906,5093500
2025-07-22,44.05767822265625,44.45000076293945,44.7400016784668,43.81999969482422,43.90999984741211,4628800
2025-07-23,43.10615158081055,43.4900016784668,44.63999938964844,43.45000076293945,44.63999938964844,7289400
2025-07-24,43.353946685791016,43.7400016784668,43.970001220703125,43.369998931884766,43.4900016784668,4661500
2025-07-25,43.60174179077149,43.9900016784668,44.02999877929688,43.709999084472656,43.84999847412109,3894400
2025-07-28,43.02685546875,43.40999984741211,43.93000030517578,43.25,43.90999984741211,5928700
2025-07-29,43.90900039672852,44.29999923706055,44.33000183105469,43.33000183105469,43.58000183105469,5226500
2025-07-30,43.86935424804688,44.2599983215332,44.66999816894531,44.11000061035156,44.34999847412109,6648300
2025-07-31,44.54335021972656,44.93999862670898,44.970001220703125,43.900001525878906,43.95000076293945,11537100
2025-08-01,44.27573394775391,44.66999816894531,45.5099983215332,44.13999938964844,45.5099983215332,9211400
2025-08-04,44.77132034301758,45.16999816894531,45.36000061035156,44.59999847412109,44.7400016784668,7356400
2025-08-05,44.29555892944336,44.68999862670898,45.400001525878906,44.56999969482422,45.08000183105469,5787900
2025-08-06,44.662296295166016,45.060001373291016,45.400001525878906,44.52000045776367,44.86000061035156,7263600
2025-08-07,45.13805770874024,45.540000915527344,45.68000030517578,45.02000045776367,45.15999984741211,7454600
2025-08-08,44.91999816894531,45.31999969482422,45.77999877929688,45.220001220703125,45.650001525878906,3803900
2025-08-11,44.709999084472656,44.709999084472656,45.13999938964844,44.560001373291016,44.90999984741211,4396400
2025-08-12,44.61000061035156,44.61000061035156,44.86000061035156,44.060001373291016,44.86000061035156,5345100
2025-08-13,45.22999954223633,45.22999954223633,45.25,44.52000045776367,44.540000915527344,5881600
2025-08-14,44.650001525878906,44.650001525878906,45.2599983215332,44.619998931884766,45.2400016784668,6822400
2025-08-15,44.58000183105469,44.58000183105469,44.900001525878906,44.34000015258789,44.61000061035156,5730200
2025-08-18,44.0,44.0,44.709999084472656,43.869998931884766,44.59999847412109,6591700
2025-08-19,44.7400016784668,44.7400016784668,44.77000045776367,44.0099983215332,44.119998931884766,5753000
2025-08-20,44.880001068115234,44.880001068115234,45.470001220703125,44.7400016784668,44.900001525878906,5922900
2025-08-21,44.63999938964844,44.63999938964844,45.04999923706055,44.52000045776367,44.720001220703125,5169300
2025-08-22,44.959999084472656,44.959999084472656,45.119998931884766,44.540000915527344,45.04999923706055,3730000
2025-08-25,44.59999847412109,44.59999847412109,44.97999954223633,44.56999969482422,44.90999984741211,3777900
2025-08-26,44.41999816894531,44.41999816894531,44.79999923706055,44.27000045776367,44.59999847412109,9450400
2025-08-27,44.38999938964844,44.38999938964844,44.52000045776367,44.20000076293945,44.34999847412109,6119000
2025-08-28,43.7599983215332,43.7599983215332,44.33000183105469,43.66999816894531,44.33000183105469,5393200
2025-08-29,43.68000030517578,43.68000030517578,43.88999938964844,43.540000915527344,43.790000915527344,4003400
2025-09-02,43.369998931884766,43.369998931884766,43.709999084472656,43.15999984741211,43.630001068115234,5047800
2025-09-03,43.380001068115234,43.380001068115234,43.619998931884766,42.900001525878906,43.58000183105469,7992600
2025-09-04,43.34000015258789,43.34000015258789,43.97999954223633,43.119998931884766,43.70000076293945,5274500
2025-09-05,43.43000030517578,43.43000030517578,43.68000030517578,43.15999984741211,43.630001068115234,4423000
2025-09-08,43.02000045776367,43.02000045776367,43.52999877929688,42.75,43.52999877929688,4169400
2025-09-09,43.09000015258789,43.09000015258789,43.369998931884766,42.869998931884766,43.02000045776367,3657800
2025-09-10,43.31999969482422,43.31999969482422,43.45000076293945,42.88999938964844,43.04999923706055,4251300
2025-09-11,43.5,43.5,43.540000915527344,43.06999969482422,43.25,5044400
2025-09-12,43.380001068115234,43.380001068115234,43.630001068115234,43.209999084472656,43.34999847412109,4244900
2025-09-15,43.43000030517578,43.43000030517578,43.66999816894531,43.13999938964844,43.369998931884766,5441600
2025-09-16,42.72999954223633,42.72999954223633,43.560001373291016,42.709999084472656,43.380001068115234,6252300
2025-09-17,43.22999954223633,43.22999954223633,43.33000183105469,42.84000015258789,42.959999084472656,6037100
2025-09-18,43.11000061035156,43.11000061035156,43.380001068115234,42.58000183105469,42.95000076293945,3894500
2025-09-19,43.40999984741211,43.40999984741211,43.560001373291016,42.81999969482422,43.20000076293945,12225900
2025-09-22,43.400001525878906,43.400001525878906,43.56999969482422,43.22999954223633,43.34999847412109,4538000
2025-09-23,44.22999954223633,44.22999954223633,44.27999877929688,43.2400016784668,43.2400016784668,4590200
2025-09-24,44.22999954223633,44.22999954223633,44.52999877929688,44.13999938964844,44.22999954223633,5460500
2025-09-25,43.77999877929688,43.77999877929688,44.66999816894531,43.7400016784668,44.470001220703125,5140200
2025-09-26,44.09000015258789,44.09000015258789,44.25,43.810001373291016,43.9900016784668,6805800
2025-09-29,44.27000045776367,44.27000045776367,44.36000061035156,43.5,43.93999862670898,5964200
2025-09-30,45.0099983215332,45.0099983215332,45.060001373291016,44.25,44.310001373291016,6770400
2025-10-01,45.060001373291016,45.060001373291016,45.58000183105469,44.959999084472656,45.47999954223633,7776400
2025-10-02,44.970001220703125,44.970001220703125,45.11000061035156,44.54999923706055,44.880001068115234,11435700
2025-10-03,45.34000015258789,45.34000015258789,45.63999938964844,44.88999938964844,44.93999862670898,4745800
2025-10-06,45.68999862670898,45.68999862670898,45.72999954223633,45.119998931884766,45.310001373291016,6290500
2025-10-07,46.790000915527344,46.790000915527344,47.060001373291016,45.88999938964844,46.29999923706055,6846400
2025-10-08,46.619998931884766,46.619998931884766,46.91999816894531,46.060001373291016,46.900001525878906,5218800
2025-10-09,46.65999984741211,46.65999984741211,46.970001220703125,46.52000045776367,46.75,4504400
