Date,Adj Close,Close,High,Low,Open,Volume
2010-10-11,12.661556243896484,18.104999542236328,18.21500015258789,18.040000915527344,18.145000457763672,11039600
2010-10-12,12.626582145690918,18.05500030517578,18.145000457763672,17.854999542236328,17.979999542236328,15559800
2010-10-13,12.82589626312256,18.34000015258789,18.395000457763672,18.100000381469727,18.145000457763672,13482400
2010-10-14,12.864362716674805,18.395000457763672,18.59000015258789,18.32999992370605,18.40999984741211,17538200
2010-10-15,13.193045616149902,18.864999771118164,18.920000076293945,18.5,18.600000381469727,27616000
2010-10-18,13.126614570617676,18.770000457763672,18.9950008392334,18.7549991607666,18.959999084472656,17064400
2010-10-19,12.843379974365234,18.364999771118164,18.825000762939453,18.2450008392334,18.75,23125800
2010-10-20,13.423833847045898,19.19499969482422,19.625,18.63999938964844,18.7450008392334,40286400
2010-10-21,13.672101974487305,19.549999237060547,19.55500030517578,19.25,19.25,25295000
2010-10-22,13.675593376159668,19.55500030517578,19.559999465942383,19.334999084472656,19.549999237060547,14623600
2010-10-25,13.825956344604492,19.770000457763672,19.915000915527344,19.63999938964844,19.68000030517578,20269200
2010-10-26,13.850430488586426,19.80500030517578,19.809999465942383,19.530000686645508,19.76000022888184,13541000
2010-10-27,13.797979354858398,19.729999542236328,19.88999938964844,19.5,19.614999771118164,15290400
2010-10-28,13.93784523010254,19.93000030517578,19.989999771118164,19.75,19.78499984741211,13348600
2010-10-29,13.871411323547363,19.834999084472656,19.950000762939453,19.78499984741211,19.80500030517578,10234600
2010-11-01,14.070727348327637,20.1200008392334,20.364999771118164,19.940000534057617,19.95499992370605,20092200
2010-11-02,14.102192878723145,20.165000915527344,20.299999237060547,20.040000915527344,20.28499984741211,15595000
2010-11-03,13.920361518859863,19.905000686645508,20.184999465942383,19.7549991607666,20.184999465942383,16858200
2010-11-04,13.860916137695312,19.81999969482422,20.049999237060547,19.739999771118164,20.01499938964844,17565000
2010-11-05,13.61964988708496,19.475000381469727,19.795000076293945,19.280000686645508,19.76499938964844,23031000
2010-11-08,13.577692031860352,19.415000915527344,19.45499992370605,19.09499931335449,19.38999938964844,22122400
2010-11-09,13.465790748596191,19.2549991607666,19.440000534057617,19.155000686645508,19.38999938964844,19457800
2010-11-10,13.542722702026367,19.364999771118164,19.38500022888184,19.100000381469727,19.3799991607666,17807600
2010-11-11,13.630136489868164,19.489999771118164,19.5049991607666,19.184999465942383,19.270000457763672,15549800
2010-11-12,13.217524528503418,18.89999961853028,19.350000381469727,18.81999969482422,19.25,24225600
2010-11-15,13.287461280822754,19.0,19.209999084472656,18.905000686645508,18.9950008392334,14754400
2010-11-16,13.228014945983888,18.915000915527344,19.280000686645508,18.86000061035156,18.950000762939453,19401400
2010-11-17,13.182561874389648,18.850000381469727,18.9950008392334,18.725000381469727,18.950000762939453,19755000
2010-11-18,13.269978523254396,18.975000381469727,19.200000762939453,18.8700008392334,19.01000022888184,15700200
2010-11-19,13.315438270568848,19.040000915527344,19.084999084472656,18.895000457763672,19.0,16926600
2010-11-22,13.182561874389648,18.850000381469727,19.100000381469727,18.7450008392334,18.934999465942383,14254000
2010-11-23,12.93079662322998,18.489999771118164,18.799999237060547,18.46999931335449,18.700000762939453,18199600
2010-11-24,13.210532188415527,18.88999938964844,18.90999984741211,18.71999931335449,18.75,19606600
2010-11-26,12.97275733947754,18.549999237060547,18.76499938964844,18.549999237060547,18.700000762939453,5508400
2010-11-29,12.958770751953123,18.530000686645508,18.584999084472656,18.325000762939453,18.55500030517578,19583400
2010-11-30,12.762954711914062,18.25,18.364999771118164,18.1200008392334,18.25,29356400
2010-12-01,13.007726669311523,18.600000381469727,18.71999931335449,18.479999542236328,18.565000534057617,30669400
2010-12-02,13.182561874389648,18.850000381469727,18.864999771118164,18.46999931335449,18.625,21945200
2010-12-03,13.02520751953125,18.625,18.76499938964844,18.530000686645508,18.729999542236328,12626400
2010-12-06,12.836390495300291,18.354999542236328,18.604999542236328,18.315000534057617,18.56999969482422,13883200
2010-12-07,12.99373722076416,18.57999992370605,18.815000534057617,18.52499961853028,18.575000762939453,17167600
2010-12-08,13.063673973083496,18.68000030517578,18.795000076293945,18.604999542236328,18.670000076293945,15583800
2010-12-09,12.934295654296877,18.4950008392334,18.71500015258789,18.450000762939453,18.68000030517578,15451600
2010-12-10,13.15109157562256,18.80500030517578,18.84499931335449,18.46500015258789,18.52499961853028,16727800
2010-12-13,12.878347396850586,18.415000915527344,18.84499931335449,18.3799991607666,18.780000686645508,20023600
2010-12-14,13.01121997833252,18.604999542236328,18.674999237060547,18.415000915527344,18.520000457763672,17327800
2010-12-15,13.04619026184082,18.655000686645508,18.729999542236328,18.489999771118164,18.4950008392334,15645400
2010-12-16,13.23500919342041,18.924999237060547,18.950000762939453,18.604999542236328,18.6200008392334,17937200
2010-12-17,13.004230499267578,18.59499931335449,18.88500022888184,18.56999969482422,18.88500022888184,34926000
2010-12-20,13.004230499267578,18.59499931335449,18.799999237060547,18.549999237060547,18.63500022888184,14602600
2010-12-21,12.783936500549316,18.280000686645508,18.700000762939453,18.239999771118164,18.684999465942383,19027200
2010-12-22,12.707012176513672,18.170000076293945,18.280000686645508,18.11000061035156,18.2450008392334,19145800
2010-12-23,12.679036140441896,18.1299991607666,18.165000915527344,17.940000534057617,18.09000015258789,17797400
2010-12-27,12.731489181518556,18.20499992370605,18.270000457763672,17.920000076293945,18.030000686645508,11024000
2010-12-28,12.665045738220217,18.11000061035156,18.299999237060547,18.09499931335449,18.200000762939453,7818200
2010-12-29,12.727988243103027,18.200000762939453,18.295000076293945,18.09499931335449,18.1299991607666,9024800
2010-12-30,12.679036140441896,18.1299991607666,18.23500061035156,18.020000457763672,18.155000686645508,8534200
2010-12-31,12.672042846679688,18.1200008392334,18.174999237060547,18.0,18.09499931335449,9501200
2011-01-03,12.790933609008787,18.290000915527344,18.614999771118164,18.27499961853028,18.31999969482422,18870600
2011-01-04,12.934295654296877,18.4950008392334,18.565000534057617,18.334999084472656,18.434999465942383,19948400
2011-01-05,13.12311553955078,18.76499938964844,18.86000061035156,18.36000061035156,18.36000061035156,22014200
2011-01-06,13.116121292114258,18.7549991607666,18.88999938964844,18.709999084472656,18.770000457763672,15898200
2011-01-07,13.112627983093262,18.75,18.8700008392334,18.625,18.71500015258789,12199600
2011-01-10,12.818902969360352,18.32999992370605,18.780000686645508,18.325000762939453,18.63999938964844,20786800
2011-01-11,12.997238159179688,18.584999084472656,18.625,18.21500015258789,18.3700008392334,21264400
2011-01-12,13.224520683288574,18.90999984741211,18.915000915527344,18.59000015258789,18.64999961853028,14259600
2011-01-13,13.329421997070312,19.059999465942383,19.26499938964844,18.90999984741211,18.940000534057617,19120000
2011-01-14,13.364387512207031,19.11000061035156,19.239999771118164,18.934999465942383,19.01499938964844,12146200
2011-01-18,13.532235145568848,19.350000381469727,19.46999931335449,19.18000030517578,19.25,17993400
2011-01-19,13.339908599853516,19.075000762939453,19.36000061035156,19.01000022888184,19.36000061035156,16129200
2011-01-20,13.34690284729004,19.084999084472656,19.299999237060547,19.01000022888184,19.065000534057617,19049600
2011-01-21,13.35389804840088,19.09499931335449,19.225000381469727,18.95499992370605,19.049999237060547,12530400
2011-01-24,13.395855903625488,19.155000686645508,19.190000534057617,18.950000762939453,18.98500061035156,12888200
2011-01-25,13.343408584594728,19.07999992370605,19.184999465942383,18.88500022888184,19.06999969482422,20770000
2011-01-26,13.867910385131836,19.82999992370605,19.93000030517578,18.93000030517578,18.9950008392334,42215000
2011-01-27,13.6161527633667,19.46999931335449,19.834999084472656,19.405000686645508,19.77499961853028,28124000
2011-01-28,13.360891342163086,19.104999542236328,19.645000457763672,19.075000762939453,19.36000061035156,19187800
2011-01-31,13.42033576965332,19.190000534057617,19.299999237060547,18.959999084472656,19.09499931335449,13298800
2011-02-01,13.462300300598145,19.25,19.395000457763672,19.13999938964844,19.3700008392334,17657800
2011-02-02,13.797979354858398,19.729999542236328,19.875,19.15999984741211,19.15999984741211,22605000
2011-02-03,13.542722702026367,19.364999771118164,19.690000534057617,19.32999992370605,19.690000534057617,17314200
2011-02-04,13.563695907592772,19.395000457763672,19.48500061035156,19.125,19.479999542236328,14666800
2011-02-07,13.42033576965332,19.190000534057617,19.39999961853028,19.104999542236328,19.395000457763672,14027600
2011-02-08,13.563695907592772,19.395000457763672,19.44499969482422,19.100000381469727,19.170000076293945,8482600
2011-02-09,13.35389804840088,19.09499931335449,19.46999931335449,18.989999771118164,19.434999465942383,12682200
2011-02-10,13.409847259521484,19.174999237060547,19.239999771118164,19.040000915527344,19.11000061035156,16430800
2011-02-11,13.423833847045898,19.19499969482422,19.20499992370605,19.0,19.040000915527344,13212600
2011-02-14,13.48327350616455,19.280000686645508,19.28499984741211,19.059999465942383,19.19499969482422,11690000
2011-02-15,13.633636474609377,19.4950008392334,19.5049991607666,19.075000762939453,19.280000686645508,13895200
2011-02-16,13.773499488830566,19.69499969482422,19.850000381469727,19.39999961853028,19.5049991607666,23224600
2011-02-17,13.738536834716797,19.645000457763672,19.729999542236328,19.53499984741211,19.604999542236328,11564800
2011-02-18,13.742034912109377,19.64999961853028,19.895000457763672,19.53499984741211,19.63500022888184,14620600
2011-02-22,13.465790748596191,19.2549991607666,19.604999542236328,19.13500022888184,19.450000762939453,16427200
2011-02-23,13.294453620910645,19.01000022888184,19.30500030517578,19.0,19.21500015258789,14828800
2011-02-24,13.560199737548828,19.38999938964844,19.434999465942383,18.915000915527344,18.9950008392334,15905200
2011-02-25,13.640623092651367,19.5049991607666,19.625,19.239999771118164,19.46999931335449,14156800
2011-02-28,13.630136489868164,19.489999771118164,19.725000381469727,19.405000686645508,19.614999771118164,13929200
2011-03-01,13.48327350616455,19.280000686645508,19.63999938964844,19.25,19.55500030517578,11560200
2011-03-02,13.64762020111084,19.51499938964844,19.729999542236328,19.225000381469727,19.2549991607666,13014600
2011-03-03,13.98330783843994,19.9950008392334,20.02499961853028,19.665000915527344,19.725000381469727,17245400
2011-03-04,14.235064506530762,20.354999542236328,20.63999938964844,19.9950008392334,20.049999237060547,29822200
2011-03-07,14.357449531555176,20.530000686645508,20.709999084472656,20.34499931335449,20.545000076293945,21245400
2011-03-08,14.423891067504885,20.625,20.71500015258789,20.38999938964844,20.5,15374000
2011-03-09,14.563756942749023,20.825000762939453,20.905000686645508,20.56999969482422,20.63999938964844,15992400
2011-03-10,14.329476356506348,20.489999771118164,20.69499969482422,20.46999931335449,20.540000915527344,14884400
2011-03-11,14.27702808380127,20.415000915527344,20.63500022888184,20.354999542236328,20.46500015258789,11309400
2011-03-14,14.25255012512207,20.3799991607666,20.5,20.229999542236328,20.25,12150400
2011-03-15,13.913370132446287,19.895000457763672,20.13500022888184,19.84499931335449,19.950000762939453,20811600
2011-03-16,13.930855751037598,19.920000076293945,20.059999465942383,19.530000686645508,19.75,23863200
2011-03-17,14.095199584960938,20.155000686645508,20.26000022888184,19.959999084472656,20.100000381469727,14955000
2011-03-18,14.039254188537598,20.075000762939453,20.3700008392334,20.075000762939453,20.25,22548800
2011-03-21,14.077712059020996,20.1299991607666,20.46999931335449,20.125,20.280000686645508,11712200
2011-03-22,14.14065647125244,20.21999931335449,20.27499961853028,19.95499992370605,20.15999984741211,13254200
2011-03-23,14.448366165161133,20.65999984741211,20.864999771118164,20.155000686645508,20.15999984741211,32306600
2011-03-24,14.7001314163208,21.020000457763672,21.190000534057617,20.71500015258789,20.76499938964844,24498400
2011-03-25,14.714120864868164,21.040000915527344,21.27499961853028,20.975000381469727,21.114999771118164,19410800
2011-03-28,14.591731071472168,20.864999771118164,21.09499931335449,20.850000381469727,21.040000915527344,14502600
2011-03-29,14.70362663269043,21.02499961853028,21.03499984741211,20.81999969482422,20.895000457763672,9620200
2011-03-30,14.864471435546877,21.2549991607666,21.450000762939453,21.19499969482422,21.21500015258789,14393600
2011-03-31,14.850483894348145,21.23500061035156,21.440000534057617,21.104999542236328,21.170000076293945,22282600
2011-04-01,14.916927337646484,21.32999992370605,21.334999084472656,21.059999465942383,21.075000762939453,13482400
2011-04-04,14.96937370300293,21.405000686645508,21.46500015258789,21.325000762939453,21.38500022888184,12073400
2011-04-05,14.630197525024414,20.920000076293945,21.375,20.850000381469727,21.309999465942383,18186200
2011-04-06,14.591731071472168,20.864999771118164,21.13999938964844,20.864999771118164,21.045000076293945,17174200
2011-04-07,14.51130485534668,20.75,20.94499969482422,20.709999084472656,20.815000534057617,14586600
2011-04-08,14.423891067504885,20.625,20.8799991607666,20.520000457763672,20.850000381469727,17598200
2011-04-11,14.416899681091309,20.614999771118164,20.80500030517578,20.530000686645508,20.674999237060547,11237200
2011-04-12,14.38542652130127,20.56999969482422,20.6299991607666,20.4950008392334,20.56999969482422,8784400
2011-04-13,14.458855628967283,20.674999237060547,20.88999938964844,20.549999237060547,20.68000030517578,17759400
2011-04-14,14.63369083404541,20.924999237060547,20.934999465942383,20.4950008392334,20.565000534057617,16097200
2011-04-15,14.581242561340332,20.850000381469727,20.924999237060547,20.64999961853028,20.89999961853028,16136000
2011-04-18,14.098697662353516,20.15999984741211,20.700000762939453,20.1299991607666,20.684999465942383,22427800
2011-04-19,14.20709228515625,20.315000534057617,20.325000762939453,20.09000015258789,20.174999237060547,15422000
2011-04-20,14.259544372558594,20.38999938964844,20.5049991607666,20.165000915527344,20.5,23121600
2011-04-21,13.658109664916992,19.530000686645508,20.0,19.479999542236328,19.77499961853028,44105000
2011-04-25,13.70706844329834,19.600000381469727,19.69499969482422,19.395000457763672,19.614999771118164,23387000
2011-04-26,13.81895923614502,19.76000022888184,19.84000015258789,19.57999992370605,19.729999542236328,18413400
2011-04-27,13.948339462280272,19.94499969482422,20.01000022888184,19.700000762939453,19.815000534057617,23431000
2011-04-28,13.759513854980469,19.674999237060547,19.979999542236328,19.46500015258789,19.915000915527344,26400000
2011-04-29,13.581182479858398,19.420000076293945,19.684999465942383,19.420000076293945,19.665000915527344,26627800
2011-05-02,14.221080780029297,20.334999084472656,20.450000762939453,19.5,19.53499984741211,28164800
2011-05-03,14.567255020141602,20.82999992370605,20.864999771118164,20.14999961853028,20.40999984741211,23400000
2011-05-04,14.451869010925291,20.665000915527344,20.875,20.45499992370605,20.790000915527344,20905400
2011-05-05,14.203594207763672,20.309999465942383,20.684999465942383,20.280000686645508,20.625,17000000
2011-05-06,14.33996868133545,20.5049991607666,20.665000915527344,20.424999237060547,20.459999084472656,15584400
2011-05-09,14.42039680480957,20.6200008392334,20.76499938964844,20.420000076293945,20.440000534057617,16262200
2011-05-10,14.350459098815918,20.520000457763672,20.78499984741211,20.350000381469727,20.63500022888184,15902200
2011-05-11,14.256046295166016,20.38500022888184,20.59000015258789,20.155000686645508,20.575000762939453,23016800
2011-05-12,14.437883377075195,20.645000457763672,20.670000076293945,20.36000061035156,20.38500022888184,18200000
2011-05-13,14.406405448913574,20.600000381469727,20.959999084472656,20.51499938964844,20.690000534057617,23727200
2011-05-16,14.1826171875,20.280000686645508,20.59499931335449,20.209999084472656,20.479999542236328,17727000
2011-05-17,14.15114688873291,20.23500061035156,20.280000686645508,20.040000915527344,20.280000686645508,16102200
2011-05-18,14.10568618774414,20.170000076293945,20.200000762939453,19.989999771118164,20.18000030517578,15985200
2011-05-19,14.053240776062012,20.09499931335449,20.295000076293945,19.9950008392334,20.239999771118164,14056000
2011-05-20,14.329476356506348,20.489999771118164,20.600000381469727,20.270000457763672,20.325000762939453,21076600
2011-05-23,14.137161254882812,20.21500015258789,20.28499984741211,20.104999542236328,20.25,13000000
2011-05-24,14.133663177490234,20.209999084472656,20.395000457763672,20.059999465942383,20.2549991607666,12685000
2011-05-25,14.154640197753906,20.239999771118164,20.27499961853028,20.11000061035156,20.20499992370605,11666000
2011-05-26,14.30150318145752,20.450000762939453,20.5,20.114999771118164,20.200000762939453,13971600
2011-05-27,14.402909278869627,20.59499931335449,20.65999984741211,20.43000030517578,20.479999542236328,9929200
2011-05-31,14.595227241516112,20.8700008392334,20.88500022888184,20.604999542236328,20.614999771118164,13747200
2011-06-01,14.434377670288086,20.63999938964844,20.920000076293945,20.63500022888184,20.78499984741211,15302800
2011-06-02,14.483327865600586,20.709999084472656,20.7450008392334,20.540000915527344,20.559999465942383,11075200
2011-06-03,14.353955268859863,20.52499961853028,20.70499992370605,20.38999938964844,20.479999542236328,13982200
2011-06-06,14.30500316619873,20.45499992370605,20.549999237060547,20.350000381469727,20.450000762939453,10354600
2011-06-07,14.346962928771973,20.51499938964844,20.625,20.354999542236328,20.51000022888184,9846000
2011-06-08,14.388925552368164,20.575000762939453,20.665000915527344,20.3799991607666,20.520000457763672,10002600
2011-06-09,14.39241886138916,20.57999992370605,20.84499931335449,20.52499961853028,20.6200008392334,12480200
2011-06-10,14.067224502563477,20.114999771118164,20.549999237060547,20.104999542236328,20.549999237060547,11997800
2011-06-13,13.972816467285156,19.979999542236328,20.11000061035156,19.625,19.64999961853028,17699400
2011-06-14,13.90987491607666,19.88999938964844,20.125,19.86000061035156,20.114999771118164,15579000
2011-06-15,13.864416122436523,19.825000762939453,20.084999084472656,19.7450008392334,19.799999237060547,15163000
2011-06-16,13.864416122436523,19.825000762939453,19.920000076293945,19.71500015258789,19.88500022888184,18837600
2011-06-17,13.825956344604492,19.770000457763672,19.95499992370605,19.665000915527344,19.950000762939453,15756200
2011-06-20,14.02176570892334,20.049999237060547,20.075000762939453,19.725000381469727,19.725000381469727,10405600
2011-06-21,13.951834678649902,19.950000762939453,20.030000686645508,19.77499961853028,19.98500061035156,13684600
2011-06-22,14.004284858703612,20.02499961853028,20.225000381469727,19.825000762939453,19.950000762939453,10646800
2011-06-23,14.032256126403809,20.065000534057617,20.104999542236328,19.665000915527344,19.82999992370605,12026000
2011-06-24,13.88539218902588,19.854999542236328,20.049999237060547,19.790000915527344,20.049999237060547,12799600
2011-06-27,14.049742698669434,20.09000015258789,20.145000457763672,19.725000381469727,19.864999771118164,8347400
2011-06-28,14.318991661071776,20.475000381469727,20.559999465942383,20.01499938964844,20.09499931335449,11762000
2011-06-29,14.472845077514648,20.69499969482422,20.84000015258789,20.625,20.75,13510600
2011-06-30,14.479838371276855,20.70499992370605,20.86000061035156,20.65999984741211,20.78499984741211,11183400
2011-07-01,14.668662071228027,20.975000381469727,20.98500061035156,20.690000534057617,20.71999931335449,12459600
2011-07-05,14.53578758239746,20.78499984741211,20.9950008392334,20.71500015258789,20.940000534057617,8889400
2011-07-06,14.773560523986816,21.125,21.125,20.825000762939453,20.864999771118164,12234200
2011-07-07,14.92741584777832,21.34499931335449,21.350000381469727,21.170000076293945,21.23500061035156,10788400
2011-07-08,14.839995384216309,21.21999931335449,21.375,21.09499931335449,21.21999931335449,9525000
2011-07-11,14.430882453918455,20.63500022888184,21.075000762939453,20.565000534057617,21.040000915527344,13550600
2011-07-12,14.528786659240724,20.77499961853028,20.93000030517578,20.5,20.5049991607666,14635800
2011-07-13,14.549768447875977,20.80500030517578,21.07999992370605,20.75,20.864999771118164,9862400
2011-07-14,14.430882453918455,20.63500022888184,20.9950008392334,20.604999542236328,20.864999771118164,9524000
2011-07-15,14.33647346496582,20.5,20.68000030517578,20.354999542236328,20.63500022888184,12105400
2011-07-18,14.270033836364746,20.405000686645508,20.540000915527344,20.15999984741211,20.44499969482422,10437600
2011-07-19,14.581242561340332,20.850000381469727,20.975000381469727,20.44499969482422,20.549999237060547,16830800
2011-07-20,14.612709999084473,20.895000457763672,21.125,20.850000381469727,20.850000381469727,13231200
2011-07-21,15.028816223144531,21.489999771118164,21.55500030517578,21.02499961853028,21.02499961853028,16810200
2011-07-22,15.109241485595703,21.604999542236328,21.7450008392334,21.405000686645508,21.51000022888184,12567400
2011-07-25,14.909930229187012,21.31999969482422,21.65999984741211,21.309999465942383,21.520000457763672,10383600
2011-07-26,14.742091178894045,21.07999992370605,21.38999938964844,21.01499938964844,21.229999542236328,14831600
2011-07-27,15.025322914123535,21.48500061035156,21.6299991607666,20.864999771118164,20.93000030517578,24871800
2011-07-28,15.095252990722656,21.584999084472656,21.739999771118164,21.375,21.44499969482422,14195800
2011-07-29,14.812017440795898,21.18000030517578,21.545000076293945,21.15999984741211,21.315000534057617,19094000
2011-08-01,14.518296241760254,20.76000022888184,21.475000381469727,20.61000061035156,21.295000076293945,16189600
2011-08-02,14.133663177490234,20.209999084472656,20.88500022888184,20.18000030517578,20.549999237060547,20053800
2011-08-03,13.892391204833984,19.864999771118164,20.27499961853028,19.424999237060547,20.27499961853028,24300600
2011-08-04,13.088150024414062,18.71500015258789,19.684999465942383,18.684999465942383,19.645000457763672,28618800
2011-08-05,13.20354175567627,18.8799991607666,19.145000457763672,18.4950008392334,18.854999542236328,29249200
2011-08-08,12.874847412109377,18.40999984741211,18.88500022888184,18.114999771118164,18.520000457763672,35305200
2011-08-09,13.336416244506836,19.06999969482422,19.09499931335449,18.075000762939453,18.63500022888184,33614800
2011-08-10,12.357342720031738,17.670000076293945,19.020000457763672,17.639999389648438,18.950000762939453,31104800
2011-08-11,12.892333984375,18.434999465942383,18.625,17.770000457763672,17.825000762939453,29225800
2011-08-12,13.088150024414062,18.71500015258789,18.790000915527344,18.27499961853028,18.530000686645508,16154400
2011-08-15,13.03219985961914,18.63500022888184,18.729999542236328,18.09000015258789,18.690000534057617,27790800
2011-08-16,13.58467960357666,19.424999237060547,19.540000915527344,18.61000061035156,18.63500022888184,25843200
2011-08-17,13.444811820983888,19.225000381469727,19.549999237060547,19.05500030517578,19.38500022888184,18721600
2011-08-18,13.039193153381348,18.645000457763672,18.920000076293945,18.475000381469727,18.69499969482422,19609400
2011-08-19,13.007726669311523,18.600000381469727,18.89999961853028,18.3700008392334,18.405000686645508,22590600
2011-08-22,13.231518745422363,18.920000076293945,19.200000762939453,18.780000686645508,18.959999084472656,17334000
2011-08-23,13.651123046875,19.520000457763672,19.52499961853028,18.815000534057617,18.905000686645508,17680800
2011-08-24,13.339908599853516,19.075000762939453,19.4950008392334,18.8700008392334,19.415000915527344,18478400
2011-08-25,13.308443069458008,19.030000686645508,19.21500015258789,18.905000686645508,19.114999771118164,12799800
2011-08-26,13.542722702026367,19.364999771118164,19.3799991607666,18.700000762939453,18.96999931335449,15702200
2011-08-29,13.913370132446287,19.895000457763672,19.89999961853028,19.30500030517578,19.5,11040600
2011-08-30,14.02176570892334,20.049999237060547,20.1299991607666,19.729999542236328,19.850000381469727,11102800
2011-08-31,13.944842338562012,19.940000534057617,20.145000457763672,19.77499961853028,20.104999542236328,11439600
2011-09-01,13.836440086364746,19.78499984741211,20.125,19.76000022888184,19.920000076293945,11961000
2011-09-02,13.574191093444824,19.40999984741211,19.75,19.39999961853028,19.5049991607666,9992200
2011-09-06,13.511249542236328,19.31999969482422,19.405000686645508,18.89999961853028,18.89999961853028,14887400
2011-09-07,13.916865348815918,19.89999961853028,19.905000686645508,19.434999465942383,19.57999992370605,11709000
2011-09-08,13.815463066101074,19.7549991607666,19.95499992370605,19.6200008392334,19.70499992370605,10644200
2011-09-09,13.221023559570312,18.905000686645508,19.63999938964844,18.790000915527344,19.565000534057617,17076200
2011-09-12,13.280468940734863,18.989999771118164,19.030000686645508,18.61000061035156,18.645000457763672,13594600
2011-09-13,13.360891342163086,19.104999542236328,19.15999984741211,18.825000762939453,19.020000457763672,10261200
2011-09-14,13.770014762878418,19.690000534057617,19.864999771118164,19.104999542236328,19.1299991607666,17877400
2011-09-15,13.92386245727539,19.90999984741211,19.959999084472656,19.59499931335449,19.89999961853028,11014600
2011-09-16,14.130166053771973,20.20499992370605,20.36000061035156,19.924999237060547,20.1299991607666,26279400
2011-09-19,14.004284858703612,20.02499961853028,20.1299991607666,19.82999992370605,20.075000762939453,12230800
2011-09-20,14.28052806854248,20.420000076293945,20.63999938964844,20.0049991607666,20.14999961853028,16424400
2011-09-21,13.871411323547363,19.834999084472656,20.44499969482422,19.815000534057617,20.34000015258789,12344400
2011-09-22,13.40635108947754,19.170000076293945,19.479999542236328,18.959999084472656,19.479999542236328,25886000
2011-09-23,13.437817573547363,19.21500015258789,19.309999465942383,18.790000915527344,19.030000686645508,16245200
2011-09-26,13.829449653625488,19.77499961853028,20.049999237060547,19.184999465942383,19.26499938964844,21927400
2011-09-27,14.004284858703612,20.02499961853028,20.14999961853028,19.76000022888184,20.1200008392334,19858000
2011-09-28,13.7000732421875,19.59000015258789,20.145000457763672,19.59000015258789,20.02499961853028,12052600
2011-09-29,13.724550247192385,19.625,19.98500061035156,19.26000022888184,19.850000381469727,9873400
2011-09-30,13.5671968460083,19.39999961853028,19.68000030517578,19.28499984741211,19.38999938964844,14526600
2011-10-03,13.221023559570312,18.905000686645508,19.559999465942383,18.89999961853028,19.39999961853028,16178400
2011-10-04,13.245505332946776,18.940000534057617,18.98500061035156,18.36000061035156,18.63500022888184,18709600
2011-10-05,13.689583778381348,19.575000762939453,19.57999992370605,18.8700008392334,19.040000915527344,15439400
2011-10-06,13.864416122436523,19.825000762939453,19.825000762939453,19.38999938964844,19.51000022888184,11489400
2011-10-07,13.745528221130373,19.655000686645508,19.84499931335449,19.39999961853028,19.81999969482422,12859800
2011-10-10,14.214088439941406,20.325000762939453,20.325000762939453,19.924999237060547,19.9950008392334,11119600
2011-10-11,13.8818998336792,19.850000381469727,20.459999084472656,19.77499961853028,20.299999237060547,12394400
2011-10-12,14.08820915222168,20.145000457763672,20.32999992370605,19.864999771118164,20.09000015258789,12611000
2011-10-13,14.210590362548828,20.31999969482422,20.36000061035156,20.030000686645508,20.059999465942383,9313600
2011-10-14,14.137161254882812,20.21500015258789,20.44499969482422,20.049999237060547,20.420000076293945,9589400
2011-10-17,13.93784523010254,19.93000030517578,20.309999465942383,19.86000061035156,20.11000061035156,12556200
2011-10-18,14.25255012512207,20.3799991607666,20.46500015258789,19.86000061035156,19.94499969482422,13520400
2011-10-19,14.266535758972168,20.39999961853028,20.65999984741211,20.280000686645508,20.424999237060547,12573000
2011-10-20,14.33996868133545,20.5049991607666,20.625,20.200000762939453,20.39999961853028,11986000
2011-10-21,14.500812530517578,20.73500061035156,20.89999961853028,20.565000534057617,20.69499969482422,14004800
2011-10-24,14.682647705078123,20.9950008392334,21.030000686645508,20.700000762939453,20.700000762939453,10429600
2011-10-25,14.357449531555176,20.530000686645508,21.040000915527344,20.5,20.799999237060547,11393600
2011-10-26,14.507810592651367,20.7450008392334,20.809999465942383,20.19499969482422,20.73500061035156,12352400
2011-10-27,14.724610328674316,21.05500030517578,21.09499931335449,20.7549991607666,20.979999542236328,14598000
2011-10-28,14.962385177612305,21.395000457763672,21.489999771118164,20.959999084472656,21.01000022888184,15350200
2011-10-31,14.567255020141602,20.82999992370605,21.225000381469727,20.82999992370605,21.190000534057617,13119200
2011-11-01,14.353955268859863,20.52499961853028,20.69499969482422,20.26000022888184,20.4950008392334,14630400
2011-11-02,14.346962928771973,20.51499938964844,20.75,20.350000381469727,20.700000762939453,12345600
2011-11-03,14.311997413635254,20.46500015258789,20.59000015258789,20.280000686645508,20.415000915527344,14466000
2011-11-04,14.238564491271973,20.36000061035156,20.520000457763672,20.059999465942383,20.295000076293945,10119600
2011-11-07,14.36444854736328,20.540000915527344,20.56999969482422,20.229999542236328,20.45499992370605,8725600
2011-11-08,14.413397789001465,20.61000061035156,20.65999984741211,20.364999771118164,20.600000381469727,9874600
2011-11-09,13.9413480758667,19.934999465942383,20.25,19.84499931335449,20.21999931335449,15155000
2011-11-10,14.042750358581545,20.07999992370605,20.13500022888184,19.780000686645508,20.040000915527344,11035200
2011-11-11,14.36444854736328,20.540000915527344,20.65999984741211,20.270000457763672,20.270000457763672,11062000
2011-11-14,14.147652626037598,20.229999542236328,20.565000534057617,20.184999465942383,20.559999465942383,8632600
2011-11-15,14.221080780029297,20.334999084472656,20.46500015258789,20.165000915527344,20.2450008392334,8392200
2011-11-16,14.049742698669434,20.09000015258789,20.38500022888184,20.049999237060547,20.200000762939453,10645600
2011-11-17,13.850430488586426,19.80500030517578,20.25,19.71999931335449,20.0049991607666,12989000
2011-11-18,13.944842338562012,19.940000534057617,20.06999969482422,19.655000686645508,19.725000381469727,12111000
2011-11-21,12.679036140441896,18.1299991607666,18.600000381469727,17.225000381469727,18.52499961853028,86777600
2011-11-22,13.553213119506836,19.3799991607666,19.48500061035156,18.280000686645508,18.290000915527344,61453800
2011-11-23,13.860916137695312,19.81999969482422,20.02499961853028,19.065000534057617,19.209999084472656,51863400
2011-11-25,13.735036849975586,19.63999938964844,20.040000915527344,19.63500022888184,19.70499992370605,15299400
2011-11-28,13.916865348815918,19.89999961853028,20.1200008392334,19.674999237060547,19.690000534057617,28682400
2011-11-29,13.731539726257324,19.63500022888184,20.0049991607666,19.614999771118164,19.88999938964844,21105800
2011-11-30,13.934353828430176,19.924999237060547,20.040000915527344,19.71500015258789,19.815000534057617,27184200
2011-12-01,13.871411323547363,19.834999084472656,20.045000076293945,19.725000381469727,19.834999084472656,20919800
2011-12-02,13.777000427246094,19.700000762939453,20.0049991607666,19.600000381469727,19.98500061035156,19180600
2011-12-05,14.039254188537598,20.075000762939453,20.09000015258789,19.5,19.84499931335449,33945400
2011-12-06,13.916865348815918,19.89999961853028,20.15999984741211,19.834999084472656,20.020000457763672,18594400
2011-12-07,13.78399658203125,19.709999084472656,19.895000457763672,19.700000762939453,19.84000015258789,17398600
2011-12-08,13.542722702026367,19.364999771118164,19.700000762939453,19.34000015258789,19.700000762939453,14505200
2011-12-09,13.640623092651367,19.5049991607666,19.7549991607666,19.46500015258789,19.51000022888184,11385800
2011-12-12,13.640623092651367,19.5049991607666,19.575000762939453,19.299999237060547,19.3799991607666,14944200
2011-12-13,13.493765830993652,19.295000076293945,19.614999771118164,19.26000022888184,19.375,15859600
2011-12-14,13.553213119506836,19.3799991607666,19.440000534057617,19.2450008392334,19.315000534057617,14750800
2011-12-15,13.458799362182615,19.2450008392334,19.559999465942383,19.229999542236328,19.5,13798800
2011-12-16,12.99373722076416,18.57999992370605,19.299999237060547,18.520000457763672,19.084999084472656,46339600
2011-12-19,13.102134704589844,18.73500061035156,18.98500061035156,18.489999771118164,18.575000762939453,16252000
2011-12-20,13.343408584594728,19.07999992370605,19.170000076293945,18.8799991607666,19.045000076293945,17307200
2011-12-21,13.58467960357666,19.424999237060547,19.434999465942383,19.040000915527344,19.100000381469727,11437600
2011-12-22,13.532235145568848,19.350000381469727,19.450000762939453,19.209999084472656,19.415000915527344,9562200
2011-12-23,13.738536834716797,19.645000457763672,19.665000915527344,19.3700008392334,19.46500015258789,8778600
2011-12-27,13.944842338562012,19.940000534057617,19.94499969482422,19.520000457763672,19.69499969482422,6503200
2011-12-28,13.948339462280272,19.94499969482422,20.100000381469727,19.825000762939453,19.950000762939453,12766200
2011-12-29,14.1826171875,20.280000686645508,20.28499984741211,19.8700008392334,19.924999237060547,12289600
2011-12-30,14.311997413635254,20.46500015258789,20.530000686645508,20.125,20.165000915527344,9839800
2012-01-03,14.63718605041504,20.93000030517578,20.9950008392334,20.674999237060547,20.729999542236328,19564000
2012-01-04,14.69313621520996,21.01000022888184,21.030000686645508,20.850000381469727,20.975000381469727,16236000
2012-01-05,14.867974281311035,21.26000022888184,21.48500061035156,21.0,21.020000457763672,18431800
2012-01-06,14.958884239196776,21.38999938964844,21.549999237060547,21.100000381469727,21.190000534057617,15542000
2012-01-09,14.94140338897705,21.364999771118164,21.4950008392334,21.174999237060547,21.2450008392334,16801200
2012-01-10,15.472898483276367,22.125,22.520000457763672,21.46999931335449,21.549999237060547,30110000
2012-01-11,15.525350570678713,22.200000762939453,22.299999237060547,21.88999938964844,22.030000686645508,15471000
2012-01-12,15.700185775756836,22.450000762939453,22.48500061035156,21.98500061035156,22.190000534057617,15342400
2012-01-13,15.696688652038574,22.44499969482422,22.4950008392334,22.0,22.28499984741211,18483000
2012-01-17,16.175735473632812,23.1299991607666,23.25,22.434999465942383,22.5,24215200
2012-01-18,16.612825393676758,23.7549991607666,23.77499961853028,23.049999237060547,23.15999984741211,26292400
2012-01-19,16.50792121887207,23.604999542236328,23.739999771118164,23.395000457763672,23.63999938964844,24058000
2012-01-20,16.588346481323242,23.71999931335449,23.729999542236328,23.415000915527344,23.56999969482422,14076000
2012-01-23,16.563867568969727,23.684999465942383,23.71999931335449,23.51000022888184,23.56999969482422,15997800
2012-01-24,16.668764114379883,23.834999084472656,23.93000030517578,23.53499984741211,23.65999984741211,15147400
2012-01-25,16.885568618774414,24.145000457763672,24.239999771118164,23.71500015258789,23.71500015258789,15804800
2012-01-26,16.990468978881836,24.295000076293945,24.38999938964844,23.924999237060547,24.28499984741211,18193200
2012-01-27,17.035924911499023,24.36000061035156,24.4950008392334,24.165000915527344,24.290000915527344,16363800
2012-01-30,17.011449813842773,24.325000762939453,24.44499969482422,24.0,24.239999771118164,14153400
2012-01-31,17.08487892150879,24.43000030517578,24.440000534057617,24.184999465942383,24.225000381469727,13315800
2012-02-01,17.186281204223633,24.575000762939453,24.700000762939453,24.434999465942383,24.52499961853028,19617600
2012-02-02,17.242231369018555,24.655000686645508,24.815000534057617,24.184999465942383,24.559999465942383,17363600
2012-02-03,19.12694931030273,27.350000381469727,27.450000762939453,26.5,26.70499992370605,75343200
2012-02-06,19.592012405395508,28.01499938964844,28.25,27.1200008392334,27.14999961853028,37824600
2012-02-07,19.259828567504883,27.540000915527344,27.940000534057617,27.32999992370605,27.600000381469727,27495600
2012-02-08,18.97659111022949,27.13500022888184,27.450000762939453,26.915000915527344,27.280000686645508,23592000
2012-02-09,18.78777313232422,26.864999771118164,27.19499969482422,26.770000457763672,27.19499969482422,15745800
2012-02-10,18.794761657714844,26.875,26.979999542236328,26.709999084472656,26.795000076293945,14493000
2012-02-13,19.196887969970703,27.450000762939453,27.48500061035156,26.86000061035156,26.88999938964844,14034800
2012-02-14,19.0779972076416,27.280000686645508,27.450000762939453,27.07999992370605,27.13500022888184,14643000
2012-02-15,19.16890525817871,27.40999984741211,27.45499992370605,27.03499984741211,27.450000762939453,12190800
2012-02-16,19.165424346923828,27.405000686645508,27.625,27.2549991607666,27.48500061035156,17269800
2012-02-17,16.434492111206055,23.5,23.940000534057617,22.799999237060547,23.0,124983800
2012-02-21,15.626751899719238,22.34499931335449,23.375,22.295000076293945,23.27499961853028,38854000
2012-02-22,15.570806503295898,22.26499938964844,22.51000022888184,21.905000686645508,22.104999542236328,36038400
2012-02-23,15.787609100341797,22.575000762939453,22.65999984741211,22.184999465942383,22.45499992370605,22631200
2012-02-24,15.82607078552246,22.6299991607666,22.75,22.32999992370605,22.700000762939453,13753400
2012-02-27,15.801591873168944,22.59499931335449,22.655000686645508,22.38500022888184,22.5,15203600
2012-02-28,16.084823608398438,23.0,23.20499992370605,22.565000534057617,22.64999961853028,17867800
2012-02-29,15.92397689819336,22.770000457763672,23.11000061035156,22.700000762939453,22.94499969482422,18379000
2012-03-01,16.298126220703125,23.30500030517578,23.32999992370605,22.8799991607666,22.950000762939453,16514800
2012-03-02,16.430994033813477,23.4950008392334,23.63999938964844,23.13999938964844,23.3700008392334,15709000
2012-03-05,16.16524314880371,23.114999771118164,23.56999969482422,22.975000381469727,23.479999542236328,13825600
2012-03-06,16.042861938476562,22.940000534057617,23.084999084472656,22.690000534057617,22.790000915527344,18648000
2012-03-07,15.902995109558104,22.739999771118164,22.959999084472656,22.39999961853028,22.934999465942383,15951600
2012-03-08,16.270145416259766,23.26499938964844,23.48500061035156,22.84499931335449,22.88999938964844,13422000
2012-03-09,16.11629295349121,23.045000076293945,23.30500030517578,22.959999084472656,23.295000076293945,11584000
2012-03-12,16.14077377319336,23.07999992370605,23.27499961853028,22.9950008392334,23.15999984741211,8289400
2012-03-13,16.368057250976562,23.405000686645508,23.415000915527344,22.815000534057617,23.170000076293945,14249800
2012-03-14,16.31561279296875,23.32999992370605,23.45499992370605,23.200000762939453,23.405000686645508,10575400
2012-03-15,16.49043846130371,23.57999992370605,23.600000381469727,23.31999969482422,23.46500015258789,12254600
2012-03-16,16.34008026123047,23.364999771118164,23.684999465942383,23.290000915527344,23.489999771118164,17104600
2012-03-19,16.458969116210938,23.53499984741211,23.614999771118164,23.165000915527344,23.27499961853028,7009200
2012-03-20,16.406517028808594,23.459999084472656,23.530000686645508,23.31999969482422,23.51000022888184,11708800
2012-03-21,16.189725875854492,23.14999961853028,23.520000457763672,23.09000015258789,23.520000457763672,8691600
2012-03-22,16.30510902404785,23.315000534057617,23.36000061035156,22.875,22.979999542236328,9333000
2012-03-23,16.382041931152344,23.424999237060547,23.5,23.03499984741211,23.420000076293945,10342600
2012-03-26,16.511415481567383,23.61000061035156,23.6299991607666,23.34000015258789,23.5,11661800
2012-03-27,16.570858001708984,23.69499969482422,23.854999542236328,23.559999465942383,23.709999084472656,9534800
2012-03-28,16.56736946105957,23.690000534057617,23.8799991607666,23.46500015258789,23.725000381469727,10210400
2012-03-29,16.703737258911133,23.88500022888184,23.98500061035156,23.540000915527344,23.600000381469727,11387200
2012-03-30,17.08487892150879,24.43000030517578,24.489999771118164,23.96500015258789,24.0,14474600
2012-04-02,17.056907653808594,24.38999938964844,24.405000686645508,23.915000915527344,24.354999542236328,14014200
2012-04-03,16.819129943847656,24.049999237060547,24.43000030517578,23.73500061035156,24.270000457763672,17569600
2012-04-04,16.500926971435547,23.59499931335449,23.94499969482422,22.77499961853028,23.94499969482422,35547200
2012-04-05,16.700239181518555,23.8799991607666,23.940000534057617,23.5,23.51499938964844,16543000
2012-04-09,16.291128158569336,23.295000076293945,23.70499992370605,23.28499984741211,23.350000381469727,11947400
2012-04-10,16.004398345947266,22.88500022888184,23.309999465942383,22.834999084472656,23.20499992370605,14541200
2012-04-11,15.882012367248535,22.709999084472656,23.25,22.665000915527344,23.06999969482422,13153200
2012-04-12,15.986913681030272,22.86000061035156,23.020000457763672,22.700000762939453,22.795000076293945,12839200
2012-04-13,15.91348361968994,22.7549991607666,23.075000762939453,22.73500061035156,22.88999938964844,12426000
2012-04-16,16.035865783691406,22.93000030517578,23.0,22.69499969482422,22.77499961853028,9391400
2012-04-17,16.322593688964844,23.34000015258789,23.459999084472656,23.05500030517578,23.104999542236328,9166200
2012-04-18,16.298126220703125,23.30500030517578,23.565000534057617,23.170000076293945,23.31999969482422,11502400
2012-04-19,18.2702579498291,26.125,27.375,25.799999237060547,27.225000381469727,72033400
2012-04-20,17.83316993713379,25.5,26.26499938964844,25.21500015258789,26.114999771118164,29794800
2012-04-23,17.976533889770508,25.70499992370605,25.950000762939453,25.200000762939453,25.2549991607666,16151800
2012-04-24,18.30871963500977,26.18000030517578,26.18000030517578,25.65999984741211,25.709999084472656,14329600
2012-04-25,18.38215446472168,26.28499984741211,26.290000915527344,25.834999084472656,26.23500061035156,12612800
2012-04-26,18.43460464477539,26.36000061035156,26.395000457763672,26.020000457763672,26.13500022888184,13356800
2012-04-27,18.238794326782227,26.07999992370605,26.625,25.854999542236328,26.25,11804600
2012-04-30,18.18983459472656,26.01000022888184,26.239999771118164,25.82999992370605,26.0,10283400
2012-05-01,17.987024307250977,25.71999931335449,25.989999771118164,25.645000457763672,25.975000381469727,12372600
2012-05-02,18.1408805847168,25.940000534057617,26.030000686645508,25.5,25.70499992370605,11708800
2012-05-03,17.969541549682617,25.69499969482422,26.059999465942383,25.565000534057617,25.979999542236328,9558400
2012-05-04,17.577913284301758,25.13500022888184,25.545000076293945,25.09499931335449,25.43000030517578,12764800
2012-05-07,17.44853401184082,24.950000762939453,25.155000686645508,24.88999938964844,25.065000534057617,11738400
2012-05-08,17.294675827026367,24.729999542236328,24.95499992370605,24.46500015258789,24.75,16516600
2012-05-09,17.707294464111328,25.31999969482422,25.395000457763672,24.64999961853028,25.0,17594000
2012-05-10,17.92058753967285,25.625,25.68000030517578,25.38999938964844,25.440000534057617,13056600
2012-05-11,18.12689208984375,25.920000076293945,26.1200008392334,25.59499931335449,26.1200008392334,19139800
2012-05-14,18.34368896484375,26.229999542236328,26.530000686645508,25.625,25.825000762939453,18509400
2012-05-15,18.13738441467285,25.934999465942383,26.18000030517578,25.834999084472656,26.155000686645508,12099400
2012-05-16,18.035978317260746,25.790000915527344,26.05500030517578,25.78499984741211,25.924999237060547,13440000
2012-05-17,17.518470764160156,25.049999237060547,25.895000457763672,25.049999237060547,25.77499961853028,16547400
2012-05-18,17.4625244140625,24.96999931335449,25.190000534057617,24.854999542236328,25.190000534057617,15807800
2012-05-21,17.794713973999023,25.44499969482422,25.459999084472656,25.0,25.01499938964844,11385800
2012-05-22,17.64784812927246,25.23500061035156,25.46999931335449,25.104999542236328,25.46500015258789,8592200
2012-05-23,17.553438186645508,25.100000381469727,25.20499992370605,24.875,25.11000061035156,9576000
2012-05-24,17.700294494628906,25.309999465942383,25.354999542236328,25.01000022888184,25.065000534057617,5950000
2012-05-25,17.654836654663086,25.2450008392334,25.3799991607666,25.09000015258789,25.3700008392334,5765200
2012-05-29,17.819183349609375,25.479999542236328,25.559999465942383,25.25,25.424999237060547,9108000
2012-05-30,17.658334732055664,25.25,25.415000915527344,25.09000015258789,25.31999969482422,11467600
2012-05-31,17.466018676757812,24.975000381469727,25.2549991607666,24.799999237060547,25.19499969482422,13342600
2012-06-01,17.0184383392334,24.334999084472656,24.799999237060547,24.18000030517578,24.700000762939453,11261000
2012-06-04,17.207256317138672,24.604999542236328,24.700000762939453,24.23500061035156,24.334999084472656,9012200
2012-06-05,16.962495803833008,24.2549991607666,24.600000381469727,24.1200008392334,24.5,13695600
2012-06-06,17.21076202392578,24.61000061035156,24.69499969482422,24.26000022888184,24.280000686645508,8403600
2012-06-07,17.133832931518555,24.5,24.94499969482422,24.5,24.875,7104400
2012-06-08,17.35761833190918,24.81999969482422,24.90999984741211,24.40999984741211,24.450000762939453,7522000
2012-06-11,17.322654724121094,24.770000457763672,24.950000762939453,24.71999931335449,24.81999969482422,8479400
2012-06-12,17.28069496154785,24.709999084472656,24.809999465942383,24.39999961853028,24.71500015258789,7200600
2012-06-13,17.175792694091797,24.559999465942383,25.125,24.545000076293945,24.7450008392334,9520400
2012-06-14,17.514970779418945,25.045000076293945,25.07999992370605,24.604999542236328,24.665000915527344,12478400
2012-06-15,17.584901809692383,25.145000457763672,25.190000534057617,24.96500015258789,25.03499984741211,14875000
2012-06-18,17.556934356689453,25.104999542236328,25.239999771118164,24.96500015258789,25.174999237060547,8566000
2012-06-19,17.738754272460938,25.364999771118164,25.52499961853028,25.125,25.184999465942383,8924400
2012-06-20,17.756242752075195,25.38999938964844,25.604999542236328,25.184999465942383,25.424999237060547,8195000
2012-06-21,17.455533981323242,24.959999084472656,25.665000915527344,24.920000076293945,25.479999542236328,10058800
2012-06-22,17.665328979492188,25.26000022888184,25.334999084472656,24.825000762939453,24.94499969482422,11571400
2012-06-25,17.58140754699707,25.13999938964844,25.26000022888184,24.90999984741211,25.13500022888184,9848800
2012-06-26,17.61288070678711,25.184999465942383,25.309999465942383,25.049999237060547,25.125,6064400
2012-06-27,17.92058753967285,25.625,25.670000076293945,25.18000030517578,25.18000030517578,6772800
2012-06-28,17.49748420715332,25.020000457763672,25.600000381469727,24.8700008392334,25.57999992370605,10368000
2012-06-29,17.93107795715332,25.63999938964844,25.68000030517578,25.21500015258789,25.56999969482422,10835600
2012-07-02,18.053464889526367,25.815000534057617,25.834999084472656,25.4950008392334,25.59499931335449,7177800
2012-07-03,18.210811614990234,26.040000915527344,26.049999237060547,25.68000030517578,25.76499938964844,3587200
2012-07-05,17.994022369384766,25.729999542236328,26.075000762939453,25.670000076293945,26.01499938964844,6372600
2012-07-06,17.819183349609375,25.479999542236328,25.864999771118164,25.3799991607666,25.73500061035156,6565800
2012-07-09,18.008005142211914,25.75,25.76000022888184,25.43000030517578,25.55500030517578,6679800
2012-07-10,18.042972564697266,25.799999237060547,26.05500030517578,25.709999084472656,25.95499992370605,9118400
2012-07-11,17.717775344848633,25.334999084472656,25.424999237060547,25.02499961853028,25.200000762939453,18216400
2012-07-12,17.71428108215332,25.32999992370605,25.440000534057617,24.799999237060547,25.075000762939453,9989600
2012-07-13,17.892614364624023,25.584999084472656,25.6299991607666,25.2549991607666,25.27499961853028,7181600
2012-07-16,18.16186141967773,25.96999931335449,25.96999931335449,25.44499969482422,25.59499931335449,7247600
2012-07-17,18.47307014465332,26.415000915527344,26.489999771118164,26.0,26.2450008392334,11474600
2012-07-18,18.58496856689453,26.575000762939453,26.64999961853028,26.2450008392334,26.43000030517578,8496600
2012-07-19,18.79826545715332,26.8799991607666,27.01000022888184,26.424999237060547,26.575000762939453,10491600
2012-07-20,18.560489654541016,26.540000915527344,27.0,26.51499938964844,26.84000015258789,12412400
2012-07-23,18.14437484741211,25.94499969482422,26.19499969482422,25.834999084472656,26.19499969482422,8093000
2012-07-24,17.868135452270508,25.549999237060547,25.989999771118164,25.46999931335449,25.975000381469727,13031000
2012-07-25,17.899606704711914,25.59499931335449,25.71999931335449,25.395000457763672,25.604999542236328,6873800
2012-07-26,18.07094955444336,25.84000015258789,26.07999992370605,25.520000457763672,25.96999931335449,10841200
2012-07-27,19.406688690185547,27.75,27.795000076293945,26.809999465942383,26.979999542236328,28110600
2012-07-30,19.445152282714844,27.80500030517578,28.020000457763672,27.71500015258789,27.75,14145800
2012-07-31,18.99756622314453,27.165000915527344,27.84000015258789,27.15999984741211,27.43000030517578,13024600
2012-08-01,18.7528076171875,26.815000534057617,27.299999237060547,26.75,27.225000381469727,13132600
2012-08-02,20.03260040283203,28.645000457763672,29.420000076293945,28.01499938964844,28.950000762939453,58864400
2012-08-03,19.88573455810547,28.434999465942383,29.26000022888184,28.38999938964844,28.940000534057617,17163400
2012-08-06,20.15497779846192,28.81999969482422,28.864999771118164,28.3700008392334,28.475000381469727,11487000
2012-08-07,20.12351417541504,28.77499961853028,28.875,28.450000762939453,28.684999465942383,8351200
2012-08-08,19.86825180053711,28.40999984741211,28.63500022888184,28.25,28.489999771118164,8649200
2012-08-09,19.896224975585938,28.450000762939453,28.63999938964844,28.2549991607666,28.290000915527344,7932200
2012-08-10,19.850765228271484,28.38500022888184,28.46500015258789,28.23500061035156,28.434999465942383,6476400
2012-08-13,19.80181121826172,28.315000534057617,28.334999084472656,28.155000686645508,28.209999084472656,6270600
2012-08-14,20.13050079345703,28.78499984741211,28.90999984741211,28.38500022888184,28.489999771118164,11102400
2012-08-15,20.270376205444336,28.98500061035156,29.05500030517578,28.64999961853028,28.82999992370605,8732200
2012-08-16,19.822790145874023,28.34499931335449,29.0,28.155000686645508,28.46500015258789,19966000
2012-08-17,19.84377670288086,28.375,28.625,28.07999992370605,28.46500015258789,13487200
2012-08-20,19.75286102294922,28.2450008392334,28.434999465942383,27.93000030517578,28.40999984741211,7036800
2012-08-21,19.86825180053711,28.40999984741211,28.479999542236328,28.145000457763672,28.25,8147200
2012-08-22,19.749366760253903,28.239999771118164,28.549999237060547,28.229999542236328,28.299999237060547,7431400
2012-08-23,19.59900665283203,28.02499961853028,28.36000061035156,28.01499938964844,28.26000022888184,7086600
2012-08-24,20.03260040283203,28.645000457763672,28.799999237060547,28.06999969482422,28.13999938964844,12176600
2012-08-27,19.99762916564941,28.59499931335449,28.739999771118164,28.170000076293945,28.684999465942383,6233600
2012-08-28,20.1514835357666,28.815000534057617,29.125,28.76499938964844,28.78499984741211,10713400
2012-08-29,20.19694328308105,28.8799991607666,29.0049991607666,28.68000030517578,28.825000762939453,8791400
2012-08-30,20.109519958496094,28.7549991607666,28.95499992370605,28.614999771118164,28.834999084472656,7308600
2012-08-31,20.17246055603028,28.84499931335449,29.045000076293945,28.63999938964844,28.84000015258789,6114600
2012-09-04,20.28436279296875,29.0049991607666,29.1299991607666,28.51000022888184,28.7549991607666,9283000
2012-09-05,20.434715270996094,29.21999931335449,29.549999237060547,28.850000381469727,28.940000534057617,16491600
2012-09-06,20.801870346069336,29.7450008392334,29.76499938964844,29.3799991607666,29.405000686645508,13525600
2012-09-07,20.7214412689209,29.6299991607666,29.84499931335449,29.364999771118164,29.799999237060547,8119600
2012-09-10,20.86131477355957,29.82999992370605,29.950000762939453,29.51499938964844,29.61000061035156,11183800
2012-09-11,20.73892974853516,29.655000686645508,29.950000762939453,29.584999084472656,29.75,7886800
2012-09-12,20.892786026000977,29.875,29.950000762939453,29.725000381469727,29.770000457763672,11742200
2012-09-13,21.064117431640625,30.1200008392334,30.28499984741211,29.76000022888184,29.84499931335449,11020200
2012-09-14,21.6865348815918,31.01000022888184,31.32999992370605,30.0,30.084999084472656,29969600
2012-09-17,23.00828742980957,32.900001525878906,33.1349983215332,30.95499992370605,30.959999084472656,42983200
2012-09-18,23.347469329833984,33.3849983215332,33.775001525878906,32.560001373291016,32.6349983215332,37150800
2012-09-19,23.50132942199707,33.60499954223633,33.64500045776367,33.32500076293945,33.599998474121094,25121800
2012-09-20,23.53978729248047,33.65999984741211,33.70000076293945,33.029998779296875,33.415000915527344,17487600
2012-09-21,23.69364356994629,33.880001068115234,33.994998931884766,33.619998931884766,33.67499923706055,17886200
2012-09-24,23.48384475708008,33.58000183105469,33.744998931884766,33.290000915527344,33.349998474121094,10118600
2012-09-25,23.529294967651367,33.64500045776367,34.040000915527344,33.59000015258789,33.599998474121094,15775400
2012-09-26,23.09920692443848,33.029998779296875,33.935001373291016,32.88999938964844,33.52000045776367,16877000
2012-09-27,23.30200386047364,33.31999969482422,33.54499816894531,32.93000030517578,33.060001373291016,16017800
2012-09-28,23.1936149597168,33.165000915527344,33.30500030517578,32.79499816894531,33.23500061035156,12538000
2012-10-01,23.581750869750977,33.720001220703125,34.13999938964844,33.43000030517578,33.744998931884766,15170200
2012-10-02,24.19017219543457,34.59000015258789,34.744998931884766,33.849998474121094,33.8849983215332,27254000
2012-10-03,24.47690200805664,35.0,35.19499969482422,34.685001373291016,34.80500030517578,24339800
2012-10-04,24.36151885986328,34.834999084472656,35.16999816894531,34.55500030517578,35.0,20828600
2012-10-05,24.2775936126709,34.71500015258789,35.14500045776367,34.625,34.959999084472656,14542800
2012-10-08,24.41046714782715,34.904998779296875,35.154998779296875,34.79999923706055,34.849998474121094,9106000
2012-10-09,24.05031013488769,34.38999938964844,34.86000061035156,34.369998931884766,34.7599983215332,11406000
2012-10-10,23.6481876373291,33.814998626708984,34.619998931884766,33.75,34.474998474121094,18745000
2012-10-11,23.73210906982422,33.935001373291016,34.38999938964844,33.880001068115234,33.91999816894531,10018000
2012-10-12,23.756580352783203,33.970001220703125,34.349998474121094,33.8650016784668,34.20500183105469,6930000
2012-10-15,23.53978729248047,33.65999984741211,34.595001220703125,33.189998626708984,34.16999816894531,27701200
2012-10-16,23.910430908203125,34.189998626708984,34.25,33.724998474121094,33.814998626708984,12432000
2012-10-17,24.323047637939453,34.779998779296875,34.88999938964844,34.07500076293945,34.20000076293945,10334000
2012-10-18,23.878969192504883,34.14500045776367,34.564998626708984,34.10499954223633,34.40999984741211,14188800
2012-10-19,23.28452682495117,33.29499816894531,34.314998626708984,33.18000030517578,34.13999938964844,13346200
2012-10-22,23.211095809936523,33.189998626708984,33.44499969482422,32.88999938964844,33.29499816894531,9963000
2012-10-23,22.697084426879883,32.45500183105469,33.2400016784668,32.20000076293945,32.935001373291016,16187000
2012-10-24,23.89645195007324,34.16999816894531,34.79999923706055,33.779998779296875,34.345001220703125,24662000
2012-10-25,23.560766220092773,33.689998626708984,34.6150016784668,33.665000915527344,34.25,11959600
2012-10-26,23.45237159729004,33.53499984741211,34.165000915527344,33.25,33.61000061035156,11624200
2012-10-31,23.49083709716797,33.59000015258789,34.369998931884766,33.334999084472656,33.84000015258789,10130400
2012-11-01,23.60273170471192,33.75,34.17499923706055,33.53499984741211,33.849998474121094,8702600
2012-11-02,23.431396484375,33.505001068115234,33.849998474121094,33.22999954223633,33.849998474121094,11575600
2012-11-05,23.441883087158203,33.52000045776367,33.64500045776367,32.869998931884766,33.38999938964844,7289400
2012-11-06,23.592235565185547,33.73500061035156,33.97999954223633,33.29999923706055,33.584999084472656,6264800
2012-11-07,22.88590812683105,32.724998474121094,33.61000061035156,32.665000915527344,33.48500061035156,13579200
2012-11-08,22.676101684570312,32.42499923706055,32.7400016784668,32.06999969482422,32.59000015258789,18285600
2012-11-09,22.7320499420166,32.505001068115234,33.17499923706055,32.2599983215332,32.30500030517578,18081600
2012-11-12,25.85110282897949,36.96500015258789,37.16999816894531,35.790000915527344,36.15499877929688,61555000
2012-11-13,25.417516708374023,36.345001220703125,37.7400016784668,36.275001525878906,37.1349983215332,37446600
2012-11-14,25.277647018432617,36.14500045776367,36.959999084472656,36.0,36.28499984741211,23384000
2012-11-15,25.487449645996094,36.44499969482422,36.53499984741211,35.55500030517578,36.025001525878906,16891800
2012-11-16,26.015453338623047,37.20000076293945,37.459999084472656,36.40999984741211,36.51499938964844,26510400
2012-11-19,26.16231918334961,37.40999984741211,37.619998931884766,36.880001068115234,37.36000061035156,18330000
2012-11-20,26.508487701416016,37.90499877929688,38.05500030517578,37.31499862670898,37.43999862670898,15283400
2012-11-21,26.417573928833008,37.775001525878906,37.994998931884766,37.38999938964844,37.869998931884766,8267400
2012-11-23,26.616886138916016,38.060001373291016,38.13999938964844,37.79999923706055,37.810001373291016,4055600
2012-11-26,26.38960266113281,37.73500061035156,37.92499923706055,37.34000015258789,37.81999969482422,10464400
2012-11-27,26.102872848510746,37.32500076293945,37.915000915527344,37.05500030517578,37.30500030517578,11027400
2012-11-28,26.183290481567383,37.43999862670898,37.47499847412109,36.5099983215332,37.275001525878906,10486400
2012-11-29,26.330150604248047,37.650001525878906,37.8849983215332,37.275001525878906,37.625,7691600
2012-11-30,26.225255966186523,37.5,37.78499984741211,37.30500030517578,37.68999862670898,8630200
2012-12-03,26.0888786315918,37.30500030517578,37.86000061035156,37.22499847412109,37.48500061035156,9308600
2012-12-04,25.93153190612793,37.08000183105469,37.92499923706055,37.05500030517578,37.630001068115234,10630800
2012-12-05,26.06439971923828,37.27000045776367,37.56499862670898,36.875,37.55500030517578,9700400
2012-12-06,25.809144973754883,36.90499877929688,37.45000076293945,36.834999084472656,37.415000915527344,12606000
2012-12-07,25.847606658935547,36.959999084472656,37.09000015258789,36.65999984741211,36.84999847412109,7619400
2012-12-10,25.96300506591797,37.125,37.35499954223633,36.9900016784668,37.125,8242000
2012-12-11,26.69380569458008,38.16999816894531,38.380001068115234,37.26499938964844,37.36000061035156,18427200
2012-12-12,26.65534782409668,38.1150016784668,38.560001373291016,38.03499984741211,38.185001373291016,11670200
2012-12-13,26.144832611083984,37.3849983215332,38.21500015258789,37.2400016784668,37.9900016784668,11188000
2012-12-14,25.959510803222656,37.119998931884766,37.34999847412109,36.72999954223633,37.34999847412109,9999400
2012-12-17,26.386091232299805,37.72999954223633,37.73500061035156,36.744998931884766,37.244998931884766,10991000
2012-12-18,26.52247810363769,37.92499923706055,38.310001373291016,37.58000183105469,37.8849983215332,8140600
2012-12-19,26.137836456298828,37.375,38.04499816894531,37.32500076293945,38.04499816894531,7224400
2012-12-20,25.75669479370117,36.83000183105469,37.525001525878906,36.744998931884766,37.47999954223633,9788800
2012-12-21,25.448989868164062,36.38999938964844,36.91999816894531,36.06499862670898,36.435001373291016,15813200
2012-12-24,25.40703773498535,36.33000183105469,36.4900016784668,36.220001220703125,36.27000045776367,2914400
2012-12-26,25.34408569335937,36.2400016784668,36.52000045776367,36.0,36.375,3927200
2012-12-27,25.386043548583984,36.29999923706055,36.67499923706055,35.68000030517578,36.2400016784668,8359200
2012-12-28,25.30911636352539,36.18999862670898,36.48500061035156,35.88999938964844,36.03499984741211,6763800
2012-12-31,25.68326568603516,36.72499847412109,36.86000061035156,35.85499954223633,36.125,8548000
2013-01-02,26.24623107910156,37.52999877929688,37.52999877929688,36.935001373291016,37.15499877929688,7941800
2013-01-03,26.207767486572266,37.47499847412109,37.92499923706055,37.369998931884766,37.55500030517578,5965400
2013-01-04,26.477020263671875,37.86000061035156,38.025001525878906,37.42499923706055,37.59999847412109,7126200
2013-01-07,26.88263511657715,38.43999862670898,38.540000915527344,38.09999847412109,38.44499969482422,7948400
2013-01-08,27.06447029113769,38.70000076293945,39.20500183105469,38.40499877929688,38.40999984741211,13371400
2013-01-09,27.22881507873535,38.935001373291016,38.93999862670898,38.459999084472656,38.72999954223633,8257400
2013-01-10,27.25328254699707,38.970001220703125,39.29499816894531,38.47999954223633,39.04499816894531,8277000
2013-01-11,27.30224609375,39.040000915527344,39.23500061035156,38.68000030517578,39.04499816894531,8262400
2013-01-14,27.19383811950684,38.8849983215332,39.25,38.744998931884766,39.220001220703125,9162200
2013-01-15,27.05048370361328,38.68000030517578,39.17499923706055,38.540000915527344,38.70500183105469,9326800
2013-01-16,26.98402976989746,38.584999084472656,38.72499847412109,38.29499816894531,38.650001525878906,10416000
2013-01-17,27.109920501708984,38.76499938964844,39.04999923706055,38.30500030517578,38.69499969482422,8848400
2013-01-18,27.372175216674805,39.13999938964844,39.15999984741211,38.70000076293945,38.775001525878906,9848400
2013-01-22,27.242795944213867,38.95500183105469,39.34000015258789,38.744998931884766,39.290000915527344,8020800
2013-01-23,26.8686466217041,38.41999816894531,39.09000015258789,38.27000045776367,38.935001373291016,8987600
2013-01-24,27.41413688659668,39.20000076293945,39.375,38.54499816894531,38.650001525878906,11185800
2013-01-25,27.74980926513672,39.68000030517578,39.685001373291016,39.185001373291016,39.20000076293945,18244800
2013-01-28,27.58197593688965,39.43999862670898,40.18999862670898,39.209999084472656,40.060001373291016,5978900
2013-01-29,27.903669357299805,39.900001525878906,40.02000045776367,39.290000915527344,39.34000015258789,8439600
2013-01-30,27.86870765686035,39.84999847412109,40.38999938964844,39.650001525878906,39.970001220703125,7279700
2013-01-31,27.588966369628903,39.45000076293945,39.81999969482422,39.2400016784668,39.75,7956200
2013-02-01,28.365234375,40.560001373291016,41.13999938964844,39.93999862670898,40.16999816894531,13030400
2013-02-04,27.68687057495117,39.59000015258789,40.900001525878906,39.5099983215332,40.709999084472656,12765200
2013-02-05,28.351242065429688,40.540000915527344,41.34000015258789,40.150001525878906,40.150001525878906,11527200
2013-02-06,27.910663604736328,39.90999984741211,40.619998931884766,39.54999923706055,40.61000061035156,11644000
2013-02-07,28.22535896301269,40.36000061035156,40.459999084472656,39.47999954223633,39.77999877929688,11699400
2013-02-08,28.60300636291504,40.900001525878906,41.27000045776367,40.150001525878906,40.31999969482422,8968800
2013-02-11,28.25334358215332,40.400001525878906,41.0099983215332,40.15999984741211,40.900001525878906,11061800
2013-02-12,28.55405616760254,40.83000183105469,40.95000076293945,40.29999923706055,40.459999084472656,9791000
2013-02-13,28.95267868041992,41.400001525878906,41.5099983215332,40.83000183105469,40.959999084472656,7962700
2013-02-14,29.092544555664062,41.59999847412109,41.75,41.11000061035156,41.18000030517578,8687400
2013-02-15,29.092544555664062,41.59999847412109,41.709999084472656,41.29999923706055,41.45000076293945,8020500
2013-02-19,29.568099975585938,42.27999877929688,43.040000915527344,42.060001373291016,42.25,11548300
2013-02-20,29.288354873657227,41.880001068115234,42.84000015258789,41.880001068115234,42.5099983215332,9391800
2013-02-21,29.05057716369629,41.540000915527344,41.84999847412109,41.18000030517578,41.81999969482422,9769500
2013-02-22,29.68699073791504,42.45000076293945,42.4900016784668,41.59999847412109,41.65999984741211,6138700
2013-02-25,29.43522834777832,42.09000015258789,43.34999847412109,42.060001373291016,42.77000045776367,9560900
2013-02-26,29.54712104797364,42.25,42.41999816894531,41.68999862670898,42.13999938964844,7196000
2013-02-27,29.994691848754883,42.88999938964844,43.290000915527344,42.08000183105469,42.38999938964844,7986000
2013-02-28,29.87580108642578,42.720001220703125,43.18000030517578,42.709999084472656,43.02999877929688,10104200
2013-03-01,30.38632583618164,43.45000076293945,43.5,42.380001068115234,42.630001068115234,11294500
2013-03-04,30.68004608154297,43.869998931884766,43.880001068115234,43.18000030517578,43.52999877929688,8814000
2013-03-05,31.484281539916992,45.02000045776367,45.58000183105469,44.34999847412109,44.34999847412109,15086800
2013-03-06,31.75004196166992,45.400001525878906,45.45000076293945,44.63999938964844,45.22999954223633,8542200
2013-03-07,31.43532371520996,44.95000076293945,45.20000076293945,44.5099983215332,45.09999847412109,9176500
2013-03-08,31.771020889282227,45.43000030517578,45.54999923706055,44.5099983215332,45.2400016784668,6885100
2013-03-11,32.127685546875,45.93999862670898,45.95000076293945,45.18000030517578,45.4900016784668,7298000
2013-03-12,32.295528411865234,46.18000030517578,46.369998931884766,45.52999877929688,45.970001220703125,9915900
2013-03-13,32.07872772216797,45.869998931884766,46.150001525878906,45.61000061035156,46.150001525878906,6112100
2013-03-14,32.085723876953125,45.880001068115234,46.13999938964844,45.68000030517578,45.900001525878906,8979700
2013-03-15,31.589187622070312,45.16999816894531,46.0,44.959999084472656,45.810001373291016,14207400
2013-03-18,31.33043670654297,44.79999923706055,45.0099983215332,44.09999847412109,44.7400016784668,9084200
2013-03-19,31.03671836853028,44.380001068115234,45.0,43.77999877929688,44.810001373291016,9059300
2013-03-20,31.134614944458008,44.52000045776367,44.81999969482422,44.290000915527344,44.810001373291016,7041300
2013-03-21,31.14861297607422,44.540000915527344,44.7400016784668,44.2599983215332,44.45000076293945,12615200
2013-03-22,31.826967239379883,45.5099983215332,45.560001373291016,44.84000015258789,45.130001068115234,8290600
2013-03-25,31.45633125305176,44.97999954223633,46.130001068115234,44.7599983215332,46.0099983215332,12174000
2013-03-26,32.00181198120117,45.7599983215332,45.88999938964844,45.11000061035156,45.150001525878906,7122900
2013-03-27,33.37251663208008,47.720001220703125,47.83000183105469,45.91999816894531,46.20000076293945,18418400
2013-03-28,34.22570037841797,48.93999862670898,49.47999954223633,47.84999847412109,47.86000061035156,18502100
2013-04-01,33.55432891845703,47.97999954223633,49.16999816894531,47.90999984741211,49.0099983215332,14403100
2013-04-02,33.70819091796875,48.20000076293945,48.380001068115234,47.970001220703125,48.33000183105469,15536500
2013-04-03,33.309566497802734,47.630001068115234,48.369998931884766,47.310001373291016,48.25,9168000
2013-04-04,33.386505126953125,47.7400016784668,48.34999847412109,47.560001373291016,47.90999984741211,10050300
2013-04-05,33.12773513793945,47.369998931884766,47.45000076293945,46.52999877929688,46.900001525878906,10958000
2013-04-08,33.008846282958984,47.20000076293945,47.61000061035156,46.84999847412109,47.25,9538000
2013-04-09,33.77812194824219,48.29999923706055,48.810001373291016,47.9900016784668,48.09000015258789,13126300
2013-04-10,34.77817916870117,49.72999954223633,49.84999847412109,48.5,48.52000045776367,10084900
2013-04-11,36.12091445922852,51.650001525878906,51.970001220703125,50.18000030517578,50.20000076293945,15567100
2013-04-12,36.31672668457031,51.93000030517578,52.43000030517578,51.38999938964844,51.65999984741211,10697000
2013-04-15,35.44255828857422,50.68000030517578,52.36000061035156,50.619998931884766,52.25,13210200
2013-04-16,36.372676849365234,52.0099983215332,52.04999923706055,51.060001373291016,51.27000045776367,13561900
2013-04-17,36.32372283935547,51.93999862670898,52.20000076293945,50.72999954223633,51.70000076293945,12453000
2013-04-18,35.568443298339844,50.86000061035156,52.060001373291016,50.52999877929688,51.880001068115234,9391500
2013-04-19,37.18391799926758,53.16999816894531,53.97999954223633,50.65999984741211,50.65999984741211,20436500
2013-04-22,37.799346923828125,54.04999923706055,54.2400016784668,53.290000915527344,54.119998931884766,15188600
2013-04-23,37.29580307006836,53.33000183105469,55.15999984741211,52.58000183105469,54.400001525878906,13828200
2013-04-24,35.36562728881836,50.56999969482422,53.52000045776367,50.43000030517578,53.18000030517578,18388700
2013-04-25,35.967063903808594,51.43000030517578,51.84000015258789,50.90999984741211,51.29999923706055,10862700
2013-04-26,35.93208312988281,51.380001068115234,52.25,51.290000915527344,51.4900016784668,9678600
2013-04-29,35.72929382324219,51.09000015258789,51.630001068115234,50.77000045776367,51.36000061035156,10806000
2013-04-30,35.414588928222656,50.63999938964844,50.88999938964844,49.43000030517578,50.75,13550600
2013-05-01,35.06492614746094,50.13999938964844,50.650001525878906,49.86000061035156,50.45000076293945,9679100
2013-05-02,36.4915657043457,52.18000030517578,53.209999084472656,51.95000076293945,52.75,16602700
2013-05-03,38.568607330322266,55.150001525878906,56.34999847412109,54.52000045776367,54.54999923706055,17089300
2013-05-06,38.065086364746094,54.43000030517578,55.70000076293945,54.119998931884766,55.18000030517578,13330700
2013-05-07,37.15592956542969,53.130001068115234,54.59999847412109,52.81999969482422,54.369998931884766,14096100
2013-05-08,36.63142395019531,52.380001068115234,53.40999984741211,51.9900016784668,53.130001068115234,12612500
2013-05-09,36.91815948486328,52.790000915527344,53.220001220703125,52.25,52.58000183105469,9815900
2013-05-10,36.98110961914063,52.880001068115234,53.150001525878906,52.18999862670898,52.77000045776367,12752600
2013-05-13,38.09305191040039,54.470001220703125,55.09000015258789,52.93000030517578,53.119998931884766,14485400
2013-05-14,39.337886810302734,56.25,56.27000045776367,54.400001525878906,54.4900016784668,16929400
2013-05-15,39.41481018066406,56.36000061035156,57.09999847412109,55.09000015258789,56.34000015258789,16779100
2013-05-16,38.435733795166016,54.959999084472656,56.63999938964844,54.20000076293945,56.59999847412109,15554100
2013-05-17,39.37284851074219,56.29999923706055,56.43000030517578,54.650001525878906,55.47999954223633,13909500
2013-05-20,38.98122024536133,55.7400016784668,56.77999877929688,55.209999084472656,56.09000015258789,9493700
2013-05-21,39.49173355102539,56.470001220703125,56.84999847412109,55.7599983215332,56.13999938964844,10085900
2013-05-22,39.11408233642578,55.93000030517578,58.060001373291016,55.619998931884766,57.0,12765800
2013-05-23,38.79938507080078,55.47999954223633,56.060001373291016,54.15999984741211,54.88999938964844,10768700
2013-05-24,39.03017425537109,55.810001373291016,56.34999847412109,54.900001525878906,55.29999923706055,8745700
2013-05-28,39.28892135620117,56.18000030517578,56.81999969482422,55.61000061035156,56.68000030517578,8669400
2013-05-29,38.90428924560547,55.630001068115234,56.18999862670898,54.84999847412109,55.93999862670898,9677700
2013-05-30,39.02318572998047,55.79999923706055,56.81999969482422,55.45000076293945,55.75,9719000
2013-05-31,38.10004806518555,54.47999954223633,56.209999084472656,54.47999954223633,56.209999084472656,11526200
2013-06-03,37.14894104003906,53.119998931884766,54.63999938964844,51.34999847412109,54.560001373291016,15319800
2013-06-04,36.5894775390625,52.31999969482422,53.68999862670898,51.91999816894531,53.130001068115234,11367200
2013-06-05,35.050933837890625,50.119998931884766,52.65999984741211,49.2599983215332,51.59999847412109,18605900
2013-06-06,35.9111213684082,51.34999847412109,51.68000030517578,49.65999984741211,50.380001068115234,14267400
2013-06-07,36.98809814453125,52.88999938964844,53.40999984741211,51.810001373291016,51.880001068115234,12883500
2013-06-10,36.67339324951172,52.43999862670898,53.560001373291016,52.11000061035156,53.54999923706055,8744200
2013-06-11,36.67339324951172,52.43999862670898,52.97999954223633,51.38999938964844,51.900001525878906,7277900
2013-06-12,35.78522872924805,51.16999816894531,53.060001373291016,51.13999938964844,52.83000183105469,9707600
2013-06-13,36.33072662353516,51.95000076293945,52.09999847412109,50.68000030517578,51.25,9292700
2013-06-14,36.52654647827149,52.22999954223633,52.790000915527344,51.84999847412109,51.88999938964844,6216700
2013-06-17,35.68731689453125,51.02999877929688,53.2599983215332,50.81999969482422,52.77000045776367,10079200
2013-06-18,36.32372283935547,51.93999862670898,52.04999923706055,50.869998931884766,50.869998931884766,6873600
2013-06-19,35.3866081237793,50.59999847412109,52.04999923706055,50.56999969482422,51.81999969482422,6406800
2013-06-20,34.51243209838867,49.34999847412109,50.45000076293945,49.02000045776367,50.18999862670898,11510700
2013-06-21,34.148780822753906,48.83000183105469,49.93000030517578,48.08000183105469,49.630001068115234,20298000
2013-06-24,34.218711853027344,48.93000030517578,49.709999084472656,46.70000076293945,48.20000076293945,11453100
2013-06-25,34.81315231323242,49.77999877929688,50.880001068115234,49.310001373291016,49.40999984741211,12879000
2013-06-26,35.88313674926758,51.310001373291016,51.630001068115234,50.29999923706055,50.41999816894531,9904400
2013-06-27,35.673343658447266,51.0099983215332,51.95000076293945,50.70000076293945,51.70000076293945,8249000
2013-06-28,35.85516357421875,51.27000045776367,51.61000061035156,50.619998931884766,50.95000076293945,9086200
2013-07-01,36.12091445922852,51.650001525878906,52.79999923706055,51.52999877929688,51.970001220703125,9472900
2013-07-02,36.52654647827149,52.22999954223633,52.66999816894531,51.41999816894531,51.70000076293945,8566000
2013-07-03,36.35169219970703,51.97999954223633,52.34000015258789,51.630001068115234,52.0099983215332,2786800
2013-07-05,37.28881454467773,53.31999969482422,53.4900016784668,52.27000045776367,52.400001525878906,6126900
2013-07-08,37.28881454467773,53.31999969482422,53.959999084472656,53.209999084472656,53.59999847412109,10022700
2013-07-09,38.03011703491211,54.380001068115234,54.79999923706055,53.34999847412109,54.02000045776367,8202100
2013-07-10,38.69448852539063,55.33000183105469,55.5,54.18999862670898,54.38999938964844,8768300
2013-07-11,39.05815124511719,55.84999847412109,56.25,55.38999938964844,56.02999877929688,11373200
2013-07-12,40.10016632080078,57.34000015258789,57.86000061035156,55.7599983215332,56.0,13267800
2013-07-15,40.32395553588867,57.65999984741211,57.720001220703125,56.81999969482422,57.20000076293945,7637500
2013-07-16,39.960296630859375,57.13999938964844,57.77000045776367,56.77999877929688,57.54999923706055,8831400
2013-07-17,40.38689041137695,57.75,57.77000045776367,57.11000061035156,57.369998931884766,9123400
2013-07-18,40.71559524536133,58.220001220703125,58.43999862670898,57.560001373291016,57.84999847412109,8821500
2013-07-19,42.03034210205078,60.09999847412109,60.5099983215332,57.4900016784668,58.58000183105469,14574100
2013-07-22,41.75759506225586,59.709999084472656,60.459999084472656,58.61000061035156,59.709999084472656,12171600
2013-07-23,41.34498977661133,59.119998931884766,60.150001525878906,59.04999923706055,59.9900016784668,10997200
2013-07-24,41.87648010253906,59.880001068115234,60.130001068115234,59.04999923706055,59.709999084472656,9589400
2013-07-25,42.56183242797852,60.86000061035156,61.13999938964844,58.810001373291016,60.119998931884766,11325400
2013-07-26,43.75770568847656,62.56999969482422,64.04000091552734,61.58000183105469,63.81999969482422,14716300
2013-07-29,43.3730697631836,62.02000045776367,62.81999969482422,61.56999969482422,62.59999847412109,10264600
2013-07-30,43.17026138305664,61.72999954223633,62.27999877929688,61.459999084472656,62.0,11134400
2013-07-31,42.939491271972656,61.400001525878906,62.20000076293945,61.36000061035156,62.09999847412109,8423200
2013-08-01,43.35909271240234,62.0,62.20000076293945,60.970001220703125,62.04999923706055,7726300
2013-08-02,43.18424606323242,61.75,61.95000076293945,61.27999877929688,61.86000061035156,5614300
2013-08-05,42.62478256225586,60.95000076293945,61.900001525878906,60.43000030517578,61.75,6105100
2013-08-06,41.9464111328125,59.97999954223633,60.91999816894531,59.18000030517578,60.91999816894531,8579000
2013-08-07,42.11426162719727,60.220001220703125,60.470001220703125,59.20000076293945,60.130001068115234,9417900
2013-08-08,41.47087478637695,59.29999923706055,60.77999877929688,59.290000915527344,60.5,8283700
2013-08-09,41.40792465209961,59.209999084472656,60.22999954223633,58.56999969482422,58.81999969482422,5666200
2013-08-12,41.19113159179688,58.900001525878906,59.13999938964844,58.31999969482422,58.86000061035156,6263600
2013-08-13,41.21210861206055,58.93000030517578,59.45000076293945,58.220001220703125,59.09999847412109,4565900
2013-08-14,40.680606842041016,58.16999816894531,59.560001373291016,58.13999938964844,59.11000061035156,5155200
2013-08-15,39.78544616699219,56.88999938964844,57.650001525878906,55.959999084472656,57.369998931884766,7345200
2013-08-16,39.79944610595703,56.90999984741211,57.72999954223633,56.25,56.7599983215332,7598300
2013-08-19,40.10016632080078,57.34000015258789,58.130001068115234,56.75,56.84000015258789,5518000
2013-08-20,40.56172180175781,58.0,58.54999923706055,57.310001373291016,57.310001373291016,5349400
2013-08-21,41.04426574707031,58.68999862670898,59.540000915527344,57.43000030517578,57.70000076293945,10075700
2013-08-22,41.91144943237305,59.93000030517578,59.97999954223633,58.70000076293945,58.75,4750500
2013-08-23,41.708641052246094,59.63999938964844,60.119998931884766,59.470001220703125,59.9900016784668,6215500
2013-08-26,42.2541389465332,60.41999816894531,60.9900016784668,59.59999847412109,59.81999969482422,6619100
2013-08-27,41.07925033569336,58.7400016784668,59.83000183105469,58.56999969482422,59.79999923706055,6127400
2013-08-28,42.26811218261719,60.43999862670898,61.040000915527344,58.5,58.83000183105469,8862800
2013-08-29,42.61079025268555,60.93000030517578,61.27999877929688,59.90999984741211,60.130001068115234,5500100
2013-08-30,42.14922332763672,60.27000045776367,61.15999984741211,59.959999084472656,61.15999984741211,5545400
2013-09-03,42.603797912597656,60.91999816894531,61.59999847412109,60.25,60.900001525878906,7068700
2013-09-04,42.73667526245117,61.11000061035156,61.459999084472656,60.36000061035156,60.79999923706055,7264000
2013-09-05,42.70870208740234,61.06999969482422,61.29999923706055,60.5099983215332,61.18999862670898,4951900
2013-09-06,42.7436637878418,61.119998931884766,61.47999954223633,59.41999816894531,61.34999847412109,8284700
2013-09-09,43.82064056396485,62.65999984741211,62.65999984741211,61.08000183105469,61.08000183105469,5751200
2013-09-10,43.96052169799805,62.86000061035156,63.560001373291016,62.45000076293945,63.15999984741211,4835000
2013-09-11,44.00947189331055,62.93000030517578,63.29999923706055,62.18000030517578,63.119998931884766,5462000
2013-09-12,44.1912956237793,63.18999862670898,63.4900016784668,62.27999877929688,63.0,4853700
2013-09-13,44.42906188964844,63.52999877929688,63.619998931884766,62.720001220703125,63.52999877929688,3839800
2013-09-16,44.072410583496094,63.02000045776367,64.20999908447266,62.58000183105469,64.08000183105469,7037400
2013-09-17,43.84163284301758,62.68999862670898,63.380001068115234,62.36000061035156,62.900001525878906,5631400
2013-09-18,44.95358276367188,64.27999877929688,64.5199966430664,62.58000183105469,62.83000183105469,7916500
2013-09-19,44.98155212402344,64.31999969482422,64.73999786376953,63.63999938964844,64.62000274658203,5450300
2013-09-20,44.65985107421875,63.86000061035156,64.4800033569336,63.79999923706055,64.41000366210938,9073800
2013-09-23,43.76470184326172,62.58000183105469,63.70000076293945,62.33000183105469,63.43000030517578,5998800
2013-09-24,43.87659454345703,62.7400016784668,63.15999984741211,62.36000061035156,62.630001068115234,5175000
2013-09-25,43.17026138305664,61.72999954223633,62.7400016784668,61.709999084472656,62.630001068115234,5358300
2013-09-26,43.91856002807617,62.79999923706055,63.20000076293945,62.04999923706055,62.34999847412109,4672200
2013-09-27,44.436073303222656,63.540000915527344,63.93000030517578,62.150001525878906,62.36000061035156,5632700
2013-09-30,43.96751022338867,62.869998931884766,63.70000076293945,62.0,62.150001525878906,7887300
2013-10-01,43.91856002807617,62.79999923706055,63.36000061035156,62.29999923706055,63.02000045776367,6773000
2013-10-02,43.63882064819336,62.400001525878906,62.68999862670898,61.900001525878906,62.380001068115234,5045800
2013-10-03,43.15627670288086,61.709999084472656,62.70000076293945,61.369998931884766,62.290000915527344,6715000
2013-10-04,44.086402893066406,63.040000915527344,63.060001373291016,61.630001068115234,61.630001068115234,6351200
2013-10-07,43.1982421875,61.77000045776367,62.54999923706055,61.65999984741211,62.150001525878906,8070600
2013-10-08,41.52681350708008,59.380001068115234,61.880001068115234,59.29999923706055,61.84000015258789,9671000
2013-10-09,41.19113159179688,58.900001525878906,60.2400016784668,58.810001373291016,59.810001373291016,15313300
2013-10-10,43.87659454345703,62.7400016784668,62.79999923706055,61.150001525878906,61.630001068115234,15240300
2013-10-11,43.84163284301758,62.68999862670898,63.47999954223633,62.380001068115234,62.93999862670898,8092400
2013-10-14,44.66686630249024,63.869998931884766,63.880001068115234,61.810001373291016,62.470001220703125,8669400
2013-10-15,44.47802734375,63.59999847412109,64.72000122070312,63.43000030517578,63.45000076293945,8003800
2013-10-16,45.91168212890625,65.6500015258789,65.73999786376953,63.84999847412109,64.05999755859375,8336700
2013-10-17,47.1075553894043,67.36000061035156,67.37999725341797,65.26000213623047,65.69999694824219,7651400
2013-10-18,47.70199203491211,68.20999908447266,68.44999694824219,66.48999786376953,67.2699966430664,15446800
2013-10-21,46.84880447387695,66.98999786376953,68.3499984741211,66.62999725341797,68.11000061035156,9685200
2013-10-22,47.61806488037109,68.08999633789062,68.25,66.63999938964844,67.01000213623047,6873000
2013-10-23,48.26145935058594,69.01000213623047,69.3499984741211,68.02999877929688,68.45999908447266,9770300
2013-10-24,48.834922790527344,69.83000183105469,70.13999938964844,68.94999694824219,69.44000244140625,10476900
2013-10-25,48.73002243041992,69.68000030517578,70.30000305175781,68.19999694824219,70.12000274658203,9458300
2013-10-28,48.06564712524414,68.7300033569336,70.4000015258789,68.61000061035156,70.0,7013300
2013-10-29,48.6041374206543,69.5,69.55999755859375,68.2300033569336,68.79000091552734,6255900
2013-10-30,50.821044921875,72.66999816894531,73.19999694824219,71.43000030517578,71.88999938964844,16630600
2013-10-31,49.779029846191406,71.18000030517578,72.7699966430664,70.97000122070312,72.76000213623047,12730300
2013-11-01,49.63216400146485,70.97000122070312,71.48999786376953,70.41999816894531,71.38999938964844,9395500
2013-11-04,48.49224090576172,69.33999633789062,71.25,69.31999969482422,71.12999725341797,9332700
2013-11-05,48.632102966308594,69.54000091552734,70.04000091552734,69.25,69.48999786376953,7102200
2013-11-06,47.1075553894043,67.36000061035156,69.95999908447266,67.20999908447266,69.66000366210938,11095700
2013-11-07,45.89768600463867,65.62999725341797,68.44000244140625,65.52999877929688,67.9000015258789,13750800
2013-11-08,47.11454391479492,67.37000274658203,67.58000183105469,66.25,66.5,12507100
2013-11-11,47.21245193481445,67.51000213623047,68.08000183105469,67.22000122070312,67.73999786376953,9444800
2013-11-12,47.28239440917969,67.61000061035156,67.83999633789062,67.16000366210938,67.18000030517578,8446100
2013-11-13,47.90480041503906,68.5,68.51000213623047,67.05999755859375,67.86000061035156,11909400
2013-11-14,48.240478515625,68.9800033569336,69.2699966430664,68.58000183105469,68.77999877929688,9619800
2013-11-15,48.87687683105469,69.88999938964844,69.9000015258789,68.58000183105469,69.45999908447266,9383800
2013-11-18,48.23348617553711,68.97000122070312,70.73999786376953,68.75,70.52999877929688,8781100
2013-11-19,48.71603775024414,69.66000366210938,69.86000061035156,68.3499984741211,68.80000305175781,7336500
2013-11-20,49.70909881591797,71.08000183105469,71.47000122070312,69.8499984741211,70.19000244140625,10245300
2013-11-21,50.09373474121094,71.62999725341797,71.87000274658203,71.20999908447266,71.22000122070312,9155300
2013-11-22,51.93999481201172,74.2699966430664,75.20999908447266,72.8499984741211,72.86000061035156,18519700
2013-11-25,52.17076110839844,74.5999984741211,75.43000030517578,74.44000244140625,75.41999816894531,12257400
2013-11-26,52.00992584228516,74.37000274658203,75.05999755859375,74.11000061035156,74.83000183105469,9030800
2013-11-27,52.19174957275391,74.62999725341797,75.30000305175781,74.16999816894531,74.75,8228900
2013-11-29,52.317630767822266,74.80999755859375,75.25,74.7699966430664,75.0,4900300
2013-12-02,52.11483383178711,74.5199966430664,74.97000122070312,73.61000061035156,74.83999633789062,11734800
2013-12-03,50.64622497558594,72.41999816894531,74.05999755859375,72.36000061035156,73.91999816894531,12863900
2013-12-04,50.681182861328125,72.47000122070312,72.88999938964844,71.5,72.0199966430664,11241700
2013-12-05,51.1847038269043,73.19000244140625,73.37000274658203,72.08999633789062,72.62000274658203,9662700
2013-12-06,51.7441635131836,73.98999786376953,74.12999725341797,73.08000183105469,74.05999755859375,11554900
2013-12-09,52.583377838134766,75.19000244140625,76.11000061035156,74.2300033569336,76.06999969482422,17248700
2013-12-10,50.91893768310547,72.80999755859375,75.0999984741211,70.2300033569336,75.0,25872900
2013-12-11,49.38038635253906,70.61000061035156,73.06999969482422,70.4800033569336,72.95999908447266,16840400
2013-12-12,49.14260482788086,70.2699966430664,71.20999908447266,70.05000305175781,70.38999938964844,12064600
2013-12-13,49.93288803100586,71.4000015258789,71.61000061035156,70.13999938964844,71.20999908447266,11343000
2013-12-16,49.94689178466797,71.41999816894531,72.36000061035156,71.33999633789062,72.02999877929688,12025400
2013-12-17,49.00975799560547,70.08000183105469,71.73999786376953,69.05000305175781,71.72000122070312,12247500
2013-12-18,51.46443176269531,73.58999633789062,73.68000030517578,70.62000274658203,72.27999877929688,17907500
2013-12-19,51.3525390625,73.43000030517578,74.87999725341797,73.0,73.02999877929688,10040500
2013-12-20,52.21274185180664,74.66000366210938,75.08000183105469,73.7300033569336,73.94999694824219,14893400
2013-12-23,52.44350814819336,74.98999786376953,75.80000305175781,74.68000030517578,75.3499984741211,7545000
2013-12-24,52.42253112792969,74.95999908447266,75.02999877929688,74.20999908447266,74.98999786376953,4530700
2013-12-26,52.5903549194336,75.19999694824219,75.3499984741211,74.66999816894531,74.97000122070312,4852200
2013-12-27,52.06587600708008,74.44999694824219,75.36000061035156,74.25,75.36000061035156,4913900
2013-12-30,52.5064582824707,75.08000183105469,75.25,74.22000122070312,74.66999816894531,5899800
2013-12-31,52.52044296264648,75.0999984741211,75.25,74.16000366210938,75.06999969482422,6679700
2014-01-02,52.59737014770508,75.20999908447266,75.58999633789062,74.38999938964844,75.20999908447266,8279300
2014-01-03,51.97494888305664,74.31999969482422,75.25,74.2300033569336,75.20999908447266,6561500
2014-01-06,51.219669342041016,73.23999786376953,74.69000244140625,72.7300033569336,74.58000183105469,8346000
2014-01-07,50.897979736328125,72.77999877929688,73.87000274658203,72.70999908447266,73.5,8513000
2014-01-08,51.37351989746094,73.45999908447266,74.37999725341797,72.52999877929688,73.16999816894531,11063200
2014-01-09,51.96095275878906,74.30000305175781,75.05999755859375,73.7699966430664,74.2300033569336,8825500
2014-01-10,52.35959243774414,74.87000274658203,75.04000091552734,73.5199966430664,75.0,8471300
2014-01-13,51.14973831176758,73.13999938964844,75.27999877929688,72.5999984741211,75.1500015258789,9130400
2014-01-14,52.44350814819336,74.98999786376953,75.16999816894531,72.81999969482422,73.55000305175781,11265200
2014-01-15,52.61134719848633,75.2300033569336,75.41000366210938,74.43000030517578,75.22000122070312,10223900
2014-01-16,54.47859954833984,77.9000015258789,79.0199966430664,75.30000305175781,75.38999938964844,20728500
2014-01-17,54.82827377319336,78.4000015258789,79.05999755859375,77.44000244140625,77.88999938964844,11843300
2014-01-21,57.05216979980469,81.58000183105469,81.58000183105469,79.41999816894531,79.75,13026200
2014-01-22,57.47176742553711,82.18000030517578,84.4000015258789,81.88999938964844,83.72000122070312,17385400
2014-01-23,57.45079040527344,82.1500015258789,82.27999877929688,80.91000366210938,81.80000305175781,10756500
2014-01-24,56.38079833984375,80.62000274658203,82.68000030517578,79.75,81.76000213623047,13269300
2014-01-27,55.14994812011719,78.86000061035156,80.76000213623047,77.58999633789062,80.76000213623047,13638100
2014-01-28,56.41576385498047,80.66999816894531,81.16999816894531,79.81999969482422,80.5999984741211,10284700
2014-01-29,55.8423080444336,79.8499984741211,81.08999633789062,78.95999908447266,80.01000213623047,10140000
2014-01-30,57.01020050048828,81.5199966430664,82.19999694824219,80.6500015258789,80.69999694824219,10162700
2014-01-31,56.40177536010742,80.6500015258789,81.75,79.3499984741211,79.97000122070312,10819500
2014-02-03,55.12898635864258,78.83000183105469,81.86000061035156,78.58999633789062,81.7699966430664,14336700
2014-02-04,57.3598747253418,82.0199966430664,82.05999755859375,79.8499984741211,80.18000030517578,15478300
2014-02-05,54.6534309387207,78.1500015258789,82.0,76.70999908447266,81.9800033569336,23469100
2014-02-06,53.49951171875,76.5,79.5,76.26000213623047,78.5,17193800
2014-02-07,55.07304382324219,78.75,78.80999755859375,75.69999694824219,77.6500015258789,16074200
2014-02-10,56.63258361816406,80.9800033569336,81.12999725341797,78.80000305175781,79.33999633789062,10487600
2014-02-11,57.20601272583008,81.80000305175781,82.04000091552734,80.88999938964844,81.12000274658203,12608600
2014-02-12,57.34589385986328,82.0,82.93000030517578,81.61000061035156,82.25,9490300
2014-02-13,57.73054122924805,82.55000305175781,82.62000274658203,80.9000015258789,81.0999984741211,8964800
2014-02-14,56.793399810791016,81.20999908447266,82.8499984741211,80.62999725341797,82.80999755859375,10425700
2014-02-18,58.6116943359375,83.80999755859375,83.9800033569336,81.66999816894531,81.91999816894531,15019700
2014-02-19,57.83542251586914,82.69999694824219,83.80000305175781,82.30000305175781,83.6500015258789,9752400
2014-02-20,57.91236877441406,82.80999755859375,83.19999694824219,81.87999725341797,82.69999694824219,8962700
2014-02-21,57.75848007202149,82.58999633789062,83.62000274658203,82.58000183105469,83.54000091552734,11015000
2014-02-24,58.443843841552734,83.56999969482422,84.05999755859375,82.80000305175781,82.98999786376953,9098200
2014-02-25,58.709598541259766,83.94999694824219,84.87999725341797,83.06999969482422,84.13999938964844,8351300
2014-02-26,58.6116943359375,83.80999755859375,84.5,83.30999755859375,84.05000305175781,11908500
2014-02-27,58.49982070922852,83.6500015258789,84.0,82.5,83.6500015258789,11003900
2014-02-28,57.89835739135742,82.79000091552734,84.19999694824219,81.80000305175781,83.79000091552734,12503600
2014-03-03,56.96126174926758,81.44999694824219,82.9000015258789,81.0,82.79000091552734,12024000
2014-03-04,58.00325012207031,82.94000244140625,83.36000061035156,82.55999755859375,82.86000061035156,8220800
2014-03-05,57.954322814941406,82.87000274658203,83.44000244140625,82.7300033569336,83.0199966430664,6590400
2014-03-06,55.89126586914063,79.91999816894531,83.41999816894531,78.5,83.22000122070312,21950000
2014-03-07,55.65348052978516,79.58000183105469,81.3499984741211,77.80999755859375,81.20999908447266,20459900
2014-03-10,56.108055114746094,80.2300033569336,80.30000305175781,78.3499984741211,79.4000015258789,8661900
2014-03-11,55.8353157043457,79.83999633789062,80.56999969482422,79.31999969482422,80.3499984741211,10569900
2014-03-12,55.75138092041016,79.72000122070312,80.30000305175781,78.62000274658203,79.36000061035156,9671400
2014-03-13,54.55551910400391,78.01000213623047,80.47000122070312,77.55999755859375,80.26000213623047,10600700
2014-03-14,52.485477447509766,75.05000305175781,77.0999984741211,74.55000305175781,76.98999786376953,18775000
2014-03-17,52.76520538330078,75.44999694824219,76.86000061035156,75.08000183105469,75.95999908447266,14099000
2014-03-18,54.38767623901367,77.7699966430664,78.05999755859375,75.51000213623047,75.54000091552734,10327000
2014-03-19,53.52748489379883,76.54000091552734,78.5999984741211,76.01000213623047,78.19999694824219,11155700
2014-03-20,52.821170806884766,75.52999877929688,76.6500015258789,74.86000061035156,76.5,12148300
2014-03-21,50.40145111083984,72.06999969482422,76.19999694824219,70.8499984741211,75.66999816894531,36979700
2014-03-24,50.443389892578125,72.12999725341797,72.88999938964844,68.80999755859375,72.54000091552734,29285300
2014-03-25,51.07280349731445,73.02999877929688,74.30000305175781,71.9000015258789,72.5999984741211,19176900
2014-03-26,50.897979736328125,72.77999877929688,75.01000213623047,72.7699966430664,73.72000122070312,15708700
2014-03-27,49.93986892700195,71.41000366210938,73.33999633789062,70.58999633789062,72.37999725341797,17749700
2014-03-28,47.93976211547852,68.55000305175781,71.11000061035156,67.62999725341797,70.62000274658203,29246100
2014-03-31,49.55524826049805,70.86000061035156,71.0,69.16999816894531,69.16999816894531,18594900
2014-04-01,51.4993896484375,73.63999938964844,73.87999725341797,72.13999938964844,73.33999633789062,19497100
2014-04-02,51.72318649291992,73.95999908447266,75.25,73.33999633789062,75.16000366210938,15992800
2014-04-03,51.75116729736328,74.0,75.18000030517578,72.29000091552734,75.16000366210938,15989400
2014-04-04,50.49234771728516,72.19999694824219,75.25,71.5199966430664,74.91000366210938,19387500
2014-04-07,50.51334381103516,72.2300033569336,73.7300033569336,70.72000122070312,71.91999816894531,16037200
2014-04-08,48.96080017089844,70.01000213623047,71.70999908447266,69.27999877929688,71.70999908447266,25269000
2014-04-09,49.40837478637695,70.6500015258789,71.29000091552734,69.86000061035156,70.5,20688600
2014-04-10,45.79278945922852,65.4800033569336,71.2300033569336,64.80999755859375,70.80000305175781,43152600
2014-04-11,46.17742919921875,66.02999877929688,68.94000244140625,63.5,64.19000244140625,35988700
2014-04-14,46.70892333984375,66.79000091552734,68.38999938964844,65.73999786376953,67.79000091552734,17988000
2014-04-15,47.67401123046875,68.16999816894531,69.13999938964844,65.58999633789062,67.55000305175781,21802600
2014-04-16,48.45026779174805,69.27999877929688,69.88999938964844,68.33999633789062,69.31999969482422,17266400
2014-04-17,48.95380401611328,70.0,70.63999938964844,69.08999633789062,69.37000274658203,17546400
2014-04-21,50.0727653503418,71.5999984741211,71.98999786376953,69.4000015258789,70.37999725341797,17973500
2014-04-22,50.95392227172852,72.86000061035156,73.26000213623047,71.8499984741211,72.86000061035156,29207300
2014-04-23,51.65325164794922,73.86000061035156,75.87999725341797,73.76000213623047,75.7300033569336,35411800
2014-04-24,51.80712127685547,74.08000183105469,75.0,71.62999725341797,74.93000030517578,22098100
2014-04-25,51.68122863769531,73.9000015258789,74.87999725341797,73.43000030517578,74.0199966430664,22726800
2014-04-28,51.80712127685547,74.08000183105469,76.80000305175781,72.7699966430664,74.8499984741211,22497800
2014-04-29,53.31768798828125,76.23999786376953,76.37999725341797,74.0,74.66999816894531,15865700
2014-04-30,54.89118576049805,78.48999786376953,78.66999816894531,75.48999786376953,76.1500015258789,20165300
2014-05-01,55.2618522644043,79.0199966430664,79.88999938964844,77.83000183105469,78.62000274658203,15970200
2014-05-02,54.3457260131836,77.70999908447266,79.5,76.6500015258789,79.30000305175781,16772700
2014-05-05,55.82832336425781,79.83000183105469,79.91000366210938,76.62999725341797,76.7300033569336,14085700
2014-05-06,54.77231216430664,78.31999969482422,79.91999816894531,78.2300033569336,79.73999786376953,10990500
2014-05-07,55.087013244628906,78.7699966430664,79.2300033569336,76.80000305175781,79.0,14664700
2014-05-08,55.059043884277344,78.7300033569336,80.27999877929688,78.19999694824219,78.87999725341797,13777000
2014-05-09,55.77936935424805,79.76000213623047,79.79000091552734,78.0,78.80999755859375,9017400
2014-05-12,56.191986083984375,80.3499984741211,80.7300033569336,79.16999816894531,80.2300033569336,11254300
2014-05-13,56.15701675415039,80.30000305175781,80.70999908447266,80.01000213623047,80.48999786376953,8515500
2014-05-14,56.62557601928711,80.97000122070312,81.61000061035156,79.61000061035156,80.4000015258789,10735800
2014-05-15,56.01713943481445,80.0999984741211,81.41999816894531,79.45999908447266,81.0199966430664,12705000
2014-05-16,56.50668716430664,80.80000305175781,80.83999633789062,79.22000122070312,80.30000305175781,10525700
2014-05-19,57.38085174560547,82.05000305175781,82.0999984741211,80.5,80.70999908447266,10159200
2014-05-20,56.744441986083984,81.13999938964844,82.47000122070312,80.72000122070312,82.04000091552734,10553900
2014-05-21,57.21303176879883,81.80999755859375,81.9800033569336,80.68000030517578,81.26000213623047,9042000
2014-05-22,57.97529220581055,82.9000015258789,83.69999694824219,81.55999755859375,81.62999725341797,10879000
2014-05-23,56.60458755493164,80.94000244140625,82.5,80.75,82.43000030517578,13588000
2014-05-27,57.457794189453125,82.16000366210938,82.94999694824219,81.12000274658203,82.08000183105469,10994500
2014-05-28,57.247989654541016,81.86000061035156,82.87000274658203,81.75,82.0199966430664,8522900
2014-05-29,57.40183639526367,82.08000183105469,82.6500015258789,81.80999755859375,82.01000213623047,7904300
2014-05-30,56.793399810791016,81.20999908447266,82.0999984741211,80.47000122070312,81.7699966430664,11058500
2014-06-02,57.03117370605469,81.55000305175781,81.80000305175781,80.75,81.31999969482422,7598000
2014-06-03,57.73054122924805,82.55000305175781,82.81999969482422,81.20999908447266,81.2699966430664,8249600
2014-06-04,58.0592155456543,83.0199966430664,83.29000091552734,82.0199966430664,82.26000213623047,9055500
2014-06-05,57.90535736083984,82.80000305175781,83.45999908447266,82.44999694824219,83.45999908447266,8423500
2014-06-06,57.61860656738281,82.38999938964844,83.23999786376953,81.72000122070312,83.23999786376953,9104500
2014-06-09,55.25485610961914,79.01000213623047,81.5,78.5,81.38999938964844,23319200
2014-06-10,55.62550354003906,79.54000091552734,79.94000244140625,78.73999786376953,79.27999877929688,11293800
2014-06-11,56.52066421508789,80.81999969482422,81.80000305175781,79.30999755859375,79.36000061035156,11865400
2014-06-12,56.35283660888672,80.58000183105469,81.56999969482422,80.33000183105469,80.80000305175781,7080000
2014-06-13,56.45071792602539,80.72000122070312,81.0999984741211,79.87000274658203,80.68000030517578,7695100
2014-06-16,56.48568344116211,80.7699966430664,81.38999938964844,80.41000366210938,80.87000274658203,7356500
2014-06-17,55.80033874511719,79.79000091552734,80.87000274658203,79.55999755859375,80.7300033569336,11141300
2014-06-18,55.5765495300293,79.47000122070312,79.98999786376953,78.83000183105469,79.8499984741211,10436400
2014-06-19,55.79335784912109,79.77999877929688,80.5,78.87999725341797,79.47000122070312,10967200
2014-06-20,56.78642272949219,81.19999694824219,81.55000305175781,79.68000030517578,80.13999938964844,14042000
2014-06-23,56.50668716430664,80.80000305175781,82.2300033569336,80.58000183105469,81.2699966430664,7481800
2014-06-24,56.5136833190918,80.80999755859375,82.05000305175781,80.45999908447266,80.94999694824219,7274100
2014-06-25,57.20601272583008,81.80000305175781,81.8499984741211,80.5999984741211,80.86000061035156,8664300
2014-06-26,57.47176742553711,82.18000030517578,82.20999908447266,80.9000015258789,81.9000015258789,6920700
2014-06-27,58.00325012207031,82.94000244140625,83.37999725341797,81.6500015258789,82.22000122070312,10397800
2014-06-30,57.98228454589844,82.91000366210938,84.44999694824219,82.62999725341797,82.8499984741211,10882500
2014-07-01,59.646705627441406,85.29000091552734,85.48999786376953,83.31999969482422,83.37000274658203,11599400
2014-07-02,60.91252136230469,87.0999984741211,87.87999725341797,85.37999725341797,85.55000305175781,13949300
2014-07-03,61.47198486328125,87.9000015258789,88.4000015258789,87.05000305175781,87.69999694824219,9126100
2014-07-07,60.98945617675781,87.20999908447266,88.5999984741211,86.98999786376953,88.05999755859375,11474000
2014-07-08,60.91953659057617,87.11000061035156,87.5199966430664,86.02999877929688,86.83999633789062,11727100
2014-07-09,62.01749420166016,88.68000030517578,88.95999908447266,87.19000244140625,87.25,10397200
2014-07-10,62.19928741455078,88.94000244140625,89.25,86.30999755859375,87.18000030517578,9521200
2014-07-11,62.05243682861328,88.7300033569336,89.9800033569336,88.25,88.9000015258789,11268700
2014-07-14,62.83571243286133,89.8499984741211,90.2699966430664,88.83999633789062,89.12999725341797,10729000
2014-07-15,62.24127578735352,89.0,90.73999786376952,88.19000244140625,90.02999877929688,13756100
2014-07-16,60.84259414672852,87.0,89.44000244140625,85.81999969482422,89.4000015258789,14259700
2014-07-17,59.49286651611328,85.06999969482422,88.16999816894531,84.75,86.4000015258789,14942500
2014-07-18,62.374141693115234,89.19000244140625,89.75,85.30000305175781,85.7300033569336,13236100
2014-07-21,62.14337921142578,88.86000061035156,90.9800033569336,88.80999755859375,89.80000305175781,13822000
2014-07-22,62.472049713134766,89.33000183105469,89.9000015258789,88.58000183105469,89.31999969482422,12302900
2014-07-23,63.17837524414063,90.33999633789062,90.7300033569336,89.29000091552734,90.0999984741211,17694800
2014-07-24,63.31826400756836,90.54000091552734,92.97000122070312,89.88999938964844,91.55999755859376,23546700
2014-07-25,62.828712463378906,89.83999633789062,90.77999877929688,88.69999694824219,90.68000030517578,13059400
2014-07-28,63.96166229248047,91.45999908447266,91.7300033569336,89.93000030517578,90.0999984741211,14066500
2014-07-29,65.03165435791016,92.98999786376952,93.25,91.5999984741211,92.0999984741211,13989000
2014-07-30,65.59110260009766,93.79000091552734,94.33999633789062,93.55999755859376,94.3000030517578,10753800
2014-07-31,64.02458190917969,91.5500030517578,93.37000274658205,91.25,93.0,13429400
2014-08-01,63.98962020874024,91.5,92.5999984741211,90.69000244140624,91.0,11992900
2014-08-04,64.46517181396484,92.18000030517578,92.88999938964844,91.5199966430664,92.0,11030000
2014-08-05,64.52811431884766,92.2699966430664,93.08000183105467,91.5999984741211,92.25,10250800
2014-08-06,64.89175415039062,92.79000091552734,93.0199966430664,91.08999633789062,91.5,11016200
2014-08-07,64.37425994873047,92.0500030517578,93.63999938964844,91.66000366210938,93.5500030517578,8804600
2014-08-08,64.65398406982422,92.4499969482422,92.54000091552734,90.81999969482422,91.83999633789062,9820800
2014-08-11,64.98267364501953,92.91999816894533,93.30999755859376,92.5199966430664,93.13999938964844,8575000
2014-08-12,65.29037475585938,93.36000061035156,93.37999725341795,92.51000213623048,92.6999969482422,10587800
2014-08-13,65.7239761352539,93.9800033569336,94.61000061035156,93.33999633789062,93.5,13027400
2014-08-14,67.38841247558594,96.36000061035156,96.37000274658205,94.23999786376952,94.58000183105467,12344200
2014-08-15,69.57733917236328,99.48999786376952,99.48999786376952,97.0199966430664,98.41999816894533,19714200
2014-08-18,70.43753814697266,100.72000122070312,101.5,100.08000183105467,100.44000244140624,14755700
2014-08-19,70.82917785644531,101.27999877929688,101.6500015258789,99.33000183105467,101.43000030517578,16300900
2014-08-20,70.48648071289062,100.79000091552734,102.56999969482422,100.61000061035156,100.70999908447266,12590600
2014-08-21,71.52149200439453,102.2699966430664,102.30999755859376,100.86000061035156,101.0,9799500
2014-08-22,72.70338439941406,103.95999908447266,105.16000366210938,102.61000061035156,103.0199966430664,13255900
2014-08-25,75.14408874511719,107.4499969482422,107.52999877929688,105.11000061035156,105.11000061035156,19882000
2014-08-26,74.3188705444336,106.2699966430664,108.72000122070312,104.7699966430664,108.05999755859376,18799900
2014-08-27,75.1161117553711,107.41000366210938,108.7699966430664,105.76000213623048,106.5500030517578,16164800
2014-08-28,75.18608093261719,107.51000213623048,108.11000061035156,106.73999786376952,107.0,10301600
2014-08-29,75.22100067138672,107.55999755859376,108.23999786376952,106.77999877929688,107.9000015258789,11318200
2014-09-02,76.47982788085938,109.36000061035156,109.5,107.61000061035156,108.16999816894533,15275700
2014-09-03,76.52877807617188,109.43000030517578,110.63999938964844,108.33999633789062,110.0,14388400
2014-09-04,74.7314682006836,106.86000061035156,110.0,106.2699966430664,109.80999755859376,13757500
2014-09-05,73.6824951171875,105.36000061035156,106.5,97.54000091552734,106.4000015258789,36078400
2014-09-08,74.50068664550781,106.52999877929688,106.8499984741211,104.73999786376952,104.9499969482422,11930900
2014-09-09,74.05313873291016,105.88999938964844,106.9800033569336,104.31999969482422,106.9000015258789,14085700
2014-09-10,75.6825942993164,108.22000122070312,108.2300033569336,105.76000213623048,106.1999969482422,11246400
2014-09-11,74.40280151367188,106.38999938964844,108.48999786376952,105.8000030517578,108.0,10470000
2014-09-12,72.49360656738281,103.66000366210938,106.9000015258789,102.9000015258789,106.16999816894533,15843400
2014-09-15,70.62635040283203,100.98999786376952,102.0999984741211,99.33000183105467,101.9000015258789,18163900
2014-09-16,73.26284790039062,104.76000213623048,104.97000122070312,99.2300033569336,99.8499984741211,14933000
2014-09-17,72.61946868896484,103.83999633789062,105.79000091552734,101.9000015258789,104.56999969482422,18455700
2014-09-18,74.08108520507812,105.93000030517578,106.5,104.0999984741211,104.62999725341795,16347900
2014-09-19,74.10206604003906,105.95999908447266,107.88999938964844,105.51000213623048,107.75,22238400
2014-09-22,73.75940704345703,105.47000122070312,107.56999969482422,104.62000274658205,106.01000213623048,12319400
2014-09-23,73.70344543457031,105.38999938964844,106.20999908447266,104.5500030517578,104.70999908447266,10700400
2014-09-24,76.02523803710938,108.70999908447266,108.80999755859376,106.0199966430664,106.25,14781400
2014-09-25,75.0671615600586,107.33999633789062,110.58999633789062,106.41000366210938,108.91999816894533,15402400
2014-09-26,75.79449462890625,108.37999725341795,109.01000213623048,106.76000213623048,108.9000015258789,10856700
2014-09-29,75.18608093261719,107.51000213623048,108.68000030517578,106.4499969482422,107.58999633789062,8072100
2014-09-30,74.44475555419922,106.4499969482422,108.0,105.86000061035156,107.4800033569336,11622700
2014-10-01,73.84330749511719,105.58999633789062,107.58999633789062,105.19000244140624,106.98999786376952,11659400
2014-10-02,73.12300872802734,104.55999755859376,105.91000366210938,103.61000061035156,105.0,11527500
2014-10-03,74.49370574951172,106.5199966430664,107.3499984741211,104.70999908447266,105.5500030517578,10294700
2014-10-06,73.52163696289062,105.12999725341795,107.4499969482422,104.81999969482422,107.22000122070312,11278300
2014-10-07,72.93418884277344,104.29000091552734,105.3000030517578,102.54000091552734,104.8499984741211,9757300
2014-10-08,76.13716888427734,108.87000274658205,108.97000122070312,104.04000091552734,104.3000030517578,16545000
2014-10-09,74.025146484375,105.8499984741211,108.62000274658205,105.72000122070312,108.41999816894533,13174600
2014-10-10,72.54255676269531,103.7300033569336,107.5,103.0,105.38999938964844,19704500
2014-10-13,70.9410629272461,101.44000244140624,104.56999969482422,101.36000061035156,104.48999786376952,14578900
2014-10-14,67.96187591552734,97.18000030517578,102.87999725341795,94.2699966430664,102.0,27245100
2014-10-15,67.24854278564453,96.16000366210938,97.7699966430664,91.7300033569336,95.0,23835100
2014-10-16,67.75206756591797,96.87999725341795,100.0,93.27999877929688,94.38999938964844,19881400
2014-10-17,70.45851135253906,100.75,102.31999969482422,98.62000274658205,98.62000274658205,17539000
2014-10-20,71.47953033447266,102.20999908447266,103.58999633789062,100.81999969482422,101.1500015258789,11887100
2014-10-21,74.59859466552734,106.66999816894533,106.66999816894533,103.45999908447266,104.0500030517578,12267900
2014-10-22,74.19298553466797,106.08999633789062,107.0,104.08000183105467,106.51000213623048,13763100
2014-10-23,74.95526885986328,107.18000030517578,108.18000030517578,105.5,106.63999938964844,13872600
2014-10-24,77.4239273071289,110.70999908447266,111.47000122070312,106.5999984741211,107.52999877929688,15125700
2014-10-27,78.73869323730469,112.58999633789062,112.98999786376952,108.87000274658205,110.7699966430664,11505500
2014-10-28,79.34013366699219,113.4499969482422,114.12999725341795,112.26000213623048,113.25,16128700
2014-10-29,77.43093872070312,110.72000122070312,113.43000030517578,108.0,109.8499984741211,21151500
2014-10-30,79.87862396240234,114.22000122070312,114.3499984741211,110.5999984741211,110.72000122070312,13796700
2014-10-31,78.3260726928711,112.0,116.83000183105467,110.76000213623048,115.9000015258789,22070000
2014-11-03,76.9134292602539,109.9800033569336,112.8000030517578,108.80999755859376,112.30999755859376,15356600
2014-11-04,76.7315902709961,109.72000122070312,110.6500015258789,108.97000122070312,109.62000274658205,10206800
2014-11-05,74.16500854492188,106.0500030517578,110.91000366210938,105.75,110.87000274658205,15459500
2014-11-06,74.78742980957031,106.94000244140624,108.4499969482422,106.0999984741211,106.94000244140624,13149400
2014-11-07,74.44475555419922,106.4499969482422,108.9499969482422,106.33000183105467,108.9000015258789,12663700
2014-11-10,74.8434066772461,107.0199966430664,109.37000274658205,106.66000366210938,109.06999969482422,21412900
2014-11-11,75.53571319580078,108.01000213623048,108.72000122070312,106.66999816894533,107.4800033569336,12206500
2014-11-12,74.75943756103516,106.9000015258789,107.80999755859376,105.6999969482422,107.76000213623048,12802200
2014-11-13,72.87122344970703,104.1999969482422,107.0500030517578,103.51000213623048,106.95999908447266,20880400
2014-11-14,71.3746337890625,102.05999755859376,103.79000091552734,100.0,103.5,23553400
2014-11-17,70.24173736572266,100.44000244140624,102.16000366210938,100.3000030517578,101.0999984741211,17100900
2014-11-18,72.528564453125,103.70999908447266,103.97000122070312,100.81999969482422,101.69000244140624,20163300
2014-11-19,71.5704574584961,102.33999633789062,103.31999969482422,101.01000213623048,103.1999969482422,13864200
2014-11-20,70.34662628173828,100.58999633789062,103.37999725341795,100.3000030517578,101.9499969482422,20027500
2014-11-21,70.33960723876953,100.58000183105467,102.51000213623048,100.08000183105467,102.20999908447266,16765000
2014-11-24,70.35360717773438,100.5999984741211,102.3000030517578,99.44000244140624,101.11000061035156,17111100
2014-11-25,70.71028137207031,101.11000061035156,101.37999725341795,98.37000274658205,100.9499969482422,20640200
2014-11-26,70.1438217163086,100.3000030517578,101.5500030517578,99.83000183105467,101.25,11536500
2014-11-28,70.1578140258789,100.31999969482422,101.33000183105467,99.6999969482422,100.98999786376952,7552700
2014-12-01,70.31864929199219,100.5500030517578,101.98999786376952,99.7699966430664,100.0,14516100
2014-12-02,71.465576171875,102.19000244140624,102.77999877929688,101.0199966430664,101.16999816894533,15568200
2014-12-03,70.5494384765625,100.87999725341795,103.08000183105467,99.86000061035156,103.04000091552734,17620800
2014-12-04,71.20682525634766,101.81999969482422,102.02999877929688,99.86000061035156,100.7699966430664,12052800
2014-12-05,73.14397430419922,104.58999633789062,105.4499969482422,102.1500015258789,102.29000091552734,18127600
2014-12-08,73.82231140136719,105.55999755859376,107.58000183105467,104.91999816894533,105.0500030517578,13754200
2014-12-09,74.06713104248047,105.91000366210938,106.0,102.22000122070312,103.80999755859376,11330900
2014-12-10,73.31880950927734,104.83999633789062,106.76000213623048,104.47000122070312,105.88999938964844,11903000
2014-12-11,72.94815063476562,104.30999755859376,106.9000015258789,104.0,105.2300033569336,10962200
2014-12-12,72.82230377197266,104.12999725341795,106.4000015258789,103.33999633789062,103.47000122070312,11245100
2014-12-15,72.14391326904297,103.16000366210938,105.94000244140624,102.37000274658205,105.23999786376952,16206000
2014-12-16,70.2557144165039,100.45999908447266,102.91000366210938,100.38999938964844,102.63999938964844,13047100
2014-12-17,71.61241912841797,102.4000015258789,102.73999786376952,99.55999755859376,100.47000122070312,13557600
2014-12-18,73.80835723876953,105.54000091552734,105.70999908447266,103.66000366210938,104.4800033569336,14285600
2014-12-19,75.84342956542969,108.4499969482422,109.48999786376952,104.63999938964844,105.88999938964844,21210300
2014-12-22,64.96866607666016,92.9000015258789,98.06999969482422,92.4499969482422,96.7300033569336,72464200
2014-12-23,62.55596923828125,89.44999694824219,93.5,85.94999694824219,93.41000366210938,61035200
2014-12-24,63.842750549316406,91.29000091552734,92.66999816894533,88.86000061035156,88.9800033569336,21196200
2014-12-26,65.59110260009766,93.79000091552734,94.36000061035156,92.30999755859376,92.76000213623048,17649600
2014-12-29,68.0457992553711,97.3000030517578,97.41999816894533,95.4000015258789,96.06999969482422,20634000
2014-12-30,66.63311004638672,95.27999877929688,98.23999786376952,95.06999969482422,97.73999786376952,18488400
2014-12-31,65.9197998046875,94.26000213623048,96.75,94.23999786376952,96.0,13879000
2015-01-02,66.37438201904297,94.91000366210938,96.6500015258789,94.5199966430664,95.13999938964844,12340200
2015-01-05,67.68913269042969,96.79000091552734,98.7300033569336,93.18000030517578,95.23999786376952,27530400
2015-01-06,68.29057312011719,97.6500015258789,99.33999633789062,96.08999633789062,98.47000122070312,22363800
2015-01-07,69.57035827636719,99.4800033569336,99.9000015258789,98.44000244140624,99.30999755859376,16373700
2015-01-08,71.5425033569336,102.3000030517578,102.4499969482422,100.29000091552734,100.8000030517578,18902300
2015-01-09,71.47953033447266,102.20999908447266,103.83000183105467,101.75,103.5199966430664,14738100
2015-01-12,70.78022003173828,101.20999908447266,103.33999633789062,100.76000213623048,102.83999633789062,12746000
2015-01-13,67.98284149169922,97.20999908447266,101.87999725341795,95.25,101.8499984741211,27030600
2015-01-14,69.41648864746094,99.26000213623048,100.08999633789062,95.70999908447266,96.0,16183700
2015-01-15,68.11572265625,97.4000015258789,100.38999938964844,97.2300033569336,99.3000030517578,11442200
2015-01-16,70.43053436279297,100.70999908447266,100.88999938964844,97.06999969482422,97.41999816894533,14097700
2015-01-20,72.57749938964844,103.77999877929688,104.0500030517578,100.1500015258789,101.13999938964844,18838100
2015-01-21,72.43766021728516,103.58000183105467,105.06999969482422,102.56999969482422,103.04000091552734,12312500
2015-01-22,73.52861785888672,105.13999938964844,105.18000030517578,101.55999755859376,104.13999938964844,12963100
2015-01-23,73.80835723876953,105.54000091552734,106.11000061035156,103.8000030517578,104.4000015258789,9593500
2015-01-26,74.90633392333984,107.11000061035156,107.7699966430664,104.87000274658205,104.87000274658205,10307500
2015-01-27,73.45167541503906,105.02999877929688,107.0199966430664,104.86000061035156,105.94000244140624,10341100
2015-01-28,71.64738464355469,102.4499969482422,105.5,102.3499984741211,105.31999969482422,11554500
2015-01-29,72.85723876953125,104.18000030517578,104.51000213623048,101.06999969482422,102.5,8410500
2015-01-30,73.31181335449219,104.83000183105467,106.2699966430664,103.7300033569336,104.33000183105467,13608200
2015-02-02,74.26289367675781,106.19000244140624,107.19000244140624,104.43000030517578,106.0999984741211,13965600
2015-02-03,74.95526885986328,107.18000030517578,107.30999755859376,104.0999984741211,106.70999908447266,19849900
2015-02-04,68.83604431152344,98.43000030517578,100.20999908447266,95.80999755859376,98.93000030517578,59415800
2015-02-05,69.86407470703125,99.9000015258789,100.91999816894533,97.3000030517578,98.91999816894533,20641500
2015-02-06,68.17166137695312,97.4800033569336,100.58000183105467,97.1500015258789,99.7300033569336,21546300
2015-02-09,67.76605224609375,96.9000015258789,98.66999816894533,96.62999725341795,97.01000213623048,12668500
2015-02-10,68.75914001464844,98.31999969482422,98.75,97.12000274658205,97.75,11495100
2015-02-11,69.92002868652344,99.9800033569336,101.26000213623048,98.41999816894533,98.62999725341795,14529600
2015-02-12,70.49347686767578,100.8000030517578,101.6999969482422,99.5999984741211,100.62000274658205,10659900
2015-02-13,71.26276397705078,101.9000015258789,101.9000015258789,100.83000183105467,101.26000213623048,11084700
2015-02-17,72.61946868896484,103.83999633789062,103.8499984741211,101.91000366210938,102.05999755859376,10789900
2015-02-18,72.68942260742188,103.94000244140624,104.13999938964844,103.01000213623048,103.76000213623048,7459400
2015-02-19,71.84320831298828,102.7300033569336,104.30999755859376,102.5500030517578,103.4000015258789,9203800
2015-02-20,71.75929260253906,102.61000061035156,102.98999786376952,101.91999816894533,102.41999816894533,9965400
2015-02-23,73.08800506591797,104.51000213623048,104.98999786376952,102.9499969482422,102.95999908447266,8926900
2015-02-24,73.22089385986328,104.6999969482422,105.41999816894533,104.01000213623048,104.58999633789062,7830300
2015-02-25,73.0320816040039,104.43000030517578,105.0,103.9000015258789,104.83999633789062,7270200
2015-02-26,72.86425018310547,104.19000244140624,104.8499984741211,103.3000030517578,104.3000030517578,6698000
2015-02-27,72.4026870727539,103.52999877929688,104.33999633789062,102.70999908447266,104.27999877929688,7940000
2015-03-02,72.61248779296875,103.83000183105467,104.3000030517578,102.8000030517578,104.3000030517578,7672800
2015-03-03,71.88518524169922,102.79000091552734,103.9000015258789,102.1500015258789,103.83999633789062,8348500
2015-03-04,72.07398986816406,103.05999755859376,104.08000183105467,101.66000366210938,102.08999633789062,8884500
2015-03-05,72.32577514648438,103.41999816894533,104.4499969482422,102.72000122070312,103.43000030517578,8650700
2015-03-06,71.19979095458984,101.80999755859376,103.75,101.70999908447266,103.0,8658900
2015-03-09,70.89210510253906,101.37000274658205,101.9800033569336,100.19000244140624,101.54000091552734,9335900
2015-03-10,69.11576080322266,98.83000183105467,100.5500030517578,98.6999969482422,99.87000274658205,12728900
2015-03-11,69.21369171142578,98.97000122070312,100.13999938964844,98.76000213623048,99.12999725341795,9006400
2015-03-12,69.88506317138672,99.93000030517578,100.5500030517578,98.87999725341795,99.62999725341795,8356800
2015-03-13,69.66129302978516,99.61000061035156,100.9800033569336,98.87999725341795,99.58999633789062,7810200
2015-03-16,70.8431625366211,101.3000030517578,101.5999984741211,99.7699966430664,100.0,10524200
2015-03-17,70.24173736572266,100.44000244140624,101.75,99.61000061035156,100.8000030517578,9906300
2015-03-18,70.12985229492188,100.27999877929688,100.58999633789062,98.54000091552734,100.27999877929688,12992200
2015-03-19,70.9410629272461,101.44000244140624,101.7300033569336,100.04000091552734,100.29000091552734,9231100
2015-03-20,71.53548431396484,102.29000091552734,102.70999908447266,101.6999969482422,102.01000213623048,17162200
2015-03-23,70.11585235595703,100.26000213623048,101.19000244140624,99.25,99.77999877929688,17983700
2015-03-24,70.92008209228516,101.41000366210938,102.8499984741211,100.06999969482422,100.48999786376952,11784800
2015-03-25,69.83609771728516,99.86000061035156,103.11000061035156,99.77999877929688,101.98999786376952,15629300
2015-03-26,70.68928527832031,101.08000183105467,101.81999969482422,98.58999633789062,99.12999725341795,10928000
2015-03-27,70.63333892822266,101.0,102.0999984741211,100.9000015258789,101.0,8815900
2015-03-30,70.41656494140625,100.69000244140624,101.66000366210938,99.56999969482422,101.12000274658205,9968200
2015-03-31,68.6262435913086,98.12999725341795,100.1999969482422,98.06999969482422,100.01000213623048,13559900
2015-04-01,68.33951568603516,97.72000122070312,98.16000366210938,95.37999725341795,98.16000366210938,15134200
2015-04-02,68.83604431152344,98.43000030517578,99.5,97.01000213623048,97.98999786376952,10727300
2015-04-06,68.38845825195312,97.79000091552734,98.73999786376952,97.19000244140624,97.91999816894533,9697300
2015-04-07,69.01785278320312,98.69000244140624,99.73999786376952,98.01000213623048,98.27999877929688,8264700
2015-04-08,69.84310913085938,99.87000274658205,100.9000015258789,98.55999755859376,98.6999969482422,10967100
2015-04-09,70.74525451660156,101.16000366210938,101.18000030517578,99.91999816894533,100.16999816894533,9178100
2015-04-10,71.17182922363281,101.7699966430664,102.4499969482422,101.05999755859376,101.75,9257600
2015-04-13,71.52851104736328,102.27999877929688,103.81999969482422,102.0,102.01000213623048,10648400
2015-04-14,71.47953033447266,102.20999908447266,102.66000366210938,101.47000122070312,102.33999633789062,7224700
2015-04-15,72.75232696533203,104.02999877929688,104.36000061035156,102.33000183105467,102.38999938964844,12899700
2015-04-16,72.26980590820312,103.33999633789062,104.72000122070312,103.11000061035156,103.9499969482422,6670400
2015-04-17,70.89910125732422,101.37999725341795,102.80999755859376,100.61000061035156,102.3499984741211,9896500
2015-04-20,70.39556884765625,100.66000366210938,102.27999877929688,100.41000366210938,102.27999877929688,8752000
2015-04-21,73.5705795288086,105.1999969482422,105.70999908447266,100.88999938964844,101.41999816894533,19722700
2015-04-22,72.85723876953125,104.18000030517578,105.41999816894533,103.83000183105467,105.23999786376952,8267300
2015-04-23,73.57756042480469,105.20999908447266,105.75,104.01000213623048,104.63999938964844,8071800
2015-04-24,72.52156829833984,103.6999969482422,105.68000030517578,103.5999984741211,104.63999938964844,9734400
2015-04-27,71.99005889892578,102.94000244140624,104.52999877929688,102.01000213623048,104.18000030517578,10829200
2015-04-28,72.53553771972656,103.72000122070312,103.83000183105467,101.13999938964844,103.12000274658205,9793700
2015-04-29,71.55646514892578,102.31999969482422,103.9000015258789,101.62000274658205,103.12000274658205,8932200
2015-04-30,70.29070281982422,100.51000213623048,102.6999969482422,99.8000030517578,102.1500015258789,14009500
2015-05-01,73.43770599365234,105.01000213623048,106.33999633789062,102.5,103.1999969482422,22306500
2015-05-04,73.89228057861328,105.66000366210938,107.5,105.22000122070312,105.6500015258789,13215600
2015-05-05,72.0250244140625,102.98999786376952,105.7300033569336,102.7300033569336,105.3000030517578,15046500
2015-05-06,71.52149200439453,102.2699966430664,103.83000183105467,101.5199966430664,103.4499969482422,10065200
2015-05-07,71.18583679199219,101.79000091552734,102.3499984741211,99.66000366210938,102.16999816894533,13878300
2015-05-08,72.62647247314453,103.8499984741211,103.95999908447266,102.87999725341795,103.0,9651700
2015-05-11,73.24190521240234,104.7300033569336,105.36000061035156,104.0,104.19000244140624,9956100
2015-05-12,73.82231140136719,105.55999755859376,106.1500015258789,103.4499969482422,104.20999908447266,9552600
2015-05-13,74.40280151367188,106.38999938964844,107.43000030517578,105.9499969482422,105.97000122070312,10814500
2015-05-14,76.04620361328125,108.73999786376952,108.8499984741211,106.66000366210938,107.2699966430664,12761300
2015-05-15,76.43787384033203,109.3000030517578,110.23999786376952,108.29000091552734,109.0500030517578,13419600
2015-05-18,77.62675476074219,111.0,111.33000183105467,109.36000061035156,109.58999633789062,13716000
2015-05-19,77.31903839111328,110.55999755859376,111.5500030517578,110.0500030517578,111.12000274658205,8676900
2015-05-20,77.04627990722656,110.16999816894533,110.91000366210938,108.1500015258789,110.08999633789062,10335100
2015-05-21,77.78060913085938,111.22000122070312,111.47000122070312,109.80999755859376,109.9000015258789,8374000
2015-05-22,78.1232681274414,111.70999908447266,112.66000366210938,110.6999969482422,110.6999969482422,12079000
2015-05-26,76.76654052734375,109.7699966430664,111.52999877929688,109.54000091552734,111.48999786376952,16006900
2015-05-27,78.64778900146484,112.45999908447266,112.5999984741211,109.9800033569336,110.33999633789062,11722000
2015-05-28,78.92052459716797,112.8499984741211,113.43000030517578,111.81999969482422,112.01000213623048,8252400
2015-05-29,78.5149154663086,112.2699966430664,113.37000274658205,111.8499984741211,113.1500015258789,11343500
2015-06-01,79.78069305419922,114.08000183105467,114.76000213623048,112.6500015258789,113.16999816894533,11417600
2015-06-02,79.68281555175781,113.94000244140624,114.1999969482422,113.13999938964844,113.8499984741211,10189800
2015-06-03,80.1793441772461,114.6500015258789,114.93000030517578,113.87000274658205,114.2699966430664,7413400
2015-06-04,79.67581176757812,113.93000030517578,114.58000183105467,113.26000213623048,113.9000015258789,8637600
2015-06-05,79.69679260253906,113.95999908447266,114.27999877929688,112.5199966430664,113.81999969482422,8435700
2015-06-08,79.51496124267578,113.6999969482422,114.7699966430664,113.52999877929688,113.95999908447266,10742900
2015-06-09,80.24927520751953,114.75,115.3000030517578,113.1500015258789,113.22000122070312,9566700
2015-06-10,82.2913589477539,117.66999816894533,117.93000030517578,114.80999755859376,115.0199966430664,11986000
2015-06-11,83.31238555908203,119.12999725341795,119.6999969482422,117.9000015258789,118.08000183105467,14474700
2015-06-12,82.58243560791016,117.66000366210938,118.75,116.76000213623048,118.58999633789062,9266000
2015-06-15,82.93336486816406,118.16000366210938,118.38999938964844,116.4000015258789,116.72000122070312,9605800
2015-06-16,83.57208251953125,119.06999969482422,119.4499969482422,117.41999816894533,118.2699966430664,8447800
2015-06-17,83.43872833251953,118.87999725341795,119.4499969482422,117.86000061035156,119.08999633789062,12078300
2015-06-18,85.07408905029297,121.20999908447266,121.77999877929688,119.0199966430664,119.18000030517578,13653000
2015-06-19,84.08443450927734,119.8000030517578,121.0,119.5500030517578,120.47000122070312,21020000
2015-06-22,85.27061462402344,121.48999786376952,121.87000274658205,120.55999755859376,120.7699966430664,8040700
2015-06-23,85.77597045898438,122.20999908447266,122.4000015258789,121.0999984741211,121.81999969482422,8429200
2015-06-24,85.63556671142578,122.01000213623048,123.37000274658205,121.6500015258789,121.88999938964844,8354800
2015-06-25,84.3862533569336,120.2300033569336,122.61000061035156,119.80999755859376,122.4800033569336,8575000
2015-06-26,83.8738784790039,119.5,120.61000061035156,118.88999938964844,120.3000030517578,9730800
2015-06-29,81.03832244873047,115.45999908447266,119.13999938964844,115.3000030517578,117.87999725341795,12491100
2015-06-30,82.17535400390625,117.08000183105467,118.3000030517578,116.77999877929688,117.29000091552734,11345200
2015-07-01,81.42434692382812,116.01000213623048,118.5999984741211,115.4000015258789,118.11000061035156,10248500
2015-07-02,80.74351501464844,115.04000091552734,116.48999786376952,114.91000366210938,116.33000183105467,8832000
2015-07-06,81.17867279052734,115.66000366210938,116.44000244140624,114.12000274658205,114.45999908447266,13543300
2015-07-07,80.80670928955078,115.12999725341795,116.41999816894533,113.12999725341795,115.9499969482422,10183000
2015-07-08,79.26958465576172,112.94000244140624,114.41000366210938,112.41000366210938,114.25,9238800
2015-07-09,79.56439208984375,113.36000061035156,114.75,113.33000183105467,114.4000015258789,9007800
2015-07-10,79.83108520507812,113.73999786376952,115.0,113.1999969482422,114.87999725341795,9703400
2015-07-13,80.39959716796875,114.5500030517578,115.11000061035156,114.30999755859376,115.0,9632800
2015-07-14,82.37185668945312,117.36000061035156,117.80999755859376,114.87000274658205,115.22000122070312,11295900
2015-07-15,82.39293670654297,117.38999938964844,119.72000122070312,117.20999908447266,119.05999755859376,10479200
2015-07-16,83.41767120361328,118.8499984741211,119.4000015258789,118.05999755859376,118.33000183105467,7514600
2015-07-17,83.0035629272461,118.26000213623048,118.8499984741211,117.22000122070312,118.75,8170100
2015-07-20,82.9614486694336,118.1999969482422,118.9499969482422,117.83999633789062,118.8000030517578,7218700
2015-07-21,82.66667175292969,117.77999877929688,118.9800033569336,116.91999816894533,118.20999908447266,6489100
2015-07-22,82.4280014038086,117.44000244140624,118.4000015258789,116.55999755859376,116.81999969482422,6977100
2015-07-23,82.58243560791016,117.66000366210938,118.5999984741211,117.41999816894533,117.86000061035156,6110300
2015-07-24,79.1923828125,112.83000183105467,117.1500015258789,112.66000366210938,116.13999938964844,15067600
2015-07-27,77.5850830078125,110.54000091552734,112.87999725341795,108.0,112.62999725341795,14883600
2015-07-28,79.36084747314453,113.06999969482422,113.4000015258789,110.73999786376952,112.5199966430664,16439700
2015-07-29,81.21379089355469,115.70999908447266,119.45999908447266,115.11000061035156,118.37999725341795,23144800
2015-07-30,82.75089263916016,117.9000015258789,118.25,114.75,116.11000061035156,11977200
2015-07-31,82.72281646728516,117.86000061035156,119.0,117.12000274658205,118.97000122070312,9217900
2015-08-03,83.94404602050781,119.5999984741211,120.16999816894533,118.18000030517578,118.5,11660000
2015-08-04,83.43169403076172,118.87000274658205,120.37000274658205,118.55999755859376,119.5999984741211,7876400
2015-08-05,83.2843017578125,118.66000366210938,120.06999969482422,118.37999725341795,119.6999969482422,8071000
2015-08-06,80.9260025024414,115.3000030517578,119.48999786376952,114.80999755859376,119.4499969482422,10755300
2015-08-07,80.32238006591797,114.44000244140624,115.3000030517578,113.12999725341795,115.27999877929688,9670200
2015-08-10,81.82440185546875,116.58000183105467,117.12000274658205,115.51000213623048,115.7300033569336,7776200
2015-08-11,81.14360046386719,115.61000061035156,116.8499984741211,114.68000030517578,115.12000274658205,6567700
2015-08-12,81.59278869628906,116.25,116.45999908447266,113.5500030517578,114.8499984741211,6999600
2015-08-13,80.8558120727539,115.1999969482422,116.70999908447266,115.18000030517578,116.25,6337400
2015-08-14,81.13656616210938,115.5999984741211,115.87000274658205,114.5500030517578,114.66000366210938,5533400
2015-08-17,81.71212005615234,116.41999816894533,116.88999938964844,115.01000213623048,115.08000183105467,7126700
2015-08-18,82.16131591796875,117.05999755859376,117.6999969482422,115.98999786376952,116.52999877929688,5934000
2015-08-19,81.56472778320312,116.20999908447266,117.1999969482422,115.4000015258789,116.6500015258789,7504800
2015-08-20,78.88355255126953,112.38999938964844,116.08999633789062,112.3499984741211,114.86000061035156,9200200
2015-08-21,73.92833709716797,105.33000183105467,111.22000122070312,105.33000183105467,110.54000091552734,22739400
2015-08-24,70.65058898925781,100.66000366210938,101.0,86.0,97.30999755859376,25731800
2015-08-25,71.984130859375,102.55999755859376,107.9000015258789,102.55999755859376,105.43000030517578,18482500
2015-08-26,75.07239532470703,106.95999908447266,107.0999984741211,102.45999908447266,105.91999816894533,15627600
2015-08-27,75.79529571533203,107.98999786376952,109.5999984741211,105.66999816894533,108.43000030517578,14610300
2015-08-28,75.64791107177734,107.77999877929688,108.79000091552734,106.77999877929688,106.95999908447266,10755900
2015-08-31,73.745849609375,105.06999969482422,108.33000183105467,104.62999725341795,107.41999816894533,11736900
2015-09-01,71.23314666748047,101.48999786376952,104.63999938964844,101.0,102.22000122070312,13548000
2015-09-02,73.184326171875,104.2699966430664,104.3000030517578,101.0199966430664,103.44000244140624,11509300
2015-09-03,71.52793884277344,101.91000366210938,105.0,101.69000244140624,104.91999816894533,9928100
2015-09-04,71.63320922851562,102.05999755859376,103.23999786376952,100.5500030517578,101.02999877929688,10336500
2015-09-08,73.62655639648438,104.9000015258789,104.9499969482422,102.91000366210938,103.83999633789062,9992600
2015-09-09,72.8685073852539,103.81999969482422,106.4499969482422,103.54000091552734,106.1999969482422,7896500
2015-09-10,75.27591705322266,107.25,108.5,103.87000274658205,104.0,10368500
2015-09-11,76.94640350341797,109.62999725341795,109.69000244140624,106.25,106.86000061035156,9387600
2015-09-14,77.05207824707031,109.3499984741211,109.62999725341795,108.4000015258789,109.47000122070312,7505800
2015-09-15,78.24996185302734,111.0500030517578,111.80999755859376,108.8499984741211,109.45999908447266,7944100
2015-09-16,78.23587036132812,111.02999877929688,111.75,109.4800033569336,110.72000122070312,8116000
2015-09-17,78.64458465576172,111.61000061035156,113.30999755859376,109.75,110.87999725341795,9858400
2015-09-18,76.41085815429688,108.44000244140624,110.87000274658205,108.20999908447266,109.62000274658205,13156900
2015-09-21,74.50833892822266,105.73999786376952,109.37000274658205,104.58999633789062,109.12000274658205,15141600
2015-09-22,75.05091857910156,106.51000213623048,107.04000091552734,102.86000061035156,103.98999786376952,14843500
2015-09-23,74.33219146728516,105.48999786376952,106.8499984741211,104.6999969482422,106.47000122070312,7973100
2015-09-24,72.23237609863281,102.51000213623048,105.1500015258789,101.51000213623048,104.38999938964844,13464100
2015-09-25,70.56237030029297,100.13999938964844,104.19000244140624,99.19000244140624,104.02999877929688,15998900
2015-09-28,66.79962921142578,94.8000030517578,99.26000213623048,94.56999969482422,99.05999755859376,23907400
2015-09-29,67.64519500732422,96.0,97.73999786376952,93.19000244140624,95.08000183105467,18416500
2015-09-30,69.1883316040039,98.19000244140624,99.72000122070312,96.91999816894533,98.44000244140624,15811800
2015-10-01,69.24471282958984,98.2699966430664,98.79000091552734,96.3499984741211,98.54000091552734,13403600
2015-10-02,69.25174713134766,98.27999877929688,98.30999755859376,94.37000274658205,95.54000091552734,19143500
2015-10-05,69.94227600097656,99.26000213623048,101.3000030517578,97.66000366210938,99.98999786376952,14536000
2015-10-06,68.73030853271484,97.54000091552734,98.9000015258789,95.0500030517578,98.81999969482422,14842700
2015-10-07,70.65397644042969,100.2699966430664,100.79000091552734,97.5,97.98999786376952,12457700
2015-10-08,71.03446960449219,100.80999755859376,101.16000366210938,98.06999969482422,100.02999877929688,11833100
2015-10-09,70.92174530029297,100.6500015258789,101.8000030517578,99.4499969482422,101.2699966430664,8622200
2015-10-12,70.11846160888672,99.51000213623048,101.22000122070312,99.37999725341795,101.08000183105467,8863800
2015-10-13,69.1883316040039,98.19000244140624,99.81999969482422,98.0,98.91000366210938,9411200
2015-10-14,69.32926177978516,98.38999938964844,99.94000244140624,98.11000061035156,98.37000274658205,9575800
2015-10-15,71.61934661865234,101.63999938964844,101.69000244140624,97.5999984741211,98.08999633789062,9462400
2015-10-16,72.45787048339844,102.83000183105467,103.37000274658205,101.51000213623048,101.9499969482422,9975800
2015-10-19,73.00748443603516,103.61000061035156,103.83999633789062,101.83999633789062,102.63999938964844,7636900
2015-10-20,71.6334457397461,101.66000366210938,103.9499969482422,101.12999725341795,103.43000030517578,10164800
2015-10-21,71.68276977539062,101.7300033569336,102.91999816894533,99.37000274658205,102.79000091552734,9837500
2015-10-22,75.81896209716797,107.5999984741211,109.41999816894533,100.4000015258789,102.0,24746600
2015-10-23,76.09375762939453,107.98999786376952,109.6500015258789,105.5,108.45999908447266,15001300
2015-10-26,76.54473114013672,108.62999725341795,110.36000061035156,107.44000244140624,108.6500015258789,10906500
2015-10-27,78.18656158447266,110.95999908447266,111.11000061035156,108.69000244140624,109.38999938964844,15787000
2015-10-28,76.19244384765625,108.12999725341795,109.20999908447266,105.94000244140624,109.0,17795600
2015-10-29,76.95342254638672,109.20999908447266,110.7699966430664,107.69000244140624,108.18000030517578,10783300
2015-10-30,76.19244384765625,108.12999725341795,109.86000061035156,108.08000183105467,109.5199966430664,8545000
2015-11-02,77.22826385498047,109.5999984741211,109.9499969482422,108.31999969482422,108.76000213623048,8362000
2015-11-03,76.87593841552734,109.0999984741211,109.54000091552734,108.31999969482422,109.4000015258789,7458600
2015-11-04,76.79137420654297,108.9800033569336,109.7300033569336,107.3000030517578,109.5999984741211,8081800
2015-11-05,75.98103332519531,107.83000183105467,108.38999938964844,106.0500030517578,108.33000183105467,10182100
2015-11-06,76.34040832519531,108.33999633789062,108.33999633789062,106.36000061035156,107.0,8565900
2015-11-09,76.1783218383789,108.11000061035156,108.52999877929688,107.08000183105467,108.0,8142200
2015-11-10,76.69978332519531,108.8499984741211,109.37000274658205,107.94000244140624,108.0999984741211,8571300
2015-11-11,75.53005981445312,107.19000244140624,109.2300033569336,107.02999877929688,108.91000366210938,6056800
2015-11-12,73.4443588256836,104.2300033569336,107.0999984741211,104.16000366210938,106.94000244140624,8010900
2015-11-13,72.2746353149414,102.56999969482422,104.18000030517578,102.12000274658205,104.08999633789062,10848400
2015-11-16,73.14839935302734,103.80999755859376,104.0,101.63999938964844,102.9000015258789,7344200
2015-11-17,73.6557388305664,104.52999877929688,104.88999938964844,103.5,104.4499969482422,6921800
2015-11-18,76.19244384765625,108.12999725341795,108.22000122070312,104.4499969482422,104.48999786376952,8246800
2015-11-19,75.05091857910156,106.51000213623048,108.0500030517578,106.20999908447266,108.0,7019600
2015-11-20,75.07207489013672,106.54000091552734,107.97000122070312,106.41999816894533,107.33999633789062,7113200
2015-11-23,74.94522094726562,106.36000061035156,107.6500015258789,105.93000030517578,106.6999969482422,5481700
2015-11-24,75.09319305419922,106.56999969482422,106.8000030517578,105.5,105.75,6547100
2015-11-25,75.94580078125,107.77999877929688,108.06999969482422,106.30999755859376,106.56999969482422,5720500
2015-11-27,76.100830078125,108.0,108.62999725341795,107.62000274658205,108.13999938964844,2749200
2015-11-30,74.66336059570312,105.95999908447266,108.30999755859376,105.69000244140624,108.20999908447266,9837800
2015-12-01,74.58584594726562,105.8499984741211,107.37999725341795,104.6500015258789,106.3499984741211,10659500
2015-12-02,73.59231567382812,104.44000244140624,105.56999969482422,104.3000030517578,105.0,8850500
2015-12-03,71.43612670898438,101.37999725341795,104.58999633789062,100.5,104.31999969482422,13772400
2015-12-04,73.33159637451172,104.06999969482422,104.16000366210938,101.25,101.44000244140624,8738300
2015-12-07,72.51420593261719,102.91000366210938,104.1500015258789,102.25,104.11000061035156,5956100
2015-12-08,72.95109558105469,103.52999877929688,104.06999969482422,101.7300033569336,102.06999969482422,6675600
2015-12-09,71.83778381347656,101.9499969482422,104.33000183105467,101.5,103.25,7534900
2015-12-10,72.30986785888672,102.62000274658205,103.05999755859376,101.55999755859376,102.4499969482422,7653300
2015-12-11,70.48487091064453,100.02999877929688,102.47000122070312,99.66999816894533,101.3499984741211,9518900
2015-12-14,71.11470031738281,100.48999786376952,100.93000030517578,98.66000366210938,99.97000122070312,10251300
2015-12-15,72.16206359863281,101.97000122070312,103.0,101.44000244140624,101.73999786376952,11740300
2015-12-16,73.13157653808594,103.33999633789062,103.48999786376952,101.63999938964844,103.18000030517578,10950300
2015-12-17,72.4380874633789,102.36000061035156,104.79000091552734,102.33000183105467,104.25,7614400
2015-12-18,71.90023040771484,101.5999984741211,101.98999786376952,100.91999816894533,101.68000030517578,15768500
2015-12-21,72.62914276123047,102.62999725341795,103.26000213623048,101.62999725341795,102.20999908447266,8306500
2015-12-22,72.79191589355469,102.86000061035156,103.54000091552734,102.48999786376952,102.98999786376952,7151200
2015-12-23,72.99003601074219,103.13999938964844,103.58999633789062,102.69000244140624,103.58999633789062,7279900
2015-12-24,73.30145263671875,103.58000183105467,103.9000015258789,103.1500015258789,103.3499984741211,2656900
2015-12-28,71.95684051513672,101.68000030517578,103.30999755859376,101.51000213623048,103.0,5270900
2015-12-29,73.14574432373047,103.36000061035156,103.5500030517578,101.56999969482422,102.25,7647300
2015-12-30,72.29651641845703,102.16000366210938,103.0500030517578,102.02999877929688,102.83999633789062,4876300
2015-12-31,71.61006927490234,101.19000244140624,102.41999816894533,101.16999816894533,102.36000061035156,6245200
2016-01-04,69.35965728759766,98.01000213623048,100.0,97.01000213623048,99.7699966430664,14904400
2016-01-05,70.24427032470703,99.26000213623048,99.8499984741211,98.6999969482422,99.69000244140624,9260800
2016-01-06,70.98023986816406,100.3000030517578,100.68000030517578,97.5199966430664,97.56999969482422,12540700
2016-01-07,68.11414337158203,96.25,99.0,96.02999877929688,98.05999755859376,12944600
2016-01-08,68.25567626953125,96.4499969482422,97.98999786376952,96.41000366210938,96.9000015258789,11976000
2016-01-11,68.29104614257812,96.5,97.22000122070312,94.29000091552734,97.22000122070312,12322500
2016-01-12,68.71565246582031,97.0999984741211,98.48999786376952,95.20999908447266,96.9000015258789,9830100
2016-01-13,65.48863983154297,92.54000091552734,98.02999877929688,92.12000274658205,97.25,12135700
2016-01-14,65.82833862304688,93.0199966430664,94.87999725341795,90.79000091552734,92.72000122070312,16303200
2016-01-15,64.99324035644531,91.83999633789062,92.77999877929688,89.68000030517578,90.37000274658205,18108300
2016-01-19,63.62038040161133,89.9000015258789,93.22000122070312,88.8499984741211,93.13999938964844,14373700
2016-01-20,64.08036804199219,90.5500030517578,91.83000183105467,86.27999877929688,88.0,19676300
2016-01-21,62.89146041870117,88.87000274658203,90.5999984741211,88.70999908447266,90.37000274658205,12158300
2016-01-22,64.98621368408203,91.83000183105467,92.06999969482422,89.70999908447266,90.4000015258789,9160700
2016-01-25,64.1228256225586,90.61000061035156,93.54000091552734,90.43000030517578,91.52999877929688,10188400
2016-01-26,65.25513458251953,92.20999908447266,92.83000183105467,90.25,90.72000122070312,6889200
2016-01-27,63.42931365966797,89.62999725341797,92.0999984741211,89.0,91.83999633789062,12520300
2016-01-28,61.94313430786133,87.52999877929688,90.22000122070312,86.86000061035156,90.0,14168300
2016-01-29,58.73738861083984,83.0,85.30000305175781,82.33000183105469,84.27999877929688,37029000
2016-02-01,59.4804573059082,84.05000305175781,84.5199966430664,82.27999877929688,82.31999969482422,17943600
2016-02-02,58.53216552734375,82.70999908447266,84.22000122070312,81.88999938964844,84.18000030517578,16895600
2016-02-03,61.136417388916016,86.38999938964844,86.98999786376953,83.87000274658203,84.91000366210938,24497700
2016-02-04,61.34165573120117,86.68000030517578,87.44999694824219,85.61000061035156,86.0199966430664,14538700
2016-02-05,60.2518196105957,85.13999938964844,88.0199966430664,84.44999694824219,86.68000030517578,15732800
2016-02-08,60.33675384521485,85.26000213623047,86.6500015258789,83.86000061035156,84.19000244140625,19111300
2016-02-09,61.74505233764648,87.25,88.4800033569336,84.0999984741211,84.19999694824219,14322700
2016-02-10,62.13423538208008,87.80000305175781,89.8499984741211,87.54000091552734,88.69000244140625,13462300
2016-02-11,61.8228759765625,87.36000061035156,88.44999694824219,86.01000213623047,86.5,13013400
2016-02-12,63.294830322265625,89.44000244140625,89.87999725341797,86.68000030517578,88.66000366210938,11311700
2016-02-16,64.5049819946289,91.1500015258789,91.27999877929688,89.88999938964844,90.72000122070312,12278000
2016-02-17,63.23823165893555,89.36000061035156,91.5,88.66000366210938,91.08999633789062,22772800
2016-02-18,62.97637939453125,88.98999786376953,90.9499969482422,88.93000030517578,89.5999984741211,11427500
2016-02-19,61.879493713378906,87.44000244140625,88.9800033569336,87.12000274658203,88.19999694824219,12897800
2016-02-22,63.05424499511719,89.0999984741211,89.5,88.05000305175781,88.3499984741211,9749400
2016-02-23,62.52346420288086,88.3499984741211,89.4000015258789,87.9000015258789,89.0999984741211,8394500
2016-02-24,63.23823165893555,89.36000061035156,89.54000091552734,86.79000091552734,87.41000366210938,8338400
2016-02-25,63.80437850952149,90.16000366210938,90.48999786376952,89.55000305175781,90.0,9171500
2016-02-26,62.34654998779297,88.0999984741211,90.91999816894533,87.88999938964844,90.61000061035156,13349700
2016-02-29,61.74505233764648,87.25,89.13999938964844,87.25,87.87000274658203,12732500
2016-03-01,63.471778869628906,89.69000244140625,89.72000122070312,87.30000305175781,87.9000015258789,11746100
2016-03-02,62.84191131591797,88.80000305175781,89.68000030517578,87.95999908447266,89.5999984741211,10557200
2016-03-03,62.15547561645508,87.83000183105469,89.30999755859375,87.4800033569336,89.12999725341797,12374600
2016-03-04,61.71671676635742,87.20999908447266,89.0999984741211,86.8499984741211,88.30000305175781,21201900
2016-03-07,63.443458557128906,89.6500015258789,90.04000091552734,86.87999725341797,87.11000061035156,13100600
2016-03-08,62.74285507202149,88.66000366210938,90.4000015258789,88.3499984741211,89.6500015258789,11056800
2016-03-09,62.15547561645508,87.83000183105469,89.25,87.43000030517578,88.94000244140625,10428100
2016-03-10,62.72869491577149,88.63999938964844,89.9000015258789,87.81999969482422,88.30000305175781,10884500
2016-03-11,63.443458557128906,89.6500015258789,89.9800033569336,88.80000305175781,89.97000122070312,10581000
2016-03-14,64.3252182006836,90.45999908447266,91.20999908447266,89.33999633789062,90.0,11004900
2016-03-15,63.599891662597656,89.44000244140625,90.06999969482422,89.02999877929688,89.91999816894531,10265100
2016-03-16,64.19718933105469,90.27999877929688,90.87999725341795,88.91000366210938,88.95999908447266,8860200
2016-03-17,63.66387939453125,89.52999877929688,90.37000274658205,88.80999755859375,89.79000091552734,10549300
2016-03-18,64.19009399414062,90.2699966430664,90.7300033569336,89.54000091552734,90.0199966430664,16824300
2016-03-21,65.89672088623047,92.66999816894533,93.01000213623048,90.0,90.0,9816900
2016-03-22,66.64338684082031,93.72000122070312,93.95999908447266,92.0500030517578,92.13999938964844,9830800
2016-03-23,64.05501556396484,90.08000183105467,92.22000122070312,89.97000122070312,90.95999908447266,13891900
2016-03-24,64.93675231933594,91.31999969482422,92.81999969482422,89.44000244140625,89.61000061035156,14396500
2016-03-28,65.74739074707031,92.45999908447266,94.30999755859376,91.94000244140624,92.06999969482422,9606800
2016-03-29,65.5625,92.1999969482422,92.23999786376952,90.61000061035156,92.19000244140624,8664500
2016-03-30,65.39897918701172,91.97000122070312,93.56999969482422,91.55999755859376,92.47000122070312,8125200
2016-03-31,65.32073974609375,91.86000061035156,92.75,91.54000091552734,91.9000015258789,13656300
2016-04-01,66.92780303955078,94.12000274658205,94.37999725341795,91.04000091552734,91.33999633789062,11423000
2016-04-04,67.01313018798828,94.23999786376952,95.0,93.75,94.3499984741211,8804800
2016-04-05,67.95885467529297,95.56999969482422,96.69000244140624,93.5,93.5500030517578,11808600
2016-04-06,69.28862762451172,97.44000244140624,97.5,95.4800033569336,95.48999786376952,11118800
2016-04-07,67.95885467529297,95.56999969482422,97.62999725341795,95.08999633789062,97.20999908447266,13333100
2016-04-08,68.32864379882812,96.08999633789062,97.4499969482422,95.58000183105467,96.20999908447266,9722900
2016-04-11,68.1437759399414,95.83000183105467,97.0500030517578,95.73999786376952,96.41000366210938,8796300
2016-04-12,69.14640808105469,97.23999786376952,97.4000015258789,95.5,96.0,9224800
2016-04-13,69.11083984375,97.19000244140624,97.97000122070312,96.6500015258789,97.83999633789062,9299000
2016-04-14,69.82194519042969,98.19000244140624,98.7699966430664,96.9000015258789,97.01000213623048,8743400
2016-04-15,69.89305877685547,98.29000091552734,98.9800033569336,97.62000274658205,98.52999877929688,8910600
2016-04-18,70.5401382446289,99.1999969482422,99.7300033569336,98.11000061035156,98.16999816894533,8067800
2016-04-19,70.71080780029297,99.44000244140624,100.7300033569336,99.23999786376952,99.76000213623048,9811700
2016-04-20,71.1872329711914,100.11000061035156,100.95999908447266,99.3499984741211,99.3499984741211,8864100
2016-04-21,72.3462905883789,101.73999786376952,101.83999633789062,99.9000015258789,99.9000015258789,9038200
2016-04-22,72.48141479492188,101.93000030517578,102.4499969482422,100.5,101.55999755859376,10301900
2016-04-25,72.73738098144531,102.29000091552734,102.37999725341795,101.5,101.83999633789062,8292300
2016-04-26,72.05477142333984,101.33000183105467,103.0999984741211,101.01000213623048,102.0199966430664,9342600
2016-04-27,71.62101745605469,100.72000122070312,101.77999877929688,100.1500015258789,101.3000030517578,8585800
2016-04-28,68.9757308959961,97.0,100.75,96.8000030517578,100.41000366210938,15680300
2016-04-29,62.72523880004883,88.20999908447266,92.52999877929688,87.80000305175781,91.19000244140624,33629200
2016-05-02,63.28702163696289,89.0,89.44999694824219,86.75,88.69999694824219,13524000
2016-05-03,61.98571395874024,87.16999816894531,89.12000274658203,87.0,88.66999816894531,9881800
2016-05-04,60.86931610107422,85.5999984741211,86.98999786376953,85.41000366210938,86.66000366210938,12187800
2016-05-05,61.05420303344727,85.86000061035156,86.4000015258789,85.19999694824219,86.3499984741211,8035800
2016-05-06,60.21511459350586,84.68000030517578,85.83999633789062,84.04000091552734,85.66999816894531,9271300
2016-05-09,60.9190673828125,85.66999816894531,86.45999908447266,84.69999694824219,84.98999786376953,8469000
2016-05-10,61.28175735473633,86.18000030517578,86.4800033569336,84.88999938964844,86.41000366210938,6840000
2016-05-11,59.66046524047852,83.9000015258789,86.4000015258789,83.80999755859375,86.38999938964844,8445700
2016-05-12,58.849830627441406,82.76000213623047,84.30000305175781,81.69999694824219,84.0999984741211,12095700
2016-05-13,58.8071517944336,82.69999694824219,83.87000274658203,82.41000366210938,82.66000366210938,8332900
2016-05-16,59.45424270629883,83.61000061035156,83.83000183105469,82.5,82.69999694824219,6508100
2016-05-17,58.849830627441406,82.76000213623047,83.73999786376953,82.44999694824219,83.5,8379200
2016-05-18,58.93513488769531,82.87999725341797,83.44000244140625,82.33000183105469,82.73999786376953,7475100
2016-05-19,58.40895080566406,82.13999938964844,82.58999633789062,81.27999877929688,82.30999755859375,9272400
2016-05-20,58.76448059082031,82.63999938964844,83.08000183105469,82.06999969482422,82.16999816894531,7953000
2016-05-23,59.25513458251953,83.33000183105469,84.02999877929688,82.25,83.0199966430664,7782700
2016-05-24,61.31021881103516,86.22000122070312,86.44000244140625,83.70999908447266,83.77999877929688,13171300
2016-05-25,61.51642608642578,86.51000213623047,87.0,85.69999694824219,86.80000305175781,11621400
2016-05-26,60.64887237548828,85.29000091552734,86.5,85.05000305175781,86.44000244140625,8126000
2016-05-27,61.02577209472656,85.81999969482422,86.0199966430664,85.19999694824219,85.81999969482422,6125900
2016-05-31,61.90748977661133,87.05999755859375,87.2300033569336,86.05000305175781,86.4000015258789,12517800
2016-06-01,61.566165924072266,86.58000183105469,87.30000305175781,86.30999755859375,87.2300033569336,7451800
2016-06-02,61.66572952270508,86.72000122070312,87.06999969482422,85.86000061035156,86.69000244140625,7281100
2016-06-03,61.26041793823242,86.1500015258789,86.9800033569336,85.55000305175781,86.8499984741211,7443800
2016-06-06,62.29147338867188,87.5999984741211,87.87000274658203,86.0999984741211,86.16999816894531,8596700
2016-06-07,62.22037124633789,87.5,88.23999786376953,86.9000015258789,87.54000091552734,7923800
2016-06-08,62.163482666015625,87.41999816894531,88.08999633789062,86.81999969482422,87.5199966430664,7331600
2016-06-09,60.99020767211914,85.7699966430664,87.25,85.6500015258789,86.91999816894531,8083700
2016-06-10,60.051544189453125,84.44999694824219,85.16999816894531,84.08000183105469,84.9800033569336,8075200
2016-06-13,59.71734237670898,83.9800033569336,84.80999755859375,83.9000015258789,84.02999877929688,8194100
2016-06-14,59.76025772094727,83.56999969482422,84.55999755859375,82.7699966430664,83.5,7488700
2016-06-15,59.38124847412109,83.04000091552734,84.44000244140625,82.97000122070312,84.05000305175781,7416100
2016-06-16,59.71735763549805,83.51000213623047,83.69999694824219,82.2300033569336,82.77999877929688,6172200
2016-06-17,59.10234832763672,82.6500015258789,84.16999816894531,82.52999877929688,83.68000030517578,15951300
2016-06-20,59.34551239013672,82.98999786376953,84.12000274658203,82.9000015258789,83.26000213623047,6951800
2016-06-21,58.48738861083984,81.79000091552734,83.44000244140625,81.43000030517578,83.3499984741211,8412000
2016-06-22,58.9593391418457,82.44999694824219,83.79000091552734,81.55999755859375,81.55999755859375,10069600
2016-06-23,59.61723709106445,83.37000274658203,83.58000183105469,82.54000091552734,83.29000091552734,5844000
2016-06-24,57.5434684753418,80.47000122070312,82.25,80.22000122070312,81.16999816894531,12438000
2016-06-27,55.95595932006836,78.25,80.47000122070312,77.91999816894531,79.9000015258789,11724000
2016-06-28,58.8592414855957,82.30999755859375,82.41999816894531,79.44999694824219,79.66999816894531,14751000
2016-06-29,58.83063125610352,82.2699966430664,83.45999908447266,81.75,83.38999938964844,10452600
2016-06-30,59.65299224853516,83.41999816894531,83.41999816894531,81.52999877929688,82.2699966430664,9706500
2016-07-01,60.68272018432617,84.86000061035156,85.30000305175781,82.75,83.1500015258789,8336300
2016-07-05,59.98904800415039,83.88999938964844,85.16000366210938,83.51000213623047,84.68000030517578,7621700
2016-07-06,61.30486679077149,85.7300033569336,85.91000366210938,83.33000183105469,83.63999938964844,9683800
2016-07-07,61.118934631347656,85.47000122070312,86.26000213623047,84.7699966430664,85.9000015258789,6764500
2016-07-08,61.89122772216797,86.55000305175781,86.94000244140625,85.7300033569336,85.95999908447266,7628800
2016-07-11,61.676719665527344,86.25,87.2300033569336,86.08999633789062,86.55999755859375,7453900
2016-07-12,61.94842147827149,86.62999725341797,87.30999755859375,86.4800033569336,86.81999969482422,7857700
2016-07-13,61.31915283203125,85.75,87.08000183105469,85.72000122070312,86.70999908447266,8334400
2016-07-14,61.16897964477539,85.54000091552734,86.51000213623047,85.2699966430664,86.43000030517578,8104400
2016-07-15,61.9770393371582,86.66999816894531,87.95999908447266,85.54000091552734,85.66999816894531,11483300
2016-07-18,62.162967681884766,86.93000030517578,87.33999633789062,86.47000122070312,86.94000244140625,6788300
2016-07-19,61.09748458862305,85.44000244140625,86.95999908447266,85.27999877929688,86.5,9832800
2016-07-20,61.96990203857422,86.66000366210938,87.12000274658203,85.0999984741211,85.45999908447266,9055900
2016-07-21,62.38461685180664,87.23999786376953,87.83000183105469,86.30000305175781,87.16000366210938,9453400
2016-07-22,61.89122772216797,86.55000305175781,87.44000244140625,86.31999969482422,87.31999969482422,7374700
2016-07-25,63.321414947509766,88.55000305175781,88.8499984741211,86.27999877929688,86.56999969482422,15718500
2016-07-26,57.9582405090332,81.05000305175781,84.1500015258789,80.51000213623047,84.05000305175781,47371900
2016-07-27,58.48738861083984,81.79000091552734,81.9800033569336,81.05999755859375,81.33999633789062,14103800
2016-07-28,58.09407424926758,81.23999786376953,81.9800033569336,80.62000274658203,81.94999694824219,13011000
2016-07-29,56.828369140625,79.47000122070312,80.83999633789062,79.37000274658203,80.5999984741211,19465700
2016-08-01,57.536319732666016,80.45999908447266,81.20999908447266,79.51000213623047,79.80999755859375,14758000
2016-08-02,56.89988327026367,79.56999969482422,81.19000244140625,79.44999694824219,80.9800033569336,13408200
2016-08-03,57.27172470092773,80.08999633789062,80.16999816894531,79.11000061035156,79.72000122070312,10868100
2016-08-04,57.04289245605469,79.7699966430664,80.62999725341797,79.55000305175781,80.20999908447266,9738300
2016-08-05,57.50056076049805,80.41000366210938,80.66000366210938,79.86000061035156,80.19999694824219,10692300
2016-08-08,57.02143096923828,79.73999786376953,80.79000091552734,79.01000213623047,80.45999908447266,9511600
2016-08-09,56.728248596191406,79.33000183105469,79.9000015258789,79.01000213623047,79.86000061035156,9578200
2016-08-10,56.4207763671875,78.9000015258789,79.58999633789062,78.44999694824219,79.43000030517578,12022200
2016-08-11,56.89988327026367,79.56999969482422,79.9800033569336,78.80000305175781,79.1500015258789,8454700
2016-08-12,56.96424102783203,79.66000366210938,79.7699966430664,78.87000274658203,79.33999633789062,8434000
2016-08-15,56.95709228515625,79.6500015258789,80.08999633789062,79.43000030517578,79.87999725341797,7464800
2016-08-16,56.67106246948242,79.25,79.80000305175781,79.23999786376953,79.56999969482422,7969900
2016-08-17,57.70792770385742,80.69999694824219,80.87000274658203,79.30000305175781,79.45999908447266,10583800
2016-08-18,57.629276275634766,80.58999633789062,81.2699966430664,80.18000030517578,80.87000274658203,8994400
2016-08-19,57.922462463378906,81.0,81.18000030517578,80.2300033569336,80.55999755859375,8227900
2016-08-22,57.8652458190918,80.91999816894531,81.52999877929688,80.5999984741211,80.88999938964844,7522000
2016-08-23,58.25857162475586,81.47000122070312,81.63999938964844,81.0199966430664,81.45999908447266,8279400
2016-08-24,57.56491470336914,80.5,82.0999984741211,80.18000030517578,81.47000122070312,9699600
2016-08-25,57.26457977294922,80.08000183105469,81.0,79.30000305175781,80.44999694824219,9220100
2016-08-26,57.04289245605469,79.7699966430664,80.33000183105469,79.2699966430664,80.11000061035156,8928000
2016-08-29,55.89875793457031,78.16999816894531,79.69999694824219,77.62999725341797,79.6500015258789,15383500
2016-08-30,55.7199821472168,77.91999816894531,78.38999938964844,77.66000366210938,78.05000305175781,9174200
2016-08-31,56.04891204833984,78.37999725341797,78.5999984741211,77.58000183105469,77.73999786376953,9758500
2016-09-01,55.362430572509766,77.41999816894531,78.45999908447266,76.94000244140625,78.43000030517578,12403900
2016-09-02,54.9834213256836,76.88999938964844,77.76000213623047,76.66999816894531,77.62000274658203,7956200
2016-09-06,55.691383361816406,77.87999725341797,78.29000091552734,77.25,77.77999877929688,11648400
2016-09-07,55.93450546264648,78.22000122070312,78.80999755859375,77.91999816894531,78.37999725341797,8232700
2016-09-08,56.4851188659668,78.98999786376953,79.13999938964844,77.5999984741211,78.33000183105469,8549600
2016-09-09,55.81292724609375,78.05000305175781,79.0,78.05000305175781,78.45999908447266,10415200
2016-09-12,56.38502883911133,78.8499984741211,79.02999877929688,77.69000244140625,77.69000244140625,8896100
2016-09-13,55.82009506225586,78.05999755859375,78.66000366210938,77.5,78.66000366210938,9389600
2016-09-14,55.84169387817383,77.62000274658203,78.4000015258789,77.44000244140625,77.94000244140625,8311200
2016-09-15,56.71937942504883,78.83999633789062,79.19999694824219,77.2699966430664,77.75,10112800
2016-09-16,56.69059753417969,78.80000305175781,79.19000244140625,78.41000366210938,78.8499984741211,10307900
2016-09-19,56.82727813720703,78.98999786376953,79.51000213623047,78.80999755859375,78.91999816894531,7234200
2016-09-20,58.83447647094727,81.77999877929688,82.06999969482422,79.62999725341797,79.63999938964844,17560700
2016-09-21,58.77693557739258,81.69999694824219,82.05000305175781,80.66000366210938,82.02999877929688,13628800
2016-09-22,58.64741897583008,81.5199966430664,82.0,80.9000015258789,81.97000122070312,8213800
2016-09-23,58.53952026367188,81.37000274658203,82.0,81.22000122070312,81.55000305175781,7534500
2016-09-26,57.99995803833008,80.62000274658203,81.12999725341797,79.91999816894531,81.0,9036000
2016-09-27,57.014347076416016,79.25,79.9000015258789,78.63999938964844,79.31999969482422,13214300
2016-09-28,56.81289291381836,78.97000122070312,79.5,78.51000213623047,79.12000274658203,6854100
2016-09-29,56.01435470581055,77.86000061035156,79.33999633789062,77.75,79.16000366210938,7618600
2016-09-30,56.92081451416016,79.12000274658203,79.62999725341797,78.05000305175781,78.05999755859375,11031500
2016-10-03,56.13664627075195,78.02999877929688,78.97000122070312,77.25,78.62999725341797,10626200
2016-10-04,55.568302154541016,77.23999786376953,78.41999816894531,77.12000274658203,77.5999984741211,8219400
2016-10-05,55.80569839477539,77.56999969482422,78.0,77.19999694824219,77.3499984741211,7910200
2016-10-06,54.82727813720703,76.20999908447266,77.76000213623047,76.08000183105469,77.37999725341797,10168200
2016-10-07,54.12944793701172,75.23999786376953,76.4800033569336,74.91999816894531,76.44999694824219,11149200
2016-10-10,54.30929183959961,75.48999786376953,75.97000122070312,75.26000213623047,75.5,7161100
2016-10-11,53.10786819458008,73.81999969482422,75.27999877929688,73.55999755859375,75.13999938964844,11910000
2016-10-12,52.53952407836914,73.02999877929688,74.20999908447266,72.91999816894531,74.18000030517578,10014500
2016-10-13,52.56111145019531,73.05999755859375,73.93000030517578,72.20999908447266,72.29000091552734,10586100
2016-10-14,52.33808135986328,72.75,73.5,72.7300033569336,73.2699966430664,7359100
2016-10-17,52.25894546508789,72.63999938964844,73.45999908447266,72.30999755859375,72.54000091552734,8181400
2016-10-18,52.81289291381836,73.41000366210938,73.83000183105469,72.91000366210938,73.4000015258789,6353500
2016-10-19,52.76255798339844,73.33999633789062,73.91999816894531,73.30999755859375,73.5,6326400
2016-10-20,53.46038818359375,74.30999755859375,74.80999755859375,73.0999984741211,73.13999938964844,10351400
2016-10-21,53.44599151611328,74.29000091552734,74.94000244140625,73.77999877929688,74.0999984741211,8256500
2016-10-24,53.34528350830078,74.1500015258789,74.77999877929688,73.73999786376953,74.51000213623047,7404000
2016-10-25,53.53232192993164,74.41000366210938,74.68000030517578,73.91000366210938,74.04000091552734,6140800
2016-10-26,54.23015213012695,75.37999725341797,75.80000305175781,74.26000213623047,74.51000213623047,8333000
2016-10-27,54.55391311645508,75.83000183105469,76.36000061035156,75.63999938964844,75.93000030517578,9596400
2016-10-28,53.15103912353516,73.87999725341797,74.77999877929688,73.2300033569336,74.75,13160000
2016-10-31,52.97116088867188,73.62999725341797,74.44000244140625,73.55000305175781,74.08999633789062,8457000
2016-11-01,53.28772735595703,74.06999969482422,74.29000091552734,73.05999755859375,73.62999725341797,10741600
2016-11-02,52.16542434692383,72.51000213623047,74.3499984741211,72.44999694824219,74.0,14620000
2016-11-03,51.6258430480957,71.76000213623047,72.93000030517578,71.68000030517578,72.33000183105469,9286200
2016-11-04,52.10786437988281,72.43000030517578,73.29000091552734,71.38999938964844,71.5199966430664,11779500
2016-11-07,53.23736953735352,74.0,74.70999908447266,73.05000305175781,73.4800033569336,9513500
2016-11-08,53.26614761352539,74.04000091552734,74.66000366210938,73.29000091552734,73.93000030517578,7449600
2016-11-09,56.45318603515625,78.47000122070312,80.0,76.75,76.80000305175781,26693700
2016-11-10,55.999942779541016,77.83999633789062,80.0,76.94000244140625,79.66000366210938,16651800
2016-11-11,54.97837066650391,76.41999816894531,77.51000213623047,75.29000091552734,77.4800033569336,12949600
2016-11-14,55.21577835083008,76.75,77.12999725341797,76.06999969482422,77.04000091552734,8832800
2016-11-15,54.928009033203125,76.3499984741211,77.11000061035156,75.0,77.02999877929688,8560100
2016-11-16,54.67620849609375,76.0,76.87999725341797,75.56999969482422,76.08000183105469,8415000
2016-11-17,54.3740463256836,75.58000183105469,76.0199966430664,74.8499984741211,75.72000122070312,9413500
2016-11-18,53.68341445922852,74.62000274658203,75.73999786376953,74.25,75.58999633789062,8194300
2016-11-21,53.94239807128906,74.9800033569336,75.19000244140625,74.44999694824219,74.66000366210938,6810600
2016-11-22,53.56828689575195,74.45999908447266,75.44000244140625,74.0199966430664,75.05999755859375,6019600
2016-11-23,54.17262268066406,75.30000305175781,75.3499984741211,73.76000213623047,73.8499984741211,6849200
2016-11-25,54.27333068847656,75.44000244140625,75.55000305175781,74.87000274658203,75.47000122070312,3068600
2016-11-28,53.625858306884766,74.54000091552734,75.44000244140625,74.22000122070312,75.30000305175781,9338900
2016-11-29,53.86325454711914,74.87000274658203,75.4000015258789,74.29000091552734,74.69000244140625,7160700
2016-11-30,53.02153015136719,73.69999694824219,75.08000183105469,73.58999633789062,75.0,10627300
2016-12-01,52.402828216552734,72.83999633789062,74.02999877929688,72.72000122070312,73.97000122070312,8270200
2016-12-02,52.10068130493164,72.41999816894531,73.5999984741211,72.16000366210938,73.04000091552734,9227900
2016-12-05,52.0574951171875,72.36000061035156,72.97000122070312,71.93000030517578,72.79000091552734,9985900
2016-12-06,52.13665390014648,72.47000122070312,72.66999816894531,71.94999694824219,72.66999816894531,8723900
2016-12-07,52.35967254638672,72.77999877929688,72.9000015258789,71.55000305175781,71.77999877929688,13061000
2016-12-08,51.812896728515625,72.0199966430664,72.5999984741211,70.83000183105469,72.45999908447266,12333500
2016-12-09,52.30212020874024,72.69999694824219,73.12999725341797,71.94999694824219,72.33999633789062,9936300
2016-12-12,52.85607147216797,73.47000122070312,73.68000030517578,72.12999725341797,72.55999755859375,9475900
2016-12-13,54.18832015991211,74.83999633789062,75.87000274658203,73.4000015258789,73.41000366210938,12693000
2016-12-14,54.81827545166016,75.70999908447266,76.31999969482422,74.86000061035156,74.86000061035156,11822800
2016-12-15,54.70240783691406,75.55000305175781,75.98999786376953,74.91000366210938,75.80000305175781,9448800
2016-12-16,53.65252304077149,74.0999984741211,74.95999908447266,73.94000244140625,74.43000030517578,14437500
2016-12-19,53.86975860595703,74.4000015258789,75.30000305175781,73.55000305175781,73.61000061035156,8212200
2016-12-20,53.616329193115234,74.05000305175781,74.62999725341797,73.43000030517578,74.51000213623047,8452000
2016-12-21,53.55117416381836,73.95999908447266,74.83000183105469,73.55999755859375,74.02999877929688,7018700
2016-12-22,53.07328414916992,73.30000305175781,73.75,72.91999816894531,73.68000030517578,8413800
2016-12-23,53.31946563720703,73.63999938964844,73.88999938964844,73.22000122070312,73.30000305175781,5307600
2016-12-27,53.38462829589844,73.7300033569336,74.80000305175781,73.51000213623047,73.5199966430664,6632900
2016-12-28,52.68953323364258,72.7699966430664,73.69999694824219,72.62000274658203,73.61000061035156,6387600
2016-12-29,52.22614669799805,72.12999725341797,72.8499984741211,71.94000244140625,72.7699966430664,7533600
2016-12-30,51.84962844848633,71.61000061035156,72.26000213623047,71.30000305175781,72.02999877929688,9220900
2017-01-03,53.69596481323242,74.16000366210938,74.2300033569336,72.18000030517578,72.33999633789062,10953700
2017-01-04,55.30335998535156,76.37999725341797,76.9800033569336,74.37999725341797,74.52999877929688,14914200
2017-01-05,55.03547668457031,76.01000213623047,76.8499984741211,75.56999969482422,76.83999633789062,9413100
2017-01-06,54.65895462036133,75.48999786376953,76.5,75.41000366210938,76.44999694824219,8980000
2017-01-09,54.91239547729492,75.83999633789062,76.08999633789062,75.2699966430664,75.93000030517578,10165300
2017-01-10,54.31142425537109,75.01000213623047,76.5,74.93000030517578,76.45999908447266,8869800
2017-01-11,53.413551330566406,73.7699966430664,75.55000305175781,73.01000213623047,75.5199966430664,14165700
2017-01-12,53.1167221069336,73.36000061035156,73.68000030517578,72.93000030517578,73.52999877929688,7057700
2017-01-13,52.90674209594727,73.06999969482422,73.77999877929688,73.0,73.62999725341797,8269100
2017-01-17,52.06684112548828,71.91000366210938,72.91999816894531,71.7300033569336,72.91999816894531,11706600
2017-01-18,52.22614669799805,72.12999725341797,72.47000122070312,71.5,72.23999786376953,9910000
2017-01-19,51.82067108154297,71.56999969482422,72.25,71.2300033569336,71.81999969482422,9810900
2017-01-20,51.41519546508789,71.01000213623047,72.0,70.58000183105469,71.97000122070312,10270300
2017-01-23,51.18350982666016,70.69000244140625,71.29000091552734,70.30000305175781,70.87000274658203,9657600
2017-01-24,50.86491394042969,70.25,70.9800033569336,69.77999877929688,70.5999984741211,10912800
2017-01-25,52.06684112548828,71.91000366210938,72.33999633789062,70.72000122070312,70.81999969482422,14001600
2017-01-26,51.56725692749024,71.22000122070312,71.8499984741211,71.1500015258789,71.77999877929688,8580100
2017-01-27,51.5962142944336,71.26000213623047,72.16999816894531,71.16000366210938,71.43000030517578,6939700
2017-01-30,51.77724075317383,71.51000213623047,71.66999816894531,70.75,71.0,7242500
2017-01-31,52.45783615112305,72.44999694824219,72.58000183105469,70.98999786376953,71.12999725341797,10365500
2017-02-01,52.72574234008789,72.81999969482422,72.87999725341797,72.05999755859375,72.72000122070312,7441800
2017-02-02,52.31303405761719,72.25,72.83000183105469,71.77999877929688,72.61000061035156,8814200
2017-02-03,52.3781852722168,72.33999633789062,72.75,71.7699966430664,72.73999786376953,8034300
2017-02-06,52.41439056396485,72.38999938964844,72.66999816894531,71.44000244140625,72.0199966430664,7635000
2017-02-07,52.95019912719727,73.12999725341797,73.30000305175781,72.41000366210938,72.55999755859375,13325400
2017-02-08,48.38865280151367,66.83000183105469,67.2699966430664,65.75,67.2699966430664,51547400
2017-02-09,47.49079895019531,65.58999633789062,66.79000091552734,65.37999725341797,66.33999633789062,23070600
2017-02-10,48.048336029052734,66.36000061035156,66.77999877929688,65.43000030517578,65.8499984741211,16208400
2017-02-13,48.98237228393555,67.6500015258789,67.79000091552734,66.5,66.80999755859375,15885100
2017-02-14,48.90995788574219,67.55000305175781,68.66999816894531,67.33000183105469,68.5999984741211,14972600
2017-02-15,50.53908920288086,69.80000305175781,69.9800033569336,67.66000366210938,67.69999694824219,16656600
2017-02-16,50.90835189819336,70.30999755859375,70.66999816894531,69.26000213623047,70.0,10965500
2017-02-17,50.57527923583984,69.8499984741211,70.79000091552734,69.70999908447266,70.18000030517578,11186900
2017-02-21,50.16981506347656,69.29000091552734,70.0,68.83000183105469,70.0,11190400
2017-02-22,49.83676910400391,68.83000183105469,69.7300033569336,68.66000366210938,69.11000061035156,10073400
2017-02-23,50.22774887084961,69.37000274658203,69.52999877929688,68.43000030517578,68.73999786376953,7529100
2017-02-24,50.64045715332031,69.94000244140625,70.06999969482422,69.05000305175781,69.31999969482422,7382400
2017-02-27,51.04593276977539,70.5,70.54000091552734,69.80000305175781,69.81999969482422,6354200
2017-02-28,51.03144454956055,70.4800033569336,70.94000244140625,70.01000213623047,70.37000274658203,8828800
2017-03-01,50.821475982666016,70.19000244140625,70.98999786376953,70.0199966430664,70.81999969482422,9629400
2017-03-02,51.067649841308594,70.52999877929688,70.88999938964844,70.0,70.0,8672900
2017-03-03,51.219703674316406,70.73999786376953,70.80999755859375,70.22000122070312,70.66999816894531,6620900
2017-03-06,50.77078628540039,70.12000274658203,70.5999984741211,69.69999694824219,70.55999755859375,7335900
2017-03-07,49.97432708740234,69.0199966430664,69.95999908447266,68.77999877929688,69.58999633789062,9044200
2017-03-08,50.466678619384766,69.69999694824219,70.0,68.87999725341797,69.0199966430664,7377200
2017-03-09,49.51816177368164,68.38999938964844,69.25,67.80999755859375,69.20999908447266,13597000
2017-03-10,49.37336349487305,68.19000244140625,68.61000061035156,67.44999694824219,68.56999969482422,14480500
2017-03-13,49.308204650878906,68.0999984741211,68.3499984741211,67.52999877929688,68.31999969482422,8493500
2017-03-14,49.44682312011719,67.7699966430664,68.0999984741211,67.4000015258789,67.41000366210938,6109500
2017-03-15,49.95757293701172,68.47000122070312,68.77999877929688,67.61000061035156,67.97000122070312,8312600
2017-03-16,50.008636474609375,68.54000091552734,68.77999877929688,68.20999908447266,68.73999786376953,6855000
2017-03-17,50.38804244995117,69.05999755859375,69.87999725341797,68.25,68.76000213623047,18241000
2017-03-20,50.13267517089844,68.70999908447266,69.20999908447266,68.63999938964844,68.94000244140625,6287400
2017-03-21,49.424930572509766,67.73999786376953,69.08000183105469,67.43000030517578,68.80000305175781,8691500
2017-03-22,49.4906005859375,67.83000183105469,68.05000305175781,67.51000213623047,67.80000305175781,5402800
2017-03-23,49.24252700805664,67.48999786376953,67.91999816894531,67.26000213623047,67.61000061035156,6174900
2017-03-24,49.25712203979492,67.51000213623047,67.87000274658203,67.19999694824219,67.56999969482422,6037800
2017-03-27,49.24982070922852,67.5,67.81999969482422,66.97000122070312,67.11000061035156,5455300
2017-03-28,48.95797729492188,67.0999984741211,67.4800033569336,66.80000305175781,67.44999694824219,8509100
2017-03-29,49.0747184753418,67.26000213623047,67.56999969482422,66.91000366210938,67.0999984741211,7224700
2017-03-30,49.27170944213867,67.52999877929688,67.77999877929688,67.0999984741211,67.36000061035156,5198700
2017-03-31,49.5562744140625,67.91999816894531,68.33000183105469,67.37000274658203,67.37000274658203,8876500
2017-04-03,48.95797729492188,67.0999984741211,68.0199966430664,66.75,67.8499984741211,8446700
2017-04-04,48.87041473388672,66.9800033569336,67.13999938964844,66.6500015258789,67.04000091552734,5895000
2017-04-05,48.49831008911133,66.47000122070312,67.12999725341797,66.4000015258789,66.9800033569336,7113600
2017-04-06,48.5056037902832,66.4800033569336,66.80000305175781,66.2300033569336,66.43000030517578,8716000
2017-04-07,48.57855987548828,66.58000183105469,66.83999633789062,66.2699966430664,66.41999816894531,7618900
2017-04-10,48.461822509765625,66.41999816894531,67.23999786376953,66.38999938964844,66.55999755859375,6549600
2017-04-11,48.16997909545898,66.0199966430664,66.52999877929688,65.83000183105469,66.43000030517578,7329400
2017-04-12,48.31590270996094,66.22000122070312,66.37000274658203,65.79000091552734,66.33000183105469,7819100
2017-04-13,48.52749633789063,66.51000213623047,66.81999969482422,66.08999633789062,66.18000030517578,6098400
2017-04-17,48.6661376953125,66.69999694824219,67.1500015258789,66.5999984741211,66.80999755859375,5684300
2017-04-18,48.19916915893555,66.05999755859375,66.87000274658203,65.69999694824219,66.58999633789062,7358100
2017-04-19,48.35968017578125,66.27999877929688,66.4000015258789,65.88999938964844,66.19000244140625,5343100
2017-04-20,48.52019500732422,66.5,66.66999816894531,66.16000366210938,66.36000061035156,6380400
2017-04-21,48.10431671142578,65.93000030517578,66.68000030517578,65.75,66.54000091552734,7241800
2017-04-24,48.33779525756836,66.25,66.48999786376953,65.70999908447266,66.48999786376953,9117100
2017-04-25,48.97256851196289,67.12000274658203,67.52999877929688,66.55999755859375,66.5999984741211,9007000
2017-04-26,49.77516555786133,68.22000122070312,68.5999984741211,67.2699966430664,67.41000366210938,15156300
2017-04-27,50.0378303527832,68.58000183105469,68.76000213623047,68.05000305175781,68.16999816894531,6734700
2017-04-28,50.01593780517578,68.55000305175781,68.95999908447266,68.23999786376953,68.83000183105469,6257500
2017-05-01,49.69489669799805,68.11000061035156,68.80999755859375,68.05000305175781,68.54000091552734,5372600
2017-05-02,50.04510498046875,68.58999633789062,69.16000366210938,68.16000366210938,68.29000091552734,12987200
2017-05-03,49.03823471069336,67.20999908447266,67.58000183105469,66.2699966430664,67.11000061035156,13591200
2017-05-04,49.67300796508789,68.08000183105469,68.56999969482422,67.33000183105469,67.41999816894531,8702900
2017-05-05,49.46871566772461,67.80000305175781,68.44999694824219,67.51000213623047,68.0999984741211,5788800
2017-05-08,49.03823471069336,67.20999908447266,67.81999969482422,67.08000183105469,67.77999877929688,7126900
2017-05-09,49.33009338378906,67.61000061035156,67.75,67.0999984741211,67.22000122070312,5557400
2017-05-10,48.82664108276367,66.91999816894531,67.80000305175781,66.70999908447266,67.69000244140625,7190500
2017-05-11,48.67342758178711,66.70999908447266,66.83999633789062,66.05999755859375,66.7699966430664,8055500
2017-05-12,48.19916915893555,66.05999755859375,66.9000015258789,65.73999786376953,66.87000274658203,8091200
2017-05-15,48.11889266967773,65.94999694824219,66.16999816894531,65.7300033569336,66.08000183105469,6202500
2017-05-16,47.95109176635742,65.72000122070312,66.02999877929688,65.4800033569336,65.73999786376953,5961000
2017-05-17,47.0682373046875,64.51000213623047,65.62000274658203,64.45999908447266,65.37000274658203,8976100
2017-05-18,47.00987243652344,64.43000030517578,64.66999816894531,63.880001068115234,64.44999694824219,7926000
2017-05-19,46.86394500732422,64.2300033569336,64.80000305175781,64.08000183105469,64.37999725341797,8429400
2017-05-22,46.95879364013672,64.36000061035156,64.63999938964844,64.12000274658203,64.23999786376953,7162900
2017-05-23,47.19956970214844,64.69000244140625,64.80000305175781,64.30000305175781,64.36000061035156,5094600
2017-05-24,46.92232131958008,64.30999755859375,64.79000091552734,64.2300033569336,64.7300033569336,5926700
2017-05-25,47.104713439941406,64.55999755859375,64.83000183105469,64.20999908447266,64.5,5659000
2017-05-26,47.06093978881836,64.5,64.75,64.30999755859375,64.37000274658203,4021900
2017-05-30,47.05363845825195,64.48999786376953,64.7699966430664,64.30000305175781,64.47000122070312,6979900
2017-05-31,47.345497131347656,64.88999938964844,64.91999816894531,64.18000030517578,64.47000122070312,9190200
2017-06-01,47.14849853515625,64.62000274658203,65.70999908447266,64.51000213623047,65.01000213623047,9316300
2017-06-02,47.71760940551758,65.4000015258789,65.55000305175781,64.76000213623047,64.9000015258789,6459300
2017-06-05,47.7759895324707,65.4800033569336,65.79000091552734,65.04000091552734,65.58999633789062,6184800
2017-06-06,47.31631088256836,64.8499984741211,65.37999725341797,64.63999938964844,65.19000244140625,7282800
2017-06-07,46.92960357666016,64.31999969482422,65.16999816894531,64.19999694824219,65.02999877929688,7790400
2017-06-08,46.78367614746094,64.12000274658203,64.58000183105469,64.05999755859375,64.16000366210938,8744900
2017-06-09,47.20687103271485,64.69999694824219,64.94000244140625,63.95000076293945,64.11000061035156,9338900
2017-06-12,47.7394905090332,65.43000030517578,66.69999694824219,64.55000305175781,64.5999984741211,10459200
2017-06-13,47.53520584106445,65.1500015258789,65.6500015258789,65.01000213623047,65.61000061035156,8185300
2017-06-14,47.79997634887695,64.98999786376953,65.36000061035156,64.54000091552734,64.91999816894531,6795700
2017-06-15,47.6675910949707,64.80999755859375,65.16000366210938,64.0999984741211,64.70999908447266,6858100
2017-06-16,47.16008377075195,64.12000274658203,64.83999633789062,63.7599983215332,64.79000091552734,10246600
2017-06-19,47.6675910949707,64.80999755859375,64.97000122070312,64.08000183105469,64.19000244140625,7900100
2017-06-20,48.24126815795898,65.58999633789062,66.0,64.0199966430664,64.88999938964844,13114600
2017-06-21,49.64607620239258,67.5,67.69000244140625,65.61000061035156,65.81999969482422,13981300
2017-06-22,51.83786010742188,70.4800033569336,71.44000244140625,68.29000091552734,68.31999969482422,28962900
2017-06-23,51.86726379394531,70.5199966430664,71.37000274658203,69.83999633789062,71.23999786376953,22911200
2017-06-26,52.39682388305664,71.23999786376953,71.76000213623047,70.72000122070312,71.25,14129100
2017-06-27,51.962886810302734,70.6500015258789,71.9000015258789,70.63999938964844,71.4000015258789,10768700
2017-06-28,52.896968841552734,71.91999816894531,72.08999633789062,70.83000183105469,70.97000122070312,10606200
2017-06-29,52.11735534667969,70.86000061035156,72.16999816894531,70.0199966430664,72.0,11437400
2017-06-30,52.05851364135742,70.77999877929688,71.63999938964844,70.31999969482422,71.55999755859375,6727100
2017-07-03,51.99966812133789,70.69999694824219,71.5999984741211,70.55999755859375,71.11000061035156,3453000
2017-07-05,52.11735534667969,70.86000061035156,71.29000091552734,70.16000366210938,70.83000183105469,7219600
2017-07-06,51.10235977172852,69.4800033569336,70.73999786376953,69.19000244140625,70.66000366210938,7989000
2017-07-07,50.93320083618164,69.25,69.69000244140625,68.54000091552734,69.69000244140625,6535800
2017-07-10,50.96261215209961,69.29000091552734,69.73999786376953,69.12000274658203,69.23999786376953,6485900
2017-07-11,51.00675582885742,69.3499984741211,69.5,68.61000061035156,68.98999786376953,6442700
2017-07-12,51.33772277832031,69.80000305175781,70.12999725341797,69.61000061035156,69.7699966430664,5585200
2017-07-13,51.911407470703125,70.58000183105469,70.9800033569336,69.5199966430664,69.98999786376953,7533900
2017-07-14,51.90404891967773,70.56999969482422,71.02999877929688,70.41999816894531,70.73999786376953,5234600
2017-07-17,52.33065032958984,71.1500015258789,71.86000061035156,70.4000015258789,70.58000183105469,7612400
2017-07-18,52.727821350097656,71.69000244140625,71.7300033569336,70.72000122070312,71.30000305175781,6096700
2017-07-19,53.48539352416992,72.72000122070312,72.73999786376953,71.7699966430664,72.0,8312400
2017-07-20,54.00021743774414,73.41999816894531,73.73999786376953,72.7699966430664,72.86000061035156,9271400
2017-07-21,54.25030517578125,73.76000213623047,74.41000366210938,73.27999877929688,73.31999969482422,8874000
2017-07-24,54.713645935058594,74.38999938964844,74.41999816894531,73.19000244140625,73.69999694824219,8943200
2017-07-25,54.23555755615234,73.73999786376953,75.29000091552734,73.62000274658203,74.72000122070312,9061200
2017-07-26,54.56656646728516,74.19000244140625,74.2699966430664,73.62000274658203,74.0999984741211,10695300
2017-07-27,55.13288879394531,74.95999908447266,75.98999786376953,74.44999694824219,75.43000030517578,13871000
2017-07-28,55.85366439819336,75.94000244140625,76.02999877929688,74.75,75.01000213623047,8954600
2017-07-31,55.96399688720703,76.08999633789062,76.48999786376953,75.83000183105469,76.0,7994100
2017-08-01,55.67715835571289,75.69999694824219,76.36000061035156,75.5199966430664,76.3499984741211,7296600
2017-08-02,55.78013610839844,75.83999633789062,75.9000015258789,75.16999816894531,75.54000091552734,7086200
2017-08-03,54.69895935058594,74.37000274658203,76.0,74.30000305175781,75.7699966430664,11161100
2017-08-04,53.80899429321289,73.16000366210938,73.76000213623047,72.58000183105469,73.7300033569336,14960900
2017-08-07,54.01493453979492,73.44000244140625,73.5,72.27999877929688,72.80000305175781,7556500
2017-08-08,53.8899040222168,73.2699966430664,73.66999816894531,72.80999755859375,73.41999816894531,7943900
2017-08-09,54.35324478149414,73.9000015258789,74.68000030517578,72.83000183105469,72.83000183105469,12054600
2017-08-10,53.47066879272461,72.69999694824219,73.77999877929688,72.52999877929688,73.5199966430664,8813000
2017-08-11,53.25001907348633,72.4000015258789,72.68000030517578,71.81999969482422,72.5199966430664,7029700
2017-08-14,53.55157852172852,72.80999755859375,73.11000061035156,72.55999755859375,72.87000274658203,4952800
2017-08-15,53.77957534790039,73.12000274658203,73.37999725341797,72.7300033569336,73.0,5212100
2017-08-16,53.94874572753906,73.3499984741211,73.7699966430664,73.12000274658203,73.19000244140625,5237300
2017-08-17,53.20588302612305,72.33999633789062,73.41000366210938,72.27999877929688,73.08999633789062,9065400
2017-08-18,53.0367317199707,72.11000061035156,72.62999725341797,71.83000183105469,72.31999969482422,6052600
2017-08-21,53.3971061706543,72.5999984741211,72.95999908447266,72.08000183105469,72.08000183105469,5531800
2017-08-22,53.94139099121094,73.33999633789062,73.76000213623047,72.6500015258789,72.66000366210938,4729300
2017-08-23,54.23555755615234,73.73999786376953,74.19999694824219,73.05999755859375,73.2699966430664,6499300
2017-08-24,54.44151306152344,74.0199966430664,74.30000305175781,73.6500015258789,73.80999755859375,4929300
2017-08-25,54.27237701416016,73.79000091552734,74.43000030517578,73.69000244140625,74.2300033569336,3729000
2017-08-28,54.93431091308594,74.69000244140625,75.94000244140625,74.19999694824219,74.9000015258789,18800000
2017-08-29,55.706573486328125,75.73999786376953,75.80000305175781,74.22000122070312,74.29000091552734,10688600
2017-08-30,59.74448394775391,81.2300033569336,81.44000244140625,75.73999786376953,75.81999969482422,35927100
2017-08-31,61.568485260009766,83.70999908447266,84.12999725341797,81.47000122070312,81.5,30895700
2017-09-01,61.59790802001953,83.75,84.0999984741211,82.25,83.36000061035156,14311600
2017-09-05,60.72267532348633,82.55999755859375,83.62000274658203,81.3499984741211,83.23999786376953,13491900
2017-09-06,61.009521484375,82.94999694824219,83.43000030517578,82.51000213623047,82.8499984741211,10694600
2017-09-07,62.86297607421875,85.47000122070312,85.62000274658203,82.9000015258789,83.12000274658203,13147800
2017-09-08,62.59084701538086,85.0999984741211,86.2699966430664,84.9000015258789,85.29000091552734,11611100
2017-09-11,62.16424560546875,84.5199966430664,86.0,84.13999938964844,85.68000030517578,10125200
2017-09-12,62.15689468383789,84.51000213623047,84.75,83.80000305175781,84.1500015258789,8907900
2017-09-13,61.54642105102539,83.68000030517578,84.51000213623047,83.37000274658203,84.5,7594800
2017-09-14,60.90254211425781,82.29000091552734,83.13999938964844,81.56999969482422,83.13999938964844,9605400
2017-09-15,60.95433044433594,82.36000061035156,83.5,82.30999755859375,82.79000091552734,12401900
2017-09-18,61.405799865722656,82.97000122070312,83.5,81.54000091552734,82.52999877929688,7886500
2017-09-19,60.90254211425781,82.29000091552734,83.38999938964844,82.12999725341797,83.38999938964844,6310500
2017-09-20,61.16157150268555,82.63999938964844,82.9000015258789,81.83999633789062,82.36000061035156,6355100
2017-09-21,61.146759033203125,82.62000274658203,83.41000366210938,82.2300033569336,82.7300033569336,6194700
2017-09-22,61.62782287597656,83.2699966430664,83.37000274658203,82.01000213623047,82.47000122070312,5654700
2017-09-25,61.87948989868164,83.61000061035156,84.27999877929688,82.86000061035156,83.41000366210938,8473400
2017-09-26,61.9904899597168,83.76000213623047,84.7300033569336,83.55000305175781,83.66999816894531,7900000
2017-09-27,62.064483642578125,83.86000061035156,84.55000305175781,83.45999908447266,83.9800033569336,6818500
2017-09-28,59.88121032714844,80.91000366210938,83.5999984741211,79.20999908447266,83.51000213623047,17739900
2017-09-29,59.96261215209961,81.0199966430664,81.95999908447266,79.30999755859375,81.19999694824219,13301300
2017-10-02,61.81286239624024,83.5199966430664,83.62999725341797,81.18000030517578,81.20999908447266,9805400
2017-10-03,61.56863021850586,83.19000244140625,84.2300033569336,82.12999725341797,83.5,6513200
2017-10-04,60.99875259399414,82.41999816894531,83.26000213623047,82.06999969482422,83.2300033569336,6711400
2017-10-05,61.80546569824219,83.51000213623047,83.52999877929688,82.12999725341797,82.22000122070312,6717100
2017-10-06,60.791534423828125,82.13999938964844,83.22000122070312,81.94999694824219,82.94000244140625,5797000
2017-10-09,60.673133850097656,81.9800033569336,82.76000213623047,81.55999755859375,82.36000061035156,3959800
2017-10-10,61.4576301574707,83.04000091552734,83.05999755859375,81.86000061035156,81.9000015258789,5750100
2017-10-11,61.10978698730469,82.56999969482422,83.29000091552734,82.30999755859375,83.05999755859375,6770200
2017-10-12,60.16985702514648,81.30000305175781,82.81999969482422,81.0199966430664,82.56999969482422,6763600
2017-10-13,60.07364273071289,81.16999816894531,81.58000183105469,80.6500015258789,81.2699966430664,5682900
2017-10-16,59.17072677612305,79.94999694824219,81.20999908447266,79.55000305175781,81.12999725341797,7377600
2017-10-17,59.38533401489258,80.23999786376953,80.70999908447266,79.55999755859375,80.0,7041800
2017-10-18,59.21512985229492,80.01000213623047,80.83999633789062,79.76000213623047,80.26000213623047,7181900
2017-10-19,60.38448715209961,81.58999633789062,82.47000122070312,80.51000213623047,81.52999877929688,15565200
2017-10-20,60.103248596191406,81.20999908447266,81.94999694824219,80.44999694824219,81.94999694824219,9188300
2017-10-23,59.33354568481445,80.16999816894531,81.31999969482422,80.08999633789062,81.25,6803400
2017-10-24,59.28173828125,80.0999984741211,80.37999725341797,78.80000305175781,80.18000030517578,7300300
2017-10-25,59.126312255859375,79.88999938964844,80.08000183105469,78.69000244140625,80.08000183105469,9571700
2017-10-26,57.63872528076172,77.87999725341797,79.5,77.0,78.29000091552734,12451300
2017-10-27,57.039249420166016,77.06999969482422,77.19999694824219,72.76000213623047,75.01000213623047,22760700
2017-10-30,56.239933013916016,75.98999786376953,76.93000030517578,75.25,76.0999984741211,11277000
2017-10-31,55.47763442993164,74.95999908447266,76.38999938964844,74.72000122070312,75.83000183105469,8796600
2017-11-01,55.38142395019531,74.83000183105469,75.8499984741211,74.22000122070312,74.69000244140625,8776400
2017-11-02,54.62652206420898,73.80999755859375,74.80000305175781,73.55000305175781,74.72000122070312,7464400
2017-11-03,54.36748123168945,73.45999908447266,73.8499984741211,72.83000183105469,73.58999633789062,7648600
2017-11-06,53.568172454833984,72.37999725341797,73.5,72.11000061035156,73.29000091552734,8268200
2017-11-07,54.182464599609375,73.20999908447266,73.33999633789062,72.31999969482422,72.41000366210938,7824400
2017-11-08,54.10105514526367,73.0999984741211,73.37000274658203,72.72000122070312,73.31999969482422,8095400
2017-11-09,54.04183578491211,73.0199966430664,73.41999816894531,72.62000274658203,73.04000091552734,5817800
2017-11-10,54.59688568115234,73.7699966430664,74.08000183105469,72.19999694824219,72.95999908447266,7698200
2017-11-13,53.91603469848633,72.8499984741211,73.38999938964844,72.51000213623047,73.25,8735300
2017-11-14,52.65787124633789,71.1500015258789,72.72000122070312,70.05000305175781,72.69999694824219,10925600
2017-11-15,53.146331787109375,71.80999755859375,72.0999984741211,70.52999877929688,70.62999725341797,8539300
2017-11-16,53.59039306640625,72.41000366210938,72.5999984741211,71.25,71.75,7535900
2017-11-17,53.61259078979492,72.44000244140625,72.62000274658203,72.12000274658203,72.2699966430664,5719100
2017-11-20,53.38315963745117,72.12999725341797,72.61000061035156,71.55000305175781,72.41000366210938,6452500
2017-11-21,53.66440200805664,72.51000213623047,72.83999633789062,71.81999969482422,72.06999969482422,6473500
2017-11-22,53.893836975097656,72.81999969482422,73.08999633789062,72.3499984741211,72.4800033569336,4369000
2017-11-24,53.62739944458008,72.45999908447266,72.91999816894531,72.2300033569336,72.76000213623047,2335900
2017-11-27,53.06492233276367,71.69999694824219,72.5999984741211,71.5199966430664,72.51000213623047,4907500
2017-11-28,53.72360229492188,72.58999633789062,72.68000030517578,71.4000015258789,72.16000366210938,5971200
2017-11-29,54.52291870117188,73.66999816894531,74.19999694824219,72.56999969482422,72.83999633789062,9913400
2017-11-30,55.34440994262695,74.77999877929688,75.0999984741211,73.75,74.48999786376953,11766900
2017-12-01,55.75886535644531,75.33999633789062,75.61000061035156,73.5,74.44000244140625,8425000
2017-12-04,54.09365081787109,73.08999633789062,75.58000183105469,72.91000366210938,75.45999908447266,8617600
2017-12-05,54.24167251586914,73.29000091552734,74.02999877929688,72.72000122070312,73.08999633789062,8389000
2017-12-06,54.24167251586914,73.29000091552734,74.3499984741211,72.83999633789062,73.72000122070312,6097900
2017-12-07,53.8198356628418,72.72000122070312,73.25,72.20999908447266,73.19999694824219,6172700
2017-12-08,54.929969787597656,74.22000122070312,74.37999725341797,72.51000213623047,73.4000015258789,7906900
2017-12-11,56.15852355957031,75.87999725341797,76.2699966430664,74.38999938964844,74.5999984741211,9179900
2017-12-12,56.313941955566406,76.08999633789062,76.16000366210938,74.25,76.05000305175781,9281600
2017-12-13,56.67660140991211,76.58000183105469,77.1500015258789,76.2699966430664,76.30999755859375,9968800
2017-12-14,55.39491653442383,74.33999633789062,76.47000122070312,74.06999969482422,76.0,9055400
2017-12-15,56.31147766113281,75.56999969482422,75.7300033569336,74.0999984741211,75.0,15367200
2017-12-18,55.98360824584961,75.12999725341797,76.4800033569336,75.01000213623047,76.02999877929688,9986600
2017-12-19,55.40237808227539,74.3499984741211,75.33999633789062,74.26000213623047,75.05999755859375,6737600
2017-12-20,55.1490364074707,74.01000213623047,74.7300033569336,73.41999816894531,73.52999877929688,7349500
2017-12-21,54.41130447387695,73.0199966430664,74.37000274658203,72.93000030517578,73.7300033569336,7196100
2017-12-22,54.18031692504883,72.70999908447266,73.3499984741211,72.37000274658203,72.80000305175781,6560200
2017-12-26,54.1728744506836,72.69999694824219,73.05999755859375,72.30999755859375,72.58000183105469,4471400
2017-12-27,54.38151550292969,72.9800033569336,73.43000030517578,72.55999755859375,72.7300033569336,3933900
2017-12-28,54.008934020996094,72.4800033569336,73.16999816894531,72.04000091552734,73.02999877929688,4624200
2017-12-29,53.38301086425781,71.63999938964844,72.75,71.61000061035156,72.30999755859375,7370700
2018-01-02,55.21608352661133,74.0999984741211,74.2699966430664,71.72000122070312,72.19000244140625,7905100
2018-01-03,55.63337707519531,74.66000366210938,74.83999633789062,73.33000183105469,74.05000305175781,6640000
2018-01-04,55.06704330444336,73.9000015258789,75.06999969482422,73.55999755859375,75.0,5074600
2018-01-05,55.52904510498047,74.5199966430664,74.54000091552734,73.02999877929688,74.16999816894531,7901100
2018-01-08,55.43965148925781,74.4000015258789,74.72000122070312,73.44000244140625,74.33999633789062,5858500
2018-01-09,58.19671249389648,78.0999984741211,78.68000030517578,74.56999969482422,74.61000061035156,14824100
2018-01-10,58.6512451171875,78.70999908447266,78.87000274658203,77.01000213623047,78.0999984741211,10150400
2018-01-11,58.91205978393555,79.05999755859375,79.68000030517578,77.87000274658203,78.69999694824219,7872900
2018-01-12,58.88225173950195,79.0199966430664,79.4000015258789,78.6500015258789,79.33999633789062,6366200
2018-01-16,59.79879379272461,80.25,81.58999633789062,79.5199966430664,79.75,11750200
2018-01-17,60.90907669067383,81.73999786376953,82.06999969482422,80.20999908447266,80.70999908447266,11162800
2018-01-18,60.484352111816406,81.16999816894531,81.6500015258789,80.7699966430664,81.47000122070312,8527500
2018-01-19,60.34277725219727,80.9800033569336,81.52999877929688,80.37000274658203,81.30000305175781,7920900
2018-01-22,60.66318130493164,81.41000366210938,82.05000305175781,81.05000305175781,81.30999755859375,7464500
2018-01-23,60.3204231262207,80.94999694824219,82.18000030517578,80.91000366210938,81.2300033569336,7198800
2018-01-24,60.58122634887695,81.30000305175781,82.06999969482422,80.58000183105469,81.29000091552734,4530500
2018-01-25,60.49924087524414,81.19000244140625,81.83999633789062,80.8499984741211,81.58000183105469,4708000
2018-01-26,63.681060791015625,85.45999908447266,85.48999786376953,81.87999725341797,81.95999908447266,14617200
2018-01-29,66.16986846923828,88.80000305175781,89.54000091552734,85.12000274658203,85.12000274658203,19411600
2018-01-30,65.04469299316406,87.29000091552734,88.33000183105469,86.2699966430664,88.0199966430664,14001200
2018-01-31,62.44410705566406,83.80000305175781,87.0999984741211,83.29000091552734,86.5999984741211,12790800
2018-02-01,62.21310424804688,83.48999786376953,84.16000366210938,81.18000030517578,83.19999694824219,7305100
2018-02-02,60.901634216308594,81.7300033569336,83.33999633789062,81.4800033569336,82.6500015258789,9356300
2018-02-05,58.397911071777344,78.37000274658203,82.5,78.33999633789062,81.4000015258789,10810400
2018-02-06,59.89563751220703,80.37999725341797,80.61000061035156,76.9000015258789,77.3499984741211,13287400
2018-02-07,61.66915512084961,82.76000213623047,84.58000183105469,79.3499984741211,79.66999816894531,20315600
2018-02-08,58.286128997802734,78.22000122070312,82.8499984741211,78.06999969482422,82.44000244140625,13853700
2018-02-09,59.10579681396485,79.31999969482422,79.94999694824219,76.0199966430664,78.9000015258789,13746400
2018-02-12,59.71683120727539,80.13999938964844,81.41999816894531,79.62999725341797,79.7699966430664,10030700
2018-02-13,60.2011833190918,80.79000091552734,81.08999633789062,78.6500015258789,79.56999969482422,6596800
2018-02-14,60.968692779541016,81.81999969482422,82.29000091552734,79.9800033569336,80.19999694824219,7063300
2018-02-15,60.76749420166016,81.55000305175781,82.30000305175781,81.48999786376953,82.22000122070312,7159700
2018-02-16,60.13412857055664,80.69999694824219,82.33000183105469,80.61000061035156,81.44999694824219,7548600
2018-02-20,60.31295776367188,80.94000244140625,81.7300033569336,80.20999908447266,80.20999908447266,7229300
2018-02-21,60.12667465209961,80.69000244140625,81.93000030517578,80.30000305175781,80.9000015258789,6956900
2018-02-22,59.165435791015625,79.4000015258789,81.12999725341797,79.18000030517578,80.7300033569336,8382200
2018-02-23,60.29059982299805,80.91000366210938,80.94000244140625,79.29000091552734,79.81999969482422,5626000
2018-02-26,60.94635009765625,81.79000091552734,81.93000030517578,80.19999694824219,81.26000213623047,6394400
2018-02-27,59.88077926635742,80.36000061035156,82.04000091552734,80.30000305175781,81.77999877929688,6748100
2018-02-28,58.66616821289063,78.7300033569336,80.69999694824219,78.69000244140625,80.48999786376953,7559500
2018-03-01,57.77197647094727,77.52999877929688,79.81999969482422,77.02999877929688,78.94000244140625,8267500
2018-03-02,58.63636016845703,78.69000244140625,78.88999938964844,76.4000015258789,76.83999633789062,6625500
2018-03-05,58.06258773803711,77.91999816894531,78.68000030517578,77.13999938964844,78.22000122070312,10483300
2018-03-06,59.10579681396485,79.31999969482422,80.02999877929688,78.47000122070312,78.5999984741211,7919400
2018-03-07,59.60505294799805,79.98999786376953,80.1500015258789,78.12000274658203,78.73999786376953,6715200
2018-03-08,59.6646728515625,80.06999969482422,80.66999816894531,79.31999969482422,79.95999908447266,5707800
2018-03-09,60.14902877807617,80.72000122070312,81.05000305175781,79.98999786376953,80.5,7024800
2018-03-12,60.40235900878906,81.05999755859375,81.33999633789062,80.41999816894531,80.93000030517578,7515700
2018-03-13,60.8941535949707,81.72000122070312,82.72000122070312,81.12000274658203,81.12999725341797,7608900
2018-03-14,60.43218231201172,81.0999984741211,82.56999969482422,80.88999938964844,82.05000305175781,6527300
2018-03-15,59.666748046875,79.51000213623047,80.87999725341797,79.2699966430664,80.55999755859375,5946600
2018-03-16,59.83935546875,79.73999786376953,80.9000015258789,79.4000015258789,79.91999816894531,9564900
2018-03-19,57.91823196411133,77.18000030517578,79.5,76.30000305175781,79.30999755859375,8917300
2018-03-20,57.72311401367188,76.91999816894531,77.69999694824219,76.70999908447266,77.37999725341797,5798300
2018-03-21,57.40045166015625,76.48999786376953,77.44000244140625,76.20999908447266,76.73999786376953,5826500
2018-03-22,56.71005630493164,75.56999969482422,76.76000213623047,75.04000091552734,75.8499984741211,7861000
2018-03-23,54.66136932373047,72.83999633789062,75.62000274658203,72.7300033569336,75.37999725341797,9268900
2018-03-26,56.687530517578125,75.54000091552734,75.70999908447266,73.56999969482422,74.16999816894531,7370900
2018-03-27,55.61442184448242,74.11000061035156,76.1500015258789,73.55000305175781,75.9800033569336,6370900
2018-03-28,56.1171875,74.77999877929688,75.73999786376953,73.9000015258789,74.19000244140625,6487900
2018-03-29,56.574974060058594,75.38999938964844,76.19000244140625,74.61000061035156,75.13999938964844,5694900
2018-04-02,54.88651657104492,73.13999938964844,75.08999633789062,71.87000274658203,74.93000030517578,8234600
2018-04-03,55.344268798828125,73.75,73.95999908447266,72.02999877929688,73.44000244140625,5987000
2018-04-04,56.58245468139648,75.4000015258789,75.68000030517578,72.80999755859375,72.94999694824219,7852600
2018-04-05,56.147216796875,74.81999969482422,75.9800033569336,74.18000030517578,75.93000030517578,6183000
2018-04-06,55.0890998840332,73.41000366210938,75.30000305175781,72.70999908447266,74.27999877929688,6439500
2018-04-09,55.38175964355469,73.80000305175781,75.30999755859375,73.1500015258789,73.87999725341797,6383600
2018-04-10,56.29729843139648,75.0199966430664,75.4800033569336,73.79000091552734,74.56999969482422,5738900
2018-04-11,55.77950668334961,74.33000183105469,75.20999908447266,74.20999908447266,74.69000244140625,7850100
2018-04-12,56.49993515014648,75.29000091552734,76.25,74.83000183105469,74.83000183105469,4857700
2018-04-13,56.447391510009766,75.22000122070312,75.83999633789062,74.86000061035156,75.55999755859375,4432100
2018-04-16,56.04966354370117,74.69000244140625,75.9800033569336,74.23999786376953,75.87000274658203,4720500
2018-04-17,56.63501739501953,75.47000122070312,75.94000244140625,74.58999633789062,74.94999694824219,4351900
2018-04-18,56.79259490966797,75.68000030517578,76.06999969482422,75.25,75.63999938964844,3043700
2018-04-19,55.862060546875,74.44000244140625,75.91999816894531,73.83000183105469,75.41999816894531,3958200
2018-04-20,55.306739807128906,73.69999694824219,74.41999816894531,73.18000030517578,74.4000015258789,5201700
2018-04-23,55.53938293457031,74.01000213623047,74.31999969482422,73.3499984741211,74.08000183105469,5014300
2018-04-24,54.57133102416992,72.72000122070312,74.30000305175781,72.26000213623047,74.08000183105469,5562500
2018-04-25,54.96904754638672,73.25,73.55999755859375,72.47000122070312,72.79000091552734,6335500
2018-04-26,55.45680618286133,73.9000015258789,74.31999969482422,72.08999633789062,73.27999877929688,6341200
2018-04-27,55.42681503295898,73.86000061035156,74.19000244140625,73.0999984741211,73.91000366210938,5030700
2018-04-30,54.20361709594727,72.2300033569336,74.22000122070312,72.16999816894531,74.05999755859375,8268200
2018-05-01,54.45124435424805,72.55999755859375,72.83000183105469,71.77999877929688,72.29000091552734,6180800
2018-05-02,50.18880081176758,66.87999725341797,68.76000213623047,66.0199966430664,68.26000213623047,25822600
2018-05-03,48.92057800292969,65.19000244140625,66.83999633789062,64.2699966430664,66.5999984741211,15060800
2018-05-04,49.09317398071289,65.41999816894531,65.70999908447266,64.70999908447266,65.08000183105469,9150500
2018-05-07,48.68793869018555,64.87999725341797,65.94000244140625,64.43000030517578,65.70999908447266,13201100
2018-05-08,48.94308853149414,65.22000122070312,65.66999816894531,64.54000091552734,64.98999786376953,8973300
2018-05-09,49.29579925537109,65.69000244140625,66.08999633789062,64.62999725341797,64.97000122070312,7861000
2018-05-10,49.05565643310547,65.37000274658203,66.0999984741211,65.20999908447266,66.01000213623047,6614200
2018-05-11,49.64849472045898,66.16000366210938,66.75,64.83999633789062,65.22000122070312,10014100
2018-05-14,50.31637954711914,67.05000305175781,67.68000030517578,66.19000244140625,66.36000061035156,6173700
2018-05-15,50.27134704589844,66.98999786376953,67.55999755859375,66.63999938964844,66.80000305175781,7483500
2018-05-16,50.691593170166016,67.55000305175781,67.9800033569336,67.0,67.0,6603000
2018-05-17,50.72911071777344,67.5999984741211,68.12999725341797,67.0999984741211,67.0999984741211,5946200
2018-05-18,51.04427719116211,68.0199966430664,68.48999786376953,67.33999633789062,67.58999633789062,6336400
2018-05-21,50.75162506103516,67.62999725341797,68.56999969482422,67.25,68.1500015258789,6006500
2018-05-22,50.90170669555664,67.83000183105469,68.69000244140625,67.51000213623047,67.97000122070312,6210200
2018-05-23,51.1568603515625,68.16999816894531,68.37999725341797,67.3499984741211,67.36000061035156,5093200
2018-05-24,50.67658233642578,67.52999877929688,68.29000091552734,67.08000183105469,68.04000091552734,4892300
2018-05-25,50.56401824951172,67.37999725341797,67.93000030517578,67.0,67.6500015258789,4864600
2018-05-29,50.5265007019043,67.33000183105469,67.55999755859375,66.70999908447266,67.0,7820200
2018-05-30,50.79666519165039,67.69000244140625,67.79000091552734,67.30999755859375,67.66000366210938,5931400
2018-05-31,50.57902908325195,67.4000015258789,68.1500015258789,67.20999908447266,68.0999984741211,12447300
2018-06-01,51.254425048828125,68.30000305175781,68.43000030517578,67.5199966430664,67.62000274658203,5128600
2018-06-04,52.687721252441406,70.20999908447266,70.80000305175781,67.94999694824219,68.19000244140625,11726900
2018-06-05,52.57518005371094,70.05999755859375,70.7300033569336,69.2699966430664,70.25,7821200
2018-06-06,54.00850296020508,71.97000122070312,71.97000122070312,69.69000244140625,70.16999816894531,12376600
2018-06-07,53.95595550537109,71.9000015258789,71.94999694824219,71.0999984741211,71.87999725341797,7604900
2018-06-08,53.96346664428711,71.91000366210938,72.27999877929688,71.3499984741211,71.44999694824219,5843100
2018-06-11,53.90345001220703,71.83000183105469,72.0,71.11000061035156,71.79000091552734,5425500
2018-06-12,53.79087066650391,71.68000030517578,71.9800033569336,70.98999786376953,71.76000213623047,6977500
2018-06-13,53.49819564819336,71.29000091552734,71.9800033569336,71.0,71.9000015258789,5077000
2018-06-14,53.82348251342773,71.1500015258789,71.62000274658203,70.51000213623047,71.0,5226300
2018-06-15,53.12753677368164,70.2300033569336,71.41000366210938,69.91000366210938,71.0999984741211,11518000
2018-06-18,52.2424430847168,69.05999755859375,69.94000244140625,68.91999816894531,69.7699966430664,6565300
2018-06-19,53.66463851928711,70.94000244140625,70.98999786376953,68.16000366210938,68.45999908447266,8634000
2018-06-20,54.05799102783203,71.45999908447266,71.56999969482422,70.3499984741211,70.95999908447266,6010600
2018-06-21,54.10337066650391,71.5199966430664,71.69000244140625,70.77999877929688,71.47000122070312,6548400
2018-06-22,53.762969970703125,71.06999969482422,71.76000213623047,70.83000183105469,71.69000244140625,6118900
2018-06-25,53.81591796875,71.13999938964844,71.63999938964844,70.55000305175781,70.72000122070312,6019500
2018-06-26,53.14264297485352,70.25,72.06999969482422,69.70999908447266,71.26000213623047,6538300
2018-06-27,51.92472457885742,68.63999938964844,70.77999877929688,68.5999984741211,70.33999633789062,5818600
2018-06-28,53.20318603515625,70.33000183105469,70.5,69.08000183105469,69.8499984741211,7977100
2018-06-29,53.5889778137207,70.83999633789062,71.5,70.29000091552734,70.4800033569336,6215700
2018-07-02,53.921817779541016,71.27999877929688,71.37999725341797,70.30000305175781,70.69999694824219,4086700
2018-07-03,53.95966720581055,71.33000183105469,71.94000244140625,71.0999984741211,71.4000015258789,3147700
2018-07-05,55.079246520996094,72.80999755859375,72.88999938964844,71.29000091552734,71.33999633789062,5755400
2018-07-06,56.89479446411133,75.20999908447266,75.44000244140625,73.0,73.19999694824219,8859800
2018-07-09,57.97656631469727,76.63999938964844,77.19000244140625,75.20999908447266,75.44999694824219,8546500
2018-07-10,58.05976867675781,76.75,77.44000244140625,76.23999786376953,77.02999877929688,8380800
2018-07-11,57.507545471191406,76.0199966430664,76.66000366210938,75.69000244140625,76.5,6138800
2018-07-12,58.70277404785156,77.5999984741211,78.16999816894531,75.93000030517578,76.55999755859375,8955900
2018-07-13,58.53634643554688,77.37999725341797,77.88999938964844,77.04000091552734,77.4000015258789,4031200
2018-07-16,58.445579528808594,77.26000213623047,77.8499984741211,76.7300033569336,77.58000183105469,3093500
2018-07-17,58.400184631347656,77.19999694824219,77.76000213623047,76.93000030517578,77.11000061035156,4424700
2018-07-18,58.33966827392578,77.12000274658203,77.77999877929688,76.81999969482422,77.08999633789062,5186600
2018-07-19,58.28670883178711,77.05000305175781,77.7300033569336,76.08000183105469,76.98999786376953,6488400
2018-07-20,58.52878189086914,77.37000274658203,77.69999694824219,76.36000061035156,76.36000061035156,5656000
2018-07-23,58.53634643554688,77.37999725341797,77.94000244140625,76.95999908447266,77.08999633789062,5119800
2018-07-24,58.7406005859375,77.6500015258789,78.58999633789062,77.4000015258789,77.75,8686500
2018-07-25,59.70132446289063,78.91999816894531,79.0,77.29000091552734,77.47000122070312,7968400
2018-07-26,59.12639999389648,78.16000366210938,79.04000091552734,76.0999984741211,77.7699966430664,14492500
2018-07-27,58.10515213012695,76.80999755859375,78.94999694824219,76.62999725341797,78.12999725341797,9455900
2018-07-30,57.734493255615234,76.31999969482422,76.95999908447266,75.83999633789062,76.47000122070312,5720900
2018-07-31,58.876766204833984,77.83000183105469,78.08000183105469,76.19000244140625,76.58999633789062,6615100
2018-08-01,58.92972946166992,77.9000015258789,78.3499984741211,77.37999725341797,77.5,4246200
2018-08-02,58.72547149658203,77.62999725341797,78.16000366210938,76.86000061035156,77.69000244140625,5629200
2018-08-03,58.95242691040039,77.93000030517578,77.94999694824219,77.16999816894531,77.68000030517578,4628600
2018-08-06,58.90700912475586,77.87000274658203,78.23999786376953,77.26000213623047,77.83999633789062,3955100
2018-08-07,59.29282760620117,78.37999725341797,78.55000305175781,77.5199966430664,77.94000244140625,5759100
2018-08-08,58.18081283569336,76.91000366210938,78.37999725341797,76.83000183105469,78.19000244140625,4400600
2018-08-09,59.03563690185547,78.04000091552734,78.62000274658203,76.91999816894531,77.02999877929688,5835400
2018-08-10,58.04465103149414,76.7300033569336,77.95999908447266,76.30000305175781,77.5199966430664,5564100
2018-08-13,58.37750625610352,77.16999816894531,77.4800033569336,76.52999877929688,76.87000274658203,4903400
2018-08-14,58.48340225219727,77.30999755859375,77.81999969482422,77.11000061035156,77.11000061035156,4399800
2018-08-15,56.61488342285156,74.83999633789062,76.47000122070312,74.25,76.4000015258789,11810000
2018-08-16,57.1822395324707,75.58999633789062,75.68000030517578,74.68000030517578,75.16000366210938,8742100
2018-08-17,55.1624641418457,72.91999816894531,75.55000305175781,72.05999755859375,75.41000366210938,13337900
2018-08-20,54.73881149291992,72.36000061035156,73.37000274658203,71.9000015258789,72.94000244140625,9137800
2018-08-21,55.46504974365234,73.31999969482422,73.4800033569336,72.37000274658203,72.37000274658203,9139900
2018-08-22,55.8432846069336,73.81999969482422,74.3499984741211,73.20999908447266,73.44999694824219,5083500
2018-08-23,55.48018264770508,73.33999633789062,73.76000213623047,72.75,73.54000091552734,4737500
2018-08-24,55.66929626464844,73.58999633789062,74.01000213623047,73.20999908447266,73.5199966430664,4767100
2018-08-27,56.59976196289063,74.81999969482422,74.91000366210938,73.83999633789062,74.0,5355500
2018-08-28,56.6829719543457,74.93000030517578,75.47000122070312,74.61000061035156,74.80000305175781,4737600
2018-08-29,57.2049446105957,75.62000274658203,75.80999755859375,74.36000061035156,74.9000015258789,4570500
2018-08-30,57.7117919921875,76.29000091552734,76.3499984741211,75.5,75.73999786376953,4459100
2018-08-31,57.28815841674805,75.7300033569336,76.58999633789062,75.51000213623047,76.31999969482422,4311900
2018-09-04,56.19882583618164,74.29000091552734,75.72000122070312,73.6500015258789,75.36000061035156,4842300
2018-09-05,56.38037490844727,74.52999877929688,74.66000366210938,73.91000366210938,74.18000030517578,5069400
2018-09-06,55.1322021484375,72.87999725341797,74.63999938964844,72.61000061035156,74.37000274658203,5404900
2018-09-07,54.632930755615234,72.22000122070312,72.80000305175781,71.48999786376953,72.7300033569336,6891900
2018-09-10,54.85231018066406,72.51000213623047,73.16999816894531,72.3499984741211,72.58000183105469,5009600
2018-09-11,54.64049911499024,72.2300033569336,72.69000244140625,71.7699966430664,72.5999984741211,5265100
2018-09-12,55.95675659179688,73.97000122070312,75.18000030517578,73.4000015258789,75.05999755859375,9589000
2018-09-13,56.505653381347656,74.12000274658203,74.25,72.9000015258789,73.75,5607200
2018-09-14,55.941497802734375,73.37999725341797,74.55000305175781,73.20999908447266,74.20999908447266,4959800
2018-09-17,55.48410034179688,72.77999877929688,73.52999877929688,72.61000061035156,73.5,5757200
2018-09-18,56.16258239746094,73.66999816894531,74.01000213623047,72.18000030517578,72.77999877929688,7251800
2018-09-19,56.32269287109375,73.87999725341797,74.31999969482422,73.30000305175781,73.47000122070312,3662800
2018-09-20,57.04690933227539,74.83000183105469,74.95999908447266,73.83999633789062,73.95999908447266,5883700
2018-09-21,57.56532287597656,75.51000213623047,75.93000030517578,74.75,74.79000091552734,9578700
2018-09-24,57.64918518066406,75.62000274658203,76.20999908447266,75.23999786376953,75.29000091552734,4926300
2018-09-25,57.16889953613281,74.98999786376953,75.98999786376953,74.91999816894531,75.69999694824219,5926500
2018-09-26,57.672061920166016,75.6500015258789,76.41000366210938,74.8499984741211,75.11000061035156,7527500
2018-09-27,58.381046295166016,76.58000183105469,77.0999984741211,75.56999969482422,75.6500015258789,5451000
2018-09-28,58.86132049560547,77.20999908447266,77.23999786376953,76.12999725341797,76.58000183105469,7604800
2018-10-01,59.43310928344727,77.95999908447266,78.58999633789062,77.04000091552734,77.31999969482422,7820400
2018-10-02,59.97436141967773,78.66999816894531,78.75,77.69000244140625,78.02999877929688,7468700
2018-10-03,60.22593307495117,79.0,79.61000061035156,78.4800033569336,78.8499984741211,6560100
2018-10-04,58.36579132080078,76.55999755859375,78.94999694824219,75.83000183105469,78.68000030517578,7705500
2018-10-05,58.1218376159668,76.23999786376953,77.55999755859375,75.1500015258789,76.7699966430664,6083400
2018-10-08,58.24380874633789,76.4000015258789,76.6500015258789,75.51000213623047,76.30000305175781,4507100
2018-10-09,58.35054397583008,76.54000091552734,77.38999938964844,75.83000183105469,76.19999694824219,5367800
2018-10-10,57.0088005065918,74.77999877929688,77.05999755859375,74.75,76.22000122070312,6719900
2018-10-11,55.2706413269043,72.5,75.19000244140625,71.80000305175781,74.9000015258789,8486100
2018-10-12,56.10160446166992,73.58999633789062,73.9000015258789,72.26000213623047,73.19999694824219,5638400
2018-10-15,55.48410034179688,72.77999877929688,73.7699966430664,72.70999908447266,73.30999755859375,5198600
2018-10-16,58.17519760131836,76.30999755859375,76.44000244140625,73.04000091552734,73.30000305175781,7455100
2018-10-17,57.64918518066406,75.62000274658203,76.29000091552734,75.13999938964844,76.0,5455000
2018-10-18,56.54377365112305,74.16999816894531,75.5999984741211,73.31999969482422,75.55999755859375,6185300
2018-10-19,55.8576545715332,73.2699966430664,74.80000305175781,73.1500015258789,74.1500015258789,5036500
2018-10-22,55.14865112304688,72.33999633789062,73.69999694824219,72.18000030517578,73.45999908447266,5351400
2018-10-23,54.63788604736328,71.66999816894531,72.30999755859375,70.69999694824219,71.54000091552734,5738500
2018-10-24,51.84767150878906,68.01000213623047,72.05999755859375,67.87999725341797,71.2300033569336,8949100
2018-10-25,52.31270599365234,68.62000274658203,70.0199966430664,67.25,68.27999877929688,9388600
2018-10-26,53.166542053222656,69.73999786376953,70.27999877929688,66.5,66.79000091552734,11006100
2018-10-29,54.05086135864258,70.9000015258789,71.98999786376953,69.47000122070312,70.80000305175781,9183400
2018-10-30,54.91995620727539,72.04000091552734,72.62000274658203,71.04000091552734,71.23999786376953,6632500
2018-10-31,51.97727584838867,68.18000030517578,72.5,67.2300033569336,72.41000366210938,17316000
2018-11-01,53.60108184814453,70.30999755859375,70.41999816894531,68.0,68.19999694824219,8060600
2018-11-02,52.93784332275391,69.44000244140625,71.56999969482422,68.88999938964844,70.97000122070312,6061200
2018-11-05,53.044578552246094,69.58000183105469,70.16999816894531,68.95999908447266,69.87999725341797,6087800
2018-11-06,53.6315803527832,70.3499984741211,70.4000015258789,69.55000305175781,69.75,5699000
2018-11-07,55.25538635253906,72.4800033569336,72.80000305175781,70.36000061035156,71.01000213623047,8635900
2018-11-08,54.79796600341797,71.87999725341797,72.66000366210938,71.61000061035156,72.25,5007100
2018-11-09,54.26432800292969,71.18000030517578,71.91000366210938,70.68000030517578,71.47000122070312,4568000
2018-11-12,53.73830032348633,70.48999786376953,71.47000122070312,70.05999755859375,71.06999969482422,5300800
2018-11-13,54.06611251831055,70.91999816894531,72.55000305175781,70.30999755859375,70.5999984741211,4437600
2018-11-14,53.7840576171875,70.55000305175781,71.70999908447266,70.1500015258789,71.36000061035156,4397200
2018-11-15,53.19702911376953,69.77999877929688,70.56999969482422,68.44000244140625,70.22000122070312,9249300
2018-11-16,52.7548713684082,69.19999694824219,69.69999694824219,68.93000030517578,69.44999694824219,8059100
2018-11-19,51.84767150878906,68.01000213623047,69.23999786376953,67.6500015258789,69.06999969482422,8814700
2018-11-20,51.5122299194336,67.56999969482422,69.45999908447266,67.54000091552734,68.4000015258789,8511000
2018-11-21,50.87948226928711,66.73999786376953,67.69000244140625,66.55000305175781,67.56999969482422,8866000
2018-11-23,50.76511764526367,66.58999633789062,67.04000091552734,66.05999755859375,66.37999725341797,3072800
2018-11-26,51.03194808959961,66.94000244140625,68.05999755859375,66.05999755859375,67.37000274658203,9451000
2018-11-27,51.41312789916992,67.44000244140625,67.44999694824219,65.80999755859375,66.48999786376953,8001500
2018-11-28,52.747257232666016,69.19000244140625,69.20999908447266,66.91000366210938,67.48999786376953,6463100
2018-11-29,53.12841796875,69.69000244140625,70.27999877929688,68.72000122070312,68.80000305175781,6468000
2018-11-30,54.84371948242188,71.94000244140625,72.19999694824219,69.44999694824219,69.7300033569336,8673300
2018-12-03,54.0203971862793,70.86000061035156,72.9000015258789,70.51000213623047,72.73999786376953,11239300
2018-12-04,53.021705627441406,69.55000305175781,72.62999725341797,69.31999969482422,70.80000305175781,9935000
2018-12-06,53.50960159301758,70.19000244140625,70.20999908447266,68.11000061035156,68.70999908447266,8099400
2018-12-07,51.95439147949219,68.1500015258789,70.0,67.88999938964844,69.77999877929688,5657500
2018-12-10,51.45125198364258,67.48999786376953,69.87000274658203,65.9000015258789,69.22000122070312,8927200
2018-12-11,51.626583099365234,67.72000122070312,69.16999816894531,67.19999694824219,68.12999725341797,5867000
2018-12-12,51.94677734375,68.13999938964844,69.31999969482422,68.05999755859375,68.58000183105469,6447900
2018-12-13,51.77765274047852,67.3499984741211,68.29000091552734,66.70999908447266,68.0999984741211,6198200
2018-12-14,50.4092025756836,65.56999969482422,67.16999816894531,65.37999725341797,66.80000305175781,8253600
2018-12-17,50.063255310058594,65.12000274658203,67.0999984741211,64.55999755859375,65.37999725341797,11671600
2018-12-18,49.84798049926758,64.83999633789062,66.73999786376953,64.30000305175781,65.4800033569336,9325600
2018-12-19,49.3559684753418,64.19999694824219,66.79000091552734,63.47999954223633,65.11000061035156,9488300
2018-12-20,49.4328498840332,64.30000305175781,65.3499984741211,63.34999847412109,64.12999725341797,10462600
2018-12-21,48.14129257202149,62.619998931884766,66.08999633789062,62.25,64.75,17586200
2018-12-24,46.542213439941406,60.540000915527344,62.83000183105469,60.470001220703125,62.470001220703125,6162600
2018-12-26,48.602569580078125,63.220001220703125,63.22999954223633,60.31999969482422,60.650001525878906,8824400
2018-12-27,48.38731002807617,62.93999862670898,63.02000045776367,60.470001220703125,62.400001525878906,9548200
2018-12-28,47.572391510009766,61.880001068115234,63.040000915527344,61.66999816894531,62.810001373291016,6785400
2018-12-31,48.08747482299805,62.54999923706055,63.06999969482422,61.58000183105469,62.0,7584000
2019-01-02,48.77169036865234,63.43999862670898,64.01000213623047,61.5,61.7599983215332,7839400
2019-01-03,50.1631965637207,65.25,67.25,65.13999938964844,66.29000091552734,14631300
2019-01-04,52.46956253051758,68.25,68.43000030517578,66.04000091552734,66.25,9639500
2019-01-07,52.7078742980957,68.55999755859375,68.93000030517578,67.37000274658203,68.0999984741211,10504100
2019-01-08,52.3465461730957,68.08999633789062,69.1500015258789,67.08999633789062,68.8499984741211,7527400
2019-01-09,52.231231689453125,67.94000244140625,68.66000366210938,67.54000091552734,68.19999694824219,5770000
2019-01-10,52.30810928344727,68.04000091552734,68.2699966430664,67.08999633789062,67.73999786376953,5715900
2019-01-11,52.40036010742188,68.16000366210938,68.4000015258789,67.44000244140625,67.80000305175781,5663100
2019-01-14,51.70076751708984,67.25,67.94000244140625,67.11000061035156,67.7699966430664,9172500
2019-01-15,52.67711639404297,68.5199966430664,68.70999908447266,67.02999877929688,67.19000244140625,7199500
2019-01-16,52.00059127807617,67.63999938964844,68.87000274658203,67.55000305175781,68.2699966430664,6142300
2019-01-17,52.77705383300781,68.6500015258789,68.95999908447266,67.45999908447266,67.54000091552734,5224500
2019-01-18,53.184513092041016,69.18000030517578,69.58000183105469,68.51000213623047,69.23999786376953,8358800
2019-01-22,52.700191497802734,68.55000305175781,68.81999969482422,68.0199966430664,68.73999786376953,9827000
2019-01-23,52.46956253051758,68.25,69.51000213623047,67.81999969482422,68.5199966430664,6952600
2019-01-24,52.16971969604492,67.86000061035156,68.45999908447266,67.5199966430664,68.43000030517578,7750900
2019-01-25,52.96926498413086,68.9000015258789,69.27999877929688,68.0999984741211,68.16999816894531,8809600
2019-01-28,52.20817565917969,67.91000366210938,69.0,67.36000061035156,68.41999816894531,7120000
2019-01-29,53.49972152709961,69.58999633789062,69.95999908447266,68.04000091552734,68.06999969482422,6989300
2019-01-30,53.68423080444336,69.83000183105469,70.30000305175781,68.5999984741211,69.41999816894531,5113400
2019-01-31,53.82261657714844,70.01000213623047,70.31999969482422,69.08000183105469,69.80999755859375,8343700
2019-02-01,53.853363037109375,70.05000305175781,70.5,69.36000061035156,70.0,6502100
2019-02-04,53.853363037109375,70.05000305175781,70.26000213623047,69.22000122070312,69.86000061035156,6913800
2019-02-05,52.03133392333984,67.68000030517578,69.0199966430664,66.75,67.75,14500600
2019-02-06,52.853946685791016,68.75,69.30999755859375,67.2699966430664,67.58000183105469,7580200
2019-02-07,51.723819732666016,67.27999877929688,68.7699966430664,66.91999816894531,68.43000030517578,6643400
2019-02-08,51.869895935058594,67.47000122070312,67.61000061035156,66.33999633789062,66.91999816894531,5522200
2019-02-11,51.9852180480957,67.62000274658203,67.97000122070312,67.29000091552734,67.62000274658203,5505500
2019-02-12,50.27851104736328,65.4000015258789,65.44000244140625,63.959999084472656,64.77999877929688,15927900
2019-02-13,50.693660736083984,65.94000244140625,66.66999816894531,65.48999786376953,65.56999969482422,9047500
2019-02-14,51.02423858642578,66.37000274658203,66.79000091552734,65.68000030517578,66.12999725341797,5737100
2019-02-15,51.962135314941406,67.58999633789062,67.69000244140625,66.5,66.70999908447266,6214200
2019-02-19,51.324066162109375,66.76000213623047,67.7699966430664,66.6500015258789,67.33999633789062,6396200
2019-02-20,51.49319076538086,66.9800033569336,67.29000091552734,66.5199966430664,66.66999816894531,5679800
2019-02-21,50.39384078979492,65.55000305175781,66.95999908447266,65.23999786376953,66.93000030517578,5607900
2019-02-22,50.53990173339844,65.73999786376953,65.95999908447266,65.33000183105469,65.61000061035156,4925500
2019-02-25,50.24007034301758,65.3499984741211,66.05999755859375,65.2300033569336,66.05999755859375,7090500
2019-02-26,50.186256408691406,65.27999877929688,65.81999969482422,65.08999633789062,65.25,5957800
2019-02-27,50.4092025756836,65.56999969482422,66.11000061035156,65.01000213623047,65.11000061035156,7645100
2019-02-28,49.98637771606445,65.0199966430664,65.66000366210938,64.7300033569336,65.19999694824219,7227300
2019-03-01,50.74747467041016,66.01000213623047,66.27999877929688,65.4000015258789,65.62000274658203,6002500
2019-03-04,50.31696319580078,65.44999694824219,66.47000122070312,64.9000015258789,66.19999694824219,8409600
2019-03-05,49.50202941894531,64.38999938964844,65.6500015258789,64.3499984741211,65.2300033569336,7405400
2019-03-06,48.37192535400391,62.91999816894531,64.58999633789062,62.7599983215332,64.44999694824219,9442500
2019-03-07,48.07210159301758,62.52999877929688,63.18999862670898,61.959999084472656,62.93000030517578,7618500
2019-03-08,48.61025238037109,63.22999954223633,63.40999984741211,62.0,62.22999954223633,7639700
2019-03-11,49.46359252929688,64.33999633789062,64.54000091552734,63.06999969482422,63.369998931884766,5207900
2019-03-12,49.840309143066406,64.83000183105469,65.27999877929688,64.16000366210938,64.54000091552734,5235600
2019-03-13,50.54758834838867,65.75,65.94999694824219,64.87999725341797,65.19000244140625,6276300
2019-03-14,50.29143142700195,64.79000091552734,65.30000305175781,64.3499984741211,65.04000091552734,7958500
2019-03-15,50.94346237182617,65.62999725341797,65.79000091552734,64.7300033569336,64.7300033569336,11976800
2019-03-18,50.469970703125,65.0199966430664,65.9000015258789,64.83000183105469,65.79000091552734,8066900
2019-03-19,50.83478927612305,65.48999786376953,66.0999984741211,64.9000015258789,65.0,6860800
2019-03-20,50.14395904541016,64.5999984741211,65.25,64.37999725341797,65.06999969482422,8408200
2019-03-21,50.39234924316406,64.91999816894531,65.0199966430664,63.0,64.13999938964844,9069500
2019-03-22,49.49969482421875,63.77000045776367,65.0999984741211,63.70000076293945,64.86000061035156,5911900
2019-03-25,49.51522064208984,63.790000915527344,63.9900016784668,62.93000030517578,63.79999923706055,7686800
2019-03-26,49.8645133972168,64.23999786376953,64.94999694824219,63.95000076293945,64.05000305175781,6332400
2019-03-27,49.41430282592773,63.65999984741211,64.55999755859375,63.459999084472656,64.13999938964844,5919600
2019-03-28,49.437599182128906,63.68999862670898,63.93999862670898,63.16999816894531,63.91999816894531,5256000
2019-03-29,50.46221160888672,65.01000213623047,65.62999725341797,64.6500015258789,64.9000015258789,9601400
2019-04-01,51.137508392333984,65.87999725341797,66.23999786376953,65.25,65.54000091552734,5757300
2019-04-02,51.41695785522461,66.23999786376953,66.77999877929688,65.69000244140625,65.69000244140625,6932100
2019-04-03,51.74296951293945,66.66000366210938,66.77999877929688,66.18000030517578,66.68000030517578,6687000
2019-04-04,51.88267517089844,66.83999633789062,67.23999786376953,66.52999877929688,66.62999725341797,5713800
2019-04-05,52.426048278808594,67.54000091552734,68.06999969482422,66.91000366210938,67.19999694824219,5401100
2019-04-08,52.301849365234375,67.37999725341797,67.80999755859375,66.9000015258789,67.38999938964844,5308400
2019-04-09,51.3005256652832,66.08999633789062,67.62000274658203,65.94000244140625,67.2699966430664,5908000
2019-04-10,52.3173828125,67.4000015258789,67.56999969482422,66.77999877929688,67.2300033569336,7451400
2019-04-11,51.471282958984375,66.30999755859375,68.0,66.02999877929688,67.83999633789062,5994400
2019-04-12,50.67177963256836,65.27999877929688,66.83999633789062,65.08000183105469,66.76000213623047,6975400
2019-04-15,50.78821563720703,65.43000030517578,65.95999908447266,64.5,65.4000015258789,4766400
2019-04-16,50.09738540649414,64.54000091552734,66.1500015258789,64.3499984741211,65.8499984741211,5820700
2019-04-17,49.09605407714844,63.25,64.69999694824219,63.150001525878906,64.58000183105469,7888400
2019-04-18,48.86319351196289,62.95000076293945,63.61000061035156,61.560001373291016,63.61000061035156,11552900
2019-04-22,48.02486801147461,61.869998931884766,63.33000183105469,61.54999923706055,62.77999877929688,11480600
2019-04-23,48.93304061889648,63.040000915527344,63.34999847412109,61.88999938964844,62.06999969482422,10286600
2019-04-24,48.74674606323242,62.79999923706055,63.18999862670898,62.20000076293945,63.15999984741211,6130200
2019-04-25,49.786888122558594,64.13999938964844,64.33000183105469,62.04999923706055,62.470001220703125,7944700
2019-04-26,50.57087707519531,65.1500015258789,65.31999969482422,64.30999755859375,64.43000030517578,8144600
2019-04-29,50.39234924316406,64.91999816894531,65.5999984741211,64.80999755859375,65.05999755859375,5252500
2019-04-30,50.4854850769043,65.04000091552734,65.26000213623047,63.95000076293945,64.94999694824219,7164900
2019-05-01,50.3535270690918,64.87000274658203,65.61000061035156,64.45999908447266,64.81999969482422,5779700
2019-05-02,50.68730545043945,65.30000305175781,65.38999938964844,64.19999694824219,64.70999908447266,5735800
2019-05-03,52.10779571533203,67.12999725341797,67.73999786376953,65.9000015258789,65.97000122070312,8822500
2019-05-06,52.54248428344727,67.69000244140625,67.80000305175781,66.04000091552734,66.33000183105469,6304700
2019-05-07,51.541141510009766,66.4000015258789,67.5,65.93000030517578,67.05000305175781,7281300
2019-05-08,51.28499221801758,66.06999969482422,66.44000244140625,65.20999908447266,66.18000030517578,6509500
2019-05-09,51.33157730102539,66.12999725341797,66.48999786376953,64.76000213623047,65.56999969482422,6116700
2019-05-10,50.89688491821289,65.56999969482422,66.27999877929688,64.12000274658203,66.04000091552734,5953400
2019-05-13,49.810176849365234,64.16999816894531,64.52999877929688,63.15999984741211,64.41999816894531,8146000
2019-05-14,50.51654052734375,65.08000183105469,65.61000061035156,64.0999984741211,64.23999786376953,6810900
2019-05-15,50.68730545043945,65.30000305175781,65.77999877929688,64.38999938964844,64.66999816894531,5381500
2019-05-16,51.05989456176758,65.77999877929688,66.70999908447266,65.48999786376953,65.58999633789062,7535400
2019-05-17,51.51009750366211,66.36000061035156,67.22000122070312,65.5999984741211,65.7699966430664,6660900
2019-05-20,51.12199783325195,65.86000061035156,66.2300033569336,65.56999969482422,65.98999786376953,4473900
2019-05-21,51.63429260253906,66.5199966430664,66.72000122070312,65.80999755859375,66.22000122070312,5118200
2019-05-22,51.618770599365234,66.5,66.80000305175781,65.7300033569336,66.26000213623047,5764800
2019-05-23,52.13885116577149,67.16999816894531,67.45999908447266,66.37000274658203,66.75,6707200
2019-05-24,51.92148971557617,66.88999938964844,67.47000122070312,66.44999694824219,67.30000305175781,4197900
2019-05-28,49.654930114746094,63.970001220703125,65.79000091552734,63.95000076293945,65.30999755859375,9821600
2019-05-29,49.18919372558594,63.369998931884766,63.72999954223633,62.84000015258789,63.61000061035156,7193700
2019-05-30,49.16591262817383,63.34000015258789,63.63999938964844,62.810001373291016,63.459999084472656,4311900
2019-05-31,48.31982803344727,62.25,63.060001373291016,62.16999816894531,62.77000045776367,4871900
2019-06-03,49.39101409912109,63.630001068115234,64.44000244140625,62.18000030517578,62.5,9150900
2019-06-04,49.92661666870117,64.31999969482422,64.72000122070312,63.65999984741211,63.970001220703125,5647800
2019-06-05,50.01975631713867,64.44000244140625,64.83999633789062,63.59999847412109,64.80000305175781,5226500
2019-06-06,49.46864700317383,63.72999954223633,64.80000305175781,63.56999969482422,64.44999694824219,4982500
2019-06-07,50.726112365722656,65.3499984741211,65.62999725341797,63.470001220703125,64.13999938964844,6255100
2019-06-10,51.32380294799805,66.12000274658203,66.2699966430664,65.27999877929688,65.4000015258789,5942700
2019-06-11,51.30828475952149,66.0999984741211,66.83000183105469,65.94999694824219,66.12999725341797,5144600
2019-06-12,51.836124420166016,66.77999877929688,67.45999908447266,66.20999908447266,66.37999725341797,6406800
2019-06-13,52.49435043334961,66.98999786376953,67.25,66.30000305175781,66.30999755859375,4452900
2019-06-14,52.00068283081055,66.36000061035156,66.9800033569336,66.19999694824219,66.91000366210938,5333800
2019-06-17,52.58055114746094,67.0999984741211,67.44999694824219,66.06999969482422,66.47000122070312,5287300
2019-06-18,53.442527770996094,68.19999694824219,68.9000015258789,67.37999725341797,67.6500015258789,7385700
2019-06-19,53.48954391479492,68.26000213623047,68.4000015258789,67.6500015258789,68.02999877929688,4643100
2019-06-20,53.732460021972656,68.56999969482422,69.31999969482422,67.70999908447266,68.79000091552734,4968300
2019-06-21,54.36719512939453,69.37999725341797,69.47000122070312,68.2699966430664,68.52999877929688,8718500
2019-06-24,53.944034576416016,68.83999633789062,69.4800033569336,68.69999694824219,69.12999725341797,4013700
2019-06-25,53.66194915771485,68.4800033569336,69.9800033569336,68.12999725341797,68.75,6293200
2019-06-26,52.25143051147461,66.68000030517578,68.54000091552734,66.58000183105469,68.5,9479000
2019-06-27,52.564884185791016,67.08000183105469,67.38999938964844,66.26000213623047,66.63999938964844,5996900
2019-06-28,52.941009521484375,67.55999755859375,68.0199966430664,66.86000061035156,67.1500015258789,19742500
2019-07-01,53.152591705322266,67.83000183105469,68.86000061035156,67.27999877929688,68.0,6014500
2019-07-02,53.944034576416016,68.83999633789062,68.94000244140625,67.95999908447266,68.63999938964844,6010200
2019-07-03,54.06943130493164,69.0,69.06999969482422,68.31999969482422,69.06999969482422,2906000
2019-07-05,53.70112609863281,68.52999877929688,69.3499984741211,68.3499984741211,68.55999755859375,4118300
2019-07-08,52.87833404541016,67.4800033569336,68.47000122070312,66.36000061035156,68.2699966430664,7191900
2019-07-09,53.08990478515625,67.75,68.18000030517578,66.75,67.18000030517578,5201400
2019-07-10,52.8626594543457,67.45999908447266,68.52999877929688,66.9000015258789,68.0,4072300
2019-07-11,51.86745834350586,66.19000244140625,67.38999938964844,65.54000091552734,67.01000213623047,5833100
2019-07-12,51.92231750488281,66.26000213623047,66.68000030517578,65.88999938964844,66.16999816894531,4740700
2019-07-15,53.34067153930664,68.06999969482422,68.25,66.83999633789062,66.9800033569336,7495100
2019-07-16,52.455169677734375,66.94000244140625,68.19999694824219,66.51000213623047,68.06999969482422,5573200
2019-07-17,52.439491271972656,66.91999816894531,67.41999816894531,66.80999755859375,67.12999725341797,4858500
2019-07-18,52.666751861572266,67.20999908447266,67.5999984741211,66.30000305175781,66.62999725341797,4002500
2019-07-19,50.96630096435547,65.04000091552734,67.52999877929688,64.91000366210938,67.5199966430664,8876400
2019-07-22,50.864444732666016,64.91000366210938,65.81999969482422,64.75,65.30000305175781,6302600
2019-07-23,52.03201675415039,66.4000015258789,66.44000244140625,64.68000030517578,65.06999969482422,7854200
2019-07-24,52.22008895874024,66.63999938964844,66.81999969482422,65.83000183105469,66.4800033569336,4592400
2019-07-25,51.96933364868164,66.31999969482422,67.06999969482422,66.19999694824219,66.56999969482422,4061200
2019-07-26,52.439491271972656,66.91999816894531,67.04000091552734,65.91999816894531,66.3499984741211,4790600
2019-07-29,53.18394470214844,67.87000274658203,68.4000015258789,67.30000305175781,68.08999633789062,5571700
2019-07-30,52.57271957397461,67.08999633789062,67.83000183105469,66.66000366210938,67.80000305175781,6694500
2019-07-31,51.34243774414063,65.5199966430664,66.72000122070312,64.16000366210938,65.6500015258789,10366300
2019-08-01,51.303260803222656,65.47000122070312,66.77999877929688,65.08000183105469,65.66000366210938,8259800
2019-08-02,50.89577865600586,64.94999694824219,65.45999908447266,64.25,65.19000244140625,6753100
2019-08-05,49.64983367919922,63.36000061035156,64.62000274658203,62.869998931884766,64.30000305175781,7230000
2019-08-06,50.13566970825195,63.97999954223633,64.1500015258789,62.63999938964844,63.459999084472656,7052100
2019-08-07,50.05730438232422,63.880001068115234,64.19999694824219,62.540000915527344,63.34000015258789,5450400
2019-08-08,50.79391098022461,64.81999969482422,64.9000015258789,63.61000061035156,63.720001220703125,5188900
2019-08-09,51.123023986816406,65.23999786376953,65.72000122070312,64.36000061035156,64.69999694824219,5233000
2019-08-12,50.13566970825195,63.97999954223633,65.47000122070312,63.4900016784668,64.93000030517578,5703200
2019-08-13,50.38642501831055,64.30000305175781,64.98999786376953,63.720001220703125,63.720001220703125,4779600
2019-08-14,49.46176910400391,63.119998931884766,63.79999923706055,62.91999816894531,63.68999862670898,6382100
2019-08-15,49.26585388183594,62.869998931884766,63.810001373291016,62.84000015258789,63.27999877929688,4490800
2019-08-16,49.47743225097656,63.13999938964844,63.5099983215332,62.84000015258789,63.40999984741211,6967500
2019-08-19,50.23754501342773,64.11000061035156,64.41999816894531,63.68999862670898,63.68999862670898,6163200
2019-08-20,49.71251678466797,63.43999862670898,64.30999755859375,63.380001068115234,64.04000091552734,5286400
2019-08-21,50.25321578979492,64.12999725341797,64.26000213623047,63.66999816894531,64.04000091552734,4493700
2019-08-22,50.3237419128418,64.22000122070312,64.69999694824219,63.540000915527344,64.30999755859375,5084900
2019-08-23,48.98376083374024,62.5099983215332,64.66999816894531,62.18999862670898,64.06999969482422,7488300
2019-08-26,49.36773681640625,63.0,63.33000183105469,62.33000183105469,63.29999923706055,4053200
2019-08-27,49.61065673828125,63.310001373291016,63.88999938964844,62.93999862670898,63.5099983215332,5227000
2019-08-28,49.86924362182617,63.63999938964844,64.19000244140625,62.72999954223633,63.040000915527344,5441100
2019-08-29,49.955448150634766,63.75,64.41999816894531,63.290000915527344,64.2699966430664,4758500
2019-08-30,49.79088973999024,63.540000915527344,64.01000213623047,62.84999847412109,63.9900016784668,5301200
2019-09-03,49.34422302246094,62.970001220703125,63.34000015258789,62.27000045776367,63.150001525878906,4909200
2019-09-04,49.57931900024414,63.27000045776367,63.66999816894531,62.38999938964844,63.36000061035156,5898200
2019-09-05,50.1983528137207,64.05999755859375,64.5,63.33000183105469,63.43999862670898,6011100
2019-09-06,50.79391098022461,64.81999969482422,65.0,63.91999816894531,64.30000305175781,6833300
2019-09-09,51.9771728515625,66.33000183105469,66.56999969482422,64.62999725341797,64.6500015258789,8701000
2019-09-10,52.564884185791016,67.08000183105469,67.18000030517578,65.7699966430664,66.08000183105469,7419700
2019-09-11,53.34849166870117,68.08000183105469,68.16000366210938,66.98999786376953,66.98999786376953,8853300
2019-09-12,52.48637771606445,66.36000061035156,67.54000091552734,66.26000213623047,67.5,6495500
2019-09-13,52.6129150390625,66.5199966430664,67.48999786376953,65.95999908447266,66.75,4814700
2019-09-16,52.106719970703125,65.87999725341797,66.43000030517578,65.66000366210938,66.29000091552734,4644100
2019-09-17,52.33610153198242,66.16999816894531,66.23999786376953,65.27999877929688,65.9000015258789,4819800
2019-09-18,51.98017883300781,65.72000122070312,66.1500015258789,65.11000061035156,66.01000213623047,4295400
2019-09-19,52.17000198364258,65.95999908447266,66.44000244140625,65.63999938964844,65.8499984741211,4171100
2019-09-20,52.533836364746094,66.41999816894531,67.0199966430664,65.88999938964844,65.88999938964844,9700400
2019-09-23,51.98809814453125,65.7300033569336,66.33000183105469,64.87999725341797,66.25,5259100
2019-09-24,51.06269454956055,64.55999755859375,66.02999877929688,64.23999786376953,65.98999786376953,5823400
2019-09-25,50.7779541015625,64.19999694824219,64.83999633789062,64.0199966430664,64.5,4914500
2019-09-26,50.06611633300781,63.29999923706055,64.41999816894531,63.09000015258789,64.41999816894531,6398400
2019-09-27,49.749755859375,62.900001525878906,63.91999816894531,62.56999969482422,63.56999969482422,7410900
2019-09-30,50.12939834594727,63.380001068115234,63.810001373291016,62.86000061035156,63.0,8291400
2019-10-01,50.00284194946289,63.220001220703125,64.33000183105469,62.959999084472656,63.59999847412109,4899200
2019-10-02,48.73734664916992,61.619998931884766,62.93999862670898,61.52000045776367,62.93999862670898,6409700
2019-10-03,49.21981430053711,62.22999954223633,62.34000015258789,60.88999938964844,61.7400016784668,6325200
2019-10-04,49.48082733154297,62.560001373291016,62.720001220703125,61.91999816894531,62.45000076293945,5138700
2019-10-07,49.61528015136719,62.72999954223633,63.58000183105469,62.27999877929688,62.54999923706055,5980700
2019-10-08,48.79272079467773,61.68999862670898,62.4900016784668,61.369998931884766,62.33000183105469,4559800
2019-10-09,49.02208709716797,61.97999954223633,62.43000030517578,61.7599983215332,62.290000915527344,3516200
2019-10-10,50.034481048583984,63.2599983215332,63.40999984741211,62.0,62.119998931884766,5718400
2019-10-11,50.61186218261719,63.9900016784668,64.48999786376953,63.66999816894531,63.95000076293945,5598100
2019-10-14,51.02314376831055,64.51000213623047,65.0199966430664,63.83000183105469,63.83000183105469,4354500
2019-10-15,51.64798355102539,65.30000305175781,65.73999786376953,64.61000061035156,64.83000183105469,5675700
2019-10-16,51.687530517578125,65.3499984741211,65.87999725341797,65.0,65.05999755859375,4854900
2019-10-17,51.59262466430664,65.2300033569336,65.69000244140625,64.77999877929688,65.30000305175781,4682600
2019-10-18,51.33953094482422,64.91000366210938,65.44999694824219,64.19999694824219,65.4000015258789,8805600
2019-10-21,51.57680130004883,65.20999908447266,65.37000274658203,64.80000305175781,64.94000244140625,3737000
2019-10-22,52.090919494628906,65.86000061035156,66.58999633789062,65.66999816894531,65.70999908447266,5881800
2019-10-23,52.66038131713867,66.58000183105469,66.6500015258789,65.52999877929688,65.72000122070312,6056100
2019-10-24,52.201637268066406,66.0,66.75,65.62999725341797,66.75,5555400
2019-10-25,50.08193588256836,63.31999969482422,64.2699966430664,62.52000045776367,63.0,12014700
2019-10-28,50.40621948242188,63.72999954223633,63.95000076293945,62.77999877929688,63.630001068115234,7854900
2019-10-29,50.18475341796875,63.45000076293945,64.0,63.25,64.0,5534200
2019-10-30,49.94747924804688,63.150001525878906,63.59999847412109,62.66999816894531,63.45000076293945,6289200
2019-10-31,50.39039993286133,63.709999084472656,63.81999969482422,62.7400016784668,62.90999984741211,6438100
2019-11-01,51.141788482666016,64.66000366210938,64.98999786376953,63.7599983215332,63.970001220703125,4956800
2019-11-04,51.57680130004883,65.20999908447266,65.4800033569336,64.02999877929688,65.16000366210938,7008700
2019-11-05,51.71916580200195,65.38999938964844,66.2699966430664,65.19000244140625,65.41000366210938,6599100
2019-11-06,51.73499298095703,65.41000366210938,66.16999816894531,65.06999969482422,65.62999725341797,6010500
2019-11-07,50.588134765625,63.959999084472656,65.16999816894531,63.43999862670898,65.0199966430664,7746000
2019-11-08,51.71126174926758,65.37999725341797,65.5199966430664,63.52000045776367,63.52999877929688,4953100
2019-11-11,51.125972747802734,64.63999938964844,65.1500015258789,64.33000183105469,65.0199966430664,3696400
2019-11-12,50.87287521362305,64.31999969482422,64.86000061035156,64.1500015258789,64.55999755859375,4243200
2019-11-13,50.08983612060547,63.33000183105469,64.1500015258789,63.09999847412109,64.1500015258789,4482600
2019-11-14,50.4694938659668,63.810001373291016,64.0,62.380001068115234,63.22999954223633,7548200
2019-11-15,51.46607208251953,65.06999969482422,65.22000122070312,64.0,64.16000366210938,6908600
2019-11-18,50.8491325378418,64.29000091552734,65.16999816894531,63.720001220703125,64.87999725341797,6163600
2019-11-19,51.41070556640625,65.0,65.05000305175781,64.5,64.7300033569336,6135100
2019-11-20,51.31579208374024,64.87999725341797,65.30000305175781,64.4800033569336,64.77999877929688,7633900
2019-11-21,51.98809814453125,65.7300033569336,65.80000305175781,64.51000213623047,65.0999984741211,5392000
2019-11-22,51.61634826660156,65.26000213623047,65.94000244140625,65.19000244140625,65.79000091552734,4589300
2019-11-25,53.16657638549805,67.22000122070312,67.27999877929688,65.48999786376953,65.55000305175781,7492900
2019-11-26,53.21402740478516,67.27999877929688,67.6500015258789,66.68000030517578,66.97000122070312,6923500
2019-11-27,53.08749008178711,67.12000274658203,67.48999786376953,66.69999694824219,67.27999877929688,4980300
2019-11-29,53.182395935058594,67.23999786376953,67.36000061035156,66.80999755859375,67.04000091552734,2658800
2019-12-02,52.29655075073242,66.12000274658203,67.5199966430664,65.94000244140625,67.25,7642100
2019-12-03,52.25699996948242,66.06999969482422,66.19999694824219,65.16999816894531,65.79000091552734,5333300
2019-12-04,52.79484939575195,66.75,67.22000122070312,66.05999755859375,66.30000305175781,5093400
2019-12-05,52.14627456665039,65.93000030517578,66.94999694824219,65.4000015258789,66.9000015258789,5847800
2019-12-06,53.05584716796875,67.08000183105469,67.55000305175781,66.08000183105469,66.43000030517578,4140400
2019-12-09,52.93720626831055,66.93000030517578,67.87999725341797,66.83000183105469,67.18000030517578,5983700
2019-12-10,53.05584716796875,67.08000183105469,67.18000030517578,66.12999725341797,66.8499984741211,4272900
2019-12-11,53.609500885009766,67.77999877929688,67.98999786376953,67.11000061035156,67.36000061035156,5589800
2019-12-12,53.99270248413086,67.62999725341797,68.16000366210938,67.0199966430664,67.16000366210938,5732200
2019-12-13,52.507774353027344,65.7699966430664,66.80999755859375,65.45999908447266,66.25,8198900
2019-12-16,52.78719711303711,66.12000274658203,66.79000091552734,66.08999633789062,66.25,11647500
2019-12-17,52.85105514526367,66.19999694824219,66.41000366210938,65.79000091552734,66.18000030517578,7881300
2019-12-18,52.435916900634766,65.68000030517578,66.5,65.26000213623047,66.30999755859375,10105600
2019-12-19,52.12456512451172,65.29000091552734,65.91000366210938,65.16000366210938,65.91000366210938,9495300
2019-12-20,53.369998931884766,66.8499984741211,67.0,65.16999816894531,65.58999633789062,23440000
2019-12-23,53.29015350341797,66.75,67.4000015258789,66.54000091552734,66.69999694824219,7038200
2019-12-24,53.26620864868164,66.72000122070312,66.94000244140625,66.29000091552734,66.80999755859375,1965800
2019-12-26,53.00275421142578,66.38999938964844,66.91000366210938,66.1500015258789,66.70999908447266,3527400
2019-12-27,52.65148162841797,65.94999694824219,66.48999786376953,65.70999908447266,66.37999725341797,4463900
2019-12-30,51.837158203125,64.93000030517578,66.0999984741211,64.80999755859375,65.7300033569336,5864300
2019-12-31,51.87708282470703,64.9800033569336,65.05999755859375,64.3499984741211,64.66000366210938,6984700
2020-01-02,52.076656341552734,65.2300033569336,65.73999786376953,65.04000091552734,65.52999877929688,5038200
2020-01-03,51.94892501831055,65.06999969482422,65.37000274658203,64.55999755859375,64.62999725341797,4689700
2020-01-06,52.41196060180664,65.6500015258789,65.83000183105469,64.66000366210938,64.66999816894531,8248700
2020-01-07,51.98884201049805,65.12000274658203,65.29000091552734,64.16999816894531,65.26000213623047,8082600
2020-01-08,52.5317268371582,65.80000305175781,66.23999786376953,64.80999755859375,65.11000061035156,6607300
2020-01-09,52.56365203857422,65.83999633789062,66.06999969482422,65.30000305175781,65.80999755859375,5942300
2020-01-10,51.91698455810547,65.02999877929688,66.08999633789062,64.9800033569336,66.0,5153900
2020-01-13,51.34217834472656,64.30999755859375,65.26000213623047,64.08000183105469,65.05000305175781,6868900
2020-01-14,51.25434494018555,64.19999694824219,64.55999755859375,63.90999984741211,64.41000366210938,9929700
2020-01-15,51.17452621459961,64.0999984741211,64.93000030517578,63.97999954223633,64.06999969482422,7080600
2020-01-16,50.45600128173828,63.20000076293945,64.37999725341797,63.119998931884766,64.29000091552734,10633900
2020-01-17,50.28035354614258,62.97999954223633,63.5,62.56999969482422,63.5,13457600
2020-01-21,50.00094604492188,62.630001068115234,62.91999816894531,62.22999954223633,62.90999984741211,12261100
2020-01-22,50.61567306518555,63.400001525878906,63.43000030517578,62.59999847412109,62.79999923706055,7906100
2020-01-23,51.04677963256836,63.93999862670898,64.05999755859375,62.7400016784668,63.25,14648700
2020-01-24,50.41609191894531,63.150001525878906,64.19999694824219,62.84000015258789,64.06999969482422,18685100
2020-01-27,50.9589729309082,63.83000183105469,64.27999877929688,62.79999923706055,63.0,10421600
2020-01-28,51.38208770751953,64.36000061035156,64.87999725341797,64.08999633789062,64.25,10241100
2020-01-29,51.33419799804688,64.30000305175781,65.13999938964844,64.22000122070312,64.41999816894531,7071000
2020-01-30,51.11863327026367,64.02999877929688,64.0999984741211,63.02999877929688,63.900001525878906,8771800
2020-01-31,50.45600128173828,63.20000076293945,63.93000030517578,62.59999847412109,63.79999923706055,11416800
2020-02-03,52.97879409790039,66.36000061035156,68.68000030517578,65.48999786376953,67.73999786376953,35527100
2020-02-04,53.80908203125,67.4000015258789,68.01000213623047,66.87999725341797,68.0,15904100
2020-02-05,52.58760452270508,65.87000274658203,66.55000305175781,64.06999969482422,66.22000122070312,21184500
2020-02-06,54.45575714111328,68.20999908447266,69.9000015258789,66.05000305175781,67.29000091552734,28805500
2020-02-07,54.98267364501953,68.87000274658203,71.19000244140625,68.38999938964844,69.9800033569336,27320100
2020-02-10,55.07846832275391,68.98999786376953,69.4000015258789,67.61000061035156,69.31999969482422,24347800
2020-02-11,54.09650039672852,67.76000213623047,68.98999786376953,67.5,68.93000030517578,12858700
2020-02-12,53.44982147216797,66.94999694824219,67.81999969482422,66.31999969482422,67.5,13927100
2020-02-13,53.330078125,66.80000305175781,67.7699966430664,66.5199966430664,67.12999725341797,8031000
2020-02-14,53.93682098388672,67.55999755859375,67.66000366210938,67.04000091552734,67.41000366210938,9109100
2020-02-18,53.49774169921875,67.01000213623047,67.80000305175781,66.70999908447266,67.55999755859375,9904700
2020-02-19,53.7691764831543,67.3499984741211,67.54000091552734,66.81999969482422,67.19999694824219,7754000
2020-02-20,53.48974609375,67.0,67.36000061035156,66.0999984741211,67.26000213623047,8697200
2020-02-21,55.645294189453125,69.69999694824219,69.77999877929688,66.80999755859375,67.18000030517578,22478200
2020-02-24,58.20002746582031,72.9000015258789,74.5199966430664,71.58999633789062,73.88999938964844,42905000
2020-02-25,55.96464538574219,70.0999984741211,73.8499984741211,69.0199966430664,73.7300033569336,39199200
2020-02-26,59.63706970214844,74.69999694824219,75.47000122070312,70.72000122070312,71.31999969482422,35000500
2020-02-27,58.008445739746094,72.66000366210938,78.87999725341797,72.26000213623047,78.30999755859375,51482500
2020-02-28,55.37386322021485,69.36000061035156,71.08000183105469,66.62999725341797,70.16999816894531,33786900
2020-03-02,60.19594192504883,75.4000015258789,75.41000366210938,70.08000183105469,70.31999969482422,31113000
2020-03-03,59.24587631225586,74.20999908447266,74.81999969482422,71.51000213623047,74.2699966430664,24482000
2020-03-04,60.68293762207031,76.01000213623047,76.01000213623047,72.58999633789062,74.9000015258789,23741700
2020-03-05,60.77872085571289,76.12999725341797,77.5,74.52999877929688,75.0,22727600
2020-03-06,64.04400634765625,80.22000122070312,80.4000015258789,75.0999984741211,75.31999969482422,31704700
2020-03-09,58.69501876831055,73.5199966430664,78.19000244140625,73.08999633789062,77.91999816894531,32839400
2020-03-10,57.752960205078125,72.33999633789062,75.55999755859375,68.77999877929688,75.51000213623047,27660000
2020-03-11,58.83871841430664,73.69999694824219,75.37999725341797,72.77999877929688,73.9000015258789,32018600
2020-03-12,55.26100540161133,68.58000183105469,72.86000061035156,67.87999725341797,70.44000244140625,26364600
2020-03-13,57.00958633422852,70.75,72.0,67.5,71.93000030517578,30116100
2020-03-16,55.51888275146485,68.9000015258789,72.80000305175781,64.41000366210938,67.23999786376953,26764600
2020-03-17,60.04741668701172,74.5199966430664,76.08000183105469,69.0,70.0,28823700
2020-03-18,63.99577713012695,79.41999816894531,80.0,72.97000122070312,73.61000061035156,34965900
2020-03-19,63.29473114013672,78.55000305175781,85.97000122070312,78.29000091552734,80.9800033569336,46268200
2020-03-20,59.0321044921875,73.26000213623047,81.5999984741211,72.16999816894531,79.5,35110200
2020-03-23,58.50835037231445,72.61000061035156,75.30000305175781,68.86000061035156,75.30000305175781,19875200
2020-03-24,59.59616470336914,73.95999908447266,75.83000183105469,72.11000061035156,75.12999725341797,20608100
2020-03-25,56.13127517700195,69.66000366210938,74.48999786376953,69.33999633789062,73.87000274658203,24138100
2020-03-26,59.51559066772461,73.86000061035156,73.91000366210938,69.75,69.9000015258789,18351900
2020-03-27,58.70172882080078,72.8499984741211,75.38999938964844,71.91000366210938,73.70999908447266,16521600
2020-03-30,61.18356323242188,75.93000030517578,76.41999816894531,73.88999938964844,75.3499984741211,15929400
2020-03-31,60.240814208984375,74.76000213623047,76.33000183105469,73.79000091552734,75.94999694824219,12111900
2020-04-01,58.427772521972656,72.51000213623047,74.38999938964844,72.0,74.31999969482422,12177600
2020-04-02,62.02964782714844,76.9800033569336,77.4800033569336,71.37999725341797,71.80999755859375,20482100
2020-04-03,63.02075958251953,78.20999908447266,79.47000122070312,76.36000061035156,77.41000366210938,19421800
2020-04-06,62.63399124145508,77.7300033569336,79.6500015258789,75.87999725341797,79.23999786376953,19101100
2020-04-07,60.168270111083984,74.66999816894531,77.68000030517578,72.5,77.30000305175781,19917900
2020-04-08,60.426116943359375,74.98999786376953,75.12999725341797,73.56999969482422,74.7300033569336,12215400
2020-04-09,59.23356246948242,73.51000213623047,74.5999984741211,72.94999694824219,74.37000274658203,12798600
2020-04-13,60.65982437133789,75.27999877929688,76.0,73.72000122070312,75.80000305175781,16255600
2020-04-14,62.650089263916016,77.75,77.8499984741211,75.33999633789062,75.9800033569336,14379300
2020-04-15,60.136043548583984,74.62999725341797,76.58999633789062,74.47000122070312,76.16000366210938,11397400
2020-04-16,61.67510223388672,76.54000091552734,76.95999908447266,74.44999694824219,74.83999633789062,20935400
2020-04-17,67.67823028564453,83.98999786376953,85.79000091552734,81.01000213623047,85.16999816894531,94348500
2020-04-20,65.47843170166016,81.26000213623047,85.18000030517578,80.6500015258789,82.98999786376953,31003600
2020-04-21,63.27862548828125,78.52999877929688,82.23999786376953,78.26000213623047,80.25,19989400
2020-04-22,65.51873016357422,81.30999755859375,81.55999755859375,78.80999755859375,79.58000183105469,13970300
2020-04-23,62.67428588867188,77.77999877929688,84.0,74.4000015258789,82.16999816894531,65439700
2020-04-24,64.17303466796875,79.63999938964844,80.1500015258789,76.25,77.0999984741211,24424200
2020-04-27,64.38256072998047,79.9000015258789,80.4000015258789,78.23999786376953,79.9000015258789,14640700
2020-04-28,63.39142608642578,78.66999816894531,80.06999969482422,78.08000183105469,79.88999938964844,9778200
2020-04-29,66.9933090209961,83.13999938964844,85.01000213623047,80.05000305175781,83.97000122070312,78230200
2020-04-30,67.68627166748047,84.0,85.66999816894531,81.33000183105469,85.47000122070312,39332600
2020-05-01,64.4228286743164,79.94999694824219,81.4000015258789,77.62000274658203,81.19999694824219,34498100
2020-05-04,64.6645736694336,80.25,81.76000213623047,79.19000244140625,81.62000274658203,19203000
2020-05-05,63.7701530456543,79.13999938964844,79.83000183105469,78.51000213623047,79.33000183105469,14925900
2020-05-06,62.42447280883789,77.47000122070312,79.36000061035156,77.26000213623047,78.9000015258789,12591900
2020-05-07,62.53730010986328,77.61000061035156,78.43000030517578,76.80999755859375,77.9000015258789,13491700
2020-05-08,62.44059371948242,77.48999786376953,78.44000244140625,76.87000274658203,77.76000213623047,10539200
2020-05-11,65.10777282714844,80.80000305175781,80.91999816894531,77.62000274658203,77.7699966430664,13340500
2020-05-12,62.811256408691406,77.94999694824219,80.4800033569336,77.91000366210938,80.20999908447266,12140800
2020-05-13,62.09409713745117,77.05999755859375,79.3499984741211,76.9000015258789,79.30000305175781,11166300
2020-05-14,62.23111343383789,77.2300033569336,77.80999755859375,75.83000183105469,76.55000305175781,10711900
2020-05-15,61.44948196411133,76.26000213623047,76.8499984741211,75.44999694824219,76.47000122070312,12350800
2020-05-18,60.240814208984375,74.76000213623047,76.5,73.86000061035156,76.45999908447266,16586800
2020-05-19,58.29077911376953,72.33999633789062,74.8499984741211,72.30000305175781,73.66999816894531,14152000
2020-05-20,59.53976440429688,73.88999938964844,74.08999633789062,72.70999908447266,72.80999755859375,13429500
2020-05-21,59.22550582885742,73.5,73.93000030517578,72.88999938964844,73.47000122070312,7193500
2020-05-22,59.0965690612793,73.33999633789062,73.48999786376953,72.70999908447266,73.08999633789062,6268500
2020-05-26,58.9676513671875,73.18000030517578,74.30000305175781,72.41000366210938,73.9800033569336,12308100
2020-05-27,60.35359954833984,74.9000015258789,74.9800033569336,72.37999725341797,72.37999725341797,11752300
2020-05-28,60.69204330444336,75.31999969482422,76.16999816894531,74.91000366210938,74.98999786376953,10511700
2020-05-29,62.71456527709961,77.83000183105469,78.12000274658203,74.61000061035156,75.7699966430664,24375100
2020-06-01,60.56310272216797,75.16000366210938,76.9000015258789,74.37999725341797,75.47000122070312,14665300
2020-06-02,59.0321044921875,73.26000213623047,74.63999938964844,72.95999908447266,74.37000274658203,16897900
2020-06-03,59.95072555541992,74.4000015258789,74.55000305175781,73.36000061035156,74.37999725341797,12654500
2020-06-04,62.48089218139648,77.54000091552734,78.18000030517578,73.94000244140625,74.12000274658203,14740900
2020-06-05,61.84432220458984,76.75,77.52999877929688,76.19999694824219,76.75,11047100
2020-06-08,62.021575927734375,76.97000122070312,79.30999755859375,76.7300033569336,79.30000305175781,17973400
2020-06-09,62.52119445800781,77.58999633789062,78.12999725341797,76.69000244140625,77.0,7804300
2020-06-10,62.1021842956543,77.06999969482422,78.38999938964844,76.87999725341797,77.80000305175781,7790800
2020-06-11,59.216156005859375,72.83999633789062,76.20999908447266,72.75,75.94000244140625,12098200
2020-06-12,59.508819580078125,73.19999694824219,73.72000122070312,71.91000366210938,73.33000183105469,8375600
2020-06-15,60.134803771972656,73.97000122070312,74.47000122070312,72.41000366210938,73.26000213623047,6411800
2020-06-16,60.66323852539063,74.62000274658203,75.66000366210938,73.69999694824219,74.58999633789062,9619700
2020-06-17,59.96408462524414,73.76000213623047,74.80999755859375,73.6500015258789,74.52999877929688,7534100
2020-06-18,60.19173431396485,74.04000091552734,74.18000030517578,73.01000213623047,73.38999938964844,5516100
2020-06-19,62.98017501831055,77.47000122070312,78.0,74.0999984741211,74.5199966430664,19322700
2020-06-22,61.516845703125,75.66999816894531,76.75,75.04000091552734,76.4800033569336,8943000
2020-06-23,61.01279067993164,75.05000305175781,76.06999969482422,74.80999755859375,75.66999816894531,7117100
2020-06-24,61.72822189331055,75.93000030517578,76.05000305175781,74.7300033569336,74.9000015258789,7982000
2020-06-25,61.37049865722656,75.48999786376953,75.87999725341797,74.33000183105469,75.80000305175781,7172900
2020-06-26,60.6225700378418,74.56999969482422,75.37000274658203,73.7300033569336,75.0999984741211,10389200
2020-06-29,60.61444854736328,74.55999755859375,76.55999755859375,74.13999938964844,76.52999877929688,8775300
2020-06-30,62.54930114746094,76.94000244140625,77.16000366210938,73.91000366210938,74.33999633789062,9402600
2020-07-01,61.83389663696289,76.05999755859375,77.2300033569336,75.9000015258789,77.0999984741211,7786900
2020-07-02,62.06964492797852,76.3499984741211,77.08999633789062,75.6500015258789,76.30999755859375,6381000
2020-07-06,62.40298080444336,76.76000213623047,77.66000366210938,76.06999969482422,77.51000213623047,7056600
2020-07-07,62.126556396484375,76.41999816894531,76.95999908447266,76.30999755859375,76.48999786376953,5055700
2020-07-08,61.46806335449219,75.61000061035156,77.0,74.93000030517578,76.69999694824219,6293500
2020-07-09,60.73638534545898,74.70999908447266,75.83999633789062,73.94999694824219,75.11000061035156,5199800
2020-07-10,62.04527282714844,76.31999969482422,76.8499984741211,75.5199966430664,76.0999984741211,9553800
2020-07-13,62.33794403076172,76.68000030517578,78.33999633789062,75.94999694824219,76.5199966430664,9626600
2020-07-14,62.75255584716797,77.19000244140625,77.3499984741211,75.44000244140625,76.20999908447266,6904200
2020-07-15,62.31353759765625,76.6500015258789,77.29000091552734,76.23999786376953,76.98999786376953,6018800
2020-07-16,62.30541229248047,76.63999938964844,76.75,75.62999725341797,76.5999984741211,4862200
2020-07-17,63.0126953125,77.51000213623047,77.6500015258789,76.20999908447266,76.52999877929688,6940100
2020-07-20,63.47608184814453,78.08000183105469,78.94000244140625,77.27999877929688,77.75,6974400
2020-07-21,62.419219970703125,76.77999877929688,77.98999786376953,76.5999984741211,77.3499984741211,5636600
2020-07-22,61.98835754394531,76.25,77.25,75.95999908447266,76.87000274658203,4734800
2020-07-23,61.42741394042969,75.55999755859375,76.80000305175781,75.37000274658203,76.43000030517578,5854400
2020-07-24,59.86653137207031,73.63999938964844,75.6500015258789,73.12000274658203,75.47000122070312,8149000
2020-07-27,60.598182678222656,74.54000091552734,74.58999633789062,73.31999969482422,73.88999938964844,7678500
2020-07-28,59.9396858215332,73.7300033569336,75.04000091552734,73.61000061035156,74.66999816894531,5484400
2020-07-29,59.35436248779297,73.01000213623047,73.8499984741211,72.52999877929688,73.8499984741211,8345200
2020-07-30,58.80154037475586,72.33000183105469,72.5999984741211,71.70999908447266,72.55000305175781,9274100
2020-07-31,56.525238037109375,69.52999877929688,70.83000183105469,68.5199966430664,69.7300033569336,20551100
2020-08-03,58.31377029418945,71.7300033569336,72.1500015258789,69.61000061035156,69.72000122070312,9671800
2020-08-04,57.62274932861328,70.87999725341797,72.30999755859375,70.47000122070312,72.0199966430664,9799700
2020-08-05,56.094383239746094,69.0,70.80999755859375,68.9800033569336,70.63999938964844,12271400
2020-08-06,55.93991470336914,68.80999755859375,69.62999725341797,68.62000274658203,69.0199966430664,8318000
2020-08-07,56.37891006469727,69.3499984741211,69.7300033569336,68.80999755859375,69.36000061035156,8069000
2020-08-10,55.69602966308594,68.51000213623047,69.25,67.95999908447266,69.1500015258789,10278000
2020-08-11,55.36271286010742,68.0999984741211,69.18000030517578,67.91999816894531,68.44999694824219,10236900
2020-08-12,55.96429443359375,68.83999633789062,69.11000061035156,68.37999725341797,68.69000244140625,9116600
2020-08-13,55.42775344848633,68.18000030517578,69.19000244140625,67.98999786376953,68.97000122070312,7468100
2020-08-14,55.687896728515625,68.5,68.81999969482422,68.0,68.08999633789062,9169200
2020-08-17,56.21632766723633,69.1500015258789,69.3499984741211,68.30999755859375,68.31999969482422,6848800
2020-08-18,56.14316177368164,69.05999755859375,69.75,68.9800033569336,69.2300033569336,6327500
2020-08-19,53.41160202026367,65.69999694824219,67.47000122070312,65.5,66.19000244140625,19680300
2020-08-20,53.69615173339844,66.05000305175781,66.16000366210938,65.55000305175781,65.83999633789062,8339300
2020-08-21,54.06196975708008,66.5,66.87000274658203,65.41000366210938,65.77999877929688,9898000
2020-08-24,53.72053146362305,66.08000183105469,66.95999908447266,65.55000305175781,66.36000061035156,8566200
2020-08-25,53.69615173339844,66.05000305175781,66.23999786376953,65.70999908447266,65.91000366210938,7456600
2020-08-26,53.3303108215332,65.5999984741211,65.87999725341797,65.16000366210938,65.87999725341797,7522600
2020-08-27,53.28966522216797,65.55000305175781,65.8499984741211,65.31999969482422,65.58999633789062,7919600
2020-08-28,53.05390548706055,65.26000213623047,65.75,64.9800033569336,65.22000122070312,6821000
2020-08-31,54.26522064208984,66.75,66.88999938964844,65.41999816894531,65.45999908447266,9083900
2020-09-01,53.51728820800781,65.83000183105469,66.47000122070312,64.91000366210938,66.33000183105469,8348000
2020-09-02,54.2977409362793,66.79000091552734,66.95999908447266,65.31999969482422,65.31999969482422,8334700
2020-09-03,53.582332611083984,65.91000366210938,67.43000030517578,65.4800033569336,66.80999755859375,10457400
2020-09-04,53.66362380981445,66.01000213623047,66.94000244140625,65.58000183105469,65.72000122070312,8762200
2020-09-08,52.14338684082031,64.13999938964844,65.37000274658203,63.95000076293945,65.12000274658203,10729400
2020-09-09,52.44417953491211,64.51000213623047,65.08000183105469,63.61000061035156,64.27999877929688,9309700
2020-09-10,51.842586517333984,63.77000045776367,65.04000091552734,63.54999923706055,64.69000244140625,8420600
2020-09-11,53.31406021118164,65.58000183105469,65.91000366210938,64.22000122070312,64.37000274658203,10213000
2020-09-14,54.49698638916016,66.33999633789062,67.91999816894531,64.30999755859375,64.44000244140625,18854200
2020-09-15,54.3819694519043,66.19999694824219,67.12999725341797,65.91999816894531,67.04000091552734,8327700
2020-09-16,53.930171966552734,65.6500015258789,66.55000305175781,65.61000061035156,66.31999969482422,7563600
2020-09-17,53.42905807495117,65.04000091552734,65.54000091552734,64.4000015258789,64.81999969482422,8498300
2020-09-18,53.43727111816406,65.05000305175781,65.16999816894531,64.05000305175781,64.94999694824219,14256900
2020-09-21,52.74722671508789,64.20999908447266,64.97000122070312,63.459999084472656,64.80999755859375,8575200
2020-09-22,52.081825256347656,63.400001525878906,64.58000183105469,63.290000915527344,64.08000183105469,7228200
2020-09-23,51.82717514038086,63.09000015258789,64.08000183105469,63.0,63.5099983215332,8520200
2020-09-24,51.13713073730469,62.25,62.84000015258789,61.650001525878906,62.70000076293945,9004600
2020-09-25,51.13713073730469,62.25,62.5099983215332,61.77000045776367,62.09999847412109,7142800
2020-09-28,51.63002014160156,62.84999847412109,63.40999984741211,62.52000045776367,62.93999862670898,7474700
2020-09-29,51.01390075683594,62.09999847412109,63.02999877929688,61.95000076293945,62.959999084472656,8657900
2020-09-30,51.9093132019043,63.18999862670898,63.43000030517578,62.11000061035156,62.34999847412109,10072600
2020-10-01,52.01611328125,63.31999969482422,63.709999084472656,62.709999084472656,63.33000183105469,8356500
2020-10-02,51.071407318115234,62.16999816894531,63.84000015258789,62.150001525878906,63.29999923706055,7796600
2020-10-05,52.246124267578125,63.59999847412109,64.08999633789062,63.09999847412109,63.709999084472656,10193900
2020-10-06,51.358924865722656,62.52000045776367,63.790000915527344,62.34999847412109,63.790000915527344,8398100
2020-10-07,51.62179565429688,62.84000015258789,63.16999816894531,62.290000915527344,62.72999954223633,6351400
2020-10-08,52.01611328125,63.31999969482422,64.05000305175781,63.02000045776367,63.33000183105469,6434900
2020-10-09,52.44328308105469,63.84000015258789,64.69000244140625,63.720001220703125,64.61000061035156,9364500
2020-10-12,53.02653884887695,64.55000305175781,64.98999786376953,63.54999923706055,64.06999969482422,7750200
2020-10-13,52.97724151611328,64.48999786376953,64.98999786376953,64.0,64.55000305175781,6450200
2020-10-14,52.61579513549805,64.05000305175781,64.58999633789062,63.43999862670898,64.41000366210938,7138900
2020-10-15,51.72037887573242,62.959999084472656,63.54999923706055,62.650001525878906,63.47999954223633,9630700
2020-10-16,50.9317626953125,62.0,62.86000061035156,61.83000183105469,62.400001525878906,12307200
2020-10-19,49.75703811645508,60.56999969482422,62.09999847412109,60.209999084472656,62.0,9643600
2020-10-20,49.74061584472656,60.54999923706055,60.900001525878906,59.86000061035156,60.59000015258789,9208000
2020-10-21,49.461307525634766,60.209999084472656,60.5,59.900001525878906,60.2400016784668,7493700
2020-10-22,49.83918762207031,60.66999816894531,60.900001525878906,59.650001525878906,59.91999816894531,17061800
2020-10-23,49.937767028808594,60.790000915527344,63.63999938964844,60.7599983215332,63.380001068115234,30965400
2020-10-26,49.25593948364258,59.959999084472656,60.68999862670898,59.400001525878906,60.36000061035156,10256300
2020-10-27,49.2970085144043,60.0099983215332,60.209999084472656,59.43999862670898,59.810001373291016,7699900
2020-10-28,48.23730850219727,58.720001220703125,59.56999969482422,58.060001373291016,59.310001373291016,12150800
2020-10-29,48.08122253417969,58.52999877929688,58.88999938964844,57.040000915527344,57.79999923706055,12529400
2020-10-30,47.76906204223633,58.150001525878906,58.58000183105469,57.18000030517578,57.790000915527344,11869100
2020-11-02,48.08122253417969,58.52999877929688,59.150001525878906,57.83000183105469,58.77999877929688,9352600
2020-11-03,48.327674865722656,58.83000183105469,59.38999938964844,58.400001525878906,58.81999969482422,6599700
2020-11-04,49.18200302124024,59.869998931884766,61.18999862670898,59.369998931884766,59.38999938964844,12935200
2020-11-05,48.98485565185547,59.630001068115234,60.470001220703125,59.20000076293945,60.34000015258789,7519800
2020-11-06,48.52482604980469,59.06999969482422,59.5,58.720001220703125,59.41999816894531,7209800
2020-11-09,48.50839614868164,59.04999923706055,60.369998931884766,58.9900016784668,59.400001525878906,10807100
2020-11-10,49.798118591308594,60.619998931884766,61.45000076293945,58.18000030517578,58.43999862670898,10524400
2020-11-11,49.37094497680664,60.09999847412109,61.119998931884766,59.560001373291016,60.93000030517578,7336400
2020-11-12,49.27236175537109,59.97999954223633,59.9900016784668,58.91999816894531,59.900001525878906,9226200
2020-11-13,49.773475646972656,60.59000015258789,60.97999954223633,59.77000045776367,59.959999084472656,6740800
2020-11-16,50.184207916259766,61.09000015258789,61.29999923706055,60.25,60.2599983215332,6969300
2020-11-17,50.08563232421875,60.970001220703125,61.04999923706055,60.369998931884766,60.79999923706055,5488400
2020-11-18,50.02812957763672,60.900001525878906,61.63999938964844,60.560001373291016,61.040000915527344,8884200
2020-11-19,49.80632781982422,60.630001068115234,60.959999084472656,59.900001525878906,60.5,7525100
2020-11-20,49.37916564941406,60.11000061035156,60.2599983215332,59.47999954223633,59.59999847412109,9440800
2020-11-23,49.19843292236328,59.88999938964844,60.290000915527344,59.369998931884766,60.06999969482422,8684000
2020-11-24,49.4941635131836,60.25,60.97999954223633,59.59000015258789,59.630001068115234,7827300
2020-11-25,48.87805938720703,59.5,60.43999862670898,59.470001220703125,60.18000030517578,8336100
2020-11-27,49.31344604492188,60.02999877929688,60.060001373291016,59.27999877929688,59.63999938964844,5040700
2020-11-30,49.83918762207031,60.66999816894531,60.790000915527344,59.63999938964844,59.7599983215332,16315700
2020-12-01,50.2088508605957,61.119998931884766,61.97999954223633,60.79999923706055,60.81999969482422,9620100
2020-12-02,50.217071533203125,61.130001068115234,61.869998931884766,60.959999084472656,61.06999969482422,6470300
2020-12-03,49.99526977539063,60.86000061035156,61.52999877929688,60.54999923706055,61.04999923706055,7368900
2020-12-04,50.5703125,61.560001373291016,61.66999816894531,60.70000076293945,60.81999969482422,7232300
2020-12-07,49.97062683105469,60.83000183105469,61.70000076293945,60.40999984741211,61.66999816894531,7405100
2020-12-08,50.24992752075195,61.16999816894531,61.25,60.52999877929688,60.560001373291016,6185000
2020-12-09,49.9624137878418,60.81999969482422,61.400001525878906,60.470001220703125,61.16999816894531,7231600
2020-12-10,49.65846252441406,60.45000076293945,60.900001525878906,60.130001068115234,60.65999984741211,7239500
2020-12-11,49.913116455078125,60.7599983215332,60.810001373291016,60.09000015258789,60.220001220703125,7845100
2020-12-14,49.71372985839844,59.84000015258789,60.41999816894531,59.75,60.38999938964844,12233000
2020-12-15,49.37311172485352,59.43000030517578,60.06999969482422,59.27000045776367,59.81999969482422,8073900
2020-12-16,48.96603775024414,58.93999862670898,59.470001220703125,58.68999862670898,59.310001373291016,8786400
2020-12-17,49.07403945922852,59.06999969482422,59.27999877929688,58.61000061035156,58.93000030517578,9469000
2020-12-18,49.08235168457031,59.08000183105469,59.18000030517578,58.52999877929688,59.18000030517578,22195800
2020-12-21,48.63372421264648,58.540000915527344,58.61000061035156,57.70000076293945,58.45000076293945,12141900
2020-12-22,47.35433197021485,57.0,58.31999969482422,56.810001373291016,58.220001220703125,14964000
2020-12-23,47.6700325012207,57.380001068115234,57.619998931884766,56.900001525878906,56.900001525878906,8495900
2020-12-24,47.4124755859375,57.06999969482422,57.40999984741211,56.959999084472656,57.33000183105469,3441300
2020-12-28,47.262943267822266,56.88999938964844,57.63999938964844,56.70000076293945,57.040000915527344,8215000
2020-12-29,47.21310424804688,56.83000183105469,57.66999816894531,56.709999084472656,56.959999084472656,7626000
2020-12-30,47.06354904174805,56.650001525878906,57.2400016784668,56.560001373291016,57.0,8848800
2020-12-31,48.40111541748047,58.2599983215332,58.36000061035156,56.560001373291016,56.59999847412109,10870500
2021-01-04,49.93804168701172,60.11000061035156,60.15999984741211,57.93000030517578,58.66999816894531,15520000
2021-01-05,49.846656799316406,60.0,60.45000076293945,59.619998931884766,60.22999954223633,13251100
2021-01-06,51.466678619384766,61.95000076293945,62.08000183105469,59.70000076293945,59.70000076293945,12222500
2021-01-07,51.940216064453125,62.52000045776367,63.2400016784668,61.52000045776367,61.900001525878906,10614700
2021-01-08,52.37222290039063,63.040000915527344,63.40999984741211,62.5099983215332,62.61000061035156,8389800
2021-01-11,51.93191146850586,62.5099983215332,64.18000030517578,62.27000045776367,63.75,11316700
2021-01-12,51.57467651367188,62.08000183105469,62.790000915527344,61.470001220703125,62.65999984741211,9115100
2021-01-13,51.12606048583984,61.540000915527344,62.150001525878906,61.43999862670898,61.81999969482422,6822600
2021-01-14,51.84052658081055,62.400001525878906,63.130001068115234,61.459999084472656,61.63999938964844,8694800
2021-01-15,52.61315536499024,63.33000183105469,63.59999847412109,62.130001068115234,62.29999923706055,9361900
2021-01-19,55.720252990722656,67.06999969482422,68.16000366210938,64.5999984741211,64.7300033569336,18395900
2021-01-20,56.48456573486328,67.98999786376953,68.08999633789062,66.69999694824219,67.0,10131300
2021-01-21,55.645484924316406,66.9800033569336,67.73999786376953,66.58000183105469,67.73999786376953,8141800
2021-01-22,55.61225128173828,66.94000244140625,67.47000122070312,66.23999786376953,66.52999877929688,4914400
2021-01-25,56.62580871582031,68.16000366210938,68.26000213623047,66.4000015258789,66.70999908447266,8443900
2021-01-26,55.41286849975586,66.69999694824219,68.37999725341797,66.55999755859375,67.72000122070312,7125200
2021-01-27,54.399322509765625,65.4800033569336,66.91999816894531,65.08000183105469,65.75,9908200
2021-01-28,53.73470306396485,64.68000030517578,66.23999786376953,64.0,65.25,8086400
2021-01-29,54.49901580810547,65.5999984741211,66.2300033569336,64.04000091552734,64.19999694824219,11724100
2021-02-01,54.08362579345703,65.0999984741211,66.2699966430664,65.05999755859375,66.02999877929688,6270200
2021-02-02,54.10855102539063,65.12999725341797,65.97000122070312,64.20999908447266,65.08999633789062,7749300
2021-02-03,53.60177612304688,64.5199966430664,65.69000244140625,64.51000213623047,65.20999908447266,6421700
2021-02-04,54.690086364746094,65.83000183105469,65.98999786376953,64.44000244140625,64.88999938964844,7400400
2021-02-05,56.875038146972656,68.45999908447266,69.36000061035156,66.70999908447266,67.25,15068200
2021-02-08,56.46796798706055,67.97000122070312,68.76000213623047,67.30999755859375,68.5,9599200
2021-02-09,55.91133499145508,67.30000305175781,67.83999633789062,66.8499984741211,67.7699966430664,6620400
2021-02-10,55.90303802490234,67.29000091552734,68.31999969482422,67.0999984741211,67.26000213623047,7667900
2021-02-11,55.59563446044922,66.91999816894531,67.19999694824219,66.05000305175781,67.19999694824219,6029100
2021-02-12,55.57071304321289,66.88999938964844,67.2699966430664,66.36000061035156,66.77999877929688,3977700
2021-02-16,53.83439636230469,64.80000305175781,66.5999984741211,64.5199966430664,66.41000366210938,9757000
2021-02-17,54.08362579345703,65.0999984741211,65.13999938964844,63.84000015258789,64.33000183105469,7725400
2021-02-18,54.191627502441406,65.2300033569336,65.45999908447266,64.33000183105469,64.86000061035156,6144600
2021-02-19,53.4771614074707,64.37000274658203,65.22000122070312,64.2699966430664,65.08000183105469,6054600
2021-02-22,53.26115798950195,64.11000061035156,64.47000122070312,63.52999877929688,63.93000030517578,6597700
2021-02-23,52.9039192199707,63.68000030517578,64.16000366210938,62.77999877929688,63.84999847412109,8714600
2021-02-24,52.9288444519043,63.709999084472656,64.2300033569336,62.810001373291016,63.560001373291016,6533100
2021-02-25,52.16453170776367,62.790000915527344,63.970001220703125,62.5099983215332,63.77000045776367,7685300
2021-02-26,51.00975036621094,61.400001525878906,62.790000915527344,61.38999938964844,62.77999877929688,10396300
2021-03-01,51.89036560058594,62.459999084472656,62.630001068115234,61.650001525878906,61.7599983215332,7328800
2021-03-02,52.3473014831543,63.0099983215332,63.59000015258789,62.34999847412109,62.5,6844200
2021-03-03,52.13129806518555,62.75,63.31999969482422,62.16999816894531,62.790000915527344,7081300
2021-03-04,52.53007125854492,63.22999954223633,64.54000091552734,62.52999877929688,62.79999923706055,15847200
2021-03-05,53.68485641479492,64.62000274658203,64.75,63.29999923706055,63.41999816894531,9761400
2021-03-08,53.79285430908203,64.75,66.66000366210938,63.959999084472656,64.51000213623047,10646900
2021-03-09,53.44393157958984,64.33000183105469,66.66000366210938,64.2699966430664,65.51000213623047,8973300
2021-03-10,53.095001220703125,63.90999984741211,64.80000305175781,63.59999847412109,64.68000030517578,7595500
2021-03-11,52.413761138916016,63.09000015258789,64.04000091552734,63.0099983215332,63.5099983215332,9940600
2021-03-12,51.72477340698242,61.560001373291016,62.59000015258789,61.4900016784668,62.4900016784668,11561100
2021-03-15,52.9935188293457,63.06999969482422,63.16999816894531,61.869998931884766,62.34999847412109,8780200
2021-03-16,53.78334426879883,64.01000213623047,64.19999694824219,63.150001525878906,63.2400016784668,7375800
2021-03-17,54.12784194946289,64.41999816894531,64.63999938964844,63.45000076293945,63.970001220703125,7853700
2021-03-18,53.8421630859375,64.08000183105469,64.9800033569336,63.619998931884766,63.619998931884766,7442600
2021-03-19,54.16144943237305,64.45999908447266,64.6500015258789,63.59000015258789,64.26000213623047,15230300
2021-03-22,55.06049346923828,65.52999877929688,65.66000366210938,63.86000061035156,64.05000305175781,6769200
2021-03-23,54.19506454467773,64.5,65.45999908447266,64.27999877929688,65.33999633789062,6572100
2021-03-24,54.06901168823242,64.3499984741211,65.05999755859375,64.0,64.36000061035156,7472800
2021-03-25,53.76653671264648,63.9900016784668,64.87999725341797,63.540000915527344,64.77999877929688,7391000
2021-03-26,54.816837310791016,65.23999786376953,65.29000091552734,63.900001525878906,64.02999877929688,6017100
2021-03-29,55.61505126953125,66.19000244140625,66.44000244140625,64.87999725341797,65.0,7902600
2021-03-30,55.03529357910156,65.5,66.48999786376953,65.12999725341797,66.48999786376953,5608100
2021-03-31,54.304290771484375,64.62999725341797,65.33999633789062,64.45999908447266,65.33999633789062,8817200
2021-04-01,55.825103759765625,66.44000244140625,66.83999633789062,65.43000030517578,65.75,10514200
2021-04-05,55.7410888671875,66.33999633789062,66.5199966430664,65.52999877929688,66.19999694824219,6071200
2021-04-06,55.6486701965332,66.2300033569336,66.51000213623047,65.7699966430664,66.0,5708300
2021-04-07,55.11930084228516,65.5999984741211,66.33000183105469,65.22000122070312,66.08000183105469,5188700
2021-04-08,54.63197708129883,65.0199966430664,66.25,64.83000183105469,66.0999984741211,6778500
2021-04-09,54.70760726928711,65.11000061035156,65.25,64.23999786376953,64.81999969482422,5848300
2021-04-12,54.329498291015625,64.66000366210938,65.11000061035156,64.3499984741211,65.05999755859375,4909100
2021-04-13,54.52274703979492,64.88999938964844,65.22000122070312,64.1500015258789,64.44999694824219,6143400
2021-04-14,54.86724853515625,65.30000305175781,66.16999816894531,64.83000183105469,64.97000122070312,5654100
2021-04-15,55.262149810791016,65.7699966430664,66.37999725341797,64.69999694824219,64.69999694824219,5635000
2021-04-16,56.18641662597656,66.87000274658203,67.08999633789062,65.86000061035156,66.0199966430664,7715600
2021-04-19,55.41339492797852,65.94999694824219,67.0,65.58999633789062,66.69999694824219,7204100
2021-04-20,55.774688720703125,66.37999725341797,66.61000061035156,65.30999755859375,65.80000305175781,4989400
2021-04-21,56.11919403076172,66.79000091552734,66.91000366210938,66.37999725341797,66.54000091552734,5581000
2021-04-22,55.15291595458984,65.63999938964844,66.51000213623047,65.52999877929688,66.4800033569336,6488700
2021-04-23,55.01848220825195,65.4800033569336,65.69999694824219,64.87999725341797,65.5,5463300
2021-04-26,55.25375747680664,65.76000213623047,65.87999725341797,65.04000091552734,65.44999694824219,6868400
2021-04-27,54.3379020690918,64.66999816894531,66.0,64.62000274658203,65.94000244140625,7278300
2021-04-28,54.144649505615234,64.44000244140625,64.69999694824219,63.86000061035156,64.69000244140625,7861300
2021-04-29,53.64051055908203,63.84000015258789,64.62999725341797,63.33000183105469,64.62999725341797,9238800
2021-04-30,53.32960891723633,63.470001220703125,64.0999984741211,61.95000076293945,62.459999084472656,12993900
2021-05-03,55.2873649597168,65.80000305175781,65.9000015258789,63.77000045776367,63.91999816894531,9500200
2021-05-04,55.15291595458984,65.63999938964844,66.62999725341797,65.37000274658203,65.79000091552734,9933300
2021-05-05,55.8839225769043,66.51000213623047,67.0,65.5199966430664,65.73999786376953,6911200
2021-05-06,55.90913009643555,66.54000091552734,66.68000030517578,65.13999938964844,66.04000091552734,7478800
2021-05-07,55.90913009643555,66.54000091552734,67.54000091552734,66.30000305175781,66.47000122070312,5849300
2021-05-10,56.698951721191406,67.4800033569336,68.4000015258789,66.7699966430664,66.95999908447266,8646700
2021-05-11,56.48049545288086,67.22000122070312,68.08000183105469,66.77999877929688,67.06999969482422,6412000
2021-05-12,56.67374801635742,67.44999694824219,67.94999694824219,66.70999908447266,66.75,8286300
2021-05-13,57.90049362182617,68.91000366210938,68.9800033569336,67.44000244140625,67.75,7186800
2021-05-14,57.58119583129883,68.52999877929688,69.18000030517578,68.38999938964844,68.91000366210938,7079200
2021-05-17,58.0349235534668,69.06999969482422,69.6500015258789,68.44999694824219,68.4800033569336,6214100
2021-05-18,57.85007095336914,68.8499984741211,69.87000274658203,68.80000305175781,69.41000366210938,5885200
2021-05-19,57.55599594116211,68.5,68.56999969482422,67.55000305175781,68.20999908447266,6174100
2021-05-20,58.27017593383789,69.3499984741211,69.9800033569336,68.37000274658203,68.66000366210938,6540900
2021-05-21,57.76603698730469,68.75,70.11000061035156,68.70999908447266,69.7699966430664,6478700
2021-05-24,56.65694427490234,67.43000030517578,69.23999786376953,67.37999725341797,69.0999984741211,7005100
2021-05-25,55.6486701965332,66.2300033569336,67.4000015258789,66.0,67.30000305175781,9357400
2021-05-26,55.74948501586914,66.3499984741211,66.4000015258789,65.55000305175781,66.19000244140625,5932600
2021-05-27,55.371395111083984,65.9000015258789,67.12999725341797,65.80999755859375,66.56999969482422,8047700
2021-05-28,55.54783630371094,66.11000061035156,66.69000244140625,65.80000305175781,66.05000305175781,5937700
2021-06-01,54.8840446472168,65.31999969482422,66.55000305175781,65.12000274658203,66.44000244140625,6573100
2021-06-02,55.480613708496094,66.02999877929688,66.3499984741211,65.54000091552734,65.58999633789062,6572700
2021-06-03,55.85871124267578,66.4800033569336,66.5999984741211,65.79000091552734,65.95999908447266,6755400
2021-06-04,56.65694427490234,67.43000030517578,67.56999969482422,66.54000091552734,66.79000091552734,6342900
2021-06-07,56.64855194091797,67.41999816894531,67.95999908447266,67.11000061035156,67.61000061035156,7863300
2021-06-08,56.72415542602539,67.51000213623047,67.61000061035156,66.98999786376953,67.44000244140625,5489200
2021-06-09,57.68202972412109,68.6500015258789,69.19000244140625,67.5199966430664,67.56999969482422,8434200
2021-06-10,58.21977233886719,69.29000091552734,69.70999908447266,68.47000122070312,68.98999786376953,8678400
2021-06-11,57.7828483581543,68.7699966430664,69.25,68.6500015258789,69.13999938964844,6928000
2021-06-14,57.85926818847656,68.1500015258789,68.33000183105469,67.47000122070312,68.01000213623047,5319500
2021-06-15,57.80831909179688,68.08999633789062,68.5,67.73999786376953,68.4800033569336,6454200
2021-06-16,57.163082122802734,67.33000183105469,69.33999633789062,67.19000244140625,68.22000122070312,12938700
2021-06-17,57.06969833374024,67.22000122070312,67.4800033569336,66.48999786376953,67.31999969482422,7015500
2021-06-18,56.55180740356445,66.61000061035156,67.18000030517578,65.88999938964844,67.0,11464500
2021-06-21,57.1800537109375,67.3499984741211,67.56999969482422,66.7699966430664,66.98999786376953,5310400
2021-06-22,56.92535400390625,67.05000305175781,67.5999984741211,66.77999877929688,67.23999786376953,4796800
2021-06-23,56.58577346801758,66.6500015258789,67.25,66.55999755859375,67.20999908447266,4246800
2021-06-24,57.03572082519531,67.18000030517578,68.23999786376953,66.6500015258789,66.7699966430664,5054000
2021-06-25,57.630027770996094,67.87999725341797,68.0,66.87999725341797,67.13999938964844,8078100
2021-06-28,57.47721481323242,67.69999694824219,68.63999938964844,67.6500015258789,68.30000305175781,6580300
2021-06-29,57.6724739074707,67.93000030517578,68.02999877929688,67.5,67.66999816894531,4348100
2021-06-30,58.462039947509766,68.86000061035156,68.94000244140625,68.01000213623047,68.29000091552734,6010400
2021-07-01,58.69128036499024,69.12999725341797,69.37999725341797,68.41000366210938,68.75,5463800
2021-07-02,58.83561706542969,69.30000305175781,69.44999694824219,68.63999938964844,69.27999877929688,3969000
2021-07-06,58.080020904541016,68.41000366210938,69.05999755859375,67.9800033569336,68.9800033569336,6169600
2021-07-07,58.037559509277344,68.36000061035156,68.43000030517578,67.80000305175781,68.4000015258789,6092500
2021-07-08,57.468727111816406,67.69000244140625,68.31999969482422,67.41999816894531,68.05999755859375,4982600
2021-07-09,57.918701171875,68.22000122070312,68.41000366210938,67.44999694824219,67.58999633789062,6419600
2021-07-12,57.79133987426758,68.06999969482422,69.05999755859375,67.75,68.2300033569336,7322400
2021-07-13,57.74040603637695,68.01000213623047,68.5199966430664,67.83000183105469,67.83000183105469,4518400
2021-07-14,57.6724739074707,67.93000030517578,68.11000061035156,67.43000030517578,68.06999969482422,5949800
2021-07-15,57.98661804199219,68.30000305175781,68.38999938964844,67.37000274658203,67.86000061035156,6126700
2021-07-16,58.26678085327149,68.62999725341797,68.97000122070312,68.3499984741211,68.38999938964844,5965500
2021-07-19,57.927188873291016,68.2300033569336,69.06999969482422,67.66999816894531,68.61000061035156,6054400
2021-07-20,58.71675109863281,69.16000366210938,69.7699966430664,68.2699966430664,68.31999969482422,9332500
2021-07-21,58.080020904541016,68.41000366210938,69.0199966430664,68.01000213623047,68.94999694824219,5816400
2021-07-22,58.28376388549805,68.6500015258789,68.80999755859375,67.81999969482422,68.01000213623047,2901500
2021-07-23,58.5978889465332,69.0199966430664,69.33999633789062,68.63999938964844,68.87999725341797,3524200
2021-07-26,58.36865615844727,68.75,69.30000305175781,68.47000122070312,68.94000244140625,4314300
2021-07-27,58.521484375,68.93000030517578,69.05000305175781,68.29000091552734,68.52999877929688,5813000
2021-07-28,59.48085021972656,70.05999755859375,70.1500015258789,68.7300033569336,68.9000015258789,7097200
2021-07-29,59.28557968139648,69.83000183105469,70.4000015258789,69.7699966430664,70.25,7597500
2021-07-30,57.97813034057617,68.29000091552734,69.0,68.0,68.69999694824219,9619700
2021-08-02,58.02906036376953,68.3499984741211,68.6500015258789,67.83000183105469,68.33999633789062,4242800
2021-08-03,59.28557968139648,69.83000183105469,69.83999633789062,68.20999908447266,68.6500015258789,5128400
2021-08-04,58.78467178344727,69.23999786376953,69.98999786376953,69.02999877929688,69.48999786376953,6846300
2021-08-05,58.83561706542969,69.30000305175781,69.33000183105469,68.51000213623047,69.23999786376953,5532300
2021-08-06,58.39411926269531,68.77999877929688,69.23999786376953,68.66999816894531,69.13999938964844,3857900
2021-08-09,58.1224479675293,68.45999908447266,69.2699966430664,68.11000061035156,68.77999877929688,5160100
2021-08-10,58.78467178344727,69.23999786376953,69.2699966430664,67.94999694824219,68.26000213623047,5928200
2021-08-11,59.294063568115234,69.83999633789062,70.8499984741211,69.36000061035156,69.37000274658203,9529700
2021-08-12,60.17702102661133,70.87999725341797,71.0,69.73999786376953,70.25,5907000
2021-08-13,60.41474533081055,71.16000366210938,71.38999938964844,70.76000213623047,70.87999725341797,4361800
2021-08-16,60.8817024230957,71.70999908447266,71.8499984741211,71.05000305175781,71.2699966430664,8874400
2021-08-17,62.00238037109375,73.02999877929688,73.08999633789062,71.01000213623047,71.2699966430664,9000100
2021-08-18,61.09395217895508,71.95999908447266,73.33999633789062,71.9000015258789,72.62000274658203,8135300
2021-08-19,60.84774398803711,71.66999816894531,72.33000183105469,71.51000213623047,71.61000061035156,5209500
2021-08-20,61.50148010253906,72.44000244140625,72.88999938964844,71.44000244140625,71.66999816894531,5646500
2021-08-23,61.59486389160156,72.55000305175781,73.04000091552734,72.45999908447266,72.68000030517578,5356200
2021-08-24,61.34016036987305,72.25,72.69000244140625,71.88999938964844,72.62999725341797,4177200
2021-08-25,60.62700271606445,71.41000366210938,71.95999908447266,70.91999816894531,71.94999694824219,4988900
2021-08-26,60.64397430419922,71.43000030517578,72.36000061035156,71.13999938964844,71.54000091552734,6566900
2021-08-27,60.5166244506836,71.27999877929688,72.44999694824219,71.16000366210938,71.30999755859375,5493100
2021-08-30,61.13639831542969,72.01000213623047,72.19999694824219,71.1500015258789,71.30000305175781,4494100
2021-08-31,61.79011154174805,72.77999877929688,72.83000183105469,71.83999633789062,72.19000244140625,7564600
2021-09-01,61.01754379272461,71.87000274658203,72.72000122070312,71.3499984741211,72.68000030517578,5970700
2021-09-02,61.41655731201172,72.33999633789062,72.37999725341797,71.41000366210938,72.01000213623047,6774200
2021-09-03,61.09395217895508,71.95999908447266,72.37000274658203,71.75,72.16000366210938,4174400
2021-09-07,60.44021987915039,71.19000244140625,71.30000305175781,70.33000183105469,71.08000183105469,6775400
2021-09-08,61.02602005004883,71.87999725341797,71.91000366210938,71.12000274658203,71.19000244140625,4510000
2021-09-09,59.94781112670898,70.61000061035156,71.68000030517578,70.58000183105469,71.63999938964844,7013600
2021-09-10,60.27042007446289,70.98999786376953,71.44000244140625,70.25,70.9800033569336,5089700
2021-09-13,60.40626525878906,71.1500015258789,71.9000015258789,70.81999969482422,71.23999786376953,11048100
2021-09-14,60.414833068847656,70.44999694824219,71.06999969482422,70.11000061035156,70.7699966430664,5490000
2021-09-15,61.538230895996094,71.76000213623047,72.48999786376953,70.41999816894531,70.58000183105469,7723700
2021-09-16,61.16948318481445,71.33000183105469,71.86000061035156,70.80999755859375,71.80000305175781,5306700
2021-09-17,61.409610748291016,71.61000061035156,71.76000213623047,70.44000244140625,70.83000183105469,10888000
2021-09-20,60.852176666259766,70.95999908447266,71.91999816894531,70.33000183105469,70.93000030517578,9594900
2021-09-21,61.51250457763672,71.7300033569336,72.05999755859375,71.11000061035156,71.27999877929688,5896000
2021-09-22,61.21236038208008,71.37999725341797,72.18000030517578,71.08000183105469,72.06999969482422,6557000
2021-09-23,61.47820663452149,71.69000244140625,72.11000061035156,71.30000305175781,71.4800033569336,5263500
2021-09-24,61.0494384765625,71.19000244140625,71.87000274658203,71.18000030517578,71.62999725341797,5023400
2021-09-27,60.38053512573242,70.41000366210938,71.29000091552734,70.29000091552734,71.11000061035156,5560500
2021-09-28,60.00320053100586,69.97000122070312,70.80000305175781,69.66999816894531,70.0,6392300
2021-09-29,60.83504104614258,70.94000244140625,71.4000015258789,69.94999694824219,70.16000366210938,5436800
2021-09-30,59.90029525756836,69.8499984741211,71.56999969482422,69.80000305175781,71.20999908447266,6049400
2021-10-01,58.79404830932617,68.55999755859375,69.41000366210938,67.63999938964844,68.5999984741211,9343700
2021-10-04,57.93649291992188,67.55999755859375,69.02999877929688,67.30000305175781,68.19999694824219,7560200
2021-10-05,57.79928588867188,67.4000015258789,68.12999725341797,67.23999786376953,67.44999694824219,7236700
2021-10-06,57.867897033691406,67.4800033569336,67.70999908447266,66.87999725341797,67.38999938964844,6398600
2021-10-07,58.433876037597656,68.13999938964844,68.31999969482422,67.1500015258789,67.5,5349400
2021-10-08,58.356693267822266,68.05000305175781,68.41000366210938,67.81999969482422,68.05000305175781,4259000
2021-10-11,58.38243103027344,68.08000183105469,68.44999694824219,67.8499984741211,68.2300033569336,3315600
2021-10-12,57.773555755615234,67.37000274658203,68.33999633789062,67.29000091552734,68.19000244140625,8856000
2021-10-13,57.99650955200195,67.62999725341797,67.95999908447266,67.19999694824219,67.58000183105469,4760700
2021-10-14,58.44246292114258,68.1500015258789,68.7300033569336,68.0,68.20999908447266,7165600
2021-10-15,57.99650955200195,67.62999725341797,68.5999984741211,67.5999984741211,68.30000305175781,4327100
2021-10-18,56.51294708251953,65.9000015258789,67.58000183105469,65.77999877929688,67.5,7576400
2021-10-19,57.37051010131836,66.9000015258789,66.98999786376953,65.86000061035156,66.0,5889700
2021-10-20,57.336204528808594,66.86000061035156,67.30999755859375,66.80000305175781,66.91000366210938,4878200
2021-10-21,57.44769287109375,66.98999786376953,67.19000244140625,66.5199966430664,67.08999633789062,5013700
2021-10-22,57.66207885742188,67.23999786376953,67.2699966430664,66.51000213623047,67.12000274658203,4501200
2021-10-25,58.03083038330078,67.66999816894531,67.97000122070312,66.75,67.23999786376953,6069800
2021-10-26,58.082275390625,67.7300033569336,68.38999938964844,67.69999694824219,67.97000122070312,4948700
2021-10-27,57.25901412963867,66.7699966430664,67.97000122070312,66.5999984741211,67.95999908447266,4887700
2021-10-28,57.747833251953125,67.33999633789062,67.66000366210938,66.66999816894531,66.69999694824219,5884800
2021-10-29,55.63824081420898,64.87999725341797,65.9000015258789,64.05999755859375,65.9000015258789,14181100
2021-11-01,56.28998565673828,65.63999938964844,65.94000244140625,64.68000030517578,64.81999969482422,7254000
2021-11-02,56.51294708251953,65.9000015258789,66.08000183105469,64.63999938964844,65.72000122070312,8954500
2021-11-03,57.807861328125,67.41000366210938,67.55999755859375,65.52999877929688,65.94999694824219,8654100
2021-11-04,57.00176239013672,66.47000122070312,67.1500015258789,65.97000122070312,67.12000274658203,6522900
2021-11-05,56.87312316894531,66.31999969482422,66.87000274658203,65.76000213623047,65.91000366210938,6519100
2021-11-08,56.572975158691406,65.97000122070312,66.41999816894531,65.51000213623047,65.97000122070312,5217800
2021-11-09,56.72734451293945,66.1500015258789,66.8499984741211,65.88999938964844,66.08999633789062,5401500
2021-11-10,57.73068618774414,67.31999969482422,67.88999938964844,66.55999755859375,66.55999755859375,6888100
2021-11-11,57.825008392333984,67.43000030517578,67.48999786376953,66.75,67.0,3513600
2021-11-12,57.867897033691406,67.4800033569336,67.7699966430664,67.19999694824219,67.66000366210938,8214800
2021-11-15,57.627777099609375,67.19999694824219,67.83000183105469,67.01000213623047,67.47000122070312,4911000
2021-11-16,57.3619270324707,66.88999938964844,68.02999877929688,66.81999969482422,67.38999938964844,6474200
2021-11-17,57.85075759887695,67.45999908447266,67.55000305175781,66.51000213623047,66.88999938964844,7771200
2021-11-18,58.133731842041016,67.79000091552734,68.27999877929688,67.36000061035156,67.54000091552734,8873600
2021-11-19,58.905540466308594,68.69000244140625,68.9000015258789,67.77999877929688,68.19000244140625,8628800
2021-11-22,60.00320053100586,69.97000122070312,70.36000061035156,67.94999694824219,68.69999694824219,8951100
2021-11-23,60.56919479370117,70.62999725341797,70.87000274658203,69.70999908447266,69.87000274658203,7100400
2021-11-24,60.0889778137207,70.06999969482422,71.02999877929688,69.51000213623047,70.73999786376953,6737500
2021-11-26,60.260475158691406,70.2699966430664,70.73999786376953,69.69999694824219,69.69999694824219,5659500
2021-11-29,60.58636093139648,70.6500015258789,71.31999969482422,70.20999908447266,70.4000015258789,8902200
2021-11-30,59.11134719848633,68.93000030517578,70.9000015258789,68.63999938964844,70.47000122070312,15465500
2021-12-01,59.11134719848633,68.93000030517578,70.0199966430664,68.6500015258789,69.02999877929688,8518300
2021-12-02,59.74592590332031,69.66999816894531,70.29000091552734,68.83000183105469,69.16999816894531,9411700
2021-12-03,59.6515998840332,69.55999755859375,70.45999908447266,69.30999755859375,70.0,8328200
2021-12-06,59.60015487670898,69.5,70.80000305175781,69.41999816894531,69.45999908447266,7049400
2021-12-07,59.728790283203125,69.6500015258789,69.9000015258789,68.91000366210938,69.5999984741211,6438000
2021-12-08,59.78024673461914,69.70999908447266,70.4800033569336,68.91000366210938,69.91000366210938,6386900
2021-12-09,60.28620147705078,70.30000305175781,70.7300033569336,69.23999786376953,69.88999938964844,5829300
2021-12-10,60.24331665039063,70.25,70.94000244140625,69.5999984741211,70.18000030517578,5352500
2021-12-13,60.55204772949219,70.61000061035156,70.87999725341797,69.5999984741211,70.12000274658203,6883600
2021-12-14,61.0891227722168,70.5199966430664,70.80000305175781,69.76000213623047,69.87000274658203,7244900
2021-12-15,61.68684387207031,71.20999908447266,71.41999816894531,69.94000244140625,70.55000305175781,8040300
2021-12-16,62.63973617553711,72.30999755859375,72.83000183105469,71.05999755859375,71.3499984741211,10530000
2021-12-17,62.55313491821289,72.20999908447266,72.69000244140625,71.6500015258789,72.22000122070312,12226000
2021-12-20,62.778350830078125,72.47000122070312,72.5199966430664,71.44999694824219,72.0,7616900
2021-12-21,62.23259735107422,71.83999633789062,72.58999633789062,71.62999725341797,72.47000122070312,8786700
2021-12-22,62.74369812011719,72.43000030517578,72.45999908447266,70.66000366210938,71.58999633789062,6015400
2021-12-23,62.78701400756836,72.4800033569336,72.81999969482422,72.18000030517578,72.56999969482422,5096300
2021-12-27,63.12484359741211,72.87000274658203,72.87999725341797,71.91999816894531,72.27999877929688,4298800
2021-12-28,63.21147155761719,72.97000122070312,73.38999938964844,72.79000091552734,72.87000274658203,3802600
2021-12-29,63.79188537597656,73.63999938964844,73.7300033569336,72.61000061035156,73.0,5893900
2021-12-30,63.54932403564453,73.36000061035156,74.12000274658203,73.26000213623047,73.66000366210938,3238700
2021-12-31,62.89962768554688,72.61000061035156,73.4800033569336,72.44999694824219,73.25,5736800
2022-01-03,62.873634338378906,72.58000183105469,72.69000244140625,71.61000061035156,72.2699966430664,6622500
2022-01-04,62.55313491821289,72.20999908447266,73.4000015258789,72.18000030517578,72.61000061035156,6784100
2022-01-05,62.527130126953125,72.18000030517578,73.05000305175781,71.97000122070312,72.44000244140625,7799500
2022-01-06,62.01603317260742,71.58999633789062,72.08999633789062,71.33999633789062,71.68000030517578,7368200
2022-01-07,61.73017120361328,71.26000213623047,71.75,70.83000183105469,71.37999725341797,7119600
2022-01-10,62.44916534423828,72.08999633789062,72.25,71.41999816894531,71.98999786376953,10362300
2022-01-11,62.69173431396485,72.37000274658203,72.56999969482422,71.47000122070312,72.1500015258789,8932000
2022-01-12,62.58777618408203,72.25,72.5199966430664,71.66000366210938,71.95999908447266,7206200
2022-01-13,62.26723861694336,71.87999725341797,72.45999908447266,71.44999694824219,71.98999786376953,6711300
2022-01-14,62.17197036743164,71.7699966430664,72.13999938964844,71.16000366210938,72.06999969482422,8344800
2022-01-18,61.01116561889648,70.43000030517578,71.5199966430664,70.06999969482422,71.41999816894531,8986600
2022-01-19,59.83304214477539,69.06999969482422,70.6500015258789,69.01000213623047,70.27999877929688,8217700
2022-01-20,58.74154281616211,67.80999755859375,69.30999755859375,67.7699966430664,69.06999969482422,8639700
2022-01-21,59.34792709350586,68.51000213623047,69.06999969482422,67.69000244140625,68.12000274658203,14843200
2022-01-24,59.39990615844727,68.56999969482422,69.33999633789062,66.77999877929688,68.54000091552734,12909000
2022-01-25,59.63380432128906,68.83999633789062,69.37000274658203,67.88999938964844,68.05000305175781,9239400
2022-01-26,58.33440399169922,67.33999633789062,68.55999755859375,66.95999908447266,67.30999755859375,11280400
2022-01-27,58.27375793457031,67.2699966430664,68.69000244140625,67.22000122070312,67.41000366210938,9323200
2022-01-28,59.651126861572266,68.86000061035156,68.87000274658203,67.0199966430664,67.37000274658203,11514100
2022-01-31,59.49519348144531,68.68000030517578,68.8499984741211,68.19000244140625,68.63999938964844,9252700
2022-02-01,59.31328201293945,68.47000122070312,68.80000305175781,67.91000366210938,68.79000091552734,10463700
2022-02-02,57.01767349243164,65.81999969482422,66.01000213623047,64.0199966430664,65.5,18365000
2022-02-03,56.64517211914063,65.38999938964844,66.37999725341797,65.06999969482422,65.58000183105469,12479500
2022-02-04,55.35444259643555,63.900001525878906,65.61000061035156,63.869998931884766,64.94999694824219,12392800
2022-02-07,55.23316955566406,63.7599983215332,64.22000122070312,63.27999877929688,63.9900016784668,14361400
2022-02-08,55.181190490722656,63.70000076293945,64.33999633789062,63.47999954223633,63.83000183105469,12044800
2022-02-09,54.90398788452149,63.380001068115234,63.97999954223633,63.29999923706055,63.88999938964844,13164800
2022-02-10,53.52661895751953,61.790000915527344,63.11000061035156,61.709999084472656,63.11000061035156,14978000
2022-02-11,53.7691764831543,62.06999969482422,62.880001068115234,61.7599983215332,62.040000915527344,13195400
2022-02-14,52.93756103515625,61.11000061035156,62.150001525878906,60.81999969482422,62.09000015258789,11343500
2022-02-15,53.12813949584961,61.33000183105469,61.52000045776367,60.970001220703125,61.119998931884766,10515300
2022-02-16,53.62190628051758,61.900001525878906,62.25,61.15999984741211,61.20000076293945,21855900
2022-02-17,53.093482971191406,61.290000915527344,61.70000076293945,60.91999816894531,61.56999969482422,13338200
2022-02-18,52.88558197021485,61.04999923706055,61.65999984741211,60.97999954223633,61.400001525878906,11930700
2022-02-22,52.8249397277832,60.97999954223633,61.290000915527344,60.68999862670898,60.88999938964844,10781500
2022-02-23,53.14545822143555,61.34999847412109,61.630001068115234,60.79999923706055,60.970001220703125,9674400
2022-02-24,52.50442886352539,60.61000061035156,61.27000045776367,60.06999969482422,60.709999084472656,14849900
2022-02-25,52.94621658325195,61.119998931884766,61.68000030517578,60.77999877929688,60.88999938964844,13133000
2022-02-28,52.322513580322266,60.400001525878906,60.470001220703125,59.18000030517578,60.25,13490600
2022-03-01,52.20122909545898,60.2599983215332,60.86000061035156,59.869998931884766,59.93999862670898,10694900
2022-03-02,53.05017852783203,61.2400016784668,61.5099983215332,60.20000076293945,60.43999862670898,14342200
2022-03-03,53.457313537597656,61.709999084472656,62.0,61.34999847412109,61.540000915527344,13023100
2022-03-04,53.58725738525391,61.86000061035156,62.22999954223633,61.0,61.08000183105469,9383400
2022-03-07,52.20122909545898,60.2599983215332,62.25,58.900001525878906,58.970001220703125,18455200
2022-03-08,51.5775146484375,59.540000915527344,60.650001525878906,59.040000915527344,60.22999954223633,13889700
2022-03-09,51.1097297668457,59.0,60.29999923706055,58.91999816894531,60.0099983215332,13682000
2022-03-10,50.17416000366211,57.91999816894531,58.70000076293945,57.31999969482422,58.59000015258789,13243700
2022-03-11,50.24346160888672,58.0,59.18999862670898,57.959999084472656,58.310001373291016,13007600
2022-03-14,51.0155029296875,58.150001525878906,58.7599983215332,57.70000076293945,57.90999984741211,12539100
2022-03-15,51.16464614868164,58.31999969482422,58.790000915527344,57.65999984741211,58.43000030517578,10794600
2022-03-16,50.85758209228516,57.970001220703125,58.66999816894531,57.18999862670898,58.66999816894531,13871600
2022-03-17,51.93667984008789,59.20000076293945,59.34999847412109,57.709999084472656,58.119998931884766,12472000
2022-03-18,52.12968063354492,59.41999816894531,59.54999923706055,58.47999954223633,59.220001220703125,18199300
2022-03-21,52.34023666381836,59.65999984741211,60.52000045776367,59.27000045776367,59.34000015258789,8060600
2022-03-22,52.62097930908203,59.97999954223633,60.119998931884766,59.29999923706055,59.959999084472656,8847700
2022-03-23,51.62961959838867,58.84999847412109,60.29999923706055,58.79999923706055,60.0,9088900
2022-03-24,51.884037017822266,59.13999938964844,59.540000915527344,58.77000045776367,58.970001220703125,7939900
2022-03-25,51.6822509765625,58.90999984741211,59.43999862670898,58.79999923706055,59.18000030517578,9333400
2022-03-28,51.919132232666016,59.18000030517578,59.369998931884766,58.68000030517578,58.95000076293945,10549200
2022-03-29,53.10349655151367,60.52999877929688,60.560001373291016,59.59999847412109,59.70000076293945,8051100
2022-03-30,52.34023666381836,59.65999984741211,60.7400016784668,59.40999984741211,60.41999816894531,8614000
2022-03-31,52.15600204467773,59.45000076293945,60.02000045776367,59.41999816894531,59.970001220703125,8226300
2022-04-01,52.3490104675293,59.66999816894531,59.68999862670898,58.58000183105469,59.43999862670898,8551000
2022-04-04,53.226322174072266,60.66999816894531,60.84999847412109,59.2400016784668,59.68000030517578,9040600
2022-04-05,52.41919708251953,59.75,61.18999862670898,59.68999862670898,60.34999847412109,7067200
2022-04-06,53.35791397094727,60.81999969482422,61.02000045776367,59.90999984741211,59.9900016784668,7155300
2022-04-07,53.50706481933594,60.9900016784668,61.54999923706055,60.52000045776367,60.79999923706055,9370100
2022-04-08,54.65633773803711,62.29999923706055,62.81999969482422,61.22999954223633,61.27999877929688,10653600
2022-04-11,54.296630859375,61.88999938964844,63.060001373291016,61.84000015258789,62.81999969482422,8094200
2022-04-12,54.06853485107422,61.630001068115234,62.470001220703125,61.209999084472656,62.380001068115234,7750400
2022-04-13,54.445777893066406,62.060001373291016,62.11000061035156,61.290000915527344,61.619998931884766,6879600
2022-04-14,54.23522186279297,61.81999969482422,62.36000061035156,61.5,62.06999969482422,9750000
2022-04-18,54.02467727661133,61.58000183105469,62.209999084472656,61.369998931884766,61.70000076293945,5981200
2022-04-19,55.07744216918945,62.77999877929688,63.0,61.58000183105469,61.59999847412109,6178900
2022-04-20,55.79683303833008,63.59999847412109,64.16000366210938,62.97999954223633,63.0,7638800
2022-04-21,55.92843627929688,63.75,64.27999877929688,63.16999816894531,63.54999923706055,6673900
2022-04-22,54.61246490478516,62.25,63.86000061035156,62.16999816894531,63.77999877929688,7662000
2022-04-25,54.96339416503906,62.650001525878906,62.7400016784668,61.33000183105469,62.47999954223633,7457900
2022-04-26,54.19136047363281,61.77000045776367,62.869998931884766,61.75,62.400001525878906,6926400
2022-04-27,54.03343963623047,61.59000015258789,62.04999923706055,61.16999816894531,61.790000915527344,7863200
2022-04-28,54.00712203979492,61.560001373291016,61.63999938964844,60.61000061035156,61.43999862670898,10787500
2022-04-29,52.05950164794922,59.34000015258789,62.060001373291016,59.27000045776367,61.560001373291016,10455800
2022-05-02,52.91048812866211,60.310001373291016,60.43000030517578,59.150001525878906,59.54999923706055,9474000
2022-05-03,52.92804336547852,60.33000183105469,60.83000183105469,59.630001068115234,60.61000061035156,10384400
2022-05-04,54.46332931518555,62.08000183105469,62.310001373291016,60.27000045776367,60.650001525878906,8087800
2022-05-05,53.8228874206543,61.34999847412109,62.380001068115234,60.720001220703125,61.75,8767300
2022-05-06,53.67375183105469,61.18000030517578,61.400001525878906,60.38999938964844,61.130001068115234,7468200
2022-05-09,54.112396240234375,61.68000030517578,62.38999938964844,60.72999954223633,60.79999923706055,9294000
2022-05-10,54.20012664794922,61.77999877929688,62.540000915527344,61.560001373291016,61.880001068115234,9721600
2022-05-11,53.12981796264648,60.560001373291016,61.56999969482422,60.290000915527344,60.310001373291016,10224000
2022-05-12,54.81424331665039,62.47999954223633,62.5,60.630001068115234,60.70000076293945,9727900
2022-05-13,54.71774673461914,62.369998931884766,62.61000061035156,61.560001373291016,62.59999847412109,9515200
2022-05-16,54.60369491577149,62.2400016784668,62.7400016784668,61.93999862670898,62.369998931884766,6157500
2022-05-17,55.428367614746094,63.18000030517578,63.220001220703125,61.79999923706055,62.41999816894531,5607700
2022-05-18,55.46346282958984,63.220001220703125,63.93000030517578,62.68999862670898,63.13999938964844,9583900
2022-05-19,55.50732421875,63.27000045776367,63.58000183105469,62.810001373291016,63.09000015258789,8833600
2022-05-20,56.00739288330078,63.84000015258789,63.900001525878906,62.72999954223633,63.369998931884766,6814600
2022-05-23,55.8494758605957,63.65999984741211,64.83000183105469,63.59000015258789,64.38999938964844,7256800
2022-05-24,56.45480728149414,64.3499984741211,64.41000366210938,63.43000030517578,63.93999862670898,8263200
2022-05-25,57.03384017944336,65.01000213623047,65.19000244140625,64.01000213623047,64.44999694824219,7112400
2022-05-26,56.560096740722656,64.47000122070312,65.45999908447266,64.45999908447266,65.16000366210938,5730800
2022-05-27,56.849609375,64.80000305175781,64.83999633789062,63.900001525878906,64.43000030517578,6436000
2022-05-31,56.89347076416016,64.8499984741211,65.02999877929688,63.66999816894531,64.5,13781900
2022-06-01,56.823280334472656,64.7699966430664,65.33999633789062,64.2699966430664,65.2699966430664,5797700
2022-06-02,55.67401123046875,63.459999084472656,64.72000122070312,62.310001373291016,64.63999938964844,7860000
2022-06-03,55.66523742675781,63.45000076293945,64.12000274658203,63.2400016784668,63.45000076293945,5228700
2022-06-06,54.4194564819336,62.02999877929688,63.02000045776367,61.650001525878906,62.58000183105469,7865800
2022-06-07,54.866886138916016,62.540000915527344,62.59000015258789,61.47999954223633,61.70000076293945,6841000
2022-06-08,54.72652053833008,62.380001068115234,62.9900016784668,62.11000061035156,62.2400016784668,7248200
2022-06-09,53.67375183105469,61.18000030517578,62.66999816894531,61.150001525878906,62.2599983215332,5242200
2022-06-10,53.2877311706543,60.7400016784668,61.18000030517578,60.310001373291016,60.58000183105469,8155600
2022-06-13,51.89281845092773,59.150001525878906,60.43000030517578,58.900001525878906,60.060001373291016,9646100
2022-06-14,51.33320236206055,57.790000915527344,59.84000015258789,57.16999816894531,58.369998931884766,10073800
2022-06-15,51.86615753173828,58.38999938964844,58.970001220703125,57.709999084472656,57.9900016784668,6498100
2022-06-16,51.27102279663086,57.720001220703125,58.13999938964844,57.20000076293945,57.65999984741211,9482200
2022-06-17,51.99052047729492,58.52999877929688,58.790000915527344,57.290000915527344,57.369998931884766,13726500
2022-06-21,53.749298095703125,60.5099983215332,60.58000183105469,58.90999984741211,59.2599983215332,9173000
2022-06-22,54.63756942749024,61.5099983215332,62.04999923706055,60.09000015258789,60.130001068115234,9045300
2022-06-23,55.588016510009766,62.58000183105469,62.650001525878906,61.75,61.88999938964844,6992900
2022-06-24,56.03215408325195,63.08000183105469,63.130001068115234,61.84999847412109,62.810001373291016,9207500
2022-06-27,55.810089111328125,62.83000183105469,63.52999877929688,62.630001068115234,62.93000030517578,6586900
2022-06-28,55.25934982299805,62.209999084472656,63.4900016784668,62.130001068115234,62.83000183105469,6165300
2022-06-29,55.49918365478516,62.47999954223633,62.970001220703125,61.91999816894531,62.310001373291016,5800400
2022-06-30,54.904056549072266,61.810001373291016,62.40999984741211,61.290000915527344,61.95000076293945,6411900
2022-07-01,55.392608642578125,62.36000061035156,62.43000030517578,61.27000045776367,61.470001220703125,5207600
2022-07-05,55.37482833862305,62.34000015258789,62.470001220703125,61.36000061035156,61.900001525878906,5215900
2022-07-06,55.72126388549805,62.72999954223633,62.880001068115234,62.15999984741211,62.619998931884766,5888200
2022-07-07,55.71238327026367,62.720001220703125,63.02000045776367,62.34999847412109,62.619998931884766,6242600
2022-07-08,55.818973541259766,62.84000015258789,63.20000076293945,62.400001525878906,62.560001373291016,4161900
2022-07-11,55.65908050537109,62.65999984741211,63.040000915527344,62.52999877929688,62.790000915527344,3478600
2022-07-12,55.37482833862305,62.34000015258789,62.79999923706055,62.0099983215332,62.4900016784668,6098300
2022-07-13,55.48142623901367,62.459999084472656,62.72999954223633,61.59999847412109,61.91999816894531,6162900
2022-07-14,54.904056549072266,61.810001373291016,61.90999984741211,61.27000045776367,61.83000183105469,4969500
2022-07-15,55.60578155517578,62.59999847412109,62.619998931884766,61.68000030517578,62.130001068115234,5908900
2022-07-18,54.0957260131836,60.900001525878906,62.68000030517578,60.63999938964844,62.68000030517578,5608300
2022-07-19,55.17941665649414,62.119998931884766,62.27000045776367,61.27999877929688,61.65999984741211,6080600
2022-07-20,54.673099517822266,61.54999923706055,62.18000030517578,60.83000183105469,62.18000030517578,5378500
2022-07-21,54.19343185424805,61.0099983215332,61.70000076293945,60.75,61.400001525878906,6007700
2022-07-22,54.00689315795898,60.79999923706055,61.79999923706055,60.58000183105469,61.27000045776367,4588800
2022-07-25,53.96248626708984,60.75,61.25,60.34999847412109,61.22999954223633,4990000
2022-07-26,53.84700775146485,60.619998931884766,61.25,60.31999969482422,60.70000076293945,5597200
2022-07-27,54.0957260131836,60.900001525878906,61.369998931884766,59.68999862670898,60.380001068115234,7935600
2022-07-28,53.65159225463867,60.400001525878906,61.11000061035156,59.619998931884766,61.0,6815000
2022-07-29,53.0742073059082,59.75,60.52999877929688,59.5099983215332,60.33000183105469,10063700
2022-08-01,52.94097518920898,59.59999847412109,60.18000030517578,59.27000045776367,59.77000045776367,6742400
2022-08-02,52.887672424316406,59.540000915527344,60.31999969482422,59.290000915527344,59.7400016784668,5981600
2022-08-03,55.31265258789063,62.27000045776367,63.650001525878906,60.63999938964844,60.869998931884766,10066700
2022-08-04,54.99287796020508,61.90999984741211,62.9900016784668,61.83000183105469,62.13999938964844,5520500
2022-08-05,54.264495849609375,61.09000015258789,61.84000015258789,60.619998931884766,61.790000915527344,6039600
2022-08-08,54.717506408691406,61.59999847412109,61.709999084472656,60.810001373291016,61.0,5857600
2022-08-09,55.07282257080078,62.0,62.04999923706055,61.380001068115234,61.58000183105469,5153400
2022-08-10,56.085445404052734,63.13999938964844,63.18999862670898,62.11000061035156,62.4900016784668,8275000
2022-08-11,55.4725456237793,62.45000076293945,63.40999984741211,62.369998931884766,62.77999877929688,5216500
2022-08-12,55.92555236816406,62.959999084472656,62.9900016784668,62.15999984741211,62.709999084472656,3997800
2022-08-15,58.81245040893555,66.20999908447266,66.30000305175781,63.65999984741211,63.84999847412109,12381000
2022-08-16,58.919044494628906,66.33000183105469,66.41999816894531,65.6500015258789,66.16000366210938,7067800
2022-08-17,58.6436653137207,66.0199966430664,66.9000015258789,65.81999969482422,65.97000122070312,6515300
2022-08-18,57.89752578735352,65.18000030517578,66.0,64.70999908447266,65.95999908447266,5178100
2022-08-19,58.03964614868164,65.33999633789062,65.80000305175781,64.91999816894531,65.0199966430664,5258900
2022-08-22,57.16914367675781,64.36000061035156,65.25,64.2300033569336,65.20999908447266,5224800
2022-08-23,56.56512069702149,63.68000030517578,64.37000274658203,63.470001220703125,64.36000061035156,4723700
2022-08-24,56.51182556152344,63.619998931884766,63.810001373291016,63.20000076293945,63.70000076293945,3808000
2022-08-25,56.48516845703125,63.59000015258789,63.93000030517578,63.18000030517578,63.84999847412109,3784700
2022-08-26,55.40148162841797,62.369998931884766,63.619998931884766,62.34999847412109,63.59000015258789,5501300
2022-08-29,55.4725456237793,62.45000076293945,62.86000061035156,61.47999954223633,62.130001068115234,5220000
2022-08-30,55.51696395874024,62.5,62.68999862670898,61.790000915527344,62.5099983215332,5584600
2022-08-31,56.37858200073242,63.470001220703125,63.970001220703125,62.70000076293945,62.70000076293945,8341600
2022-09-01,57.69321823120117,64.94999694824219,65.0,63.31999969482422,63.40999984741211,6269600
2022-09-02,56.68947982788086,63.81999969482422,65.29000091552734,63.369998931884766,65.04000091552734,6737300
2022-09-06,56.30752182006836,63.38999938964844,63.84000015258789,62.79999923706055,63.77999877929688,7377500
2022-09-07,57.55109786987305,64.79000091552734,64.95999908447266,63.560001373291016,63.66999816894531,9626600
2022-09-08,57.826454162597656,65.0999984741211,65.6500015258789,64.69000244140625,65.41000366210938,8278400
2022-09-09,57.98634719848633,65.27999877929688,65.7699966430664,64.88999938964844,64.9800033569336,6497000
2022-09-12,60.41133117675781,68.01000213623047,68.87999725341797,67.4800033569336,68.43000030517578,18777900
2022-09-13,57.826454162597656,65.0999984741211,67.4000015258789,64.93000030517578,67.4000015258789,11799400
2022-09-14,58.55412292480469,65.18000030517578,65.45999908447266,64.41000366210938,64.41000366210938,9113200
2022-09-15,58.39242172241211,65.0,65.69999694824219,64.70999908447266,65.5,7088500
2022-09-16,58.931427001953125,65.5999984741211,65.93000030517578,64.80999755859375,65.08000183105469,11766000
2022-09-19,59.12905883789063,65.81999969482422,65.86000061035156,64.5999984741211,65.3499984741211,6162700
2022-09-20,58.01511764526367,64.58000183105469,65.4800033569336,63.88999938964844,65.41000366210938,6958900
2022-09-21,57.04490661621094,63.5,65.52999877929688,63.459999084472656,64.58000183105469,8776600
2022-09-22,57.28745269775391,63.77000045776367,64.31999969482422,62.93000030517578,63.34999847412109,6111800
2022-09-23,56.46996688842773,62.86000061035156,63.790000915527344,62.29999923706055,63.4900016784668,7603800
2022-09-26,56.00282287597656,62.34000015258789,62.93999862670898,62.16999816894531,62.5099983215332,6141300
2022-09-27,56.26334762573242,62.630001068115234,63.52000045776367,62.27999877929688,62.43000030517578,7125900
2022-09-28,57.431190490722656,63.93000030517578,64.37000274658203,62.709999084472656,63.0,7567500
2022-09-29,56.65861511230469,63.06999969482422,64.22000122070312,62.5099983215332,63.83000183105469,8431200
2022-09-30,55.41889572143555,61.68999862670898,63.58000183105469,61.61000061035156,63.15999984741211,8794700
2022-10-03,55.984859466552734,62.31999969482422,62.56999969482422,61.45000076293945,62.400001525878906,8094100
2022-10-04,58.670894622802734,65.30999755859375,65.36000061035156,63.59999847412109,64.08999633789062,11966000
2022-10-05,58.79667663574219,65.44999694824219,65.97000122070312,64.37999725341797,64.72000122070312,5802300
2022-10-06,58.34749984741211,64.94999694824219,65.36000061035156,64.61000061035156,64.88999938964844,5622300
2022-10-07,57.75459289550781,64.29000091552734,65.0999984741211,63.959999084472656,64.63999938964844,6723200
2022-10-10,57.90731048583984,64.45999908447266,64.8499984741211,64.11000061035156,64.56999969482422,4328500
2022-10-11,58.99430465698242,65.66999816894531,66.04000091552734,64.4800033569336,64.5,7154500
2022-10-12,58.742767333984375,65.38999938964844,66.37000274658203,65.30999755859375,65.8499984741211,6406000
2022-10-13,59.70400238037109,66.45999908447266,66.94999694824219,64.0999984741211,64.45999908447266,7690100
2022-10-14,59.44348907470703,66.16999816894531,67.0,66.0199966430664,66.62999725341797,7892200
2022-10-17,59.63212585449219,66.37999725341797,66.93000030517578,65.94000244140625,66.83999633789062,5799600
2022-10-18,60.07232284545898,66.87000274658203,67.08000183105469,66.44000244140625,66.54000091552734,6802300
2022-10-19,59.46146011352539,66.19000244140625,66.97000122070312,65.8499984741211,66.8499984741211,7058600
2022-10-20,59.43450927734375,66.16000366210938,66.54000091552734,65.69999694824219,66.16000366210938,6384200
2022-10-21,60.8988037109375,67.79000091552734,67.94000244140625,66.11000061035156,66.18000030517578,7814600
2022-10-24,61.98579406738281,69.0,69.37000274658203,68.08999633789062,68.11000061035156,7133100
2022-10-25,62.52479934692383,69.5999984741211,69.70999908447266,68.4800033569336,68.83999633789062,6711800
2022-10-26,63.62079620361328,70.81999969482422,71.41000366210938,69.87999725341797,70.0,8763100
2022-10-27,63.06380844116211,70.19999694824219,71.26000213623047,70.13999938964844,70.8499984741211,8881200
2022-10-28,71.21180725097656,79.2699966430664,79.61000061035156,73.98999786376953,74.36000061035156,27665700
2022-10-31,70.48413848876953,78.45999908447266,79.37000274658203,77.52999877929688,78.05999755859375,14674300
2022-11-01,71.27468872070312,79.33999633789062,79.55000305175781,77.66000366210938,78.26000213623047,10553100
2022-11-02,69.96309661865234,77.87999725341797,80.0,77.80999755859375,78.18000030517578,9785000
2022-11-03,71.38248443603516,79.45999908447266,79.56999969482422,77.16000366210938,77.33000183105469,8261100
2022-11-04,72.17301177978516,80.33999633789062,81.31999969482422,78.38999938964844,79.13999938964844,9103300
2022-11-07,73.17916870117188,81.45999908447266,81.55999755859375,79.51000213623047,79.55999755859375,8989300
2022-11-08,73.87089538574219,82.2300033569336,83.80000305175781,80.08000183105469,80.5999984741211,9344400
2022-11-09,73.9517593383789,82.31999969482422,83.55000305175781,82.18000030517578,82.5,10316500
2022-11-10,74.20330047607422,82.5999984741211,83.80000305175781,81.55999755859375,83.5,9397300
2022-11-11,73.50257110595703,81.81999969482422,81.9800033569336,80.06999969482422,81.41000366210938,11413200
2022-11-14,74.42787170410156,82.8499984741211,84.13999938964844,81.2300033569336,81.6500015258789,7665200
2022-11-15,74.56261444091797,83.0,83.63999938964844,81.9800033569336,83.13999938964844,7121000
2022-11-16,74.454833984375,82.87999725341797,83.44000244140625,82.54000091552734,82.68000030517578,6280300
2022-11-17,75.11961364746094,83.62000274658203,83.83000183105469,82.47000122070312,82.55000305175781,5757500
2022-11-18,75.11961364746094,83.62000274658203,84.05999755859375,82.98999786376953,83.62999725341797,7276400
2022-11-21,75.77540588378906,84.3499984741211,85.16999816894531,83.63999938964844,83.76000213623047,6347900
2022-11-22,76.56594848632812,85.2300033569336,86.1500015258789,84.54000091552734,84.6500015258789,7357700
2022-11-23,76.73661804199219,85.41999816894531,85.94000244140625,85.01000213623047,85.05999755859375,4680500
2022-11-25,77.4912338256836,86.26000213623047,86.41000366210938,84.76000213623047,85.04000091552734,4028700
2022-11-28,76.5479736328125,85.20999908447266,88.19999694824219,85.08000183105469,86.91999816894531,9253800
2022-11-29,77.04206085205078,85.76000213623047,85.87000274658203,84.70999908447266,85.5,6155600
2022-11-30,78.9016342163086,87.83000183105469,88.1500015258789,85.01000213623047,85.76000213623047,14657500
2022-12-01,78.96452331542969,87.9000015258789,88.97000122070312,87.72000122070312,88.19999694824219,8220500
2022-12-02,79.97964477539062,89.02999877929688,89.06999969482422,86.55000305175781,86.69999694824219,6730400
2022-12-05,79.03639221191406,87.9800033569336,89.0999984741211,87.47000122070312,87.83999633789062,6811400
2022-12-06,79.0184326171875,87.95999908447266,88.66999816894531,87.13999938964844,87.98999786376953,6760500
2022-12-07,78.86570739746094,87.79000091552734,88.55000305175781,87.37000274658203,88.02999877929688,8861700
2022-12-08,80.37491607666016,89.47000122070312,89.61000061035156,87.55999755859375,87.87000274658203,6392200
2022-12-09,79.02739715576172,87.97000122070312,89.2699966430664,87.79000091552734,89.2699966430664,8276300
2022-12-12,79.53946685791016,88.54000091552734,88.55999755859375,87.43000030517578,87.8499984741211,5968400
2022-12-13,79.72811126708984,88.75,89.73999786376953,87.94000244140625,89.62999725341797,8462200
2022-12-14,80.07232666015625,88.4000015258789,89.29000091552734,87.5199966430664,88.0,8643500
2022-12-15,78.42377471923828,86.58000183105469,88.0999984741211,85.38999938964844,88.05000305175781,9898600
2022-12-16,78.5868148803711,86.76000213623047,87.12000274658203,85.80000305175781,86.33999633789062,28313000
2022-12-19,78.27883911132812,86.41999816894531,86.62000274658203,85.43000030517578,86.0,5834800
2022-12-20,76.7842788696289,84.7699966430664,85.26000213623047,81.80999755859375,83.63999938964844,10999000
2022-12-21,77.2371826171875,85.2699966430664,85.91000366210938,84.86000061035156,85.25,5320700
2022-12-22,77.24623107910156,85.27999877929688,85.47000122070312,84.37000274658203,85.25,4698800
2022-12-23,76.76616668701172,84.75,85.25,84.27999877929688,85.22000122070312,3955400
2022-12-27,77.00167846679688,85.01000213623047,85.47000122070312,84.69000244140625,85.25,3455900
2022-12-28,76.60311889648438,84.56999969482422,85.83000183105469,84.44999694824219,85.4000015258789,3285900
2022-12-29,77.2281265258789,85.26000213623047,85.56999969482422,84.61000061035156,84.91000366210938,3464100
2022-12-30,77.76254272460938,85.8499984741211,85.88999938964844,84.77999877929688,85.33000183105469,3831000
2023-01-03,77.34587860107422,85.38999938964844,86.1500015258789,84.83000183105469,85.08000183105469,6050600
2023-01-04,77.44551086425781,85.5,86.5,84.94000244140625,86.19999694824219,5713900
2023-01-05,77.76254272460938,85.8499984741211,86.41000366210938,85.0,85.01000213623047,5710700
2023-01-06,79.78246307373047,88.08000183105469,88.29000091552734,86.22000122070312,86.61000061035156,5939400
2023-01-09,77.08319091796875,85.0999984741211,87.9000015258789,84.94999694824219,87.7699966430664,5435700
2023-01-10,78.93101501464844,87.13999938964844,87.52999877929688,84.86000061035156,85.19999694824219,5034500
2023-01-11,78.97631072998047,87.19000244140625,87.19999694824219,86.0199966430664,87.12000274658203,5947100
2023-01-12,77.64479064941406,85.72000122070312,86.58999633789062,85.08000183105469,86.5,6013300
2023-01-13,78.14295959472656,86.2699966430664,86.30000305175781,85.33000183105469,85.54000091552734,5305700
2023-01-17,77.36399841308594,85.41000366210938,86.37000274658203,85.36000061035156,86.05000305175781,5959800
2023-01-18,75.851318359375,83.73999786376953,85.12999725341797,83.5999984741211,85.0199966430664,6374800
2023-01-19,75.74263000488281,83.62000274658203,84.58000183105469,83.25,84.16999816894531,6922500
2023-01-20,75.1900863647461,83.01000213623047,83.80000305175781,82.51000213623047,83.54000091552734,16678600
2023-01-23,75.38936614990234,83.2300033569336,84.37999725341797,82.41999816894531,82.76000213623047,5673100
2023-01-24,76.10493469238281,84.0199966430664,84.08000183105469,82.11000061035156,83.43000030517578,4776400
2023-01-25,76.15023040771484,84.06999969482422,84.55000305175781,83.55999755859375,84.1500015258789,3892800
2023-01-26,75.74263000488281,83.62000274658203,83.80999755859375,82.61000061035156,83.76000213623047,3670900
2023-01-27,75.84225463867188,83.7300033569336,83.97000122070312,83.11000061035156,83.33000183105469,4108300
2023-01-30,75.49803924560547,83.3499984741211,83.83999633789062,82.33000183105469,83.5199966430664,7283000
2023-01-31,76.03246307373047,83.94000244140625,84.20999908447266,83.2300033569336,83.5199966430664,9621800
2023-02-01,76.0868148803711,84.0,84.66000366210938,82.69999694824219,84.01000213623047,6673600
2023-02-02,73.72270202636719,81.38999938964844,82.5,80.4800033569336,82.37000274658203,10933800
2023-02-03,76.53972625732422,84.5,86.97000122070312,83.62000274658203,84.66000366210938,12852400
2023-02-06,78.22449493408203,86.36000061035156,87.18000030517578,84.5,84.5,7611100
2023-02-07,77.9437026977539,86.05000305175781,86.69000244140625,85.37999725341797,86.5999984741211,7298600
2023-02-08,77.59950256347656,85.66999816894531,86.02999877929688,85.29000091552734,85.4000015258789,7376600
2023-02-09,77.47268676757812,85.52999877929688,86.61000061035156,85.12999725341797,85.83000183105469,6656800
2023-02-10,78.53246307373047,86.69999694824219,86.95999908447266,85.27999877929688,85.55999755859375,5522200
2023-02-13,79.24803924560547,87.48999786376953,87.81999969482422,86.38999938964844,86.69999694824219,5801700
2023-02-14,77.60855102539062,85.68000030517578,87.61000061035156,85.0199966430664,87.58999633789062,7206200
2023-02-15,77.03791046142578,85.05000305175781,85.2699966430664,84.44000244140625,85.2699966430664,5614900
2023-02-16,75.53429412841797,83.38999938964844,84.76000213623047,83.37000274658203,84.30999755859375,5760600
2023-02-17,76.77521514892578,84.76000213623047,85.25,83.27999877929688,83.61000061035156,6306200
2023-02-21,76.66651916503906,84.63999938964844,85.48999786376953,84.62000274658203,84.7300033569336,6085600
2023-02-22,75.63392639160156,83.5,84.75,83.04000091552734,84.62999725341797,4986800
2023-02-23,74.76435089111328,82.54000091552734,83.8499984741211,82.25,83.1500015258789,5344800
2023-02-24,73.06147766113281,80.66000366210938,82.30000305175781,80.33000183105469,82.2699966430664,6290000
2023-02-27,73.2697982788086,80.88999938964844,81.30999755859375,80.58000183105469,81.16000366210938,4930000
2023-02-28,72.94371032714844,80.52999877929688,80.93000030517578,79.91999816894531,80.80999755859375,5808900
2023-03-01,72.09225463867188,79.58999633789062,80.33999633789062,79.38999938964844,80.33999633789062,5269700
2023-03-02,72.11943054199219,79.62000274658203,79.9000015258789,79.20999908447266,79.51000213623047,3459400
2023-03-03,73.43283081054688,81.06999969482422,81.18000030517578,79.58999633789062,79.80999755859375,4915300
2023-03-06,73.46906280517578,81.11000061035156,81.33999633789062,80.54000091552734,81.11000061035156,4500400
2023-03-07,72.7172622680664,80.27999877929688,81.30000305175781,79.94000244140625,81.30000305175781,6112600
2023-03-08,72.64478302001953,80.19999694824219,80.83000183105469,79.81999969482422,80.5,3859700
2023-03-09,71.51255798339844,78.94999694824219,80.69999694824219,78.29000091552734,80.56999969482422,7500000
2023-03-10,72.01073455810547,79.5,80.30999755859375,78.9000015258789,79.0199966430664,6203800
2023-03-13,72.0197982788086,79.51000213623047,81.2699966430664,78.56999969482422,78.56999969482422,6845700
2023-03-14,72.943359375,79.7699966430664,79.91000366210938,78.31999969482422,79.02999877929688,5499100
2023-03-15,72.83363342285156,79.6500015258789,79.88999938964844,78.51000213623047,79.0999984741211,4875400
2023-03-16,73.01651000976562,79.8499984741211,79.97000122070312,78.41999816894531,79.18000030517578,7274500
2023-03-17,70.69387817382812,77.30999755859375,79.76000213623047,76.52999877929688,79.76000213623047,16828100
2023-03-20,72.65988159179688,79.45999908447266,79.68000030517578,77.62999725341797,77.70999908447266,4672600
2023-03-21,72.3672866821289,79.13999938964844,80.05000305175781,78.36000061035156,79.52999877929688,4744800
2023-03-22,71.15109252929688,77.80999755859375,79.37999725341797,77.76000213623047,79.0999984741211,4909500
2023-03-23,72.01980590820312,78.76000213623047,78.93000030517578,77.63999938964844,77.77999877929688,5015600
2023-03-24,73.15367889404297,80.0,80.4000015258789,78.33000183105469,78.93000030517578,4806500
2023-03-27,72.7696304321289,79.58000183105469,80.98999786376953,79.41000366210938,80.37999725341797,4444900
2023-03-28,74.04067993164062,80.97000122070312,81.11000061035156,79.79000091552734,79.95999908447266,4154900
2023-03-29,74.33328247070312,81.29000091552734,81.97000122070312,80.93000030517578,81.26000213623047,5469300
2023-03-30,74.4795913696289,81.44999694824219,81.9000015258789,81.05999755859375,81.77999877929688,3822700
2023-03-31,75.86951446533203,82.97000122070312,83.13999938964844,81.19000244140625,81.63999938964844,7135600
2023-04-03,76.11640930175781,83.23999786376953,83.80000305175781,82.63999938964844,82.94000244140625,5083600
2023-04-04,75.09224700927734,82.12000274658203,83.44999694824219,81.81999969482422,83.16000366210938,4490600
2023-04-05,76.49131774902344,83.6500015258789,83.72000122070312,81.94999694824219,82.30000305175781,4615000
2023-04-06,76.23527526855469,83.37000274658203,84.83000183105469,83.26000213623047,84.06999969482422,3729100
2023-04-10,75.53118896484375,82.5999984741211,83.5,82.31999969482422,83.5,3465500
2023-04-11,75.47631072998047,82.54000091552734,83.11000061035156,82.26000213623047,82.55999755859375,3669400
2023-04-12,75.12882232666016,82.16000366210938,83.23999786376953,81.73999786376953,82.97000122070312,5146700
2023-04-13,76.14383697509766,83.2699966430664,83.33999633789062,81.93000030517578,81.95999908447266,4224700
2023-04-14,75.89694213867188,83.0,83.23999786376953,81.9800033569336,83.02999877929688,4886600
2023-04-17,76.4730224609375,83.62999725341797,83.73999786376953,83.02999877929688,83.41000366210938,4444700
2023-04-18,76.61019897460938,83.77999877929688,83.93000030517578,82.97000122070312,83.73999786376953,4283900
2023-04-19,76.9119644165039,84.11000061035156,84.30999755859375,83.38999938964844,83.45999908447266,3112200
2023-04-20,77.44231414794922,84.69000244140625,84.87999725341797,83.69999694824219,83.75,5927700
2023-04-21,79.16142272949219,86.56999969482422,86.87999725341797,84.75,84.87000274658203,8039500
2023-04-24,79.28028869628906,86.69999694824219,87.37000274658203,86.48999786376953,86.62000274658203,6630800
2023-04-25,78.26528930664062,85.58999633789062,87.08000183105469,85.5,86.94999694824219,5378600
2023-04-26,76.57361602783203,83.73999786376953,84.41999816894531,82.9000015258789,84.23999786376953,4439500
2023-04-27,76.3998794555664,83.55000305175781,83.86000061035156,82.41999816894531,83.73999786376953,8659000
2023-04-28,75.17454528808594,82.20999908447266,82.8499984741211,80.08000183105469,82.5199966430664,10709400
2023-05-01,74.4521484375,81.41999816894531,82.55000305175781,81.19999694824219,82.47000122070312,5561300
2023-05-02,73.5560302734375,80.44000244140625,82.04000091552734,80.08000183105469,81.52999877929688,5647900
2023-05-03,72.65074157714844,79.44999694824219,80.9000015258789,79.12000274658203,80.48999786376953,5057400
2023-05-04,71.80033874511719,78.5199966430664,79.68000030517578,78.41000366210938,79.61000061035156,4564200
2023-05-05,72.92507934570312,79.75,79.83000183105469,78.22000122070312,78.75,4613700
2023-05-08,71.86434173583984,78.58999633789062,79.66000366210938,78.12999725341797,79.61000061035156,3823400
2023-05-09,72.0563735961914,78.80000305175781,79.27999877929688,78.30000305175781,78.30999755859375,4546600
2023-05-10,71.42543029785156,78.11000061035156,78.83999633789062,77.16000366210938,78.7699966430664,5613900
2023-05-11,71.96493530273438,78.69999694824219,78.76000213623047,77.44999694824219,78.16000366210938,5123500
2023-05-12,71.48028564453125,78.16999816894531,79.08000183105469,77.91000366210938,78.7699966430664,3519100
2023-05-15,71.67230224609375,78.37999725341797,78.4000015258789,77.83000183105469,78.06999969482422,2723300
2023-05-16,71.6174545288086,78.31999969482422,79.7699966430664,78.16000366210938,79.7699966430664,5764300
2023-05-17,72.06551361083984,78.80999755859375,79.0199966430664,77.05000305175781,78.1500015258789,5506900
2023-05-18,71.51686096191406,78.20999908447266,79.05000305175781,77.36000061035156,78.87999725341797,5049900
2023-05-19,72.10209655761719,78.8499984741211,79.62000274658203,78.6500015258789,78.77999877929688,5694300
2023-05-22,71.89177703857422,78.62000274658203,79.8499984741211,78.4000015258789,79.30000305175781,3559500
2023-05-23,71.85519409179688,78.58000183105469,79.55999755859375,78.0999984741211,78.5999984741211,4542900
2023-05-24,72.28496551513672,79.05000305175781,79.26000213623047,78.13999938964844,79.12000274658203,5863900
2023-05-25,71.00479125976562,77.6500015258789,78.18000030517578,76.26000213623047,77.47000122070312,8118100
2023-05-26,70.49271392822266,77.08999633789062,78.62000274658203,77.01000213623047,78.0,5439000
2023-05-30,69.79776763916016,76.33000183105469,76.87000274658203,76.01000213623047,76.5199966430664,5038500
2023-05-31,70.35556030273438,76.94000244140625,77.0199966430664,76.2699966430664,76.62000274658203,8073100
2023-06-01,69.68803405761719,76.20999908447266,77.54000091552734,75.87000274658203,77.54000091552734,5031200
2023-06-02,71.22425842285156,77.88999938964844,77.98999786376953,75.80000305175781,76.12000274658203,4877200
2023-06-05,71.06880187988281,77.72000122070312,78.02999877929688,77.18000030517578,77.81999969482422,5744100
2023-06-06,69.67887878417969,76.19999694824219,78.43000030517578,76.0199966430664,78.29000091552734,5408500
2023-06-07,69.56915283203125,76.08000183105469,76.2300033569336,75.12000274658203,76.1500015258789,7037500
2023-06-08,71.69061279296875,78.4000015258789,78.45999908447266,75.76000213623047,75.76000213623047,8860500
2023-06-09,71.4345703125,78.12000274658203,78.4000015258789,77.27999877929688,77.5199966430664,6375300
2023-06-12,71.19683074951172,77.86000061035156,78.30000305175781,76.80999755859375,78.19999694824219,5687100
2023-06-13,71.73632049560547,78.44999694824219,78.5,76.9000015258789,77.0,4920500
2023-06-14,71.9671401977539,77.94999694824219,78.4000015258789,77.31999969482422,78.04000091552734,6069400
2023-06-15,72.9365463256836,79.0,79.01000213623047,77.7699966430664,78.27999877929688,6526200
2023-06-16,72.80729675292969,78.86000061035156,79.52999877929688,78.5,79.25,13982700
2023-06-20,71.74554443359375,77.70999908447266,79.18000030517578,77.70999908447266,78.63999938964844,5410000
2023-06-21,71.65323638916016,77.61000061035156,78.44999694824219,77.0,77.66999816894531,5342300
2023-06-22,72.11486053466797,78.11000061035156,78.19000244140625,77.30999755859375,77.75,3408800
2023-06-23,71.52397918701172,77.47000122070312,78.36000061035156,77.26000213623047,78.33000183105469,4815500
2023-06-26,70.68382263183594,76.55999755859375,77.19999694824219,74.95999908447266,77.19999694824219,6106200
2023-06-27,70.1760482788086,76.01000213623047,76.88999938964844,75.80000305175781,76.6500015258789,5111200
2023-06-28,70.33300018310547,76.18000030517578,76.22000122070312,75.25,75.91999816894531,4486900
2023-06-29,70.1760482788086,76.01000213623047,76.4800033569336,75.48999786376953,75.87999725341797,5295800
2023-06-30,71.1546859741211,77.06999969482422,77.23999786376953,76.16000366210938,76.48999786376953,6017200
2023-07-03,70.83153533935547,76.72000122070312,76.83999633789062,75.83999633789062,76.26000213623047,3437300
2023-07-05,71.31163787841797,77.23999786376953,77.5999984741211,76.0999984741211,76.56999969482422,5308300
2023-07-06,70.38837432861328,76.23999786376953,77.04000091552734,76.0199966430664,76.91000366210938,5020300
2023-07-07,68.70807647705078,74.41999816894531,75.94000244140625,74.33000183105469,75.66000366210938,6550700
2023-07-10,69.8805923461914,75.69000244140625,75.87999725341797,74.44999694824219,74.5,5554900
2023-07-11,70.27759552001953,76.12000274658203,76.25,75.36000061035156,75.48999786376953,3529800
2023-07-12,70.51764678955078,76.37999725341797,77.18000030517578,76.33000183105469,76.36000061035156,5185100
2023-07-13,70.82231140136719,76.70999908447266,77.29000091552734,76.30000305175781,76.69999694824219,3341700
2023-07-14,71.26547241210938,77.19000244140625,77.63999938964844,76.45999908447266,76.61000061035156,6072300
2023-07-17,71.53321075439453,77.4800033569336,77.76000213623047,76.45999908447266,76.66999816894531,4954600
2023-07-18,72.21641540527344,78.22000122070312,78.86000061035156,77.4000015258789,77.54000091552734,5244900
2023-07-19,72.89961242675781,78.95999908447266,79.5999984741211,78.0999984741211,78.0999984741211,5351600
2023-07-20,73.80441284179688,79.94000244140625,80.77999877929688,79.54000091552734,79.55999755859375,6046000
2023-07-21,74.45066833496094,80.63999938964844,81.12999725341797,80.0,80.41000366210938,14984400
2023-07-24,71.69939422607422,77.66000366210938,80.18000030517578,76.25,79.81999969482422,11333500
2023-07-25,71.30239868164062,77.2300033569336,78.1500015258789,76.86000061035156,77.0199966430664,5298400
2023-07-26,71.26547241210938,77.19000244140625,77.37999725341797,76.61000061035156,76.7699966430664,4049700
2023-07-27,70.63766479492188,76.51000213623047,78.27999877929688,76.4000015258789,77.33000183105469,6258600
2023-07-28,70.96080780029297,76.86000061035156,77.31999969482422,76.33999633789062,76.41999816894531,5026500
2023-07-31,70.29605865478516,76.13999938964844,76.88999938964844,75.8499984741211,76.66999816894531,6059500
2023-08-01,69.87136840820312,75.68000030517578,76.37999725341797,75.0999984741211,76.08999633789062,4025300
2023-08-02,69.87136840820312,75.68000030517578,76.31999969482422,75.3499984741211,76.0,5325400
2023-08-03,69.7328872680664,75.52999877929688,75.81999969482422,75.16999816894531,75.72000122070312,5747700
2023-08-04,72.64111328125,78.68000030517578,80.13999938964844,77.25,77.37999725341797,9062400
2023-08-07,74.4783706665039,80.66999816894531,80.97000122070312,77.94000244140625,78.33000183105469,6831500
2023-08-08,73.93366241455078,80.08000183105469,80.91999816894531,78.77999877929688,80.69000244140625,5546500
2023-08-09,74.01673889160156,80.16999816894531,81.43000030517578,80.02999877929688,80.56999969482422,4551300
2023-08-10,73.85979461669922,80.0,81.08999633789062,79.94999694824219,80.37999725341797,3776200
2023-08-11,73.85979461669922,80.0,80.12999725341797,79.45999908447266,80.0,3383600
2023-08-14,73.72130584716797,79.8499984741211,80.41999816894531,79.5199966430664,80.05999755859375,3682000
2023-08-15,73.52743530273438,79.63999938964844,80.20999908447266,78.95999908447266,79.62999725341797,3798600
2023-08-16,72.0133056640625,78.0,80.55000305175781,77.91000366210938,79.12000274658203,7264600
2023-08-17,70.62842559814453,76.5,78.11000061035156,76.5,77.98999786376953,5741200
2023-08-18,70.05601501464844,75.87999725341797,76.70999908447266,75.69999694824219,76.55000305175781,6483800
2023-08-21,70.11141204833984,75.94000244140625,76.26000213623047,75.54000091552734,75.66999816894531,5359200
2023-08-22,70.48993682861328,76.3499984741211,76.75,75.36000061035156,75.69000244140625,4534900
2023-08-23,71.12699127197266,77.04000091552734,78.9800033569336,76.95999908447266,78.30000305175781,7422800
2023-08-24,70.47149658203125,76.33000183105469,78.13999938964844,76.29000091552734,77.25,4793900
2023-08-25,70.96080780029297,76.86000061035156,77.19000244140625,76.06999969482422,76.61000061035156,3773300
2023-08-28,71.12699127197266,77.04000091552734,77.48999786376953,76.62999725341797,77.29000091552734,2783500
2023-08-29,72.20718383789062,78.20999908447266,78.25,77.05000305175781,77.25,4156300
2023-08-30,71.69939422607422,77.66000366210938,78.5,77.52999877929688,78.22000122070312,3297900
2023-08-31,70.6099624633789,76.4800033569336,77.41000366210938,76.23999786376953,77.27999877929688,9200000
2023-09-01,70.76691436767578,76.6500015258789,77.41000366210938,76.47000122070312,77.22000122070312,2993000
2023-09-05,69.39127349853516,75.16000366210938,77.0,75.12999725341797,76.94999694824219,6045600
2023-09-06,68.5418930053711,74.23999786376953,75.13999938964844,73.25,75.12000274658203,5753800
2023-09-07,68.2649154663086,73.94000244140625,74.76000213623047,73.70999908447266,74.62000274658203,6586100
2023-09-08,70.16680908203125,76.0,76.5999984741211,75.05000305175781,76.12000274658203,6695200
2023-09-11,71.12699127197266,77.04000091552734,77.16999816894531,76.0,76.05000305175781,8053800
2023-09-12,70.90538787841797,76.80000305175781,77.2300033569336,76.27999877929688,76.98999786376953,4181200
2023-09-13,71.37625122070312,77.30999755859375,77.52999877929688,76.91999816894531,77.0,4407700
2023-09-14,72.12210083007812,77.36000061035156,77.7300033569336,76.73999786376953,76.79000091552734,4424400
2023-09-15,70.54651641845703,75.66999816894531,77.41000366210938,75.41999816894531,77.20999908447266,11145100
2023-09-18,70.49991607666016,75.62000274658203,76.1500015258789,75.13999938964844,75.86000061035156,3337800
2023-09-19,70.63973999023438,75.7699966430664,76.12999725341797,75.26000213623047,75.38999938964844,4002700
2023-09-20,70.68635559082031,75.81999969482422,76.38999938964844,75.7300033569336,75.9800033569336,4826300
2023-09-21,70.17359924316406,75.2699966430664,76.13999938964844,75.22000122070312,75.87999725341797,5271600
2023-09-22,69.93121337890625,75.01000213623047,75.61000061035156,74.3499984741211,74.76000213623047,4351800
2023-09-25,69.7634048461914,74.83000183105469,74.93000030517578,74.52999877929688,74.75,3885700
2023-09-26,70.41600036621094,75.52999877929688,76.2699966430664,75.31999969482422,75.41000366210938,5643900
2023-09-27,70.43464660644531,75.55000305175781,76.05999755859375,75.13999938964844,75.66999816894531,4443100
2023-09-28,70.31344604492188,75.41999816894531,76.05000305175781,75.20999908447266,75.79000091552734,3482900
2023-09-29,69.8659439086914,74.94000244140625,75.75,74.58000183105469,75.51000213623047,4179900
2023-10-02,69.08280944824219,74.0999984741211,75.04000091552734,73.16000366210938,75.0,4578700
2023-10-03,68.30902099609375,73.2699966430664,73.87000274658203,72.87000274658203,73.20999908447266,6075300
2023-10-04,69.67947387695312,74.73999786376953,74.81999969482422,73.25,73.30000305175781,4707600
2023-10-05,69.6421890258789,74.69999694824219,75.02999877929688,74.1500015258789,74.66999816894531,4781900
2023-10-06,69.67947387695312,74.73999786376953,75.01000213623047,73.91000366210938,74.45999908447266,4635200
2023-10-09,69.97782897949219,75.05999755859375,75.33999633789062,74.23999786376953,74.77999877929688,3394000
2023-10-10,70.82621002197266,75.97000122070312,76.45999908447266,74.77999877929688,75.05999755859375,5040100
2023-10-11,71.74917602539062,76.95999908447266,77.01000213623047,76.01000213623047,76.25,4434100
2023-10-12,71.56271362304688,76.76000213623047,77.11000061035156,76.29000091552734,76.87999725341797,4037900
2023-10-13,72.39246368408203,77.6500015258789,77.86000061035156,76.97000122070312,77.19000244140625,5651800
2023-10-16,73.83750915527344,79.19999694824219,79.44000244140625,77.62999725341797,77.73999786376953,6958200
2023-10-17,75.03084564208984,80.4800033569336,81.06999969482422,78.61000061035156,79.19000244140625,10602200
2023-10-18,74.27568817138672,79.66999816894531,80.70999908447266,79.52999877929688,80.47000122070312,6781900
2023-10-19,73.12897491455078,78.44000244140625,79.87000274658203,78.2300033569336,79.06999969482422,5563400
2023-10-20,72.53231048583984,77.80000305175781,79.08999633789062,77.73999786376953,78.73999786376953,5183700
2023-10-23,72.30854034423828,77.55999755859375,77.97000122070312,77.16999816894531,77.69999694824219,4049700
2023-10-24,72.85860443115234,78.1500015258789,78.54000091552734,77.27999877929688,77.58999633789062,5424800
2023-10-25,73.08235168457031,78.38999938964844,78.5999984741211,77.43000030517578,77.91000366210938,5148000
2023-10-26,73.18489837646484,78.5,78.94999694824219,77.63999938964844,78.51000213623047,4630900
2023-10-27,71.43219757080078,76.62000274658203,78.5,76.33000183105469,78.38999938964844,6037800
2023-10-30,72.50433349609375,77.7699966430664,77.98999786376953,76.9000015258789,76.91999816894531,4760800
2023-10-31,73.22219848632812,78.54000091552734,78.70999908447266,77.45999908447266,77.58999633789062,4684100
2023-11-01,74.76046752929688,80.19000244140625,80.41999816894531,78.80999755859375,79.0,5446100
2023-11-02,75.73006439208984,81.2300033569336,81.30999755859375,79.63999938964844,79.80999755859375,6166100
2023-11-03,76.06568145751953,81.58999633789062,82.58999633789062,81.51000213623047,82.0,7040000
2023-11-06,75.64614868164062,81.13999938964844,81.9800033569336,80.73999786376953,81.66999816894531,6649800
2023-11-07,75.15206146240234,80.61000061035156,81.3499984741211,80.31999969482422,81.06999969482422,7609000
2023-11-08,72.62553405761719,77.9000015258789,78.26000213623047,75.08999633789062,77.48999786376953,13103500
2023-11-09,69.90322875976562,74.9800033569336,77.70999908447266,74.72000122070312,77.52999877929688,8878900
2023-11-10,70.77958679199219,75.91999816894531,76.02999877929688,74.86000061035156,75.45999908447266,5946700
2023-11-13,69.85662078857422,74.93000030517578,75.6500015258789,74.54000091552734,75.37000274658203,4742500
2023-11-14,69.66084289550781,74.72000122070312,75.72000122070312,74.55000305175781,75.31999969482422,5534400
2023-11-15,69.95917510986328,75.04000091552734,75.45999908447266,74.11000061035156,74.2300033569336,7102100
2023-11-16,69.4743881225586,74.5199966430664,76.1500015258789,73.98999786376953,75.52999877929688,6820700
2023-11-17,70.34141540527344,75.44999694824219,75.51000213623047,74.56999969482422,74.88999938964844,7874500
2023-11-20,70.85417938232422,76.0,76.0999984741211,75.06999969482422,75.2300033569336,7012200
2023-11-21,69.63287353515625,74.69000244140625,76.1500015258789,74.54000091552734,76.0,5120400
2023-11-22,70.5744857788086,75.69999694824219,75.7300033569336,74.9000015258789,74.98999786376953,4419100
2023-11-24,70.27616119384766,75.37999725341797,75.98999786376953,75.02999877929688,75.88999938964844,1931000
2023-11-27,69.8472900390625,74.91999816894531,75.30000305175781,74.5199966430664,75.11000061035156,4552100
2023-11-28,69.4650650024414,74.51000213623047,74.94999694824219,74.19000244140625,74.80000305175781,6792700
2023-11-29,70.13632202148438,75.2300033569336,75.44999694824219,74.68000030517578,74.8499984741211,5091700
2023-11-30,71.41353607177734,76.5999984741211,76.73999786376953,75.30999755859375,75.37999725341797,10393600
2023-12-01,72.39246368408203,77.6500015258789,77.66000366210938,76.19999694824219,76.77999877929688,5400500
2023-12-04,73.03573608398438,78.33999633789062,78.47000122070312,77.16000366210938,77.29000091552734,8194600
2023-12-05,73.66969299316406,79.0199966430664,79.27999877929688,77.8499984741211,78.37000274658203,6276900
2023-12-06,73.98667907714844,79.36000061035156,80.18000030517578,79.04000091552734,79.25,5745300
2023-12-07,72.76537322998047,78.05000305175781,79.80999755859375,77.8499984741211,79.58000183105469,8588600
2023-12-08,73.66969299316406,79.0199966430664,79.23999786376953,77.94000244140625,78.11000061035156,6569000
2023-12-11,74.66724395751953,80.08999633789062,80.83999633789062,79.45999908447266,79.62999725341797,8190000
2023-12-12,75.34782409667969,80.81999969482422,81.18000030517578,80.05999755859375,80.77999877929688,6118200
2023-12-13,77.464111328125,83.08999633789062,83.12000274658203,80.88999938964844,81.30000305175781,10582400
2023-12-14,76.9372787475586,81.77999877929688,82.45999908447266,81.06999969482422,82.4000015258789,8531100
2023-12-15,75.57315063476562,80.33000183105469,82.30999755859375,80.0999984741211,81.3499984741211,20354200
2023-12-18,74.79229736328125,79.5,80.62999725341797,79.43000030517578,80.62999725341797,4926700
2023-12-19,74.78289031982422,79.48999786376953,80.0199966430664,79.22000122070312,79.58000183105469,7452300
2023-12-20,73.93617248535156,78.58999633789062,79.77999877929688,78.58000183105469,79.66000366210938,5227800
2023-12-21,74.25605010986328,78.93000030517578,79.41999816894531,78.5199966430664,78.81999969482422,3791000
2023-12-22,74.94283294677734,79.66000366210938,80.0,79.16000366210938,79.19000244140625,4109700
2023-12-26,75.21563720703125,79.94999694824219,80.05999755859375,79.38999938964844,79.72000122070312,2659500
2023-12-27,75.61078643798828,80.37000274658203,80.75,79.73999786376953,80.11000061035156,3541200
2023-12-28,76.33518981933594,81.13999938964844,81.26000213623047,80.37999725341797,80.5199966430664,3553100
2023-12-29,76.21288299560547,81.01000213623047,81.30000305175781,80.69000244140625,81.06999969482422,3586900
2024-01-02,78.31083679199219,83.23999786376953,83.76000213623047,80.87000274658203,80.91000366210938,7417500
2024-01-03,78.53660583496094,83.4800033569336,84.20999908447266,82.97000122070312,83.6500015258789,7329600
2024-01-04,79.47740173339844,84.4800033569336,84.94999694824219,83.44000244140625,83.79000091552734,5881000
2024-01-05,78.37667846679688,83.30999755859375,84.5199966430664,83.25,84.30000305175781,7369000
2024-01-08,79.01641082763672,83.98999786376953,84.06999969482422,82.5,82.86000061035156,8641200
2024-01-09,80.96382904052734,86.05999755859375,86.29000091552734,83.19000244140625,83.5199966430664,7601600
2024-01-10,79.49622344970703,84.5,84.94000244140625,83.37000274658203,83.9000015258789,8386600
2024-01-11,80.33350372314453,85.38999938964844,85.4800033569336,84.04000091552734,84.31999969482422,5862000
2024-01-12,81.26488494873047,86.37999725341797,86.44999694824219,85.63999938964844,85.87999725341797,5884200
2024-01-16,80.89798736572266,85.98999786376953,86.08999633789062,85.30999755859375,85.8499984741211,5139500
2024-01-17,81.35897064208984,86.4800033569336,86.58000183105469,85.56999969482422,85.83000183105469,5809500
2024-01-18,81.2837142944336,86.4000015258789,86.55000305175781,85.33000183105469,85.76000213623047,6260500
2024-01-19,82.1209945678711,87.29000091552734,87.87000274658203,86.08999633789062,86.37999725341797,6400700
2024-01-22,73.78565979003906,78.43000030517578,80.75,77.37000274658203,80.5,20378600
2024-01-23,74.77349090576172,79.4800033569336,79.87999725341797,78.38999938964844,78.54000091552734,7837600
2024-01-24,74.82052612304688,79.52999877929688,79.9000015258789,78.4800033569336,79.55999755859375,7563000
2024-01-25,75.47908020019531,80.2300033569336,81.05999755859375,79.55000305175781,80.08000183105469,8337400
2024-01-26,74.81111145019531,79.5199966430664,80.51000213623047,79.4000015258789,80.2300033569336,5481400
2024-01-29,74.38776397705078,79.06999969482422,80.01000213623047,78.91000366210938,79.6500015258789,6586000
2024-01-30,73.96441650390625,78.62000274658203,78.9000015258789,77.95999908447266,78.80000305175781,8102400
2024-01-31,73.62572479248047,78.26000213623047,79.02999877929688,78.01000213623047,78.79000091552734,7637300
2024-02-01,73.53166198730469,78.16000366210938,78.58000183105469,77.4000015258789,78.0,7698000
2024-02-02,72.40271759033203,76.95999908447266,77.98999786376953,76.91000366210938,77.61000061035156,7588800
2024-02-05,72.16751098632812,76.70999908447266,77.05000305175781,76.01000213623047,76.6500015258789,6690400
2024-02-06,73.11770629882812,77.72000122070312,77.87000274658203,76.70999908447266,76.87000274658203,8121200
2024-02-07,70.01310729980469,74.41999816894531,76.44999694824219,73.94000244140625,76.20999908447266,12449800
2024-02-08,69.4298324584961,73.80000305175781,74.58999633789062,73.02999877929688,74.4000015258789,8815200
2024-02-09,69.30753326416016,73.66999816894531,74.12000274658203,72.80999755859375,73.81999969482422,10718300
2024-02-12,70.04132843017578,74.44999694824219,75.13999938964844,73.11000061035156,73.41000366210938,7605800
2024-02-13,69.17582702636719,73.52999877929688,74.7699966430664,72.97000122070312,74.69000244140625,8560100
2024-02-14,68.71482849121094,73.04000091552734,73.83000183105469,72.83000183105469,73.11000061035156,7487700
2024-02-15,69.02529907226562,73.37000274658203,73.56999969482422,72.80999755859375,73.04000091552734,5482900
2024-02-16,67.34130096435547,71.58000183105469,73.08999633789062,71.37000274658203,73.0,12823200
2024-02-20,67.77405548095703,72.04000091552734,72.7300033569336,71.44999694824219,71.58999633789062,7874200
2024-02-21,68.86536407470703,73.19999694824219,73.29000091552734,72.51000213623047,72.51000213623047,6233300
2024-02-22,68.47023010253906,72.77999877929688,72.88999938964844,71.83000183105469,72.26000213623047,7323600
2024-02-23,69.19464874267578,73.55000305175781,74.23999786376953,73.0,73.25,5573500
2024-02-26,68.63016510009766,72.94999694824219,73.88999938964844,72.83999633789062,73.5,5177900
2024-02-27,68.6960220336914,73.0199966430664,73.13999938964844,72.62999725341797,72.8499984741211,6090400
2024-02-28,68.39496612548828,72.69999694824219,73.25,72.61000061035156,73.18000030517578,4245600
2024-02-29,67.83050537109375,72.0999984741211,72.91000366210938,71.91999816894531,72.72000122070312,8583200
2024-03-01,68.02806854248047,72.30999755859375,72.66000366210938,72.04000091552734,72.27999877929688,5401200
2024-03-04,67.97161102294922,72.25,72.5999984741211,71.95999908447266,72.38999938964844,5749900
2024-03-05,68.66780090332031,72.98999786376953,73.01000213623047,72.0999984741211,72.4000015258789,6280400
2024-03-06,68.32910919189453,72.62999725341797,73.31999969482422,72.51000213623047,72.87999725341797,6170300
2024-03-07,69.29812622070312,73.66000366210938,74.08000183105469,72.68000030517578,72.97000122070312,9902800
2024-03-08,70.67166900634766,75.12000274658203,75.44000244140625,73.66000366210938,73.95999908447266,9519000
2024-03-11,70.85982513427734,75.31999969482422,76.20999908447266,74.83000183105469,74.87999725341797,7394900
2024-03-12,70.63404846191406,75.08000183105469,75.33999633789062,74.25,75.25,7056300
2024-03-13,71.44310760498047,75.94000244140625,76.18000030517578,74.95999908447266,75.48999786376953,6003000
2024-03-14,70.53070831298828,74.20999908447266,75.0199966430664,73.81999969482422,74.72000122070312,8399300
2024-03-15,70.03649139404297,73.69000244140625,74.66000366210938,73.29000091552734,74.25,13963700
2024-03-18,69.62781524658203,73.26000213623047,74.16999816894531,73.20999908447266,73.69000244140625,6939600
2024-03-19,69.77037048339844,73.41000366210938,73.7699966430664,73.19000244140625,73.33999633789062,8661700
2024-03-20,70.3121109008789,73.9800033569336,73.9800033569336,72.80000305175781,73.2699966430664,7311400
2024-03-21,69.46623992919922,73.08999633789062,74.27999877929688,73.02999877929688,73.9000015258789,5836900
2024-03-22,69.01002502441406,72.61000061035156,73.2300033569336,72.55999755859375,73.11000061035156,7730500
2024-03-25,68.98151397705078,72.58000183105469,72.83999633789062,72.19999694824219,72.5,5543800
2024-03-26,68.81995391845703,72.41000366210938,72.66000366210938,72.11000061035156,72.31999969482422,5362800
2024-03-27,69.39019775390625,73.01000213623047,73.05999755859375,72.55000305175781,72.91999816894531,7747600
2024-03-28,69.61830139160156,73.25,73.87000274658203,73.19999694824219,73.25,8369500
2024-04-01,69.26663970947266,72.87999725341797,73.22000122070312,72.37999725341797,73.22000122070312,3796100
2024-04-02,68.51581573486328,72.08999633789062,72.8499984741211,71.9000015258789,72.81999969482422,6139000
2024-04-03,67.37530517578125,70.88999938964844,72.16999816894531,70.69999694824219,72.0,5145300
2024-04-04,66.10175323486328,69.55000305175781,71.38999938964844,69.4000015258789,71.23999786376953,7341200
2024-04-05,66.13025665283203,69.58000183105469,70.01000213623047,68.54000091552734,69.69000244140625,6599300
2024-04-08,65.97818756103516,69.41999816894531,69.55000305175781,69.05000305175781,69.05000305175781,4589100
2024-04-09,66.472412109375,69.94000244140625,69.94999694824219,69.11000061035156,69.16000366210938,5928100
2024-04-10,64.74266052246094,68.12000274658203,69.76000213623047,68.05999755859375,69.76000213623047,7983100
2024-04-11,65.24636840820312,68.6500015258789,69.02999877929688,68.30999755859375,68.45999908447266,6071500
2024-04-12,64.69512176513672,68.06999969482422,68.62000274658203,67.62000274658203,68.5199966430664,5691800
2024-04-15,64.39099884033203,67.75,68.45999908447266,67.69999694824219,68.2699966430664,7717800
2024-04-16,63.972801208496094,67.30999755859375,67.88999938964844,67.19000244140625,67.80000305175781,4974900
2024-04-17,63.61163711547852,66.93000030517578,67.55000305175781,66.88999938964844,67.3499984741211,5287700
2024-04-18,62.879825592041016,66.16000366210938,67.0199966430664,65.9000015258789,67.01000213623047,6442200
2024-04-19,63.45008087158203,66.76000213623047,66.83000183105469,66.16000366210938,66.25,10657000
2024-04-22,63.630645751953125,66.94999694824219,67.56999969482422,66.73999786376953,66.93000030517578,5622400
2024-04-23,63.706687927246094,67.02999877929688,67.68000030517578,67.0,67.08999633789062,5240200
2024-04-24,63.75419998168945,67.08000183105469,67.19000244140625,66.36000061035156,66.58000183105469,8467100
2024-04-25,62.033939361572266,65.2699966430664,67.9000015258789,65.08999633789062,67.47000122070312,15172000
2024-04-26,62.17650604248047,65.41999816894531,66.3499984741211,64.62999725341797,65.5,12382400
2024-04-29,62.67073059082031,65.94000244140625,66.91000366210938,65.19999694824219,65.30000305175781,7838800
2024-04-30,61.96741485595703,65.19999694824219,65.63999938964844,64.81999969482422,65.62000274658203,7436600
2024-05-01,62.26205825805664,65.51000213623047,65.88999938964844,64.97000122070312,65.31999969482422,7232500
2024-05-02,62.09097671508789,65.33000183105469,65.80000305175781,64.88999938964844,65.75,5571500
2024-05-03,61.5682373046875,64.77999877929688,65.52999877929688,64.33000183105469,65.51000213623047,7822700
2024-05-06,62.290557861328125,65.54000091552734,65.55999755859375,64.33999633789062,64.77999877929688,7187300
2024-05-07,62.21452331542969,65.45999908447266,66.13999938964844,65.16000366210938,65.43000030517578,7318200
2024-05-08,61.701297760009766,64.91999816894531,65.61000061035156,64.76000213623047,65.56999969482422,5135000
2024-05-09,61.3781623840332,64.58000183105469,65.22000122070312,64.5199966430664,65.18000030517578,6048600
2024-05-10,62.68973159790039,65.95999908447266,66.19999694824219,64.66999816894531,64.72000122070312,8733200
2024-05-13,64.19139862060547,67.54000091552734,67.58999633789062,66.12999725341797,66.1500015258789,6736500
2024-05-14,64.29594421386719,67.6500015258789,68.37000274658203,67.05000305175781,68.0,4356200
2024-05-15,63.68767547607422,67.01000213623047,67.9800033569336,66.97000122070312,67.93000030517578,7532100
2024-05-16,64.49553680419922,67.86000061035156,67.97000122070312,66.8499984741211,67.01000213623047,4832000
2024-05-17,64.36248016357422,67.72000122070312,67.81999969482422,67.20999908447266,67.81999969482422,3579000
2024-05-20,64.53356170654297,67.9000015258789,68.04000091552734,67.37999725341797,67.72000122070312,4719700
2024-05-21,63.95379638671875,67.29000091552734,67.9000015258789,66.83999633789062,67.80000305175781,5701200
2024-05-22,64.43850708007812,67.80000305175781,67.88999938964844,66.97000122070312,67.18000030517578,6227700
2024-05-23,62.88933181762695,66.16999816894531,67.62999725341797,66.01000213623047,67.55999755859375,5625300
2024-05-24,62.42361068725586,65.68000030517578,66.43000030517578,65.20999908447266,66.37999725341797,5971000
2024-05-28,60.7698860168457,63.93999862670898,65.55000305175781,63.7400016784668,65.30999755859375,5593400
2024-05-29,60.35169982910156,63.5,63.90999984741211,63.09999847412109,63.5,5609600
2024-05-30,60.90294647216797,64.08000183105469,64.33000183105469,63.06999969482422,63.47999954223633,7118600
2024-05-31,61.08352279663086,64.2699966430664,64.30000305175781,62.06999969482422,62.720001220703125,14509300
2024-06-03,60.2851676940918,63.43000030517578,64.88999938964844,63.18000030517578,64.30000305175781,8560900
2024-06-04,60.978981018066406,64.16000366210938,64.5999984741211,63.20000076293945,63.540000915527344,6593100
2024-06-05,60.71286010742188,63.880001068115234,64.41999816894531,63.310001373291016,64.18000030517578,6145800
2024-06-06,60.684349060058594,63.84999847412109,64.29000091552734,63.5,63.79999923706055,6087400
2024-06-07,61.49220657348633,64.69999694824219,64.91999816894531,63.560001373291016,63.81999969482422,7412500
2024-06-10,62.01493453979492,65.25,65.27999877929688,64.04000091552734,64.55999755859375,11592200
2024-06-11,61.67279052734375,64.88999938964844,64.9000015258789,64.25,64.6500015258789,4648200
2024-06-12,61.15005111694336,64.33999633789062,65.22000122070312,63.86000061035156,65.0,5846100
2024-06-13,60.408729553222656,63.560001373291016,64.16999816894531,63.5,64.05999755859375,6502400
2024-06-14,62.59263610839844,65.05999755859375,65.62000274658203,62.709999084472656,62.75,9793600
2024-06-17,61.83259582519531,64.2699966430664,64.94000244140625,64.0,64.75,5915800
2024-06-18,60.75507354736328,63.150001525878906,64.33999633789062,62.68999862670898,64.16999816894531,6684600
2024-06-20,65.8925552368164,68.48999786376953,69.47000122070312,64.86000061035156,65.02999877929688,25061700
2024-06-21,67.98988342285156,70.66999816894531,72.18000030517578,69.55999755859375,71.55000305175781,31120000
2024-06-24,68.047607421875,70.7300033569336,72.06999969482422,70.55999755859375,71.0,10915500
2024-06-25,66.97008514404297,69.61000061035156,71.4800033569336,69.52999877929688,70.63999938964844,8354500
2024-06-26,66.68146514892578,69.30999755859375,70.2300033569336,68.9000015258789,69.19000244140625,5795200
2024-06-27,66.21967315673828,68.83000183105469,69.58999633789062,68.5199966430664,69.13999938964844,7176300
2024-06-28,66.00801086425781,68.61000061035156,69.0,68.05999755859375,68.83000183105469,9590000
2024-07-01,66.03685760498047,68.63999938964844,69.98999786376953,68.5,68.62999725341797,5251000
2024-07-02,65.80596923828125,68.4000015258789,68.48999786376953,67.58000183105469,68.30000305175781,4846200
2024-07-03,64.06461334228516,66.58999633789062,68.33000183105469,66.58000183105469,68.23999786376953,3995700
2024-07-05,64.16082763671875,66.69000244140625,66.93000030517578,66.01000213623047,66.62000274658203,4211700
2024-07-08,64.98820495605469,67.55000305175781,68.18000030517578,67.02999877929688,67.86000061035156,5747000
2024-07-09,65.19024658203125,67.76000213623047,67.97000122070312,66.33999633789062,67.0999984741211,5364100
2024-07-10,66.1427001953125,68.75,68.86000061035156,67.6500015258789,67.83000183105469,4101600
2024-07-11,67.31643676757812,69.97000122070312,70.30000305175781,68.13999938964844,68.22000122070312,9594900
2024-07-12,67.30680847167969,69.95999908447266,70.68000030517578,69.91000366210938,70.25,5101000
2024-07-15,68.12457275390625,70.80999755859375,71.25,70.20999908447266,70.4000015258789,7569300
2024-07-16,68.923095703125,71.63999938964844,72.05000305175781,70.33000183105469,70.33000183105469,5129700
2024-07-17,70.52014923095703,73.30000305175781,73.9800033569336,72.01000213623047,72.01000213623047,7220100
2024-07-18,70.72217559814453,73.51000213623047,74.91999816894531,72.5,72.5999984741211,8120100
2024-07-19,69.80821228027344,72.55999755859375,73.73999786376953,71.95999908447266,73.51000213623047,5571800
2024-07-22,69.66389465332031,72.41000366210938,73.31999969482422,72.0199966430664,72.88999938964844,6420800
2024-07-23,68.47091674804688,71.16999816894531,72.29000091552734,70.77999877929688,71.94999694824219,4502400
2024-07-24,70.71255493164062,73.5,73.5999984741211,71.41999816894531,71.66000366210938,6600000
2024-07-25,73.60840606689453,76.51000213623047,77.33999633789062,74.37999725341797,74.75,11733400
2024-07-26,74.08943939208984,77.01000213623047,78.29000091552734,75.73999786376953,76.02999877929688,7453600
2024-07-29,74.78214263916016,77.7300033569336,77.9800033569336,76.80999755859375,77.12000274658203,4571100
2024-07-30,75.09001159667969,78.05000305175781,78.44999694824219,76.62000274658203,77.41999816894531,6120800
2024-07-31,73.17546081542969,76.05999755859375,77.97000122070312,75.87000274658203,77.88999938964844,7052000
2024-08-01,73.58915710449219,76.48999786376953,77.20999908447266,75.80999755859375,76.11000061035156,5662500
2024-08-02,73.8585433959961,76.7699966430664,78.20999908447266,75.54000091552734,77.79000091552734,6458100
2024-08-05,71.99211883544922,74.83000183105469,77.18000030517578,74.29000091552734,76.87999725341797,7349100
2024-08-06,71.37638854980469,74.19000244140625,75.51000213623047,74.1500015258789,74.5,5311100
2024-08-07,71.19359588623047,74.0,75.31999969482422,73.94999694824219,74.51000213623047,4214700
2024-08-08,72.7232894897461,75.58999633789062,75.75,73.7699966430664,74.05000305175781,7786300
2024-08-09,70.86649322509766,73.66000366210938,76.25,72.80999755859375,74.94000244140625,9545100
2024-08-12,70.2219009399414,72.98999786376953,73.48999786376953,72.43000030517578,73.33999633789062,5606900
2024-08-13,71.17435455322266,73.9800033569336,74.25,72.66999816894531,72.94999694824219,4356900
2024-08-14,71.32828521728516,74.13999938964844,74.3499984741211,72.98999786376953,73.51000213623047,4747800
2024-08-15,71.52069854736328,74.33999633789062,75.01000213623047,73.75,74.37999725341797,5196700
2024-08-16,70.98194122314453,73.77999877929688,74.23999786376953,72.88999938964844,73.94000244140625,5148000
2024-08-19,71.62651824951172,74.44999694824219,74.5199966430664,73.2699966430664,73.33999633789062,3727900
2024-08-20,71.91515350341797,74.75,74.9000015258789,74.33999633789062,74.54000091552734,3668000
2024-08-21,72.28073120117188,75.12999725341797,75.37999725341797,74.80000305175781,74.8499984741211,3659700
2024-08-22,73.02153778076172,75.9000015258789,76.26000213623047,75.3499984741211,75.56999969482422,5930800
2024-08-23,73.81043243408203,76.72000122070312,77.12000274658203,75.91000366210938,76.08999633789062,6847100
2024-08-26,74.04134368896484,76.95999908447266,77.43000030517578,76.41999816894531,76.80000305175781,2926800
2024-08-27,74.07982635498047,77.0,77.45999908447266,76.69000244140625,77.20999908447266,3902000
2024-08-28,75.58065795898438,78.55999755859375,79.44999694824219,77.2300033569336,77.45999908447266,6214100
2024-08-29,76.4369125366211,79.44999694824219,79.6500015258789,78.25,78.93000030517578,5544800
2024-08-30,76.00396728515625,79.0,80.25,78.5999984741211,79.43000030517578,6205300
2024-09-03,76.67741394042969,79.69999694824219,80.44000244140625,79.4000015258789,79.79000091552734,8733300
2024-09-04,76.12903594970703,79.12999725341797,80.0,78.72000122070312,79.66999816894531,4580600
2024-09-05,75.7826919555664,78.7699966430664,79.31999969482422,77.73999786376953,78.94999694824219,4306400
2024-09-06,75.7345962524414,78.72000122070312,79.20999908447266,78.26000213623047,79.11000061035156,9220900
2024-09-09,76.16751861572266,79.16999816894531,80.19999694824219,78.36000061035156,78.4000015258789,5571500
2024-09-10,78.3514404296875,81.44000244140625,81.55999755859375,78.7300033569336,79.16999816894531,6869000
2024-09-11,77.87040710449219,80.94000244140625,81.19999694824219,79.63999938964844,81.13999938964844,6144800
2024-09-12,80.00621032714844,83.16000366210938,84.88999938964844,81.9800033569336,83.0199966430664,11448200
2024-09-13,80.41405487060547,82.80999755859375,83.16999816894531,81.56999969482422,81.94999694824219,6530300
2024-09-16,80.75393676757812,83.16000366210938,83.58000183105469,82.5199966430664,83.0,7844100
2024-09-17,80.64710998535156,83.05000305175781,83.33999633789062,82.37999725341797,83.05999755859375,7078500
2024-09-18,81.46279907226562,83.88999938964844,84.5199966430664,82.76000213623047,83.37000274658203,9199500
2024-09-19,81.47251892089844,83.9000015258789,84.6500015258789,83.43000030517578,84.38999938964844,8798300
2024-09-20,81.51136016845703,83.94000244140625,83.98999786376953,82.75,83.26000213623047,24926000
2024-09-23,81.5599136352539,83.98999786376953,84.45999908447266,83.4800033569336,84.25,6474400
2024-09-24,81.36570739746094,83.79000091552734,84.27999877929688,83.33999633789062,83.79000091552734,7985100
2024-09-25,79.83141326904297,82.20999908447266,83.98999786376953,82.1500015258789,83.94000244140625,8375500
2024-09-26,80.63739776611328,83.04000091552734,83.12000274658203,81.83000183105469,82.0199966430664,5654500
2024-09-27,81.19090270996094,83.61000061035156,84.33000183105469,83.04000091552734,83.2300033569336,5456700
2024-09-30,81.41425323486328,83.83999633789062,84.25,83.13999938964844,83.1500015258789,5116100
2024-10-01,81.51136016845703,83.94000244140625,83.9800033569336,82.81999969482422,83.81999969482422,6619000
2024-10-02,82.28821563720703,84.73999786376953,85.43000030517578,83.0999984741211,83.33000183105469,6042300
2024-10-03,81.73470306396484,84.16999816894531,84.93000030517578,84.01000213623047,84.25,4086100
2024-10-04,82.14256286621094,84.58999633789062,84.95999908447266,83.9800033569336,84.33999633789062,4054300
2024-10-07,81.9871826171875,84.43000030517578,85.66000366210938,84.33999633789062,85.05000305175781,4692500
2024-10-08,82.74462127685547,85.20999908447266,85.38999938964844,84.31999969482422,84.5199966430664,4593100
2024-10-09,83.64771270751953,86.13999938964844,86.8499984741211,85.05999755859375,85.18000030517578,6162100
2024-10-10,82.2202377319336,84.66999816894531,85.94000244140625,84.58999633789062,85.83000183105469,3814800
2024-10-11,82.49214172363281,84.94999694824219,84.9800033569336,84.16999816894531,84.86000061035156,3982300
2024-10-14,82.58924865722656,85.05000305175781,85.33999633789062,84.33999633789062,84.91999816894531,3493100
2024-10-15,83.33696746826172,85.81999969482422,86.63999938964844,84.80000305175781,85.18000030517578,5133500
2024-10-16,84.24005889892578,86.75,86.81999969482422,85.83000183105469,85.83000183105469,3181200
2024-10-17,84.8324203491211,87.36000061035156,87.6500015258789,86.58999633789062,86.91999816894531,4287700
2024-10-18,84.21092224121094,86.72000122070312,87.16999816894531,86.01000213623047,86.79000091552734,4365100
2024-10-21,83.79336547851562,86.29000091552734,87.2699966430664,85.91999816894531,86.63999938964844,4451200
2024-10-22,85.6092758178711,88.16000366210938,88.36000061035156,85.5999984741211,85.68000030517578,6044400
2024-10-23,84.7061767578125,87.2300033569336,88.38999938964844,87.13999938964844,88.1500015258789,4373500
2024-10-24,86.2113265991211,88.77999877929688,89.22000122070312,87.62000274658203,87.72000122070312,7183500
2024-10-25,86.42495727539062,89.0,89.73999786376953,88.44999694824219,89.44999694824219,5734900
2024-10-28,86.19190979003906,88.76000213623047,89.41999816894531,88.5199966430664,89.23999786376953,5961700
2024-10-29,85.53157806396484,88.08000183105469,88.5199966430664,86.80999755859375,88.37999725341797,6655800
2024-10-30,85.73550415039062,88.29000091552734,88.37000274658203,87.4800033569336,87.9000015258789,5846900
2024-10-31,86.25017547607422,88.81999969482422,89.27999877929688,87.73999786376953,87.94000244140625,5894500
2024-11-01,86.92021179199219,89.51000213623047,89.56999969482422,88.19000244140625,88.30999755859375,6485900
2024-11-04,87.24064636230469,89.83999633789062,90.70999908447266,89.37000274658203,89.48999786376953,6124300
2024-11-05,87.60966491699219,90.22000122070312,90.38999938964844,89.01000213623047,89.63999938964844,3960200
2024-11-06,89.03712463378906,91.69000244140624,91.9800033569336,90.5,91.0,8819300
2024-11-07,95.06745910644533,97.9000015258789,98.31999969482422,93.51000213623048,94.0,14389800
2024-11-08,93.77594757080078,96.56999969482422,97.31999969482422,94.91000366210938,96.0500030517578,7456700
2024-11-11,94.22264099121094,97.02999877929688,98.9000015258789,96.3000030517578,96.4000015258789,7094300
2024-11-12,91.6201629638672,94.3499984741211,96.83999633789062,94.2300033569336,96.3499984741211,9322700
2024-11-13,89.94993591308594,92.62999725341795,94.20999908447266,91.62999725341795,94.12999725341795,11060500
2024-11-14,89.44497680664062,92.11000061035156,92.66000366210938,91.3000030517578,92.30999755859376,8202700
2024-11-15,85.84233093261719,88.4000015258789,91.98999786376952,88.20999908447266,91.70999908447266,11454500
2024-11-18,85.90058135986328,88.45999908447266,89.04000091552734,87.62999725341797,88.38999938964844,9099600
2024-11-19,85.21112060546875,87.75,88.5999984741211,86.08000183105469,87.62999725341797,8179300
2024-11-20,86.06566619873047,88.62999725341797,89.08000183105469,87.7699966430664,88.11000061035156,4781700
2024-11-21,87.16297149658203,89.76000213623047,89.94000244140625,88.06999969482422,89.06999969482422,4057300
2024-11-22,87.58053588867188,90.19000244140624,90.48999786376952,89.2699966430664,89.80999755859375,4545900
2024-11-25,87.8718490600586,90.48999786376952,91.37000274658205,89.5,90.75,10754100
2024-11-26,88.70697021484375,91.3499984741211,91.68000030517578,89.62999725341797,90.33999633789062,4406500
2024-11-27,89.73629760742188,92.41000366210938,92.9000015258789,91.44000244140624,91.44000244140624,5527200
2024-11-29,89.90138244628906,92.58000183105467,93.16000366210938,92.33000183105467,92.83999633789062,3851000
2024-12-02,91.29971313476562,94.0199966430664,94.36000061035156,92.48999786376952,92.52999877929688,5023100
2024-12-03,89.81398010253906,92.48999786376952,94.38999938964844,92.45999908447266,93.80999755859376,5532000
2024-12-04,88.94001770019531,91.58999633789062,92.5999984741211,89.86000061035156,92.58999633789062,9124300
2024-12-05,90.6879425048828,93.38999938964844,94.2699966430664,91.5999984741211,91.5999984741211,12428600
2024-12-06,89.46440124511719,92.12999725341795,94.22000122070312,92.02999877929688,93.5,4470700
2024-12-09,87.96895599365234,90.58999633789062,92.1500015258789,90.5,91.86000061035156,7396100
2024-12-10,89.66832733154297,92.33999633789062,92.9499969482422,90.63999938964844,91.3499984741211,6748200
2024-12-11,89.70716094970703,92.37999725341795,94.6500015258789,91.94000244140624,92.4000015258789,7525100
2024-12-12,89.70716094970703,92.37999725341795,93.22000122070312,91.44000244140624,92.45999908447266,5782700
2024-12-13,89.95197296142578,91.86000061035156,92.11000061035156,89.1500015258789,91.66000366210938,7515500
2024-12-16,90.13803100585938,92.0500030517578,93.26000213623048,91.9000015258789,91.95999908447266,7068100
2024-12-17,90.87245178222656,92.8000030517578,93.58999633789062,91.87999725341795,91.87999725341795,6125300
2024-12-18,88.80628204345703,90.69000244140624,93.5,90.58999633789062,92.72000122070312,6616100
2024-12-19,89.19796752929688,91.08999633789062,91.4800033569336,90.2699966430664,90.4000015258789,8875200
2024-12-20,90.64722442626952,92.56999969482422,93.29000091552734,90.70999908447266,90.91999816894533,22530200
2024-12-23,91.4599838256836,93.4000015258789,93.5199966430664,91.79000091552734,92.62000274658205,4809500
2024-12-24,91.9985580444336,93.9499969482422,94.0500030517578,92.0999984741211,93.0,2109100
2024-12-26,92.44901275634766,94.41000366210938,94.5500030517578,92.9800033569336,93.16999816894533,2915400
2024-12-27,92.15523529052734,94.11000061035156,94.37999725341795,93.43000030517578,93.43000030517578,3349300
2024-12-30,90.09886169433594,92.01000213623048,94.0,91.72000122070312,93.93000030517578,3613200
2024-12-31,90.45137786865234,92.37000274658205,92.9800033569336,91.77999877929688,92.58999633789062,3482500
2025-01-02,89.9715576171875,91.87999725341795,92.83000183105467,91.4000015258789,92.62000274658205,3495200
2025-01-03,89.51132202148438,91.41000366210938,92.33999633789062,91.30999755859376,92.19000244140624,4265200
2025-01-06,89.3350601196289,91.2300033569336,91.52999877929688,90.33000183105467,90.75,6779400
2025-01-07,88.74752044677734,90.62999725341795,91.51000213623048,90.51000213623048,90.88999938964844,5811900
2025-01-08,87.28846740722656,89.13999938964844,90.68000030517578,89.0,90.68000030517578,8054200
2025-01-10,88.01309204101562,89.87999725341797,91.43000030517578,88.56999969482422,90.19000244140624,7869700
2025-01-13,88.07186126708984,89.94000244140625,90.37000274658205,89.0199966430664,90.3000030517578,6523300
2025-01-14,89.10983276367188,91.0,91.4800033569336,89.83000183105469,90.58999633789062,7418300
2025-01-15,90.46116638183594,92.37999725341795,92.66000366210938,91.04000091552734,91.3499984741211,8084400
2025-01-16,89.746337890625,91.6500015258789,93.06999969482422,90.81999969482422,92.26000213623048,8955300
2025-01-17,89.93238830566406,91.83999633789062,92.8000030517578,91.69000244140624,92.01000213623048,6862200
2025-01-21,91.02912139892578,92.95999908447266,93.9000015258789,92.05999755859376,92.05999755859376,10546000
2025-01-22,91.1074676513672,93.04000091552734,93.30999755859376,91.83999633789062,92.62999725341795,7285700
2025-01-23,90.98995971679688,92.91999816894533,93.29000091552734,92.20999908447266,93.02999877929688,4086100
2025-01-24,91.1368408203125,93.06999969482422,94.0,92.26000213623048,92.36000061035156,5409200
2025-01-27,93.36947631835938,95.3499984741211,95.83999633789062,93.0999984741211,93.0999984741211,7914200
2025-01-28,91.900634765625,93.8499984741211,96.6999969482422,93.80999755859376,95.0,7406100
2025-01-29,93.6044921875,95.58999633789062,95.93000030517578,94.08000183105467,94.4000015258789,5593500
2025-01-30,94.93624877929688,96.9499969482422,96.97000122070312,95.44000244140624,96.55999755859376,5020500
2025-01-31,95.1810531616211,97.1999969482422,98.37000274658205,96.43000030517578,96.7300033569336,9419400
2025-02-03,96.33654022216795,98.37999725341795,99.4499969482422,96.73999786376952,97.02999877929688,10515600
2025-02-04,95.95465087890624,97.98999786376952,98.47000122070312,97.0500030517578,98.37999725341795,6156200
2025-02-05,97.58016204833984,99.6500015258789,100.51000213623048,98.01000213623048,98.4800033569336,7738300
2025-02-06,96.00360107421876,98.04000091552734,99.58999633789062,97.8499984741211,99.54000091552734,4518000
2025-02-07,94.04515838623048,96.04000091552734,98.33000183105467,95.9000015258789,97.76000213623048,7182200
2025-02-10,93.4967803955078,95.4800033569336,96.16999816894533,94.55999755859376,96.04000091552734,9628200
2025-02-11,94.14307403564452,96.13999938964844,96.27999877929688,95.02999877929688,95.33000183105467,6260000
2025-02-12,101.16413879394533,103.30999755859376,104.70999908447266,100.83000183105467,101.73999786376952,16210300
2025-02-13,103.75909423828124,105.95999908447266,106.43000030517578,103.81999969482422,104.83999633789062,8715000
2025-02-14,101.91815948486328,104.08000183105467,106.69000244140624,103.91999816894533,105.8000030517578,6400400
2025-02-18,103.0638427734375,105.25,106.58000183105467,104.0,104.25,9434600
2025-02-19,105.41400146484376,107.6500015258789,107.80999755859376,105.1999969482422,105.2300033569336,6384100
2025-02-20,107.74456024169922,110.02999877929688,110.11000061035156,107.43000030517578,107.77999877929688,7684500
2025-02-21,107.66622161865234,109.9499969482422,111.02999877929688,109.7699966430664,110.7300033569336,9732800
2025-02-24,108.72378540039062,111.02999877929688,111.98999786376952,109.4499969482422,109.56999969482422,10495100
2025-02-25,109.2134017944336,111.52999877929688,112.11000061035156,110.0999984741211,111.0999984741211,8072000
2025-02-26,108.1656265258789,110.45999908447266,111.06999969482422,108.4000015258789,110.70999908447266,5911200
2025-02-27,109.66384887695312,111.98999786376952,112.56999969482422,110.0500030517578,110.33000183105467,6301000
2025-02-28,111.93566131591795,114.30999755859376,114.7699966430664,111.80999755859376,112.1500015258789,12604000
2025-03-03,113.5807647705078,115.98999786376952,117.16000366210938,114.68000030517578,114.88999938964844,10017300
2025-03-04,112.35672760009766,114.73999786376952,117.38999938964844,113.58000183105467,117.25,11982700
2025-03-05,113.0421905517578,115.44000244140624,117.20999908447266,114.5,114.73999786376952,16088200
2025-03-06,113.62973022460938,116.04000091552734,116.30999755859376,114.61000061035156,115.45999908447266,7712200
2025-03-07,114.97127532958984,117.41000366210938,118.41999816894533,114.79000091552734,115.6500015258789,14406000
2025-03-10,114.77542877197266,117.20999908447266,119.95999908447266,116.77999877929688,117.0,11194400
2025-03-11,112.05316925048828,114.43000030517578,116.9800033569336,113.91999816894533,116.6500015258789,11478800
2025-03-12,111.622314453125,113.98999786376952,114.87000274658205,112.81999969482422,113.1500015258789,8065900
2025-03-13,110.99559783935548,113.3499984741211,115.47000122070312,112.6999969482422,113.79000091552734,6939100
2025-03-14,109.89117431640624,111.44000244140624,113.36000061035156,110.9000015258789,112.88999938964844,8647900
2025-03-17,110.69977569580078,112.26000213623048,112.55999755859376,109.45999908447266,110.52999877929688,9259000
2025-03-18,108.69799041748048,110.2300033569336,112.1999969482422,109.83999633789062,112.19000244140624,10250400
2025-03-19,106.01579284667967,107.51000213623048,109.72000122070312,105.8000030517578,109.69000244140624,11967600
2025-03-20,104.39859008789062,105.87000274658205,106.83000183105467,104.6999969482422,106.83000183105467,11281700
2025-03-21,105.59176635742188,107.08000183105467,107.41999816894533,104.91999816894533,105.16000366210938,26497500
2025-03-24,105.2564926147461,106.73999786376952,107.38999938964844,106.0999984741211,107.01000213623048,8563200
2025-03-25,106.39051055908205,107.88999938964844,107.9499969482422,106.3000030517578,106.73999786376952,8444700
2025-03-26,107.75132751464844,109.2699966430664,110.45999908447266,107.9000015258789,107.98999786376952,7391400
2025-03-27,109.61506652832033,111.16000366210938,111.80999755859376,109.73999786376952,110.0,6382900
2025-03-28,110.2363052368164,111.79000091552734,112.37999725341795,109.6500015258789,111.1500015258789,7844800
2025-03-31,110.4926986694336,112.0500030517578,112.45999908447266,109.5999984741211,109.66999816894533,8828600
2025-04-01,109.73339080810548,111.27999877929688,112.86000061035156,110.70999908447266,112.0,6284400
2025-04-02,110.3349151611328,111.88999938964844,112.0199966430664,110.47000122070312,111.12999725341795,7444300
2025-04-03,110.82796478271484,112.38999938964844,114.75,112.27999877929688,113.0199966430664,10045200
2025-04-04,105.7593994140625,107.25,112.87000274658205,107.12000274658205,110.51000213623048,12920000
2025-04-07,104.0534439086914,105.5199966430664,109.0,103.31999969482422,104.75,14202800
2025-04-08,101.7558364868164,103.19000244140624,107.47000122070312,101.8000030517578,105.4000015258789,11293700
2025-04-09,103.78720092773438,105.25,107.45999908447266,97.31999969482422,97.97000122070312,19225200
2025-04-10,99.99070739746094,101.4000015258789,105.0,99.25,104.81999969482422,14193700
2025-04-11,102.1897201538086,103.62999725341795,104.79000091552734,100.76000213623048,102.18000030517578,8683700
2025-04-14,105.01982879638672,106.5,107.18000030517578,103.9800033569336,103.9800033569336,6335100
2025-04-15,104.2112274169922,105.68000030517578,106.5,104.87000274658205,106.4000015258789,7577300
2025-04-16,103.4223403930664,104.87999725341795,106.4000015258789,104.3499984741211,105.93000030517578,7115800
2025-04-17,103.08707427978516,104.54000091552734,105.75,103.5199966430664,104.73999786376952,8066400
2025-04-21,102.87998962402344,104.33000183105467,105.2300033569336,103.08999633789062,104.0999984741211,6721000
2025-04-22,104.04358673095705,105.51000213623048,106.44000244140624,104.77999877929688,104.9000015258789,7540700
2025-04-23,104.9014892578125,106.37999725341795,106.63999938964844,99.31999969482422,105.9499969482422,8178700
2025-04-24,104.67469787597656,106.1500015258789,107.55999755859376,105.73999786376952,106.11000061035156,10133200
2025-04-25,101.7361068725586,103.16999816894533,104.1999969482422,93.37000274658205,102.68000030517578,14208000
2025-04-28,104.86204528808594,106.33999633789062,106.54000091552734,103.13999938964844,103.86000061035156,9458900
2025-04-29,102.76165771484376,104.20999908447266,107.16999816894533,104.11000061035156,105.68000030517578,7646100
2025-04-30,105.05927276611328,106.54000091552734,106.80999755859376,103.8000030517578,105.33000183105467,9628500
2025-05-01,101.81500244140624,103.25,105.86000061035156,103.16000366210938,105.51000213623048,7270900
2025-05-02,102.23902130126952,103.68000030517578,105.16999816894533,102.4800033569336,104.87000274658205,7033800
2025-05-05,101.38111114501952,102.80999755859376,103.8499984741211,102.45999908447266,103.72000122070312,5487300
2025-05-06,96.5196304321289,97.87999725341795,102.7300033569336,97.33000183105467,102.33000183105467,11409400
2025-05-07,97.52545928955078,98.9000015258789,99.6999969482422,97.33000183105467,97.87000274658205,8119000
2025-05-08,96.79573822021484,98.16000366210938,98.44000244140624,95.3000030517578,97.25,12994700
2025-05-09,95.56311798095705,96.91000366210938,98.6500015258789,96.1999969482422,98.06999969482422,13141000
2025-05-12,102.3770751953125,103.81999969482422,104.66000366210938,96.19000244140624,96.79000091552734,12935600
2025-05-13,100.02029418945312,101.43000030517578,102.83000183105467,100.7300033569336,102.55999755859376,8443000
2025-05-14,97.01268005371094,98.37999725341795,101.7300033569336,98.08000183105467,100.93000030517578,10047100
2025-05-15,98.94544219970705,100.33999633789062,100.62000274658205,97.86000061035156,99.52999877929688,9678900
2025-05-16,101.07542419433594,102.5,102.5500030517578,100.2300033569336,100.61000061035156,6398400
2025-05-19,104.68456268310548,106.16000366210938,106.25,102.83999633789062,103.0,8561400
2025-05-20,107.5935516357422,109.11000061035156,109.26000213623048,105.76000213623048,105.76000213623048,10712100
2025-05-21,106.2228775024414,107.72000122070312,108.7699966430664,107.38999938964844,108.11000061035156,7968900
2025-05-22,105.2564926147461,106.73999786376952,107.9499969482422,106.12999725341795,107.25,7069400
2025-05-23,105.87773895263672,107.37000274658205,107.83999633789062,105.58000183105467,105.8499984741211,6037100
2025-05-27,107.5738296508789,109.08999633789062,109.5500030517578,108.04000091552734,108.3000030517578,7929700
2025-05-28,106.93286895751952,108.44000244140624,109.4499969482422,107.2300033569336,109.12000274658205,4598300
2025-05-29,109.56575775146484,111.11000061035156,111.23999786376952,108.12000274658205,108.58999633789062,5596800
2025-05-30,108.5500717163086,110.08000183105467,111.62000274658205,109.58000183105467,111.62000274658205,11913200
2025-06-02,107.39633178710938,108.91000366210938,110.41000366210938,105.69000244140624,109.23999786376952,9987000
2025-06-03,107.81049346923828,109.33000183105467,109.7699966430664,107.6500015258789,108.4000015258789,9884000
2025-06-04,107.50480651855467,109.0199966430664,111.29000091552734,108.88999938964844,109.5199966430664,7963200
2025-06-05,108.92478942871094,110.45999908447266,112.52999877929688,108.30999755859376,108.97000122070312,10819400
2025-06-06,110.8969955444336,112.45999908447266,112.76000213623048,110.7699966430664,111.69000244140624,5263500
2025-06-09,111.4294891357422,113.0,113.5199966430664,111.7699966430664,112.5999984741211,6153000
2025-06-10,108.55992889404295,110.08999633789062,112.23999786376952,109.76000213623048,109.88999938964844,8870800
2025-06-11,107.78091430664062,109.3000030517578,111.04000091552734,109.0199966430664,109.81999969482422,6413600
2025-06-12,110.4926986694336,112.0500030517578,112.08999633789062,108.9000015258789,110.58999633789062,7026000
2025-06-13,109.22151947021484,109.9800033569336,111.37000274658205,109.4800033569336,110.51000213623048,8150100
2025-06-16,110.06565856933594,110.83000183105467,111.47000122070312,108.8000030517578,110.16999816894533,4740600
2025-06-17,107.2551727294922,108.0,110.69000244140624,107.73999786376952,110.29000091552734,7460400
2025-06-18,107.2551727294922,108.0,111.77999877929688,107.19000244140624,108.61000061035156,12894800
2025-06-20,107.75172424316406,108.5,110.16000366210938,107.3000030517578,108.8499984741211,23268100
2025-06-23,105.45765686035156,106.19000244140624,109.44000244140624,105.3499984741211,108.81999969482422,8173400
2025-06-24,106.46068572998048,107.1999969482422,107.5999984741211,106.0,106.33000183105467,7916700
2025-06-25,105.19944763183594,105.93000030517578,106.91999816894533,104.45999908447266,106.83999633789062,6053400
2025-06-26,106.87779235839844,107.62000274658205,107.86000061035156,105.79000091552734,106.19000244140624,6311700
2025-06-27,109.90675354003906,110.66999816894533,112.0,106.83999633789062,108.26000213623048,19545200
2025-06-30,110.10538482666016,110.87000274658205,111.44000244140624,109.87999725341795,110.61000061035156,6602300
2025-07-01,110.9594497680664,111.7300033569336,112.56999969482422,110.8000030517578,111.5,7677200
2025-07-02,110.740966796875,111.51000213623048,112.83000183105467,111.08999633789062,111.79000091552734,5991100
2025-07-03,110.97930908203124,111.75,112.08000183105467,110.61000061035156,111.5500030517578,4039800
2025-07-07,111.00910186767578,111.77999877929688,112.58000183105467,110.75,112.0,6956400
2025-07-08,110.2940673828125,111.05999755859376,113.1500015258789,110.88999938964844,111.76000213623048,4682400
2025-07-09,112.4590301513672,113.23999786376952,113.66999816894533,111.83000183105467,112.43000030517578,5234900
2025-07-10,113.75006866455078,114.54000091552734,114.87000274658205,112.83000183105467,113.06999969482422,6096900
2025-07-11,108.88385772705078,109.63999938964844,113.80999755859376,109.4499969482422,113.54000091552734,6116200
2025-07-14,111.31696319580078,112.08999633789062,112.19000244140624,109.66000366210938,109.66999816894533,6380600
2025-07-15,108.307861328125,109.05999755859376,111.48999786376952,108.7300033569336,110.94000244140624,4938400
2025-07-16,109.09241485595705,109.8499984741211,110.72000122070312,108.56999969482422,108.58000183105467,3958600
2025-07-17,108.0496597290039,108.8000030517578,110.1500015258789,108.16000366210938,109.20999908447266,4276000
2025-07-18,107.4736557006836,108.22000122070312,110.9000015258789,108.04000091552734,109.8499984741211,6627900
2025-07-21,107.53324127197266,108.27999877929688,109.37999725341795,107.75,108.37999725341795,3573800
2025-07-22,109.4102020263672,110.16999816894533,110.97000122070312,108.05999755859376,108.4000015258789,4487900
2025-07-23,112.77682495117188,113.55999755859376,113.88999938964844,110.37999725341795,110.62000274658205,5228500
2025-07-24,112.41930389404295,113.1999969482422,113.6999969482422,112.51000213623048,113.58000183105467,4103700
2025-07-25,115.39862060546876,116.1999969482422,117.5999984741211,114.12999725341795,114.55999755859376,7680800
2025-07-28,112.25048065185548,113.02999877929688,114.75,112.68000030517578,113.38999938964844,5370500
2025-07-29,113.44220733642578,114.2300033569336,114.41000366210938,112.3000030517578,112.9499969482422,6278900
2025-07-30,113.9685516357422,114.76000213623048,115.75,113.52999877929688,114.2699966430664,5826900
2025-07-31,111.51558685302734,112.29000091552734,115.54000091552734,111.8000030517578,113.86000061035156,7883500
2025-08-01,112.39944458007812,113.18000030517578,113.80999755859376,111.8499984741211,112.26000213623048,5016300
2025-08-04,113.72027587890624,114.51000213623048,114.56999969482422,113.2300033569336,113.4499969482422,5634200
2025-08-05,111.68441009521484,112.45999908447266,114.5,112.30999755859376,113.98999786376952,6132100
2025-08-06,109.51944732666016,110.27999877929688,112.25,110.19000244140624,111.97000122070312,7446500
2025-08-07,109.51944732666016,110.27999877929688,110.66999816894533,108.54000091552734,110.58000183105467,9190300
2025-08-08,118.58648681640624,119.41000366210938,121.37999725341795,114.8000030517578,115.22000122070312,13115300
2025-08-11,119.63917541503906,120.47000122070312,120.61000061035156,118.16999816894533,119.2300033569336,7953000
2025-08-12,119.19226837158205,120.0199966430664,121.83000183105467,119.26000213623048,120.55999755859376,6084100
2025-08-13,119.31144714355467,120.13999938964844,121.12000274658205,119.5,120.5500030517578,4928200
2025-08-14,118.19916534423828,119.0199966430664,120.5,118.12000274658205,119.8000030517578,5461300
2025-08-15,117.55365753173828,118.37000274658205,119.0199966430664,117.66999816894533,118.5500030517578,8859800
2025-08-18,117.17626953125,117.98999786376952,119.37000274658205,117.8499984741211,118.30999755859376,4476400
2025-08-19,117.16635131835938,117.9800033569336,119.52999877929688,117.06999969482422,118.22000122070312,6484500
2025-08-20,117.9111785888672,118.7300033569336,120.88999938964844,118.45999908447266,118.56999969482422,5639500
2025-08-21,115.33903503417967,116.13999938964844,117.94000244140624,114.55999755859376,115.5,6063200
2025-08-22,113.97847747802734,114.7699966430664,118.12999725341795,114.5199966430664,116.9000015258789,5503400
2025-08-25,113.36276245117188,114.1500015258789,115.5,113.80999755859376,114.91000366210938,3812200
2025-08-26,113.9586181640625,114.75,115.23999786376952,113.88999938964844,114.3499984741211,5932800
2025-08-27,113.13434600830078,113.91999816894533,115.22000122070312,113.76000213623048,114.0199966430664,4663300
2025-08-28,111.78372192382812,112.55999755859376,113.8499984741211,112.31999969482422,113.62999725341795,4148700
2025-08-29,112.1908950805664,112.97000122070312,113.23999786376952,112.1500015258789,112.76000213623048,4630500
2025-09-02,111.93268585205078,112.70999908447266,113.3000030517578,111.27999877929688,112.9000015258789,4409700
2025-09-03,112.21075439453124,112.98999786376952,113.4000015258789,112.1500015258789,112.62999725341795,4546500
2025-09-04,111.99227142333984,112.7699966430664,113.83000183105467,112.27999877929688,113.1500015258789,4024700
2025-09-05,114.25655364990234,115.0500030517578,115.80999755859376,112.25,112.41000366210938,6953900
2025-09-08,115.08082580566406,115.87999725341795,116.18000030517578,113.81999969482422,114.68000030517578,16945000
2025-09-09,114.96165466308594,115.76000213623048,116.25,113.87000274658205,115.87999725341795,6217200
2025-09-10,114.45516967773438,115.25,115.8499984741211,114.5,115.54000091552734,7839700
2025-09-11,117.04717254638672,117.86000061035156,118.11000061035156,115.22000122070312,115.4000015258789,5457000
2025-09-12,113.76000213623048,114.5500030517578,117.62999725341795,114.18000030517578,117.48999786376952,6468100
2025-09-15,112.54000091552734,112.54000091552734,113.66999816894533,111.33000183105467,113.66999816894533,6168900
2025-09-16,110.86000061035156,110.86000061035156,114.12999725341795,110.1500015258789,113.22000122070312,5458800
2025-09-17,112.26000213623048,112.26000213623048,112.45999908447266,111.20999908447266,111.37000274658205,6539600
2025-09-18,113.62000274658205,113.62000274658205,113.75,111.26000213623048,111.4000015258789,7115600
2025-09-19,114.08999633789062,114.08999633789062,115.06999969482422,113.08999633789062,114.30999755859376,12580500
2025-09-22,112.48999786376952,112.48999786376952,114.0500030517578,112.1500015258789,113.4499969482422,7261300
2025-09-23,114.4000015258789,114.4000015258789,115.56999969482422,111.75,111.87999725341795,7281500
2025-09-24,113.66999816894533,113.66999816894533,114.56999969482422,111.95999908447266,114.3000030517578,5222500
2025-09-25,110.98999786376952,110.98999786376952,115.25,110.80999755859376,114.5199966430664,8355800
2025-09-26,112.0999984741211,112.0999984741211,112.23999786376952,110.6999969482422,111.3499984741211,5074200
2025-09-29,112.62000274658205,112.62000274658205,112.6999969482422,110.81999969482422,112.5500030517578,7122200
2025-09-30,111.0,111.0,114.86000061035156,110.91999816894533,113.02999877929688,10301700
2025-10-01,111.1500015258789,111.1500015258789,113.06999969482422,110.1999969482422,112.0,13649700
2025-10-02,110.55999755859376,110.55999755859376,111.6999969482422,108.45999908447266,110.1999969482422,10134700
2025-10-03,112.69000244140624,112.69000244140624,113.58999633789062,109.66000366210938,110.73999786376952,8088700
2025-10-06,113.58000183105467,113.58000183105467,117.0,112.41000366210938,115.66999816894533,9090700
2025-10-07,116.77999877929688,116.77999877929688,116.91000366210938,112.81999969482422,113.5999984741211,8712600
2025-10-08,118.25,118.25,118.3499984741211,115.76000213623048,117.11000061035156,6532200
2025-10-09,116.73999786376952,116.73999786376952,118.86000061035156,116.51000213623048,118.75,5018800
