Date,Adj Close,Close,High,Low,Open,Volume
2010-10-11,18.680070877075195,24.59000015258789,24.739999771118164,24.5,24.739999771118164,27587800
2010-10-12,18.86239051818848,24.82999992370605,24.93000030517578,24.43000030517578,24.64999961853028,50141500
2010-10-13,19.249814987182617,25.34000015258789,25.540000915527344,24.88999938964844,25.020000457763672,75336500
2010-10-14,19.166259765625,25.229999542236328,25.34000015258789,25.0,25.290000915527344,51949100
2010-10-15,19.40175437927246,25.540000915527344,25.549999237060547,25.229999542236328,25.36000061035156,68954800
2010-10-18,19.61445999145508,25.81999969482422,25.950000762939453,25.450000762939453,25.59000015258789,48330500
2010-10-19,19.0674991607666,25.100000381469727,25.3700008392334,24.950000762939453,25.270000457763672,66150900
2010-10-20,19.22702980041504,25.309999465942383,25.39999961853028,25.100000381469727,25.26000022888184,56283600
2010-10-21,19.31059455871582,25.420000076293945,25.540000915527344,25.049999237060547,25.39999961853028,50032400
2010-10-22,19.28020477294922,25.3799991607666,25.540000915527344,25.270000457763672,25.520000457763672,25837900
2010-10-25,19.135873794555664,25.190000534057617,25.350000381469727,25.170000076293945,25.239999771118164,50912400
2010-10-26,19.675228118896484,25.89999961853028,25.96999931335449,25.059999465942383,25.1200008392334,69304200
2010-10-27,19.789175033569336,26.049999237060547,26.11000061035156,25.6200008392334,25.790000915527344,64805500
2010-10-28,19.963897705078125,26.280000686645508,26.3799991607666,25.920000076293945,26.209999084472656,80730300
2010-10-29,20.260162353515625,26.670000076293945,27.200000762939453,26.479999542236328,27.14999961853028,114193200
2010-11-01,20.47287368774414,26.950000762939453,27.21999931335449,26.700000762939453,26.8799991607666,61912100
2010-11-02,20.8071231842041,27.38999938964844,27.420000076293945,27.020000457763672,27.059999465942383,54402100
2010-11-03,20.53363990783692,27.030000686645508,27.489999771118164,26.959999084472656,27.459999084472656,110255300
2010-11-04,20.617206573486328,27.13999938964844,27.43000030517578,27.01000022888184,27.40999984741211,93599300
2010-11-05,20.39690399169922,26.850000381469727,27.190000534057617,26.530000686645508,27.170000076293945,110953700
2010-11-08,20.36652183532715,26.809999465942383,28.8700008392334,26.57999992370605,26.68000030517578,71670800
2010-11-09,20.47287368774414,26.950000762939453,27.11000061035156,26.709999084472656,26.809999465942383,58538600
2010-11-10,20.46527671813965,26.940000534057617,27.07999992370605,26.809999465942383,27.01000022888184,52277300
2010-11-11,20.267765045166016,26.68000030517578,26.71999931335449,26.280000686645508,26.68000030517578,62073100
2010-11-12,19.956298828125,26.270000457763672,26.520000457763672,26.100000381469727,26.46999931335449,64962200
2010-11-15,19.903135299682617,26.200000762939453,26.5,26.170000076293945,26.32999992370605,51794600
2010-11-16,19.727331161499023,25.809999465942383,26.040000915527344,25.64999961853028,26.040000915527344,65339200
2010-11-17,19.543886184692383,25.56999969482422,25.90999984741211,25.549999237060547,25.89999961853028,58299700
2010-11-18,19.75025749206543,25.84000015258789,26.07999992370605,25.61000061035156,25.709999084472656,59514000
2010-11-19,19.635602951049805,25.690000534057617,25.82999992370605,25.600000381469727,25.799999237060547,52423200
2010-11-22,19.66618728637696,25.729999542236328,25.739999771118164,25.440000534057617,25.64999961853028,53350500
2010-11-23,19.199949264526367,25.1200008392334,25.600000381469727,25.09000015258789,25.56999969482422,69742500
2010-11-24,19.39102554321289,25.3700008392334,25.459999084472656,25.15999984741211,25.200000762939453,56825900
2010-11-26,19.29930305480957,25.25,25.40999984741211,25.170000076293945,25.209999084472656,21356500
2010-11-29,19.34516906738281,25.309999465942383,25.420000076293945,24.93000030517578,25.190000534057617,56603600
2010-11-30,19.30694961547852,25.26000022888184,25.46999931335449,25.0,25.049999237060547,75282100
2010-12-01,19.903133392333984,26.040000915527344,26.25,25.559999465942383,25.56999969482422,74123500
2010-12-02,20.55280113220215,26.88999938964844,26.979999542236328,26.200000762939453,26.239999771118164,91759200
2010-12-03,20.65217018127441,27.020000457763672,27.059999465942383,26.780000686645508,26.809999465942383,52622000
2010-12-06,20.514589309692383,26.84000015258789,26.979999542236328,26.76000022888184,26.93000030517578,36264200
2010-12-07,20.53751945495605,26.8700008392334,27.1299991607666,26.850000381469727,27.07999992370605,57860500
2010-12-08,20.81267547607422,27.229999542236328,27.239999771118164,26.799999237060547,26.82999992370605,41666800
2010-12-09,20.698028564453125,27.07999992370605,27.34000015258789,27.01000022888184,27.280000686645508,47148300
2010-12-10,20.896753311157227,27.34000015258789,27.39999961853028,27.11000061035156,27.190000534057617,37625800
2010-12-13,20.827957153320312,27.25,27.450000762939453,27.170000076293945,27.270000457763672,47943900
2010-12-14,21.11076545715332,27.6200008392334,27.75,27.26000022888184,27.309999465942383,64070500
2010-12-15,21.28656578063965,27.850000381469727,27.989999771118164,27.530000686645508,27.530000686645508,69634200
2010-12-16,21.393564224243164,27.989999771118164,27.989999771118164,27.65999984741211,27.76000022888184,57680200
2010-12-17,21.32478141784668,27.89999961853028,28.09000015258789,27.75,27.920000076293945,87456500
2010-12-20,21.25598907470703,27.809999465942383,27.989999771118164,27.68000030517578,27.950000762939453,52811000
2010-12-21,21.454713821411133,28.06999969482422,28.13999938964844,27.76000022888184,27.850000381469727,38153000
2010-12-22,21.546430587768555,28.190000534057617,28.39999961853028,27.979999542236328,28.01000022888184,42252300
2010-12-23,21.630517959594727,28.299999237060547,28.31999969482422,27.959999084472656,27.96999931335449,24902500
2010-12-27,21.454713821411133,28.06999969482422,28.200000762939453,27.8799991607666,28.1200008392334,21652800
2010-12-28,21.408855438232425,28.01000022888184,28.170000076293945,27.959999084472656,27.96999931335449,23042200
2010-12-29,21.37828063964844,27.96999931335449,28.1200008392334,27.8799991607666,27.940000534057617,19502500
2010-12-30,21.28656578063965,27.850000381469727,28.0,27.780000686645508,27.920000076293945,20786100
2010-12-31,21.332420349121094,27.90999984741211,27.920000076293945,27.6299991607666,27.799999237060547,24752000
2011-01-03,21.38592338562012,27.979999542236328,28.18000030517578,27.920000076293945,28.049999237060547,53443800
2011-01-04,21.46999931335449,28.09000015258789,28.170000076293945,27.850000381469727,27.940000534057617,54405600
2011-01-05,21.40121078491211,28.0,28.01000022888184,27.770000457763672,27.89999961853028,58998700
2011-01-06,22.027965545654297,28.81999969482422,28.850000381469727,27.86000061035156,28.040000915527344,88026300
2011-01-07,21.85980224609375,28.600000381469727,28.739999771118164,28.25,28.63999938964844,73762000
2011-01-10,21.56936264038086,28.21999931335449,28.39999961853028,28.040000915527344,28.26000022888184,57573600
2011-01-11,21.485286712646484,28.11000061035156,28.25,28.049999237060547,28.200000762939453,50298900
2011-01-12,21.82158470153809,28.549999237060547,28.59000015258789,28.06999969482422,28.1200008392334,52631100
2011-01-13,21.546430587768555,28.190000534057617,28.38999938964844,28.01000022888184,28.32999992370605,67077600
2011-01-14,21.630517959594727,28.299999237060547,28.3799991607666,27.90999984741211,28.07999992370605,62688400
2011-01-18,21.90567398071289,28.65999984741211,28.739999771118164,28.13999938964844,28.15999984741211,53322700
2011-01-19,21.76044273376465,28.46999931335449,28.68000030517578,28.270000457763672,28.459999084472656,50005900
2011-01-20,21.668725967407227,28.350000381469727,28.549999237060547,28.1299991607666,28.5,58613600
2011-01-21,21.41650009155273,28.020000457763672,28.43000030517578,28.020000457763672,28.39999961853028,58080300
2011-01-24,21.6916618347168,28.3799991607666,28.559999465942383,27.989999771118164,28.020000457763672,52047800
2011-01-25,21.74516487121582,28.450000762939453,28.450000762939453,28.1200008392334,28.13999938964844,42436600
2011-01-26,21.99738311767578,28.780000686645508,28.989999771118164,28.5,28.51000022888184,74628800
2011-01-27,22.066181182861328,28.8700008392334,29.459999084472656,28.489999771118164,28.75,146938600
2011-01-28,21.21012687683105,27.75,28.93000030517578,27.450000762939453,28.89999961853028,141249400
2011-01-31,21.19484519958496,27.729999542236328,27.89999961853028,27.420000076293945,27.770000457763672,65029000
2011-02-01,21.393564224243164,27.989999771118164,28.059999465942383,27.61000061035156,27.799999237060547,62810700
2011-02-02,21.355348587036133,27.940000534057617,28.11000061035156,27.8799991607666,27.93000030517578,45824000
2011-02-03,21.13370132446289,27.64999961853028,27.96999931335449,27.540000915527344,27.96999931335449,60340100
2011-02-04,21.22540855407715,27.770000457763672,27.84000015258789,27.51000022888184,27.700000762939453,40412200
2011-02-07,21.554075241088867,28.200000762939453,28.34000015258789,27.790000915527344,27.799999237060547,68980900
2011-02-08,21.61522674560547,28.280000686645508,28.34000015258789,28.049999237060547,28.100000381469727,34904200
2011-02-09,21.37828063964844,27.96999931335449,28.26000022888184,27.90999984741211,28.190000534057617,52905100
2011-02-10,21.01905059814453,27.5,27.940000534057617,27.290000915527344,27.93000030517578,76672400
2011-02-11,20.827957153320312,27.25,27.809999465942383,27.06999969482422,27.76000022888184,83939700
2011-02-14,20.81267547607422,27.229999542236328,27.270000457763672,26.950000762939453,27.209999084472656,56766200
2011-02-15,20.72810745239257,26.959999084472656,27.32999992370605,26.950000762939453,27.040000915527344,44116500
2011-02-16,20.77423667907715,27.020000457763672,27.06999969482422,26.600000381469727,27.049999237060547,70817900
2011-02-17,20.920324325561523,27.209999084472656,27.3700008392334,26.90999984741211,26.96999931335449,57207300
2011-02-18,20.80498504638672,27.059999465942383,27.209999084472656,26.989999771118164,27.1299991607666,68667800
2011-02-22,20.44363212585449,26.59000015258789,27.100000381469727,26.520000457763672,26.780000686645508,60889000
2011-02-23,20.44363212585449,26.59000015258789,26.86000061035156,26.43000030517578,26.530000686645508,60234100
2011-02-24,20.58202171325684,26.770000457763672,27.059999465942383,26.5,26.63999938964844,64494200
2011-02-25,20.412872314453125,26.549999237060547,26.950000762939453,26.5,26.90999984741211,53006300
2011-02-28,20.43593978881836,26.57999992370605,26.86000061035156,26.51000022888184,26.690000534057617,51379900
2011-03-01,20.11302757263184,26.15999984741211,26.780000686645508,26.14999961853028,26.600000381469727,60055000
2011-03-02,20.051517486572266,26.07999992370605,26.3700008392334,26.040000915527344,26.11000061035156,48658200
2011-03-03,20.143787384033203,26.200000762939453,26.39999961853028,26.18000030517578,26.26000022888184,68271500
2011-03-04,19.951568603515625,25.950000762939453,26.239999771118164,25.799999237060547,26.21999931335449,70437200
2011-03-07,19.77473831176757,25.71999931335449,26.270000457763672,25.549999237060547,26.1299991607666,64980400
2011-03-08,19.92081069946289,25.90999984741211,26.020000457763672,25.64999961853028,25.770000457763672,50549800
2011-03-09,19.90544509887696,25.88999938964844,25.979999542236328,25.65999984741211,25.809999465942383,39789100
2011-03-10,19.53639030456543,25.40999984741211,25.709999084472656,25.350000381469727,25.6200008392334,66549500
2011-03-11,19.743986129760746,25.68000030517578,25.850000381469727,25.36000061035156,25.40999984741211,49905800
2011-03-14,19.75165748596192,25.690000534057617,25.76000022888184,25.350000381469727,25.489999771118164,54473400
2011-03-15,19.5210189819336,25.38999938964844,25.46999931335449,25.0,25.07999992370605,76067300
2011-03-16,19.05970764160156,24.790000915527344,25.280000686645508,24.68000030517578,25.21999931335449,100725400
2011-03-17,19.0520248413086,24.780000686645508,25.21999931335449,24.75,25.059999465942383,62497000
2011-03-18,19.0673942565918,24.799999237060547,25.18000030517578,24.799999237060547,25.059999465942383,85486700
2011-03-21,19.474891662597656,25.32999992370605,25.57999992370605,25.14999961853028,25.18000030517578,46878100
2011-03-22,19.451810836791992,25.299999237060547,25.459999084472656,25.229999542236328,25.299999237060547,30895600
2011-03-23,19.636348724365234,25.540000915527344,25.61000061035156,25.18000030517578,25.229999542236328,43969000
2011-03-24,19.84393310546875,25.809999465942383,25.8700008392334,25.5,25.600000381469727,38696700
2011-03-25,19.69785690307617,25.6200008392334,25.950000762939453,25.59000015258789,25.93000030517578,57029800
2011-03-28,19.53639030456543,25.40999984741211,25.71999931335449,25.3799991607666,25.65999984741211,48973200
2011-03-29,19.59790229797364,25.489999771118164,25.520000457763672,25.299999237060547,25.34000015258789,40763500
2011-03-30,19.690162658691406,25.61000061035156,25.71999931335449,25.5,25.600000381469727,41999300
2011-03-31,19.5210189819336,25.38999938964844,25.68000030517578,25.34000015258789,25.600000381469727,63233700
2011-04-01,19.590211868286133,25.479999542236328,25.530000686645508,25.309999465942383,25.530000686645508,63114200
2011-04-04,19.644025802612305,25.549999237060547,25.65999984741211,25.40999984741211,25.450000762939453,35433700
2011-04-05,19.82086753845215,25.780000686645508,26.18000030517578,25.739999771118164,25.81999969482422,73651100
2011-04-06,20.1053409576416,26.14999961853028,26.309999465942383,25.86000061035156,25.979999542236328,65581400
2011-04-07,20.143787384033203,26.200000762939453,26.26000022888184,25.96999931335449,26.190000534057617,46134700
2011-04-08,20.043840408325195,26.06999969482422,26.280000686645508,25.959999084472656,26.170000076293945,39887600
2011-04-11,19.97463035583496,25.979999542236328,26.25,25.799999237060547,26.190000534057617,34286300
2011-04-12,19.71323013305664,25.63999938964844,25.850000381469727,25.549999237060547,25.82999992370605,36920400
2011-04-13,19.705537796020508,25.6299991607666,25.8700008392334,25.559999465942383,25.64999961853028,38144700
2011-04-14,19.544086456298828,25.420000076293945,25.440000534057617,25.09000015258789,25.420000076293945,55239900
2011-04-15,19.505640029907227,25.3700008392334,25.559999465942383,25.18000030517578,25.459999084472656,65080400
2011-04-18,19.282676696777344,25.07999992370605,25.280000686645508,24.71999931335449,25.100000381469727,58045100
2011-04-19,19.33649253845215,25.14999961853028,25.170000076293945,24.8700008392334,25.0,38892400
2011-04-20,19.80548477172852,25.76000022888184,26.0,25.51000022888184,25.540000915527344,61608600
2011-04-21,19.620960235595703,25.520000457763672,25.88999938964844,25.36000061035156,25.790000915527344,46892300
2011-04-25,19.690162658691406,25.61000061035156,25.6200008392334,25.34000015258789,25.559999465942383,33525100
2011-04-26,20.136091232299805,26.190000534057617,26.440000534057617,25.670000076293945,25.739999771118164,69200000
2011-04-27,20.28217315673828,26.3799991607666,26.38999938964844,26.1299991607666,26.299999237060547,52689000
2011-04-28,20.535888671875,26.709999084472656,26.8700008392334,26.39999961853028,26.459999084472656,80200000
2011-04-29,19.92850685119629,25.920000076293945,26.63999938964844,25.36000061035156,26.549999237060547,319317900
2011-05-02,19.72860145568848,25.65999984741211,26.0,25.479999542236328,25.940000534057617,89825600
2011-05-03,19.84393310546875,25.809999465942383,25.850000381469727,25.489999771118164,25.600000381469727,71892900
2011-05-04,20.0361442565918,26.059999465942383,26.25,25.790000915527344,25.850000381469727,73292300
2011-05-05,19.82855224609375,25.790000915527344,26.07999992370605,25.68000030517578,26.049999237060547,55600000
2011-05-06,19.89006423950196,25.8700008392334,26.21999931335449,25.75,26.06999969482422,55993000
2011-05-09,19.85931205749512,25.82999992370605,25.959999084472656,25.670000076293945,25.799999237060547,38696400
2011-05-10,19.73629379272461,25.670000076293945,25.850000381469727,25.25,25.3799991607666,120798700
2011-05-11,19.49795150756836,25.36000061035156,25.65999984741211,25.209999084472656,25.64999961853028,78600000
2011-05-12,19.467187881469727,25.31999969482422,25.38999938964844,25.100000381469727,25.350000381469727,77400000
2011-05-13,19.24423217773437,25.030000686645508,25.31999969482422,24.950000762939453,25.280000686645508,66812300
2011-05-16,18.890554428100582,24.56999969482422,25.06999969482422,24.5,24.959999084472656,91350900
2011-05-17,18.975690841674805,24.520000457763672,24.700000762939453,24.270000457763672,24.39999961853028,82882100
2011-05-18,19.10725212097168,24.690000534057617,24.739999771118164,24.25,24.530000686645508,53931100
2011-05-19,19.13046836853028,24.71999931335449,24.8799991607666,24.5,24.850000381469727,37783600
2011-05-20,18.952476501464844,24.489999771118164,24.8700008392334,24.440000534057617,24.71999931335449,45451500
2011-05-23,18.70482444763184,24.170000076293945,24.25,24.030000686645508,24.209999084472656,52692500
2011-05-24,18.689355850219727,24.14999961853028,24.290000915527344,24.040000915527344,24.200000762939453,47691800
2011-05-25,18.720304489135746,24.190000534057617,24.309999465942383,24.15999984741211,24.170000076293945,34904200
2011-05-26,19.091772079467773,24.670000076293945,25.030000686645508,24.31999969482422,24.350000381469727,78016600
2011-05-27,19.161422729492188,24.76000022888184,24.89999961853028,24.64999961853028,24.68000030517578,50251000
2011-05-31,19.35490226745605,25.01000022888184,25.059999465942383,24.700000762939453,24.959999084472656,60196300
2011-06-01,18.906042098999023,24.43000030517578,25.100000381469727,24.3700008392334,24.989999771118164,74033500
2011-06-02,18.743532180786133,24.21999931335449,24.64999961853028,24.18000030517578,24.489999771118164,51487800
2011-06-03,18.50361633300781,23.90999984741211,24.13999938964844,23.84000015258789,24.049999237060547,60697700
2011-06-06,18.58100891113281,24.01000022888184,24.25,23.770000457763672,23.88999938964844,54778700
2011-06-07,18.619701385498047,24.059999465942383,24.170000076293945,23.89999961853028,24.09000015258789,41112600
2011-06-08,18.526832580566406,23.940000534057617,24.020000457763672,23.86000061035156,23.89999961853028,42205000
2011-06-09,18.54231643676757,23.959999084472656,24.040000915527344,23.81999969482422,24.01000022888184,42878700
2011-06-10,18.34884262084961,23.709999084472656,24.020000457763672,23.690000534057617,24.020000457763672,49327200
2011-06-13,18.604225158691406,24.040000915527344,24.190000534057617,23.700000762939453,23.790000915527344,47572500
2011-06-14,18.743532180786133,24.21999931335449,24.450000762939453,24.190000534057617,24.299999237060547,42894500
2011-06-15,18.372051239013672,23.739999771118164,24.01000022888184,23.670000076293945,24.0,49410200
2011-06-16,18.57326889038086,24.0,24.100000381469727,23.64999961853028,23.75,57184100
2011-06-17,18.77448081970215,24.26000022888184,24.299999237060547,23.979999542236328,24.21999931335449,83320400
2011-06-20,18.93700218200684,24.46999931335449,24.65999984741211,24.15999984741211,24.170000076293945,54338400
2011-06-21,19.161422729492188,24.76000022888184,24.86000061035156,24.39999961853028,24.520000457763672,49708700
2011-06-22,19.076295852661133,24.64999961853028,24.809999465942383,24.59000015258789,24.600000381469727,44287300
2011-06-23,19.060821533203125,24.6299991607666,24.64999961853028,24.200000762939453,24.440000534057617,59470400
2011-06-24,18.805435180664062,24.299999237060547,24.540000915527344,24.190000534057617,24.51000022888184,101387200
2011-06-27,19.501928329467773,25.200000762939453,25.459999084472656,24.229999542236328,24.229999542236328,92044200
2011-06-28,19.96625709533692,25.799999237060547,25.920000076293945,25.15999984741211,25.299999237060547,81032100
2011-06-29,19.82697105407715,25.6200008392334,25.709999084472656,25.36000061035156,25.709999084472656,66051000
2011-06-30,20.12104034423828,26.0,26.0,25.65999984741211,25.739999771118164,52535400
2011-07-01,20.136518478393555,26.020000457763672,26.170000076293945,25.84000015258789,25.93000030517578,52906200
2011-07-05,20.14425468444824,26.030000686645508,26.14999961853028,25.89999961853028,26.100000381469727,37805300
2011-07-06,20.37642478942871,26.32999992370605,26.3700008392334,25.959999084472656,25.96999931335449,48744200
2011-07-07,20.71693229675293,26.770000457763672,26.8799991607666,26.36000061035156,26.489999771118164,51946500
2011-07-08,20.8330192565918,26.920000076293945,26.979999542236328,26.51000022888184,26.540000915527344,58320700
2011-07-11,20.60858726501465,26.6299991607666,26.799999237060547,26.489999771118164,26.6200008392334,43999800
2011-07-12,20.53894805908203,26.540000915527344,26.790000915527344,26.34000015258789,26.549999237060547,47319300
2011-07-13,20.60858726501465,26.6299991607666,26.959999084472656,26.51000022888184,26.600000381469727,40861800
2011-07-14,20.484766006469727,26.46999931335449,27.01000022888184,26.36000061035156,26.6200008392334,46382300
2011-07-15,20.72467041015625,26.780000686645508,26.93000030517578,26.46999931335449,26.46999931335449,49132400
2011-07-18,20.5776309967041,26.59000015258789,26.89999961853028,26.26000022888184,26.6299991607666,44501900
2011-07-19,21.31282424926757,27.540000915527344,27.63999938964844,26.780000686645508,26.809999465942383,86730600
2011-07-20,20.94135475158692,27.059999465942383,27.350000381469727,26.979999542236328,27.280000686645508,49795400
2011-07-21,20.972318649291992,27.100000381469727,27.309999465942383,26.64999961853028,27.040000915527344,81737400
2011-07-22,21.30509185791016,27.530000686645508,27.549999237060547,26.68000030517578,26.86000061035156,76380600
2011-07-25,21.599159240722656,27.90999984741211,28.09000015258789,27.190000534057617,27.26000022888184,108482400
2011-07-26,21.7307186126709,28.07999992370605,28.14999961853028,27.780000686645508,27.81999969482422,74636500
2011-07-27,21.150304794311523,27.32999992370605,27.989999771118164,27.200000762939453,27.8799991607666,71488700
2011-07-28,21.452125549316406,27.71999931335449,28.06999969482422,27.209999084472656,27.290000915527344,83761400
2011-07-29,21.204484939575195,27.39999961853028,27.709999084472656,27.26000022888184,27.520000457763672,104394800
2011-08-01,21.103878021240234,27.270000457763672,27.690000534057617,26.75,27.51000022888184,61838400
2011-08-02,20.740142822265625,26.799999237060547,27.450000762939453,26.76000022888184,26.979999542236328,63883100
2011-08-03,20.8330192565918,26.920000076293945,27.0,26.479999542236328,26.82999992370605,64581200
2011-08-04,20.074607849121094,25.940000534057617,26.8700008392334,25.93000030517578,26.530000686645508,92949500
2011-08-05,19.873401641845703,25.68000030517578,26.100000381469727,25.229999542236328,25.96999931335449,112071700
2011-08-08,18.94472885131836,24.479999542236328,25.600000381469727,24.38999938964844,25.020000457763672,134257200
2011-08-09,19.796009063720703,25.57999992370605,25.6200008392334,24.030000686645508,24.709999084472656,126268900
2011-08-10,18.728042602539062,24.200000762939453,25.09000015258789,24.100000381469727,24.950000762939453,127819900
2011-08-11,19.49419593811035,25.190000534057617,25.3799991607666,24.39999961853028,24.5,90690100
2011-08-12,19.424541473388672,25.100000381469727,25.34000015258789,24.64999961853028,25.1299991607666,64787100
2011-08-15,19.741840362548828,25.51000022888184,25.57999992370605,25.14999961853028,25.239999771118164,56529400
2011-08-16,19.741838455200195,25.350000381469727,25.59000015258789,25.049999237060547,25.21999931335449,54251500
2011-08-17,19.663957595825195,25.25,25.700000762939453,24.93000030517578,25.25,50923700
2011-08-18,19.21227264404297,24.670000076293945,25.09000015258789,24.030000686645508,24.56999969482422,105714200
2011-08-19,18.729433059692383,24.049999237060547,24.6200008392334,23.90999984741211,24.40999984741211,77397900
2011-08-22,18.674917221069336,23.979999542236328,24.489999771118164,23.790000915527344,24.420000076293945,54721000
2011-08-23,19.25121116638184,24.71999931335449,24.75,24.030000686645508,24.030000686645508,59670600
2011-08-24,19.39138603210449,24.89999961853028,24.93000030517578,24.420000076293945,24.64999961853028,45329700
2011-08-25,19.13439178466797,24.56999969482422,25.15999984741211,24.5,25.07999992370605,48192000
2011-08-26,19.663957595825195,25.25,25.34000015258789,24.420000076293945,24.51000022888184,71957000
2011-08-29,20.123443603515625,25.84000015258789,25.86000061035156,25.3700008392334,25.530000686645508,38863200
2011-08-30,20.42715644836425,26.229999542236328,26.43000030517578,25.700000762939453,25.729999542236328,57341400
2011-08-31,20.715301513671875,26.600000381469727,26.709999084472656,26.26000022888184,26.290000915527344,59300800
2011-09-01,20.411577224731445,26.209999084472656,26.86000061035156,26.209999084472656,26.459999084472656,60510800
2011-09-02,20.0922794342041,25.799999237060547,26.0,25.65999984741211,25.780000686645508,43894400
2011-09-06,19.866443634033203,25.51000022888184,25.59000015258789,25.11000061035156,25.200000762939453,54929300
2011-09-07,20.2480411529541,26.0,26.0,25.56999969482422,25.690000534057617,41961000
2011-09-08,20.419374465942383,26.21999931335449,26.65999984741211,25.950000762939453,26.0,65811900
2011-09-09,20.045551300048828,25.739999771118164,26.18000030517578,25.5,26.0,64529200
2011-09-12,20.162372589111328,25.88999938964844,25.93000030517578,25.270000457763672,25.440000534057617,55046100
2011-09-13,20.27919006347656,26.040000915527344,26.190000534057617,25.809999465942383,25.920000076293945,48792300
2011-09-14,20.63742446899414,26.5,26.799999237060547,25.88999938964844,26.170000076293945,66739200
2011-09-15,21.01902198791504,26.989999771118164,27.030000686645508,26.309999465942383,26.729999542236328,67808300
2011-09-16,21.12026596069336,27.1200008392334,27.270000457763672,26.82999992370605,27.049999237060547,89681500
2011-09-19,21.19035720825196,27.209999084472656,27.309999465942383,26.600000381469727,26.799999237060547,52324900
2011-09-20,21.011228561401367,26.979999542236328,27.5,26.93000030517578,27.309999465942383,49211900
2011-09-21,20.2402458190918,25.989999771118164,27.059999465942383,25.96999931335449,27.049999237060547,72750700
2011-09-22,19.515993118286133,25.059999465942383,25.64999961853028,24.600000381469727,25.299999237060547,96278300
2011-09-23,19.515993118286133,25.059999465942383,25.14999961853028,24.690000534057617,24.89999961853028,64768100
2011-09-26,19.81192207336425,25.440000534057617,25.520000457763672,24.729999542236328,25.190000534057617,51057600
2011-09-27,19.991039276123047,25.670000076293945,25.920000076293945,25.450000762939453,25.65999984741211,55620700
2011-09-28,19.92095947265625,25.57999992370605,26.3700008392334,25.51000022888184,25.93000030517578,60736200
2011-09-29,19.819719314575195,25.450000762939453,26.170000076293945,25.09000015258789,25.979999542236328,63407300
2011-09-30,19.383602142333984,24.88999938964844,25.5,24.8799991607666,25.200000762939453,54060500
2011-10-03,19.103240966796875,24.530000686645508,25.34000015258789,24.520000457763672,24.71999931335449,64592500
2011-10-04,19.73404693603516,25.34000015258789,25.38999938964844,24.26000022888184,24.299999237060547,83485400
2011-10-05,20.162372589111328,25.88999938964844,26.15999984741211,25.15999984741211,25.420000076293945,94061300
2011-10-06,20.512815475463867,26.34000015258789,26.39999961853028,25.700000762939453,25.89999961853028,55111400
2011-10-07,20.44272994995117,26.25,26.51000022888184,26.200000762939453,26.34000015258789,52741600
2011-10-10,20.98008155822754,26.940000534057617,26.96999931335449,26.46999931335449,26.57999992370605,41815300
2011-10-11,21.026817321777344,27.0,27.06999969482422,26.71999931335449,26.86000061035156,38826200
2011-10-12,20.99565696716309,26.959999084472656,27.309999465942383,26.89999961853028,27.18000030517578,52489800
2011-10-13,21.1669921875,27.18000030517578,27.200000762939453,26.6200008392334,26.76000022888184,43823500
2011-10-14,21.23707771301269,27.270000457763672,27.5,27.020000457763672,27.309999465942383,50947700
2011-10-17,21.011228561401367,26.979999542236328,27.420000076293945,26.850000381469727,27.11000061035156,39453300
2011-10-18,21.268224716186523,27.309999465942383,27.39999961853028,26.799999237060547,26.940000534057617,52487900
2011-10-19,21.1280517578125,27.1299991607666,27.46999931335449,27.01000022888184,27.3700008392334,42880000
2011-10-20,21.05795288085937,27.040000915527344,27.34000015258789,26.39999961853028,27.26000022888184,76300200
2011-10-21,21.151405334472656,27.15999984741211,27.190000534057617,26.799999237060547,27.14999961853028,76620600
2011-10-24,21.17477035522461,27.190000534057617,27.39999961853028,27.040000915527344,27.059999465942383,56897800
2011-10-25,20.87883949279785,26.809999465942383,27.229999542236328,26.71999931335449,27.07999992370605,53554600
2011-10-26,20.70751190185547,26.59000015258789,27.059999465942383,26.100000381469727,27.030000686645508,63029900
2011-10-27,21.22150230407715,27.25,27.39999961853028,26.64999961853028,27.1299991607666,74512400
2011-10-28,21.011228561401367,26.979999542236328,27.190000534057617,26.790000915527344,27.13999938964844,57712100
2011-10-31,20.73866081237793,26.6299991607666,27.0,26.6200008392334,26.76000022888184,46799000
2011-11-01,20.2402458190918,25.989999771118164,26.31999969482422,25.86000061035156,26.190000534057617,61182600
2011-11-02,20.255821228027344,26.01000022888184,26.200000762939453,25.700000762939453,26.100000381469727,53533100
2011-11-03,20.66078186035156,26.530000686645508,26.59000015258789,25.979999542236328,26.239999771118164,65836100
2011-11-04,20.44272994995117,26.25,26.39999961853028,26.0,26.3799991607666,36549200
2011-11-07,20.87105178833008,26.799999237060547,26.81999969482422,26.1299991607666,26.209999084472656,42589700
2011-11-08,21.151405334472656,27.15999984741211,27.200000762939453,26.690000534057617,27.01000022888184,47822500
2011-11-09,20.403791427612305,26.200000762939453,26.75,26.059999465942383,26.59000015258789,62950900
2011-11-10,20.466094970703125,26.280000686645508,26.5,26.1200008392334,26.46999931335449,32514400
2011-11-11,20.95671844482422,26.90999984741211,27.07999992370605,26.56999969482422,26.57999992370605,37903000
2011-11-14,20.83990478515625,26.76000022888184,27.0,26.64999961853028,26.8799991607666,34199200
2011-11-15,20.98114013671875,26.739999771118164,26.940000534057617,26.39999961853028,26.559999465942383,43874200
2011-11-16,20.455440521240234,26.06999969482422,26.51000022888184,26.040000915527344,26.46999931335449,53262800
2011-11-17,20.039581298828125,25.540000915527344,26.040000915527344,25.440000534057617,26.01000022888184,70977500
2011-11-18,19.85126686096192,25.299999237060547,25.5,25.14999961853028,25.479999542236328,47626200
2011-11-21,19.615867614746094,25.0,25.25,24.89999961853028,25.239999771118164,61882500
2011-11-22,19.451095581054688,24.790000915527344,24.959999084472656,24.64999961853028,24.88999938964844,49204500
2011-11-23,19.20001602172852,24.46999931335449,24.790000915527344,24.46999931335449,24.61000061035156,49099700
2011-11-25,19.06662940979004,24.299999237060547,24.670000076293945,24.299999237060547,24.3799991607666,26164600
2011-11-28,19.51387596130371,24.8700008392334,24.96999931335449,24.690000534057617,24.940000534057617,46766700
2011-11-29,19.49032974243164,24.84000015258789,25.040000915527344,24.75,24.81999969482422,40917100
2011-11-30,20.07096290588379,25.57999992370605,25.59000015258789,25.13999938964844,25.3700008392334,81350900
2011-12-01,19.8355712890625,25.280000686645508,25.6299991607666,25.200000762939453,25.559999465942383,48545400
2011-12-02,19.78849220275879,25.21999931335449,25.6200008392334,25.15999984741211,25.59000015258789,52293800
2011-12-05,20.165115356445312,25.700000762939453,25.799999237060547,25.5,25.780000686645508,56818400
2011-12-06,20.133731842041016,25.65999984741211,25.8700008392334,25.61000061035156,25.809999465942383,46175300
2011-12-07,20.086652755737305,25.600000381469727,25.76000022888184,25.34000015258789,25.670000076293945,62667000
2011-12-08,19.929725646972656,25.39999961853028,25.71999931335449,25.3700008392334,25.479999542236328,60522200
2011-12-09,20.165115356445312,25.700000762939453,25.8700008392334,25.5,25.520000457763672,53788500
2011-12-12,20.01604080200196,25.51000022888184,25.56999969482422,25.290000915527344,25.40999984741211,38945900
2011-12-13,20.21219253540039,25.76000022888184,26.100000381469727,25.64999961853028,25.75,54581100
2011-12-14,20.07881164550781,25.59000015258789,25.86000061035156,25.56999969482422,25.71999931335449,47926400
2011-12-15,20.055269241333008,25.559999465942383,25.8799991607666,25.540000915527344,25.71999931335449,46213900
2011-12-16,20.400508880615234,26.0,26.170000076293945,25.6299991607666,25.670000076293945,101408100
2011-12-19,20.03173828125,25.530000686645508,26.1200008392334,25.459999084472656,26.020000457763672,52258300
2011-12-20,20.424043655395508,26.030000686645508,26.100000381469727,25.809999465942383,25.86000061035156,60767600
2011-12-21,20.21219253540039,25.76000022888184,26.190000534057617,25.440000534057617,26.01000022888184,64132500
2011-12-22,20.25142288208008,25.809999465942383,25.86000061035156,25.479999542236328,25.81999969482422,35794100
2011-12-23,20.424043655395508,26.030000686645508,26.040000915527344,25.729999542236328,25.90999984741211,23205800
2011-12-27,20.43189239501953,26.040000915527344,26.13999938964844,25.93000030517578,25.959999084472656,21287200
2011-12-28,20.259275436401367,25.81999969482422,26.14999961853028,25.76000022888184,26.11000061035156,29822500
2011-12-29,20.416202545166016,26.020000457763672,26.049999237060547,25.86000061035156,25.950000762939453,22616900
2011-12-30,20.369125366210938,25.959999084472656,26.1200008392334,25.90999984741211,26.0,27395700
2012-01-03,21.004676818847656,26.770000457763672,26.959999084472656,26.38999938964844,26.549999237060547,64731500
2012-01-04,21.499000549316406,27.39999961853028,27.46999931335449,26.780000686645508,26.81999969482422,80516100
2012-01-05,21.718692779541016,27.68000030517578,27.729999542236328,27.290000915527344,27.3799991607666,56081400
2012-01-06,22.05608367919922,28.11000061035156,28.190000534057617,27.530000686645508,27.530000686645508,99455500
2012-01-09,21.76576805114746,27.739999771118164,28.100000381469727,27.71999931335449,28.049999237060547,59706800
2012-01-10,21.8442325592041,27.84000015258789,28.14999961853028,27.75,27.93000030517578,60014400
2012-01-11,21.750072479248047,27.71999931335449,27.979999542236328,27.3700008392334,27.43000030517578,65582400
2012-01-12,21.969776153564453,28.0,28.020000457763672,27.64999961853028,27.8700008392334,49370800
2012-01-13,22.16593170166016,28.25,28.25,27.790000915527344,27.93000030517578,60196100
2012-01-17,22.17378234863281,28.26000022888184,28.64999961853028,28.170000076293945,28.39999961853028,72395300
2012-01-18,22.15024375915528,28.229999542236328,28.39999961853028,27.96999931335449,28.309999465942383,64860600
2012-01-19,22.06394386291504,28.1200008392334,28.440000534057617,28.030000686645508,28.15999984741211,74053500
2012-01-20,23.311504364013672,29.709999084472656,29.739999771118164,28.75,28.81999969482422,165902900
2012-01-23,23.32719612121582,29.729999542236328,29.950000762939453,29.350000381469727,29.549999237060547,76078100
2012-01-24,23.021183013916016,29.34000015258789,29.56999969482422,29.18000030517578,29.46999931335449,51703300
2012-01-25,23.193803787231445,29.559999465942383,29.64999961853028,29.06999969482422,29.06999969482422,59231700
2012-01-26,23.146728515625,29.5,29.700000762939453,29.39999961853028,29.61000061035156,49102800
2012-01-27,22.93488311767578,29.229999542236328,29.530000686645508,29.170000076293945,29.450000762939453,44187700
2012-01-30,23.23304748535156,29.61000061035156,29.6200008392334,28.82999992370605,28.96999931335449,51114800
2012-01-31,23.17026901245117,29.530000686645508,29.700000762939453,29.229999542236328,29.65999984741211,50572400
2012-02-01,23.45273399353028,29.88999938964844,30.049999237060547,29.76000022888184,29.790000915527344,67409900
2012-02-02,23.49981117248535,29.950000762939453,30.170000076293945,29.709999084472656,29.89999961853028,52223300
2012-02-03,23.72735977172852,30.239999771118164,30.39999961853028,30.09000015258789,30.13999938964844,41838500
2012-02-06,23.69597244262696,30.200000762939453,30.21999931335449,29.96999931335449,30.040000915527344,28039700
2012-02-07,23.81366920471192,30.350000381469727,30.489999771118164,30.049999237060547,30.14999961853028,39242400
2012-02-08,24.056909561157227,30.65999984741211,30.670000076293945,30.21999931335449,30.26000022888184,49659100
2012-02-09,24.143211364746094,30.770000457763672,30.799999237060547,30.479999542236328,30.68000030517578,50481600
2012-02-10,23.931358337402344,30.5,30.799999237060547,30.36000061035156,30.63999938964844,44605300
2012-02-13,23.99413681030273,30.57999992370605,30.770000457763672,30.43000030517578,30.6299991607666,33319800
2012-02-14,23.89146041870117,30.25,30.459999084472656,29.850000381469727,30.32999992370605,59644000
2012-02-15,23.73349952697754,30.049999237060547,30.38999938964844,30.030000686645508,30.32999992370605,43311300
2012-02-16,24.71285629272461,31.290000915527344,31.549999237060547,30.299999237060547,30.309999465942383,94705100
2012-02-17,24.68126106262207,31.25,31.31999969482422,30.950000762939453,31.200000762939453,70036500
2012-02-21,24.83132553100586,31.440000534057617,31.61000061035156,31.14999961853028,31.18000030517578,50829900
2012-02-22,24.697057723999023,31.270000457763672,31.68000030517578,31.18000030517578,31.450000762939453,49253200
2012-02-23,24.77604103088379,31.3700008392334,31.59000015258789,31.0,31.200000762939453,35034700
2012-02-24,24.862916946411133,31.479999542236328,31.5,31.239999771118164,31.479999542236328,35575400
2012-02-27,24.7602481842041,31.350000381469727,31.5,31.100000381469727,31.239999771118164,34568400
2012-02-28,25.17094039916992,31.8700008392334,31.93000030517578,31.3799991607666,31.40999984741211,45230600
2012-02-29,25.068262100219727,31.739999771118164,32.0,31.61000061035156,31.88999938964844,59323600
2012-03-01,25.502655029296875,32.290000915527344,32.38999938964844,31.850000381469727,31.93000030517578,77344100
2012-03-02,25.3367919921875,32.08000183105469,32.439998626708984,32.0,32.310001373291016,47314200
2012-03-05,25.11565017700196,31.799999237060547,32.04999923706055,31.6200008392334,32.0099983215332,45240000
2012-03-06,24.92610549926757,31.559999465942383,31.979999542236328,31.489999771118164,31.540000915527344,51932900
2012-03-07,25.14724540710449,31.84000015258789,31.920000076293945,31.530000686645508,31.670000076293945,34340400
2012-03-08,25.28150749206543,32.0099983215332,32.209999084472656,31.89999961853028,32.040000915527344,36747400
2012-03-09,25.26572036743164,31.989999771118164,32.15999984741211,31.920000076293945,32.099998474121094,34628400
2012-03-12,25.30520248413086,32.040000915527344,32.20000076293945,31.81999969482422,31.96999931335449,34073600
2012-03-13,25.80278587341309,32.66999816894531,32.689998626708984,32.150001525878906,32.2400016784668,48951700
2012-03-14,25.881755828857425,32.77000045776367,32.880001068115234,32.4900016784668,32.529998779296875,41986900
2012-03-15,25.94495010375977,32.849998474121094,32.939998626708984,32.58000183105469,32.790000915527344,49068300
2012-03-16,25.74748992919922,32.599998474121094,32.95000076293945,32.5,32.90999984741211,65626400
2012-03-19,25.43157768249512,32.20000076293945,32.61000061035156,32.150001525878906,32.540000915527344,44789200
2012-03-20,25.26572036743164,31.989999771118164,32.150001525878906,31.739999771118164,32.099998474121094,41566800
2012-03-21,25.202537536621094,31.90999984741211,32.150001525878906,31.81999969482422,31.959999084472656,37928600
2012-03-22,25.27361297607422,32.0,32.09000015258789,31.790000915527344,31.809999465942383,31749500
2012-03-23,25.28150749206543,32.0099983215332,32.11000061035156,31.71999931335449,32.099998474121094,35912200
2012-03-26,25.739595413208008,32.59000015258789,32.61000061035156,32.150001525878906,32.189998626708984,36758300
2012-03-27,25.68430519104004,32.52000045776367,32.70000076293945,32.400001525878906,32.650001525878906,36274900
2012-03-28,25.423667907714844,32.189998626708984,32.70000076293945,32.040000915527344,32.52000045776367,41344800
2012-03-29,25.36838722229004,32.119998931884766,32.189998626708984,31.809999465942383,32.060001373291016,37038500
2012-03-30,25.47895622253418,32.2599983215332,32.40999984741211,32.040000915527344,32.400001525878906,31749400
2012-04-02,25.502655029296875,32.290000915527344,32.459999084472656,31.950000762939453,32.220001220703125,35853600
2012-04-03,25.226221084594727,31.940000534057617,32.189998626708984,31.65999984741211,32.15999984741211,42752100
2012-04-04,24.649667739868164,31.209999084472656,31.690000534057617,31.049999237060547,31.65999984741211,49455900
2012-04-05,24.894508361816406,31.520000457763672,31.6299991607666,31.049999237060547,31.14999961853028,50368600
2012-04-09,24.56279945373535,31.100000381469727,31.39999961853028,30.96999931335449,31.21999931335449,31056400
2012-04-10,24.06521797180176,30.46999931335449,31.190000534057617,30.299999237060547,31.059999465942383,54131300
2012-04-11,23.970439910888672,30.350000381469727,30.530000686645508,30.229999542236328,30.43000030517578,43014000
2012-04-12,24.468015670776367,30.979999542236328,31.040000915527344,30.420000076293945,30.479999542236328,38304000
2012-04-13,24.3337516784668,30.809999465942383,31.15999984741211,30.71999931335449,30.88999938964844,39749200
2012-04-16,24.5469970703125,31.07999992370605,31.190000534057617,30.770000457763672,30.989999771118164,38124800
2012-04-17,24.83132553100586,31.440000534057617,31.61000061035156,31.200000762939453,31.270000457763672,34361500
2012-04-18,24.594383239746094,31.13999938964844,31.309999465942383,31.040000915527344,31.280000686645508,40552900
2012-04-19,24.49171257019043,31.01000022888184,31.68000030517578,30.940000534057617,31.1299991607666,54781200
2012-04-20,25.60532760620117,32.41999816894531,32.88999938964844,32.04999923706055,32.150001525878906,106045000
2012-04-23,25.36838722229004,32.119998931884766,32.5,32.029998779296875,32.310001373291016,61398200
2012-04-24,25.210426330566406,31.920000076293945,32.52000045776367,31.82999992370605,32.209999084472656,40871100
2012-04-25,25.43157768249512,32.20000076293945,32.31999969482422,31.8700008392334,31.920000076293945,62495500
2012-04-26,25.360502243041992,32.11000061035156,32.22999954223633,31.920000076293945,32.119998931884766,40308100
2012-04-27,25.257816314697266,31.979999542236328,32.220001220703125,31.8799991607666,32.119998931884766,41419100
2012-04-30,25.289411544799805,32.02000045776367,32.11000061035156,31.920000076293945,31.979999542236328,35697200
2012-05-01,25.28150749206543,32.0099983215332,32.34000015258789,31.950000762939453,32.04999923706055,43832300
2012-05-02,25.11565017700196,31.799999237060547,31.93000030517578,31.63999938964844,31.850000381469727,37385300
2012-05-03,25.084060668945312,31.76000022888184,31.89999961853028,31.61000061035156,31.8799991607666,31501300
2012-05-04,24.468015670776367,30.979999542236328,31.56999969482422,30.920000076293945,31.450000762939453,57927200
2012-05-07,24.207380294799805,30.64999961853028,30.86000061035156,30.56999969482422,30.700000762939453,48641400
2012-05-08,24.088905334472656,30.5,30.780000686645508,30.170000076293945,30.479999542236328,46328300
2012-05-09,24.29426383972168,30.76000022888184,30.82999992370605,30.100000381469727,30.190000534057617,50309300
2012-05-10,24.27846336364746,30.739999771118164,31.020000457763672,30.450000762939453,30.86000061035156,43839200
2012-05-11,24.610179901123047,31.15999984741211,31.540000915527344,30.690000534057617,30.690000534057617,43459300
2012-05-14,24.2310791015625,30.68000030517578,31.040000915527344,30.63999938964844,30.81999969482422,40528900
2012-05-15,24.01642417907715,30.209999084472656,30.799999237060547,30.14999961853028,30.63999938964844,61822800
2012-05-16,23.769990921020508,29.89999961853028,30.31999969482422,29.739999771118164,30.309999465942383,60083700
2012-05-17,23.626888275146484,29.71999931335449,30.209999084472656,29.709999084472656,29.989999771118164,48484000
2012-05-18,23.26914596557617,29.270000457763672,29.809999465942383,29.170000076293945,29.790000915527344,56205300
2012-05-21,23.65073204040528,29.75,29.790000915527344,29.059999465942383,29.100000381469727,38787900
2012-05-22,23.65868759155273,29.76000022888184,29.8799991607666,29.5,29.690000534057617,39504900
2012-05-23,23.141950607299805,29.11000061035156,29.39999961853028,28.63999938964844,29.350000381469727,65171000
2012-05-24,23.110151290893555,29.06999969482422,29.299999237060547,28.76000022888184,29.15999984741211,52575000
2012-05-25,23.10220527648925,29.059999465942383,29.36000061035156,29.01000022888184,29.200000762939453,29507200
2012-05-29,23.49969482421875,29.559999465942383,29.71999931335449,29.21999931335449,29.3799991607666,37758800
2012-05-30,23.32479286193848,29.34000015258789,29.479999542236328,29.1200008392334,29.350000381469727,41585500
2012-05-31,23.205549240112305,29.190000534057617,29.420000076293945,28.940000534057617,29.299999237060547,39134000
2012-06-01,22.617265701293945,28.450000762939453,28.959999084472656,28.440000534057617,28.76000022888184,56634300
2012-06-04,22.696758270263672,28.549999237060547,28.780000686645508,28.31999969482422,28.6200008392334,47926300
2012-06-05,22.66496086120605,28.51000022888184,28.75,28.38999938964844,28.51000022888184,45715400
2012-06-06,23.332748413085938,29.350000381469727,29.3700008392334,28.809999465942383,28.8799991607666,46860500
2012-06-07,23.23734664916992,29.229999542236328,29.700000762939453,29.170000076293945,29.63999938964844,37792800
2012-06-08,23.571239471435547,29.64999961853028,29.68000030517578,29.049999237060547,29.209999084472656,42551100
2012-06-11,22.975006103515625,28.89999961853028,29.809999465942383,28.81999969482422,29.729999542236328,46361900
2012-06-12,23.285045623779297,29.290000915527344,29.299999237060547,28.84000015258789,29.100000381469727,35337900
2012-06-13,23.1578426361084,29.1299991607666,29.440000534057617,29.049999237060547,29.21999931335449,32984600
2012-06-14,23.32479286193848,29.34000015258789,29.459999084472656,28.8799991607666,29.32999992370605,39458900
2012-06-15,23.86537742614746,30.020000457763672,30.07999992370605,29.489999771118164,29.59000015258789,62314400
2012-06-18,23.722286224365234,29.84000015258789,30.030000686645508,29.709999084472656,29.989999771118164,58679900
2012-06-19,24.405969619750977,30.700000762939453,31.11000061035156,30.049999237060547,30.190000534057617,75725800
2012-06-20,24.588817596435547,30.93000030517578,31.049999237060547,30.63999938964844,30.93000030517578,36257100
2012-06-21,23.96077346801757,30.13999938964844,31.13999938964844,30.059999465942383,30.959999084472656,48456600
2012-06-22,24.405969619750977,30.700000762939453,30.729999542236328,30.030000686645508,30.299999237060547,45098100
2012-06-25,23.74613571166992,29.8700008392334,30.31999969482422,29.6200008392334,30.299999237060547,42217200
2012-06-26,23.86537742614746,30.020000457763672,30.270000457763672,29.940000534057617,30.0,38421300
2012-06-27,23.984634399414062,30.170000076293945,30.5,30.030000686645508,30.190000534057617,33781700
2012-06-28,23.777936935424805,29.90999984741211,30.049999237060547,29.420000076293945,29.979999542236328,45328400
2012-06-29,24.31852149963379,30.59000015258789,30.690000534057617,30.13999938964844,30.450000762939453,55227200
2012-07-02,24.29467391967773,30.559999465942383,30.6200008392334,30.209999084472656,30.6200008392334,30589100
2012-07-03,24.453676223754883,30.76000022888184,30.76000022888184,30.170000076293945,30.229999542236328,20938100
2012-07-05,24.405969619750977,30.700000762939453,30.780000686645508,30.3799991607666,30.59000015258789,28801900
2012-07-06,24.00053024291992,30.190000534057617,30.700000762939453,29.950000762939453,30.61000061035156,38294800
2012-07-09,23.849485397338867,30.0,30.229999542236328,29.780000686645508,30.1200008392334,30680800
2012-07-10,23.64278984069824,29.739999771118164,30.21999931335449,29.51000022888184,30.07999992370605,37534100
2012-07-11,23.292987823486328,29.299999237060547,29.739999771118164,29.11000061035156,29.709999084472656,39184900
2012-07-12,22.76036071777344,28.6299991607666,29.18000030517578,28.540000915527344,29.14999961853028,63523600
2012-07-13,23.364540100097656,29.38999938964844,29.479999542236328,28.71999931335449,28.76000022888184,39085000
2012-07-16,23.404296875,29.440000534057617,29.530000686645508,29.040000915527344,29.479999542236328,27900600
2012-07-17,23.579195022583008,29.65999984741211,29.86000061035156,29.200000762939453,29.63999938964844,33771300
2012-07-18,24.20722770690918,30.450000762939453,30.450000762939453,29.459999084472656,29.600000381469727,41090400
2012-07-19,24.382116317749023,30.670000076293945,30.799999237060547,30.3799991607666,30.51000022888184,46663200
2012-07-20,23.94488525390625,30.1200008392334,31.049999237060547,30.049999237060547,31.0,64021700
2012-07-23,23.2770938873291,29.280000686645508,29.57999992370605,29.01000022888184,29.56999969482422,55151900
2012-07-24,23.17375373840332,29.14999961853028,29.36000061035156,28.89999961853028,29.239999771118164,47723300
2012-07-25,22.91935539245605,28.82999992370605,29.32999992370605,28.780000686645508,29.239999771118164,45579500
2012-07-26,23.18169593811035,29.15999984741211,29.5,29.09000015258789,29.229999542236328,45301400
2012-07-27,23.65868759155273,29.76000022888184,29.850000381469727,29.18000030517578,29.479999542236328,44242600
2012-07-30,23.56329345703125,29.63999938964844,29.81999969482422,29.459999084472656,29.75,28905000
2012-07-31,23.42814445495605,29.46999931335449,29.709999084472656,29.32999992370605,29.479999542236328,37620900
2012-08-01,23.380447387695312,29.40999984741211,29.64999961853028,29.209999084472656,29.59000015258789,31721800
2012-08-02,23.205549240112305,29.190000534057617,29.530000686645508,28.96999931335449,29.209999084472656,39520500
2012-08-03,23.65073204040528,29.75,29.940000534057617,29.479999542236328,29.530000686645508,35859400
2012-08-06,23.809734344482425,29.950000762939453,30.11000061035156,29.809999465942383,30.0,27471800
2012-08-07,24.05618667602539,30.26000022888184,30.350000381469727,29.8700008392334,30.06999969482422,28002900
2012-08-08,24.1118278503418,30.32999992370605,30.46999931335449,30.11000061035156,30.209999084472656,26257600
2012-08-09,24.246971130371094,30.5,30.64999961853028,30.299999237060547,30.38999938964844,24920800
2012-08-10,24.18337821960449,30.420000076293945,30.6200008392334,30.25,30.5,27810300
2012-08-13,24.15953254699707,30.38999938964844,30.459999084472656,30.15999984741211,30.350000381469727,23049100
2012-08-14,24.11151695251465,30.1299991607666,30.38999938964844,30.01000022888184,30.299999237060547,34551400
2012-08-15,24.16752815246582,30.200000762939453,30.280000686645508,30.020000457763672,30.11000061035156,24351000
2012-08-16,24.63167762756348,30.780000686645508,30.940000534057617,30.26000022888184,30.36000061035156,35787200
2012-08-17,24.72770500183105,30.89999961853028,30.920000076293945,30.59000015258789,30.920000076293945,32589900
2012-08-20,24.59966278076172,30.739999771118164,30.850000381469727,30.57999992370605,30.81999969482422,23737700
2012-08-21,24.647680282592773,30.799999237060547,30.959999084472656,30.61000061035156,30.76000022888184,28822700
2012-08-22,24.43961906433105,30.540000915527344,30.76000022888184,30.46999931335449,30.59000015258789,33437400
2012-08-23,24.215545654296875,30.26000022888184,30.39999961853028,30.07999992370605,30.38999938964844,28355600
2012-08-24,24.455623626708984,30.559999465942383,30.6299991607666,30.18000030517578,30.25,22943300
2012-08-27,24.559648513793945,30.690000534057617,30.959999084472656,30.59000015258789,30.93000030517578,34691100
2012-08-28,24.51164054870605,30.6299991607666,30.799999237060547,30.520000457763672,30.700000762939453,23947900
2012-08-29,24.52764320373535,30.64999961853028,30.75,30.440000534057617,30.64999961853028,23346800
2012-08-30,24.26356315612793,30.31999969482422,30.61000061035156,30.21999931335449,30.530000686645508,23982100
2012-08-31,24.663684844970703,30.81999969482422,30.959999084472656,30.3799991607666,30.600000381469727,36590100
2012-09-04,24.31957626342773,30.38999938964844,30.65999984741211,30.14999961853028,30.450000762939453,48556700
2012-09-05,24.31957626342773,30.38999938964844,30.530000686645508,30.209999084472656,30.21999931335449,33650000
2012-09-06,25.08781623840332,31.350000381469727,31.36000061035156,30.459999084472656,30.5,48371700
2012-09-07,24.767723083496094,30.950000762939453,31.06999969482422,30.729999542236328,31.040000915527344,42649100
2012-09-10,24.583660125732425,30.71999931335449,30.89999961853028,30.51000022888184,30.82999992370605,40524000
2012-09-11,24.63967514038086,30.790000915527344,30.90999984741211,30.61000061035156,30.690000534057617,25191800
2012-09-12,24.63167762756348,30.780000686645508,31.18000030517578,30.729999542236328,30.940000534057617,32775800
2012-09-13,24.75971794128418,30.940000534057617,31.18000030517578,30.39999961853028,30.88999938964844,45047300
2012-09-14,24.97577857971192,31.209999084472656,31.25,30.809999465942383,31.01000022888184,51422800
2012-09-17,24.97577857971192,31.209999084472656,31.26000022888184,31.040000915527344,31.190000534057617,36488500
2012-09-18,24.951772689819336,31.18000030517578,31.209999084472656,31.030000686645508,31.100000381469727,34542700
2012-09-19,24.847745895385746,31.049999237060547,31.190000534057617,31.040000915527344,31.09000015258789,48871900
2012-09-20,25.167844772338867,31.450000762939453,31.479999542236328,30.90999984741211,30.950000762939453,45543000
2012-09-21,24.959779739379883,31.190000534057617,31.61000061035156,31.09000015258789,31.43000030517578,102348900
2012-09-24,24.63167762756348,30.780000686645508,31.06999969482422,30.63999938964844,31.0,46825900
2012-09-25,24.31957626342773,30.38999938964844,31.0,30.36000061035156,30.950000762939453,54266400
2012-09-26,24.14352798461914,30.170000076293945,30.600000381469727,30.040000915527344,30.280000686645508,54672000
2012-09-27,24.13551902770996,30.15999984741211,30.39999961853028,29.88999938964844,30.170000076293945,47129900
2012-09-28,23.815418243408203,29.76000022888184,30.26000022888184,29.739999771118164,30.18000030517578,54229300
2012-10-01,23.59935569763184,29.489999771118164,29.979999542236328,29.420000076293945,29.809999465942383,54042700
2012-10-02,23.735397338867188,29.65999984741211,29.88999938964844,29.5,29.68000030517578,43338900
2012-10-03,23.89544677734375,29.86000061035156,29.989999771118164,29.670000076293945,29.75,46655900
2012-10-04,24.03148651123047,30.030000686645508,30.030000686645508,29.56999969482422,29.96999931335449,43634900
2012-10-05,23.887439727783203,29.850000381469727,30.25,29.739999771118164,30.229999542236328,41133900
2012-10-08,23.831422805786133,29.780000686645508,29.920000076293945,29.549999237060547,29.63999938964844,29752000
2012-10-09,23.43130111694336,29.280000686645508,29.739999771118164,29.18000030517578,29.68000030517578,45121100
2012-10-10,23.19123268127441,28.979999542236328,29.309999465942383,28.950000762939453,29.14999961853028,47227100
2012-10-11,23.167217254638672,28.950000762939453,29.25,28.8700008392334,29.21999931335449,41488500
2012-10-12,23.36728286743164,29.200000762939453,29.31999969482422,28.799999237060547,28.96999931335449,46464700
2012-10-15,23.615358352661133,29.51000022888184,29.71999931335449,29.25,29.3700008392334,42440200
2012-10-16,23.59935569763184,29.489999771118164,29.739999771118164,29.31999969482422,29.450000762939453,47739400
2012-10-17,23.67938041687012,29.59000015258789,29.63999938964844,29.09000015258789,29.299999237060547,44206100
2012-10-18,23.60735893249512,29.5,29.729999542236328,29.26000022888184,29.64999961853028,59238500
2012-10-19,22.91914176940918,28.63999938964844,29.07999992370605,28.5,29.049999237060547,90470800
2012-10-22,22.40697860717773,28.0,28.82999992370605,27.82999992370605,28.729999542236328,83374000
2012-10-23,22.44698905944824,28.049999237060547,28.200000762939453,27.76000022888184,27.770000457763672,64414800
2012-10-24,22.326950073242188,27.89999961853028,28.200000762939453,27.8700008392334,28.15999984741211,53320400
2012-10-25,22.31095123291016,27.8799991607666,28.200000762939453,27.86000061035156,28.190000534057617,54084300
2012-10-26,22.575029373168945,28.209999084472656,28.34000015258789,27.84000015258789,27.86000061035156,57790000
2012-10-31,22.839120864868164,28.540000915527344,28.8799991607666,28.5,28.549999237060547,69464100
2012-11-01,23.623363494873047,29.520000457763672,29.559999465942383,28.81999969482422,28.84000015258789,72047900
2012-11-02,23.60735893249512,29.5,29.770000457763672,29.32999992370605,29.59000015258789,57131600
2012-11-05,23.71138572692871,29.6299991607666,29.739999771118164,29.32999992370605,29.6200008392334,38070800
2012-11-06,23.89544677734375,29.86000061035156,30.200000762939453,29.61000061035156,29.81999969482422,43401500
2012-11-07,23.271249771118164,29.07999992370605,29.82999992370605,29.049999237060547,29.530000686645508,57871800
2012-11-08,23.05518341064453,28.809999465942383,29.3700008392334,28.799999237060547,29.1200008392334,49841800
2012-11-09,23.07119369506836,28.82999992370605,29.190000534057617,28.809999465942383,28.8799991607666,43291200
2012-11-12,22.58303451538086,28.21999931335449,29.01000022888184,28.209999084472656,28.940000534057617,61112300
2012-11-13,21.85690116882324,27.09000015258789,27.299999237060547,26.75,27.020000457763672,131689200
2012-11-14,21.655187606811523,26.84000015258789,27.290000915527344,26.799999237060547,27.239999771118164,76086100
2012-11-15,21.50995445251465,26.65999984741211,26.96999931335449,26.6299991607666,26.8799991607666,50955600
2012-11-16,21.397003173828125,26.520000457763672,26.700000762939453,26.34000015258789,26.670000076293945,64083300
2012-11-19,21.56644058227539,26.729999542236328,26.799999237060547,26.46999931335449,26.799999237060547,57179300
2012-11-20,21.550296783447266,26.709999084472656,26.799999237060547,26.459999084472656,26.76000022888184,47070400
2012-11-21,21.743940353393555,26.950000762939453,27.170000076293945,26.670000076293945,26.709999084472656,66360300
2012-11-23,22.34905815124512,27.700000762939453,27.770000457763672,27.200000762939453,27.229999542236328,57845700
2012-11-26,22.098934173583984,27.38999938964844,27.57999992370605,27.170000076293945,27.540000915527344,85198700
2012-11-27,21.84882545471192,27.07999992370605,27.3799991607666,27.040000915527344,27.36000061035156,45018600
2012-11-28,22.07473564147949,27.36000061035156,27.38999938964844,26.770000457763672,27.01000022888184,53018400
2012-11-29,21.743940353393555,26.950000762939453,27.36000061035156,26.86000061035156,27.11000061035156,69551400
2012-11-30,21.477684020996094,26.6200008392334,27.1299991607666,26.489999771118164,27.049999237060547,83690200
2012-12-03,21.32438850402832,26.43000030517578,26.81999969482422,26.39999961853028,26.780000686645508,53173800
2012-12-04,21.27597618103028,26.3700008392334,26.6299991607666,26.34000015258789,26.5,49777500
2012-12-05,21.51802444458008,26.670000076293945,26.93000030517578,26.26000022888184,26.3799991607666,68283800
2012-12-06,21.56644058227539,26.729999542236328,26.979999542236328,26.61000061035156,26.809999465942383,39182300
2012-12-07,21.34859275817871,26.459999084472656,26.81999969482422,26.3700008392334,26.81999969482422,46162100
2012-12-10,21.73586845397949,26.940000534057617,26.96999931335449,26.520000457763672,26.559999465942383,47031100
2012-12-11,22.04245948791504,27.31999969482422,27.489999771118164,27.049999237060547,27.049999237060547,52282800
2012-12-12,21.97791290283203,27.239999771118164,27.6200008392334,27.07999992370605,27.530000686645508,43966300
2012-12-13,21.873029708862305,27.11000061035156,27.520000457763672,26.950000762939453,27.31999969482422,45080100
2012-12-14,21.630977630615234,26.809999465942383,27.1299991607666,26.700000762939453,27.11000061035156,42077500
2012-12-17,21.864965438842773,27.100000381469727,27.21999931335449,26.68000030517578,26.790000915527344,42046100
2012-12-18,22.236099243164062,27.559999465942383,27.6299991607666,27.13999938964844,27.25,50486900
2012-12-19,22.03439140319824,27.309999465942383,27.729999542236328,27.25,27.690000534057617,53519900
2012-12-20,22.33291816711425,27.68000030517578,27.68000030517578,27.14999961853028,27.36000061035156,52607300
2012-12-21,22.14735412597656,27.450000762939453,27.489999771118164,27.0,27.450000762939453,98776500
2012-12-24,21.83269119262696,27.059999465942383,27.25,27.0,27.200000762939453,20842400
2012-12-26,21.67132377624512,26.86000061035156,27.200000762939453,26.700000762939453,27.030000686645508,31631100
2012-12-27,21.75200843811035,26.959999084472656,27.09000015258789,26.56999969482422,26.88999938964844,39394000
2012-12-28,21.42120361328125,26.549999237060547,26.89999961853028,26.549999237060547,26.709999084472656,28239900
2012-12-31,21.550296783447266,26.709999084472656,26.770000457763672,26.3700008392334,26.59000015258789,42749500
2013-01-02,22.284513473510746,27.6200008392334,27.729999542236328,27.14999961853028,27.25,52899300
2013-01-03,21.98598289489746,27.25,27.64999961853028,27.15999984741211,27.6299991607666,48294400
2013-01-04,21.57451057434082,26.739999771118164,27.34000015258789,26.729999542236328,27.270000457763672,52521100
2013-01-07,21.534164428710938,26.690000534057617,26.8799991607666,26.63999938964844,26.770000457763672,37110400
2013-01-08,21.42120361328125,26.549999237060547,26.790000915527344,26.459999084472656,26.75,44703100
2013-01-09,21.542240142822266,26.700000762939453,26.75,26.559999465942383,26.71999931335449,49047900
2013-01-10,21.34859275817871,26.459999084472656,26.979999542236328,26.290000915527344,26.64999961853028,71431300
2013-01-11,21.64711570739746,26.82999992370605,26.93000030517578,26.280000686645508,26.489999771118164,55512100
2013-01-14,21.695526123046875,26.88999938964844,27.07999992370605,26.76000022888184,26.89999961853028,48324400
2013-01-15,21.953718185424805,27.209999084472656,27.290000915527344,26.82999992370605,26.82999992370605,48244500
2013-01-16,21.81654930114746,27.040000915527344,27.229999542236328,27.01000022888184,27.14999961853028,41077400
2013-01-17,21.98598289489746,27.25,27.46999931335449,27.059999465942383,27.190000534057617,51685900
2013-01-18,21.98598289489746,27.25,27.290000915527344,27.040000915527344,27.100000381469727,52167700
2013-01-22,21.905303955078125,27.14999961853028,27.450000762939453,27.0,27.299999237060547,58650600
2013-01-23,22.27644729614257,27.61000061035156,27.63999938964844,27.200000762939453,27.200000762939453,50387700
2013-01-24,22.292579650878903,27.6299991607666,28.06999969482422,27.46999931335449,27.700000762939453,101739300
2013-01-25,22.49428367614746,27.8799991607666,28.229999542236328,27.38999938964844,27.57999992370605,81847700
2013-01-28,22.518489837646484,27.90999984741211,28.229999542236328,27.76000022888184,28.01000022888184,56056500
2013-01-29,22.599170684814453,28.01000022888184,28.1299991607666,27.600000381469727,27.81999969482422,49242600
2013-01-30,22.470075607299805,27.850000381469727,28.190000534057617,27.76000022888184,28.01000022888184,43580500
2013-01-31,22.14735412597656,27.450000762939453,27.96999931335449,27.39999961853028,27.790000915527344,50530000
2013-02-01,22.53462219238281,27.93000030517578,28.049999237060547,27.549999237060547,27.670000076293945,55565900
2013-02-04,22.13928604125977,27.440000534057617,28.020000457763672,27.420000076293945,27.8700008392334,50540000
2013-02-05,22.18769836425781,27.5,27.65999984741211,27.36000061035156,27.6200008392334,35410400
2013-02-06,22.0586051940918,27.34000015258789,27.540000915527344,27.25,27.3799991607666,41889600
2013-02-07,22.01019096374512,27.280000686645508,27.38999938964844,27.100000381469727,27.350000381469727,38028300
2013-02-08,22.228031158447266,27.549999237060547,27.709999084472656,27.309999465942383,27.350000381469727,33318500
2013-02-11,22.47815322875977,27.86000061035156,27.920000076293945,27.5,27.64999961853028,32247700
2013-02-12,22.49428367614746,27.8799991607666,28.0,27.75,27.8799991607666,35990900
2013-02-13,22.615310668945312,28.030000686645508,28.11000061035156,27.8799991607666,27.93000030517578,41715600
2013-02-14,22.62337112426757,28.040000915527344,28.059999465942383,27.8700008392334,27.920000076293945,32663200
2013-02-15,22.599170684814453,28.01000022888184,28.15999984741211,27.8799991607666,28.040000915527344,49650900
2013-02-19,22.818817138671875,28.049999237060547,28.09000015258789,27.799999237060547,27.8799991607666,38781400
2013-02-20,22.672388076782227,27.8700008392334,28.200000762939453,27.82999992370605,28.1299991607666,44110200
2013-02-21,22.363256454467773,27.489999771118164,27.739999771118164,27.229999542236328,27.739999771118164,49078500
2013-02-22,22.582904815673828,27.76000022888184,27.76000022888184,27.479999542236328,27.68000030517578,31425900
2013-02-25,22.265634536743164,27.3700008392334,28.049999237060547,27.3700008392334,27.96999931335449,48011800
2013-02-26,22.265634536743164,27.3700008392334,27.600000381469727,27.34000015258789,27.3799991607666,49923300
2013-02-27,22.623573303222656,27.809999465942383,28.0,27.32999992370605,27.420000076293945,36394700
2013-02-28,22.61544418334961,27.799999237060547,27.96999931335449,27.739999771118164,27.8799991607666,35840200
2013-03-01,22.73747062683105,27.950000762939453,27.979999542236328,27.520000457763672,27.71999931335449,34849700
2013-03-04,22.90017509460449,28.14999961853028,28.14999961853028,27.700000762939453,27.850000381469727,38157500
2013-03-05,23.062862396240234,28.350000381469727,28.540000915527344,28.15999984741211,28.290000915527344,41432200
2013-03-06,22.85136032104492,28.09000015258789,28.229999542236328,27.780000686645508,28.209999084472656,51448500
2013-03-07,22.892040252685547,28.13999938964844,28.280000686645508,28.01000022888184,28.11000061035156,29196700
2013-03-08,22.77814102172852,28.0,28.32999992370605,27.959999084472656,28.25,37667800
2013-03-11,22.672388076782227,27.8700008392334,27.96999931335449,27.670000076293945,27.940000534057617,36627500
2013-03-12,22.70492935180664,27.90999984741211,27.950000762939453,27.63999938964844,27.84000015258789,39255200
2013-03-13,22.71306228637696,27.920000076293945,28.020000457763672,27.75,27.8700008392334,29093400
2013-03-14,22.892040252685547,28.13999938964844,28.15999984741211,27.93000030517578,28.0,55914800
2013-03-15,22.810686111450195,28.040000915527344,28.15999984741211,27.979999542236328,28.030000686645508,92710300
2013-03-18,22.8594913482666,28.100000381469727,28.280000686645508,27.809999465942383,27.8799991607666,44809400
2013-03-19,22.924579620361328,28.18000030517578,28.21999931335449,28.030000686645508,28.1200008392334,51901600
2013-03-20,23.038463592529297,28.31999969482422,28.489999771118164,28.18000030517578,28.34000015258789,35447800
2013-03-21,22.86763000488281,28.11000061035156,28.36000061035156,28.049999237060547,28.11000061035156,34233200
2013-03-22,22.98152542114257,28.25,28.34000015258789,28.100000381469727,28.190000534057617,28720900
2013-03-25,22.908302307128903,28.15999984741211,28.350000381469727,27.959999084472656,28.299999237060547,44154000
2013-03-26,22.908302307128903,28.15999984741211,28.34000015258789,28.11000061035156,28.239999771118164,27824300
2013-03-27,23.07914161682129,28.3700008392334,28.450000762939453,28.07999992370605,28.13999938964844,36047400
2013-03-28,23.274375915527344,28.61000061035156,28.65999984741211,28.26000022888184,28.31999969482422,55453800
2013-04-01,23.274375915527344,28.61000061035156,28.65999984741211,28.36000061035156,28.63999938964844,29201100
2013-04-02,23.4289493560791,28.799999237060547,28.850000381469727,28.520000457763672,28.59000015258789,28456500
2013-04-03,23.233705520629883,28.559999465942383,28.950000762939453,28.540000915527344,28.75,35062800
2013-04-04,23.26623916625977,28.600000381469727,28.61000061035156,28.270000457763672,28.38999938964844,45263200
2013-04-05,23.347599029541016,28.700000762939453,28.780000686645508,28.11000061035156,28.21999931335449,50927300
2013-04-08,23.258115768432617,28.59000015258789,28.729999542236328,28.46999931335449,28.729999542236328,34759500
2013-04-09,24.087879180908203,29.61000061035156,29.81999969482422,28.68000030517578,28.729999542236328,77733800
2013-04-10,24.6329402923584,30.280000686645508,30.31999969482422,29.520000457763672,29.56999969482422,71116700
2013-04-11,23.5428409576416,28.940000534057617,29.200000762939453,28.729999542236328,29.100000381469727,130923200
2013-04-12,23.420818328857425,28.790000915527344,29.020000457763672,28.65999984741211,28.850000381469727,62886300
2013-04-15,23.33945846557617,28.690000534057617,28.979999542236328,28.51000022888184,28.64999961853028,56332900
2013-04-16,23.56724166870117,28.96999931335449,29.13999938964844,28.700000762939453,28.89999961853028,52797300
2013-04-17,23.453357696533203,28.82999992370605,29.040000915527344,28.600000381469727,28.850000381469727,52840700
2013-04-18,23.420818328857425,28.790000915527344,28.979999542236328,28.5,28.950000762939453,56906600
2013-04-19,24.21804618835449,29.770000457763672,30.239999771118164,29.61000061035156,29.6200008392334,99790700
2013-04-22,25.080371856689453,30.82999992370605,31.18000030517578,30.270000457763672,30.299999237060547,137904000
2013-04-23,24.893253326416016,30.600000381469727,30.89999961853028,30.3799991607666,30.700000762939453,59126900
2013-04-24,25.8369255065918,31.76000022888184,31.920000076293945,30.600000381469727,30.6200008392334,90946600
2013-04-25,25.983360290527344,31.940000534057617,32.84000015258789,31.540000915527344,31.709999084472656,110700200
2013-04-26,25.861328125,31.790000915527344,31.979999542236328,31.450000762939453,31.89999961853028,47799300
2013-04-29,26.52840042114257,32.61000061035156,32.68000030517578,31.770000457763672,31.799999237060547,59116400
2013-04-30,26.927017211914062,33.099998474121094,33.11000061035156,32.279998779296875,32.560001373291016,75165200
2013-05-01,26.617891311645508,32.720001220703125,33.08000183105469,32.599998474121094,32.93000030517578,54330900
2013-05-02,26.97583198547364,33.15999984741211,33.16999816894531,32.38999938964844,32.630001068115234,46059500
2013-05-03,27.24428939819336,33.4900016784668,33.52000045776367,33.08000183105469,33.22999954223633,46784600
2013-05-06,27.45580101013184,33.75,33.90999984741211,33.25,33.41999816894531,40978300
2013-05-07,27.09786033630371,33.310001373291016,33.790000915527344,33.2400016784668,33.650001525878906,43078300
2013-05-08,26.8375301361084,32.9900016784668,33.2400016784668,32.650001525878906,33.06999969482422,51595700
2013-05-09,26.569076538085938,32.65999984741211,33.0,32.59000015258789,32.849998474121094,46417800
2013-05-10,26.593482971191406,32.689998626708984,32.720001220703125,32.31999969482422,32.66999816894531,36394900
2013-05-13,26.870067596435547,33.029998779296875,33.06999969482422,32.54999923706055,32.61000061035156,36027600
2013-05-14,27.468095779418945,33.529998779296875,33.529998779296875,32.79999923706055,32.86000061035156,56870100
2013-05-15,27.73024177551269,33.849998474121094,33.900001525878906,33.43000030517578,33.45000076293945,46303900
2013-05-16,27.918664932250977,34.08000183105469,34.150001525878906,33.54999923706055,33.63999938964844,59382900
2013-05-17,28.56583595275879,34.869998931884766,34.869998931884766,34.099998474121094,34.130001068115234,60666700
2013-05-20,28.73788070678711,35.08000183105469,35.099998474121094,34.68000030517578,34.72999954223633,54020800
2013-05-21,28.549457550048828,34.849998474121094,35.27000045776367,34.720001220703125,35.099998474121094,48702400
2013-05-22,28.35284996032715,34.61000061035156,34.84000015258789,34.36000061035156,34.790000915527344,66047500
2013-05-23,27.97601318359375,34.150001525878906,34.54999923706055,33.900001525878906,34.22999954223633,51102700
2013-05-24,28.07431030273437,34.27000045776367,34.279998779296875,33.900001525878906,33.91999816894531,33174400
2013-05-28,28.688718795776367,35.02000045776367,35.18000030517578,34.40999984741211,34.41999816894531,48212100
2013-05-29,28.57402801513672,34.880001068115234,35.02000045776367,34.56999969482422,34.7400016784668,38412200
2013-05-30,28.696918487548828,35.029998779296875,35.25,34.810001373291016,34.849998474121094,51131000
2013-05-31,28.59041786193848,34.900001525878906,35.279998779296875,34.790000915527344,34.81999969482422,56165700
2013-06-03,29.155662536621094,35.59000015258789,35.630001068115234,34.83000183105469,34.91999816894531,51252600
2013-06-04,28.66413307189941,34.9900016784668,35.7400016784668,34.77000045776367,35.619998931884766,65529500
2013-06-05,28.49211502075196,34.779998779296875,34.88999938964844,34.43000030517578,34.599998474121094,46025100
2013-06-06,28.63957405090332,34.959999084472656,35.11000061035156,34.4900016784668,34.84000015258789,37618500
2013-06-07,29.2212028503418,35.66999816894531,35.779998779296875,35.060001373291016,35.25,40757300
2013-06-10,29.057361602783203,35.470001220703125,35.650001525878906,35.13999938964844,35.5099983215332,35994500
2013-06-11,28.5412654876709,34.84000015258789,35.18000030517578,34.68000030517578,35.04999923706055,39435900
2013-06-12,28.672340393066406,35.0,35.27000045776367,34.849998474121094,35.13999938964844,37372700
2013-06-13,28.44296646118164,34.720001220703125,35.02000045776367,34.59000015258789,34.9900016784668,45654900
2013-06-14,28.180809020996094,34.400001525878906,34.689998626708984,34.25,34.54999923706055,53192600
2013-06-17,28.672340393066406,35.0,35.15999984741211,34.630001068115234,34.689998626708984,49670100
2013-06-18,28.65594291687012,34.97999954223633,35.16999816894531,34.900001525878906,34.970001220703125,28616500
2013-06-19,28.33645439147949,34.59000015258789,35.09000015258789,34.59000015258789,34.959999084472656,30816200
2013-06-20,27.4353256225586,33.4900016784668,34.33000183105469,33.369998931884766,34.2599983215332,54493700
2013-06-21,27.255104064941406,33.27000045776367,33.72999954223633,33.04999923706055,33.65999984741211,85338500
2013-06-24,27.62374687194824,33.720001220703125,34.20000076293945,32.56999969482422,32.939998626708984,56109000
2013-06-25,27.58278465270996,33.66999816894531,34.380001068115234,33.459999084472656,34.08000183105469,44073400
2013-06-26,28.139848709106445,34.349998474121094,34.47999954223633,33.88999938964844,34.119998931884766,48665900
2013-06-27,28.361034393310547,34.619998931884766,34.779998779296875,34.5,34.52000045776367,28993100
2013-06-28,28.295494079589844,34.540000915527344,34.790000915527344,34.34000015258789,34.380001068115234,65545500
2013-07-01,28.148048400878903,34.36000061035156,34.9900016784668,34.33000183105469,34.75,31055400
2013-07-02,27.80397605895996,33.939998626708984,34.439998626708984,33.630001068115234,34.40999984741211,37630000
2013-07-03,27.861310958862305,34.0099983215332,34.369998931884766,33.599998474121094,33.65999984741211,15994400
2013-07-05,28.02515411376953,34.209999084472656,34.2400016784668,33.58000183105469,34.09000015258789,26085900
2013-07-08,28.12347221374512,34.33000183105469,34.59000015258789,33.97999954223633,34.349998474121094,32396900
2013-07-09,28.139848709106445,34.349998474121094,34.599998474121094,34.13999938964844,34.58000183105469,25318500
2013-07-10,28.42656707763672,34.70000076293945,34.810001373291016,34.31999969482422,34.34000015258789,29658800
2013-07-11,29.23758125305176,35.689998626708984,35.77000045776367,34.900001525878906,35.0,53638300
2013-07-12,29.2212028503418,35.66999816894531,35.72999954223633,35.279998779296875,35.58000183105469,35501200
2013-07-15,29.63081359863281,36.16999816894531,36.220001220703125,35.58000183105469,35.65999984741211,34142600
2013-07-16,29.71273803710937,36.27000045776367,36.43000030517578,35.959999084472656,36.0099983215332,36378500
2013-07-17,29.27854347229004,35.7400016784668,36.38999938964844,35.4900016784668,36.34000015258789,37285100
2013-07-18,29.03280258178711,35.439998626708984,35.88999938964844,35.220001220703125,35.720001220703125,49547100
2013-07-19,25.723180770874023,31.39999961853028,32.66999816894531,31.020000457763672,32.400001525878906,248428500
2013-07-22,26.22289657592773,32.0099983215332,32.0099983215332,31.600000381469727,31.700000762939453,79040700
2013-07-23,26.0672550201416,31.81999969482422,32.040000915527344,31.709999084472656,31.90999984741211,65810400
2013-07-24,26.18193817138672,31.959999084472656,32.189998626708984,31.88999938964844,32.040000915527344,52803100
2013-07-25,25.714988708496094,31.38999938964844,31.64999961853028,31.25,31.6200008392334,63213000
2013-07-26,25.90340805053711,31.6200008392334,31.6200008392334,31.209999084472656,31.26000022888184,38633600
2013-07-29,25.837873458862305,31.540000915527344,31.600000381469727,31.39999961853028,31.46999931335449,28870700
2013-07-30,26.091827392578125,31.850000381469727,32.119998931884766,31.549999237060547,31.780000686645508,45799500
2013-07-31,26.08363342285156,31.84000015258789,32.04999923706055,31.709999084472656,31.96999931335449,43898400
2013-08-01,25.944366455078125,31.670000076293945,32.09000015258789,31.600000381469727,32.060001373291016,42557900
2013-08-02,26.12459945678711,31.88999938964844,31.89999961853028,31.56999969482422,31.690000534057617,29199900
2013-08-05,25.96894645690918,31.700000762939453,32.0,31.63999938964844,31.89999961853028,30984000
2013-08-06,25.87063789367676,31.57999992370605,31.670000076293945,31.3799991607666,31.549999237060547,36331500
2013-08-07,26.26386260986328,32.060001373291016,32.099998474121094,31.25,31.540000915527344,38078600
2013-08-08,26.94379997253418,32.88999938964844,33.06999969482422,32.04999923706055,32.2400016784668,59034400
2013-08-09,26.78815650939941,32.70000076293945,32.900001525878906,32.470001220703125,32.77000045776367,26800700
2013-08-12,26.92742156982422,32.869998931884766,32.970001220703125,32.459999084472656,32.459999084472656,25493700
2013-08-13,26.58917617797852,32.22999954223633,32.54999923706055,32.209999084472656,32.5099983215332,39464100
2013-08-14,26.68818092346192,32.349998474121094,33.36000061035156,31.700000762939453,32.13999938964844,48519600
2013-08-15,26.226184844970703,31.790000915527344,32.18000030517578,30.84000015258789,32.0,33338000
2013-08-16,26.234434127807617,31.799999237060547,31.989999771118164,31.65999984741211,31.790000915527344,32866300
2013-08-19,25.89619255065918,31.38999938964844,31.96999931335449,31.3799991607666,31.76000022888184,27902500
2013-08-20,26.085935592651367,31.6200008392334,31.89999961853028,31.3700008392334,31.440000534057617,22979600
2013-08-21,26.07769012451172,31.61000061035156,32.0099983215332,31.540000915527344,31.61000061035156,37409100
2013-08-22,26.721168518066406,32.38999938964844,32.4900016784668,32.099998474121094,32.189998626708984,31169900
2013-08-23,28.66813087463379,34.75,35.20000076293945,34.0,35.16999816894531,225493800
2013-08-26,28.173141479492188,34.150001525878906,34.66999816894531,34.029998779296875,34.400001525878906,72786800
2013-08-27,27.43890380859375,33.2599983215332,34.099998474121094,33.150001525878906,33.52000045776367,58522300
2013-08-28,27.24091339111328,33.02000045776367,33.599998474121094,33.0,33.38999938964844,44257400
2013-08-29,27.67815399169922,33.54999923706055,33.599998474121094,32.79999923706055,32.93000030517578,45284700
2013-08-30,27.554412841796875,33.400001525878906,33.47999954223633,33.09000015258789,33.369998931884766,42790200
2013-09-03,26.300432205200195,31.8799991607666,32.06999969482422,31.290000915527344,31.75,154507000
2013-09-04,25.739452362060547,31.200000762939453,31.46999931335449,31.11000061035156,31.38999938964844,142320600
2013-09-05,25.76420021057129,31.229999542236328,31.440000534057617,30.950000762939453,31.100000381469727,71644900
2013-09-06,25.69819641113281,31.14999961853028,31.38999938964844,31.1299991607666,31.309999465942383,75434900
2013-09-09,26.11894416809082,31.65999984741211,31.790000915527344,31.200000762939453,31.21999931335449,49628500
2013-09-10,26.721168518066406,32.38999938964844,32.400001525878906,31.790000915527344,31.89999961853028,56881200
2013-09-11,27.009918212890625,32.7400016784668,32.93000030517578,32.529998779296875,32.56999969482422,39087500
2013-09-12,26.96866798400879,32.689998626708984,32.779998779296875,32.59000015258789,32.720001220703125,32860200
2013-09-13,27.249164581298828,33.029998779296875,33.06999969482422,32.5099983215332,32.77000045776367,40899000
2013-09-16,27.05941772460937,32.79999923706055,33.5,32.72999954223633,33.380001068115234,52839700
2013-09-17,27.16666603088379,32.93000030517578,33.470001220703125,32.900001525878906,33.41999816894531,84716500
2013-09-18,27.48840713500977,33.31999969482422,33.400001525878906,32.83000183105469,32.9900016784668,64099900
2013-09-19,27.752405166625977,33.63999938964844,33.68000030517578,33.31999969482422,33.47999954223633,42026600
2013-09-20,27.051164627075195,32.790000915527344,33.47999954223633,32.689998626708984,33.40999984741211,102904900
2013-09-23,27.009918212890625,32.7400016784668,32.970001220703125,32.5,32.540000915527344,39826100
2013-09-24,26.770675659179688,32.45000076293945,32.869998931884766,32.150001525878906,32.869998931884766,40685000
2013-09-25,26.820173263549805,32.5099983215332,32.79999923706055,32.400001525878906,32.4900016784668,28907500
2013-09-26,27.0346622467041,32.77000045776367,33.0,32.59000015258789,32.63999938964844,28504000
2013-09-27,27.44716453552246,33.27000045776367,33.75,32.869998931884766,32.880001068115234,55348000
2013-09-30,27.45540428161621,33.279998779296875,33.310001373291016,32.70000076293945,33.0,39839500
2013-10-01,27.702905654907227,33.58000183105469,33.61000061035156,33.29999923706055,33.349998474121094,36718700
2013-10-02,27.98340034484864,33.91999816894531,34.029998779296875,33.290000915527344,33.36000061035156,46946800
2013-10-03,27.93390655517578,33.86000061035156,34.0,33.41999816894531,33.880001068115234,38703800
2013-10-04,27.950395584106445,33.880001068115234,33.9900016784668,33.619998931884766,33.689998626708984,33008100
2013-10-07,27.471912384033203,33.29999923706055,33.709999084472656,33.20000076293945,33.599998474121094,35069300
2013-10-08,27.23265266418457,33.0099983215332,33.33000183105469,32.79999923706055,33.310001373291016,41017600
2013-10-09,27.28215980529785,33.06999969482422,33.349998474121094,32.959999084472656,33.06999969482422,35878600
2013-10-10,27.85140419006348,33.7599983215332,33.88999938964844,33.2599983215332,33.310001373291016,42875100
2013-10-11,28.156641006469727,34.130001068115234,34.13999938964844,33.68000030517578,33.68000030517578,30033300
2013-10-14,28.420642852783203,34.45000076293945,34.5,33.779998779296875,33.900001525878906,27757900
2013-10-15,28.4536361694336,34.4900016784668,34.9900016784668,34.470001220703125,34.66999816894531,47097800
2013-10-16,28.57738494873047,34.63999938964844,34.900001525878906,34.560001373291016,34.599998474121094,35111600
2013-10-17,28.808364868164062,34.91999816894531,34.9900016784668,34.369998931884766,34.45000076293945,31359200
2013-10-18,28.84137725830078,34.959999084472656,34.9900016784668,34.33000183105469,34.81999969482422,41811700
2013-10-21,28.86612701416016,34.9900016784668,35.20000076293945,34.90999984741211,34.97999954223633,27433500
2013-10-22,28.527889251708984,34.58000183105469,35.099998474121094,34.52000045776367,35.02000045776367,40438500
2013-10-23,27.85140419006348,33.7599983215332,34.4900016784668,33.66999816894531,34.349998474121094,58600500
2013-10-24,27.818408966064453,33.720001220703125,34.099998474121094,33.56999969482422,33.81999969482422,53209700
2013-10-25,29.47661781311035,35.72999954223633,36.290000915527344,35.470001220703125,35.880001068115234,113494000
2013-10-28,29.344615936279297,35.56999969482422,35.72999954223633,35.27000045776367,35.61000061035156,38383600
2013-10-29,29.303367614746094,35.52000045776367,35.720001220703125,35.2599983215332,35.630001068115234,31702200
2013-10-30,29.319862365722656,35.540000915527344,35.790000915527344,35.43000030517578,35.529998779296875,36997700
2013-10-31,29.212615966796875,35.40999984741211,35.689998626708984,35.34000015258789,35.65999984741211,41682300
2013-11-01,29.311622619628903,35.529998779296875,35.689998626708984,35.38999938964844,35.66999816894531,40264600
2013-11-04,29.64986228942871,35.939998626708984,35.97999954223633,35.54999923706055,35.59000015258789,28060700
2013-11-05,30.227344512939453,36.63999938964844,36.709999084472656,35.77000045776367,35.790000915527344,51681900
2013-11-06,31.49781608581543,38.18000030517578,38.220001220703125,37.060001373291016,37.2400016784668,88948800
2013-11-07,30.936830520629883,37.5,38.0099983215332,37.43000030517578,37.959999084472656,60437400
2013-11-08,31.167835235595703,37.77999877929688,37.77999877929688,37.34000015258789,37.66999816894531,36737800
2013-11-11,31.01108932495117,37.59000015258789,37.77999877929688,37.34999847412109,37.68999862670898,26872500
2013-11-12,30.821332931518555,37.36000061035156,37.59999847412109,37.20000076293945,37.380001068115234,31651600
2013-11-13,31.481340408325195,38.15999984741211,38.15999984741211,36.900001525878906,36.97999954223633,44957600
2013-11-14,31.36582374572754,38.02000045776367,38.130001068115234,37.720001220703125,37.869998931884766,46183700
2013-11-15,31.217344284057617,37.84000015258789,38.02000045776367,37.720001220703125,37.95000076293945,50601300
2013-11-18,30.6893367767334,37.20000076293945,37.58000183105469,37.06999969482422,37.34999847412109,53277500
2013-11-19,30.539718627929688,36.7400016784668,37.22999954223633,36.66999816894531,36.84999847412109,44275000
2013-11-20,30.822343826293945,37.08000183105469,37.40999984741211,36.86000061035156,36.91999816894531,32229900
2013-11-21,31.08832550048828,37.400001525878906,37.52999877929688,37.2599983215332,37.27000045776367,23064700
2013-11-22,31.229639053344727,37.56999969482422,37.68000030517578,37.33000183105469,37.52999877929688,27982000
2013-11-25,31.287822723388672,37.63999938964844,37.95000076293945,37.56999969482422,37.93000030517578,30646800
2013-11-26,31.04676818847656,37.34999847412109,37.650001525878906,37.34999847412109,37.56999969482422,34465300
2013-11-27,31.25457191467285,37.59999847412109,37.7599983215332,37.4900016784668,37.56999969482422,26002100
2013-11-29,31.695146560668945,38.130001068115234,38.290000915527344,37.81999969482422,37.81999969482422,22090400
2013-12-02,31.96114158630371,38.45000076293945,38.77999877929688,38.060001373291016,38.09000015258789,42950400
2013-12-03,31.84476089477539,38.310001373291016,38.4900016784668,38.08000183105469,38.13999938964844,52109800
2013-12-04,32.36844253540039,38.93999862670898,38.97999954223633,38.119998931884766,38.209999084472656,51983600
2013-12-05,31.58707618713379,38.0,38.880001068115234,37.18000030517578,38.84999847412109,116305000
2013-12-06,31.886329650878903,38.36000061035156,38.54999923706055,37.9900016784668,38.41999816894531,36457300
2013-12-09,32.17725372314453,38.709999084472656,38.869998931884766,38.369998931884766,38.560001373291016,30286000
2013-12-10,31.67850685119629,38.11000061035156,38.900001525878906,38.02000045776367,38.61000061035156,37828600
2013-12-11,31.262889862060547,37.61000061035156,38.29999923706055,37.38999938964844,38.060001373291016,39853400
2013-12-12,30.9387149810791,37.220001220703125,37.63999938964844,37.18000030517578,37.63999938964844,36012800
2013-12-13,30.49814414978028,36.68999862670898,37.45000076293945,36.619998931884766,37.41999816894531,40066100
2013-12-16,30.664400100708008,36.88999938964844,37.0,36.540000915527344,36.72999954223633,31734200
2013-12-17,30.356840133666992,36.52000045776367,37.11000061035156,36.33000183105469,36.93999862670898,45687700
2013-12-18,30.406721115112305,36.58000183105469,36.59999847412109,35.529998779296875,36.36000061035156,63192100
2013-12-19,30.132402420043945,36.25,36.54999923706055,36.08000183105469,36.5099983215332,34160100
2013-12-20,30.58960723876953,36.79999923706055,36.93000030517578,36.18999862670898,36.20000076293945,62649100
2013-12-23,30.43996238708496,36.619998931884766,36.88999938964844,36.54999923706055,36.810001373291016,25128700
2013-12-24,30.822343826293945,37.08000183105469,37.16999816894531,36.63999938964844,36.720001220703125,14243000
2013-12-26,31.121585845947266,37.43999862670898,37.4900016784668,37.16999816894531,37.20000076293945,17612800
2013-12-27,30.99689674377441,37.290000915527344,37.619998931884766,37.16999816894531,37.58000183105469,14563000
2013-12-30,30.99689674377441,37.290000915527344,37.380001068115234,36.900001525878906,37.220001220703125,16290500
2013-12-31,31.09664726257324,37.40999984741211,37.58000183105469,37.220001220703125,37.400001525878906,17503500
2014-01-02,30.888822555541992,37.15999984741211,37.400001525878906,37.09999847412109,37.34999847412109,30632200
2014-01-03,30.681026458740234,36.90999984741211,37.220001220703125,36.59999847412109,37.20000076293945,31134800
2014-01-06,30.03265380859375,36.130001068115234,36.88999938964844,36.11000061035156,36.84999847412109,43603700
2014-01-07,30.265417098999023,36.40999984741211,36.4900016784668,36.209999084472656,36.33000183105469,35802800
2014-01-08,29.725101470947266,35.7599983215332,36.13999938964844,35.58000183105469,36.0,59971700
2014-01-09,29.53391456604004,35.529998779296875,35.90999984741211,35.400001525878906,35.880001068115234,36516300
2014-01-10,29.957847595214844,36.040000915527344,36.150001525878906,35.75,35.900001525878906,40548800
2014-01-13,29.076736450195312,34.97999954223633,36.02000045776367,34.83000183105469,35.9900016784668,45901900
2014-01-14,29.741724014282227,35.779998779296875,35.880001068115234,34.630001068115234,34.72999954223633,41623300
2014-01-15,30.55632972717285,36.7599983215332,36.790000915527344,35.849998474121094,35.900001525878906,44812600
2014-01-16,30.664400100708008,36.88999938964844,37.0,36.310001373291016,36.68999862670898,38018700
2014-01-17,30.24047088623047,36.380001068115234,36.83000183105469,36.150001525878906,36.83000183105469,46267500
2014-01-21,30.06591987609864,36.16999816894531,36.81999969482422,36.060001373291016,36.81999969482422,31567300
2014-01-22,29.866416931152344,35.93000030517578,36.31999969482422,35.75,36.2599983215332,21904300
2014-01-23,29.97447395324707,36.060001373291016,36.130001068115234,35.52000045776367,36.09000015258789,43954000
2014-01-24,30.59790802001953,36.810001373291016,37.54999923706055,36.52999877929688,37.45000076293945,76395500
2014-01-27,29.94953155517578,36.02999877929688,36.88999938964844,35.97999954223633,36.869998931884766,44420800
2014-01-28,30.149045944213867,36.27000045776367,36.38999938964844,35.75,36.119998931884766,36205500
2014-01-29,30.47321128845215,36.65999984741211,36.880001068115234,35.900001525878906,35.97999954223633,52745900
2014-01-30,30.63947105407715,36.86000061035156,36.880001068115234,36.22999954223633,36.790000915527344,35036300
2014-01-31,31.454082489013672,37.84000015258789,37.88999938964844,36.560001373291016,36.95000076293945,93162300
2014-02-03,30.3236026763916,36.47999954223633,37.9900016784668,36.43000030517578,37.7400016784668,64063100
2014-02-04,30.21553039550781,36.34999847412109,37.18999862670898,36.25,36.970001220703125,54697900
2014-02-05,29.77497673034668,35.81999969482422,36.470001220703125,35.79999923706055,36.290000915527344,55814400
2014-02-06,30.07422637939453,36.18000030517578,36.25,35.689998626708984,35.79999923706055,35351800
2014-02-07,30.390092849731445,36.560001373291016,36.59000015258789,36.0099983215332,36.31999969482422,33260500
2014-02-10,30.58960723876953,36.79999923706055,36.79999923706055,36.290000915527344,36.630001068115234,26767000
2014-02-11,30.89714431762696,37.16999816894531,37.2599983215332,36.86000061035156,36.880001068115234,32141400
2014-02-12,31.14652442932129,37.470001220703125,37.59999847412109,37.29999923706055,37.34999847412109,27051800
2014-02-13,31.262889862060547,37.61000061035156,37.86000061035156,37.33000183105469,37.33000183105469,37635500
2014-02-14,31.27120590209961,37.619998931884766,37.77999877929688,37.33000183105469,37.38999938964844,31407500
2014-02-18,31.33820152282715,37.41999816894531,37.77999877929688,37.40999984741211,37.630001068115234,32834000
2014-02-19,31.4135799407959,37.5099983215332,37.75,37.209999084472656,37.220001220703125,29750400
2014-02-20,31.61456871032715,37.75,37.869998931884766,37.400001525878906,37.56999969482422,27526100
2014-02-21,31.80719375610352,37.97999954223633,38.34999847412109,37.86000061035156,37.93999862670898,38021300
2014-02-24,31.56431770324707,37.68999862670898,37.97999954223633,37.540000915527344,37.68999862670898,32085100
2014-02-25,31.438701629638672,37.540000915527344,37.84999847412109,37.34999847412109,37.61000061035156,30736500
2014-02-26,31.38007926940918,37.470001220703125,37.7400016784668,37.18999862670898,37.58000183105469,41041800
2014-02-27,31.70669174194336,37.86000061035156,37.88999938964844,37.22999954223633,37.45000076293945,33903400
2014-02-28,32.08354568481445,38.310001373291016,38.459999084472656,37.81999969482422,37.97999954223633,41215000
2014-03-03,31.63969993591309,37.77999877929688,38.130001068115234,37.4900016784668,37.91999816894531,29717500
2014-03-04,32.16729736328125,38.40999984741211,38.47999954223633,38.06999969482422,38.20000076293945,26802400
2014-03-05,31.916051864624023,38.11000061035156,38.27000045776367,37.93000030517578,38.25,20520100
2014-03-06,31.949562072753903,38.150001525878906,38.2400016784668,37.88999938964844,38.13999938964844,23582200
2014-03-07,31.74019241333008,37.900001525878906,38.36000061035156,37.68999862670898,38.27999877929688,26591600
2014-03-10,31.67319679260254,37.81999969482422,38.0099983215332,37.720001220703125,37.9900016784668,19006600
2014-03-11,31.840681076049805,38.02000045776367,38.22999954223633,37.720001220703125,37.869998931884766,25216400
2014-03-12,32.05007553100586,38.27000045776367,38.43000030517578,37.790000915527344,37.79999923706055,30494100
2014-03-13,31.731809616088867,37.88999938964844,38.45000076293945,37.63999938964844,38.41999816894531,32169700
2014-03-14,31.57269859313965,37.70000076293945,38.13999938964844,37.5099983215332,37.650001525878906,27195600
2014-03-17,31.86581420898437,38.04999923706055,38.40999984741211,37.790000915527344,37.900001525878906,20479600
2014-03-18,33.12200927734375,39.54999923706055,39.900001525878906,38.220001220703125,38.2599983215332,64063900
2014-03-19,32.88752365112305,39.27000045776367,39.54999923706055,38.90999984741211,39.470001220703125,35597200
2014-03-20,33.77525329589844,40.33000183105469,40.650001525878906,39.2400016784668,39.25,59269800
2014-03-21,33.63286590576172,40.15999984741211,40.93999862670898,40.0099983215332,40.720001220703125,80721800
2014-03-24,33.91761016845703,40.5,40.63999938964844,39.86000061035156,40.34000015258789,46098400
2014-03-25,33.78362274169922,40.34000015258789,40.9900016784668,39.959999084472656,40.65999984741211,43193100
2014-03-26,33.32300567626953,39.790000915527344,40.709999084472656,39.59999847412109,40.47999954223633,41977500
2014-03-27,32.9629020690918,39.36000061035156,39.970001220703125,39.34000015258789,39.7400016784668,35369200
2014-03-28,33.75011444091797,40.29999923706055,40.63999938964844,39.68000030517578,39.790000915527344,43472700
2014-03-31,34.327980041503906,40.9900016784668,41.5,40.400001525878906,40.43000030517578,46886300
2014-04-01,34.68809509277344,41.41999816894531,41.59000015258789,41.06999969482422,41.150001525878906,32605000
2014-04-02,34.62947082519531,41.34999847412109,41.65999984741211,41.16999816894531,41.43999862670898,28666700
2014-04-03,34.3447265625,41.0099983215332,41.290000915527344,40.709999084472656,41.290000915527344,30139600
2014-04-04,33.3900032043457,39.869998931884766,41.38999938964844,39.63999938964844,41.25,51409600
2014-04-07,33.331390380859375,39.79999923706055,40.27000045776367,39.7400016784668,39.959999084472656,37559600
2014-04-08,33.34814453125,39.81999969482422,39.93000030517578,39.20000076293945,39.75,35918600
2014-04-09,33.89249801635742,40.470001220703125,40.54999923706055,39.880001068115234,39.93000030517578,27398700
2014-04-10,32.9629020690918,39.36000061035156,40.68999862670898,39.09000015258789,40.43999862670898,45960800
2014-04-11,32.83727264404297,39.209999084472656,39.790000915527344,39.0,39.0,34330200
2014-04-14,32.81216812133789,39.18000030517578,39.40999984741211,38.900001525878906,39.11000061035156,32006600
2014-04-15,33.289512634277344,39.75,39.959999084472656,39.04999923706055,39.34000015258789,33968700
2014-04-16,33.833866119384766,40.400001525878906,40.41999816894531,39.90999984741211,40.060001373291016,30615800
2014-04-17,33.50724792480469,40.0099983215332,40.20000076293945,39.5099983215332,40.0099983215332,36688400
2014-04-21,33.44863510131836,39.93999862670898,40.150001525878906,39.790000915527344,40.130001068115234,22221200
2014-04-22,33.49050521850586,39.9900016784668,40.13999938964844,39.83000183105469,39.959999084472656,27056700
2014-04-23,33.239261627197266,39.68999862670898,39.9900016784668,39.470001220703125,39.9900016784668,24602800
2014-04-24,33.38163757324219,39.86000061035156,39.970001220703125,39.29999923706055,39.7400016784668,42381600
2014-04-25,33.42351150512695,39.90999984741211,40.68000030517578,39.75,40.290000915527344,56876800
2014-04-28,34.227481842041016,40.869998931884766,41.290000915527344,40.09000015258789,40.13999938964844,50610200
2014-04-29,33.925987243652344,40.5099983215332,41.18999862670898,40.38999938964844,41.09999847412109,29636200
2014-04-30,33.833866119384766,40.400001525878906,40.5,40.16999816894531,40.400001525878906,35458700
2014-05-01,33.49888229370117,40.0,40.36000061035156,39.95000076293945,40.2400016784668,28787400
2014-05-02,33.239261627197266,39.68999862670898,40.34000015258789,39.65999984741211,40.310001373291016,43416600
2014-05-05,33.02153015136719,39.43000030517578,39.63999938964844,39.29999923706055,39.52000045776367,22460900
2014-05-06,32.7116584777832,39.060001373291016,39.34999847412109,38.95000076293945,39.290000915527344,27112400
2014-05-07,33.01314163208008,39.41999816894531,39.5099983215332,38.5099983215332,39.220001220703125,41744500
2014-05-08,33.197391510009766,39.63999938964844,39.900001525878906,38.970001220703125,39.34000015258789,32120400
2014-05-09,33.11363983154297,39.540000915527344,39.84999847412109,39.369998931884766,39.540000915527344,29647600
2014-05-12,33.47374725341797,39.970001220703125,40.02000045776367,39.650001525878906,39.7400016784668,22782600
2014-05-13,34.08942794799805,40.41999816894531,40.5,39.84999847412109,39.91999816894531,27004800
2014-05-14,33.9376220703125,40.2400016784668,40.45000076293945,40.04999923706055,40.29999923706055,18818700
2014-05-15,33.39784622192383,39.59999847412109,40.400001525878906,39.5099983215332,40.09000015258789,37793200
2014-05-16,33.59184265136719,39.83000183105469,39.84000015258789,39.27000045776367,39.66999816894531,29867100
2014-05-19,33.524356842041016,39.75,39.81999969482422,39.459999084472656,39.61000061035156,24537400
2014-05-20,33.46532440185547,39.68000030517578,39.93999862670898,39.459999084472656,39.68000030517578,21320900
2014-05-21,34.0303955078125,40.34999847412109,40.34999847412109,39.7400016784668,39.79999923706055,22398700
2014-05-22,33.819541931152344,40.09999847412109,40.34999847412109,39.84999847412109,40.290000915527344,20201800
2014-05-23,33.83639907836914,40.119998931884766,40.369998931884766,40.0,40.369998931884766,18020000
2014-05-27,33.89545440673828,40.18999862670898,40.2599983215332,39.810001373291016,40.2599983215332,26160600
2014-05-28,33.743629455566406,40.0099983215332,40.18999862670898,39.81999969482422,40.13999938964844,25711500
2014-05-29,34.021949768066406,40.34000015258789,40.34999847412109,39.90999984741211,40.150001525878906,19888200
2014-05-30,34.52798080444336,40.93999862670898,40.970001220703125,40.25,40.45000076293945,34567600
2014-06-02,34.401466369628906,40.790000915527344,41.09000015258789,40.68000030517578,40.95000076293945,18504300
2014-06-03,33.97978591918945,40.290000915527344,40.68000030517578,40.25,40.59999847412109,18068900
2014-06-04,34.00507736206055,40.31999969482422,40.369998931884766,39.86000061035156,40.209999084472656,23209000
2014-06-05,34.75569534301758,41.209999084472656,41.25,40.400001525878906,40.59000015258789,31865200
2014-06-06,34.9834098815918,41.47999954223633,41.65999984741211,41.2400016784668,41.47999954223633,24060500
2014-06-09,34.806297302246094,41.27000045776367,41.47999954223633,41.02000045776367,41.38999938964844,15019200
2014-06-10,34.67135238647461,41.11000061035156,41.15999984741211,40.86000061035156,41.02999877929688,15117700
2014-06-11,34.46051788330078,40.86000061035156,41.06999969482422,40.77000045776367,40.93000030517578,18040000
2014-06-12,34.2243766784668,40.58000183105469,40.880001068115234,40.290000915527344,40.810001373291016,29818900
2014-06-13,34.77256774902344,41.22999954223633,41.56999969482422,40.86000061035156,41.09999847412109,26310000
2014-06-16,35.00028610229492,41.5,41.61000061035156,41.040000915527344,41.040000915527344,24205300
2014-06-17,35.1520881652832,41.68000030517578,41.90999984741211,40.34000015258789,41.290000915527344,22518600
2014-06-18,35.12678146362305,41.650001525878906,41.7400016784668,41.18000030517578,41.61000061035156,27097000
2014-06-19,35.00870513916016,41.5099983215332,41.77000045776367,41.33000183105469,41.56999969482422,19828200
2014-06-20,35.1520881652832,41.68000030517578,41.83000183105469,41.380001068115234,41.45000076293945,47764900
2014-06-23,35.413543701171875,41.9900016784668,42.0,41.68999862670898,41.72999954223633,18743900
2014-06-24,35.21110916137695,41.75,41.93999862670898,41.560001373291016,41.83000183105469,26509100
2014-06-25,35.447261810302734,42.02999877929688,42.04999923706055,41.459999084472656,41.70000076293945,20049100
2014-06-26,35.18583679199219,41.720001220703125,41.93999862670898,41.43000030517578,41.93000030517578,23604400
2014-06-27,35.63282012939453,42.25,42.290000915527344,41.5099983215332,41.61000061035156,74640000
2014-06-30,35.168941497802734,41.70000076293945,42.209999084472656,41.70000076293945,42.16999816894531,30793100
2014-07-01,35.31233215332031,41.869998931884766,42.150001525878906,41.68999862670898,41.86000061035156,26917000
2014-07-02,35.337623596191406,41.900001525878906,41.900001525878906,41.52999877929688,41.72999954223633,20208100
2014-07-03,35.25328063964844,41.79999923706055,41.9900016784668,41.560001373291016,41.90999984741211,15969300
2014-07-07,35.413543701171875,41.9900016784668,42.119998931884766,41.709999084472656,41.75,21952400
2014-07-08,35.23642349243164,41.77999877929688,42.0,41.61000061035156,41.869998931884766,31218200
2014-07-09,35.143646240234375,41.66999816894531,41.9900016784668,41.52999877929688,41.97999954223633,18445900
2014-07-10,35.1605110168457,41.68999862670898,42.0,41.04999923706055,41.369998931884766,21854700
2014-07-11,35.49787139892578,42.09000015258789,42.09000015258789,41.47999954223633,41.70000076293945,24083000
2014-07-14,35.54002380371094,42.13999938964844,42.45000076293945,42.040000915527344,42.220001220703125,21881100
2014-07-15,35.80147933959961,42.45000076293945,42.470001220703125,42.02999877929688,42.33000183105469,28748700
2014-07-16,37.17619705200195,44.08000183105469,44.310001373291016,42.47999954223633,42.5099983215332,63318000
2014-07-17,37.55572509765625,44.52999877929688,45.709999084472656,44.25,45.45000076293945,82180300
2014-07-18,37.6906623840332,44.68999862670898,44.84000015258789,44.25,44.650001525878906,43407500
2014-07-21,37.81715774536133,44.84000015258789,45.15999984741211,44.220001220703125,44.560001373291016,37604400
2014-07-22,37.80873107910156,44.83000183105469,45.150001525878906,44.59000015258789,45.0,43095800
2014-07-23,37.84246826171875,44.869998931884766,45.45000076293945,44.619998931884766,45.45000076293945,52362900
2014-07-24,37.44607925415039,44.400001525878906,45.0,44.31999969482422,44.93000030517578,30725300
2014-07-25,37.53042602539063,44.5,44.65999984741211,44.29999923706055,44.29999923706055,26737700
2014-07-28,37.08341217041016,43.970001220703125,44.5099983215332,43.93000030517578,44.36000061035156,29684200
2014-07-29,37.01595687866211,43.88999938964844,44.09000015258789,43.63999938964844,43.90999984741211,27763100
2014-07-30,36.7545051574707,43.58000183105469,44.09999847412109,43.290000915527344,44.06999969482422,31921400
2014-07-31,36.40028762817383,43.15999984741211,43.68999862670898,43.08000183105469,43.380001068115234,31537500
2014-08-01,36.14728164672852,42.86000061035156,43.25,42.59999847412109,43.209999084472656,31170300
2014-08-04,36.57738494873047,43.369998931884766,43.470001220703125,42.810001373291016,42.970001220703125,34277400
2014-08-05,36.33282470703125,43.08000183105469,43.459999084472656,42.83000183105469,43.310001373291016,26266400
2014-08-06,36.04606628417969,42.7400016784668,43.16999816894531,42.209999084472656,42.7400016784668,24634000
2014-08-07,36.45932769775391,43.22999954223633,43.45000076293945,42.650001525878906,42.84000015258789,30314900
2014-08-08,36.43401336669922,43.20000076293945,43.31999969482422,42.90999984741211,43.22999954223633,28942700
2014-08-11,36.43401336669922,43.20000076293945,43.45000076293945,43.02000045776367,43.2599983215332,20351600
2014-08-12,36.70391082763672,43.52000045776367,43.59000015258789,43.0,43.040000915527344,21431100
2014-08-13,37.17619705200195,44.08000183105469,44.18000030517578,43.52000045776367,43.68000030517578,22889500
2014-08-14,37.33643341064453,44.27000045776367,44.41999816894531,44.0099983215332,44.08000183105469,19313200
2014-08-15,37.774993896484375,44.790000915527344,44.900001525878906,44.400001525878906,44.58000183105469,41611300
2014-08-18,38.04487991333008,45.11000061035156,45.11000061035156,44.68000030517578,44.93999862670898,26891100
2014-08-19,38.469200134277344,45.33000183105469,45.34000015258789,44.83000183105469,44.970001220703125,28139500
2014-08-20,38.14672088623047,44.95000076293945,45.400001525878906,44.900001525878906,45.34000015258789,24770500
2014-08-21,38.37583923339844,45.220001220703125,45.25,44.83000183105469,44.84000015258789,22285500
2014-08-22,38.316436767578125,45.150001525878906,45.470001220703125,45.06999969482422,45.34999847412109,18294500
2014-08-25,38.33341598510742,45.16999816894531,45.43999862670898,45.040000915527344,45.400001525878906,16910000
2014-08-26,38.19762802124024,45.0099983215332,45.400001525878906,44.93999862670898,45.310001373291016,14873100
2014-08-27,38.07881546020508,44.869998931884766,45.0,44.7599983215332,44.900001525878906,21287900
2014-08-28,38.08730697631836,44.880001068115234,44.97999954223633,44.61000061035156,44.75,17657600
2014-08-29,38.5540657043457,45.43000030517578,45.43999862670898,44.86000061035156,45.09000015258789,21607600
2014-09-02,38.265533447265625,45.09000015258789,45.459999084472656,44.84999847412109,45.43000030517578,22976800
2014-09-03,38.15520477294922,44.959999084472656,45.11000061035156,44.52999877929688,44.52999877929688,33684500
2014-09-04,38.409786224365234,45.2599983215332,45.27000045776367,44.720001220703125,44.7400016784668,26475500
2014-09-05,38.96141052246094,45.90999984741211,45.93000030517578,45.11000061035156,45.11000061035156,36939400
2014-09-08,39.4366569519043,46.470001220703125,46.79999923706055,45.9900016784668,46.02000045776367,45736700
2014-09-09,39.68277359008789,46.7599983215332,46.970001220703125,46.41999816894531,46.470001220703125,40302400
2014-09-10,39.75065994262695,46.84000015258789,46.93999862670898,46.27999877929688,46.81999969482422,27302400
2014-09-11,39.88644409179688,47.0,47.0,46.470001220703125,46.7400016784668,29216400
2014-09-12,39.63184356689453,46.70000076293945,47.02000045776367,46.59999847412109,46.90999984741211,38244700
2014-09-15,39.24147415161133,46.2400016784668,46.709999084472656,46.09999847412109,46.540000915527344,37667600
2014-09-16,39.68277359008789,46.7599983215332,46.84999847412109,46.290000915527344,46.38999938964844,27910600
2014-09-17,39.47908020019531,46.52000045776367,46.68999862670898,46.22999954223633,46.2599983215332,38311900
2014-09-18,39.6148796081543,46.68000030517578,46.83000183105469,46.459999084472656,46.59000015258789,35556600
2014-09-19,40.327735900878906,47.52000045776367,47.56999969482422,46.59999847412109,46.810001373291016,202522400
2014-09-22,39.93736267089844,47.060001373291016,47.380001068115234,46.97999954223633,47.29999923706055,38686100
2014-09-23,39.51303863525391,46.560001373291016,46.97999954223633,46.470001220703125,46.84999847412109,33430300
2014-09-24,39.954345703125,47.08000183105469,47.11000061035156,46.34000015258789,46.630001068115234,26582700
2014-09-25,39.07174301147461,46.040000915527344,47.09000015258789,46.02999877929688,46.880001068115234,33077400
2014-09-26,39.38574600219727,46.40999984741211,46.619998931884766,45.7599983215332,45.93000030517578,27078800
2014-09-29,39.41120147705078,46.43999862670898,46.560001373291016,45.7599983215332,45.97999954223633,26091000
2014-09-30,39.34331512451172,46.36000061035156,46.47999954223633,46.0099983215332,46.369998931884766,33033100
2014-10-01,38.95293426513672,45.900001525878906,46.52999877929688,45.84999847412109,46.27000045776367,38088400
2014-10-02,38.834110260009766,45.7599983215332,46.09999847412109,45.63999938964844,45.83000183105469,25119400
2014-10-03,39.114166259765625,46.09000015258789,46.29999923706055,45.61000061035156,45.97999954223633,32453200
2014-10-06,39.114166259765625,46.09000015258789,46.29999923706055,45.91999816894531,46.119998931884766,20604000
2014-10-07,38.6389274597168,45.52999877929688,45.93000030517578,45.41999816894531,45.86000061035156,25723700
2014-10-08,39.69975662231445,46.77999877929688,46.88999938964844,45.34000015258789,45.47999954223633,33031000
2014-10-09,38.91049575805664,45.84999847412109,46.79999923706055,45.7400016784668,46.5,34422800
2014-10-10,37.36596298217773,44.02999877929688,46.119998931884766,43.95000076293945,45.59999847412109,51978100
2014-10-13,37.04348373413086,43.650001525878906,44.560001373291016,43.4900016784668,43.81999969482422,37100200
2014-10-14,37.11137390136719,43.72999954223633,44.380001068115234,43.560001373291016,43.869998931884766,38115700
2014-10-15,36.67854690551758,43.220001220703125,43.38999938964844,42.09999847412109,43.0,60218700
2014-10-16,36.27121353149414,42.7400016784668,43.08000183105469,42.220001220703125,42.52999877929688,49040400
2014-10-17,37.0265007019043,43.630001068115234,43.93999862670898,42.790000915527344,43.20000076293945,40683300
2014-10-20,37.40838623046875,44.08000183105469,44.13999938964844,42.810001373291016,43.060001373291016,34527900
2014-10-21,38.08730697631836,44.880001068115234,44.97999954223633,44.18999862670898,44.36000061035156,36433800
2014-10-22,37.66298294067383,44.380001068115234,45.06999969482422,44.22999954223633,45.0,33570900
2014-10-23,38.20611572265625,45.02000045776367,45.45000076293945,44.52999877929688,44.619998931884766,45451900
2014-10-24,39.14812088012695,46.130001068115234,46.900001525878906,45.18000030517578,46.83000183105469,61076700
2014-10-27,38.96141052246094,45.90999984741211,46.09999847412109,45.709999084472656,45.709999084472656,30371300
2014-10-28,39.4536361694336,46.4900016784668,46.5,45.77000045776367,45.86000061035156,29049800
2014-10-29,39.56394958496094,46.619998931884766,46.70000076293945,46.34000015258789,46.43999862670898,30276100
2014-10-30,39.08022689819336,46.04999923706055,46.31999969482422,45.77000045776367,46.31999969482422,30073900
2014-10-31,39.84400939941406,46.95000076293945,46.970001220703125,46.47999954223633,46.93999862670898,35849700
2014-11-03,40.25983810424805,47.43999862670898,47.459999084472656,46.72999954223633,46.88999938964844,23130400
2014-11-04,40.37017440795898,47.56999969482422,47.72999954223633,47.25,47.29999923706055,21530800
2014-11-05,40.61626815795898,47.86000061035156,47.900001525878906,47.2599983215332,47.79999923706055,22449600
2014-11-06,41.32914352416992,48.70000076293945,48.86000061035156,47.790000915527344,47.86000061035156,33037800
2014-11-07,41.31217193603516,48.68000030517578,48.91999816894531,48.290000915527344,48.91999816894531,28000600
2014-11-10,41.49039459228516,48.88999938964844,49.150001525878906,48.54999923706055,48.650001525878906,36370100
2014-11-11,41.47341537475586,48.869998931884766,48.95000076293945,48.650001525878906,48.84999847412109,23445200
2014-11-12,41.39702987670898,48.77999877929688,48.91999816894531,48.52000045776367,48.560001373291016,22722100
2014-11-13,42.10141372680664,49.61000061035156,49.650001525878906,48.709999084472656,48.810001373291016,26210400
2014-11-14,42.07595443725586,49.58000183105469,50.04999923706055,49.38999938964844,49.7400016784668,29081700
2014-11-17,41.9741096496582,49.459999084472656,49.709999084472656,49.13999938964844,49.40999984741211,30318600
2014-11-18,41.62398910522461,48.7400016784668,49.33000183105469,48.70000076293945,49.130001068115234,23995500
2014-11-19,41.17989730834961,48.220001220703125,48.75,47.93000030517578,48.65999984741211,26177500
2014-11-20,41.58982467651367,48.70000076293945,48.70000076293945,47.869998931884766,48.0,21510600
2014-11-21,40.97493362426758,47.97999954223633,49.04999923706055,47.56999969482422,49.02000045776367,42884800
2014-11-24,40.641868591308594,47.59000015258789,48.0,47.38999938964844,47.9900016784668,35434200
2014-11-25,40.53939056396485,47.470001220703125,47.970001220703125,47.45000076293945,47.65999984741211,28008000
2014-11-26,40.77851486206055,47.75,47.9900016784668,47.27999877929688,47.4900016784668,27163600
2014-11-28,40.82975006103516,47.810001373291016,48.20000076293945,47.61000061035156,47.95000076293945,21534400
2014-12-01,41.5214958190918,48.619998931884766,48.77999877929688,47.709999084472656,47.880001068115234,31191600
2014-12-02,41.38486099243164,48.459999084472656,49.04999923706055,48.20000076293945,48.84000015258789,25773500
2014-12-03,41.06034469604492,48.08000183105469,48.5,47.810001373291016,48.43999862670898,23534800
2014-12-04,41.709381103515625,48.84000015258789,49.060001373291016,48.20000076293945,48.38999938964844,30320400
2014-12-05,41.3506965637207,48.41999816894531,48.970001220703125,48.380001068115234,48.81999969482422,27313400
2014-12-08,40.73581314086914,47.70000076293945,48.34999847412109,47.45000076293945,48.2599983215332,26663100
2014-12-09,40.641868591308594,47.59000015258789,47.91999816894531,47.04999923706055,47.11000061035156,24330500
2014-12-10,40.052616119384766,46.900001525878906,47.65999984741211,46.70000076293945,47.58000183105469,30431800
2014-12-11,40.283199310302734,47.16999816894531,47.7400016784668,46.68000030517578,47.08000183105469,29060400
2014-12-12,40.095314025878906,46.95000076293945,47.72999954223633,46.66999816894531,46.77999877929688,34248400
2014-12-15,39.85619735717773,46.66999816894531,47.66999816894531,46.54999923706055,47.20000076293945,29247800
2014-12-16,38.566650390625,45.15999984741211,46.34000015258789,45.130001068115234,45.900001525878906,47801400
2014-12-17,39.06197738647461,45.7400016784668,45.95000076293945,44.900001525878906,45.04999923706055,34970900
2014-12-18,40.58209228515625,47.52000045776367,47.52000045776367,46.34000015258789,46.58000183105469,40105600
2014-12-19,40.70165252685547,47.65999984741211,48.09999847412109,47.16999816894531,47.630001068115234,64551200
2014-12-22,40.97493362426758,47.97999954223633,48.119998931884766,47.709999084472656,47.77999877929688,26566000
2014-12-23,41.37631607055664,48.45000076293945,48.79999923706055,48.130001068115234,48.369998931884766,23648100
2014-12-24,41.1115837097168,48.13999938964844,48.63999938964844,48.08000183105469,48.63999938964844,11437800
2014-12-26,40.88953399658203,47.880001068115234,48.40999984741211,47.81999969482422,48.40999984741211,13197800
2014-12-29,40.52231597900391,47.45000076293945,47.77999877929688,47.2599983215332,47.70000076293945,14439500
2014-12-30,40.15508270263672,47.02000045776367,47.619998931884766,46.84000015258789,47.43999862670898,16384700
2014-12-31,39.66831207275391,46.45000076293945,47.43999862670898,46.45000076293945,46.72999954223633,21552500
2015-01-02,39.93305969238281,46.7599983215332,47.41999816894531,46.540000915527344,46.65999984741211,27913900
2015-01-05,39.56583404541016,46.33000183105469,46.72999954223633,46.25,46.369998931884766,39673900
2015-01-06,38.98511505126953,45.650001525878906,46.75,45.540000915527344,46.380001068115234,36447900
2015-01-07,39.48041915893555,46.22999954223633,46.459999084472656,45.4900016784668,45.97999954223633,29114100
2015-01-08,40.641868591308594,47.59000015258789,47.75,46.720001220703125,46.75,29645200
2015-01-09,40.3002815246582,47.18999862670898,47.81999969482422,46.900001525878906,47.61000061035156,23944200
2015-01-12,39.796424865722656,46.59999847412109,47.540000915527344,46.36000061035156,47.41999816894531,23651900
2015-01-13,39.59144592285156,46.36000061035156,47.90999984741211,46.060001373291016,46.970001220703125,35270600
2015-01-14,39.24985122680664,45.959999084472656,46.2400016784668,45.619998931884766,45.959999084472656,29719600
2015-01-15,38.839935302734375,45.47999954223633,46.380001068115234,45.40999984741211,46.220001220703125,32750800
2015-01-16,39.48896789550781,46.2400016784668,46.27999877929688,45.16999816894531,45.310001373291016,35695300
2015-01-20,39.617069244384766,46.38999938964844,46.650001525878906,45.56999969482422,46.29999923706055,36161900
2015-01-21,39.21569061279297,45.91999816894531,46.13999938964844,45.47999954223633,45.93999862670898,39081100
2015-01-22,40.24903869628906,47.130001068115234,47.13999938964844,46.08000183105469,46.380001068115234,35898000
2015-01-23,40.29173278808594,47.18000030517578,47.38999938964844,46.79999923706055,47.36000061035156,26211600
2015-01-26,40.14654922485352,47.0099983215332,47.130001068115234,46.2400016784668,47.0,42525500
2015-01-27,36.43165588378906,42.65999984741211,43.20000076293945,42.11000061035156,42.95000076293945,169164000
2015-01-28,35.176265716552734,41.18999862670898,42.790000915527344,41.15999984741211,42.7400016784668,84507100
2015-01-29,35.876556396484375,42.0099983215332,42.119998931884766,40.790000915527344,40.93000030517578,63585300
2015-01-30,34.501609802246094,40.400001525878906,41.58000183105469,40.34999847412109,41.54999923706055,78004900
2015-02-02,35.25313949584961,41.27999877929688,41.369998931884766,40.22999954223633,40.59000015258789,50352500
2015-02-03,35.526405334472656,41.59999847412109,41.93000030517578,41.04999923706055,41.630001068115234,52082400
2015-02-04,35.73137664794922,41.84000015258789,42.209999084472656,41.36000061035156,41.93999862670898,41614800
2015-02-05,36.25231552124024,42.45000076293945,42.63999938964844,41.86000061035156,42.220001220703125,36548200
2015-02-06,36.21816635131836,42.40999984741211,42.790000915527344,42.150001525878906,42.68000030517578,34616600
2015-02-09,36.17545318603516,42.36000061035156,42.7400016784668,42.209999084472656,42.2400016784668,31381100
2015-02-10,36.380409240722656,42.59999847412109,42.77000045776367,42.18000030517578,42.7400016784668,29670700
2015-02-11,36.19254302978516,42.380001068115234,42.650001525878906,42.209999084472656,42.650001525878906,38262500
2015-02-12,36.79887390136719,43.09000015258789,43.09000015258789,42.5099983215332,42.65999984741211,33268800
2015-02-13,37.46499252319336,43.869998931884766,43.869998931884766,43.150001525878906,43.380001068115234,40264900
2015-02-17,37.482200622558594,43.58000183105469,44.0,43.18999862670898,43.970001220703125,33695700
2015-02-18,37.43918991088867,43.52999877929688,43.70000076293945,43.38999938964844,43.630001068115234,27111700
2015-02-19,37.41338348388672,43.5,43.52999877929688,43.04999923706055,43.18000030517578,27603400
2015-02-20,37.7230224609375,43.86000061035156,43.880001068115234,43.290000915527344,43.5099983215332,29721100
2015-02-23,37.97244644165039,44.150001525878906,44.18999862670898,43.650001525878906,43.70000076293945,32518800
2015-02-24,37.920841217041016,44.09000015258789,44.29999923706055,43.91999816894531,44.150001525878906,25271700
2015-02-25,37.83482360839844,43.9900016784668,44.09000015258789,43.79999923706055,43.95000076293945,29759800
2015-02-26,37.89503479003906,44.060001373291016,44.22999954223633,43.88999938964844,43.9900016784668,28957300
2015-02-27,37.71441268920898,43.84999847412109,44.20000076293945,43.65999984741211,44.130001068115234,33807700
2015-03-02,37.7402229309082,43.880001068115234,44.18999862670898,43.54999923706055,43.66999816894531,31924000
2015-03-03,37.224159240722656,43.27999877929688,43.83000183105469,43.09000015258789,43.560001373291016,31748600
2015-03-04,37.03495788574219,43.060001373291016,43.209999084472656,42.880001068115234,43.0099983215332,25748700
2015-03-05,37.07796859741211,43.11000061035156,43.2400016784668,42.81999969482422,43.06999969482422,23193500
2015-03-06,36.432899475097656,42.36000061035156,43.11000061035156,42.150001525878906,43.0,36248800
2015-03-09,36.85432815551758,42.84999847412109,43.130001068115234,42.18999862670898,42.18999862670898,32108000
2015-03-10,36.14906311035156,42.02999877929688,42.709999084472656,42.02999877929688,42.34999847412109,39159700
2015-03-11,36.106075286865234,41.97999954223633,42.369998931884766,41.84000015258789,42.310001373291016,32215300
2015-03-12,35.28040313720703,41.02000045776367,41.650001525878906,40.86000061035156,41.33000183105469,59992500
2015-03-13,35.59002685546875,41.380001068115234,41.470001220703125,40.61000061035156,40.70000076293945,58007700
2015-03-16,35.74484634399414,41.560001373291016,41.63999938964844,41.27999877929688,41.470001220703125,35273500
2015-03-17,35.86524200439453,41.70000076293945,41.83000183105469,41.150001525878906,41.369998931884766,31673400
2015-03-18,36.55331802368164,42.5,42.83000183105469,41.33000183105469,41.43000030517578,44194800
2015-03-19,36.3726921081543,42.290000915527344,42.59000015258789,42.220001220703125,42.2599983215332,33879100
2015-03-20,36.88014221191406,42.880001068115234,42.97999954223633,42.4900016784668,42.560001373291016,71904500
2015-03-23,36.86294555664063,42.86000061035156,43.130001068115234,42.77999877929688,42.880001068115234,26246100
2015-03-24,36.8973503112793,42.900001525878906,43.16999816894531,42.75,42.77999877929688,25513300
2015-03-25,35.6588249206543,41.459999084472656,42.93000030517578,41.43999862670898,42.91999816894531,43469900
2015-03-26,35.44380569458008,41.209999084472656,41.61000061035156,40.91999816894531,41.220001220703125,37495600
2015-03-27,35.237396240234375,40.970001220703125,41.43000030517578,40.83000183105469,41.119998931884766,34401400
2015-03-30,35.22878646850586,40.959999084472656,41.540000915527344,40.90999984741211,41.09999847412109,35049700
2015-03-31,34.97076416015625,40.65999984741211,41.02999877929688,40.540000915527344,40.77999877929688,34887200
2015-04-01,35.022361755371094,40.720001220703125,40.7599983215332,40.310001373291016,40.59999847412109,36865300
2015-04-02,34.65253448486328,40.290000915527344,40.7400016784668,40.119998931884766,40.65999984741211,37487500
2015-04-06,35.736236572265625,41.54999923706055,41.77999877929688,40.18000030517578,40.34000015258789,39223700
2015-04-07,35.71903610229492,41.52999877929688,41.90999984741211,41.310001373291016,41.61000061035156,28809400
2015-04-08,35.62443542480469,41.41999816894531,41.68999862670898,41.040000915527344,41.459999084472656,24753400
2015-04-09,35.676029205322266,41.47999954223633,41.619998931884766,41.25,41.25,25723900
2015-04-10,35.88246154785156,41.720001220703125,41.95000076293945,41.40999984741211,41.630001068115234,28022000
2015-04-13,35.9168586730957,41.7599983215332,42.060001373291016,41.38999938964844,41.400001525878906,30276700
2015-04-14,35.82225799560547,41.650001525878906,42.02999877929688,41.38999938964844,41.79999923706055,24244400
2015-04-15,36.346900939941406,42.2599983215332,42.459999084472656,41.68000030517578,41.7599983215332,27343600
2015-04-16,36.26089096069336,42.15999984741211,42.34000015258789,41.81999969482422,41.95000076293945,22509700
2015-04-17,35.79644775390625,41.619998931884766,41.7400016784668,41.15999984741211,41.66999816894531,42387600
2015-04-20,36.90594100952149,42.90999984741211,43.16999816894531,41.68000030517578,41.72999954223633,46057700
2015-04-21,36.67372131347656,42.63999938964844,43.150001525878906,42.52999877929688,43.0,26013800
2015-04-22,36.97475051879883,42.9900016784668,43.130001068115234,42.54999923706055,42.66999816894531,25064300
2015-04-23,37.27576446533203,43.34000015258789,43.61000061035156,42.79999923706055,42.88999938964844,46309500
2015-04-24,41.17192840576172,47.869998931884766,48.13999938964844,45.650001525878906,45.65999984741211,130933700
2015-04-27,41.30954360961914,48.02999877929688,48.130001068115234,47.220001220703125,47.22999954223633,59248200
2015-04-28,42.28142929077149,49.15999984741211,49.209999084472656,47.70000076293945,47.77999877929688,60730800
2015-04-29,42.19541931152344,49.060001373291016,49.310001373291016,48.5,48.720001220703125,47804600
2015-04-30,41.83419418334961,48.63999938964844,49.540000915527344,48.59999847412109,48.70000076293945,64725500
2015-05-01,41.85138702392578,48.65999984741211,48.880001068115234,48.400001525878906,48.58000183105469,38937300
2015-05-04,41.49015808105469,48.2400016784668,48.869998931884766,48.18000030517578,48.369998931884766,34039500
2015-05-05,40.93971252441406,47.59999847412109,48.15999984741211,47.310001373291016,47.81999969482422,50369200
2015-05-06,39.80440902709961,46.27999877929688,47.77000045776367,46.02000045776367,47.56999969482422,52433000
2015-05-07,40.16563415527344,46.70000076293945,47.09000015258789,46.15999984741211,46.27000045776367,32971700
2015-05-08,41.06871795654297,47.75,47.97999954223633,47.52000045776367,47.54999923706055,35364900
2015-05-11,40.74188995361328,47.369998931884766,47.90999984741211,47.369998931884766,47.54999923706055,24609400
2015-05-12,40.72468566894531,47.34999847412109,47.68000030517578,46.41999816894531,46.84999847412109,29928300
2015-05-13,40.965518951416016,47.630001068115234,48.31999969482422,47.56999969482422,48.18999862670898,34184600
2015-05-14,41.90299224853516,48.720001220703125,48.81999969482422,48.02999877929688,48.02999877929688,32980900
2015-05-15,41.54176330566406,48.29999923706055,48.90999984741211,48.04999923706055,48.869998931884766,28642700
2015-05-18,41.2923469543457,48.0099983215332,48.220001220703125,47.61000061035156,47.97999954223633,24136500
2015-05-19,41.18846130371094,47.58000183105469,47.810001373291016,47.18000030517578,47.560001373291016,28574800
2015-05-20,41.18846130371094,47.58000183105469,47.93000030517578,47.27000045776367,47.38999938964844,25047900
2015-05-21,41.0499382019043,47.41999816894531,47.59999847412109,47.0099983215332,47.27999877929688,22410700
2015-05-22,40.59981155395508,46.900001525878906,47.34999847412109,46.81999969482422,47.29999923706055,25720600
2015-05-26,40.33144760131836,46.59000015258789,46.880001068115234,46.18999862670898,46.83000183105469,29581900
2015-05-27,41.21442413330078,47.61000061035156,47.77000045776367,46.619998931884766,46.81999969482422,27335600
2015-05-28,41.07592391967773,47.45000076293945,48.02000045776367,47.38999938964844,47.5,19283700
2015-05-29,40.56518173217773,46.86000061035156,47.56999969482422,46.59000015258789,47.43000030517578,36519600
2015-06-01,40.88547897338867,47.22999954223633,47.77000045776367,46.619998931884766,47.060001373291016,28837300
2015-06-02,40.61711502075195,46.91999816894531,47.34999847412109,46.619998931884766,46.93000030517578,21498300
2015-06-03,40.556522369384766,46.84999847412109,47.7400016784668,46.81999969482422,47.369998931884766,28002200
2015-06-04,40.13235092163086,46.36000061035156,47.15999984741211,46.20000076293945,46.790000915527344,27745500
2015-06-05,39.94189453125,46.13999938964844,46.52000045776367,45.84000015258789,46.310001373291016,25438100
2015-06-08,39.58696746826172,45.72999954223633,46.43000030517578,45.66999816894531,46.29999923706055,22121600
2015-06-09,39.51771926879883,45.650001525878906,45.93999862670898,45.459999084472656,45.7599983215332,24406100
2015-06-10,40.348751068115234,46.61000061035156,46.83000183105469,45.68999862670898,45.790000915527344,28417400
2015-06-11,40.20159530639648,46.43999862670898,46.91999816894531,46.130001068115234,46.65999984741211,27347800
2015-06-12,39.794734954833984,45.970001220703125,46.470001220703125,45.900001525878906,46.220001220703125,23931000
2015-06-15,39.37056350708008,45.47999954223633,45.650001525878906,45.02000045776367,45.45000076293945,33254500
2015-06-16,39.67354202270508,45.83000183105469,46.2400016784668,45.29999923706055,45.34999847412109,27070300
2015-06-17,39.794734954833984,45.970001220703125,46.06999969482422,45.36000061035156,45.72999954223633,28704100
2015-06-18,40.443992614746094,46.720001220703125,46.79999923706055,46.16999816894531,46.220001220703125,32658300
2015-06-19,39.907264709472656,46.09999847412109,46.83000183105469,45.9900016784668,46.790000915527344,63837000
2015-06-22,40.019813537597656,46.22999954223633,46.720001220703125,46.15999984741211,46.33000183105469,20318100
2015-06-23,39.74279022216797,45.90999984741211,46.27999877929688,45.619998931884766,46.130001068115234,25896500
2015-06-24,39.50906753540039,45.63999938964844,46.25,45.54999923706055,45.66999816894531,34890900
2015-06-25,39.51771926879883,45.650001525878906,46.060001373291016,45.5,46.02999877929688,20616000
2015-06-26,39.18011474609375,45.2599983215332,46.27999877929688,45.02999877929688,45.650001525878906,49835300
2015-06-29,38.40966033935547,44.369998931884766,45.22999954223633,44.36000061035156,45.040000915527344,34081700
2015-06-30,38.21921920776367,44.150001525878906,44.720001220703125,43.93999862670898,44.709999084472656,35945400
2015-07-01,38.47892379760742,44.45000076293945,45.22999954223633,44.09999847412109,44.459999084472656,28343900
2015-07-02,38.43564224243164,44.400001525878906,44.75,44.060001373291016,44.47999954223633,21752000
2015-07-06,38.42698287963867,44.38999938964844,44.47999954223633,43.95000076293945,43.959999084472656,23034000
2015-07-07,38.34907531738281,44.29999923706055,44.4900016784668,43.31999969482422,44.34000015258789,36435800
2015-07-08,38.29713821411133,44.2400016784668,44.900001525878906,44.02999877929688,44.43999862670898,39785900
2015-07-09,38.53951644897461,44.52000045776367,45.220001220703125,44.5,44.75,32424700
2015-07-10,38.61742782592773,44.61000061035156,45.13999938964844,44.56999969482422,45.0099983215332,25465800
2015-07-13,39.42250061035156,45.540000915527344,45.619998931884766,44.95000076293945,44.97999954223633,28178300
2015-07-14,39.49174118041992,45.619998931884766,45.959999084472656,45.310001373291016,45.45000076293945,22880300
2015-07-15,39.612937927246094,45.7599983215332,45.88999938964844,45.43000030517578,45.68000030517578,26629600
2015-07-16,40.39204406738281,46.65999984741211,46.68999862670898,45.970001220703125,46.0099983215332,26271700
2015-07-17,40.357418060302734,46.619998931884766,46.77999877929688,46.2599983215332,46.54999923706055,29467100
2015-07-20,40.61711502075195,46.91999816894531,47.130001068115234,46.43999862670898,46.650001525878906,30631900
2015-07-21,40.928749084472656,47.27999877929688,47.33000183105469,46.47999954223633,46.77999877929688,42781900
2015-07-22,39.42250061035156,45.540000915527344,46.93000030517578,45.20000076293945,45.43999862670898,59152400
2015-07-23,39.91594314575195,46.11000061035156,46.22999954223633,45.09999847412109,45.27000045776367,33934000
2015-07-24,39.76875686645508,45.93999862670898,46.31999969482422,45.79999923706055,45.90999984741211,32333200
2015-07-27,39.25801849365234,45.34999847412109,46.0099983215332,45.25,45.93999862670898,39701400
2015-07-28,39.24936676025391,45.34000015258789,45.63999938964844,44.790000915527344,45.58000183105469,34328900
2015-07-29,40.07174682617188,46.290000915527344,46.77999877929688,45.2599983215332,45.400001525878906,40945900
2015-07-30,40.58249282836914,46.880001068115234,47.400001525878906,45.93000030517578,46.2599983215332,39777900
2015-07-31,40.42668533325195,46.70000076293945,47.369998931884766,46.5,47.290000915527344,31201500
2015-08-03,40.52190017700195,46.810001373291016,47.0,46.45000076293945,46.97999954223633,24125900
2015-08-04,41.153839111328125,47.540000915527344,47.709999084472656,46.68000030517578,46.75,33403900
2015-08-05,41.18846130371094,47.58000183105469,48.40999984741211,47.540000915527344,47.97999954223633,26959700
2015-08-06,40.357418060302734,46.619998931884766,47.77000045776367,46.33000183105469,47.709999084472656,27368000
2015-08-07,40.461307525634766,46.7400016784668,46.77999877929688,46.2599983215332,46.38999938964844,19163000
2015-08-10,40.9720458984375,47.33000183105469,47.4900016784668,46.84000015258789,46.95000076293945,23079900
2015-08-11,40.17562484741211,46.40999984741211,46.93999862670898,45.900001525878906,46.81999969482422,29237400
2015-08-12,40.461307525634766,46.7400016784668,46.900001525878906,45.709999084472656,46.18999862670898,30181400
2015-08-13,40.45264434814453,46.72999954223633,47.09999847412109,46.4900016784668,47.060001373291016,22627200
2015-08-14,40.68637466430664,47.0,47.09999847412109,46.52000045776367,46.52999877929688,21473400
2015-08-17,40.9633903503418,47.31999969482422,47.45000076293945,46.56999969482422,46.810001373291016,21099700
2015-08-18,41.18994522094727,47.27000045776367,47.43000030517578,46.70000076293945,46.84000015258789,23574100
2015-08-19,40.61482620239258,46.61000061035156,47.08000183105469,46.29999923706055,46.77999877929688,31485500
2015-08-20,39.78703308105469,45.65999984741211,46.470001220703125,45.65999984741211,46.06999969482422,36238200
2015-08-21,37.5301628112793,43.06999969482422,45.47999954223633,43.06999969482422,45.29999923706055,70053100
2015-08-24,36.31895065307617,41.68000030517578,42.68999862670898,39.720001220703125,40.45000076293945,88753700
2015-08-25,35.26458740234375,40.470001220703125,43.2400016784668,40.38999938964844,42.56999969482422,70616600
2015-08-26,37.21647262573242,42.709999084472656,42.84000015258789,41.060001373291016,42.0099983215332,63408000
2015-08-27,38.2534065246582,43.900001525878906,43.95000076293945,42.93000030517578,43.22999954223633,50943200
2015-08-28,38.2795524597168,43.93000030517578,44.150001525878906,43.38999938964844,43.400001525878906,28246700
2015-08-31,37.92229461669922,43.52000045776367,43.93000030517578,43.09999847412109,43.560001373291016,34441700
2015-09-01,36.440948486328125,41.81999969482422,42.59000015258789,41.65999984741211,42.16999816894531,49688900
2015-09-02,37.782859802246094,43.36000061035156,43.380001068115234,41.880001068115234,42.36000061035156,37671500
2015-09-03,37.90485382080078,43.5,43.97999954223633,43.27999877929688,43.40999984741211,28285200
2015-09-04,37.12933349609375,42.61000061035156,43.040000915527344,42.20000076293945,42.810001373291016,37138800
2015-09-08,38.24468994140625,43.88999938964844,44.0,43.20000076293945,43.29999923706055,32469800
2015-09-09,37.5301628112793,43.06999969482422,44.400001525878906,42.90999984741211,44.209999084472656,33469500
2015-09-10,37.72186279296875,43.290000915527344,43.790000915527344,42.75,43.119998931884766,31366600
2015-09-11,37.8874397277832,43.47999954223633,43.59000015258789,42.93999862670898,43.13999938964844,27132500
2015-09-14,37.5040283203125,43.040000915527344,43.43999862670898,42.86000061035156,43.43000030517578,23656000
2015-09-15,38.32311248779297,43.97999954223633,44.290000915527344,43.08000183105469,43.18999862670898,28882200
2015-09-16,38.60195541381836,44.29999923706055,44.380001068115234,43.84000015258789,43.970001220703125,23372200
2015-09-17,38.55839538574219,44.25,45.0,44.08000183105469,44.290000915527344,32768200
2015-09-18,37.8874397277832,43.47999954223633,43.9900016784668,43.33000183105469,43.5,63143700
2015-09-21,38.43639755249024,44.11000061035156,44.470001220703125,43.59999847412109,43.619998931884766,26177200
2015-09-22,38.2534065246582,43.900001525878906,44.04999923706055,43.310001373291016,43.380001068115234,28085900
2015-09-23,38.22726440429688,43.869998931884766,44.16999816894531,43.5099983215332,43.93000030517578,17145200
2015-09-24,38.26213073730469,43.90999984741211,44.130001068115234,43.27000045776367,43.45000076293945,27905600
2015-09-25,38.28825759887695,43.93999862670898,44.72999954223633,43.7599983215332,44.47999954223633,29384600
2015-09-28,37.72186279296875,43.290000915527344,44.09000015258789,43.209999084472656,43.83000183105469,27613800
2015-09-29,37.85256576538086,43.43999862670898,43.56999969482422,43.04999923706055,43.369998931884766,32763600
2015-09-30,38.56710052490234,44.2599983215332,44.29999923706055,43.65999984741211,43.880001068115234,34958900
2015-10-01,38.8720932006836,44.61000061035156,44.75,43.75,44.75,28657900
2015-10-02,39.708614349365234,45.56999969482422,45.56999969482422,43.91999816894531,44.27000045776367,41839000
2015-10-05,40.63225936889648,46.630001068115234,46.88999938964844,45.70000076293945,45.75,34369300
2015-10-06,40.73683166503906,46.75,47.18000030517578,46.220001220703125,46.33000183105469,27017200
2015-10-07,40.780391693115234,46.79999923706055,47.34999847412109,45.95000076293945,47.09999847412109,27711500
2015-10-08,41.3467903137207,47.45000076293945,47.52000045776367,46.5,46.560001373291016,33772700
2015-10-09,41.05052185058594,47.11000061035156,47.540000915527344,46.91999816894531,47.45000076293945,28600600
2015-10-12,40.954681396484375,47.0,47.06999969482422,46.5,46.97999954223633,19769100
2015-10-13,40.85882568359375,46.88999938964844,47.130001068115234,46.560001373291016,46.560001373291016,19987800
2015-10-14,40.67582702636719,46.68000030517578,47.09999847412109,46.52999877929688,46.650001525878906,24697800
2015-10-15,40.96338272094727,47.0099983215332,47.02999877929688,46.52999877929688,47.0099983215332,27189400
2015-10-16,41.39908599853516,47.5099983215332,47.540000915527344,46.900001525878906,47.02000045776367,26450300
2015-10-19,41.49492263793945,47.619998931884766,47.880001068115234,47.02000045776367,47.41999816894531,29387600
2015-10-20,41.62562942504883,47.77000045776367,47.810001373291016,47.02000045776367,47.43999862670898,30802200
2015-10-21,41.12894821166992,47.20000076293945,47.9900016784668,47.11000061035156,47.91999816894531,25144300
2015-10-22,41.85219192504883,48.02999877929688,48.95000076293945,47.09000015258789,47.52999877929688,56637100
2015-10-23,46.06964492797852,52.869998931884766,54.06999969482422,52.25,52.29999923706055,135227100
2015-10-26,47.27216339111328,54.25,54.31999969482422,52.5,52.52999877929688,64633300
2015-10-27,46.7841682434082,53.68999862670898,54.369998931884766,53.58000183105469,53.9900016784668,50999900
2015-10-28,47.03688430786133,53.97999954223633,53.97999954223633,52.86000061035156,53.540000915527344,47000800
2015-10-29,46.49662399291992,53.36000061035156,53.83000183105469,53.220001220703125,53.540000915527344,30202100
2015-10-30,45.86923599243164,52.63999938964844,53.9900016784668,52.619998931884766,53.31999969482422,46619800
2015-11-02,46.39205551147461,53.2400016784668,53.36000061035156,52.619998931884766,52.84999847412109,30285000
2015-11-03,47.18501663208008,54.150001525878906,54.38999938964844,52.900001525878906,52.93000030517578,36596900
2015-11-04,47.40285110473633,54.400001525878906,54.880001068115234,54.060001373291016,54.18000030517578,37087800
2015-11-05,47.38542938232422,54.380001068115234,54.70000076293945,54.0,54.4900016784668,31468500
2015-11-06,47.8559684753418,54.91999816894531,54.97999954223633,53.959999084472656,54.09000015258789,32851200
2015-11-09,47.1937141418457,54.15999984741211,54.869998931884766,53.560001373291016,54.54999923706055,32513100
2015-11-10,46.62733459472656,53.5099983215332,54.130001068115234,53.27000045776367,54.06999969482422,55283700
2015-11-11,46.74932098388672,53.650001525878906,54.20000076293945,53.459999084472656,53.70000076293945,36516300
2015-11-12,46.461761474609375,53.31999969482422,53.97999954223633,53.18999862670898,53.47999954223633,35361100
2015-11-13,46.04351043701172,52.84000015258789,53.290000915527344,52.52999877929688,53.06999969482422,36848200
2015-11-16,46.8538932800293,53.77000045776367,53.88999938964844,52.84999847412109,53.08000183105469,32165200
2015-11-17,46.467899322509766,52.970001220703125,53.52999877929688,52.84999847412109,53.16999816894531,31551300
2015-11-18,47.2398796081543,53.84999847412109,53.97999954223633,52.97999954223633,53.0,29710000
2015-11-19,47.31882858276367,53.93999862670898,54.65999984741211,53.77999877929688,53.9900016784668,28149200
2015-11-20,47.53814697265625,54.18999862670898,54.29999923706055,53.27000045776367,54.25,37147600
2015-11-23,47.53814697265625,54.18999862670898,54.459999084472656,53.75,54.25,28235900
2015-11-24,47.59078979492188,54.25,54.43999862670898,53.58000183105469,53.91999816894531,24600000
2015-11-25,47.099517822265625,53.68999862670898,54.22999954223633,53.68999862670898,54.09000015258789,21005100
2015-11-27,47.310054779052734,53.93000030517578,54.08000183105469,53.790000915527344,53.79999923706055,9009100
2015-11-30,47.67851257324219,54.34999847412109,54.959999084472656,54.0,54.540000915527344,56241400
2015-12-01,48.44172286987305,55.220001220703125,55.22999954223633,54.29999923706055,54.40999984741211,39952800
2015-12-02,48.43294143676758,55.209999084472656,55.959999084472656,55.060001373291016,55.31999969482422,47274900
2015-12-03,47.54692077636719,54.20000076293945,55.77000045776367,53.93000030517578,55.4900016784668,38627800
2015-12-04,49.04702377319336,55.90999984741211,56.22999954223633,54.09999847412109,54.119998931884766,43963700
2015-12-07,48.959285736083984,55.810001373291016,55.970001220703125,55.290000915527344,55.790000915527344,30709800
2015-12-08,48.94175338745117,55.790000915527344,56.09999847412109,54.9900016784668,55.470001220703125,32878000
2015-12-09,48.231178283691406,54.97999954223633,55.869998931884766,54.5099983215332,55.369998931884766,36373200
2015-12-10,48.48558044433594,55.27000045776367,55.65999984741211,55.0099983215332,55.38999938964844,31775800
2015-12-11,47.42411804199219,54.060001373291016,55.09999847412109,54.0099983215332,54.709999084472656,39549500
2015-12-14,48.37153244018555,55.13999938964844,55.209999084472656,53.68000030517578,54.33000183105469,46768900
2015-12-15,48.42417526245117,55.20000076293945,55.900001525878906,55.09000015258789,55.65999984741211,39843000
2015-12-16,49.24000549316406,56.130001068115234,56.25,54.7599983215332,55.540000915527344,37503300
2015-12-17,48.86279678344727,55.70000076293945,56.790000915527344,55.52999877929688,56.36000061035156,41280900
2015-12-18,47.48551177978516,54.130001068115234,56.0,54.02999877929688,55.77000045776367,84684200
2015-12-21,48.09959411621094,54.83000183105469,55.34999847412109,54.22999954223633,54.880001068115234,37246300
2015-12-22,48.555755615234375,55.34999847412109,55.47999954223633,54.5,54.9900016784668,28322200
2015-12-23,48.968055725097656,55.81999969482422,55.880001068115234,55.43999862670898,55.70000076293945,27279800
2015-12-24,48.836463928222656,55.66999816894531,55.959999084472656,55.43000030517578,55.86000061035156,9558500
2015-12-28,49.08210754394531,55.95000076293945,55.95000076293945,54.97999954223633,55.34999847412109,22458300
2015-12-29,49.60844802856445,56.54999923706055,56.84999847412109,56.060001373291016,56.290000915527344,27731400
2015-12-30,49.39791870117188,56.310001373291016,56.77999877929688,56.290000915527344,56.470001220703125,21704500
2015-12-31,48.6697998046875,55.47999954223633,56.18999862670898,55.41999816894531,56.040000915527344,27334100
2016-01-04,48.07327651977539,54.79999923706055,54.79999923706055,53.38999938964844,54.31999969482422,53778000
2016-01-05,48.2925910949707,55.04999923706055,55.38999938964844,54.540000915527344,54.93000030517578,34079700
2016-01-06,47.415321350097656,54.04999923706055,54.400001525878906,53.63999938964844,54.31999969482422,39518900
2016-01-07,45.76609420776367,52.16999816894531,53.4900016784668,52.06999969482422,52.70000076293945,56564900
2016-01-08,45.90645980834961,52.33000183105469,53.27999877929688,52.150001525878906,52.369998931884766,48754000
2016-01-11,45.88014221191406,52.29999923706055,52.84999847412109,51.459999084472656,52.5099983215332,36943800
2016-01-12,46.30121612548828,52.77999877929688,53.09999847412109,52.060001373291016,52.7599983215332,36095500
2016-01-13,45.30116271972656,51.63999938964844,54.06999969482422,51.29999923706055,53.79999923706055,66883600
2016-01-14,46.59072113037109,53.11000061035156,53.41999816894531,51.56999969482422,52.0,52381900
2016-01-15,44.73095703125,50.9900016784668,51.970001220703125,50.34000015258789,51.310001373291016,71820700
2016-01-19,44.353736877441406,50.560001373291016,51.68000030517578,50.060001373291016,51.47999954223633,43564500
2016-01-20,44.55549621582031,50.790000915527344,51.380001068115234,49.09999847412109,49.97999954223633,63273000
2016-01-21,44.28355026245117,50.47999954223633,51.58000183105469,50.29999923706055,51.0,40191200
2016-01-22,45.871360778808594,52.290000915527344,52.33000183105469,51.2599983215332,51.40999984741211,37555800
2016-01-25,45.43275451660156,51.790000915527344,52.650001525878906,51.650001525878906,51.93999862670898,34707700
2016-01-26,45.76609420776367,52.16999816894531,52.43999862670898,51.54999923706055,51.790000915527344,28900800
2016-01-27,44.93272018432617,51.220001220703125,52.20000076293945,51.02000045776367,52.0099983215332,36775200
2016-01-28,45.66958999633789,52.060001373291016,52.209999084472656,51.25,51.86000061035156,62513800
2016-01-29,48.327667236328125,55.09000015258789,55.09000015258789,54.0,54.72999954223633,83611700
2016-02-01,47.99431991577149,54.709999084472656,55.09000015258789,54.5,54.880001068115234,44208500
2016-02-02,46.49420928955078,53.0,54.2599983215332,52.650001525878906,54.16999816894531,56313800
2016-02-03,45.757320404052734,52.15999984741211,53.38999938964844,51.2599983215332,53.25,57559800
2016-02-04,45.61697769165039,52.0,52.810001373291016,51.369998931884766,52.09999847412109,46987100
2016-02-05,44.002838134765625,50.15999984741211,52.0,49.560001373291016,51.93999862670898,62009000
2016-02-08,43.34489822387695,49.40999984741211,49.56999969482422,48.18999862670898,49.54999923706055,59290500
2016-02-09,43.23085021972656,49.27999877929688,50.2400016784668,48.66999816894531,49.02000045776367,46740500
2016-02-10,43.60805892944336,49.709999084472656,50.38999938964844,49.52000045776367,49.88999938964844,38237000
2016-02-11,43.590518951416016,49.68999862670898,50.11000061035156,48.5099983215332,48.68000030517578,48878600
2016-02-12,44.30109024047852,50.5,50.68000030517578,49.75,50.25,34243300
2016-02-16,45.140472412109375,51.09000015258789,51.09000015258789,50.130001068115234,50.900001525878906,37291200
2016-02-17,46.3155632019043,52.41999816894531,52.77000045776367,51.45000076293945,51.4900016784668,40789000
2016-02-18,46.11237716674805,52.18999862670898,52.95000076293945,52.09999847412109,52.33000183105469,27176000
2016-02-19,45.785438537597656,51.81999969482422,52.27999877929688,51.52999877929688,51.970001220703125,33559100
2016-02-22,46.518798828125,52.650001525878906,53.0,52.27999877929688,52.27999877929688,25008300
2016-02-23,45.21997833251953,51.18000030517578,52.369998931884766,50.97999954223633,52.34000015258789,28895300
2016-02-24,45.379024505615234,51.36000061035156,51.5,50.20000076293945,50.68999862670898,33014500
2016-02-25,46.0328483581543,52.09999847412109,52.09999847412109,50.61000061035156,51.72999954223633,26939500
2016-02-26,45.32600402832031,51.29999923706055,52.68000030517578,51.09999847412109,52.59999847412109,35975900
2016-02-29,44.95491409301758,50.880001068115234,51.650001525878906,50.65999984741211,51.34999847412109,31654000
2016-03-01,46.45695877075195,52.58000183105469,52.59000015258789,50.91999816894531,50.970001220703125,33024500
2016-03-02,46.78385925292969,52.95000076293945,52.959999084472656,52.15999984741211,52.40999984741211,29289900
2016-03-03,46.25373840332031,52.34999847412109,52.970001220703125,51.77999877929688,52.970001220703125,24427800
2016-03-04,45.97099685668945,52.02999877929688,52.45000076293945,51.709999084472656,52.400001525878906,33034200
2016-03-07,45.08744430541992,51.02999877929688,51.79999923706055,50.58000183105469,51.560001373291016,38407800
2016-03-08,45.635250091552734,51.650001525878906,52.130001068115234,50.59999847412109,50.79999923706055,33835100
2016-03-09,46.68667602539063,52.84000015258789,52.84999847412109,51.86000061035156,51.88999938964844,28251600
2016-03-10,45.98867034912109,52.04999923706055,52.93999862670898,51.15999984741211,52.93000030517578,38387800
2016-03-11,46.88988494873047,53.06999969482422,53.06999969482422,52.380001068115234,53.0,32275700
2016-03-14,46.97823715209961,53.16999816894531,53.59000015258789,52.630001068115234,52.709999084472656,24083600
2016-03-15,47.34933853149414,53.59000015258789,53.59000015258789,52.7400016784668,52.75,21104800
2016-03-16,48.02083587646485,54.34999847412109,54.59999847412109,53.400001525878906,53.45000076293945,31691700
2016-03-17,48.29472732543945,54.65999984741211,55.0,54.0,54.209999084472656,28223900
2016-03-18,47.26096725463867,53.4900016784668,54.970001220703125,53.45000076293945,54.91999816894531,67625500
2016-03-21,47.58789825439453,53.86000061035156,53.93000030517578,52.93000030517578,53.25,23925700
2016-03-22,47.77344131469727,54.06999969482422,54.25,53.459999084472656,53.61000061035156,23124100
2016-03-23,47.685089111328125,53.970001220703125,54.2400016784668,53.7400016784668,54.11000061035156,20129000
2016-03-24,47.89713668823242,54.209999084472656,54.33000183105469,53.72999954223633,53.84000015258789,19950000
2016-03-28,47.305152893066406,53.540000915527344,54.290000915527344,53.33000183105469,54.209999084472656,17025100
2016-03-29,48.33890914916992,54.709999084472656,54.86000061035156,53.45000076293945,53.65999984741211,23924300
2016-03-30,48.63930892944336,55.04999923706055,55.63999938964844,54.900001525878906,54.93000030517578,23008300
2016-03-31,48.79835891723633,55.22999954223633,55.59000015258789,54.86000061035156,54.95000076293945,26360500
2016-04-01,49.0987548828125,55.56999969482422,55.61000061035156,54.56999969482422,55.04999923706055,24399200
2016-04-04,48.975074768066406,55.43000030517578,55.65999984741211,55.0,55.43000030517578,18928800
2016-04-05,48.20637512207031,54.560001373291016,55.29999923706055,54.459999084472656,55.18999862670898,19272300
2016-04-06,48.701168060302734,55.119998931884766,55.20000076293945,54.209999084472656,54.36000061035156,21188700
2016-04-07,48.11802291870117,54.459999084472656,54.90999984741211,54.22999954223633,54.869998931884766,19225100
2016-04-08,48.08267593383789,54.41999816894531,55.27999877929688,54.31999969482422,54.66999816894531,22167200
2016-04-11,47.98548889160156,54.310001373291016,55.150001525878906,54.29999923706055,54.4900016784668,21414200
2016-04-12,48.2859001159668,54.650001525878906,54.77999877929688,53.7599983215332,54.369998931884766,24944300
2016-04-13,48.904388427734375,55.34999847412109,55.43999862670898,54.88999938964844,55.119998931884766,20818000
2016-04-14,48.91321563720703,55.36000061035156,55.58000183105469,55.06999969482422,55.220001220703125,20877100
2016-04-15,49.16943740844727,55.650001525878906,55.91999816894531,55.11000061035156,55.29999923706055,28793800
2016-04-18,49.88512420654297,56.459999084472656,56.59000015258789,55.209999084472656,55.4900016784668,23786000
2016-04-19,49.823272705078125,56.38999938964844,56.77000045776367,55.68000030517578,56.630001068115234,29596800
2016-04-20,49.11642837524414,55.59000015258789,56.5,55.4900016784668,56.290000915527344,36195700
2016-04-21,49.28431701660156,55.77999877929688,56.22999954223633,55.41999816894531,55.79999923706055,38909100
2016-04-22,45.7501106262207,51.77999877929688,52.43000030517578,50.77000045776367,51.90999984741211,126834100
2016-04-25,46.041690826416016,52.11000061035156,52.130001068115234,51.630001068115234,51.77999877929688,33226900
2016-04-26,45.449703216552734,51.43999862670898,52.34999847412109,51.09000015258789,52.2599983215332,33532600
2016-04-27,45.007938385009766,50.93999862670898,51.5,50.54999923706055,51.47999954223633,43369300
2016-04-28,44.08903503417969,49.900001525878906,50.77000045776367,49.560001373291016,50.619998931884766,43134800
2016-04-29,44.06253433227539,49.869998931884766,50.25,49.34999847412109,49.34999847412109,48411700
2016-05-02,44.71635818481445,50.61000061035156,50.75,49.77999877929688,50.0,33114500
2016-05-03,43.9830207824707,49.77999877929688,50.40999984741211,49.59999847412109,50.34000015258789,26460200
2016-05-04,44.06253433227539,49.869998931884766,50.060001373291016,49.459999084472656,49.84000015258789,24257600
2016-05-05,44.1243896484375,49.93999862670898,50.29999923706055,49.72999954223633,49.869998931884766,25390700
2016-05-06,44.52198028564453,50.38999938964844,50.38999938964844,49.65999984741211,49.91999816894531,24787300
2016-05-09,44.23925018310547,50.06999969482422,50.59000015258789,50.0,50.4900016784668,17951600
2016-05-10,45.0786247253418,51.02000045776367,51.09999847412109,50.18999862670898,50.33000183105469,22891000
2016-05-11,45.105125427246094,51.04999923706055,51.77999877929688,51.0,51.130001068115234,24039100
2016-05-12,45.51154327392578,51.5099983215332,51.810001373291016,50.91999816894531,51.20000076293945,24102800
2016-05-13,45.13164138793945,51.08000183105469,51.900001525878906,51.040000915527344,51.43999862670898,22592300
2016-05-16,45.79428482055664,51.83000183105469,51.959999084472656,50.75,50.79999923706055,20032000
2016-05-17,44.94014739990234,50.5099983215332,51.72999954223633,50.36000061035156,51.720001220703125,27803500
2016-05-18,45.207069396972656,50.810001373291016,51.13999938964844,50.29999923706055,50.47999954223633,24907500
2016-05-19,44.77111053466797,50.31999969482422,50.619998931884766,49.81999969482422,50.470001220703125,23842400
2016-05-20,45.03802490234375,50.619998931884766,51.220001220703125,50.400001525878906,50.47999954223633,23905800
2016-05-23,44.51308441162109,50.02999877929688,50.68000030517578,49.97999954223633,50.59999847412109,26118700
2016-05-24,45.90105819702149,51.59000015258789,51.709999084472656,50.400001525878906,50.70000076293945,34757900
2016-05-25,46.37260437011719,52.119998931884766,52.4900016784668,51.790000915527344,51.91999816894531,24040200
2016-05-26,46.16796875,51.88999938964844,51.97999954223633,51.36000061035156,51.93000030517578,24335200
2016-05-27,46.550559997558594,52.31999969482422,52.31999969482422,51.77000045776367,51.91999816894531,17721400
2016-05-31,47.155574798583984,53.0,53.0,52.08000183105469,52.2599983215332,37653100
2016-06-01,47.022117614746094,52.84999847412109,52.95000076293945,52.43999862670898,52.43999862670898,25324800
2016-06-02,46.692909240722656,52.47999954223633,52.7400016784668,51.84000015258789,52.63999938964844,22840800
2016-06-03,46.07900619506836,51.790000915527344,52.41999816894531,51.59999847412109,52.380001068115234,23368300
2016-06-06,46.38151550292969,52.130001068115234,52.34999847412109,51.88999938964844,51.9900016784668,18243300
2016-06-07,46.35482406616211,52.09999847412109,52.72999954223633,52.09999847412109,52.2400016784668,20866800
2016-06-08,46.30143356323242,52.040000915527344,52.43999862670898,51.869998931884766,52.02000045776367,21149400
2016-06-09,45.92773818969727,51.619998931884766,52.0,51.4900016784668,52.0,20305700
2016-06-10,45.80318069458008,51.47999954223633,52.04999923706055,51.040000915527344,51.04999923706055,25833200
2016-06-13,44.6109504699707,50.13999938964844,50.720001220703125,49.060001373291016,49.58000183105469,83217800
2016-06-14,44.33513641357422,49.83000183105469,50.09999847412109,49.56999969482422,49.900001525878906,42577100
2016-06-15,44.2105712890625,49.68999862670898,50.119998931884766,49.68999862670898,49.77999877929688,33757600
2016-06-16,44.8333740234375,50.38999938964844,50.470001220703125,49.5099983215332,49.52000045776367,31188600
2016-06-17,44.6020622253418,50.130001068115234,50.43000030517578,49.81999969482422,50.40999984741211,45710500
2016-06-20,44.54867172241211,50.06999969482422,50.83000183105469,50.02999877929688,50.63999938964844,35607900
2016-06-21,45.54515838623047,51.18999862670898,51.43000030517578,50.15999984741211,50.20000076293945,34097800
2016-06-22,45.3672103881836,50.9900016784668,51.459999084472656,50.95000076293945,51.08000183105469,28816800
2016-06-23,46.18576431274414,51.90999984741211,52.060001373291016,51.150001525878906,51.27999877929688,29028800
2016-06-24,44.33513641357422,49.83000183105469,50.93999862670898,49.52000045776367,49.810001373291016,133503000
2016-06-27,43.08951950073242,48.43000030517578,49.150001525878906,48.040000915527344,49.09999847412109,50216300
2016-06-28,43.98813629150391,49.43999862670898,49.470001220703125,48.66999816894531,48.91999816894531,38140700
2016-06-29,44.96683883666992,50.540000915527344,50.720001220703125,49.79999923706055,49.90999984741211,31304000
2016-06-30,45.527374267578125,51.16999816894531,51.29999923706055,50.5,50.720001220703125,28527800
2016-07-01,45.51847076416016,51.15999984741211,51.720001220703125,51.06999969482422,51.130001068115234,21400400
2016-07-05,45.527374267578125,51.16999816894531,51.27999877929688,50.7400016784668,50.83000183105469,24806400
2016-07-06,45.71421051025391,51.380001068115234,51.540000915527344,50.38999938964844,50.77999877929688,28167500
2016-07-07,45.71421051025391,51.380001068115234,51.61000061035156,51.06999969482422,51.41999816894531,19585200
2016-07-08,46.53274917602539,52.29999923706055,52.36000061035156,51.54999923706055,51.72999954223633,28391000
2016-07-11,46.79078674316406,52.59000015258789,52.83000183105469,52.470001220703125,52.5,22269200
2016-07-12,47.342411041259766,53.209999084472656,53.400001525878906,52.790000915527344,52.93999862670898,27317600
2016-07-13,47.60932922363281,53.5099983215332,53.86000061035156,53.18000030517578,53.560001373291016,25356800
2016-07-14,47.8139762878418,53.7400016784668,53.9900016784668,53.58000183105469,53.84000015258789,24545500
2016-07-15,47.77837753295898,53.70000076293945,54.0,53.209999084472656,53.95000076293945,32024400
2016-07-18,48.009708404541016,53.959999084472656,54.34000015258789,53.54999923706055,53.70000076293945,31433900
2016-07-19,47.235652923583984,53.09000015258789,53.900001525878906,52.93000030517578,53.709999084472656,53336500
2016-07-20,49.74469757080078,55.90999984741211,56.84000015258789,55.52999877929688,56.150001525878906,89893300
2016-07-21,49.64679718017578,55.79999923706055,56.22999954223633,55.7599983215332,55.97999954223633,32776700
2016-07-22,50.3318977355957,56.56999969482422,56.630001068115234,55.77999877929688,56.08000183105469,32157200
2016-07-25,50.47425079345703,56.72999954223633,56.7400016784668,56.2599983215332,56.470001220703125,25610600
2016-07-26,50.500953674316406,56.7599983215332,57.290000915527344,56.5099983215332,56.52000045776367,28079000
2016-07-27,49.99380874633789,56.18999862670898,56.79999923706055,56.11000061035156,56.61000061035156,32327500
2016-07-28,50.0115966796875,56.209999084472656,56.369998931884766,55.720001220703125,56.0,37550400
2016-07-29,50.42976760864258,56.68000030517578,56.7599983215332,56.04999923706055,56.2599983215332,30558700
2016-08-01,50.340797424316406,56.58000183105469,56.75,56.13999938964844,56.59999847412109,26003400
2016-08-02,50.340797424316406,56.58000183105469,56.900001525878906,56.310001373291016,56.84999847412109,35122000
2016-08-03,50.687801361083984,56.970001220703125,57.11000061035156,56.4900016784668,56.68000030517578,22075600
2016-08-04,51.06147766113281,57.38999938964844,57.52000045776367,56.66999816894531,56.79999923706055,26587700
2016-08-05,51.56863021850586,57.959999084472656,58.209999084472656,57.45000076293945,57.650001525878906,29335200
2016-08-08,51.65760803222656,58.060001373291016,58.09000015258789,57.77999877929688,58.060001373291016,19473500
2016-08-09,51.78215789794922,58.20000076293945,58.5,58.02000045776367,58.16999816894531,16920700
2016-08-10,51.62202072143555,58.02000045776367,58.31999969482422,57.81999969482422,58.15999984741211,15756900
2016-08-11,51.871124267578125,58.29999923706055,58.45000076293945,58.02999877929688,58.02999877929688,18162300
2016-08-12,51.55083084106445,57.93999862670898,58.18999862670898,57.619998931884766,58.02999877929688,21655200
2016-08-15,51.710975646972656,58.119998931884766,58.5,57.959999084472656,58.0099983215332,19283900
2016-08-16,51.42448806762695,57.43999862670898,57.619998931884766,57.27000045776367,57.61000061035156,20523500
2016-08-17,51.53192138671875,57.560001373291016,57.68000030517578,57.22999954223633,57.540000915527344,18856400
2016-08-18,51.56774139404297,57.59999847412109,57.70000076293945,57.27000045776367,57.41999816894531,14214300
2016-08-19,51.58564376831055,57.619998931884766,57.72999954223633,57.20000076293945,57.43000030517578,17271000
2016-08-22,51.63040542602539,57.66999816894531,57.75,57.2599983215332,57.59999847412109,15221900
2016-08-23,51.827369689941406,57.88999938964844,58.18000030517578,57.84999847412109,57.900001525878906,18732400
2016-08-24,51.881080627441406,57.95000076293945,58.040000915527344,57.720001220703125,57.79999923706055,18151500
2016-08-25,52.07803726196289,58.16999816894531,58.290000915527344,57.77999877929688,57.880001068115234,18552600
2016-08-26,51.95270156860352,58.02999877929688,58.70000076293945,57.68999862670898,58.27999877929688,20971200
2016-08-29,52.01536178588867,58.09999847412109,58.59999847412109,58.09999847412109,58.18000030517578,16417200
2016-08-30,51.827369689941406,57.88999938964844,58.18999862670898,57.61000061035156,57.97999954223633,16930200
2016-08-31,51.4424057006836,57.459999084472656,57.79999923706055,57.29999923706055,57.650001525878906,20860300
2016-09-01,51.558780670166016,57.59000015258789,57.81999969482422,57.0099983215332,57.0099983215332,26075400
2016-09-02,51.63040542602539,57.66999816894531,58.18999862670898,57.41999816894531,57.66999816894531,18900500
2016-09-06,51.57668685913086,57.61000061035156,57.79999923706055,57.209999084472656,57.77999877929688,16278400
2016-09-07,51.6214485168457,57.65999984741211,57.84000015258789,57.40999984741211,57.470001220703125,17493400
2016-09-08,51.4155387878418,57.43000030517578,57.790000915527344,57.18000030517578,57.630001068115234,20146100
2016-09-09,50.32331848144531,56.209999084472656,57.52000045776367,56.209999084472656,56.790000915527344,35113900
2016-09-12,51.07533645629883,57.04999923706055,57.209999084472656,55.61000061035156,56.0,29303000
2016-09-13,50.60978317260742,56.52999877929688,56.650001525878906,56.04999923706055,56.5,30130200
2016-09-14,50.36806106567383,56.2599983215332,56.630001068115234,56.02999877929688,56.38999938964844,24062500
2016-09-15,51.2006721496582,57.18999862670898,57.34999847412109,55.97999954223633,56.150001525878906,26847000
2016-09-16,51.254390716552734,57.25,57.630001068115234,56.75,57.630001068115234,44607000
2016-09-19,50.967918395996094,56.93000030517578,57.75,56.84999847412109,57.27000045776367,20937100
2016-09-20,50.860477447509766,56.810001373291016,57.34999847412109,56.75,57.34999847412109,17384000
2016-09-21,51.710975646972656,57.7599983215332,57.84999847412109,57.08000183105469,57.5099983215332,33707300
2016-09-22,51.76469802856445,57.81999969482422,58.0,57.630001068115234,57.91999816894531,19822200
2016-09-23,51.4155387878418,57.43000030517578,57.90999984741211,57.380001068115234,57.869998931884766,19955300
2016-09-26,50.941036224365234,56.900001525878906,57.13999938964844,56.83000183105469,57.08000183105469,21688700
2016-09-27,51.881080627441406,57.95000076293945,58.060001373291016,56.68000030517578,56.93000030517578,28065100
2016-09-28,51.95270156860352,58.02999877929688,58.060001373291016,57.66999816894531,57.880001068115234,20536400
2016-09-29,51.38869094848633,57.400001525878906,58.16999816894531,57.209999084472656,57.810001373291016,25463500
2016-09-30,51.56774139404297,57.59999847412109,57.77000045776367,57.34000015258789,57.56999969482422,29910800
2016-10-03,51.406585693359375,57.41999816894531,57.54999923706055,57.060001373291016,57.40999984741211,19189500
2016-10-04,51.24544143676758,57.2400016784668,57.59999847412109,56.970001220703125,57.27000045776367,20085900
2016-10-05,51.6035385131836,57.63999938964844,57.959999084472656,57.2599983215332,57.290000915527344,16726400
2016-10-06,51.69308090209961,57.7400016784668,57.86000061035156,57.27999877929688,57.7400016784668,16212600
2016-10-07,51.74678421020508,57.79999923706055,57.97999954223633,57.41999816894531,57.84999847412109,20089000
2016-10-10,51.96165466308594,58.040000915527344,58.38999938964844,57.869998931884766,57.90999984741211,18196500
2016-10-11,51.2006721496582,57.18999862670898,58.02000045776367,56.88999938964844,57.88999938964844,26497400
2016-10-12,51.12905883789063,57.11000061035156,57.27000045776367,56.400001525878906,57.11000061035156,22177500
2016-10-13,50.95895004272461,56.91999816894531,57.29999923706055,56.31999969482422,56.70000076293945,25313700
2016-10-14,51.406585693359375,57.41999816894531,57.7400016784668,57.119998931884766,57.119998931884766,27402500
2016-10-17,51.22753143310547,57.220001220703125,57.459999084472656,56.869998931884766,57.36000061035156,23830000
2016-10-18,51.6214485168457,57.65999984741211,57.95000076293945,57.40999984741211,57.52999877929688,19149500
2016-10-19,51.505069732666016,57.52999877929688,57.84000015258789,57.400001525878906,57.470001220703125,22878400
2016-10-20,51.254390716552734,57.25,57.52000045776367,56.65999984741211,57.5,49455600
2016-10-21,53.41199493408203,59.65999984741211,60.45000076293945,59.4900016784668,60.27999877929688,80032200
2016-10-24,54.61166000366211,61.0,61.0,59.93000030517578,59.93999862670898,54067000
2016-10-25,54.60271835327149,60.9900016784668,61.369998931884766,60.79999923706055,60.84999847412109,35137200
2016-10-26,54.28041076660156,60.630001068115234,61.20000076293945,60.470001220703125,60.810001373291016,29911600
2016-10-27,53.805912017822266,60.09999847412109,60.83000183105469,60.09000015258789,60.61000061035156,28479900
2016-10-28,53.60000991821289,59.869998931884766,60.52000045776367,59.58000183105469,60.0099983215332,33574700
2016-10-31,53.6447639465332,59.91999816894531,60.41999816894531,59.91999816894531,60.15999984741211,26434700
2016-11-01,53.53734970092773,59.79999923706055,60.02000045776367,59.25,59.970001220703125,24533000
2016-11-02,53.20608901977539,59.43000030517578,59.93000030517578,59.29999923706055,59.81999969482422,22147000
2016-11-03,53.00911712646485,59.209999084472656,59.63999938964844,59.11000061035156,59.52999877929688,21600400
2016-11-04,52.56148910522461,58.709999084472656,59.27999877929688,58.52000045776367,58.650001525878906,28697000
2016-11-07,54.09238815307617,60.41999816894531,60.52000045776367,59.77999877929688,59.77999877929688,31664800
2016-11-08,54.13716125488281,60.470001220703125,60.77999877929688,60.150001525878906,60.54999923706055,22935400
2016-11-09,53.86858367919922,60.16999816894531,60.59000015258789,59.20000076293945,60.0,49632500
2016-11-10,52.552528381347656,58.70000076293945,60.4900016784668,57.630001068115234,60.47999954223633,57822400
2016-11-11,52.83903121948242,59.02000045776367,59.119998931884766,58.0099983215332,58.22999954223633,38767800
2016-11-14,52.03327941894531,58.119998931884766,59.08000183105469,57.27999877929688,59.02000045776367,41328400
2016-11-15,53.06078720092773,58.869998931884766,59.4900016784668,58.31999969482422,58.33000183105469,35904100
2016-11-16,53.76381301879883,59.650001525878906,59.65999984741211,58.810001373291016,58.93999862670898,27332500
2016-11-17,54.65612030029297,60.63999938964844,60.95000076293945,59.970001220703125,60.40999984741211,32132700
2016-11-18,54.39472198486328,60.34999847412109,61.13999938964844,60.29999923706055,60.77999877929688,27686300
2016-11-21,54.85441970825195,60.86000061035156,60.970001220703125,60.41999816894531,60.5,19652600
2016-11-22,55.0887565612793,61.119998931884766,61.2599983215332,60.810001373291016,60.97999954223633,23206700
2016-11-23,54.43979644775391,60.400001525878906,61.09999847412109,60.25,61.0099983215332,21848900
2016-11-25,54.55696487426758,60.52999877929688,60.52999877929688,60.130001068115234,60.29999923706055,8409600
2016-11-28,54.62908554077149,60.61000061035156,61.02000045776367,60.209999084472656,60.34000015258789,20732600
2016-11-29,55.06171798706055,61.09000015258789,61.40999984741211,60.52000045776367,60.650001525878906,22366700
2016-11-30,54.31362533569336,60.2599983215332,61.18000030517578,60.220001220703125,60.86000061035156,34655400
2016-12-01,53.35822296142578,59.20000076293945,60.150001525878906,58.93999862670898,60.11000061035156,34542100
2016-12-02,53.40328598022461,59.25,59.470001220703125,58.79999923706055,59.08000183105469,25515700
2016-12-05,54.27755737304688,60.220001220703125,60.59000015258789,59.560001373291016,59.70000076293945,23552700
2016-12-06,54.03420639038086,59.95000076293945,60.459999084472656,59.79999923706055,60.43000030517578,19907000
2016-12-07,55.314083099365234,61.369998931884766,61.380001068115234,59.79999923706055,60.0099983215332,30809000
2016-12-08,54.98960876464844,61.0099983215332,61.58000183105469,60.84000015258789,61.29999923706055,21220800
2016-12-09,55.85488128662109,61.970001220703125,61.9900016784668,61.130001068115234,61.18000030517578,27349400
2016-12-12,56.0351448059082,62.16999816894531,62.29999923706055,61.720001220703125,61.81999969482422,20198100
2016-12-13,56.76520538330078,62.97999954223633,63.41999816894531,62.2400016784668,62.5,35718900
2016-12-14,56.494815826416016,62.68000030517578,63.45000076293945,62.52999877929688,63.0,30352700
2016-12-15,56.40468215942383,62.58000183105469,63.150001525878906,62.29999923706055,62.70000076293945,27669900
2016-12-16,56.15231704711914,62.29999923706055,62.95000076293945,62.119998931884766,62.95000076293945,42453100
2016-12-19,57.34205627441406,63.619998931884766,63.77000045776367,62.41999816894531,62.560001373291016,34338200
2016-12-20,57.26995086669922,63.540000915527344,63.79999923706055,63.02999877929688,63.68999862670898,26028400
2016-12-21,57.26995086669922,63.540000915527344,63.70000076293945,63.119998931884766,63.43000030517578,17096300
2016-12-22,57.27896881103516,63.54999923706055,64.0999984741211,63.40999984741211,63.84000015258789,22176600
2016-12-23,56.99956893920898,63.2400016784668,63.540000915527344,62.79999923706055,63.45000076293945,12403800
2016-12-27,57.03561782836914,63.27999877929688,64.06999969482422,63.209999084472656,63.209999084472656,11763200
2016-12-28,56.77423095703125,62.9900016784668,63.400001525878906,62.83000183105469,63.400001525878906,14653300
2016-12-29,56.69309997558594,62.900001525878906,63.20000076293945,62.72999954223633,62.86000061035156,10250600
2016-12-30,56.00810623168945,62.13999938964844,62.9900016784668,62.02999877929688,62.959999084472656,25579900
2017-01-03,56.40468215942383,62.58000183105469,62.84000015258789,62.130001068115234,62.790000915527344,20694100
2017-01-04,56.15231704711914,62.29999923706055,62.75,62.119998931884766,62.47999954223633,21340000
2017-01-05,56.15231704711914,62.29999923706055,62.65999984741211,62.02999877929688,62.18999862670898,24876000
2017-01-06,56.63902282714844,62.84000015258789,63.150001525878906,62.040000915527344,62.29999923706055,19922900
2017-01-09,56.458763122558594,62.63999938964844,63.08000183105469,62.540000915527344,62.7599983215332,20382700
2017-01-10,56.44073867797852,62.619998931884766,63.06999969482422,62.27999877929688,62.72999954223633,18593000
2017-01-11,56.95449066162109,63.18999862670898,63.22999954223633,62.43000030517578,62.61000061035156,21517300
2017-01-12,56.43172836303711,62.61000061035156,63.400001525878906,61.95000076293945,63.060001373291016,20968200
2017-01-13,56.5128288269043,62.70000076293945,62.869998931884766,62.34999847412109,62.619998931884766,19422300
2017-01-17,56.35961532592773,62.52999877929688,62.70000076293945,62.02999877929688,62.68000030517578,20664000
2017-01-18,56.33257293701172,62.5,62.70000076293945,62.119998931884766,62.66999816894531,19670100
2017-01-19,56.15231704711914,62.29999923706055,62.97999954223633,62.20000076293945,62.2400016784668,18451700
2017-01-20,56.54890441894531,62.7400016784668,62.81999969482422,62.369998931884766,62.66999816894531,30213500
2017-01-23,56.7471809387207,62.959999084472656,63.119998931884766,62.56999969482422,62.70000076293945,23097600
2017-01-24,57.25192642211914,63.52000045776367,63.7400016784668,62.93999862670898,63.20000076293945,24672900
2017-01-25,57.396141052246094,63.68000030517578,64.0999984741211,63.45000076293945,63.95000076293945,23672700
2017-01-26,57.92792510986328,64.2699966430664,64.54000091552734,63.54999923706055,64.12000274658203,43554600
2017-01-27,59.28889846801758,65.77999877929688,65.91000366210938,64.88999938964844,65.38999938964844,44818000
2017-01-30,58.70305252075195,65.12999725341797,65.79000091552734,64.80000305175781,65.69000244140625,31651400
2017-01-31,58.27041244506836,64.6500015258789,65.1500015258789,64.26000213623047,64.86000061035156,25270500
2017-02-01,57.30601501464844,63.58000183105469,64.62000274658203,63.470001220703125,64.36000061035156,39671500
2017-02-02,56.93646240234375,63.16999816894531,63.40999984741211,62.75,63.25,45827000
2017-02-03,57.396141052246094,63.68000030517578,63.70000076293945,63.06999969482422,63.5,30301800
2017-02-06,57.3600959777832,63.63999938964844,63.650001525878906,63.13999938964844,63.5,19796400
2017-02-07,57.170806884765625,63.43000030517578,63.77999877929688,63.22999954223633,63.7400016784668,20277200
2017-02-08,57.08968734741211,63.34000015258789,63.810001373291016,63.220001220703125,63.56999969482422,18096400
2017-02-09,57.73863220214844,64.05999755859375,64.44000244140625,63.31999969482422,63.52000045776367,22644400
2017-02-10,57.684566497802734,64.0,64.30000305175781,63.97999954223633,64.25,18170700
2017-02-13,58.33349990844727,64.72000122070312,64.86000061035156,64.12999725341797,64.23999786376953,22920100
2017-02-14,58.5511360168457,64.56999969482422,64.72000122070312,64.0199966430664,64.41000366210938,23108400
2017-02-15,58.51487350463867,64.52999877929688,64.56999969482422,64.16000366210938,64.5,17005200
2017-02-16,58.50579071044922,64.5199966430664,65.23999786376953,64.44000244140625,64.73999786376953,20546300
2017-02-17,58.59649658203125,64.62000274658203,64.69000244140625,64.30000305175781,64.47000122070312,21248800
2017-02-21,58.47859191894531,64.48999786376953,64.94999694824219,64.44999694824219,64.61000061035156,20655900
2017-02-22,58.3607063293457,64.36000061035156,64.38999938964844,64.05000305175781,64.33000183105469,19292700
2017-02-23,58.59649658203125,64.62000274658203,64.7300033569336,64.19000244140625,64.41999816894531,20273100
2017-02-24,58.59649658203125,64.62000274658203,64.80000305175781,64.13999938964844,64.52999877929688,21796800
2017-02-27,58.24283981323242,64.2300033569336,64.54000091552734,64.05000305175781,64.54000091552734,15871500
2017-02-28,58.0161361694336,63.97999954223633,64.19999694824219,63.7599983215332,64.08000183105469,23239800
2017-03-01,58.88665771484375,64.94000244140625,64.98999786376953,64.0199966430664,64.12999725341797,26937500
2017-03-02,58.043338775634766,64.01000213623047,64.75,63.880001068115234,64.69000244140625,24539600
2017-03-03,58.26097106933594,64.25,64.27999877929688,63.619998931884766,63.9900016784668,18135900
2017-03-06,58.27911758422852,64.2699966430664,64.55999755859375,63.810001373291016,63.970001220703125,18750300
2017-03-07,58.39698791503906,64.4000015258789,64.77999877929688,64.19000244140625,64.19000244140625,18521000
2017-03-08,58.93198776245117,64.98999786376953,65.08000183105469,64.25,64.26000213623047,21510900
2017-03-09,58.696231842041016,64.7300033569336,65.19999694824219,64.4800033569336,65.19000244140625,19846800
2017-03-10,58.87759017944336,64.93000030517578,65.26000213623047,64.75,65.11000061035156,19538200
2017-03-13,58.67809295654297,64.70999908447266,65.19000244140625,64.56999969482422,65.01000213623047,20100000
2017-03-14,58.40605926513672,64.41000366210938,64.55000305175781,64.1500015258789,64.52999877929688,14280200
2017-03-15,58.71436309814453,64.75,64.91999816894531,64.25,64.55000305175781,24833800
2017-03-16,58.61462020874024,64.63999938964844,64.76000213623047,64.30000305175781,64.75,20674300
2017-03-17,58.82318115234375,64.87000274658203,65.23999786376953,64.68000030517578,64.91000366210938,49219700
2017-03-20,58.87759017944336,64.93000030517578,65.18000030517578,64.72000122070312,64.91000366210938,14598100
2017-03-21,58.22469329833984,64.20999908447266,65.5,64.12999725341797,65.19000244140625,26640500
2017-03-22,58.968257904052734,65.02999877929688,65.13999938964844,64.12000274658203,64.12000274658203,20680000
2017-03-23,58.82318115234375,64.87000274658203,65.23999786376953,64.7699966430664,64.94000244140625,19269200
2017-03-24,58.92291259765625,64.9800033569336,65.44999694824219,64.76000213623047,65.36000061035156,22617100
2017-03-27,59.03175354003906,65.0999984741211,65.22000122070312,64.3499984741211,64.62999725341797,18614700
2017-03-28,59.20401763916016,65.29000091552734,65.47000122070312,64.6500015258789,64.95999908447266,20080400
2017-03-29,59.36725616455078,65.47000122070312,65.5,64.94999694824219,65.12000274658203,13618400
2017-03-30,59.58487319946289,65.70999908447266,65.9800033569336,65.36000061035156,65.41999816894531,15122800
2017-03-31,59.720890045166016,65.86000061035156,66.19000244140625,65.44999694824219,65.6500015258789,21040300
2017-04-03,59.43978500366211,65.55000305175781,65.94000244140625,65.19000244140625,65.80999755859375,20400900
2017-04-04,59.603023529052734,65.7300033569336,65.80999755859375,65.27999877929688,65.38999938964844,12997400
2017-04-05,59.44886779785156,65.55999755859375,66.3499984741211,65.44000244140625,66.30000305175781,21448600
2017-04-06,59.603023529052734,65.7300033569336,66.05999755859375,65.4800033569336,65.5999984741211,18103500
2017-04-07,59.55768203735352,65.68000030517578,65.95999908447266,65.44000244140625,65.8499984741211,14108500
2017-04-10,59.42166519165039,65.52999877929688,65.81999969482422,65.36000061035156,65.61000061035156,17952700
2017-04-11,59.37632751464844,65.4800033569336,65.61000061035156,64.8499984741211,65.5999984741211,18791500
2017-04-12,59.14962005615234,65.2300033569336,65.51000213623047,65.11000061035156,65.41999816894531,17108500
2017-04-13,58.89571762084961,64.94999694824219,65.86000061035156,64.94999694824219,65.29000091552734,17896500
2017-04-17,59.37632751464844,65.4800033569336,65.48999786376953,65.01000213623047,65.04000091552734,16689300
2017-04-18,59.29472351074219,65.38999938964844,65.70999908447266,65.16000366210938,65.33000183105469,15155600
2017-04-19,58.97733688354492,65.04000091552734,65.75,64.88999938964844,65.6500015258789,26992800
2017-04-20,59.39445114135742,65.5,65.75,65.13999938964844,65.45999908447266,22299500
2017-04-21,60.21055603027344,66.4000015258789,66.69999694824219,65.44999694824219,65.66999816894531,32522600
2017-04-24,61.23521423339844,67.52999877929688,67.66000366210938,67.0999984741211,67.4800033569336,29770000
2017-04-25,61.58887100219727,67.91999816894531,68.04000091552734,67.5999984741211,67.9000015258789,30242700
2017-04-26,61.50727081298828,67.83000183105469,68.30999755859375,67.62000274658203,68.08000183105469,26190800
2017-04-27,61.90625381469727,68.2699966430664,68.37999725341797,67.58000183105469,68.1500015258789,34971000
2017-04-28,62.07856750488281,68.45999908447266,69.13999938964844,67.69000244140625,68.91000366210938,39548800
2017-05-01,62.93999481201172,69.41000366210938,69.55000305175781,68.5,68.68000030517578,31954400
2017-05-02,62.84026718139648,69.30000305175781,69.70999908447266,69.12999725341797,69.70999908447266,23906100
2017-05-03,62.6407470703125,69.08000183105469,69.37999725341797,68.70999908447266,69.37999725341797,28928000
2017-05-04,62.395904541015625,68.80999755859375,69.08000183105469,68.63999938964844,69.02999877929688,21749400
2017-05-05,62.56821060180664,69.0,69.02999877929688,68.48999786376953,68.9000015258789,19128800
2017-05-08,62.51378631591797,68.94000244140625,69.05000305175781,68.41999816894531,68.97000122070312,18566100
2017-05-09,62.60446548461914,69.04000091552734,69.27999877929688,68.68000030517578,68.86000061035156,22858400
2017-05-10,62.84927749633789,69.30999755859375,69.55999755859375,68.91999816894531,68.98999786376953,17977800
2017-05-11,62.07856750488281,68.45999908447266,68.7300033569336,68.12000274658203,68.36000061035156,28789400
2017-05-12,62.00598907470703,68.37999725341797,68.61000061035156,68.04000091552734,68.61000061035156,18714100
2017-05-15,62.05133438110352,68.43000030517578,68.4800033569336,67.56999969482422,68.13999938964844,31530300
2017-05-16,63.30076217651367,69.41000366210938,69.44000244140625,68.16000366210938,68.2300033569336,34956000
2017-05-17,61.54063415527344,67.4800033569336,69.0999984741211,67.43000030517578,68.88999938964844,30548800
2017-05-18,61.7503662109375,67.70999908447266,68.12999725341797,67.13999938964844,67.4000015258789,25201300
2017-05-19,61.732154846191406,67.69000244140625,68.0999984741211,67.43000030517578,67.5,26961100
2017-05-22,62.425254821777344,68.44999694824219,68.5,67.5,67.88999938964844,16237600
2017-05-23,62.63501739501953,68.68000030517578,68.75,68.37999725341797,68.72000122070312,15425800
2017-05-24,62.71708679199219,68.7699966430664,68.87999725341797,68.44999694824219,68.87000274658203,14593900
2017-05-25,63.49226760864258,69.62000274658203,69.87999725341797,68.91000366210938,68.97000122070312,21854100
2017-05-26,63.802345275878906,69.95999908447266,70.22000122070312,69.5199966430664,69.80000305175781,19827900
2017-05-30,64.21273040771484,70.41000366210938,70.41000366210938,69.7699966430664,69.79000091552734,17072800
2017-05-31,63.69290542602539,69.83999633789062,70.73999786376953,69.80999755859375,70.52999877929688,30436400
2017-06-01,63.93002700805664,70.0999984741211,70.61000061035156,69.44999694824219,70.23999786376953,21603600
2017-06-02,65.44390106201172,71.76000213623047,71.86000061035156,70.23999786376953,70.44000244140625,34770300
2017-06-05,65.91815185546875,72.27999877929688,72.88999938964844,71.80999755859375,71.97000122070312,33316800
2017-06-06,66.13700103759766,72.5199966430664,72.62000274658203,72.2699966430664,72.30000305175781,31511100
2017-06-07,66.01847076416016,72.38999938964844,72.7699966430664,71.94999694824219,72.63999938964844,22301800
2017-06-08,65.6171875,71.94999694824219,72.5199966430664,71.5,72.51000213623047,24588300
2017-06-09,64.13066101074219,70.31999969482422,72.08000183105469,68.58999633789062,72.04000091552734,49187400
2017-06-12,63.63819885253906,69.77999877929688,69.94000244140625,68.12999725341797,69.25,47761700
2017-06-13,64.43163299560547,70.6500015258789,70.81999969482422,69.95999908447266,70.0199966430664,25258600
2017-06-14,64.08505249023438,70.2699966430664,71.0999984741211,69.43000030517578,70.91000366210938,25510700
2017-06-15,63.74762344360352,69.9000015258789,70.20999908447266,68.80000305175781,69.2699966430664,26068700
2017-06-16,63.83882141113281,70.0,70.02999877929688,69.22000122070312,69.7300033569336,48345100
2017-06-19,64.63224792480469,70.87000274658203,70.94000244140625,70.3499984741211,70.5,23798300
2017-06-20,63.75675201416016,69.91000366210938,70.87000274658203,69.87000274658203,70.81999969482422,21512200
2017-06-21,64.08505249023438,70.2699966430664,70.62000274658203,69.94000244140625,70.20999908447266,19891100
2017-06-22,64.0759506225586,70.26000213623047,70.58999633789062,69.70999908447266,70.54000091552734,22965700
2017-06-23,64.94231414794922,71.20999908447266,71.25,69.91999816894531,70.08999633789062,27617300
2017-06-26,64.32215881347656,70.52999877929688,71.70999908447266,70.44000244140625,71.4000015258789,19607000
2017-06-27,63.11834335327149,69.20999908447266,70.18000030517578,69.18000030517578,70.11000061035156,25215100
2017-06-28,63.65642166137695,69.80000305175781,69.83999633789062,68.79000091552734,69.20999908447266,25806200
2017-06-29,62.46173858642578,68.48999786376953,69.48999786376953,68.08999633789062,69.37999725341797,28918700
2017-06-30,62.86300277709961,68.93000030517578,69.37999725341797,68.73999786376953,68.77999877929688,24161100
2017-07-03,62.16990661621094,68.16999816894531,69.5999984741211,68.0199966430664,69.33000183105469,16165500
2017-07-05,62.99978256225586,69.08000183105469,69.44000244140625,68.22000122070312,68.26000213623047,21176300
2017-07-06,62.53467559814453,68.56999969482422,68.77999877929688,68.12000274658203,68.2699966430664,21117600
2017-07-07,63.34635543823242,69.45999908447266,69.83999633789062,68.69999694824219,68.69999694824219,16878300
2017-07-10,63.820587158203125,69.9800033569336,70.25,69.19999694824219,69.45999908447266,15014500
2017-07-11,63.8297004699707,69.98999786376953,70.68000030517578,69.75,70.0,17460000
2017-07-12,64.88761138916016,71.1500015258789,71.27999877929688,70.55000305175781,70.69000244140625,17750900
2017-07-13,65.45303344726562,71.7699966430664,72.04000091552734,71.30999755859375,71.5,20269800
2017-07-14,66.37413024902344,72.77999877929688,73.2699966430664,71.95999908447266,72.23999786376953,25868100
2017-07-17,66.89397430419922,73.3499984741211,73.44999694824219,72.72000122070312,72.80000305175781,21803900
2017-07-18,66.84838104248047,73.30000305175781,73.38999938964844,72.66000366210938,73.08999633789062,26435300
2017-07-19,67.35908508300781,73.86000061035156,74.04000091552734,73.44999694824219,73.5,22416200
2017-07-20,67.68739318847656,74.22000122070312,74.30000305175781,73.27999877929688,74.18000030517578,42361000
2017-07-21,67.29522705078125,73.79000091552734,74.29000091552734,73.16999816894531,73.44999694824219,46717100
2017-07-24,67.12195587158203,73.5999984741211,73.75,73.12999725341797,73.52999877929688,21394800
2017-07-25,67.66004943847656,74.19000244140625,74.30999755859375,73.5,73.80000305175781,22018700
2017-07-26,67.5323486328125,74.05000305175781,74.37999725341797,73.80999755859375,74.33999633789062,16252200
2017-07-27,66.72068786621094,73.16000366210938,74.41999816894531,72.31999969482422,73.76000213623047,36844200
2017-07-28,66.61123657226562,73.04000091552734,73.30999755859375,72.54000091552734,72.66999816894531,18306700
2017-07-31,66.30116271972656,72.69999694824219,73.44000244140625,72.41000366210938,73.30000305175781,23600100
2017-08-01,66.1917724609375,72.58000183105469,73.41999816894531,72.48999786376953,73.0999984741211,22132300
2017-08-02,65.89988708496094,72.26000213623047,72.55999755859375,71.44000244140625,72.55000305175781,26499200
2017-08-03,65.79956817626953,72.1500015258789,72.44000244140625,71.8499984741211,72.19000244140625,18214400
2017-08-04,66.28292083740234,72.68000030517578,73.04000091552734,72.23999786376953,72.4000015258789,22579000
2017-08-07,66.02757263183594,72.4000015258789,72.9000015258789,72.26000213623047,72.80000305175781,18705700
2017-08-08,66.38327026367188,72.79000091552734,73.12999725341797,71.75,72.08999633789062,22044600
2017-08-09,66.0914306640625,72.47000122070312,72.51000213623047,72.05000305175781,72.25,22213400
2017-08-10,65.12474060058594,71.41000366210938,72.19000244140625,71.3499984741211,71.9000015258789,24734500
2017-08-11,66.1187973022461,72.5,72.69999694824219,71.27999877929688,71.61000061035156,21443700
2017-08-14,67.11283111572266,73.58999633789062,73.72000122070312,72.94999694824219,73.05999755859375,20096600
2017-08-15,67.13117218017578,73.22000122070312,73.58999633789062,73.04000091552734,73.58999633789062,19181400
2017-08-16,67.52542877197266,73.6500015258789,74.0999984741211,73.16999816894531,73.33999633789062,18150400
2017-08-17,66.37935638427734,72.4000015258789,73.87000274658203,72.4000015258789,73.58000183105469,22977500
2017-08-18,66.46187591552734,72.48999786376953,72.83999633789062,71.93000030517578,72.2699966430664,18761500
2017-08-21,66.15013885498047,72.1500015258789,72.4800033569336,71.69999694824219,72.47000122070312,17734800
2017-08-22,67.076171875,73.16000366210938,73.23999786376953,72.3499984741211,72.3499984741211,14343700
2017-08-23,66.67276000976562,72.72000122070312,73.1500015258789,72.52999877929688,72.95999908447266,13766500
2017-08-24,66.64524841308594,72.69000244140625,72.86000061035156,72.06999969482422,72.73999786376953,17098300
2017-08-25,66.7644271850586,72.81999969482422,73.3499984741211,72.4800033569336,72.86000061035156,12794300
2017-08-28,66.77359771728516,72.83000183105469,73.08999633789062,72.55000305175781,73.05999755859375,14569700
2017-08-29,66.97532653808594,73.05000305175781,73.16000366210938,72.05000305175781,72.25,11478400
2017-08-30,67.85547637939453,74.01000213623047,74.20999908447266,72.83000183105469,73.01000213623047,16897800
2017-08-31,68.55228424072266,74.7699966430664,74.95999908447266,73.80000305175781,74.02999877929688,27652800
2017-09-01,67.79129791259766,73.94000244140625,74.73999786376953,73.63999938964844,74.70999908447266,21736200
2017-09-05,67.4887466430664,73.61000061035156,73.88999938964844,72.9800033569336,73.33999633789062,21556000
2017-09-06,67.29622650146484,73.4000015258789,74.04000091552734,73.3499984741211,73.73999786376953,16535800
2017-09-07,68.15802764892578,74.33999633789062,74.5999984741211,73.5999984741211,73.68000030517578,17471200
2017-09-08,67.82796478271484,73.9800033569336,74.44000244140625,73.83999633789062,74.33000183105469,14703800
2017-09-11,68.54309844970703,74.76000213623047,74.94000244140625,74.30999755859375,74.30999755859375,17910400
2017-09-12,68.46975708007812,74.68000030517578,75.23999786376953,74.37000274658203,74.76000213623047,14394900
2017-09-13,68.9557113647461,75.20999908447266,75.2300033569336,74.55000305175781,74.93000030517578,13380800
2017-09-14,68.55228424072266,74.7699966430664,75.48999786376953,74.5199966430664,75.0,15733900
2017-09-15,69.04737854003906,75.30999755859375,75.38999938964844,74.06999969482422,74.83000183105469,38578400
2017-09-18,68.90983581542969,75.16000366210938,75.97000122070312,75.04000091552734,75.2300033569336,23307000
2017-09-19,69.16656494140625,75.44000244140625,75.70999908447266,75.01000213623047,75.20999908447266,16093300
2017-09-20,68.70813751220703,74.94000244140625,75.55000305175781,74.30999755859375,75.3499984741211,21587900
2017-09-21,68.03884887695312,74.20999908447266,75.23999786376953,74.11000061035156,75.11000061035156,19186100
2017-09-22,68.22222137451172,74.41000366210938,74.51000213623047,73.8499984741211,73.98999786376953,14111400
2017-09-25,67.16783905029297,73.26000213623047,74.25,72.91999816894531,74.08999633789062,24149200
2017-09-26,67.16783905029297,73.26000213623047,73.80999755859375,72.98999786376953,73.66999816894531,18019600
2017-09-27,67.70880889892578,73.8499984741211,74.16999816894531,73.16999816894531,73.55000305175781,19565100
2017-09-28,67.72711944580078,73.87000274658203,73.97000122070312,73.30999755859375,73.54000091552734,10883800
2017-09-29,68.29556274414062,74.48999786376953,74.54000091552734,73.87999725341797,73.94000244140625,17079100
2017-10-02,68.40559387207031,74.61000061035156,75.01000213623047,74.30000305175781,74.70999908447266,15304800
2017-10-03,68.08470153808594,74.26000213623047,74.87999725341797,74.19000244140625,74.66999816894531,12190400
2017-10-04,68.47891235351562,74.69000244140625,74.72000122070312,73.70999908447266,74.08999633789062,13317700
2017-10-05,69.6524887084961,75.97000122070312,76.12000274658203,74.95999908447266,75.22000122070312,21195300
2017-10-06,69.67999267578125,76.0,76.02999877929688,75.54000091552734,75.66999816894531,13959800
2017-10-09,69.94588470458984,76.29000091552734,76.55000305175781,75.86000061035156,75.97000122070312,11386500
2017-10-10,69.94588470458984,76.29000091552734,76.62999725341797,76.13999938964844,76.33000183105469,13944500
2017-10-11,70.06507110595703,76.41999816894531,76.45999908447266,75.94999694824219,76.36000061035156,15388900
2017-10-12,70.70686340332031,77.12000274658203,77.29000091552734,76.37000274658203,76.48999786376953,16876500
2017-10-13,71.04609680175781,77.48999786376953,77.87000274658203,77.29000091552734,77.58999633789062,15335700
2017-10-16,71.19278717041016,77.6500015258789,77.80999755859375,77.3499984741211,77.41999816894531,12380100
2017-10-17,71.13776397705078,77.58999633789062,77.62000274658203,77.25,77.47000122070312,16824000
2017-10-18,71.15612030029297,77.61000061035156,77.8499984741211,77.37000274658203,77.66999816894531,13300700
2017-10-19,71.4311752319336,77.91000366210938,77.93000030517578,77.3499984741211,77.56999969482422,15092800
2017-10-20,72.2563247680664,78.80999755859375,78.97000122070312,78.22000122070312,78.31999969482422,22866400
2017-10-23,72.27466583251953,78.83000183105469,79.33999633789062,78.76000213623047,78.98999786376953,20627200
2017-10-24,72.30215454101562,78.86000061035156,79.19999694824219,78.45999908447266,78.9000015258789,17517200
2017-10-25,72.09129333496094,78.62999725341797,79.0999984741211,78.01000213623047,78.58000183105469,20410800
2017-10-26,72.21048736572266,78.76000213623047,79.41999816894531,78.75,79.19999694824219,32120700
2017-10-27,76.8405532836914,83.80999755859375,86.19999694824219,83.61000061035156,84.37000274658203,71066700
2017-10-30,76.91390228271484,83.88999938964844,84.33000183105469,83.11000061035156,83.69999694824219,31756700
2017-10-31,76.26292419433594,83.18000030517578,84.36000061035156,83.11000061035156,84.36000061035156,27086600
2017-11-01,76.26292419433594,83.18000030517578,83.76000213623047,82.87999725341797,83.68000030517578,22307400
2017-11-02,77.06058502197266,84.05000305175781,84.45999908447266,83.12000274658203,83.3499984741211,23992900
2017-11-03,77.1430892944336,84.13999938964844,84.54000091552734,83.4000015258789,84.08000183105469,17633500
2017-11-06,77.44564056396484,84.47000122070312,84.69999694824219,84.08000183105469,84.19999694824219,19860900
2017-11-07,77.26228332519531,84.2699966430664,84.9000015258789,83.93000030517578,84.7699966430664,17939700
2017-11-08,77.52816772460938,84.55999755859375,84.61000061035156,83.83000183105469,84.13999938964844,18034200
2017-11-09,77.0972671508789,84.08999633789062,84.2699966430664,82.9000015258789,84.11000061035156,21178400
2017-11-10,76.89555358886719,83.87000274658203,84.0999984741211,83.2300033569336,83.79000091552734,19397800
2017-11-13,76.9505615234375,83.93000030517578,83.94000244140625,83.45999908447266,83.66000366210938,14196900
2017-11-14,77.06058502197266,84.05000305175781,84.0999984741211,82.9800033569336,83.5,18801300
2017-11-15,76.46166229248047,82.9800033569336,83.69000244140625,82.69000244140625,83.47000122070312,19383100
2017-11-16,76.66436004638672,83.19999694824219,83.41999816894531,82.94000244140625,83.0999984741211,20962800
2017-11-17,75.92720031738281,82.4000015258789,83.12000274658203,82.23999786376953,83.12000274658203,22079000
2017-11-20,76.0469970703125,82.52999877929688,82.58999633789062,82.25,82.4000015258789,16315000
2017-11-21,77.14351654052734,83.72000122070312,83.83999633789062,82.73999786376953,82.73999786376953,21237500
2017-11-22,76.58143615722656,83.11000061035156,83.9000015258789,83.04000091552734,83.83000183105469,20553100
2017-11-24,76.71963500976562,83.26000213623047,83.43000030517578,82.77999877929688,83.01000213623047,7425600
2017-11-27,77.28172302246094,83.87000274658203,83.9800033569336,83.30000305175781,83.30999755859375,18265200
2017-11-28,78.21238708496094,84.87999725341797,85.05999755859375,84.0199966430664,84.06999969482422,21926000
2017-11-29,76.79337310791016,83.33999633789062,84.91999816894531,83.18000030517578,84.70999908447266,27381100
2017-11-30,77.55815887451172,84.16999816894531,84.5199966430664,83.33999633789062,83.51000213623047,33054600
2017-12-01,77.64110565185547,84.26000213623047,84.80999755859375,83.22000122070312,83.5999984741211,29532100
2017-12-04,74.71089935302734,81.08000183105469,84.43000030517578,80.69999694824219,84.41999816894531,39094900
2017-12-05,75.18080139160156,81.58999633789062,82.68000030517578,80.9800033569336,81.33999633789062,26152300
2017-12-06,76.27733612060547,82.77999877929688,83.13999938964844,81.43000030517578,81.55000305175781,26162100
2017-12-07,76.0101089477539,82.48999786376953,82.80000305175781,82.0,82.54000091552734,23184500
2017-12-08,77.5489501953125,84.16000366210938,84.58000183105469,83.33000183105469,83.62999725341797,24489100
2017-12-11,78.53489685058594,85.2300033569336,85.37000274658203,84.12000274658203,84.29000091552734,22857900
2017-12-12,78.8573989868164,85.58000183105469,86.05000305175781,85.08000183105469,85.30999755859375,23924100
2017-12-13,78.64546966552734,85.3499984741211,86.0,85.16999816894531,85.73999786376953,22062700
2017-12-14,78.03730773925781,84.69000244140625,85.87000274658203,84.52999877929688,85.43000030517578,19306000
2017-12-15,80.02764892578125,86.8499984741211,87.08999633789062,84.87999725341797,85.26000213623047,53936700
2017-12-18,79.59454345703125,86.37999725341797,87.5,86.2300033569336,87.12000274658203,22283800
2017-12-19,79.08776092529297,85.83000183105469,86.3499984741211,85.2699966430664,86.3499984741211,23524800
2017-12-20,78.80210876464844,85.5199966430664,86.30000305175781,84.70999908447266,86.19999694824219,23674900
2017-12-21,78.78369140625,85.5,86.0999984741211,85.4000015258789,86.05000305175781,17990700
2017-12-22,78.79290771484375,85.51000213623047,85.62999725341797,84.91999816894531,85.4000015258789,14145800
2017-12-26,78.69157409667969,85.4000015258789,85.52999877929688,85.02999877929688,85.30999755859375,9891200
2017-12-27,78.97720336914062,85.70999908447266,85.9800033569336,85.22000122070312,85.6500015258789,14678000
2017-12-28,78.98641204833984,85.72000122070312,85.93000030517578,85.55000305175781,85.9000015258789,10594300
2017-12-29,78.8205337524414,85.54000091552734,86.05000305175781,85.5,85.62999725341797,18717400
2018-01-02,79.19833374023438,85.94999694824219,86.30999755859375,85.5,86.12999725341797,22483800
2018-01-03,79.5669174194336,86.3499984741211,86.51000213623047,85.97000122070312,86.05999755859375,26061400
2018-01-04,80.26720428466797,87.11000061035156,87.66000366210938,86.56999969482422,86.58999633789062,21912000
2018-01-05,81.26238250732422,88.19000244140625,88.41000366210938,87.43000030517578,87.66000366210938,23407100
2018-01-08,81.34529876708984,88.27999877929688,88.58000183105469,87.5999984741211,88.19999694824219,22113000
2018-01-09,81.2900161743164,88.22000122070312,88.7300033569336,87.86000061035156,88.6500015258789,19484300
2018-01-10,80.92143249511719,87.81999969482422,88.19000244140625,87.41000366210938,87.86000061035156,18652200
2018-01-11,81.1610107421875,88.08000183105469,88.12999725341797,87.23999786376953,88.12999725341797,17808900
2018-01-12,82.56159973144531,89.5999984741211,89.77999877929688,88.44999694824219,88.66999816894531,24271500
2018-01-16,81.40979766845703,88.3499984741211,90.79000091552734,88.01000213623047,90.0999984741211,36599700
2018-01-17,83.05919647216797,90.13999938964844,90.27999877929688,88.75,89.08000183105469,25621200
2018-01-18,83.02232360839844,90.0999984741211,90.66999816894533,89.66000366210938,89.80000305175781,24159700
2018-01-19,82.93018341064453,90.0,90.61000061035156,89.66000366210938,90.13999938964844,36875000
2018-01-22,84.4137191772461,91.61000061035156,91.62000274658205,89.73999786376953,90.0,23601600
2018-01-23,84.68094635009766,91.9000015258789,92.3000030517578,91.54000091552734,91.9000015258789,23412800
2018-01-24,84.60723876953125,91.81999969482422,93.43000030517578,91.58000183105467,92.5500030517578,33277500
2018-01-25,85.07714080810547,92.33000183105467,93.23999786376952,91.93000030517578,92.47000122070312,26383200
2018-01-26,86.67127990722656,94.05999755859376,94.05999755859376,92.58000183105467,93.12000274658205,29172200
2018-01-29,86.5422592163086,93.91999816894533,95.4499969482422,93.72000122070312,95.13999938964844,31569900
2018-01-30,85.4549560546875,92.73999786376952,93.66000366210938,92.0999984741211,93.3000030517578,38635100
2018-01-31,87.54663848876953,95.01000213623048,95.4000015258789,93.51000213623048,93.75,48756300
2018-02-01,86.85554504394531,94.26000213623048,96.06999969482422,93.58000183105467,94.79000091552734,47227900
2018-02-02,84.57038116455078,91.77999877929688,93.97000122070312,91.5,93.63999938964844,47867800
2018-02-05,81.08728790283203,88.0,93.23999786376952,88.0,90.55999755859376,51031500
2018-02-06,84.15572357177734,91.33000183105467,91.4800033569336,85.25,86.88999938964844,67998600
2018-02-07,82.57083892822266,89.61000061035156,91.7699966430664,89.19999694824219,90.48999786376952,41107600
2018-02-08,78.3321762084961,85.01000213623047,89.87999725341797,84.76000213623047,89.70999908447266,55628700
2018-02-09,81.25316619873047,88.18000030517578,88.93000030517578,83.83000183105469,86.30000305175781,63499100
2018-02-12,82.1285171508789,89.12999725341797,89.77999877929688,87.93000030517578,88.73999786376953,35720300
2018-02-13,82.7735366821289,89.83000183105469,90.0,87.80000305175781,88.93000030517578,26407700
2018-02-14,84.06961059570312,90.80999755859376,90.98999786376952,88.41000366210938,88.51000213623047,34960900
2018-02-15,85.7823257446289,92.66000366210938,92.72000122070312,90.62000274658205,91.20999908447266,27823900
2018-02-16,85.17129516601562,92.0,93.5,91.8000030517578,92.4499969482422,30596900
2018-02-20,85.83787536621094,92.72000122070312,93.05999755859376,91.01000213623048,91.4800033569336,30911700
2018-02-21,84.69917297363281,91.48999786376952,93.36000061035156,91.48999786376952,92.9800033569336,26922500
2018-02-22,84.92134857177734,91.7300033569336,92.7300033569336,91.36000061035156,92.0500030517578,24392800
2018-02-23,87.07842254638672,94.05999755859376,94.06999969482422,92.36000061035156,93.5999984741211,26329200
2018-02-26,88.33744812011719,95.41999816894533,95.4499969482422,94.25,94.4000015258789,30199800
2018-02-27,87.20802307128906,94.1999969482422,95.83999633789062,94.1999969482422,95.73999786376952,25869100
2018-02-28,86.80992889404297,93.7699966430664,95.70999908447266,93.62999725341795,94.83999633789062,31167300
2018-03-01,85.95820617675781,92.8499984741211,94.56999969482422,91.83999633789062,93.98999786376952,37135600
2018-03-02,86.14337158203125,93.0500030517578,93.1500015258789,90.86000061035156,91.58000183105467,32830400
2018-03-05,86.6895751953125,93.63999938964844,94.2699966430664,92.26000213623048,92.33999633789062,23901600
2018-03-06,86.39332580566406,93.31999969482422,94.48999786376952,92.94000244140624,94.33999633789062,22175800
2018-03-07,86.89327239990234,93.86000061035156,93.94000244140624,92.43000030517578,93.16000366210938,26716100
2018-03-08,87.42092895507812,94.43000030517578,95.0999984741211,93.7699966430664,94.2699966430664,25887800
2018-03-09,89.37429809570312,96.54000091552734,96.54000091552734,95.0,95.29000091552734,36937300
2018-03-12,89.58724212646484,96.7699966430664,97.20999908447266,96.04000091552734,96.5,26073700
2018-03-13,87.40243530273438,94.41000366210938,97.23999786376952,93.97000122070312,97.0,35387800
2018-03-14,86.88399505615234,93.8499984741211,95.41000366210938,93.5,95.12000274658205,32132000
2018-03-15,87.18949127197266,94.18000030517578,94.58000183105467,92.83000183105467,93.52999877929688,27611000
2018-03-16,87.57830810546875,94.5999984741211,95.37999725341795,93.91999816894533,94.68000030517578,49081300
2018-03-19,85.99524688720703,92.88999938964844,93.9000015258789,92.11000061035156,93.73999786376952,33344100
2018-03-20,86.21741485595703,93.12999725341795,93.7699966430664,93.0,93.0500030517578,23075200
2018-03-21,85.61567687988281,92.4800033569336,94.0500030517578,92.20999908447266,92.93000030517578,24457100
2018-03-22,83.12533569335938,89.79000091552734,91.75,89.66000366210938,91.2699966430664,38604700
2018-03-23,80.70907592773438,87.18000030517578,90.45999908447266,87.08000183105469,89.5,44068900
2018-03-26,86.81920623779297,93.77999877929688,94.0,90.4000015258789,90.61000061035156,56396800
2018-03-27,82.82907104492188,89.47000122070312,95.13999938964844,88.51000213623047,94.94000244140624,56569000
2018-03-28,82.75505065917969,89.38999938964844,91.2300033569336,88.87000274658203,89.81999969482422,52501100
2018-03-29,84.4954833984375,91.2699966430664,92.29000091552734,88.4000015258789,90.18000030517578,45867500
2018-04-02,81.94960021972656,88.5199966430664,90.87999725341795,87.51000213623047,90.47000122070312,48515400
2018-04-03,83.05127716064453,89.70999908447266,90.05000305175781,87.88999938964844,89.58000183105469,37213800
2018-04-04,85.47679138183594,92.33000183105467,92.76000213623048,87.7300033569336,87.8499984741211,35560000
2018-04-05,85.52307891845703,92.37999725341795,93.06999969482422,91.4000015258789,92.44000244140624,29771900
2018-04-06,83.5326919555664,90.2300033569336,92.45999908447266,89.4800033569336,91.48999786376952,38026000
2018-04-09,84.03257751464844,90.7699966430664,93.16999816894533,90.62000274658205,91.04000091552734,31533900
2018-04-10,85.98596954345703,92.87999725341795,93.27999877929688,91.63999938964844,92.38999938964844,26812000
2018-04-11,85.04168701171875,91.86000061035156,93.29000091552734,91.4800033569336,92.01000213623048,24872100
2018-04-12,86.63401794433594,93.58000183105467,94.16000366210938,92.43000030517578,92.43000030517578,26758900
2018-04-13,86.171142578125,93.08000183105467,94.18000030517578,92.44000244140624,94.0500030517578,23346100
2018-04-16,87.18022155761719,94.16999816894533,94.66000366210938,93.41999816894533,94.06999969482422,20288100
2018-04-17,88.93920135498047,96.06999969482422,96.54000091552734,94.87999725341795,95.0,26771000
2018-04-18,89.28173065185547,96.44000244140624,96.72000122070312,95.5199966430664,96.22000122070312,21043300
2018-04-19,88.97623443603516,96.11000061035156,97.06999969482422,95.33999633789062,96.44000244140624,23552500
2018-04-20,87.94863891601562,95.0,96.11000061035156,94.0500030517578,95.91000366210938,31154400
2018-04-23,88.27264404296875,95.3499984741211,96.29000091552734,94.62999725341795,95.73999786376952,22331800
2018-04-24,86.20816802978516,93.12000274658205,96.47000122070312,92.41000366210938,96.23999786376952,34524800
2018-04-25,85.45829772949219,92.30999755859376,93.3000030517578,90.27999877929688,93.3000030517578,33729300
2018-04-26,87.2635498046875,94.26000213623048,95.1500015258789,93.0999984741211,93.5500030517578,42529000
2018-04-27,88.707763671875,95.81999969482422,97.9000015258789,93.91000366210938,97.5999984741211,48272800
2018-04-30,86.57845306396484,93.5199966430664,96.4000015258789,93.1500015258789,96.33000183105467,41523600
2018-05-01,87.94863891601562,95.0,95.29000091552734,92.79000091552734,93.20999908447266,31408900
2018-05-02,86.5692138671875,93.51000213623048,95.16999816894533,93.19000244140624,94.98999786376952,27471000
2018-05-03,87.08766174316406,94.06999969482422,94.93000030517578,92.4499969482422,92.95999908447266,31142500
2018-05-04,88.09674835205078,95.16000366210938,95.37000274658205,92.91999816894533,93.31999969482422,22531300
2018-05-07,89.07809448242188,96.22000122070312,96.70999908447266,95.0999984741211,95.16999816894533,24242000
2018-05-08,88.69850158691406,95.80999755859376,96.16000366210938,95.05999755859376,95.8499984741211,23484600
2018-05-09,89.74462127685547,96.94000244140624,96.97000122070312,95.0500030517578,96.01000213623048,27327400
2018-05-10,90.64260864257812,97.91000366210938,97.9499969482422,97.0500030517578,97.45999908447266,22388100
2018-05-11,90.44821166992188,97.6999969482422,97.87000274658205,97.04000091552734,97.8000030517578,16778300
2018-05-14,90.75373840332033,98.02999877929688,98.69000244140624,97.30999755859376,97.91999816894533,19454100
2018-05-15,90.09642791748048,97.31999969482422,97.8499984741211,96.33999633789062,97.23999786376952,24594000
2018-05-16,90.32888793945312,97.1500015258789,97.4000015258789,96.62000274658205,97.36000061035156,17384700
2018-05-17,89.42698669433594,96.18000030517578,97.54000091552734,95.83000183105467,96.76000213623048,17246700
2018-05-18,89.59432983398438,96.36000061035156,96.93000030517578,96.01000213623048,96.01000213623048,17865800
2018-05-21,90.74729919433594,97.5999984741211,98.01000213623048,96.8000030517578,97.0,19422500
2018-05-22,90.65431213378906,97.5,98.16999816894533,97.1999969482422,97.68000030517578,15441200
2018-05-23,91.73285675048828,98.66000366210938,98.7300033569336,96.31999969482422,96.70999908447266,21251200
2018-05-24,91.40743255615234,98.30999755859376,98.94000244140624,96.80999755859376,98.7300033569336,26649300
2018-05-25,91.45391082763672,98.36000061035156,98.9800033569336,97.86000061035156,98.3000030517578,18363900
2018-05-29,91.12847900390624,98.01000213623048,98.87999725341795,97.2300033569336,97.83999633789062,28671000
2018-05-30,92.00249481201172,98.9499969482422,99.25,97.91000366210938,98.30999755859376,22158500
2018-05-31,91.90019989013672,98.83999633789062,99.98999786376952,98.61000061035156,99.29000091552734,34140900
2018-06-01,93.71330261230467,100.79000091552734,100.86000061035156,99.16999816894533,99.27999877929688,28655600
2018-06-04,94.5315170288086,101.66999816894533,101.86000061035156,100.8499984741211,101.26000213623048,27281600
2018-06-05,95.01499938964844,102.19000244140624,102.33000183105467,101.52999877929688,102.0,23514400
2018-06-06,95.2939453125,102.48999786376952,102.5999984741211,101.9000015258789,102.4800033569336,21122900
2018-06-07,93.79698944091795,100.87999725341795,102.69000244140624,100.37999725341795,102.6500015258789,28232200
2018-06-08,94.49433135986328,101.62999725341795,101.9499969482422,100.54000091552734,101.08999633789062,22165100
2018-06-11,93.95503997802734,101.0500030517578,101.58999633789062,100.66999816894533,101.01000213623048,23490900
2018-06-12,94.19678497314452,101.30999755859376,101.4499969482422,100.75,101.0999984741211,18325200
2018-06-13,93.76907348632812,100.8499984741211,102.01000213623048,100.55999755859376,101.72000122070312,29492900
2018-06-14,94.29905700683594,101.41999816894533,102.02999877929688,101.0,101.6500015258789,25691800
2018-06-15,93.09964752197266,100.12999725341795,101.52999877929688,100.06999969482422,101.51000213623048,65738600
2018-06-18,93.77840423583984,100.86000061035156,101.11000061035156,99.41999816894533,100.01000213623048,23586000
2018-06-19,93.77840423583984,100.86000061035156,101.0,99.5,99.6500015258789,28653100
2018-06-20,94.71746826171876,101.87000274658205,102.5199966430664,101.12000274658205,101.37000274658205,26180800
2018-06-21,94.03872680664062,101.13999938964844,102.45999908447266,100.87999725341795,102.08000183105467,23198200
2018-06-22,93.3599853515625,100.41000366210938,100.7699966430664,99.62999725341795,100.41000366210938,38923100
2018-06-25,91.48180389404295,98.38999938964844,100.11000061035156,97.3000030517578,100.0,35433300
2018-06-26,92.12336730957033,99.08000183105467,100.08000183105467,98.75,98.81999969482422,26897200
2018-06-27,90.69149017333984,97.54000091552734,100.0199966430664,97.4000015258789,99.58000183105467,31298400
2018-06-28,91.70497131347656,98.62999725341795,99.11000061035156,97.26000213623048,97.37999725341795,26650700
2018-06-29,91.68636322021484,98.61000061035156,99.91000366210938,98.33000183105467,98.93000030517578,28053200
2018-07-02,92.98806762695312,100.01000213623048,100.05999755859376,98.0,98.0999984741211,19564500
2018-07-03,92.09547424316406,99.0500030517578,100.62999725341795,98.94000244140624,100.4800033569336,14670300
2018-07-05,92.75565338134766,99.76000213623048,99.91999816894533,99.02999877929688,99.5,18977400
2018-07-06,94.05731964111328,101.16000366210938,101.43000030517578,99.66999816894533,99.88999938964844,19234600
2018-07-09,94.69886016845705,101.8499984741211,102.25,101.25,101.6500015258789,18212000
2018-07-10,94.94992065429688,102.12000274658205,102.51000213623048,101.86000061035156,102.0,19293100
2018-07-11,94.81974792480467,101.9800033569336,102.33999633789062,101.0999984741211,101.1500015258789,19644600
2018-07-12,96.87457275390624,104.19000244140624,104.41000366210938,102.7300033569336,102.7699966430664,24335900
2018-07-13,98.02750396728516,105.43000030517578,105.5999984741211,104.08999633789062,104.37000274658205,24635200
2018-07-16,97.54403686523438,104.91000366210938,105.81999969482422,104.5199966430664,105.4000015258789,21786900
2018-07-17,98.51102447509766,105.9499969482422,106.5,104.31999969482422,104.61000061035156,25901700
2018-07-18,97.73927307128906,105.12000274658205,106.0500030517578,104.72000122070312,105.94000244140624,29493900
2018-07-19,97.06983184814452,104.4000015258789,105.30999755859376,103.88999938964844,104.93000030517578,40171600
2018-07-20,98.80853271484376,106.2699966430664,108.1999969482422,106.08000183105467,108.08000183105467,56004000
2018-07-23,100.38916778564452,107.97000122070312,108.13999938964844,106.12999725341795,106.3000030517578,29707000
2018-07-24,100.10094451904295,107.66000366210938,108.81999969482422,107.26000213623048,108.56999969482422,26316600
2018-07-25,103.04837036132812,110.83000183105467,111.1500015258789,107.5999984741211,107.95999908447266,30702100
2018-07-26,101.92332458496094,109.62000274658205,111.0,109.5,110.73999786376952,31372100
2018-07-27,100.11955261230467,107.68000030517578,110.18000030517578,106.13999938964844,110.18000030517578,37005300
2018-07-30,97.9717254638672,105.37000274658205,107.52999877929688,104.76000213623048,107.19000244140624,34668300
2018-07-31,98.6318817138672,106.08000183105467,106.72000122070312,105.37999725341795,106.48999786376952,27655200
2018-08-01,98.8178253173828,106.27999877929688,106.4499969482422,105.41999816894533,106.02999877929688,23628700
2018-08-02,100.01725006103516,107.56999969482422,108.08999633789062,104.83999633789062,105.4000015258789,26104300
2018-08-03,100.4542465209961,108.04000091552734,108.0500030517578,106.81999969482422,107.8000030517578,18659600
2018-08-06,100.53795623779295,108.12999725341795,108.41999816894533,107.55999755859376,108.12000274658205,20265900
2018-08-07,101.23529052734376,108.87999725341795,109.0999984741211,108.16999816894533,108.55999755859376,16080200
2018-08-08,101.80245971679688,109.48999786376952,109.75,108.76000213623048,109.33000183105467,15487500
2018-08-09,101.96981811523438,109.66999816894533,110.16000366210938,109.5999984741211,109.70999908447266,13677200
2018-08-10,101.34687042236328,109.0,109.69000244140624,108.37999725341795,109.41999816894533,18183700
2018-08-13,100.61231994628906,108.20999908447266,109.58000183105467,108.0999984741211,109.23999786376952,18472500
2018-08-14,101.86753845214844,109.55999755859376,109.75,108.04000091552734,108.55999755859376,16788300
2018-08-15,100.48616027832033,107.66000366210938,108.98999786376952,106.81999969482422,108.48999786376952,29982800
2018-08-16,100.46749114990234,107.63999938964844,108.86000061035156,107.3000030517578,108.3000030517578,21384300
2018-08-17,100.41149139404295,107.58000183105467,107.9000015258789,106.69000244140624,107.36000061035156,18061500
2018-08-20,99.74879455566406,106.87000274658205,107.9000015258789,106.4800033569336,107.51000213623048,17914200
2018-08-21,98.91810607910156,105.9800033569336,107.3499984741211,105.8499984741211,106.91999816894533,22881900
2018-08-22,99.9261474609375,107.05999755859376,107.33999633789062,105.77999877929688,105.8499984741211,18000600
2018-08-23,100.39283752441406,107.55999755859376,108.18000030517578,106.87000274658205,107.1500015258789,18167700
2018-08-24,101.1768569946289,108.4000015258789,108.55999755859376,107.55999755859376,107.66999816894533,17234000
2018-08-27,102.29689025878906,109.5999984741211,109.63999938964844,108.51000213623048,109.2699966430664,19662300
2018-08-28,102.91290283203124,110.26000213623048,110.5,109.79000091552734,109.94000244140624,19151500
2018-08-29,104.55564880371094,112.0199966430664,112.02999877929688,110.2699966430664,110.4499969482422,20818000
2018-08-30,104.49028778076172,111.9499969482422,112.61000061035156,111.44000244140624,111.66999816894533,22798700
2018-08-31,104.844970703125,112.33000183105467,112.77999877929688,111.5199966430664,111.69000244140624,23222700
2018-09-04,104.26628112792967,111.70999908447266,111.95999908447266,110.22000122070312,110.8499984741211,22634600
2018-09-05,101.2608642578125,108.48999786376952,111.41999816894533,108.0999984741211,111.01000213623048,32872400
2018-09-06,101.49417877197266,108.73999786376952,108.98999786376952,107.51000213623048,108.25,23477600
2018-09-07,100.99950408935548,108.20999908447266,108.72000122070312,107.2300033569336,108.2300033569336,22498600
2018-09-10,102.09153747558594,109.37999725341795,109.63999938964844,108.36000061035156,108.83999633789062,20727900
2018-09-11,103.82762145996094,111.23999786376952,111.58999633789062,108.88999938964844,108.9000015258789,24301800
2018-09-12,104.26628112792967,111.70999908447266,111.8499984741211,110.51000213623048,111.43000030517578,18891100
2018-09-13,105.38634490966795,112.91000366210938,113.7300033569336,112.12000274658205,112.12000274658205,26055600
2018-09-14,105.81568145751952,113.37000274658205,113.7300033569336,112.44000244140624,113.36000061035156,19122300
2018-09-17,104.66765594482422,112.13999938964844,113.6999969482422,111.86000061035156,113.69000244140624,20736500
2018-09-18,105.66632843017578,113.20999908447266,113.6999969482422,111.72000122070312,112.19000244140624,22170900
2018-09-19,104.25696563720705,111.6999969482422,113.31999969482422,111.04000091552734,113.0500030517578,21728400
2018-09-20,106.0023422241211,113.56999969482422,113.8000030517578,111.93000030517578,112.27999877929688,23714500
2018-09-21,106.64637756347656,114.26000213623048,115.29000091552734,113.51000213623048,114.0,71229700
2018-09-24,107.02903747558594,114.66999816894533,114.9000015258789,112.22000122070312,113.02999877929688,27334500
2018-09-25,106.82371520996094,114.4499969482422,115.0999984741211,113.75,114.8000030517578,22668000
2018-09-26,106.38504028320312,113.9800033569336,115.05999755859376,113.73999786376952,114.47000122070312,19352000
2018-09-27,106.78638458251952,114.41000366210938,114.91000366210938,114.1999969482422,114.77999877929688,19091300
2018-09-28,106.74905395507812,114.37000274658205,114.56999969482422,113.68000030517578,114.19000244140624,21647800
2018-10-01,107.90642547607422,115.61000061035156,115.68000030517578,114.7300033569336,114.75,18883100
2018-10-02,107.47705841064452,115.1500015258789,115.83999633789062,114.44000244140624,115.3000030517578,20787200
2018-10-03,107.49575805664062,115.16999816894533,116.18000030517578,114.93000030517578,115.41999816894533,16648000
2018-10-04,105.27432250976562,112.79000091552734,114.76000213623048,111.62999725341795,114.61000061035156,34821700
2018-10-05,104.65831756591795,112.12999725341795,113.16999816894533,110.63999938964844,112.62999725341795,29068900
2018-10-08,103.46358489990234,110.8499984741211,112.02999877929688,109.33999633789062,111.66000366210938,29640600
2018-10-09,104.77964782714844,112.26000213623048,113.08000183105467,110.8000030517578,111.13999938964844,26198600
2018-10-10,99.08612060546876,106.16000366210938,111.5,105.79000091552734,111.23999786376952,61376300
2018-10-11,98.85277557373048,105.91000366210938,108.93000030517578,104.1999969482422,105.3499984741211,63904300
2018-10-12,102.26888275146484,109.56999969482422,111.23999786376952,107.12000274658205,109.01000213623048,47742100
2018-10-15,100.43013763427734,107.5999984741211,109.4800033569336,106.9499969482422,108.91000366210938,32068100
2018-10-16,103.6036148071289,111.0,111.41000366210938,108.9499969482422,109.54000091552734,31610200
2018-10-17,103.33293151855467,110.70999908447266,111.80999755859376,109.5500030517578,111.68000030517578,26548200
2018-10-18,101.27017974853516,108.5,110.52999877929688,107.83000183105467,110.0999984741211,32506200
2018-10-19,101.41951751708984,108.66000366210938,110.86000061035156,108.20999908447266,108.93000030517578,32785500
2018-10-22,102.32489013671876,109.62999725341795,110.54000091552734,108.23999786376952,109.31999969482422,26545600
2018-10-23,100.8968276977539,108.0999984741211,108.97000122070312,105.11000061035156,107.7699966430664,43770400
2018-10-24,95.50198364257812,102.31999969482422,108.48999786376952,101.58999633789062,108.41000366210938,63897800
2018-10-25,101.0835418701172,108.3000030517578,109.2699966430664,106.1500015258789,106.5500030517578,61646800
2018-10-26,99.83279418945312,106.95999908447266,108.75,104.76000213623048,105.69000244140624,55523100
2018-10-29,96.93003845214844,103.8499984741211,108.6999969482422,101.62999725341795,108.11000061035156,55162000
2018-10-30,96.81804656982422,103.7300033569336,104.37999725341795,100.11000061035156,103.66000366210938,65350900
2018-10-31,99.69276428222656,106.80999755859376,108.13999938964844,105.38999938964844,105.44000244140624,51062400
2018-11-01,98.86211395263672,105.91999816894533,107.31999969482422,105.52999877929688,107.0500030517578,33384200
2018-11-02,99.08612060546876,106.16000366210938,107.31999969482422,104.9800033569336,106.4800033569336,37680200
2018-11-05,100.34617614746094,107.51000213623048,107.73999786376952,105.9000015258789,106.37000274658205,27922100
2018-11-06,100.54216003417967,107.72000122070312,108.83999633789062,106.27999877929688,107.37999725341795,24340200
2018-11-07,104.49964141845705,111.95999908447266,112.23999786376952,109.4000015258789,109.44000244140624,37901700
2018-11-08,104.30361938476562,111.75,112.20999908447266,110.91000366210938,111.8000030517578,25644100
2018-11-09,102.26888275146484,109.56999969482422,111.4499969482422,108.76000213623048,110.8499984741211,32039200
2018-11-12,99.74879455566406,106.87000274658205,109.95999908447266,106.0999984741211,109.41999816894533,33621800
2018-11-13,99.81414794921876,106.94000244140624,108.73999786376952,106.63999938964844,107.5500030517578,35374600
2018-11-14,98.39866638183594,104.97000122070312,108.26000213623048,104.47000122070312,108.0999984741211,39495100
2018-11-15,100.56404876708984,107.27999877929688,107.8000030517578,103.91000366210938,104.98999786376952,38505200
2018-11-16,101.51082611083984,108.29000091552734,108.87999725341795,106.8000030517578,107.08000183105467,33502100
2018-11-19,98.07059478759766,104.62000274658205,108.55999755859376,103.5500030517578,108.2699966430664,44773900
2018-11-20,95.34276580810548,101.70999908447266,102.97000122070312,99.3499984741211,101.8000030517578,64052500
2018-11-21,96.65512084960938,103.11000061035156,104.43000030517578,102.23999786376952,103.5999984741211,28130600
2018-11-23,96.61759948730467,103.06999969482422,103.80999755859376,102.0,102.16999816894533,13823100
2018-11-26,99.80477142333984,106.47000122070312,106.62999725341795,104.58000183105467,104.79000091552734,32336200
2018-11-27,100.4328155517578,107.13999938964844,107.33000183105467,105.36000061035156,106.2699966430664,29124500
2018-11-28,104.16366577148438,111.12000274658205,111.33000183105467,107.86000061035156,107.88999938964844,46788500
2018-11-29,103.29188537597656,110.19000244140624,111.12000274658205,109.02999877929688,110.33000183105467,28123200
2018-11-30,103.94805908203124,110.88999938964844,110.97000122070312,109.36000061035156,110.6999969482422,33665600
2018-12-03,105.07292175292967,112.08999633789062,113.41999816894533,110.7300033569336,113.0,34732800
2018-12-04,101.72643280029295,108.5199966430664,112.63999938964844,108.20999908447266,111.94000244140624,45197000
2018-12-06,102.35448455810548,109.19000244140624,109.23999786376952,105.0,105.81999969482422,49107400
2018-12-07,98.25804138183594,104.81999969482422,109.4499969482422,104.3000030517578,108.37999725341795,45044900
2018-12-10,100.85466003417967,107.58999633789062,107.9800033569336,103.88999938964844,104.8000030517578,40801500
2018-12-11,101.79204559326172,108.58999633789062,110.9499969482422,107.44000244140624,109.8000030517578,42381900
2018-12-12,102.2513656616211,109.08000183105467,111.2699966430664,109.04000091552734,110.88999938964844,36183000
2018-12-13,102.59818267822266,109.4499969482422,110.87000274658205,108.62999725341795,109.58000183105467,31333400
2018-12-14,99.3923110961914,106.02999877929688,109.26000213623048,105.5,108.25,47043100
2018-12-17,96.44888305664062,102.88999938964844,105.8000030517578,101.70999908447266,105.41000366210938,56957300
2018-12-18,97.46125793457033,103.97000122070312,104.51000213623048,102.5199966430664,103.75,49319200
2018-12-19,97.19881439208984,103.69000244140624,106.87999725341795,101.3499984741211,103.6500015258789,68198200
2018-12-20,95.15526580810548,101.51000213623048,104.30999755859376,98.77999877929688,103.0500030517578,70334200
2018-12-21,92.08060455322266,98.2300033569336,103.0,97.45999908447266,101.62999725341795,111242100
2018-12-24,88.2372817993164,94.12999725341795,97.97000122070312,93.9800033569336,97.68000030517578,43935200
2018-12-26,94.26470947265624,100.55999755859376,100.69000244140624,93.95999908447266,95.13999938964844,51634800
2018-12-27,94.845947265625,101.18000030517578,101.19000244140624,96.4000015258789,99.3000030517578,49498500
2018-12-28,94.10538482666016,100.38999938964844,102.41000366210938,99.5199966430664,102.08999633789062,38196300
2018-12-31,95.21151733398438,101.56999969482422,102.4000015258789,100.44000244140624,101.29000091552734,33173800
2019-01-02,94.7896957397461,101.12000274658205,101.75,98.94000244140624,99.5500030517578,35329300
2019-01-03,91.30257415771484,97.4000015258789,100.19000244140624,97.1999969482422,100.0999984741211,42579100
2019-01-04,95.54898071289062,101.93000030517578,102.51000213623048,98.93000030517578,99.72000122070312,44060600
2019-01-07,95.67082977294922,102.05999755859376,103.2699966430664,100.9800033569336,101.63999938964844,35656100
2019-01-08,96.36450958251952,102.8000030517578,103.97000122070312,101.70999908447266,103.04000091552734,31514400
2019-01-09,97.74249267578124,104.2699966430664,104.87999725341795,103.23999786376952,103.86000061035156,32280800
2019-01-10,97.11441802978516,103.5999984741211,103.75,102.37999725341795,103.22000122070312,30067600
2019-01-11,96.36450958251952,102.8000030517578,103.44000244140624,101.63999938964844,103.19000244140624,28314200
2019-01-14,95.66146850585938,102.0500030517578,102.87000274658205,101.26000213623048,101.9000015258789,28437100
2019-01-15,98.43614959716795,105.01000213623048,105.0500030517578,101.87999725341795,102.51000213623048,31587600
2019-01-16,98.78302001953124,105.37999725341795,106.26000213623048,104.95999908447266,105.26000213623048,29853900
2019-01-17,99.47666931152344,106.12000274658205,106.62999725341795,104.76000213623048,105.0,28393000
2019-01-18,100.9671401977539,107.70999908447266,107.9000015258789,105.91000366210938,107.45999908447266,37427600
2019-01-22,99.06422424316406,105.68000030517578,107.0999984741211,104.86000061035156,106.75,32371300
2019-01-23,100.0297622680664,106.70999908447266,107.04000091552734,105.33999633789062,106.12000274658205,25874300
2019-01-24,99.55166625976562,106.1999969482422,107.0,105.33999633789062,106.86000061035156,23164800
2019-01-25,100.4609603881836,107.16999816894533,107.87999725341795,106.1999969482422,107.23999786376952,31225600
2019-01-28,98.50178527832033,105.08000183105467,106.4800033569336,104.66000366210938,106.26000213623048,29476700
2019-01-29,96.4957504272461,102.94000244140624,104.97000122070312,102.16999816894533,104.87999725341795,31490500
2019-01-30,99.72039031982422,106.37999725341795,106.37999725341795,104.33000183105467,104.62000274658205,49471900
2019-01-31,97.8924560546875,104.43000030517578,105.22000122070312,103.18000030517578,103.8000030517578,55636400
2019-02-01,96.34574127197266,102.77999877929688,104.0999984741211,102.3499984741211,103.77999877929688,35535700
2019-02-04,99.1204833984375,105.73999786376952,105.8000030517578,102.7699966430664,102.87000274658205,31315100
2019-02-05,100.5078125,107.22000122070312,107.2699966430664,105.95999908447266,106.05999755859376,27325400
2019-02-06,99.3923110961914,106.02999877929688,107.0,105.52999877929688,107.0,20609800
2019-02-07,98.6798858642578,105.2699966430664,105.58999633789062,104.29000091552734,105.19000244140624,29760700
2019-02-08,99.05485534667967,105.66999816894533,105.77999877929688,104.26000213623048,104.38999938964844,21461100
2019-02-11,98.66111755371094,105.25,106.58000183105467,104.97000122070312,106.1999969482422,18914100
2019-02-12,100.19847869873048,106.88999938964844,107.13999938964844,105.4800033569336,106.13999938964844,25056600
2019-02-13,100.1234359741211,106.80999755859376,107.77999877929688,106.70999908447266,107.5,18394900
2019-02-14,100.20785522460938,106.9000015258789,107.29000091552734,105.66000366210938,106.30999755859376,21784700
2019-02-15,101.44522857666016,108.22000122070312,108.3000030517578,107.36000061035156,107.91000366210938,26606900
2019-02-19,101.3983383178711,108.16999816894533,108.66000366210938,107.77999877929688,107.79000091552734,18038500
2019-02-20,100.87114715576172,107.1500015258789,107.94000244140624,106.29000091552734,107.86000061035156,21607700
2019-02-21,102.9987335205078,109.41000366210938,109.4800033569336,106.87000274658205,106.9000015258789,29063200
2019-02-22,104.4673080444336,110.97000122070312,111.1999969482422,109.81999969482422,110.0500030517578,27763200
2019-02-25,105.05099487304688,111.58999633789062,112.18000030517578,111.26000213623048,111.76000213623048,23750600
2019-02-26,105.7758560180664,112.36000061035156,113.23999786376952,111.16999816894533,111.26000213623048,21536700
2019-02-27,105.59699249267578,112.16999816894533,112.36000061035156,110.87999725341795,111.69000244140624,21487100
2019-02-28,105.46517944335938,112.02999877929688,112.87999725341795,111.7300033569336,112.04000091552734,29083900
2019-03-01,105.93590545654295,112.52999877929688,113.0199966430664,111.66999816894533,112.88999938964844,23501200
2019-03-04,105.68172454833984,112.26000213623048,113.25,110.8000030517578,113.0199966430664,26608000
2019-03-05,105.15454864501952,111.6999969482422,112.38999938964844,111.2300033569336,112.25,19538300
2019-03-06,105.20158386230467,111.75,112.66000366210938,111.43000030517578,111.87000274658205,17687000
2019-03-07,103.9212646484375,110.38999938964844,111.5500030517578,109.87000274658205,111.4000015258789,25339000
2019-03-08,104.03425598144533,110.51000213623048,110.70999908447266,108.8000030517578,109.16000366210938,22818400
2019-03-11,106.2183074951172,112.83000183105467,112.9499969482422,110.9800033569336,110.98999786376952,26491600
2019-03-12,106.9620132446289,113.62000274658205,113.98999786376952,112.6500015258789,112.81999969482422,26132700
2019-03-13,107.79045867919922,114.5,115.0,113.77999877929688,114.12999725341795,35513800
2019-03-14,107.87516784667967,114.58999633789062,115.1999969482422,114.33000183105467,114.54000091552734,30763400
2019-03-15,109.11782836914062,115.91000366210938,117.25,114.58999633789062,115.33999633789062,54681100
2019-03-18,110.68054962158205,117.56999969482422,117.61000061035156,116.0500030517578,116.16999816894533,31207600
2019-03-19,110.75587463378906,117.6500015258789,118.44000244140624,116.98999786376952,118.08999633789062,37588700
2019-03-20,110.63347625732422,117.5199966430664,118.75,116.70999908447266,117.38999938964844,28113300
2019-03-21,113.17526245117188,120.22000122070312,120.81999969482422,117.08999633789062,117.13999938964844,29854400
2019-03-22,110.19102478027344,117.0500030517578,119.58999633789062,117.04000091552734,119.5,33624500
2019-03-25,110.76528930664062,117.66000366210938,118.01000213623048,116.31999969482422,116.55999755859376,27067100
2019-03-26,111.00064086914062,117.91000366210938,118.70999908447266,116.8499984741211,118.62000274658205,26097700
2019-03-27,109.9274444580078,116.7699966430664,118.20999908447266,115.5199966430664,117.87999725341795,22733400
2019-03-28,110.07804870605467,116.93000030517578,117.58000183105467,116.12999725341795,117.44000244140624,18334800
2019-03-29,111.02888488769533,117.94000244140624,118.31999969482422,116.95999908447266,118.06999969482422,25399800
2019-04-01,112.0455551147461,119.0199966430664,119.11000061035156,118.0999984741211,118.9499969482422,22789100
2019-04-02,112.20562744140624,119.19000244140624,119.4800033569336,118.5199966430664,119.05999755859376,18142300
2019-04-03,112.9399185180664,119.97000122070312,120.43000030517578,119.1500015258789,119.86000061035156,22860700
2019-04-04,112.36565399169922,119.36000061035156,120.2300033569336,118.37999725341795,120.0999984741211,20112800
2019-04-05,112.86460876464844,119.88999938964844,120.2300033569336,119.37000274658205,119.38999938964844,15826200
2019-04-08,112.90225219726562,119.93000030517578,120.0199966430664,118.63999938964844,119.80999755859376,15116200
2019-04-09,112.2903289794922,119.27999877929688,119.54000091552734,118.58000183105467,118.62999725341795,17612000
2019-04-10,113.14702606201172,120.19000244140624,120.3499984741211,119.54000091552734,119.76000213623048,16477200
2019-04-11,113.27882385253906,120.33000183105467,120.8499984741211,119.91999816894533,120.54000091552734,14209100
2019-04-12,113.86248779296876,120.9499969482422,120.9800033569336,120.37000274658205,120.63999938964844,19745100
2019-04-15,113.95662689208984,121.0500030517578,121.58000183105467,120.56999969482422,120.94000244140624,15792600
2019-04-16,113.69303131103516,120.7699966430664,121.6500015258789,120.0999984741211,121.63999938964844,14071800
2019-04-17,114.6344223022461,121.7699966430664,121.8499984741211,120.54000091552734,121.23999786376952,19300900
2019-04-18,116.14067840576172,123.37000274658205,123.5199966430664,121.3000030517578,122.19000244140624,27991000
2019-04-22,116.50782775878906,123.76000213623048,124.0,122.56999969482422,122.62000274658205,15648700
2019-04-23,118.08938598632812,125.44000244140624,125.58000183105467,123.83000183105467,124.0999984741211,24025500
2019-04-24,117.68457794189452,125.01000213623048,125.8499984741211,124.5199966430664,125.79000091552734,31257000
2019-04-25,121.58197784423828,129.14999389648438,131.3699951171875,128.8300018310547,130.05999755859375,38033900
2019-04-26,122.27862548828124,129.88999938964844,130.52000427246094,129.02000427246094,129.6999969482422,23654900
2019-04-29,122.1656494140625,129.77000427246094,130.17999267578125,129.35000610351562,129.89999389648438,16324200
2019-04-30,122.9470443725586,130.60000610351562,130.6999969482422,129.38999938964844,129.80999755859375,24166500
2019-05-01,120.38638305664062,127.87999725341795,130.64999389648438,127.6999969482422,130.52999877929688,26821700
2019-05-02,118.8142547607422,126.20999908447266,128.0,125.5199966430664,127.9800033569336,27350200
2019-05-03,121.34661865234376,128.89999389648438,129.42999267578125,127.25,127.36000061035156,24911100
2019-05-06,120.64057159423828,128.14999389648438,128.55999755859375,126.11000061035156,126.38999938964844,24239800
2019-05-07,118.16468048095705,125.5199966430664,127.18000030517578,124.22000122070312,126.45999908447266,36017700
2019-05-08,118.15528869628906,125.51000213623048,126.37000274658205,124.75,125.44000244140624,28419000
2019-05-09,118.14588165283205,125.5,125.79000091552734,123.56999969482422,124.29000091552734,27235800
2019-05-10,119.68034362792967,127.12999725341795,127.93000030517578,123.81999969482422,124.91000366210938,30915100
2019-05-13,116.1218719482422,123.3499984741211,125.5500030517578,123.04000091552734,124.11000061035156,33944900
2019-05-14,117.42098236083984,124.7300033569336,125.87999725341795,123.6999969482422,123.87000274658205,25266300
2019-05-15,119.07455444335938,126.0199966430664,126.70999908447266,123.6999969482422,124.26000213623048,24722700
2019-05-16,121.82415008544922,128.92999267578125,129.3800048828125,126.45999908447266,126.75,30112200
2019-05-17,121.01158142089844,128.07000732421875,130.4600067138672,127.91999816894533,128.30999755859375,25770500
2019-05-20,119.26351928710938,126.22000122070312,127.58999633789062,125.76000213623048,126.5199966430664,23706900
2019-05-21,119.90603637695312,126.9000015258789,127.52999877929688,126.58000183105467,127.43000030517578,15293300
2019-05-22,120.6335906982422,127.66999816894533,128.24000549316406,126.5199966430664,126.62000274658205,15396500
2019-05-23,119.2257308959961,126.18000030517578,126.29000091552734,124.73999786376952,126.1999969482422,23603800
2019-05-24,119.2824249267578,126.23999786376952,127.41999816894533,125.97000122070312,126.91000366210938,14123400
2019-05-28,119.20682525634766,126.16000366210938,128.0,126.0500030517578,126.9800033569336,23128400
2019-05-29,118.05406951904295,124.94000244140624,125.38999938964844,124.04000091552734,125.37999725341795,22763100
2019-05-30,118.8005142211914,125.7300033569336,125.76000213623048,124.77999877929688,125.26000213623048,16829600
2019-05-31,116.86351013183594,123.68000030517578,124.62000274658205,123.31999969482422,124.2300033569336,26646800
2019-06-03,113.2351303100586,119.83999633789062,124.37000274658205,119.01000213623048,123.8499984741211,37983600
2019-06-04,116.3721694946289,123.16000366210938,123.27999877929688,120.6500015258789,121.27999877929688,29382600
2019-06-05,118.89501953125,125.83000183105467,125.87000274658205,124.20999908447266,124.9499969482422,24926100
2019-06-06,120.77530670166016,127.81999969482422,127.97000122070312,125.5999984741211,126.44000244140624,21459000
2019-06-07,124.15801239013672,131.39999389648438,132.25,128.25999450683594,129.19000244140625,33885600
2019-06-10,125.2918930053711,132.60000610351562,134.0800018310547,132.0,132.39999389648438,26477100
2019-06-11,124.81946563720705,132.10000610351562,134.24000549316406,131.27999877929688,133.8800048828125,23913700
2019-06-12,124.24307250976562,131.49000549316406,131.97000122070312,130.7100067138672,131.39999389648438,17092500
2019-06-13,125.02733612060548,132.32000732421875,133.0,131.55999755859375,131.97999572753906,17200800
2019-06-14,125.15018463134766,132.4499969482422,133.7899932861328,131.63999938964844,132.25999450683594,17821700
2019-06-17,125.5281219482422,132.85000610351562,133.72999572753906,132.52999877929688,132.6300048828125,14517800
2019-06-18,127.7108154296875,135.16000366210938,135.24000549316406,133.57000732421875,134.19000244140625,25934500
2019-06-19,128.2115936279297,135.69000244140625,135.92999267578125,133.80999755859375,135.0,23744400
2019-06-20,129.4021759033203,136.9499969482422,137.66000366210938,135.72000122070312,137.4499969482422,33042600
2019-06-21,129.4210662841797,136.97000122070312,137.72999572753906,136.4600067138672,136.5800018310547,36727900
2019-06-24,130.1864013671875,137.77999877929688,138.39999389648438,137.0,137.0,20628800
2019-06-25,126.07611846923828,133.42999267578125,137.58999633789062,132.72999572753906,137.25,33327400
2019-06-26,126.5485610961914,133.92999267578125,135.74000549316406,133.60000610351562,134.35000610351562,23657700
2019-06-27,126.75646209716795,134.14999389648438,134.7100067138672,133.50999450683594,134.13999938964844,16557500
2019-06-28,126.5769500732422,133.9600067138672,134.60000610351562,133.16000366210938,134.57000732421875,30043000
2019-07-01,128.20213317871094,135.67999267578125,136.6999969482422,134.97000122070312,136.6300048828125,22613500
2019-07-02,129.0525360107422,136.5800018310547,136.58999633789062,135.33999633789062,136.1199951171875,15237800
2019-07-03,129.884033203125,137.4600067138672,137.74000549316406,136.2899932861328,136.8000030517578,13629300
2019-07-05,129.50608825683594,137.05999755859375,137.3300018310547,135.72000122070312,135.94000244140625,18141100
2019-07-08,129.41163635253906,136.9600067138672,137.10000610351562,135.3699951171875,136.39999389648438,16779700
2019-07-09,128.93919372558594,136.4600067138672,136.97000122070312,135.8000030517578,136.0,19953100
2019-07-10,130.25254821777344,137.85000610351562,138.5800018310547,137.02000427246094,137.1300048828125,24204400
2019-07-11,130.77224731445312,138.39999389648438,139.22000122070312,137.8699951171875,138.1999969482422,22327900
2019-07-12,131.24462890625,138.89999389648438,139.1300048828125,138.00999450683594,138.85000610351562,18936800
2019-07-15,131.24462890625,138.89999389648438,139.5399932861328,138.4600067138672,139.44000244140625,16651500
2019-07-16,129.52499389648438,137.0800018310547,139.0500030517578,136.52000427246094,138.9600067138672,22726100
2019-07-17,128.75961303710938,136.27000427246094,137.92999267578125,136.22000122070312,137.6999969482422,20211000
2019-07-18,128.9013214111328,136.4199981689453,136.6199951171875,134.6699981689453,135.5500030517578,30381800
2019-07-19,129.09034729003906,136.6199951171875,140.6699981689453,136.4499969482422,140.22000122070312,48992400
2019-07-22,130.80055236816406,138.42999267578125,139.19000244140625,137.3300018310547,137.41000366210938,25074900
2019-07-23,131.61318969726562,139.2899932861328,139.99000549316406,138.02999877929688,139.75999450683594,18034600
2019-07-24,132.96438598632812,140.72000122070312,140.74000549316406,138.85000610351562,138.89999389648438,20738300
2019-07-25,132.4635772705078,140.19000244140625,140.61000061035156,139.32000732421875,140.42999267578125,18356900
2019-07-26,133.5501708984375,141.33999633789062,141.67999267578125,140.3000030517578,140.3699951171875,19037600
2019-07-29,133.25726318359375,141.02999877929688,141.50999450683594,139.3699951171875,141.5,16605900
2019-07-30,132.61476135253906,140.35000610351562,141.22000122070312,139.8000030517578,140.13999938964844,16846500
2019-07-31,128.75961303710938,136.27000427246094,140.49000549316406,135.0800018310547,140.3300018310547,38598800
2019-08-01,130.4509735107422,138.05999755859375,140.94000244140625,136.92999267578125,137.0,40557500
2019-08-02,129.35491943359375,136.89999389648438,138.32000732421875,135.25999450683594,138.08999633789062,30791600
2019-08-05,124.9233627319336,132.2100067138672,133.92999267578125,130.77999877929688,133.3000030517578,42749600
2019-08-06,127.26671600341795,134.69000244140625,135.67999267578125,133.2100067138672,133.8000030517578,32696700
2019-08-07,127.82420349121094,135.27999877929688,135.64999389648438,131.8300018310547,133.7899932861328,33414500
2019-08-08,131.23521423339844,138.88999938964844,138.99000549316406,135.92999267578125,136.60000610351562,27496500
2019-08-09,130.1202850341797,137.7100067138672,139.3800048828125,136.4600067138672,138.61000061035156,23466700
2019-08-12,128.30609130859375,135.7899932861328,137.86000061035156,135.24000549316406,137.07000732421875,20484300
2019-08-13,130.9612579345703,138.60000610351562,138.8000030517578,135.0,136.0500030517578,25154600
2019-08-14,127.01734924316406,133.97999572753906,136.9199981689453,133.6699981689453,136.36000061035156,32527300
2019-08-15,126.73296356201172,133.67999267578125,134.5800018310547,132.25,134.38999938964844,28074400
2019-08-16,129.05567932128906,136.1300048828125,136.4600067138672,134.72000122070312,134.8800048828125,24449100
2019-08-19,131.2171630859375,138.41000366210938,138.5500030517578,136.88999938964844,137.85000610351562,24355700
2019-08-20,130.12693786621094,137.25999450683594,138.7100067138672,137.24000549316406,138.2100067138672,21170800
2019-08-21,131.57742309570312,138.7899932861328,139.49000549316406,138.0,138.5500030517578,14970300
2019-08-22,130.6199188232422,137.77999877929688,139.1999969482422,136.2899932861328,138.66000366210938,18697000
2019-08-23,126.45807647705078,133.38999938964844,138.35000610351562,132.8000030517578,137.19000244140625,38508600
2019-08-26,128.4110107421875,135.4499969482422,135.55999755859375,133.89999389648438,134.99000549316406,20312600
2019-08-27,128.68592834472656,135.74000549316406,136.72000122070312,134.66000366210938,136.38999938964844,23102100
2019-08-28,128.51527404785156,135.55999755859375,135.75999450683594,133.5500030517578,134.8800048828125,17393300
2019-08-29,130.9422607421875,138.1199951171875,138.44000244140625,136.91000366210938,137.25,20168700
2019-08-30,130.6957550048828,137.86000061035156,139.17999267578125,136.27000427246094,139.14999389648438,23940100
2019-09-03,128.97032165527344,136.0399932861328,137.1999969482422,135.6999969482422,136.61000061035156,18869300
2019-09-04,130.47775268554688,137.6300048828125,137.69000244140625,136.47999572753906,137.3000030517578,17995900
2019-09-05,132.77194213867188,140.0500030517578,140.3800048828125,138.75999450683594,139.11000061035156,26101800
2019-09-06,131.87135314941406,139.10000610351562,140.17999267578125,138.1999969482422,140.02999877929688,20824500
2019-09-09,130.37342834472656,137.52000427246094,139.75,136.4600067138672,139.58999633789062,25773900
2019-09-10,129.00823974609375,136.0800018310547,136.88999938964844,134.50999450683594,136.8000030517578,28903400
2019-09-11,129.0461883544922,136.1199951171875,136.27000427246094,135.08999633789062,135.91000366210938,24726100
2019-09-12,130.37342834472656,137.52000427246094,138.4199981689453,136.8699951171875,137.85000610351562,27010000
2019-09-13,130.183837890625,137.32000732421875,138.05999755859375,136.57000732421875,137.77999877929688,23363100
2019-09-16,129.24526977539062,136.3300018310547,136.6999969482422,135.66000366210938,135.8300018310547,16731400
2019-09-17,130.2501983642578,137.38999938964844,137.52000427246094,136.42999267578125,136.9600067138672,17814200
2019-09-18,131.3214569091797,138.52000427246094,138.6699981689453,136.52999877929688,137.36000061035156,23982100
2019-09-19,133.73895263671875,141.07000732421875,142.3699951171875,140.07000732421875,140.3000030517578,35772100
2019-09-20,132.1936798095703,139.44000244140625,141.64999389648438,138.25,141.00999450683594,39167300
2019-09-23,131.90924072265625,139.13999938964844,139.6300048828125,138.44000244140625,139.22999572753906,17139300
2019-09-24,130.24073791503906,137.3800048828125,140.69000244140625,136.8800048828125,140.36000061035156,29773200
2019-09-25,132.1177978515625,139.36000061035156,139.9600067138672,136.02999877929688,137.5,21382000
2019-09-26,132.28843688964844,139.5399932861328,140.17999267578125,138.44000244140625,139.44000244140625,17456600
2019-09-27,130.572509765625,137.72999572753906,140.36000061035156,136.64999389648438,140.14999389648438,22477700
2019-09-30,131.8049774169922,139.02999877929688,139.22000122070312,137.77999877929688,138.0500030517578,17280900
2019-10-01,129.94680786132812,137.07000732421875,140.25,137.0,139.66000366210938,21466600
2019-10-02,127.65254974365234,134.64999389648438,136.3699951171875,133.5800018310547,136.25,30521700
2019-10-03,129.19789123535156,136.27999877929688,136.75,133.22000122070312,134.9499969482422,24132900
2019-10-04,130.9422607421875,138.1199951171875,138.25,136.4199981689453,136.75,22897700
2019-10-07,129.99423217773438,137.1199951171875,138.17999267578125,137.02000427246094,137.13999938964844,15303700
2019-10-08,128.61961364746094,135.6699981689453,137.75999450683594,135.6199951171875,137.0800018310547,25550500
2019-10-09,131.05599975585938,138.24000549316406,138.6999969482422,136.97000122070312,137.4600067138672,19749900
2019-10-10,131.87135314941406,139.10000610351562,139.6699981689453,138.25,138.49000549316406,17654600
2019-10-11,132.42117309570312,139.67999267578125,141.02999877929688,139.5,140.1199951171875,25446000
2019-10-14,132.29798889160156,139.5500030517578,140.2899932861328,139.52000427246094,139.69000244140625,13304300
2019-10-15,134.2129669189453,141.57000732421875,141.7899932861328,139.80999755859375,140.05999755859375,19695700
2019-10-16,133.1132354736328,140.41000366210938,140.99000549316406,139.52999877929688,140.7899932861328,20751600
2019-10-17,132.43064880371094,139.69000244140625,141.4199981689453,139.02000427246094,140.9499969482422,21460600
2019-10-18,130.26913452148438,137.41000366210938,140.0,136.55999755859375,139.75999450683594,32273500
2019-10-21,131.23609924316406,138.42999267578125,138.5,137.00999450683594,138.4499969482422,20078200
2019-10-22,129.28318786621094,136.3699951171875,140.00999450683594,136.25999450683594,138.97000122070312,27431000
2019-10-23,130.1079864501953,137.24000549316406,137.4499969482422,135.61000061035156,136.8800048828125,29844600
2019-10-24,132.66763305664062,139.94000244140625,140.4199981689453,138.6699981689453,139.38999938964844,37029300
2019-10-25,133.41664123535156,140.72999572753906,141.13999938964844,139.1999969482422,139.33999633789062,25959700
2019-10-28,136.69679260253906,144.19000244140625,145.6699981689453,143.50999450683594,144.39999389648438,35280100
2019-10-29,135.40753173828125,142.8300018310547,144.5,142.64999389648438,144.0800018310547,20589500
2019-10-30,137.09500122070312,144.61000061035156,145.0,142.7899932861328,143.52000427246094,18496600
2019-10-31,135.91941833496094,143.3699951171875,144.92999267578125,142.99000549316406,144.89999389648438,24605100
2019-11-01,136.25123596191406,143.72000122070312,144.4199981689453,142.97000122070312,144.25999450683594,33128400
2019-11-04,137.03810119628906,144.5500030517578,145.0,144.16000366210938,144.8300018310547,16912000
2019-11-05,136.95278930664062,144.4600067138672,145.02000427246094,143.91000366210938,144.97000122070312,18250200
2019-11-06,136.57357788085938,144.05999755859375,144.52000427246094,143.1999969482422,144.3699951171875,16575800
2019-11-07,136.76316833496094,144.25999450683594,144.8800048828125,143.77000427246094,143.83999633789062,17786700
2019-11-08,138.3748321533203,145.9600067138672,145.99000549316406,143.75999450683594,143.97999572753906,16732700
2019-11-11,138.51702880859375,146.11000061035156,146.4199981689453,144.72999572753906,145.33999633789062,14362600
2019-11-12,139.42721557617188,147.07000732421875,147.57000732421875,146.05999755859375,146.27999877929688,18641600
2019-11-13,139.6546630859375,147.30999755859375,147.4600067138672,146.27999877929688,146.74000549316406,16919200
2019-11-14,140.36569213867188,148.05999755859375,148.41000366210938,147.0,147.02000427246094,19729800
2019-11-15,142.17642211914062,149.97000122070312,149.99000549316406,148.27000427246094,148.92999267578125,23485700
2019-11-18,142.52719116210938,150.33999633789062,150.5500030517578,148.97999572753906,150.07000732421875,21534000
2019-11-19,142.57464599609375,150.38999938964844,151.3300018310547,150.1999969482422,150.8800048828125,23935700
2019-11-20,142.3272705078125,149.6199951171875,150.83999633789062,148.4600067138672,150.30999755859375,25696800
2019-11-21,142.19412231445312,149.47999572753906,149.8000030517578,148.5,149.39999389648438,18576100
2019-11-22,142.29876708984375,149.58999633789062,150.3000030517578,148.82000732421875,150.07000732421875,15901800
2019-11-25,143.85877990722656,151.22999572753906,151.35000610351562,149.9199981689453,150.0,22420900
2019-11-26,144.61981201171875,152.02999877929688,152.4199981689453,151.32000732421875,151.36000061035156,24620100
2019-11-27,144.89572143554688,152.32000732421875,152.5,151.52000427246094,152.3300018310547,15184400
2019-11-29,144.00148010253906,151.3800048828125,152.3000030517578,151.27999877929688,152.10000610351562,11977300
2019-12-02,142.2606964111328,149.5500030517578,151.8300018310547,148.32000732421875,151.80999755859375,27418400
2019-12-03,142.03237915039062,149.30999755859375,149.42999267578125,146.64999389648438,147.49000549316406,24066000
2019-12-04,142.54608154296875,149.85000610351562,150.17999267578125,149.1999969482422,150.13999938964844,17574700
2019-12-05,142.62217712402344,149.92999267578125,150.32000732421875,149.47999572753906,150.0500030517578,17869100
2019-12-06,144.3534698486328,151.75,151.8699951171875,150.27000427246094,150.99000549316406,16403500
2019-12-09,143.98245239257812,151.36000061035156,152.2100067138672,150.91000366210938,151.07000732421875,16687400
2019-12-10,143.76368713378906,151.1300048828125,151.88999938964844,150.75999450683594,151.2899932861328,16476100
2019-12-11,144.30587768554688,151.6999969482422,151.8699951171875,150.3300018310547,151.5399932861328,18856600
2019-12-12,145.7708282470703,153.24000549316406,153.44000244140625,151.02000427246094,151.64999389648438,24612100
2019-12-13,146.9979705810547,154.52999877929688,154.88999938964844,152.8300018310547,153.0,23845400
2019-12-16,147.94924926757812,155.52999877929688,155.89999389648438,154.82000732421875,155.11000061035156,24144200
2019-12-17,147.15017700195312,154.69000244140625,155.7100067138672,154.4499969482422,155.4499969482422,25425600
2019-12-18,146.84579467773438,154.3699951171875,155.47999572753906,154.17999267578125,154.3000030517578,24129200
2019-12-19,148.12045288085938,155.7100067138672,155.77000427246094,153.75,154.0,24958900
2019-12-20,149.737548828125,157.41000366210938,158.49000549316406,156.2899932861328,157.35000610351562,53477500
2019-12-23,149.737548828125,157.41000366210938,158.1199951171875,157.27000427246094,158.1199951171875,17718200
2019-12-24,149.70904541015625,157.3800048828125,157.7100067138672,157.1199951171875,157.47999572753906,8989200
2019-12-26,150.93618774414062,158.6699981689453,158.72999572753906,157.39999389648438,157.55999755859375,14520600
2019-12-27,151.21205139160156,158.9600067138672,159.5500030517578,158.22000122070312,159.4499969482422,18412800
2019-12-30,149.90879821777344,157.58999633789062,159.02000427246094,156.72999572753906,158.99000549316406,16348400
2019-12-31,150.0134735107422,157.6999969482422,157.77000427246094,156.4499969482422,156.77000427246094,18369400
2020-01-02,152.7910919189453,160.6199951171875,160.72999572753906,158.3300018310547,158.77999877929688,22622100
2020-01-03,150.8885955810547,158.6199951171875,159.9499969482422,158.05999755859375,158.32000732421875,21116200
2020-01-06,151.2786102294922,159.02999877929688,159.10000610351562,156.50999450683594,157.0800018310547,20813700
2020-01-07,149.89932250976562,157.5800018310547,159.6699981689453,157.32000732421875,159.32000732421875,21634100
2020-01-08,152.28697204589844,160.08999633789062,160.8000030517578,157.9499969482422,158.92999267578125,27746500
2020-01-09,154.18948364257812,162.08999633789062,162.22000122070312,161.02999877929688,161.83999633789062,21385000
2020-01-10,153.4759979248047,161.33999633789062,163.22000122070312,161.17999267578125,162.82000732421875,20725900
2020-01-13,155.32144165039062,163.27999877929688,163.30999755859375,161.25999450683594,161.75999450683594,21626500
2020-01-14,154.22756958007812,162.1300048828125,163.60000610351562,161.72000122070312,163.38999938964844,23477400
2020-01-15,155.2263641357422,163.17999267578125,163.94000244140625,162.57000732421875,162.6199951171875,21417900
2020-01-16,158.0706329345703,166.1699981689453,166.24000549316406,164.02999877929688,164.35000610351562,23865400
2020-01-17,158.95529174804688,167.10000610351562,167.47000122070312,165.42999267578125,167.4199981689453,34371700
2020-01-21,158.38453674316406,166.5,168.19000244140625,166.42999267578125,166.67999267578125,29517200
2020-01-22,157.62347412109375,165.6999969482422,167.49000549316406,165.67999267578125,167.39999389648438,24138800
2020-01-23,158.59381103515625,166.72000122070312,166.8000030517578,165.27000427246094,166.19000244140625,19680800
2020-01-24,156.99569702148438,165.0399932861328,167.52999877929688,164.4499969482422,167.50999450683594,24918100
2020-01-27,154.37022399902344,162.27999877929688,163.3800048828125,160.1999969482422,161.14999389648438,32078100
2020-01-28,157.39523315429688,165.4600067138672,165.75999450683594,163.07000732421875,163.77999877929688,24899900
2020-01-29,159.8494415283203,168.0399932861328,168.75,165.69000244140625,167.83999633789062,34754500
2020-01-30,164.35842895507812,172.77999877929688,174.0500030517578,170.7899932861328,174.0500030517578,51597500
2020-01-31,161.93270874023438,170.22999572753906,172.39999389648438,169.5800018310547,172.2100067138672,36142700
2020-02-03,165.8804168701172,174.3800048828125,174.5,170.39999389648438,170.42999267578125,30107000
2020-02-04,171.3406219482422,180.1199951171875,180.63999938964844,176.30999755859375,177.13999938964844,36433300
2020-02-05,171.1313934326172,179.89999389648438,184.1999969482422,178.41000366210938,184.02999877929688,39186300
2020-02-06,174.67958068847656,183.6300048828125,183.82000732421875,180.05999755859375,180.97000122070312,27751400
2020-02-07,174.92694091796875,183.88999938964844,185.6300048828125,182.47999572753903,182.8500061035156,33529100
2020-02-10,179.50244140625,188.6999969482422,188.83999633789065,183.25,183.5800018310547,35844300
2020-02-11,175.45010375976562,184.44000244140625,190.6999969482422,183.5,190.6499938964844,53159900
2020-02-12,175.70692443847656,184.7100067138672,185.8500061035156,181.8500061035156,185.5800018310547,47062900
2020-02-13,174.75570678710938,183.7100067138672,186.22999572753903,182.8699951171875,183.0800018310547,35295800
2020-02-14,176.31576538085938,185.3500061035156,185.41000366210932,182.6499938964844,183.25,23149500
2020-02-18,178.10411071777344,187.22999572753903,187.6999969482422,185.5,185.6100006103516,27792200
2020-02-19,178.63827514648438,187.27999877929688,188.17999267578125,186.47000122070312,188.0599975585937,29997500
2020-02-20,175.9102325439453,184.4199981689453,187.25,181.1000061035156,186.9499969482422,36862400
2020-02-21,170.34927368164062,178.58999633789062,183.5,177.25,183.1699981689453,48572600
2020-02-24,163.0045623779297,170.88999938964844,174.5500030517578,163.22999572753906,167.77000427246094,68311100
2020-02-25,160.314697265625,168.07000732421875,174.83999633789062,167.64999389648438,174.1999969482422,68073300
2020-02-26,162.3177947998047,170.1699981689453,173.25999450683594,168.2100067138672,169.7100067138672,56206100
2020-02-27,150.88101196289062,158.17999267578125,167.02999877929688,157.97999572753906,163.32000732421875,93174900
2020-02-28,154.53431701660156,162.00999450683594,163.7100067138672,152.0,152.41000366210938,97012700
2020-03-02,164.81686401367188,172.7899932861328,172.9199981689453,162.30999755859375,165.30999755859375,71030800
2020-03-03,156.91896057128906,164.50999450683594,175.0,162.25999450683594,173.8000030517578,71677000
2020-03-04,162.68028259277344,170.5500030517578,170.6999969482422,165.6199951171875,168.49000549316406,49814400
2020-03-05,158.59776306152344,166.27000427246094,170.8699951171875,165.69000244140625,166.0500030517578,47817300
2020-03-06,154.11460876464844,161.57000732421875,163.11000061035156,156.0,162.61000061035156,72821100
2020-03-09,143.66989135742188,150.6199951171875,157.75,150.0,151.0,70419300
2020-03-10,153.4945831298828,160.9199981689453,161.02999877929688,152.5800018310547,158.16000366210938,65354400
2020-03-11,146.54104614257812,153.6300048828125,157.6999969482422,151.14999389648438,157.1300048828125,56371600
2020-03-12,132.643310546875,139.05999755859375,153.47000122070312,138.5800018310547,145.3000030517578,93226400
2020-03-13,151.50106811523438,158.8300018310547,161.91000366210938,140.72999572753906,147.5,92727400
2020-03-16,129.17124938964844,135.4199981689453,149.35000610351562,135.0,140.0,87905900
2020-03-17,139.80674743652344,146.57000732421875,147.5,135.0,140.0,81059800
2020-03-18,133.9214324951172,140.39999389648438,146.0,135.02000427246094,138.0,81593200
2020-03-19,136.12490844726562,142.7100067138672,150.14999389648438,139.0,142.77000427246094,85922700
2020-03-20,131.01220703125,137.35000610351562,147.10000610351562,135.86000061035156,146.0,84866200
2020-03-23,129.70545959472656,135.97999572753906,140.57000732421875,132.52000427246094,137.00999450683594,78975200
2020-03-24,141.4951171875,148.33999633789062,149.60000610351562,141.27000427246094,143.75,82516700
2020-03-25,140.14059448242188,146.9199981689453,154.3300018310547,144.44000244140625,148.91000366210938,75638200
2020-03-26,148.90658569335938,156.11000061035156,156.66000366210938,148.3699951171875,148.39999389648438,64568100
2020-03-27,142.7923583984375,149.6999969482422,154.88999938964844,149.1999969482422,151.75,57042300
2020-03-30,152.83645629882812,160.22999572753906,160.60000610351562,150.00999450683594,152.44000244140625,63420300
2020-03-31,150.43270874023438,157.7100067138672,164.77999877929688,156.55999755859375,159.39999389648438,77927200
2020-04-01,145.09115600585938,152.11000061035156,157.75,150.82000732421875,153.0,57969900
2020-04-02,148.09579467773438,155.25999450683594,155.47999572753906,150.36000061035156,151.86000061035156,49630700
2020-04-03,146.73175048828125,153.8300018310547,157.3800048828125,152.19000244140625,155.10000610351562,41243300
2020-04-06,157.64390563964844,165.27000427246094,166.5,157.5800018310547,160.32000732421875,67111700
2020-04-07,155.94601440429688,163.49000549316406,170.0,163.25999450683594,169.58999633789062,62769000
2020-04-08,157.5103759765625,165.1300048828125,166.6699981689453,163.5,165.6699981689453,48318200
2020-04-09,157.5198974609375,165.13999938964844,167.3699951171875,163.3300018310547,166.36000061035156,51385100
2020-04-13,157.87281799316406,165.50999450683594,165.57000732421875,162.3000030517578,164.35000610351562,41905300
2020-04-14,165.68495178222656,173.6999969482422,173.75,168.0,169.0,52874300
2020-04-15,163.94891357421875,171.8800048828125,173.57000732421875,169.24000549316406,171.1999969482422,40940800
2020-04-16,168.87078857421875,177.0399932861328,177.27999877929688,172.89999389648438,174.3000030517578,50479600
2020-04-17,170.3588409423828,178.60000610351562,180.0,175.8699951171875,179.5,52765600
2020-04-20,166.98208618164062,175.05999755859375,178.75,174.99000549316406,176.6300048828125,36669600
2020-04-21,160.07623291015625,167.82000732421875,173.6699981689453,166.11000061035156,173.5,56203700
2020-04-22,165.51321411132812,173.52000427246094,174.0,170.82000732421875,171.38999938964844,34620200
2020-04-23,163.51011657714844,171.4199981689453,175.05999755859375,170.91000366210938,174.11000061035156,32790800
2020-04-24,166.49571228027344,174.5500030517578,174.55999755859375,170.7100067138672,172.05999755859375,34277600
2020-04-27,166.01873779296875,174.0500030517578,176.89999389648438,173.3000030517578,176.58999633789062,33194400
2020-04-28,161.97442626953125,169.80999755859375,175.6699981689453,169.38999938964844,175.58999633789062,34392700
2020-04-29,169.24273681640625,177.42999267578125,177.67999267578125,171.8800048828125,173.22000122070312,51286600
2020-04-30,170.940673828125,179.2100067138672,180.3999938964844,176.22999572753906,180.0,53875900
2020-05-01,166.51478576660156,174.57000732421875,178.63999938964844,174.00999450683594,175.8000030517578,39370500
2020-05-04,170.5877227783203,178.83999633789062,179.0,173.8000030517578,174.49000549316406,30372900
2020-05-05,172.4191436767578,180.759994506836,183.6499938964844,179.89999389648438,180.6199951171875,36839200
2020-05-06,174.11700439453125,182.5399932861328,184.1999969482422,181.6300048828125,182.0800018310547,32139300
2020-05-07,175.1280975341797,183.6000061035156,184.5500030517578,182.5800018310547,184.1699981689453,28316000
2020-05-08,176.15823364257812,184.67999267578125,185.0,183.3600006103516,184.97999572753903,30877800
2020-05-11,178.12319946289062,186.7400054931641,187.509994506836,182.8500061035156,183.1499938964844,30892700
2020-05-12,174.08837890625,182.509994506836,187.0399932861328,182.3000030517578,186.8000030517578,32038200
2020-05-13,171.45574951171875,179.75,184.0500030517578,176.5399932861328,182.5500030517578,44711500
2020-05-14,172.1997528076172,180.52999877929688,180.69000244140625,175.67999267578125,177.5399932861328,41873900
2020-05-15,174.70840454101562,183.16000366210932,187.0599975585937,177.0,179.05999755859375,46610400
2020-05-18,176.3776397705078,184.91000366210932,186.1999969482422,183.9600067138672,185.75,35264500
2020-05-19,175.15670776367188,183.6300048828125,186.6000061035156,183.4900054931641,185.02999877929688,26799100
2020-05-20,177.58621215820312,185.66000366210932,185.8500061035156,183.94000244140625,184.8099975585937,31261300
2020-05-21,175.45318603515625,183.42999267578125,186.6699981689453,183.2899932861328,185.3999938964844,29119500
2020-05-22,175.5297393798828,183.509994506836,184.4600067138672,182.5399932861328,183.19000244140625,20826900
2020-05-26,173.6741180419922,181.57000732421875,186.5,181.1000061035156,186.33999633789065,36073600
2020-05-27,173.9036865234375,181.8099975585937,181.9900054931641,176.60000610351562,180.1999969482422,39517100
2020-05-28,173.511474609375,181.3999938964844,184.1499938964844,180.3800048828125,180.7400054931641,33810200
2020-05-29,175.28103637695312,183.25,184.2700042724609,180.41000366210932,182.72999572753903,42130400
2020-06-01,174.87928771972656,182.8300018310547,183.0,181.4600067138672,182.5399932861328,22622400
2020-06-02,176.86886596679688,184.91000366210932,185.0,181.3500061035156,184.25,30794600
2020-06-03,177.29928588867188,185.3600006103516,185.94000244140625,183.5800018310547,184.82000732421875,27311000
2020-06-04,174.96539306640625,182.9199981689453,185.83999633789065,182.3000030517578,184.3000030517578,28761800
2020-06-05,179.0592498779297,187.1999969482422,187.72999572753903,182.009994506836,182.6199951171875,39893600
2020-06-08,180.1688232421875,188.3600006103516,188.5500030517578,184.44000244140625,185.94000244140625,33211600
2020-06-09,181.5462188720703,189.8000030517578,190.6999969482422,187.259994506836,188.0,29783900
2020-06-10,188.28005981445312,196.83999633789065,198.5200042724609,191.009994506836,191.1300048828125,43872300
2020-06-11,178.16970825195312,186.2700042724609,195.759994506836,186.07000732421875,193.1300048828125,52854700
2020-06-12,179.57577514648438,187.7400054931641,191.72000122070312,185.17999267578125,190.5399932861328,43373600
2020-06-15,180.7236328125,188.94000244140625,190.82000732421875,184.009994506836,184.5800018310547,32770200
2020-06-16,185.1522674560547,193.57000732421875,195.5800018310547,191.4600067138672,192.88999938964844,42556700
2020-06-17,185.79312133789065,194.2400054931641,196.32000732421875,193.69000244140625,195.02999877929688,25687800
2020-06-18,187.7826690673828,196.32000732421875,196.4900054931641,194.0,194.0,23061600
2020-06-19,186.6635589599609,195.1499938964844,199.2899932861328,194.3699951171875,198.58999633789065,44441100
2020-06-22,191.84780883789065,200.57000732421875,200.759994506836,195.22999572753903,195.7899932861328,32818900
2020-06-23,193.1295928955078,201.91000366210932,203.9499969482422,201.42999267578125,202.08999633789065,30917400
2020-06-24,189.2365875244141,197.83999633789065,203.25,196.5599975585937,201.6000061035156,36740600
2020-06-25,191.6278533935547,200.33999633789065,200.6100006103516,195.47000122070312,197.8000030517578,27803900
2020-06-26,187.792221069336,196.3300018310547,199.88999938964844,194.8800048828125,199.72999572753903,54675800
2020-06-29,189.8105010986328,198.44000244140625,198.52999877929688,193.5500030517578,195.77999877929688,26701600
2020-06-30,194.66000366210932,203.509994506836,204.3999938964844,197.7400054931641,197.8800048828125,34310300
2020-07-01,195.7982177734375,204.6999969482422,206.3500061035156,201.7700042724609,203.13999938964844,32061200
2020-07-02,197.2904052734375,206.259994506836,208.0200042724609,205.0,205.67999267578125,29315800
2020-07-06,201.537338256836,210.6999969482422,211.1300048828125,208.08999633789065,208.8300018310547,31897600
2020-07-07,199.19390869140625,208.25,214.6699981689453,207.9900054931641,210.4499969482422,33600700
2020-07-08,203.57470703125,212.8300018310547,213.259994506836,208.69000244140625,210.07000732421875,33600000
2020-07-09,204.9999237060547,214.32000732421875,216.3800048828125,211.47000122070312,216.3300018310547,33121700
2020-07-10,204.378158569336,213.6699981689453,214.0800018310547,211.0800018310547,213.6199951171875,26177600
2020-07-13,198.065185546875,207.07000732421875,215.8000030517578,206.5,214.47999572753903,38135600
2020-07-14,199.2895050048828,208.3500061035156,208.8500061035156,202.02999877929688,206.1300048828125,37591800
2020-07-15,198.99302673339844,208.0399932861328,211.3300018310547,205.02999877929688,209.5599975585937,32179400
2020-07-16,195.0521697998047,203.9199981689453,205.6999969482422,202.3099975585937,205.3999938964844,29940700
2020-07-17,194.0573883056641,202.8800048828125,205.0399932861328,201.38999938964844,204.47000122070312,31635300
2020-07-20,202.3982086181641,211.6000061035156,212.3000030517578,203.009994506836,205.0,36884800
2020-07-21,199.672119140625,208.75,213.94000244140625,208.02999877929688,213.66000366210932,37990400
2020-07-22,202.5416717529297,211.75,212.3000030517578,208.38999938964844,209.1999969482422,49605700
2020-07-23,193.7321929931641,202.5399932861328,210.9199981689453,202.1499938964844,207.19000244140625,67457000
2020-07-24,192.5460968017578,201.3000030517578,202.8600006103516,197.509994506836,200.4199981689453,39827000
2020-07-27,194.98524475097656,203.8500061035156,203.97000122070312,200.8600006103516,201.47000122070312,30160900
2020-07-28,193.2348175048828,202.0200042724609,204.6999969482422,201.7400054931641,203.6100006103516,23251400
2020-07-29,195.1860809326172,204.0599975585937,204.6499938964844,202.009994506836,202.5,19632600
2020-07-30,195.03305053710932,203.8999938964844,204.4600067138672,199.57000732421875,201.0,25079600
2020-07-31,196.09478759765625,205.009994506836,205.1000061035156,199.009994506836,204.3999938964844,51044000
2020-08-03,207.1233673095703,216.5399932861328,217.63999938964844,210.44000244140625,211.5200042724609,78983000
2020-08-04,204.0146942138672,213.2899932861328,214.7700042724609,210.3099975585937,214.1699981689453,49280100
2020-08-05,203.679931640625,212.94000244140625,215.0,211.57000732421875,214.8999938964844,28806400
2020-08-06,206.94161987304688,216.3500061035156,216.3699951171875,211.5500030517578,212.33999633789065,32656800
2020-08-07,203.2398834228516,212.47999572753903,215.6999969482422,210.92999267578125,214.8500061035156,27820400
2020-08-10,199.19390869140625,208.25,211.8800048828125,206.3500061035156,211.6699981689453,36716500
2020-08-11,194.53567504882807,203.3800048828125,207.6499938964844,203.13999938964844,207.16000366210932,36446500
2020-08-12,200.093002319336,209.19000244140625,210.27999877929688,204.75,205.2899932861328,28013100
2020-08-13,199.6242828369141,208.6999969482422,211.3500061035156,208.1499938964844,209.44000244140625,22588900
2020-08-14,199.8155975341797,208.8999938964844,209.58999633789065,207.509994506836,208.759994506836,17958900
2020-08-17,201.13560485839844,210.27999877929688,211.19000244140625,208.9199981689453,209.6000061035156,20184800
2020-08-18,202.29299926757807,211.4900054931641,212.3600006103516,209.2100067138672,210.52999877929688,21336200
2020-08-19,201.06570434570312,209.6999969482422,212.1000061035156,209.25,211.4900054931641,27627600
2020-08-20,205.7447509765625,214.5800018310547,215.0,208.91000366210932,209.5399932861328,26981500
2020-08-21,204.2489318847656,213.0200042724609,216.25,212.8500061035156,213.8600006103516,36249300
2020-08-24,204.8914031982422,213.69000244140625,215.5200042724609,212.42999267578125,214.7899932861328,25460100
2020-08-25,207.55691528320312,216.47000122070312,216.6100006103516,213.1000061035156,213.1000061035156,23043700
2020-08-26,212.04421997070312,221.1499938964844,222.08999633789065,217.3600006103516,217.8800048828125,39600800
2020-08-27,217.250717163086,226.5800018310547,231.1499938964844,219.3999938964844,222.88999938964844,57602200
2020-08-28,219.48472595214844,228.91000366210932,230.63999938964844,226.5800018310547,228.17999267578125,26292900
2020-08-31,216.24386596679688,225.52999877929688,228.6999969482422,224.3099975585937,227.0,28774200
2020-09-01,217.91226196289065,227.2700042724609,227.4499969482422,224.42999267578125,225.509994506836,25725500
2020-09-02,222.1119079589844,231.6499938964844,232.8600006103516,227.3500061035156,227.97000122070312,34080800
2020-09-03,208.352767944336,217.3000030517578,229.3099975585937,214.9600067138672,229.2700042724609,58400300
2020-09-04,205.4283447265625,214.25,218.3600006103516,205.19000244140625,215.1000061035156,59664100
2020-09-08,194.3155670166016,202.66000366210932,210.02999877929688,202.1999969482422,206.5,52924300
2020-09-09,202.59022521972656,211.2899932861328,214.83999633789065,206.6999969482422,207.6000061035156,45679000
2020-09-10,196.91395568847656,205.3699951171875,214.7400054931641,204.1100006103516,213.3999938964844,35461500
2020-09-11,195.6291656494141,204.02999877929688,208.6300048828125,201.2400054931641,207.1999969482422,33620100
2020-09-14,196.95236206054688,205.41000366210932,209.1999969482422,204.02999877929688,204.2400054931641,30375800
2020-09-15,200.18359375,208.77999877929688,209.77999877929688,206.92999267578125,208.4199981689453,21823900
2020-09-16,196.60711669921875,205.0500030517578,210.6499938964844,204.63999938964844,210.6199951171875,26328100
2020-09-17,194.55528259277344,202.91000366210932,204.3300018310547,199.9600067138672,200.0500030517578,34011300
2020-09-18,192.13902282714844,200.38999938964844,203.6499938964844,196.25,202.8000030517578,55225300
2020-09-21,194.20050048828125,202.5399932861328,202.7100067138672,196.3800048828125,197.19000244140625,39839700
2020-09-22,198.8795623779297,207.4199981689453,208.1000061035156,202.0800018310547,205.0599975585937,33517100
2020-09-23,192.3307647705078,200.58999633789065,208.1000061035156,200.02999877929688,207.8999938964844,30803800
2020-09-24,194.82373046875,203.19000244140625,205.57000732421875,199.1999969482422,199.8500061035156,31202500
2020-09-25,199.2631072998047,207.82000732421875,209.0399932861328,202.5399932861328,203.5500030517578,29437300
2020-09-28,200.81640625,209.44000244140625,212.57000732421875,208.0599975585937,210.8800048828125,32004900
2020-09-29,198.72613525390625,207.259994506836,210.07000732421875,206.8099975585937,209.3500061035156,24221900
2020-09-30,201.66973876953125,210.3300018310547,211.97999572753903,206.5399932861328,207.72999572753903,33829100
2020-10-01,203.7120513916016,212.4600067138672,213.9900054931641,211.32000732421875,213.4900054931641,27158400
2020-10-02,197.7002410888672,206.19000244140625,210.9900054931641,205.5399932861328,208.0,33154800
2020-10-05,201.7177124023437,210.3800048828125,210.41000366210932,206.97999572753903,207.22000122070312,21331600
2020-10-06,197.4317169189453,205.91000366210932,210.17999267578125,204.82000732421875,208.82000732421875,28554300
2020-10-07,201.1903533935547,209.8300018310547,210.1100006103516,206.72000122070312,207.0599975585937,25681100
2020-10-08,201.9094696044922,210.5800018310547,211.19000244140625,208.32000732421875,210.509994506836,19925800
2020-10-09,206.9241180419922,215.8099975585937,215.8600006103516,211.22999572753903,211.22999572753903,26458000
2020-10-12,212.28396606445312,221.3999938964844,223.8600006103516,216.8099975585937,218.7899932861328,40461400
2020-10-13,213.683837890625,222.8600006103516,225.2100067138672,220.42999267578125,222.72000122070312,28950800
2020-10-14,211.7662048339844,220.8600006103516,224.22000122070312,219.1300048828125,223.0,23421700
2020-10-15,210.61558532714844,219.66000366210932,220.3600006103516,216.009994506836,217.1000061035156,22733100
2020-10-16,210.61558532714844,219.66000366210932,222.2899932861328,219.32000732421875,220.1499938964844,26057900
2020-10-19,205.3995819091797,214.22000122070312,222.3000030517578,213.72000122070312,220.4199981689453,27625800
2020-10-20,205.8118438720703,214.6499938964844,217.3699951171875,213.08999633789065,215.8000030517578,22753500
2020-10-21,205.95571899414065,214.8000030517578,216.9199981689453,213.1199951171875,213.1199951171875,22724900
2020-10-22,206.0419769287109,214.88999938964844,216.0599975585937,211.6999969482422,213.92999267578125,22351500
2020-10-23,207.3267974853516,216.22999572753903,216.27999877929688,213.16000366210932,215.02999877929688,18879600
2020-10-26,201.4300537109375,210.0800018310547,216.33999633789065,208.1000061035156,213.8500061035156,37111600
2020-10-27,204.46951293945312,213.25,214.6699981689453,210.3300018310547,211.58999633789065,36700300
2020-10-28,194.334701538086,202.67999267578125,208.83999633789065,202.1000061035156,207.6699981689453,51195600
2020-10-29,196.29074096679688,204.72000122070312,207.3600006103516,203.3699951171875,204.07000732421875,31432600
2020-10-30,194.1333923339844,202.47000122070312,204.2899932861328,199.6199951171875,203.5,36953700
2020-11-02,193.99913024902344,202.3300018310547,205.27999877929688,200.1199951171875,204.2899932861328,30842200
2020-11-03,197.9302978515625,206.42999267578125,208.1199951171875,203.1199951171875,203.88999938964844,27512000
2020-11-04,207.4802703857422,216.38999938964844,218.32000732421875,212.4199981689453,214.0200042724609,42311800
2020-11-05,214.0961303710937,223.2899932861328,224.1199951171875,221.1499938964844,222.0399932861328,36080100
2020-11-06,214.50845336914065,223.72000122070312,224.3600006103516,218.02999877929688,222.259994506836,25231900
2020-11-09,209.3978729248047,218.38999938964844,228.1199951171875,217.8800048828125,224.44000244140625,44395000
2020-11-10,202.3217163085937,211.009994506836,216.5,209.72000122070312,214.5,44045100
2020-11-11,207.63363647460932,216.5500030517578,218.0399932861328,212.1999969482422,212.38999938964844,29440800
2020-11-12,206.5693817138672,215.44000244140625,219.1100006103516,214.4600067138672,217.2100067138672,21593900
2020-11-13,207.59527587890625,216.509994506836,217.4199981689453,214.16000366210932,216.3600006103516,18621100
2020-11-16,208.28564453125,217.22999572753903,217.7400054931641,214.5200042724609,214.8699951171875,24953300
2020-11-17,205.62973022460932,214.4600067138672,217.67999267578125,214.0800018310547,216.1000061035156,24154100
2020-11-18,202.9187469482422,211.0800018310547,215.1699981689453,210.92999267578125,213.6499938964844,28372800
2020-11-19,204.2069091796875,212.4199981689453,213.02999877929688,209.92999267578125,211.3800048828125,24792700
2020-11-20,202.25543212890625,210.38999938964844,213.2899932861328,210.0,212.1999969482422,22843100
2020-11-23,201.9862670898437,210.1100006103516,212.2899932861328,208.16000366210932,210.9499969482422,25683500
2020-11-24,205.5912322998047,213.8600006103516,214.25,208.8600006103516,209.58999633789065,33979700
2020-11-25,205.6008453369141,213.8699951171875,215.2899932861328,212.4600067138672,215.1100006103516,21012900
2020-11-27,206.9082794189453,215.22999572753903,216.2700042724609,214.0399932861328,214.8500061035156,14512200
2020-11-30,205.7931365966797,214.07000732421875,214.759994506836,210.83999633789065,214.1000061035156,33064800
2020-12-01,207.8504180908203,216.2100067138672,217.32000732421875,213.3500061035156,214.509994506836,30904500
2020-12-02,207.04286193847656,215.3699951171875,215.47000122070312,212.8000030517578,214.8800048828125,23724500
2020-12-03,205.95655822753903,214.2400054931641,216.3800048828125,213.6499938964844,214.6100006103516,25120900
2020-12-04,206.0719146728516,214.3600006103516,215.3800048828125,213.17999267578125,214.22000122070312,24666000
2020-12-07,206.004638671875,214.2899932861328,215.5399932861328,212.9900054931641,214.3699951171875,24620000
2020-12-08,207.6581268310547,216.009994506836,216.9499969482422,212.88999938964844,213.97000122070312,23284100
2020-12-09,203.61090087890625,211.8000030517578,215.22999572753903,211.2100067138672,215.16000366210932,32440600
2020-12-10,202.38040161132807,210.5200042724609,213.0800018310547,210.3600006103516,211.7700042724609,26733300
2020-12-11,205.0144500732422,213.259994506836,213.32000732421875,209.1100006103516,210.0500030517578,30979400
2020-12-14,205.91812133789065,214.1999969482422,216.2100067138672,212.8800048828125,213.1000061035156,28798400
2020-12-15,205.8507843017578,214.1300048828125,215.4199981689453,212.2400054931641,215.1699981689453,27000600
2020-12-16,210.8016967773437,219.27999877929688,220.1100006103516,214.72000122070312,214.75,35023300
2020-12-17,210.936279296875,219.4199981689453,220.88999938964844,217.9199981689453,219.8699951171875,32515800
2020-12-18,210.1383514404297,218.58999633789065,219.69000244140625,216.0200042724609,218.58999633789065,63354900
2020-12-21,213.98370361328125,222.58999633789065,224.0,217.27999877929688,217.5500030517578,37181900
2020-12-22,215.28146362304688,223.94000244140625,225.6300048828125,221.8500061035156,222.69000244140625,22612200
2020-12-23,212.4744110107422,221.0200042724609,223.5599975585937,220.8000030517578,223.1100006103516,18699600
2020-12-24,214.13754272460932,222.75,223.6100006103516,221.1999969482422,221.4199981689453,10550600
2020-12-28,216.26210021972656,224.9600067138672,226.02999877929688,223.0200042724609,224.4499969482422,17933500
2020-12-29,215.4833984375,224.1499938964844,227.17999267578125,223.5800018310547,226.3099975585937,17403200
2020-12-30,213.10888671875,221.67999267578125,225.6300048828125,221.47000122070312,225.22999572753903,20272300
2020-12-31,213.8202667236328,222.4199981689453,223.0,219.67999267578125,221.6999969482422,20942100
2021-01-04,209.273178100586,217.69000244140625,223.0,214.8099975585937,222.52999877929688,37130100
2021-01-05,209.4750518798828,217.8999938964844,218.5200042724609,215.6999969482422,217.259994506836,23823000
2021-01-06,204.04351806640625,212.25,216.4900054931641,211.94000244140625,212.1699981689453,35930700
2021-01-07,209.8500061035156,218.2899932861328,219.33999633789065,213.7100067138672,214.0399932861328,27694500
2021-01-08,211.1285095214844,219.6199951171875,220.5800018310547,217.02999877929688,218.67999267578125,22956200
2021-01-11,209.08091735839844,217.4900054931641,218.91000366210932,216.72999572753903,218.47000122070312,23031300
2021-01-12,206.619873046875,214.92999267578125,217.1000061035156,213.32000732421875,216.5,23249300
2021-01-13,207.9753570556641,216.33999633789065,216.759994506836,213.92999267578125,214.0200042724609,20087100
2021-01-14,204.78369140625,213.0200042724609,217.4600067138672,212.7400054931641,215.91000366210932,29480800
2021-01-15,204.4280242919922,212.6499938964844,214.509994506836,212.02999877929688,213.5200042724609,31746500
2021-01-19,208.071517944336,216.44000244140625,216.97999572753903,212.6300048828125,213.75,30480900
2021-01-20,215.6660614013672,224.33999633789065,225.7899932861328,217.2899932861328,217.6999969482422,37777300
2021-01-21,216.2716827392578,224.97000122070312,226.3000030517578,222.4199981689453,224.6999969482422,30709400
2021-01-22,217.2137908935547,225.9499969482422,230.07000732421875,225.8000030517578,227.0800018310547,30172700
2021-01-25,220.6553955078125,229.52999877929688,229.77999877929688,224.22000122070312,229.1199951171875,33152100
2021-01-26,223.3471069335937,232.3300018310547,234.17999267578125,230.0800018310547,231.8600006103516,49169600
2021-01-27,223.8950653076172,232.8999938964844,240.44000244140625,230.13999938964844,238.0,69870600
2021-01-28,229.69190979003903,238.92999267578125,242.63999938964844,235.08999633789065,235.6100006103516,49111200
2021-01-29,222.99139404296875,231.9600067138672,238.0200042724609,231.3500061035156,235.9900054931641,42503100
2021-02-01,230.3840789794922,239.6499938964844,242.5,232.42999267578125,235.0599975585937,33314200
2021-02-02,230.24951171875,239.509994506836,242.3099975585937,238.69000244140625,241.3000030517578,25916300
2021-02-03,233.6045684814453,243.0,245.08999633789065,239.259994506836,239.57000732421875,27158100
2021-02-04,232.65284729003903,242.009994506836,243.2400054931641,240.3699951171875,242.66000366210932,25296100
2021-02-05,232.83547973632807,242.1999969482422,243.27999877929688,240.4199981689453,242.22999572753903,18054800
2021-02-08,233.0950469970703,242.47000122070312,243.67999267578125,240.8099975585937,243.1499938964844,22211900
2021-02-09,234.34478759765625,243.7700042724609,244.759994506836,241.3800048828125,241.8699951171875,23565000
2021-02-10,233.4315185546875,242.82000732421875,245.9199981689453,240.88999938964844,245.0,22186700
2021-02-11,235.03700256347656,244.4900054931641,245.1499938964844,242.1499938964844,244.77999877929688,15751100
2021-02-12,235.5176239013672,244.9900054931641,245.3000030517578,242.72999572753903,243.92999267578125,16561100
2021-02-16,234.2775115966797,243.6999969482422,246.1300048828125,242.9199981689453,245.02999877929688,26728500
2021-02-17,235.29885864257807,244.1999969482422,244.3099975585937,240.94000244140625,241.32000732421875,21653500
2021-02-18,234.90377807617188,243.7899932861328,243.92999267578125,240.8600006103516,241.8000030517578,16925600
2021-02-19,232.18655395507807,240.97000122070312,243.8600006103516,240.17999267578125,243.75,25262600
2021-02-22,225.9620513916016,234.509994506836,237.92999267578125,232.3999938964844,237.4199981689453,36446900
2021-02-23,224.7672576904297,233.2700042724609,234.8300018310547,228.72999572753903,230.3300018310547,30228700
2021-02-24,226.0006256103516,234.5500030517578,235.1999969482422,229.0,230.009994506836,26339700
2021-02-25,220.64324951171875,228.9900054931641,234.58999633789065,227.8800048828125,232.0800018310547,39542200
2021-02-26,223.9097137451172,232.3800048828125,235.3699951171875,229.5399932861328,231.52999877929688,37819200
2021-03-01,228.30349731445312,236.94000244140625,237.47000122070312,233.1499938964844,235.8999938964844,25324000
2021-03-02,225.3453826904297,233.8699951171875,237.3000030517578,233.4499969482422,237.009994506836,22812500
2021-03-03,219.2654266357422,227.5599975585937,233.5800018310547,227.259994506836,232.16000366210932,34029500
2021-03-04,218.4656524658203,226.72999572753903,232.4900054931641,224.259994506836,226.7400054931641,44727800
2021-03-05,223.1581420898437,231.6000061035156,233.2700042724609,226.4600067138672,229.5200042724609,41872800
2021-03-08,219.10159301757807,227.38999938964844,233.3699951171875,227.1300048828125,231.3699951171875,35267400
2021-03-09,225.25868225097656,233.77999877929688,235.3800048828125,231.6699981689453,232.8800048828125,33080500
2021-03-10,223.9482269287109,232.4199981689453,237.0,232.0399932861328,237.0,29746800
2021-03-11,228.486572265625,237.1300048828125,239.1699981689453,234.3099975585937,234.9600067138672,29907600
2021-03-12,227.1568298339844,235.75,235.82000732421875,233.22999572753903,234.009994506836,22653700
2021-03-15,226.25108337402344,234.8099975585937,235.19000244140625,231.8099975585937,234.9600067138672,26034900
2021-03-16,229.04542541503903,237.7100067138672,240.0599975585937,235.94000244140625,236.27999877929688,28092200
2021-03-17,228.3998565673828,237.0399932861328,238.5500030517578,233.22999572753903,236.1499938964844,29562100
2021-03-18,222.3101959228516,230.72000122070312,234.19000244140625,230.3300018310547,232.5599975585937,34833000
2021-03-19,221.9537048339844,230.3500061035156,232.47000122070312,229.3500061035156,231.0200042724609,46430700
2021-03-22,227.3881225585937,235.9900054931641,236.8999938964844,230.13999938964844,230.2700042724609,30127000
2021-03-23,228.9201812744141,237.5800018310547,241.0500030517578,237.07000732421875,237.4900054931641,31638400
2021-03-24,226.87745666503903,235.4600067138672,238.0,235.32000732421875,237.8500061035156,25620100
2021-03-25,223.8711395263672,232.33999633789065,236.94000244140625,231.57000732421875,235.3000030517578,34061900
2021-03-26,227.8602752685547,236.47999572753903,236.7100067138672,231.5500030517578,231.5500030517578,25479900
2021-03-29,226.6654510498047,235.2400054931641,236.8000030517578,231.8800048828125,236.58999633789065,25227500
2021-03-30,223.3990020751953,231.8500061035156,233.8500061035156,231.1000061035156,233.52999877929688,24792000
2021-03-31,227.1761474609375,235.7700042724609,239.1000061035156,232.38999938964844,232.91000366210932,43623500
2021-04-01,233.51632690429688,242.3500061035156,242.83999633789065,238.0500030517578,238.47000122070312,30338000
2021-04-05,239.99136352539065,249.07000732421875,249.9600067138672,242.6999969482422,242.759994506836,36910600
2021-04-06,238.8254547119141,247.8600006103516,249.3999938964844,246.8800048828125,247.6100006103516,22931900
2021-04-07,240.7911071777344,249.8999938964844,250.92999267578125,247.19000244140625,247.8099975585937,22719800
2021-04-08,244.01901245117188,253.25,254.13999938964844,252.0,252.7700042724609,23625200
2021-04-09,246.5242156982422,255.8500061035156,255.9900054931641,252.44000244140625,252.8699951171875,24326800
2021-04-12,246.58204650878903,255.91000366210932,257.6700134277344,254.6199951171875,254.7100067138672,27148700
2021-04-13,249.0679473876953,258.489990234375,259.19000244140625,256.8299865722656,257.260009765625,23837500
2021-04-14,246.273666381836,255.58999633789065,258.8299865722656,255.16000366210932,257.4800109863281,23070900
2021-04-15,250.04116821289065,259.5,259.92999267578125,257.7300109863281,257.92999267578125,25627500
2021-04-16,251.23599243164065,260.739990234375,261.0,257.6000061035156,259.4700012207031,24878600
2021-04-19,249.30886840820312,258.739990234375,261.4800109863281,257.82000732421875,260.19000244140625,23209300
2021-04-20,248.8463592529297,258.260009765625,260.20001220703125,256.8399963378906,257.82000732421875,19722900
2021-04-21,251.0817108154297,260.5799865722656,260.67999267578125,257.25,258.94000244140625,24030400
2021-04-22,247.7960968017578,257.1700134277344,261.7799987792969,255.63999938964844,260.2099914550781,25606200
2021-04-23,251.6309967041016,261.1499938964844,261.510009765625,257.2699890136719,257.8800048828125,21462600
2021-04-26,252.01641845703125,261.54998779296875,262.44000244140625,260.1700134277344,261.6600036621094,19763300
2021-04-27,252.421127319336,261.9700012207031,263.19000244140625,260.1199951171875,261.5799865722656,31014200
2021-04-28,245.28125,254.5599975585937,256.5400085449219,252.9499969482422,256.0799865722656,46903100
2021-04-29,243.3059539794922,252.509994506836,256.1000061035156,249.0,255.4600067138672,40589000
2021-04-30,242.98797607421875,252.17999267578125,253.0800018310547,249.6000061035156,249.7400054931641,30945100
2021-05-03,242.67965698242188,251.8600006103516,254.3500061035156,251.1199951171875,253.3999938964844,19626600
2021-05-04,238.7579803466797,247.7899932861328,251.2100067138672,245.759994506836,250.97000122070312,32756100
2021-05-05,237.486083984375,246.47000122070312,249.5,245.82000732421875,249.0599975585937,21901300
2021-05-06,240.62730407714844,249.72999572753903,249.8600006103516,244.69000244140625,246.4499969482422,26491100
2021-05-07,243.2577667236328,252.4600067138672,254.3000030517578,251.1699981689453,252.1499938964844,27032900
2021-05-10,238.1702423095703,247.17999267578125,251.72999572753903,247.1199951171875,250.8699951171875,29299900
2021-05-11,237.25489807128903,246.22999572753903,246.6000061035156,242.57000732421875,244.5500030517578,33641600
2021-05-12,230.28839111328125,239.0,244.3800048828125,238.07000732421875,242.1699981689453,36684400
2021-05-13,234.1715087890625,243.02999877929688,245.6000061035156,241.4199981689453,241.8000030517578,29624300
2021-05-14,239.1048889160156,248.1499938964844,249.17999267578125,245.4900054931641,245.5800018310547,23901100
2021-05-17,236.2431030273437,245.17999267578125,246.58999633789065,243.5200042724609,246.5500030517578,24970200
2021-05-18,234.2196655273437,243.0800018310547,246.41000366210932,242.8999938964844,246.2700042724609,20168000
2021-05-19,234.7991485595703,243.1199951171875,243.22999572753903,238.6000061035156,239.3099975585937,25739800
2021-05-20,238.0441131591797,246.47999572753903,247.9499969482422,243.8600006103516,243.9600067138672,21800700
2021-05-21,236.77899169921875,245.1699981689453,248.3300018310547,244.7400054931641,247.57000732421875,21863100
2021-05-24,242.1969757080078,250.77999877929688,251.16000366210932,247.509994506836,247.7899932861328,21411500
2021-05-25,243.1048126220703,251.72000122070312,252.75,250.82000732421875,251.7700042724609,17704300
2021-05-26,242.88270568847656,251.4900054931641,252.94000244140625,250.75,251.42999267578125,17771600
2021-05-27,240.7772979736328,249.3099975585937,251.47999572753903,249.25,251.1699981689453,24426200
2021-05-28,241.13462829589844,249.67999267578125,252.0800018310547,249.5599975585937,251.0,18270200
2021-06-01,238.9326629638672,247.3999938964844,251.2899932861328,246.9600067138672,251.22999572753903,23213300
2021-06-02,238.8361053466797,247.3000030517578,249.2700042724609,245.83999633789065,248.1300048828125,19406700
2021-06-03,237.3005523681641,245.7100067138672,246.33999633789065,243.0,245.22000122070312,25307700
2021-06-04,242.2066345214844,250.7899932861328,251.6499938964844,247.509994506836,247.759994506836,25281100
2021-06-07,245.1233062744141,253.8099975585937,254.08999633789065,249.8099975585937,249.97999572753903,23079200
2021-06-08,243.9257354736328,252.57000732421875,256.010009765625,252.509994506836,255.16000366210932,22455000
2021-06-09,244.91079711914065,253.58999633789065,255.52999877929688,253.2100067138672,253.8099975585937,17937600
2021-06-10,248.43588256835932,257.239990234375,257.4599914550781,253.6699981689453,254.2899932861328,24563600
2021-06-11,249.06365966796875,257.8900146484375,258.489990234375,256.6099853515625,257.989990234375,18999700
2021-06-14,250.9951934814453,259.8900146484375,259.95001220703125,256.79998779296875,257.8999938964844,19150500
2021-06-15,249.5175323486328,258.3599853515625,259.989990234375,257.67999267578125,259.7699890136719,18038900
2021-06-16,248.57110595703125,257.3800048828125,260.5799865722656,254.4199981689453,259.3999938964844,27220000
2021-06-17,251.97059631347656,260.8999938964844,261.75,256.010009765625,256.07000732421875,27565500
2021-06-18,250.5509490966797,259.42999267578125,262.29998779296875,258.75,259.6300048828125,37202200
2021-06-21,253.6414337158203,262.6300048828125,263.5199890136719,257.9200134277344,259.82000732421875,26696100
2021-06-22,256.42291259765625,265.510009765625,265.7900085449219,262.3999938964844,262.7200012207031,24694100
2021-06-23,256.1910095214844,265.2699890136719,266.8299865722656,264.42999267578125,265.989990234375,19518700
2021-06-24,257.5624389648437,266.69000244140625,267.8500061035156,265.4700012207031,266.1600036621094,21446900
2021-06-25,255.9496154785156,265.0199890136719,267.25,264.760009765625,266.2300109863281,25611100
2021-06-28,259.52294921875,268.7200012207031,268.8999938964844,265.9100036621094,266.19000244140625,19590000
2021-06-29,262.1112365722656,271.3999938964844,271.6499938964844,267.9800109863281,268.8699951171875,19937800
2021-06-30,261.6283874511719,270.8999938964844,271.3599853515625,269.6000061035156,270.69000244140625,21656500
2021-07-01,262.3044128417969,271.6000061035156,271.8399963378906,269.6000061035156,269.6099853515625,16725300
2021-07-02,268.1473693847656,277.6499938964844,278.0,272.5,272.82000732421875,26458000
2021-07-06,268.156982421875,277.6600036621094,279.3699951171875,274.29998779296875,278.0299987792969,31565600
2021-07-07,270.34930419921875,279.92999267578125,280.69000244140625,277.1499938964844,279.3999938964844,23260000
2021-07-08,267.9252319335937,277.4200134277344,278.7300109863281,274.8699951171875,276.8999938964844,24618600
2021-07-09,268.42742919921875,277.94000244140625,278.04998779296875,275.32000732421875,275.7200012207031,23916700
2021-07-12,267.8287048339844,277.32000732421875,279.7699890136719,276.5799865722656,279.1600036621094,18931700
2021-07-13,271.3634033203125,280.9800109863281,282.8500061035156,277.3900146484375,277.5199890136719,26120100
2021-07-14,272.8409729003906,282.510009765625,283.6600036621094,280.54998779296875,282.3500061035156,23113700
2021-07-15,271.4116516113281,281.0299987792969,282.510009765625,279.8299865722656,282.0,22604200
2021-07-16,271.14129638671875,280.75,284.1000061035156,279.4599914550781,282.07000732421875,26186800
2021-07-19,267.529296875,277.010009765625,280.3699951171875,274.45001220703125,278.92999267578125,32935600
2021-07-20,269.7602233886719,279.32000732421875,280.9700012207031,276.260009765625,278.0299987792969,26259700
2021-07-21,271.7689514160156,281.3999938964844,281.5199890136719,277.2900085449219,278.8999938964844,24364300
2021-07-22,276.3468322753906,286.1400146484375,286.4200134277344,283.4200134277344,283.8399963378906,23384100
2021-07-23,279.7559814453125,289.6700134277344,289.989990234375,286.5,287.3699951171875,22768100
2021-07-26,279.1571655273437,289.04998779296875,289.69000244140625,286.6400146484375,289.0,23176100
2021-07-27,276.7330627441406,286.5400085449219,289.5799865722656,282.95001220703125,289.42999267578125,33604100
2021-07-28,276.424072265625,286.2200012207031,290.1499938964844,283.8299865722656,288.989990234375,33566900
2021-07-29,276.6944580078125,286.5,288.6199951171875,286.0799865722656,286.239990234375,18168300
2021-07-30,275.1589050292969,284.9100036621094,286.6600036621094,283.9100036621094,285.1700134277344,20944800
2021-08-02,275.07196044921875,284.82000732421875,286.7699890136719,283.739990234375,286.3599853515625,16267400
2021-08-03,277.2932434082031,287.1199951171875,287.2300109863281,284.0,285.4200134277344,17879000
2021-08-04,276.70416259765625,286.510009765625,287.5899963378906,284.6499938964844,286.2200012207031,16191300
2021-08-05,279.6110534667969,289.5199890136719,289.6300048828125,286.1000061035156,286.8800048828125,13900200
2021-08-06,279.5531616210937,289.4599914550781,289.5,287.6199951171875,288.510009765625,16589300
2021-08-09,278.4617614746094,288.3299865722656,291.54998779296875,287.8099975585937,289.75,16117600
2021-08-10,276.636474609375,286.44000244140625,289.25,285.20001220703125,288.79998779296875,18616600
2021-08-11,277.1290588378906,286.95001220703125,288.6600036621094,285.8599853515625,287.2099914550781,13955900
2021-08-12,279.8911437988281,289.8099975585937,289.9700012207031,286.3399963378906,286.6300048828125,14561300
2021-08-13,282.8271484375,292.8500061035156,292.8999938964844,289.29998779296875,289.4800109863281,18249000
2021-08-16,284.51727294921875,294.6000061035156,294.82000732421875,290.0199890136719,293.19000244140625,22507600
2021-08-17,283.0491943359375,293.0799865722656,293.42999267578125,291.0799865722656,292.3900146484375,20075300
2021-08-18,281.3172607421875,290.7300109863281,294.82000732421875,290.2699890136719,292.0400085449219,21813000
2021-08-19,287.16168212890625,296.7699890136719,297.4700012207031,288.6400146484375,288.69000244140625,29850500
2021-08-20,294.5059509277344,304.3599853515625,305.8399963378906,298.0599975585937,299.7200012207031,40817600
2021-08-23,294.7865295410156,304.6499938964844,305.3999938964844,301.8500061035156,303.25,22830200
2021-08-24,292.8222351074219,302.6199951171875,305.6499938964844,302.0,305.0199890136719,18175800
2021-08-25,292.2319641113281,302.010009765625,304.5899963378906,300.4200134277344,304.29998779296875,20006100
2021-08-26,289.4065246582031,299.0899963378906,302.42999267578125,298.95001220703125,300.989990234375,17666100
2021-08-27,290.0160522460937,299.7200012207031,300.8699951171875,296.8299865722656,298.989990234375,22605700
2021-08-30,293.7608947753906,303.5899963378906,304.2200012207031,301.0599975585937,301.1199951171875,16348100
2021-08-31,292.1062316894531,301.8800048828125,304.5,301.5,304.4200134277344,26285300
2021-09-01,292.057861328125,301.8299865722656,305.19000244140625,301.489990234375,302.8699951171875,18983800
2021-09-02,291.39990234375,301.1499938964844,303.3599853515625,300.17999267578125,302.20001220703125,16285600
2021-09-03,291.3901672363281,301.1400146484375,302.6000061035156,300.260009765625,300.989990234375,14747900
2021-09-07,290.4612731933594,300.17999267578125,301.0899963378906,298.20001220703125,301.010009765625,17180400
2021-09-08,290.49029541015625,300.2099914550781,300.6099853515625,297.4700012207031,299.7799987792969,15046800
2021-09-09,287.6260986328125,297.25,302.1400146484375,297.0,300.82000732421875,19927000
2021-09-10,286.135986328125,295.7099914550781,299.9200134277344,295.3800048828125,298.4200134277344,19633400
2021-09-13,287.3745422363281,296.989990234375,298.5400085449219,294.0799865722656,297.54998779296875,23652900
2021-09-14,290.0838928222656,299.7900085449219,301.3900146484375,298.1000061035156,299.5599975585937,21853400
2021-09-15,294.9510803222656,304.82000732421875,305.32000732421875,301.82000732421875,303.260009765625,28356300
2021-09-16,295.33807373046875,305.2200012207031,305.3099975585937,300.760009765625,303.760009765625,19550800
2021-09-17,290.1612548828125,299.8699951171875,304.5,299.5299987792969,304.1700134277344,41372500
2021-09-20,284.7716064453125,294.29998779296875,298.7200012207031,289.5199890136719,296.3299865722656,38278700
2021-09-21,285.25543212890625,294.79998779296875,297.5400085449219,294.07000732421875,295.69000244140625,22364100
2021-09-22,288.9129943847656,298.5799865722656,300.2200012207031,294.510009765625,296.7300109863281,26626300
2021-09-23,289.861328125,299.5599975585937,300.8999938964844,297.5299987792969,298.8500061035156,18604600
2021-09-24,289.6580810546875,299.3500061035156,299.79998779296875,296.92999267578125,298.2300109863281,14999000
2021-09-27,284.64581298828125,294.1700134277344,296.4700012207031,292.94000244140625,296.1400146484375,23571700
2021-09-28,274.34063720703125,283.5199890136719,290.7799987792969,282.75,289.79998779296875,43186200
2021-09-29,274.8050231933594,284.0,286.7699890136719,283.010009765625,285.1000061035156,26353700
2021-09-30,272.79248046875,281.9200134277344,287.8299865722656,281.6199951171875,285.7099914550781,32343600
2021-10-01,279.73992919921875,289.1000061035156,289.9800109863281,281.2900085449219,282.1199951171875,30086300
2021-10-04,273.9438781738281,283.1099853515625,287.75,280.25,287.3999938964844,31350700
2021-10-05,279.41094970703125,288.760009765625,290.3999938964844,284.04998779296875,284.04998779296875,24993000
2021-10-06,283.6201477050781,293.1099853515625,293.6300048828125,285.510009765625,285.7799987792969,28002600
2021-10-07,285.3038635253906,294.8500061035156,296.6400146484375,293.9200134277344,295.17999267578125,20430500
2021-10-08,285.3038635253906,294.8500061035156,296.6400146484375,293.760009765625,296.2200012207031,17685700
2021-10-11,284.70391845703125,294.2300109863281,297.9700012207031,292.75,292.9200134277344,19298600
2021-10-12,283.39764404296875,292.8800048828125,295.44000244140625,292.3500061035156,295.3399963378906,17974100
2021-10-13,286.7166442871094,296.3099975585937,297.2799987792969,293.489990234375,294.9100036621094,23416300
2021-10-14,292.9481201171875,302.75,303.2699890136719,297.8299865722656,299.2099914550781,27262900
2021-10-15,294.3608093261719,304.2099914550781,304.45001220703125,300.5199890136719,302.3399963378906,25384800
2021-10-18,297.34112548828125,307.2900085449219,308.2099914550781,302.69000244140625,303.57000732421875,22729300
2021-10-19,298.25067138671875,308.2300109863281,309.29998779296875,307.2200012207031,308.3500061035156,17682100
2021-10-20,297.4571533203125,307.4100036621094,309.70001220703125,306.1099853515625,309.2099914550781,16537100
2021-10-21,300.69873046875,310.760009765625,311.0199890136719,306.3599853515625,307.1700134277344,16918100
2021-10-22,299.1504821777344,309.1600036621094,311.0899963378906,307.79998779296875,310.3999938964844,17449300
2021-10-25,298.1539001464844,308.1300048828125,309.3999938964844,306.4599914550781,309.3599853515625,17554500
2021-10-26,300.0697021484375,310.1099853515625,312.3999938964844,308.6000061035156,311.0,28107300
2021-10-27,312.7069396972656,323.1700134277344,326.1000061035156,316.0,316.0,52588700
2021-10-28,313.84869384765625,324.3500061035156,324.8699951171875,321.3599853515625,324.3299865722656,26297900
2021-10-29,320.88336181640625,331.6199951171875,332.0,323.8999938964844,324.1300048828125,34766000
2021-11-01,318.7062072753906,329.3699951171875,331.489990234375,326.3699951171875,331.3599853515625,27073200
2021-11-02,322.344482421875,333.1300048828125,333.45001220703125,330.0,330.3099975585937,26487100
2021-11-03,323.186279296875,334.0,334.8999938964844,330.6499938964844,333.8999938964844,21500100
2021-11-04,325.5472412109375,336.44000244140625,336.5400085449219,329.510009765625,332.8900146484375,23992200
2021-11-05,325.1795654296875,336.0599975585937,338.7900085449219,334.4200134277344,338.510009765625,22570100
2021-11-08,326.0794982910156,336.989990234375,337.6499938964844,334.44000244140625,337.29998779296875,20897000
2021-11-09,325.0731506347656,335.95001220703125,338.7200012207031,334.5299987792969,337.1099853515625,21307400
2021-11-10,320.08990478515625,330.79998779296875,334.6300048828125,329.9200134277344,334.57000732421875,25500900
2021-11-11,321.6671142578125,332.42999267578125,333.7699890136719,330.510009765625,331.25,16849800
2021-11-12,325.8181457519531,336.7200012207031,337.2300109863281,333.7900085449219,333.9200134277344,23831000
2021-11-15,325.18927001953125,336.07000732421875,337.8800048828125,334.0299987792969,337.5400085449219,16723000
2021-11-16,328.51788330078125,339.510009765625,340.6700134277344,335.510009765625,335.67999267578125,20886800
2021-11-17,328.7408447265625,339.1199951171875,342.19000244140625,338.0,338.94000244140625,19053400
2021-11-18,330.8250732421875,341.2699890136719,342.45001220703125,337.1199951171875,338.17999267578125,22463500
2021-11-19,332.60870361328125,343.1099853515625,345.1000061035156,342.20001220703125,342.6400146484375,21963400
2021-11-22,329.4290466308594,339.8299865722656,349.6700134277344,339.54998779296875,344.6199951171875,31031100
2021-11-23,327.34490966796875,337.67999267578125,339.45001220703125,333.5599975585937,337.04998779296875,30427600
2021-11-24,327.56793212890625,337.9100036621094,338.1600036621094,333.9100036621094,336.2799987792969,21661300
2021-11-26,319.5897216796875,329.67999267578125,337.92999267578125,328.1199951171875,334.3500061035156,24217200
2021-11-29,326.3270568847656,336.6300048828125,339.0299987792969,334.739990234375,334.94000244140625,28563500
2021-11-30,320.4719543457031,330.5899963378906,337.7799987792969,328.989990234375,335.32000732421875,42885600
2021-12-01,319.9775695800781,330.0799865722656,339.2799987792969,329.3900146484375,335.1300048828125,33337600
2021-12-02,319.4056091308594,329.489990234375,333.489990234375,327.79998779296875,330.29998779296875,30766000
2021-12-03,313.1239929199219,323.010009765625,332.70001220703125,318.0299987792969,331.989990234375,41779300
2021-12-06,316.20660400390625,326.19000244140625,327.45001220703125,319.2300109863281,323.95001220703125,30032600
2021-12-07,324.6694030761719,334.9200134277344,335.79998779296875,330.1000061035156,331.6400146484375,31021900
2021-12-08,324.7178649902344,334.9700012207031,335.5,330.79998779296875,335.3099975585937,24761000
2021-12-09,322.9051208496094,333.1000061035156,336.489990234375,332.1199951171875,334.4100036621094,22214200
2021-12-10,332.05621337890625,342.5400085449219,343.0,334.7900085449219,334.9800109863281,38095700
2021-12-13,329.0122985839844,339.3999938964844,343.7900085449219,339.0799865722656,340.67999267578125,28899400
2021-12-14,318.290771484375,328.3399963378906,334.6400146484375,324.1099853515625,333.2200012207031,44438700
2021-12-15,324.4076232910156,334.6499938964844,335.19000244140625,324.5,328.6099853515625,35381100
2021-12-16,314.9560241699219,324.8999938964844,336.760009765625,323.0199890136719,335.7099914550781,35034800
2021-12-17,313.8896484375,323.79998779296875,324.9200134277344,317.25,320.8800048828125,47750300
2021-12-20,310.1188049316406,319.9100036621094,322.79998779296875,317.57000732421875,320.04998779296875,28326500
2021-12-21,317.2728881835937,327.2900085449219,327.7300109863281,319.79998779296875,323.2900085449219,24740600
2021-12-22,323.0020751953125,333.20001220703125,333.6099853515625,325.75,328.29998779296875,24831500
2021-12-23,324.446533203125,334.69000244140625,336.3900146484375,332.7300109863281,332.75,19617800
2021-12-27,331.96893310546875,342.45001220703125,342.4800109863281,335.42999267578125,335.4599914550781,19947000
2021-12-28,330.8056945800781,341.25,343.8099975585937,340.32000732421875,343.1499938964844,15661500
2021-12-29,331.4842529296875,341.95001220703125,344.29998779296875,339.67999267578125,341.29998779296875,15042000
2021-12-30,328.9347229003906,339.32000732421875,343.1300048828125,338.82000732421875,341.9100036621094,15994500
2021-12-31,326.02655029296875,336.32000732421875,339.3599853515625,335.8500061035156,338.510009765625,18000800
2022-01-03,324.50457763671875,334.75,338.0,329.7799987792969,335.3500061035156,28865100
2022-01-04,318.9402160644531,329.010009765625,335.20001220703125,326.1199951171875,334.8299865722656,32674300
2022-01-05,306.6968078613281,316.3800048828125,326.07000732421875,315.9800109863281,325.8599853515625,40054300
2022-01-06,304.2733764648437,313.8800048828125,318.70001220703125,311.489990234375,313.1499938964844,39646100
2022-01-07,304.4284973144531,314.0400085449219,316.5,310.0899963378906,314.1499938964844,32720000
2022-01-10,304.65142822265625,314.2699890136719,314.7200012207031,304.69000244140625,309.489990234375,44289500
2022-01-11,305.33966064453125,314.9800109863281,316.6099853515625,309.8900146484375,313.3800048828125,29386800
2022-01-12,308.52899169921875,318.2699890136719,323.4100036621094,317.0799865722656,319.6700134277344,34372200
2022-01-13,295.4712219238281,304.79998779296875,320.8800048828125,304.0,320.4700012207031,45366000
2022-01-14,300.7059631347656,310.20001220703125,310.82000732421875,303.75,304.25,39846400
2022-01-18,293.3869934082031,302.6499938964844,309.79998779296875,301.739990234375,304.07000732421875,42333200
2022-01-19,294.04620361328125,303.3299865722656,313.9100036621094,302.70001220703125,306.2900085449219,45933900
2022-01-20,292.36920166015625,301.6000061035156,311.6499938964844,301.1400146484375,309.07000732421875,35380700
2022-01-21,286.9696655273437,296.0299987792969,304.1099853515625,295.6099853515625,302.69000244140625,57984400
2022-01-24,287.2992553710937,296.3699951171875,297.1099853515625,276.04998779296875,292.20001220703125,85731500
2022-01-25,279.6604919433594,288.489990234375,294.989990234375,285.1700134277344,291.5199890136719,72848600
2022-01-26,287.6288757324219,296.7099914550781,308.5,293.0299987792969,307.989990234375,90428900
2022-01-27,290.6630249023437,299.8399963378906,307.29998779296875,297.92999267578125,302.6600036621094,53481300
2022-01-28,298.82537841796875,308.260009765625,308.4800109863281,294.45001220703125,300.2300109863281,49743700
2022-01-31,301.4621276855469,310.9800109863281,312.3800048828125,306.3699951171875,308.95001220703125,46444500
2022-02-01,299.31005859375,308.760009765625,310.6300048828125,305.1300048828125,310.4100036621094,40950400
2022-02-02,303.8661499023437,313.4599914550781,315.1199951171875,308.8800048828125,309.6300048828125,36636000
2022-02-03,292.0299072265625,301.25,311.2300109863281,299.9599914550781,309.489990234375,43730000
2022-02-04,296.5763854980469,305.94000244140625,308.79998779296875,299.9700012207031,300.2099914550781,35096500
2022-02-07,291.7390441894531,300.95001220703125,307.8399963378906,299.8999938964844,306.1700134277344,28533300
2022-02-08,295.2385559082031,304.5599975585937,305.5599975585937,299.95001220703125,301.25,32421200
2022-02-09,301.68511962890625,311.2099914550781,311.92999267578125,307.3900146484375,309.8699951171875,31284700
2022-02-10,293.12530517578125,302.3800048828125,309.1199951171875,300.70001220703125,304.0400085449219,45386200
2022-02-11,286.0099182128906,295.0400085449219,304.2900085449219,294.2200012207031,303.19000244140625,39175600
2022-02-14,285.9712219238281,295.0,296.760009765625,291.3500061035156,293.7699890136719,36359500
2022-02-15,291.2738037109375,300.4700012207031,300.79998779296875,297.0199890136719,300.010009765625,27058300
2022-02-16,290.9337463378906,299.5,300.8699951171875,293.67999267578125,298.3699951171875,29982100
2022-02-17,282.41461181640625,290.7300109863281,296.79998779296875,290.0,296.3599853515625,32461600
2022-02-18,279.69464111328125,287.92999267578125,293.8599853515625,286.3099975585937,293.04998779296875,34264000
2022-02-22,279.49072265625,287.7200012207031,291.5400085449219,284.5,285.0,41736100
2022-02-23,272.2538452148437,280.2699890136719,291.70001220703125,280.1000061035156,290.17999267578125,37811200
2022-02-24,286.16424560546875,294.5899963378906,295.1600036621094,271.5199890136719,272.510009765625,56989700
2022-02-25,288.80645751953125,297.3099975585937,297.6300048828125,291.6499938964844,295.1400146484375,32546700
2022-02-28,290.2440795898437,298.7900085449219,299.1400146484375,293.0,294.3099975585937,34627500
2022-03-01,286.5139465332031,294.95001220703125,299.9700012207031,292.1499938964844,296.3999938964844,31217800
2022-03-02,291.6040344238281,300.19000244140625,301.4700012207031,293.70001220703125,295.3599853515625,31873000
2022-03-03,287.4562072753906,295.9200134277344,303.1300048828125,294.04998779296875,302.8900146484375,27314500
2022-03-04,281.56951904296875,289.8599853515625,295.6600036621094,287.1700134277344,294.2900085449219,32356500
2022-03-07,270.9327697753906,278.9100036621094,289.69000244140625,278.5299987792969,288.5299987792969,43157200
2022-03-08,267.960205078125,275.8500061035156,283.9599914550781,270.0,277.79998779296875,48159500
2022-03-09,280.2484130859375,288.5,289.6000061035156,280.7799987792969,283.44000244140625,35204500
2022-03-10,277.4216613769531,285.5899963378906,286.6000061035156,280.5799865722656,283.0199890136719,30628000
2022-03-11,272.0595703125,280.07000732421875,289.510009765625,279.42999267578125,287.9599914550781,27209300
2022-03-14,268.5333557128906,276.44000244140625,285.3999938964844,275.82000732421875,280.3399963378906,30660700
2022-03-15,278.9370422363281,287.1499938964844,287.82000732421875,278.7300109863281,280.3500061035156,34245100
2022-03-16,285.969970703125,294.3900146484375,294.57000732421875,283.20001220703125,289.1099853515625,37826300
2022-03-17,286.77618408203125,295.2200012207031,295.6099853515625,289.3699951171875,293.2900085449219,30816600
2022-03-18,291.837158203125,300.42999267578125,301.0,292.7300109863281,295.3699951171875,43390600
2022-03-21,290.6034851074219,299.1600036621094,300.1400146484375,294.8999938964844,298.8900146484375,28351200
2022-03-22,295.3634033203125,304.0599975585937,305.0,298.7699890136719,299.79998779296875,27599700
2022-03-23,290.9240417480469,299.489990234375,303.2300109863281,297.7200012207031,300.510009765625,25715400
2022-03-24,295.4022521972656,304.1000061035156,304.20001220703125,298.32000732421875,299.1400146484375,24484500
2022-03-25,294.9942626953125,303.67999267578125,305.5,299.2900085449219,305.2300109863281,22566500
2022-03-28,301.8134765625,310.70001220703125,310.79998779296875,304.3299865722656,304.3299865722656,29578200
2022-03-29,306.3887634277344,315.4100036621094,315.82000732421875,309.04998779296875,313.9100036621094,30393400
2022-03-30,304.883056640625,313.8599853515625,315.95001220703125,311.5799865722656,313.760009765625,28163600
2022-03-31,299.4918518066406,308.3099975585937,315.1400146484375,307.8900146484375,313.8999938964844,33422100
2022-04-01,300.5700378417969,309.4200134277344,310.1300048828125,305.5400085449219,309.3699951171875,27110500
2022-04-04,305.9613342285156,314.9700012207031,315.1099853515625,309.7099914550781,310.0899963378906,24289600
2022-04-05,301.9883117675781,310.8800048828125,314.8699951171875,309.8699951171875,313.2699890136719,23156700
2022-04-06,290.9337463378906,299.5,307.0,296.7099914550781,305.19000244140625,40110400
2022-04-07,292.7503356933594,301.3699951171875,303.6499938964844,296.3500061035156,296.6600036621094,31411200
2022-04-08,288.4761657714844,296.9700012207031,301.1199951171875,296.2799987792969,300.44000244140625,24361900
2022-04-11,277.10107421875,285.260009765625,292.6099853515625,285.0,291.7900085449219,34569300
2022-04-12,273.9926452636719,282.0599975585937,290.739990234375,280.489990234375,289.239990234375,30966700
2022-04-13,279.3935241699219,287.6199951171875,288.5799865722656,281.29998779296875,282.7300109863281,21907200
2022-04-14,271.82635498046875,279.8299865722656,288.3099975585937,279.32000732421875,288.0899963378906,28221600
2022-04-18,272.49664306640625,280.5199890136719,282.4599914550781,278.3399963378906,278.9100036621094,20778000
2022-04-19,277.1399230957031,285.29998779296875,286.1700134277344,278.4100036621094,279.3800048828125,22297700
2022-04-20,278.1696472167969,286.3599853515625,289.70001220703125,285.3699951171875,289.3999938964844,22906700
2022-04-21,272.7783508300781,280.8099975585937,293.29998779296875,280.0599975585937,288.5799865722656,29454600
2022-04-22,266.1922607421875,274.0299987792969,283.20001220703125,273.3800048828125,281.67999267578125,29405800
2022-04-25,272.69097900390625,280.7200012207031,281.1099853515625,270.7699890136719,273.2900085449219,35678900
2022-04-26,262.4912109375,270.2200012207031,278.3599853515625,270.0,277.5,46518400
2022-04-27,275.11944580078125,283.2200012207031,290.9700012207031,279.1600036621094,282.1000061035156,63477700
2022-04-28,281.3461303710937,289.6300048828125,290.9800109863281,281.4599914550781,285.19000244140625,33646600
2022-04-29,269.5823974609375,277.5199890136719,289.8800048828125,276.5,288.6099853515625,37073900
2022-05-02,276.33367919921875,284.4700012207031,284.94000244140625,276.2200012207031,277.7099914550781,35151100
2022-05-03,273.7206115722656,281.7799987792969,284.1300048828125,280.1499938964844,283.9599914550781,25978600
2022-05-04,281.68609619140625,289.9800109863281,290.8800048828125,276.7300109863281,282.5899963378906,33599300
2022-05-05,269.4173278808594,277.3500061035156,286.3500061035156,274.3399963378906,285.5400085449219,43260400
2022-05-06,266.87225341796875,274.7300109863281,279.25,271.2699890136719,274.8099975585937,37780300
2022-05-09,257.0125427246094,264.5799865722656,272.3599853515625,263.32000732421875,270.0599975585937,47726000
2022-05-10,261.79180908203125,269.5,273.75,265.07000732421875,271.69000244140625,39336400
2022-05-11,253.09783935546875,260.54998779296875,271.3599853515625,259.29998779296875,265.67999267578125,48975900
2022-05-12,248.0465850830078,255.3500061035156,259.8800048828125,250.0200042724609,257.69000244140625,51033800
2022-05-13,253.6515350341797,261.1199951171875,263.0400085449219,255.3500061035156,257.3500061035156,34925100
2022-05-16,254.02061462402344,261.5,265.82000732421875,255.77999877929688,259.9599914550781,32550900
2022-05-17,259.1884765625,266.82000732421875,268.3299865722656,262.4599914550781,266.1099853515625,28828800
2022-05-18,247.38775634765625,254.0800018310547,263.6000061035156,252.7700042724609,263.0,31356000
2022-05-19,246.4724884033203,253.13999938964844,257.6700134277344,251.8800048828125,253.8999938964844,32692300
2022-05-20,245.9077606201172,252.5599975585937,258.5400085449219,246.44000244140625,257.239990234375,39199300
2022-05-23,253.78463745117188,260.6499938964844,261.5,253.42999267578125,255.4900054931641,33175400
2022-05-24,252.7818145751953,259.6199951171875,261.3299865722656,253.5,257.8900146484375,29043900
2022-05-25,255.60543823242188,262.5199890136719,264.5799865722656,257.1300048828125,258.1400146484375,28547900
2022-05-26,258.8963623046875,265.8999938964844,267.1099853515625,261.42999267578125,262.2699890136719,25002100
2022-05-27,266.0431213378906,273.239990234375,273.3399963378906,267.5599975585937,268.4800109863281,26910800
2022-05-31,264.7091369628906,271.8699951171875,274.7699890136719,268.92999267578125,272.5299987792969,37827700
2022-06-01,265.2446594238281,272.4200134277344,277.69000244140625,270.0400085449219,275.20001220703125,25292200
2022-06-02,267.3478088378906,274.5799865722656,274.6499938964844,261.6000061035156,264.45001220703125,44008200
2022-06-03,262.9078674316406,270.0199890136719,273.45001220703125,268.4100036621094,270.3099975585937,28059000
2022-06-06,261.6713256835937,268.75,274.17999267578125,267.2200012207031,272.0599975585937,22400300
2022-06-07,265.32257080078125,272.5,273.1300048828125,265.94000244140625,266.6400146484375,22860700
2022-06-08,263.2876892089844,270.4100036621094,273.0,269.6099853515625,271.7099914550781,17372300
2022-06-09,257.81561279296875,264.7900085449219,272.7099914550781,264.6300048828125,267.7799987792969,26439700
2022-06-10,246.3264617919922,252.9900054931641,260.5799865722656,252.52999877929688,260.5799865722656,31422800
2022-06-13,235.8790435791016,242.259994506836,249.0200042724609,241.52999877929688,245.1100006103516,46135800
2022-06-14,238.05032348632807,244.4900054931641,245.7400054931641,241.509994506836,243.8600006103516,28651500
2022-06-15,245.1288146972656,251.759994506836,255.3000030517578,246.4199981689453,248.3099975585937,33111700
2022-06-16,238.51768493652344,244.97000122070312,247.4199981689453,243.0200042724609,245.97999572753903,33169200
2022-06-17,241.1270904541016,247.6499938964844,250.5,244.02999877929688,244.6999969482422,43084800
2022-06-21,247.0566864013672,253.7400054931641,254.75,249.509994506836,250.259994506836,29928300
2022-06-22,246.4627685546875,253.1300048828125,257.1700134277344,250.3699951171875,251.88999938964844,25939900
2022-06-23,252.04180908203125,258.8599853515625,259.3699951171875,253.6300048828125,255.57000732421875,25861400
2022-06-24,260.6490478515625,267.70001220703125,267.9800109863281,261.7200012207031,261.8099975585937,33923200
2022-06-27,257.9130249023437,264.8900146484375,268.29998779296875,263.2799987792969,268.2099914550781,24615100
2022-06-28,249.7245483398437,256.4800109863281,266.9100036621094,256.32000732421875,263.9800109863281,27295500
2022-06-29,253.4049530029297,260.260009765625,261.9700012207031,255.759994506836,257.5899963378906,20069800
2022-06-30,250.0652618408203,256.8299865722656,259.5299987792969,252.8999938964844,257.04998779296875,31730900
2022-07-01,252.7428741455078,259.5799865722656,259.7699890136719,254.6100006103516,256.3900146484375,22837700
2022-07-05,255.9267425537109,262.8500061035156,262.9800109863281,254.7400054931641,256.1600036621094,22941000
2022-07-06,259.1982727050781,266.2099914550781,267.989990234375,262.3999938964844,263.75,23824400
2022-07-07,261.3305053710937,268.3999938964844,269.0599975585937,265.0199890136719,265.1199951171875,20859900
2022-07-08,260.610107421875,267.6600036621094,268.1000061035156,263.2900085449219,264.7900085449219,19658800
2022-07-11,257.54302978515625,264.510009765625,266.5299987792969,262.17999267578125,265.6499938964844,19455200
2022-07-12,246.988525390625,253.6699981689453,265.94000244140625,252.0399932861328,265.8800048828125,35868500
2022-07-13,246.06353759765625,252.72000122070312,253.5500030517578,248.1100006103516,250.19000244140625,29497400
2022-07-14,247.38775634765625,254.0800018310547,255.13999938964844,245.94000244140625,250.57000732421875,25102800
2022-07-15,249.9582061767578,256.7200012207031,260.3699951171875,254.7700042724609,255.72000122070312,29774100
2022-07-18,247.5532684326172,254.25,260.8399963378906,253.3000030517578,259.75,20975000
2022-07-19,252.6941680908203,259.5299987792969,259.7200012207031,253.67999267578125,257.5799865722656,25012600
2022-07-20,255.3619842529297,262.2699890136719,264.8699951171875,258.9100036621094,259.8999938964844,22788300
2022-07-21,257.86431884765625,264.8399963378906,264.8900146484375,257.0299987792969,259.7900085449219,22404700
2022-07-22,253.50230407714844,260.3599853515625,265.3299865722656,259.07000732421875,265.239990234375,21881300
2022-07-25,252.0126037597656,258.8299865722656,261.5,256.8099975585937,261.0,21056000
2022-07-26,245.26515197753903,251.8999938964844,259.8800048828125,249.57000732421875,259.8599853515625,39348000
2022-07-27,261.6615905761719,268.739990234375,270.04998779296875,258.8500061035156,261.1600036621094,45994000
2022-07-28,269.12957763671875,276.4100036621094,277.8399963378906,267.8699951171875,269.75,33459300
2022-07-29,273.345458984375,280.739990234375,282.0,276.6300048828125,277.70001220703125,32152800
2022-08-01,270.6875,278.010009765625,281.2799987792969,275.8399963378906,277.82000732421875,21539600
2022-08-02,267.5814514160156,274.82000732421875,277.8900146484375,272.3800048828125,276.0,22754200
2022-08-03,275.030029296875,282.4700012207031,283.5,276.6099853515625,276.760009765625,23518900
2022-08-04,276.17889404296875,283.6499938964844,283.79998779296875,280.1700134277344,281.79998779296875,18098700
2022-08-05,275.4584045410156,282.9100036621094,283.6499938964844,278.67999267578125,279.1499938964844,16774600
2022-08-08,272.9366455078125,280.32000732421875,285.9200134277344,279.32000732421875,284.04998779296875,18739200
2022-08-09,274.8644714355469,282.29998779296875,283.0799865722656,277.6099853515625,279.6400146484375,23405200
2022-08-10,281.5437927246094,289.1600036621094,289.8099975585937,286.94000244140625,288.1700134277344,24687800
2022-08-11,279.4600830078125,287.0199890136719,291.2099914550781,286.510009765625,290.8500061035156,20065900
2022-08-12,284.2213134765625,291.9100036621094,291.9100036621094,286.94000244140625,288.4800109863281,22619700
2022-08-15,285.7402648925781,293.4700012207031,294.17999267578125,290.1099853515625,291.0,18085700
2022-08-16,285.000244140625,292.7099914550781,294.0400085449219,290.4200134277344,291.989990234375,18102900
2022-08-17,284.2489318847656,291.32000732421875,293.3500061035156,289.4700012207031,289.739990234375,18253400
2022-08-18,283.1268920898437,290.1700134277344,291.9100036621094,289.0799865722656,290.19000244140625,17186200
2022-08-19,279.2043762207031,286.1499938964844,289.25,285.5599975585937,288.8999938964844,20570000
2022-08-22,271.0083312988281,277.75,282.4599914550781,277.2200012207031,282.0799865722656,25061100
2022-08-23,269.7301330566406,276.44000244140625,278.8599853515625,275.3999938964844,276.44000244140625,17527400
2022-08-24,269.0959167480469,275.7900085449219,277.2300109863281,275.1099853515625,275.4100036621094,18137000
2022-08-25,272.08160400390625,278.8500061035156,279.0199890136719,274.5199890136719,277.3299865722656,16583400
2022-08-26,261.582763671875,268.0899963378906,280.3399963378906,267.9800109863281,279.0799865722656,27549300
2022-08-29,258.7922668457031,265.2300109863281,267.3999938964844,263.8500061035156,265.8500061035156,20338500
2022-08-30,256.5870361328125,262.9700012207031,267.04998779296875,260.6600036621094,266.6700134277344,22767100
2022-08-31,255.1234588623047,261.4700012207031,267.1099853515625,261.3299865722656,265.3900146484375,24791800
2022-09-01,254.07945251464844,260.3999938964844,260.8900146484375,255.41000366210932,258.8699951171875,23263400
2022-09-02,249.84478759765625,256.0599975585937,264.739990234375,254.47000122070312,261.70001220703125,22855400
2022-09-06,247.1029815673828,253.25,257.8299865722656,251.94000244140625,256.20001220703125,21328200
2022-09-07,251.82550048828125,258.0899963378906,258.8299865722656,253.22000122070312,254.6999969482422,24126700
2022-09-08,252.24508666992188,258.5199890136719,260.42999267578125,254.7899932861328,257.510009765625,20319900
2022-09-09,258.0408630371094,264.4599914550781,265.2300109863281,260.2900085449219,260.5,22084700
2022-09-12,260.1777648925781,266.6499938964844,267.45001220703125,265.1600036621094,265.7799987792969,18747700
2022-09-13,245.87355041503903,251.9900054931641,260.3999938964844,251.58999633789065,258.8399963378906,33353300
2022-09-14,246.0979766845703,252.22000122070312,254.22999572753903,249.8600006103516,253.52999877929688,23913000
2022-09-15,239.42401123046875,245.3800048828125,251.3999938964844,244.0200042724609,249.7700042724609,31530900
2022-09-16,238.799545288086,244.7400054931641,245.3000030517578,242.0599975585937,244.259994506836,39791800
2022-09-19,238.5849151611328,244.5200042724609,245.13999938964844,240.8500061035156,242.47000122070312,26826900
2022-09-20,236.5651397705078,242.4499969482422,243.509994506836,239.63999938964844,242.07000732421875,26660300
2022-09-21,233.1500701904297,238.9499969482422,247.66000366210932,238.8999938964844,244.2700042724609,28625600
2022-09-22,235.13082885742188,240.97999572753903,243.8600006103516,237.57000732421875,237.8699951171875,31061200
2022-09-23,232.1450653076172,237.9199981689453,241.1300048828125,235.1999969482422,239.5399932861328,34176000
2022-09-26,231.6864776611328,237.4499969482422,241.4499969482422,236.8999938964844,237.0500030517578,27694200
2022-09-27,230.67172241210932,236.41000366210932,241.8000030517578,234.5,239.97999572753903,27018700
2022-09-28,235.2186279296875,241.07000732421875,242.3300018310547,234.72999572753903,236.8099975585937,29029700
2022-09-29,231.7352905273437,237.5,239.9499969482422,234.41000366210932,238.88999938964844,27484200
2022-09-30,227.24691772460932,232.8999938964844,240.5399932861328,232.72999572753903,238.2899932861328,35694800
2022-10-03,234.89663696289065,240.7400054931641,241.6100006103516,234.66000366210932,235.41000366210932,28880400
2022-10-04,242.8390655517578,248.8800048828125,250.3600006103516,244.97999572753903,245.08999633789065,34888400
2022-10-05,243.1512908935547,249.1999969482422,250.5800018310547,244.1000061035156,245.9900054931641,20347100
2022-10-06,240.79977416992188,246.7899932861328,250.33999633789065,246.0800018310547,247.92999267578125,20239900
2022-10-07,228.55441284179688,234.2400054931641,241.32000732421875,233.1699981689453,240.8999938964844,37769600
2022-10-10,223.6855316162109,229.25,234.5599975585937,226.72999572753903,233.0500030517578,29743600
2022-10-11,219.938720703125,225.41000366210932,229.0599975585937,224.1100006103516,227.6199951171875,30474000
2022-10-12,220.2704925537109,225.75,227.8600006103516,223.9600067138672,225.3999938964844,21903900
2022-10-13,228.55441284179688,234.2400054931641,236.1000061035156,219.1300048828125,219.8500061035156,42551800
2022-10-14,223.0122528076172,228.5599975585937,237.2400054931641,228.33999633789065,235.5399932861328,30198600
2022-10-17,231.7645568847656,237.52999877929688,238.9600067138672,235.13999938964844,235.82000732421875,28142300
2022-10-18,232.71099853515625,238.5,243.92999267578125,235.3699951171875,243.2400054931641,26329600
2022-10-19,230.7400054931641,236.47999572753903,239.6100006103516,234.2899932861328,237.0399932861328,19985700
2022-10-20,230.4180145263672,236.1499938964844,241.3099975585937,234.8699951171875,235.7700042724609,21811000
2022-10-21,236.2431488037109,242.1199951171875,243.0,234.5,234.7400054931641,26299700
2022-10-24,241.24864196777344,247.25,247.83999633789065,241.3000030517578,243.759994506836,24911200
2022-10-25,244.5758514404297,250.66000366210932,251.0399932861328,245.8300018310547,247.259994506836,34775500
2022-10-26,225.70526123046875,231.32000732421875,238.3000030517578,230.0599975585937,231.1699981689453,82543200
2022-10-27,221.2462310791016,226.75,233.69000244140625,225.77999877929688,231.0399932861328,40424600
2022-10-28,230.14486694335932,235.8699951171875,236.6000061035156,226.0500030517578,226.2400054931641,40647700
2022-10-31,226.49563598632807,232.1300048828125,234.9199981689453,231.1499938964844,233.759994506836,28357300
2022-11-01,222.63172912597656,228.1699981689453,235.7400054931641,227.3300018310547,234.6000061035156,30592300
2022-11-02,214.75762939453125,220.1000061035156,231.3000030517578,220.0399932861328,229.4600067138672,38407000
2022-11-03,209.04959106445312,214.25,220.41000366210932,213.97999572753903,220.08999633789065,36633900
2022-11-04,216.016342163086,221.38999938964844,221.58999633789065,213.42999267578125,217.5500030517578,36789100
2022-11-07,222.33901977539065,227.8699951171875,228.41000366210932,221.27999877929688,221.9900054931641,33498000
2022-11-08,223.3147430419922,228.8699951171875,231.6499938964844,225.83999633789065,228.6999969482422,28192500
2022-11-09,219.0605926513672,224.509994506836,228.6300048828125,224.3300018310547,227.3699951171875,27852900
2022-11-10,237.082260131836,242.97999572753903,243.3300018310547,235.0,235.42999267578125,46268000
2022-11-11,241.11203002929688,247.1100006103516,247.9900054931641,241.92999267578125,242.9900054931641,34620200
2022-11-14,235.6869659423828,241.5500030517578,243.91000366210932,239.2100067138672,241.9900054931641,31123300
2022-11-15,236.0967559814453,241.97000122070312,247.0,240.02999877929688,245.66000366210932,31390100
2022-11-16,236.5272979736328,241.72999572753903,243.8000030517578,240.4199981689453,242.7899932861328,24093300
2022-11-17,236.4783477783203,241.67999267578125,243.25,237.6300048828125,237.77999877929688,23123500
2022-11-18,236.0282745361328,241.22000122070312,243.7400054931641,239.02999877929688,243.509994506836,27613500
2022-11-21,236.8404083251953,242.0500030517578,244.6699981689453,241.19000244140625,241.42999267578125,26394700
2022-11-22,239.7562561035156,245.02999877929688,245.3099975585937,240.7100067138672,243.58999633789065,19665700
2022-11-23,242.2514038085937,247.5800018310547,248.27999877929688,244.2700042724609,245.1100006103516,19508500
2022-11-25,242.1633453369141,247.4900054931641,248.6999969482422,246.72999572753903,247.3099975585937,9200800
2022-11-28,236.556640625,241.759994506836,246.6499938964844,240.8000030517578,246.0800018310547,24778200
2022-11-29,235.15744018554688,240.3300018310547,242.7899932861328,238.2100067138672,241.3999938964844,17956300
2022-11-30,249.648666381836,255.13999938964844,255.3300018310547,239.8600006103516,240.57000732421875,47594200
2022-12-01,249.20838928222656,254.69000244140625,256.1199951171875,250.9199981689453,253.8699951171875,26041500
2022-12-02,249.53126525878903,255.0200042724609,256.0599975585937,249.69000244140625,249.82000732421875,21528500
2022-12-05,244.81500244140625,250.1999969482422,253.82000732421875,248.0599975585937,252.009994506836,23435300
2022-12-06,239.8443298339844,245.1199951171875,251.8600006103516,243.77999877929688,250.82000732421875,22463700
2022-12-07,239.1104736328125,244.3699951171875,246.16000366210932,242.2100067138672,244.8300018310547,20481500
2022-12-08,242.0752868652344,247.3999938964844,248.7400054931641,243.0599975585937,244.83999633789065,22611800
2022-12-09,240.1378936767578,245.4199981689453,248.3099975585937,244.16000366210932,244.6999969482422,20609700
2022-12-12,247.0752716064453,252.509994506836,252.5399932861328,247.1699981689453,247.4499969482422,30665100
2022-12-13,251.390365600586,256.9200134277344,263.9200134277344,253.07000732421875,261.69000244140625,42196900
2022-12-14,251.68392944335932,257.2200012207031,262.5899963378906,254.3099975585937,257.1300048828125,35410900
2022-12-15,243.65060424804688,249.009994506836,254.1999969482422,247.33999633789065,253.72000122070312,35560400
2022-12-16,239.4235992431641,244.69000244140625,249.83999633789065,243.509994506836,248.5500030517578,86102000
2022-12-19,235.2748413085937,240.4499969482422,245.2100067138672,238.7100067138672,244.8600006103516,29696400
2022-12-20,236.5957946777344,241.8000030517578,242.91000366210932,238.4199981689453,239.3999938964844,25150800
2022-12-21,239.169189453125,244.42999267578125,245.6199951171875,240.1100006103516,241.69000244140625,23690600
2022-12-22,233.0634765625,238.19000244140625,241.9900054931641,233.8699951171875,241.259994506836,28651700
2022-12-23,233.5918731689453,238.72999572753903,238.8699951171875,233.94000244140625,236.1100006103516,21207000
2022-12-27,231.8599548339844,236.9600067138672,238.92999267578125,235.8300018310547,238.6999969482422,16688600
2022-12-28,229.48226928710932,234.52999877929688,239.72000122070312,234.1699981689453,236.88999938964844,17457100
2022-12-29,235.8227996826172,241.009994506836,241.9199981689453,235.6499938964844,235.6499938964844,19770700
2022-12-30,234.65841674804688,239.82000732421875,239.9600067138672,236.66000366210932,238.2100067138672,21938500
2023-01-03,234.4235992431641,239.5800018310547,245.75,237.3999938964844,243.0800018310547,25740000
2023-01-04,224.1691436767578,229.1000061035156,232.8699951171875,225.9600067138672,232.27999877929688,50623400
2023-01-05,217.5252685546875,222.3099975585937,227.5500030517578,221.759994506836,227.1999969482422,39585600
2023-01-06,220.08888244628903,224.92999267578125,225.759994506836,219.3500061035156,223.0,43613600
2023-01-09,222.2317657470703,227.1199951171875,231.2400054931641,226.41000366210932,226.4499969482422,27369800
2023-01-10,223.9245147705078,228.8500061035156,231.3099975585937,227.3300018310547,227.759994506836,27033900
2023-01-11,230.6955718994141,235.7700042724609,235.9499969482422,231.1100006103516,231.2899932861328,28669300
2023-01-12,233.37661743164065,238.509994506836,239.8999938964844,233.5599975585937,235.259994506836,27269500
2023-01-13,234.0811004638672,239.22999572753903,239.3699951171875,234.9199981689453,237.0,21333300
2023-01-17,235.1770172119141,240.3500061035156,240.91000366210932,237.08999633789065,237.97000122070312,29831300
2023-01-18,230.73472595214844,235.8099975585937,242.3800048828125,235.5200042724609,241.57000732421875,30028700
2023-01-19,226.938217163086,231.92999267578125,235.5200042724609,230.67999267578125,233.77999877929688,28623000
2023-01-20,235.0498046875,240.22000122070312,240.7400054931641,234.509994506836,234.8600006103516,35389800
2023-01-23,237.3590087890625,242.5800018310547,245.1699981689453,239.6499938964844,241.1000061035156,31934000
2023-01-24,236.8306427001953,242.0399932861328,243.9499969482422,240.44000244140625,242.5,40234400
2023-01-25,235.431396484375,240.6100006103516,243.3000030517578,230.8999938964844,234.47999572753903,66526600
2023-01-26,242.662353515625,248.0,248.3099975585937,242.0,243.6499938964844,33454500
2023-01-27,242.8188934326172,248.16000366210932,249.8300018310547,246.8300018310547,248.9900054931641,26498900
2023-01-30,237.48619079589844,242.7100067138672,245.6000061035156,242.1999969482422,244.509994506836,25867400
2023-01-31,242.4764404296875,247.8099975585937,247.9499969482422,242.9499969482422,243.4499969482422,26541100
2023-02-01,247.31011962890625,252.75,255.17999267578125,245.47000122070312,248.0,31259900
2023-02-02,258.90509033203125,264.6000061035156,264.69000244140625,257.25,258.82000732421875,39940400
2023-02-03,252.7896423339844,258.3500061035156,264.20001220703125,257.1000061035156,259.5400085449219,29077300
2023-02-06,251.2435760498047,256.7699890136719,258.29998779296875,254.77999877929688,257.44000244140625,22518000
2023-02-07,261.80133056640625,267.5599975585937,268.7699890136719,260.0799865722656,260.5299987792969,50841400
2023-02-08,260.9891967773437,266.7300109863281,276.760009765625,266.2099914550781,273.20001220703125,54686000
2023-02-09,257.9461669921875,263.6199951171875,273.9800109863281,262.79998779296875,273.79998779296875,42375100
2023-02-10,257.4373474121094,263.1000061035156,264.0899963378906,260.6600036621094,261.5299987792969,25818500
2023-02-13,265.4804382324219,271.32000732421875,274.6000061035156,267.1499938964844,267.6400146484375,44630900
2023-02-14,266.3121643066406,272.1700134277344,274.9700012207031,269.2799987792969,272.6700134277344,37047900
2023-02-15,264.1835327148437,269.32000732421875,270.7300109863281,266.17999267578125,268.32000732421875,28922400
2023-02-16,257.1502685546875,262.1499938964844,266.739990234375,261.8999938964844,264.0199890136719,29603600
2023-02-17,253.1382751464844,258.0599975585937,260.0899963378906,256.0,259.3900146484375,30000100
2023-02-21,247.85110473632807,252.6699981689453,255.4900054931641,251.58999633789065,254.47999572753903,28397400
2023-02-22,246.7132110595703,251.509994506836,254.33999633789065,250.33999633789065,254.08999633789065,22491100
2023-02-23,249.9110412597656,254.7700042724609,256.8399963378906,250.47999572753903,255.5599975585937,29219100
2023-02-24,244.46690368652344,249.22000122070312,251.0,248.1000061035156,249.9600067138672,24990900
2023-02-27,245.3889617919922,250.16000366210932,252.82000732421875,249.38999938964844,252.4600067138672,21190000
2023-02-28,244.6630706787109,249.4199981689453,251.4900054931641,248.72999572753903,249.07000732421875,22491000
2023-03-01,241.57313537597656,246.2700042724609,250.92999267578125,245.7899932861328,250.759994506836,27565300
2023-03-02,246.3208465576172,251.1100006103516,251.3999938964844,245.6100006103516,246.5500030517578,24808200
2023-03-03,250.42111206054688,255.2899932861328,255.6199951171875,251.38999938964844,252.19000244140625,30760100
2023-03-06,251.97097778320312,256.8699951171875,260.1199951171875,255.97999572753903,256.42999267578125,24109800
2023-03-07,249.3028564453125,254.1499938964844,257.69000244140625,253.38999938964844,256.29998779296875,21473200
2023-03-08,248.8614654541016,253.6999969482422,254.5399932861328,250.8099975585937,254.0399932861328,17340200
2023-03-09,247.50778198242188,252.32000732421875,259.5599975585937,251.5800018310547,255.82000732421875,26653400
2023-03-10,243.84890747070312,248.58999633789065,252.7899932861328,247.6000061035156,251.0800018310547,28333900
2023-03-13,249.07725524902344,253.9199981689453,257.9100036621094,245.72999572753903,247.3999938964844,33339700
2023-03-14,255.8162078857422,260.7900085449219,261.07000732421875,255.8600006103516,256.75,33620300
2023-03-15,260.3775329589844,265.44000244140625,266.4800109863281,259.2099914550781,259.9800109863281,46028000
2023-03-16,270.932373046875,276.20001220703125,276.5599975585937,263.2799987792969,265.2099914550781,54768800
2023-03-17,274.1007080078125,279.42999267578125,283.3299865722656,276.32000732421875,278.260009765625,69527400
2023-03-20,267.0380554199219,272.2300109863281,277.4800109863281,269.8500061035156,276.9800109863281,43466600
2023-03-21,268.5584411621094,273.7799987792969,275.0,269.5199890136719,274.8800048828125,34558700
2023-03-22,267.0968933105469,272.2900085449219,281.0400085449219,272.17999267578125,273.3999938964844,34873300
2023-03-23,272.3645324707031,277.6600036621094,281.0599975585937,275.20001220703125,277.94000244140625,36610900
2023-03-24,275.218994140625,280.57000732421875,280.6300048828125,275.2799987792969,277.239990234375,28172000
2023-03-27,271.10888671875,276.3800048828125,281.4599914550781,275.5199890136719,280.5,26840200
2023-03-28,269.9808654785156,275.2300109863281,276.1400146484375,272.04998779296875,275.7900085449219,21878600
2023-03-29,275.1601257324219,280.510009765625,281.1400146484375,278.4100036621094,278.9599914550781,25087000
2023-03-30,278.63262939453125,284.04998779296875,284.4599914550781,281.4800109863281,284.2300109863281,25053400
2023-03-31,282.8015441894531,288.29998779296875,289.2699890136719,283.0,283.7300109863281,32766000
2023-04-03,281.7519836425781,287.2300109863281,288.2699890136719,283.95001220703125,286.5199890136719,24883300
2023-04-04,281.7029113769531,287.17999267578125,290.45001220703125,285.6700134277344,287.2300109863281,25824300
2023-04-05,278.9170227050781,284.3399963378906,287.1499938964844,282.9200134277344,285.8500061035156,22064800
2023-04-06,286.03857421875,291.6000061035156,292.0799865722656,282.0299987792969,283.2099914550781,29770300
2023-04-10,283.8707580566406,289.3900146484375,289.6000061035156,284.7099914550781,289.2099914550781,23103000
2023-04-11,277.43585205078125,282.8299865722656,285.9800109863281,281.6400146484375,285.75,27276600
2023-04-12,278.08331298828125,283.489990234375,287.010009765625,281.9599914550781,284.7900085449219,27403400
2023-04-13,284.3121643066406,289.8399963378906,289.8999938964844,283.1700134277344,283.5899963378906,24222700
2023-04-14,280.68280029296875,286.1400146484375,288.4800109863281,283.69000244140625,287.0,20987900
2023-04-17,283.2919921875,288.79998779296875,291.6000061035156,286.1600036621094,289.92999267578125,23836200
2023-04-18,282.8702087402344,288.3699951171875,291.760009765625,287.010009765625,291.57000732421875,20161800
2023-04-19,282.9486694335937,288.45001220703125,289.04998779296875,284.5400085449219,285.989990234375,17150300
2023-04-20,280.6533203125,286.1099853515625,289.0299987792969,285.0799865722656,285.25,23244400
2023-04-21,280.3099365234375,285.760009765625,286.2699890136719,283.0599975585937,285.010009765625,21676400
2023-04-24,276.39605712890625,281.7699890136719,284.95001220703125,278.7200012207031,282.0899963378906,26611000
2023-04-25,270.1672668457031,275.4200134277344,281.6000061035156,275.3699951171875,279.510009765625,45772200
2023-04-26,289.7366943359375,295.3699951171875,299.57000732421875,292.7300109863281,296.70001220703125,64599200
2023-04-27,299.0162658691406,304.8299865722656,305.20001220703125,295.25,295.9700012207031,46462600
2023-04-28,301.39996337890625,307.260009765625,308.92999267578125,303.3099975585937,304.010009765625,36469600
2023-05-01,299.7323913574219,305.5599975585937,308.6000061035156,305.1499938964844,306.9700012207031,21294100
2023-05-02,299.5851745605469,305.4100036621094,309.17999267578125,303.9100036621094,307.760009765625,26404400
2023-05-03,298.594482421875,304.3999938964844,308.6099853515625,304.0899963378906,306.6199951171875,22360800
2023-05-04,299.5851745605469,305.4100036621094,307.760009765625,303.3999938964844,306.239990234375,22519900
2023-05-05,304.72528076171875,310.6499938964844,311.9700012207031,304.2699890136719,305.7200012207031,28197100
2023-05-08,302.763427734375,308.6499938964844,310.20001220703125,306.0899963378906,310.1300048828125,21318600
2023-05-09,301.1448974609375,307.0,310.0400085449219,306.3099975585937,308.0,21340800
2023-05-10,306.3536071777344,312.3099975585937,313.0,307.6700134277344,308.6199951171875,30078000
2023-05-11,304.1955261230469,310.1099853515625,311.1199951171875,306.260009765625,310.1000061035156,31680200
2023-05-12,303.07733154296875,308.9700012207031,310.6499938964844,306.6000061035156,310.54998779296875,19774700
2023-05-15,303.5579833984375,309.4599914550781,309.8999938964844,307.5899963378906,309.1000061035156,16336500
2023-05-16,305.79449462890625,311.739990234375,313.7099914550781,309.8299865722656,309.8299865722656,26730300
2023-05-17,308.68475341796875,314.0,314.42999267578125,310.739990234375,312.2900085449219,24315000
2023-05-18,313.128173828125,318.5199890136719,319.0400085449219,313.7200012207031,314.5299987792969,27276000
2023-05-19,312.9512939453125,318.3399963378906,318.75,316.3699951171875,316.739990234375,27546700
2023-05-22,315.7431640625,321.17999267578125,322.5899963378906,318.010009765625,318.6000061035156,24115700
2023-05-23,309.9234313964844,315.260009765625,322.7200012207031,315.25,320.0299987792969,30797200
2023-05-24,308.5373229980469,313.8500061035156,316.5,312.6099853515625,314.7300109863281,23384900
2023-05-25,320.4029541015625,325.9200134277344,326.8999938964844,320.0,323.239990234375,43301700
2023-05-26,327.2550048828125,332.8900146484375,333.3999938964844,323.8800048828125,324.0199890136719,36630600
2023-05-30,325.6034240722656,331.2099914550781,335.739990234375,330.5199890136719,335.2300109863281,29503100
2023-05-31,322.83123779296875,328.3900146484375,335.94000244140625,327.3299865722656,332.2900085449219,45950600
2023-06-01,326.9501953125,332.5799865722656,333.5299987792969,324.7200012207031,325.92999267578125,26773900
2023-06-02,329.7224426269531,335.3999938964844,337.5,332.54998779296875,334.25,25873800
2023-06-05,330.2533264160156,335.94000244140625,338.5599975585937,334.6600036621094,335.2200012207031,21307100
2023-06-06,328.0316162109375,333.67999267578125,335.3699951171875,332.1700134277344,335.3299865722656,20396200
2023-06-07,317.9059753417969,323.3800048828125,334.489990234375,322.5,331.6499938964844,40717100
2023-06-08,319.754150390625,325.260009765625,326.6400146484375,323.3500061035156,323.94000244140625,23277700
2023-06-09,321.2582397460937,326.7900085449219,329.989990234375,324.4100036621094,324.989990234375,22529000
2023-06-12,326.23260498046875,331.8500061035156,332.1000061035156,325.1600036621094,328.5799865722656,24260300
2023-06-13,328.6312866210937,334.2900085449219,336.9800109863281,330.3900146484375,334.4700012207031,22951300
2023-06-14,331.629638671875,337.3399963378906,339.0400085449219,332.8099975585937,334.3399963378906,26003800
2023-06-15,342.2075500488281,348.1000061035156,349.8399963378906,337.20001220703125,337.4800109863281,38899100
2023-06-16,336.53515625,342.3299865722656,351.4700012207031,341.95001220703125,351.32000732421875,46552000
2023-06-20,332.3275756835937,338.04998779296875,342.0799865722656,335.8599853515625,339.3099975585937,26375400
2023-06-21,327.91363525390625,333.5599975585937,337.7300109863281,332.07000732421875,336.3699951171875,25117800
2023-06-22,333.9595031738281,339.7099914550781,340.1199951171875,333.3399963378906,334.1199951171875,23556800
2023-06-23,329.34893798828125,335.0199890136719,337.9599914550781,333.45001220703125,334.3599853515625,23146900
2023-06-26,323.0376281738281,328.6000061035156,336.1099853515625,328.489990234375,333.7200012207031,21520600
2023-06-27,328.9065856933594,334.57000732421875,336.1499938964844,329.29998779296875,331.8599853515625,24354100
2023-06-28,330.1649169921875,335.8500061035156,337.9800109863281,333.8099975585937,334.6600036621094,20259500
2023-06-29,329.3784484863281,335.04998779296875,336.1099853515625,332.6199951171875,334.7099914550781,16997000
2023-06-30,334.7754821777344,340.5400085449219,342.7300109863281,337.20001220703125,337.75,26832800
2023-07-03,332.2686462402344,337.989990234375,340.8999938964844,336.57000732421875,339.19000244140625,12508700
2023-07-05,332.4259033203125,338.1499938964844,341.6499938964844,334.7300109863281,335.0899963378906,18172400
2023-07-06,335.4931030273437,341.2699890136719,342.989990234375,335.5,337.29998779296875,28161200
2023-07-07,331.5116882324219,337.2200012207031,341.7900085449219,337.0,339.32000732421875,21214800
2023-07-10,326.2129211425781,331.8299865722656,335.2300109863281,327.5899963378906,334.6000061035156,32791400
2023-07-11,326.8421325683594,332.4700012207031,332.8599853515625,327.0,331.0599975585937,26698200
2023-07-12,331.4919738769531,337.20001220703125,341.6499938964844,335.6700134277344,336.6000061035156,29995300
2023-07-13,336.8596496582031,342.6600036621094,343.739990234375,339.0199890136719,339.5599975585937,20567200
2023-07-14,339.3959045410156,345.239990234375,351.42999267578125,344.3099975585937,347.5899963378906,28352700
2023-07-17,339.87762451171875,345.7300109863281,346.989990234375,342.20001220703125,345.67999267578125,20363900
2023-07-18,353.4046936035156,359.489990234375,366.7799987792969,342.1700134277344,345.8299865722656,64738600
2023-07-19,349.0693054199219,355.0799865722656,362.4599914550781,352.44000244140625,361.75,39732900
2023-07-20,340.9983215332031,346.8699951171875,357.9700012207031,345.3699951171875,353.57000732421875,33778400
2023-07-21,337.9507751464844,343.7699890136719,350.29998779296875,339.8299865722656,349.1499938964844,69405400
2023-07-24,339.26812744140625,345.1099853515625,346.9200134277344,342.3099975585937,345.8500061035156,26678100
2023-07-25,345.03875732421875,350.9800109863281,351.8900146484375,345.07000732421875,347.1099853515625,41637700
2023-07-26,332.0523681640625,337.7699890136719,344.6700134277344,333.1099853515625,341.44000244140625,58383700
2023-07-27,325.1217346191406,330.7200012207031,341.3299865722656,329.04998779296875,340.4800109863281,39635300
2023-07-28,332.6421813964844,338.3699951171875,340.010009765625,333.1700134277344,333.6700134277344,28484900
2023-07-31,330.2336730957031,335.9200134277344,337.70001220703125,333.3599853515625,336.9200134277344,25446000
2023-08-01,330.64654541015625,336.3399963378906,338.5400085449219,333.70001220703125,335.19000244140625,18311900
2023-08-02,321.95623779296875,327.5,333.6300048828125,326.3599853515625,333.6300048828125,27761300
2023-08-03,321.1304626464844,326.6600036621094,329.8800048828125,325.95001220703125,326.0,18253700
2023-08-04,322.2314453125,327.7799987792969,335.1400146484375,327.239990234375,331.8800048828125,23741500
2023-08-07,324.5220642089844,330.1099853515625,331.1099853515625,327.5199890136719,328.3699951171875,17741500
2023-08-08,320.53076171875,326.04998779296875,328.75,323.0,326.9599914550781,22327600
2023-08-09,316.7754821777344,322.2300109863281,327.1099853515625,321.04998779296875,326.4700012207031,22373300
2023-08-10,317.4635314941406,322.92999267578125,328.260009765625,321.17999267578125,326.0199890136719,20113700
2023-08-11,315.5760803222656,321.010009765625,322.4100036621094,319.2099914550781,320.260009765625,24355500
2023-08-14,318.5547790527344,324.0400085449219,324.0599975585937,320.0799865722656,321.3900146484375,18836100
2023-08-15,316.4116516113281,321.8599853515625,325.0899963378906,320.8999938964844,323.0,16966300
2023-08-16,315.64324951171875,320.3999938964844,324.4200134277344,319.79998779296875,320.79998779296875,20698900
2023-08-17,312.1755676269531,316.8800048828125,321.8699951171875,316.2099914550781,320.5400085449219,21257200
2023-08-18,311.7814636230469,316.4800109863281,318.3800048828125,311.54998779296875,314.489990234375,24755000
2023-08-21,317.101318359375,321.8800048828125,322.7699890136719,317.0400085449219,317.92999267578125,24040000
2023-08-22,317.67266845703125,322.4599914550781,326.0799865722656,321.4599914550781,325.5,16084600
2023-08-23,322.1452941894531,327.0,329.20001220703125,323.4599914550781,323.82000732421875,21166400
2023-08-24,315.2196960449219,319.9700012207031,332.9800109863281,319.9599914550781,332.8500061035156,23281400
2023-08-25,318.1849365234375,322.9800109863281,325.3599853515625,318.79998779296875,321.4700012207031,21684100
2023-08-28,318.8943176269531,323.70001220703125,326.1499938964844,321.7200012207031,325.6600036621094,14808500
2023-08-29,323.53436279296875,328.4100036621094,328.9800109863281,321.8800048828125,321.8800048828125,19284600
2023-08-30,323.90869140625,328.7900085449219,329.8099975585937,326.45001220703125,328.6700134277344,15222100
2023-08-31,322.89404296875,327.760009765625,330.9100036621094,326.7799987792969,329.20001220703125,26411000
2023-09-01,323.7806396484375,328.6600036621094,331.989990234375,326.7799987792969,331.3099975585937,14942000
2023-09-05,328.5980529785156,333.54998779296875,334.8500061035156,328.6600036621094,329.0,18553900
2023-09-06,327.9380187988281,332.8800048828125,334.4599914550781,330.17999267578125,333.3800048828125,17535800
2023-09-07,325.0120849609375,329.9100036621094,333.0799865722656,329.0299987792969,331.2900085449219,18381000
2023-09-08,329.3073425292969,334.2699890136719,336.1600036621094,329.4599914550781,330.0899963378906,19530100
2023-09-11,332.9228820800781,337.94000244140625,338.4200134277344,335.42999267578125,337.239990234375,16583300
2023-09-12,326.8444519042969,331.7699890136719,336.7900085449219,331.4800109863281,335.82000732421875,17565500
2023-09-13,331.0707397460937,336.0599975585937,336.8500061035156,331.1700134277344,331.3099975585937,16544400
2023-09-14,333.671630859375,338.70001220703125,340.8599853515625,336.57000732421875,339.1499938964844,20267000
2023-09-15,325.3174743652344,330.2200012207031,337.3999938964844,329.6499938964844,336.9200134277344,37679800
2023-09-18,324.1746520996094,329.0599975585937,330.3999938964844,326.3599853515625,327.79998779296875,16834200
2023-09-19,323.77081298828125,328.6499938964844,329.3900146484375,324.510009765625,326.1700134277344,16505900
2023-09-20,316.0078125,320.7699890136719,329.5899963378906,320.510009765625,329.510009765625,21436500
2023-09-21,314.78619384765625,319.5299987792969,325.3500061035156,315.0,319.260009765625,35560400
2023-09-22,312.3036193847656,317.010009765625,321.45001220703125,316.1499938964844,321.32000732421875,21447900
2023-09-25,312.8257751464844,317.5400085449219,317.6700134277344,315.0,316.5899963378906,17836000
2023-09-26,307.505859375,312.1400146484375,315.8800048828125,310.0199890136719,315.1300048828125,26297600
2023-09-27,308.146240234375,312.7900085449219,314.29998779296875,309.69000244140625,312.29998779296875,19410100
2023-09-28,308.9836730957031,313.6400146484375,315.4800109863281,309.45001220703125,310.989990234375,19683600
2023-09-29,311.0622863769531,315.75,319.4700012207031,314.9800109863281,317.75,24147300
2023-10-02,317.02252197265625,321.79998779296875,321.8900146484375,315.17999267578125,316.2799987792969,20570000
2023-10-03,308.73736572265625,313.3900146484375,321.3900146484375,311.2099914550781,320.8299865722656,21033500
2023-10-04,314.2246398925781,318.9599914550781,320.0400085449219,314.0,314.0299987792969,20720100
2023-10-05,314.6186828613281,319.3599853515625,319.9800109863281,314.8999938964844,319.0899963378906,16965600
2023-10-06,322.40142822265625,327.260009765625,329.19000244140625,316.29998779296875,316.54998779296875,25673600
2023-10-09,324.9234924316406,329.82000732421875,330.29998779296875,323.17999267578125,324.75,19891200
2023-10-10,323.51470947265625,328.3900146484375,331.1000061035156,327.6700134277344,330.9599914550781,20557100
2023-10-11,327.4848327636719,332.4200134277344,332.82000732421875,329.1400146484375,331.2099914550781,20063200
2023-10-12,326.2435302734375,331.1600036621094,333.6300048828125,328.7200012207031,330.57000732421875,19313100
2023-10-13,322.864501953125,327.7300109863281,333.8299865722656,326.3599853515625,332.3800048828125,21072400
2023-10-16,327.7015991210937,332.6400146484375,336.1400146484375,330.6000061035156,331.04998779296875,22158000
2023-10-17,327.1301574707031,332.0599975585937,333.4599914550781,327.4100036621094,329.5899963378906,18338500
2023-10-18,325.20916748046875,330.1099853515625,335.5899963378906,328.29998779296875,332.489990234375,23153600
2023-10-19,326.4011535644531,331.32000732421875,336.8800048828125,330.9100036621094,332.1499938964844,25052100
2023-10-20,321.8202209472656,326.6700134277344,331.9200134277344,325.45001220703125,331.7200012207031,25027700
2023-10-23,324.43084716796875,329.32000732421875,332.7300109863281,324.3900146484375,325.4700012207031,24374700
2023-10-24,325.6228942871094,330.5299987792969,331.8399963378906,327.6000061035156,331.29998779296875,31153600
2023-10-25,335.61236572265625,340.6700134277344,346.20001220703125,337.6199951171875,345.0199890136719,55053800
2023-10-26,323.0220642089844,327.8900146484375,341.6300048828125,326.94000244140625,340.5400085449219,37828500
2023-10-27,324.9135131835937,329.8099975585937,336.7200012207031,328.3999938964844,330.42999267578125,29856500
2023-10-30,332.3022766113281,337.3099975585937,339.45001220703125,331.8299865722656,333.4100036621094,22828100
2023-10-31,333.0903625488281,338.1099853515625,339.0,334.69000244140625,338.8500061035156,20265300
2023-11-01,340.93218994140625,346.07000732421875,347.4200134277344,339.6499938964844,339.7900085449219,28158800
2023-11-02,343.1487121582031,348.32000732421875,348.8299865722656,344.7699890136719,347.239990234375,24348100
2023-11-03,347.562255859375,352.79998779296875,354.3900146484375,347.3299865722656,349.6300048828125,23637700
2023-11-06,351.23687744140625,356.5299987792969,357.5400085449219,353.3500061035156,353.45001220703125,23828300
2023-11-07,355.17755126953125,360.5299987792969,362.4599914550781,357.6300048828125,359.3999938964844,25833900
2023-11-08,357.8078308105469,363.2000122070313,363.8699951171875,360.5499877929688,361.6799926757813,26767800
2023-11-09,355.3351135253906,360.6900024414063,364.7900085449219,360.3599853515625,362.2999877929688,24847300
2023-11-10,364.1818237304688,369.6700134277344,370.1000061035156,361.0700073242188,361.489990234375,28042100
2023-11-13,361.2361450195313,366.6799926757813,368.4700012207031,365.8999938964844,368.2200012207031,19986500
2023-11-14,364.77288818359375,370.2699890136719,371.9500122070313,367.3500061035156,371.010009765625,27683900
2023-11-15,364.92095947265625,369.6700134277344,373.1300048828125,367.1099853515625,371.2799987792969,26860100
2023-11-16,371.3374938964844,376.1700134277344,376.3500061035156,370.1799926757813,370.9599914550781,27182300
2023-11-17,365.0986633300781,369.8500061035156,374.3699951171875,367.0,373.6099853515625,40157000
2023-11-20,372.5911560058594,377.4400024414063,378.8699951171875,371.0,371.2200012207031,52465100
2023-11-21,368.27728271484375,373.0700073242188,376.2200012207031,371.1199951171875,375.6700134277344,28423100
2023-11-22,372.9958801269531,377.8500061035156,379.7900085449219,374.9700012207031,378.0,23345300
2023-11-24,372.5812683105469,377.4299926757813,377.9700012207031,375.1400146484375,377.3299865722656,10176600
2023-11-27,373.74609375,378.6099853515625,380.6400146484375,376.2000122070313,376.7799987792969,22179200
2023-11-28,377.7835693359375,382.7000122070313,383.0,378.1600036621094,378.3500061035156,20453100
2023-11-29,373.9830322265625,378.8500061035156,384.2999877929688,377.4400024414063,383.760009765625,28963400
2023-11-30,374.0422668457031,378.9100036621094,380.0899963378906,375.4700012207031,378.489990234375,30554400
2023-12-01,369.6987609863281,374.510009765625,378.1600036621094,371.30999755859375,376.760009765625,33040500
2023-12-04,364.3977661132813,369.1400146484375,369.5199890136719,362.8999938964844,369.1000061035156,32063300
2023-12-05,367.734375,372.5199890136719,373.0799865722656,365.6199951171875,366.4500122070313,23065000
2023-12-06,364.0621643066406,368.7999877929688,374.1799926757813,368.0299987792969,373.5400085449219,21182100
2023-12-07,366.1845397949219,370.9500122070313,371.4500122070313,366.3200073242188,368.2300109863281,23118900
2023-12-08,369.42236328125,374.2300109863281,374.4599914550781,368.2300109863281,369.2000122070313,20154400
2023-12-11,366.5299987792969,371.2999877929688,371.6000061035156,366.1000061035156,368.4800109863281,27708800
2023-12-12,369.5704345703125,374.3800048828125,374.4200134277344,370.4599914550781,370.8500061035156,24838300
2023-12-13,369.56060791015625,374.3699951171875,377.6400146484375,370.7699890136719,376.0199890136719,30955500
2023-12-14,361.22900390625,365.9299926757813,373.760009765625,364.1300048828125,373.30999755859375,43277500
2023-12-15,365.9673767089844,370.7300109863281,372.3999938964844,366.2799987792969,366.8500061035156,78502300
2023-12-18,367.8626708984375,372.6499938964844,373.0,368.6799926757813,369.4500122070313,21802900
2023-12-19,368.46484375,373.260009765625,373.260009765625,369.8399963378906,371.489990234375,20603700
2023-12-20,365.8587341308594,370.6199951171875,376.0299987792969,370.5299987792969,375.0,26316700
2023-12-21,368.74127197265625,373.5400085449219,374.4100036621094,370.0400085449219,372.55999755859375,17708000
2023-12-22,369.7678833007813,374.5799865722656,375.1799926757813,372.7099914550781,373.6799926757813,17107500
2023-12-26,369.8468933105469,374.6600036621094,376.9400024414063,373.5,375.0,12673100
2023-12-27,369.2644653320313,374.0700073242188,375.05999755859375,372.80999755859375,373.6900024414063,14905400
2023-12-28,370.4588928222656,375.2799987792969,376.4599914550781,374.1600036621094,375.3699951171875,14327000
2023-12-29,371.2091064453125,376.0400085449219,377.1600036621094,373.4800109863281,376.0,18730800
2024-01-02,366.1055603027344,370.8699951171875,375.8999938964844,366.7699890136719,373.8599853515625,25258600
2024-01-03,365.8390502929688,370.6000061035156,373.260009765625,368.510009765625,369.010009765625,23083500
2024-01-04,363.2131958007813,367.9400024414063,373.1000061035156,367.1700134277344,370.6700134277344,20901500
2024-01-05,363.0256042480469,367.75,372.05999755859375,366.5,368.9700012207031,21004600
2024-01-08,369.8764953613281,374.6900024414063,375.2000122070313,369.010009765625,369.2999877929688,23134000
2024-01-09,370.96234130859375,375.7900085449219,375.989990234375,371.1900024414063,372.010009765625,20830000
2024-01-10,377.8526306152344,382.7699890136719,384.1700134277344,376.3200073242188,376.3699951171875,25514200
2024-01-11,379.6887817382813,384.6300048828125,390.6799926757813,380.3800048828125,386.0,27850800
2024-01-12,383.4794616699219,388.4700012207031,388.6799926757813,384.6499938964844,385.489990234375,21661200
2024-01-16,385.25628662109375,390.2699890136719,394.0299987792969,387.6199951171875,393.6600036621094,27202300
2024-01-17,384.4665832519531,389.4700012207031,390.1099853515625,384.80999755859375,387.9800109863281,22234100
2024-01-18,388.8100280761719,393.8699951171875,393.989990234375,390.1199951171875,391.7200012207031,23392100
2024-01-19,393.5484313964844,398.6700134277344,398.6700134277344,393.5,395.760009765625,29331100
2024-01-22,391.4161987304688,396.510009765625,400.6199951171875,393.5899963378906,400.0199890136719,27016900
2024-01-23,393.77545166015625,398.8999938964844,399.3800048828125,393.9299926757813,395.75,20525900
2024-01-24,397.3884887695313,402.55999755859375,405.6300048828125,400.4500122070313,401.5400085449219,24867000
2024-01-25,399.6687927246094,404.8699951171875,407.010009765625,402.5299987792969,404.3200073242188,21021200
2024-01-26,398.7408447265625,403.9299926757813,406.1700134277344,402.4299926757813,404.3699951171875,17803300
2024-01-29,404.4564514160156,409.7200012207031,409.9800109863281,404.3299865722656,406.05999755859375,24510200
2024-01-30,403.3409729003906,408.5899963378906,413.0499877929688,406.4500122070313,412.260009765625,33477600
2024-01-31,392.472412109375,397.5799865722656,415.3200073242188,397.2099914550781,406.9599914550781,47871100
2024-02-01,398.5928039550781,403.7799987792969,408.0,401.7999877929688,401.8299865722656,30657700
2024-02-02,405.9371948242188,411.2200012207031,412.6499938964844,403.55999755859375,403.80999755859375,28256700
2024-02-05,400.438720703125,405.6499938964844,411.1600036621094,403.989990234375,409.8999938964844,25352300
2024-02-06,400.28076171875,405.489990234375,407.9700012207031,402.9100036621094,405.8800048828125,18382600
2024-02-07,408.7308044433594,414.0499877929688,414.2999877929688,407.3999938964844,407.4400024414063,22340500
2024-02-08,408.7900085449219,414.1099853515625,415.55999755859375,412.5299987792969,414.0499877929688,21225300
2024-02-09,415.1473083496094,420.5499877929688,420.8200073242188,415.0899963378906,415.25,22032800
2024-02-12,409.9252624511719,415.260009765625,420.739990234375,414.75,420.55999755859375,21202900
2024-02-13,401.1001281738281,406.3200073242188,410.0700073242188,403.3900146484375,404.9400024414063,27824900
2024-02-14,404.9769287109375,409.489990234375,409.8399963378906,404.5700073242188,408.0700073242188,20401200
2024-02-15,402.0792236328125,406.55999755859375,409.1300048828125,404.2900085449219,408.1400146484375,21825500
2024-02-16,399.6067810058594,404.05999755859375,408.2900085449219,403.4400024414063,407.9599914550781,22296500
2024-02-20,398.3507995605469,402.7900085449219,404.489990234375,398.010009765625,403.239990234375,24307900
2024-02-21,397.7474670410156,402.1799926757813,402.2900085449219,397.2200012207031,400.1700134277344,18518900
2024-02-22,407.1131286621094,411.6499938964844,412.8299865722656,408.5700073242188,410.1900024414063,27009900
2024-02-23,405.8175659179688,410.3399963378906,415.8599853515625,408.9700012207031,415.6700134277344,16295900
2024-02-26,403.0484313964844,407.5400085449219,412.1600036621094,407.3599853515625,411.4599914550781,16193500
2024-02-27,402.9890747070313,407.4800109863281,408.3200073242188,403.8500061035156,407.989990234375,14835800
2024-02-28,403.2264404296875,407.7200012207031,409.2999877929688,405.3200073242188,408.1799926757813,13183100
2024-02-29,409.0812377929688,413.6400146484375,414.2000122070313,405.9200134277344,408.6400146484375,31947300
2024-03-01,410.9206848144531,415.5,415.8699951171875,410.8800048828125,411.2699890136719,17823400
2024-03-04,410.34710693359375,414.9200134277344,417.3500061035156,412.3200073242188,413.4400024414063,17596000
2024-03-05,398.2122802734375,402.6499938964844,414.25,400.6400146484375,413.9599914550781,26919200
2024-03-06,397.658447265625,402.0899963378906,405.1600036621094,398.3900146484375,402.9700012207031,22344100
2024-03-07,404.6308288574219,409.1400146484375,409.7799987792969,402.239990234375,406.1199951171875,18718500
2024-03-08,401.7429809570313,406.2200012207031,410.4200134277344,404.3299865722656,407.9599914550781,18002200
2024-03-11,400.0616760253906,404.5199890136719,405.6799926757813,401.260009765625,403.760009765625,16120800
2024-03-12,410.7030944824219,415.2799987792969,415.5700073242188,406.7900085449219,407.6199951171875,22457000
2024-03-13,410.525146484375,415.1000061035156,418.1799926757813,411.4500122070313,418.1000061035156,17115900
2024-03-14,420.5335693359375,425.2200012207031,427.8200073242188,417.989990234375,420.239990234375,34157300
2024-03-15,411.83056640625,416.4200134277344,422.6000061035156,412.7900085449219,419.2900085449219,45079900
2024-03-18,412.72064208984375,417.3200073242188,420.7300109863281,413.7799987792969,414.25,20106000
2024-03-19,416.76556396484375,421.4100036621094,421.6700134277344,415.5499877929688,417.8299865722656,19837900
2024-03-20,420.5434875488281,425.2300109863281,425.9599914550781,420.6600036621094,422.0,17860100
2024-03-21,424.6378479003906,429.3699951171875,430.8200073242188,427.1600036621094,429.8299865722656,21296200
2024-03-22,424.0147705078125,428.739990234375,429.8599853515625,426.0700073242188,429.7000122070313,17648500
2024-03-25,418.1995544433594,422.8599853515625,427.4100036621094,421.6099853515625,425.239990234375,18060500
2024-03-26,417.00286865234375,421.6499938964844,425.989990234375,421.3500061035156,425.6099853515625,16725600
2024-03-27,416.7853393554688,421.4299926757813,424.4500122070313,419.010009765625,424.4400024414063,16705000
2024-03-28,416.0831604003906,420.7200012207031,421.8699951171875,419.1199951171875,420.9599914550781,21871200
2024-04-01,419.8907470703125,424.5700073242188,427.8900146484375,422.2200012207031,423.9500122070313,16316000
2024-04-02,416.7952270507813,421.4400024414063,422.3800048828125,417.8399963378906,420.1099853515625,17912000
2024-04-03,415.8161315917969,420.4500122070313,423.260009765625,419.0899963378906,419.7300109863281,16502300
2024-04-04,413.2744445800781,417.8800048828125,428.6700134277344,417.5700073242188,424.989990234375,19370900
2024-04-05,420.8302612304688,425.5199890136719,426.510009765625,418.3200073242188,420.010009765625,16554800
2024-04-08,419.9104919433594,424.5899963378906,427.2799987792969,423.2999877929688,425.1700134277344,14272400
2024-04-09,421.5818481445313,426.2799987792969,427.739990234375,421.6199951171875,426.4400024414063,12496900
2024-04-10,418.5951843261719,423.260009765625,424.0299987792969,419.7000122070313,422.1900024414063,16216600
2024-04-11,423.2137145996094,427.9299926757813,429.3699951171875,422.3599853515625,425.8200073242188,17966400
2024-04-12,417.2501831054688,421.8999938964844,425.1799926757813,419.7699890136719,424.0499877929688,19253800
2024-04-15,409.0812377929688,413.6400146484375,426.8200073242188,413.4299926757813,426.6000061035156,20273500
2024-04-16,410.0108337402344,414.5799865722656,418.3999938964844,413.7300109863281,414.5700073242188,16765600
2024-04-17,407.301025390625,411.8399963378906,418.8800048828125,410.3299865722656,417.25,15855500
2024-04-18,399.814453125,404.2699890136719,411.8900146484375,403.9500122070313,410.6300048828125,21029900
2024-04-19,394.7212219238281,399.1199951171875,405.4800109863281,397.7699890136719,404.0299987792969,30565800
2024-04-22,396.5409240722656,400.9599914550781,402.8500061035156,395.75,400.0799865722656,20286900
2024-04-23,403.0780944824219,407.5700073242188,408.2000122070313,403.05999755859375,404.239990234375,15734500
2024-04-24,404.5516357421875,409.05999755859375,412.4700012207031,406.7799987792969,409.55999755859375,15065300
2024-04-25,394.6421203613281,399.0400085449219,399.8900146484375,388.0299987792969,394.0299987792969,40586500
2024-04-26,401.84185791015625,406.3200073242188,413.0,405.760009765625,412.1700134277344,29694700
2024-04-29,397.8167419433594,402.25,406.3200073242188,399.1900024414063,405.25,19582100
2024-04-30,385.0390930175781,389.3299865722656,402.1600036621094,389.1700134277344,401.489990234375,28781400
2024-05-01,390.5873107910156,394.9400024414063,401.7200012207031,390.30999755859375,392.6099853515625,23562500
2024-05-02,393.455322265625,397.8399963378906,399.9299926757813,394.6499938964844,397.6600036621094,17709400
2024-05-03,402.1781005859375,406.6600036621094,407.1499938964844,401.8599853515625,402.2799987792969,17446700
2024-05-06,408.9822998046875,413.5400085449219,413.9299926757813,406.3699951171875,408.760009765625,16996600
2024-05-07,404.8285827636719,409.3399963378906,414.6700134277344,409.0899963378906,414.6600036621094,20018200
2024-05-08,406.0153503417969,410.5400085449219,412.2300109863281,406.7099914550781,408.1700134277344,11792300
2024-05-09,407.7757568359375,412.3200073242188,412.7200012207031,409.1000061035156,410.5700073242188,14689700
2024-05-10,410.1690368652344,414.739990234375,415.3800048828125,411.7999877929688,412.9400024414063,13402300
2024-05-13,409.1603088378906,413.7200012207031,418.3500061035156,410.8200073242188,418.010009765625,15440200
2024-05-14,411.9690246582031,416.55999755859375,417.489990234375,411.5499877929688,412.0199890136719,15109300
2024-05-15,419.1718444824219,423.0799865722656,423.80999755859375,417.2699890136719,417.8999938964844,22239500
2024-05-16,417.1011962890625,420.989990234375,425.4200134277344,420.3500061035156,421.7999877929688,17530100
2024-05-17,416.3283386230469,420.2099914550781,422.9200134277344,418.0299987792969,422.5400085449219,15352200
2024-05-20,421.4110107421875,425.3399963378906,426.7699890136719,419.989990234375,420.2099914550781,16272100
2024-05-21,425.0768127441406,429.0400085449219,432.9700012207031,424.8500061035156,426.8299865722656,21453300
2024-05-22,426.5431518554688,430.5199890136719,432.4100036621094,427.1300048828125,430.0899963378906,18073700
2024-05-23,423.0556335449219,427.0,433.6000061035156,425.4200134277344,432.9700012207031,17211700
2024-05-24,426.18646240234375,430.1600036621094,431.05999755859375,424.4100036621094,427.1900024414063,11855300
2024-05-28,426.3450012207031,430.3200073242188,430.8200073242188,426.6000061035156,429.6300048828125,15718000
2024-05-29,425.2055969238281,429.1700134277344,430.9400024414063,425.6900024414063,425.6900024414063,15517100
2024-05-30,410.8395690917969,414.6700134277344,424.2999877929688,414.239990234375,424.2999877929688,28394500
2024-05-31,411.2952880859375,415.1300048828125,416.75,404.510009765625,416.75,47995300
2024-06-03,409.7001647949219,413.5199890136719,416.4299926757813,408.9200134277344,415.5299987792969,17484700
2024-06-04,412.22662353515625,416.0700073242188,416.4400024414063,409.6799926757813,412.4299926757813,14348900
2024-06-05,420.09326171875,424.010009765625,424.0799865722656,416.2999877929688,417.80999755859375,16988000
2024-06-06,420.5985412597656,424.5199890136719,425.30999755859375,420.5799865722656,424.010009765625,14861300
2024-06-07,419.9347839355469,423.8500061035156,426.2799987792969,423.0,426.2000122070313,13621700
2024-06-10,423.9176025390625,427.8699951171875,428.0799865722656,423.8900146484375,424.7000122070313,13982900
2024-06-11,428.6831665039063,432.6799926757813,432.8200073242188,425.25,425.4800109863281,14551100
2024-06-12,436.9857482910156,441.05999755859375,443.3999938964844,433.25,435.3200073242188,22366200
2024-06-13,437.5010070800781,441.5799865722656,443.3900146484375,439.3699951171875,440.8500061035156,15960600
2024-06-14,438.4818420410156,442.5700073242188,443.1400146484375,436.7200012207031,438.2799987792969,13582000
2024-06-17,444.2282409667969,448.3699951171875,450.9400024414063,440.7200012207031,442.5899963378906,20790000
2024-06-18,442.2170104980469,446.3399963378906,450.1400146484375,444.8900146484375,449.7099914550781,17112500
2024-06-20,441.5829162597656,445.7000122070313,446.5299987792969,441.2699890136719,446.2999877929688,19877400
2024-06-21,445.625244140625,449.7799987792969,450.5799865722656,446.510009765625,447.3800048828125,34187100
2024-06-24,443.5347595214844,447.6700134277344,452.75,446.4100036621094,449.7999877929688,15913700
2024-06-25,446.784423828125,450.9500122070313,451.4200134277344,446.75,448.25,16413400
2024-06-26,447.9832458496094,452.1600036621094,453.6000061035156,448.1900024414063,449.0,16507000
2024-06-27,448.6668701171875,452.8500061035156,456.1700134277344,451.7699890136719,452.1799926757813,14806300
2024-06-28,442.8213806152344,446.9500122070313,455.3800048828125,446.4100036621094,453.0700073242188,28362300
2024-07-01,452.5110168457031,456.7300109863281,457.3699951171875,445.6600036621094,448.6600036621094,17662800
2024-07-02,455.0374450683594,459.2799987792969,459.5899963378906,453.1099853515625,453.2000122070313,13979800
2024-07-03,456.513671875,460.7699890136719,461.0199890136719,457.8800048828125,458.1900024414063,9932800
2024-07-05,463.240966796875,467.55999755859375,468.3500061035156,458.9700012207031,459.6099853515625,16000300
2024-07-08,461.9331665039063,466.239990234375,467.7000122070313,464.4599914550781,466.5499877929688,12962300
2024-07-09,455.2950744628906,459.5400085449219,467.3299865722656,458.0,467.0,17207200
2024-07-10,461.9430847167969,466.25,466.4599914550781,458.8599853515625,461.2200012207031,18196100
2024-07-11,450.499755859375,454.7000122070313,464.7799987792969,451.5499877929688,462.9800109863281,23111200
2024-07-12,449.3603515625,453.5499877929688,456.3599853515625,450.6499938964844,454.3299865722656,16324300
2024-07-15,449.76666259765625,453.9599914550781,457.260009765625,451.4299926757813,453.2999877929688,14429400
2024-07-16,445.3676452636719,449.5199890136719,454.2999877929688,446.6600036621094,454.2200012207031,17175700
2024-07-17,439.4230346679688,443.5199890136719,444.8500061035156,439.1799926757813,442.5899963378906,21778000
2024-07-18,436.3021240234375,440.3699951171875,444.6499938964844,434.3999938964844,444.3399963378906,20794800
2024-07-19,433.072265625,437.1099853515625,441.1400146484375,432.0,433.1000061035156,20940400
2024-07-22,438.8484191894531,442.9400024414063,444.6000061035156,438.9100036621094,441.7900085449219,15808800
2024-07-23,440.7407836914063,444.8500061035156,448.3900146484375,443.1000061035156,443.8999938964844,13107100
2024-07-24,424.9381103515625,428.8999938964844,441.4800109863281,427.5899963378906,440.4500122070313,26805800
2024-07-25,414.5350646972656,418.3999938964844,429.7999877929688,417.510009765625,428.7999877929688,29943800
2024-07-26,421.3416137695313,425.2699890136719,428.9200134277344,417.2699890136719,418.2000122070313,23583800
2024-07-29,422.78814697265625,426.7300109863281,432.1499938964844,424.7000122070313,431.5799865722656,15125800
2024-07-30,419.0133361816406,422.9200134277344,429.0499877929688,417.3599853515625,427.7200012207031,32687600
2024-07-31,414.485595703125,418.3500061035156,421.7799987792969,412.2099914550781,420.5,42891400
2024-08-01,413.2569885253906,417.1099853515625,427.4599914550781,413.0899963378906,420.7900085449219,30296400
2024-08-02,404.7166137695313,408.489990234375,415.0,404.3399963378906,412.489990234375,29437900
2024-08-05,391.4998474121094,395.1499938964844,401.0400085449219,385.5799865722656,389.1700134277344,40709200
2024-08-06,395.9186706542969,399.6099853515625,405.6700134277344,398.5,400.0,24946500
2024-08-07,394.7495422363281,398.4299926757813,410.0799865722656,397.4700012207031,408.6400146484375,20650900
2024-08-08,398.9701843261719,402.6900024414063,405.8599853515625,399.9400024414063,402.4400024414063,20203000
2024-08-09,402.2694091796875,406.0199890136719,408.0499877929688,402.260009765625,404.0299987792969,19276700
2024-08-12,403.0521545410156,406.80999755859375,408.760009765625,404.239990234375,407.05999755859375,16762900
2024-08-13,410.1856384277344,414.010009765625,414.9500122070313,409.5700073242188,409.5899963378906,19414300
2024-08-14,413.0093383789063,416.8599853515625,417.7200012207031,412.4500122070313,414.7999877929688,18267000
2024-08-15,417.8926696777344,421.0299987792969,421.1099853515625,417.6600036621094,419.7999877929688,20752100
2024-08-16,415.3517150878906,418.4700012207031,421.3399963378906,417.2999877929688,420.6000061035156,22775600
2024-08-19,418.388916015625,421.5299987792969,421.75,416.4599914550781,418.9599914550781,15234000
2024-08-20,421.6345520019531,424.7999877929688,425.8599853515625,421.6400146484375,421.7000122070313,16387600
2024-08-21,420.9794921875,424.1400146484375,426.3999938964844,421.7200012207031,424.0799865722656,16067300
2024-08-22,412.4534912109375,415.5499877929688,426.7900085449219,414.6099853515625,424.3599853515625,19361900
2024-08-23,413.6842346191406,416.7900085449219,419.260009765625,412.0899963378906,416.9800109863281,18493800
2024-08-26,410.4088439941406,413.489990234375,417.2799987792969,411.3399963378906,416.3699951171875,13152800
2024-08-27,410.7562255859375,413.8399963378906,414.3599853515625,410.25,412.8599853515625,13492900
2024-08-28,407.5404052734375,410.6000061035156,415.0,407.30999755859375,414.8800048828125,14882700
2024-08-29,410.0416259765625,413.1199951171875,422.0499877929688,410.6000061035156,414.9400024414063,17045200
2024-08-30,414.0316467285156,417.1400146484375,417.489990234375,412.1300048828125,415.6000061035156,24308300
2024-09-03,406.3890380859375,409.4400024414063,419.8800048828125,407.0299987792969,417.9100036621094,20313600
2024-09-04,405.8530578613281,408.8999938964844,411.239990234375,404.3699951171875,405.9100036621094,15135800
2024-09-05,405.3468322753906,408.3900146484375,413.1000061035156,406.1300048828125,407.6199951171875,14195500
2024-09-06,398.7066955566406,401.7000122070313,410.6499938964844,400.7999877929688,409.05999755859375,19609500
2024-09-09,402.69671630859375,405.7200012207031,408.6499938964844,402.1499938964844,407.239990234375,15295100
2024-09-10,411.1135559082031,414.2000122070313,416.3299865722656,407.7000122070313,408.2000122070313,19594300
2024-09-11,419.8876953125,423.0400085449219,423.989990234375,409.5799865722656,415.5,19266900
2024-09-12,423.8181762695313,427.0,427.3699951171875,419.75,423.30999755859375,17395700
2024-09-13,427.3814086914063,430.5899963378906,431.8299865722656,425.4599914550781,425.8299865722656,15874600
2024-09-16,428.1258544921875,431.3399963378906,433.5299987792969,428.2200012207031,430.6000061035156,13834700
2024-09-17,431.9074401855469,435.1499938964844,441.8500061035156,432.2699890136719,440.2300109863281,18874200
2024-09-18,427.5997924804688,430.80999755859375,436.0299987792969,430.4100036621094,435.0,18898000
2024-09-19,435.4210815429688,438.6900024414063,441.5,436.8999938964844,441.2300109863281,21706600
2024-09-20,432.0265502929688,435.2699890136719,439.239990234375,434.2200012207031,437.2200012207031,55167100
2024-09-23,430.2796630859375,433.510009765625,436.4599914550781,430.3900146484375,434.2799987792969,15128900
2024-09-24,425.9720153808594,429.1700134277344,433.3500061035156,426.1000061035156,433.0,17015800
2024-09-25,428.89007568359375,432.1099853515625,433.1199951171875,428.5700073242188,429.8299865722656,13396400
2024-09-26,428.0960388183594,431.30999755859375,435.2999877929688,429.1300048828125,435.0899963378906,14492000
2024-09-27,424.8305358886719,428.0199890136719,431.8500061035156,427.4700012207031,431.5199890136719,14896100
2024-09-30,427.0935363769531,430.2999877929688,430.4200134277344,425.3699951171875,428.2099914550781,16807300
2024-10-01,417.55517578125,420.6900024414063,428.4800109863281,418.80999755859375,428.4500122070313,19092900
2024-10-02,414.021728515625,417.1300048828125,422.8200073242188,416.7099914550781,422.5799865722656,16582300
2024-10-03,413.4361267089844,416.5400085449219,419.5499877929688,414.2900085449219,417.6300048828125,13686400
2024-10-04,412.9596862792969,416.05999755859375,419.75,414.9700012207031,418.239990234375,19169700
2024-10-07,406.4883117675781,409.5400085449219,417.1099853515625,409.0,416.0,20919800
2024-10-08,411.6197814941406,414.7099914550781,415.6600036621094,408.1700134277344,410.8999938964844,19229300
2024-10-09,414.3492431640625,417.4599914550781,420.3800048828125,414.2999877929688,415.8599853515625,14974300
2024-10-10,412.7413330078125,415.8399963378906,417.3500061035156,413.1499938964844,415.2300109863281,13848400
2024-10-11,413.2177429199219,416.3200073242188,417.1300048828125,413.25,416.1400146484375,14144900
2024-10-14,416.0167541503906,419.1400146484375,424.0400085449219,417.5199890136719,417.7699890136719,16653100
2024-10-15,415.6197204589844,418.739990234375,422.4800109863281,415.260009765625,422.1799926757813,18900200
2024-10-16,413.0192260742188,416.1199951171875,416.3599853515625,410.4800109863281,415.1700134277344,15508900
2024-10-17,413.6147766113281,416.7200012207031,422.5,415.5899963378906,422.3599853515625,14820000
2024-10-18,415.0440673828125,418.1600036621094,419.6499938964844,416.260009765625,417.1400146484375,17145300
2024-10-21,415.659423828125,418.7799987792969,418.9599914550781,413.75,416.1199951171875,14206100
2024-10-22,424.3244018554688,427.510009765625,430.5799865722656,418.0400085449219,418.489990234375,25482200
2024-10-23,421.4360656738281,424.6000061035156,431.0799865722656,422.5299987792969,430.8599853515625,19654400
2024-10-24,421.5651245117188,424.7300109863281,425.9800109863281,422.3999938964844,425.3299865722656,13581600
2024-10-25,424.9596252441406,428.1499938964844,432.5199890136719,426.5700073242188,426.760009765625,16899100
2024-10-28,423.4112243652344,426.5899963378906,431.9400024414063,426.2999877929688,431.6600036621094,14882400
2024-10-29,428.7313232421875,431.9500122070313,433.1700134277344,425.7999877929688,428.0,17644100
2024-10-30,429.3069763183594,432.5299987792969,438.5,432.1000061035156,437.4400024414063,29749100
2024-10-31,403.3220520019531,406.3500061035156,416.1600036621094,406.2999877929688,415.3599853515625,53971000
2024-11-01,407.3121032714844,410.3699951171875,415.5,407.5,409.010009765625,24230400
2024-11-04,405.4163208007813,408.4599914550781,410.4200134277344,405.5700073242188,409.7999877929688,19672300
2024-11-05,408.3939514160156,411.4599914550781,414.8999938964844,408.0799865722656,408.3699951171875,17626000
2024-11-06,417.0489501953125,420.1799926757813,420.4500122070313,410.5199890136719,412.4200134277344,26681800
2024-11-07,422.2598571777344,425.4299926757813,426.8500061035156,419.8800048828125,421.2799987792969,19901800
2024-11-08,419.3913879394531,422.5400085449219,426.5,421.7799987792969,425.3200073242188,16891400
2024-11-11,414.8951721191406,418.010009765625,424.80999755859375,416.0,422.5199890136719,24503300
2024-11-12,419.8777465820313,423.0299987792969,424.4400024414063,417.2000122070313,418.25,19401200
2024-11-13,422.0316162109375,425.2000122070313,429.3299865722656,418.2099914550781,421.6400146484375,21502200
2024-11-14,423.7090148925781,426.8900146484375,428.1700134277344,420.0,425.0,30246900
2024-11-15,411.9075927734375,415.0,422.7999877929688,413.6400146484375,419.8200073242188,28247600
2024-11-18,412.6619567871094,415.760009765625,418.3999938964844,412.1000061035156,414.8699951171875,24727000
2024-11-19,414.67681884765625,417.7900085449219,417.9400024414063,411.5499877929688,413.1099853515625,18133500
2024-11-20,412.3939208984375,415.489990234375,417.2900085449219,410.5799865722656,416.8699951171875,19191700
2024-11-21,410.61370849609375,412.8699951171875,419.7799987792969,410.2900085449219,419.5,20780200
2024-11-22,414.72113037109375,417.0,417.3999938964844,411.05999755859375,411.3699951171875,24814600
2024-11-25,416.5013732910156,418.7900085449219,421.0799865722656,414.8500061035156,418.3800048828125,27691100
2024-11-26,425.6510925292969,427.989990234375,429.0400085449219,418.8500061035156,419.5899963378906,23458900
2024-11-27,420.6784362792969,422.989990234375,427.2300109863281,422.0199890136719,425.1099853515625,18332400
2024-11-29,421.1458435058594,423.4599914550781,424.8800048828125,417.7999877929688,420.0899963378906,16271900
2024-12-02,428.6247863769531,430.9800109863281,433.0,421.30999755859375,421.5700073242188,20207200
2024-12-03,428.8435668945313,431.2000122070313,432.4700012207031,427.739990234375,429.8399963378906,18302000
2024-12-04,435.0295715332031,437.4200134277344,439.6700134277344,432.6300048828125,433.0299987792969,26009400
2024-12-05,440.2011413574219,442.6199951171875,444.6600036621094,436.1700134277344,437.9200134277344,21697800
2024-12-06,441.1459655761719,443.5700073242188,446.1000061035156,441.7699890136719,442.2999877929688,18821000
2024-12-09,443.5825500488281,446.0199890136719,448.3299865722656,440.5,442.6000061035156,19144400
2024-12-10,440.9072570800781,443.3299865722656,449.6199951171875,441.6000061035156,444.3900146484375,18469500
2024-12-11,446.5363464355469,448.989990234375,450.3500061035156,444.0499877929688,444.0499877929688,19200200
2024-12-12,447.1032104492188,449.55999755859375,456.1600036621094,449.1099853515625,449.1099853515625,20834800
2024-12-13,444.8257141113281,447.2699890136719,451.4299926757813,445.5799865722656,448.4400024414063,20177800
2024-12-16,449.1221008300781,451.5899963378906,452.1799926757813,445.2799987792969,447.2699890136719,23598800
2024-12-17,451.9764099121094,454.4599914550781,455.2900085449219,449.5700073242188,451.010009765625,22733500
2024-12-18,434.999755859375,437.3900146484375,452.6499938964844,437.0199890136719,451.3200073242188,24444500
2024-12-19,434.6416931152344,437.0299987792969,443.1799926757813,436.3200073242188,441.6199951171875,22963700
2024-12-20,434.2140808105469,436.6000061035156,443.739990234375,428.6300048828125,433.1099853515625,64263700
2024-12-23,432.8714294433594,435.25,437.6499938964844,432.8299865722656,436.739990234375,19152500
2024-12-24,436.9291076660156,439.3299865722656,439.6000061035156,434.1900024414063,434.6499938964844,7164500
2024-12-26,435.7157897949219,438.1099853515625,440.9400024414063,436.6300048828125,439.0799865722656,8194200
2024-12-27,428.1772155761719,430.5299987792969,435.2200012207031,426.3500061035156,434.6000061035156,18117700
2024-12-30,422.5083618164063,424.8299865722656,427.5499877929688,421.8999938964844,426.05999755859375,13158700
2024-12-31,419.1965637207031,421.5,426.7300109863281,420.6600036621094,426.1000061035156,13246500
2025-01-02,416.2925109863281,418.5799865722656,426.0700073242188,414.8500061035156,425.5299987792969,16896500
2025-01-03,421.0364379882813,423.3500061035156,424.0299987792969,419.5400085449219,421.0799865722656,16662900
2025-01-06,425.5118713378906,427.8500061035156,434.3200073242188,425.4800109863281,428.0,20573600
2025-01-07,420.0617980957031,422.3699951171875,430.6499938964844,420.7999877929688,429.0,18139100
2025-01-08,422.2398071289063,424.55999755859375,426.9700012207031,421.5400085449219,423.4599914550781,15054600
2025-01-10,416.6604919433594,418.9500122070313,424.7099914550781,415.0199890136719,424.6300048828125,20201100
2025-01-13,414.9101257324219,417.1900024414063,418.5,412.2900085449219,415.239990234375,17604800
2025-01-14,413.3984375,415.6700134277344,419.739990234375,410.7200012207031,417.80999755859375,16935900
2025-01-15,423.9802551269531,426.30999755859375,428.1499938964844,418.2699890136719,419.1300048828125,19637800
2025-01-16,422.25970458984375,424.5799865722656,429.489990234375,424.3900146484375,428.7000122070313,15300000
2025-01-17,426.6853942871094,429.0299987792969,434.4800109863281,428.1700134277344,434.0899963378906,26197500
2025-01-21,426.1583251953125,428.5,430.8999938964844,425.6000061035156,430.2000122070313,26085700
2025-01-22,443.7615966796875,446.2000122070313,447.2699890136719,436.0,437.55999755859375,27803800
2025-01-23,444.2687683105469,446.7099914550781,446.75,441.5,442.0,18389300
2025-01-24,441.63330078125,444.05999755859375,446.6499938964844,441.3999938964844,445.1600036621094,15549500
2025-01-27,432.1851806640625,434.55999755859375,435.2000122070313,423.5,424.010009765625,35647800
2025-01-28,444.7561340332031,447.2000122070313,448.3800048828125,431.3800048828125,434.6000061035156,23491700
2025-01-29,439.9126892089844,442.3299865722656,446.8800048828125,440.3999938964844,446.6900024414063,23581400
2025-01-30,412.7221374511719,414.989990234375,422.8599853515625,413.1600036621094,418.7699890136719,54586300
2025-01-31,412.791748046875,415.05999755859375,420.6900024414063,414.9100036621094,418.9800109863281,34161900
2025-02-03,408.6744384765625,410.9200134277344,415.4100036621094,408.6600036621094,411.6000061035156,25679100
2025-02-04,410.116455078125,412.3699951171875,413.9200134277344,409.739990234375,412.6900024414063,20532100
2025-02-05,411.0314331054688,413.2900085449219,413.8299865722656,410.3999938964844,412.3500061035156,16316700
2025-02-06,413.5475769042969,415.8200073242188,418.2000122070313,414.0,414.0,16309800
2025-02-07,407.5107727050781,409.75,418.6499938964844,408.1000061035156,416.4800109863281,22886800
2025-02-10,409.96728515625,412.2200012207031,415.4599914550781,410.9200134277344,413.7099914550781,20817900
2025-02-11,409.1915588378906,411.4400024414063,412.489990234375,409.2999877929688,409.6400146484375,18140600
2025-02-12,406.80462646484375,409.0400085449219,410.75,404.3699951171875,407.2099914550781,19121700
2025-02-13,408.2964477539063,410.5400085449219,411.0,406.3599853515625,407.0,23891700
2025-02-14,406.1979675292969,408.4299926757813,408.9100036621094,405.8800048828125,407.7900085449219,22758500
2025-02-18,407.4013671875,409.6400146484375,410.6000061035156,406.5,408.0,21423100
2025-02-19,412.5033264160156,414.7699890136719,415.489990234375,407.6499938964844,407.8800048828125,24114200
2025-02-20,414.6857604980469,416.1300048828125,419.30999755859375,412.5400085449219,415.2900085449219,23508700
2025-02-21,406.793212890625,408.2099914550781,418.0499877929688,407.8900146484375,417.3399963378906,27524800
2025-02-24,402.5978393554688,404.0,409.3699951171875,399.3200073242188,408.510009765625,26443700
2025-02-25,396.51898193359375,397.8999938964844,401.9200134277344,396.7000122070313,401.1000061035156,29387400
2025-02-26,398.3426513671875,399.7300109863281,403.6000061035156,394.25,398.010009765625,19619000
2025-02-27,391.1676635742188,392.5299987792969,405.739990234375,392.1700134277344,401.2699890136719,21127400
2025-02-28,395.6121520996094,396.989990234375,397.6300048828125,386.5700073242188,392.6600036621094,32845700
2025-03-03,387.14166259765625,388.489990234375,398.8200073242188,386.1600036621094,398.8200073242188,23007700
2025-03-04,387.26123046875,388.6099853515625,392.5799865722656,381.0,383.3999938964844,29342900
2025-03-05,399.628173828125,401.0199890136719,401.6700134277344,388.80999755859375,389.3399963378906,23433100
2025-03-06,395.5125427246094,396.8900146484375,402.1499938964844,392.6799926757813,394.2799987792969,23304600
2025-03-07,391.9449462890625,393.30999755859375,394.7999877929688,385.5400085449219,392.3200073242188,22034100
2025-03-10,378.8406066894531,380.1600036621094,386.3999938964844,377.2200012207031,385.8399963378906,32840100
2025-03-11,379.1295776367188,380.4500122070313,386.0,376.9100036621094,379.0,30380200
2025-03-12,381.9397888183594,383.2699890136719,385.2200012207031,378.9500122070313,382.9500122070313,24253600
2025-03-13,377.4553833007813,378.7699890136719,385.3200073242188,377.4500122070313,383.1600036621094,20473000
2025-03-14,387.21142578125,388.55999755859375,390.2300109863281,379.510009765625,379.7799987792969,19952800
2025-03-17,387.3509521484375,388.7000122070313,392.7099914550781,385.5700073242188,386.7000122070313,22474300
2025-03-18,382.18890380859375,383.5199890136719,387.3699951171875,381.1000061035156,387.0700073242188,19486900
2025-03-19,386.4740295410156,387.8200073242188,389.6799926757813,384.0,385.5299987792969,19185500
2025-03-20,385.4973754882813,386.8399963378906,391.7900085449219,383.2799987792969,385.739990234375,18470500
2025-03-21,389.9020690917969,391.260009765625,391.739990234375,382.7999877929688,383.2200012207031,39675900
2025-03-24,391.7157287597656,393.0799865722656,395.3999938964844,389.80999755859375,395.3999938964844,21004500
2025-03-25,393.7885437011719,395.1600036621094,396.3599853515625,392.6400146484375,393.9200134277344,15775000
2025-03-26,388.6165466308594,389.9700012207031,395.30999755859375,388.5700073242188,395.0,16108400
2025-03-27,389.2243957519531,390.5799865722656,392.239990234375,387.3999938964844,390.1300048828125,13766800
2025-03-28,377.48529052734375,378.7999877929688,389.1300048828125,376.9299926757813,388.0799865722656,21632000
2025-03-31,374.087158203125,375.3900146484375,377.0700073242188,367.239990234375,372.5400085449219,35184700
2025-04-01,380.8635559082031,382.1900024414063,382.8500061035156,373.2300109863281,374.6499938964844,19689500
2025-04-02,380.813720703125,382.1400146484375,385.0799865722656,376.6199951171875,377.9700012207031,16092600
2025-04-03,371.8150329589844,373.1099853515625,377.4800109863281,369.3500061035156,374.7900085449219,30198000
2025-04-04,358.59112548828125,359.8399963378906,374.5899963378906,359.4800109863281,364.1300048828125,49209900
2025-04-07,356.61798095703125,357.8599853515625,371.0,344.7900085449219,350.8800048828125,50425000
2025-04-08,353.3294372558594,354.5599975585937,373.6499938964844,350.25,368.260009765625,35868900
2025-04-09,389.13470458984375,390.489990234375,393.2300109863281,353.1000061035156,353.5400085449219,50199700
2025-04-10,380.0264587402344,381.3500061035156,383.8999938964844,367.7999877929688,382.05999755859375,38024400
2025-04-11,387.1018371582031,388.4500122070313,390.0499877929688,378.8900146484375,380.6400146484375,23839200
2025-04-14,386.4640197753906,387.80999755859375,394.6499938964844,384.2099914550781,393.2200012207031,19251200
2025-04-15,384.3912658691406,385.7300109863281,391.8900146484375,384.1600036621094,388.510009765625,17199900
2025-04-16,370.32025146484375,371.6099853515625,381.6099853515625,368.0,380.6700134277344,21967800
2025-04-17,366.5035400390625,367.7799987792969,374.3200073242188,366.8900146484375,373.75,21120200
2025-04-21,357.87359619140625,359.1199951171875,364.4800109863281,355.6700134277344,362.8200073242188,20807300
2025-04-22,365.5469055175781,366.8200073242188,367.7699890136719,359.8599853515625,363.3800048828125,19485000
2025-04-23,373.0906066894531,374.3900146484375,380.3900146484375,373.0199890136719,376.05999755859375,20545500
2025-04-24,385.9557800292969,387.2999877929688,388.4500122070313,375.1900024414063,375.7000122070313,22232300
2025-04-25,390.4900207519531,391.8500061035156,392.1600036621094,384.6000061035156,387.0,18973200
2025-04-28,389.8023986816406,391.1600036621094,392.739990234375,386.6400146484375,391.9599914550781,16579400
2025-04-29,392.6724243164063,394.0400085449219,395.1000061035156,390.3800048828125,391.2999877929688,14974000
2025-04-30,393.88818359375,395.260009765625,396.6600036621094,384.4400024414063,390.2999877929688,36461100
2025-05-01,423.9235534667969,425.3999938964844,436.989990234375,424.8999938964844,431.1099853515625,58938100
2025-05-02,433.769287109375,435.2799987792969,439.4400024414063,429.989990234375,431.739990234375,30757400
2025-05-05,434.65618896484375,436.1700134277344,439.5,432.1099853515625,432.8699951171875,20136100
2025-05-06,431.8061218261719,433.30999755859375,437.7300109863281,431.1700134277344,432.2000122070313,15104200
2025-05-07,431.8459777832031,433.3500061035156,438.1199951171875,431.1099853515625,433.8399963378906,23295300
2025-05-08,436.6492614746094,438.1700134277344,443.6700134277344,435.6600036621094,437.9299926757813,23491300
2025-05-09,437.2073364257813,438.7300109863281,440.739990234375,435.8800048828125,440.0,15324200
2025-05-12,447.7007446289063,449.260009765625,449.3699951171875,439.7799987792969,445.9400024414063,22821900
2025-05-13,447.5812072753906,449.1400146484375,450.6700134277344,445.3599853515625,447.7799987792969,23618800
2025-05-14,451.3679809570313,452.9400024414063,453.8999938964844,448.1400146484375,448.1400146484375,19902800
2025-05-15,452.3863220214844,453.1300048828125,456.1900024414063,450.4299926757813,450.7699890136719,21992300
2025-05-16,453.5244445800781,454.2699890136719,454.3599853515625,448.7300109863281,452.0499877929688,23849800
2025-05-19,458.1168823242188,458.8699951171875,459.5899963378906,450.7999877929688,450.8800048828125,21336500
2025-05-20,457.4180603027344,458.1700134277344,458.3399963378906,454.3200073242188,455.5899963378906,15441800
2025-05-21,451.8272399902344,452.5700073242188,457.7799987792969,451.80999755859375,454.5700073242188,19216900
2025-05-22,454.1134643554688,454.8599853515625,460.25,453.8999938964844,454.9500122070313,18025600
2025-05-23,449.441162109375,450.1799926757813,453.6900024414063,448.9100036621094,449.9800109863281,16883500
2025-05-27,459.9338989257813,460.6900024414063,460.9500122070313,456.1199951171875,456.4800109863281,20974300
2025-05-28,456.609375,457.3599853515625,462.5199890136719,456.9299926757813,461.2200012207031,17086300
2025-05-29,457.9272155761719,458.6799926757813,461.7200012207031,455.30999755859375,461.5499877929688,13974800
2025-05-30,459.60443115234375,460.3599853515625,461.6799926757813,455.5400085449219,459.7200012207031,34770500
2025-06-02,461.2118225097656,461.9700012207031,462.1099853515625,456.8900146484375,457.1400146484375,16626500
2025-06-03,462.2101745605469,462.9700012207031,464.1400146484375,460.8599853515625,461.4700012207031,15743800
2025-06-04,463.1086730957031,463.8699951171875,465.6900024414063,463.0199890136719,464.0,14162700
2025-06-05,466.9124145507813,467.6799926757813,469.6499938964844,464.0299987792969,464.9599914550781,20131700
2025-06-06,469.6080017089844,470.3800048828125,473.3399963378906,468.7799987792969,470.0899963378906,15285600
2025-06-09,471.97412109375,472.75,473.4299926757813,468.6199951171875,469.7000122070313,16469900
2025-06-10,470.1471252441406,470.9200134277344,472.7999877929688,466.9599914550781,471.1900024414063,15375900
2025-06-11,471.8443298339844,472.6199951171875,475.4700012207031,469.6600036621094,470.0199890136719,16399200
2025-06-12,478.0840759277344,478.8699951171875,480.4200134277344,473.5199890136719,475.0199890136719,18950600
2025-06-13,474.1804809570313,474.9599914550781,479.1799926757813,472.760009765625,476.4100036621094,16814500
2025-06-16,478.3536376953125,479.1400146484375,480.6900024414063,475.0,475.2099914550781,15626100
2025-06-17,477.2554321289063,478.0400085449219,478.739990234375,474.0799865722656,475.3999938964844,15414100
2025-06-18,479.4518127441406,480.239990234375,481.0,474.4599914550781,478.0,17526500
2025-06-20,476.6164855957031,477.3999938964844,483.4599914550781,476.8699951171875,482.2300109863281,37576200
2025-06-23,485.2023620605469,486.0,487.75,472.510009765625,478.2099914550781,24864000
2025-06-24,489.30560302734375,490.1099853515625,491.8500061035156,486.7999877929688,488.9500122070313,22305600
2025-06-25,491.4620666503906,492.2699890136719,494.55999755859375,489.3900146484375,492.0400085449219,17495100
2025-06-26,496.6335754394531,497.4500122070313,498.0400085449219,492.80999755859375,492.9800109863281,21578900
2025-06-27,495.1260681152344,495.9400024414063,499.2999877929688,493.0299987792969,497.5499877929688,34539200
2025-06-30,496.5936584472656,497.4100036621094,500.760009765625,495.3299865722656,497.0400085449219,28369000
2025-07-01,491.242431640625,492.0499877929688,498.0499877929688,490.9800109863281,496.4700012207031,19945400
2025-07-02,490.2840270996094,491.0899963378906,493.5,488.7000122070313,489.989990234375,16319600
2025-07-03,498.0213012695313,498.8399963378906,500.1300048828125,493.4400024414063,493.80999755859375,13984800
2025-07-07,496.9031372070313,497.7200012207031,498.75,495.2300109863281,497.3800048828125,13981600
2025-07-08,495.804931640625,496.6199951171875,498.2000122070313,494.1099853515625,497.239990234375,11846600
2025-07-09,502.68365478515625,503.510009765625,506.7799987792969,499.739990234375,500.2999877929688,18659500
2025-07-10,500.656982421875,501.4800109863281,504.4400024414063,497.75,503.0499877929688,16492100
2025-07-11,502.4939575195313,503.3200073242188,505.0299987792969,497.7999877929688,498.4700012207031,16459500
2025-07-14,502.1944274902344,503.0199890136719,503.9700012207031,501.0299987792969,501.5199890136719,12058800
2025-07-15,504.9898376464844,505.8200073242188,508.2999877929688,502.7900085449219,503.0199890136719,14927200
2025-07-16,504.7901611328125,505.6199951171875,506.7200012207031,501.8900146484375,505.1799926757813,15154400
2025-07-17,510.8601989746094,511.7000122070313,513.3699951171875,505.6199951171875,505.6799926757813,17503100
2025-07-18,509.212890625,510.0499877929688,514.6400146484375,507.4299926757813,514.47998046875,21209700
2025-07-21,509.2228698730469,510.05999755859375,512.0900268554688,505.5499877929688,506.7099914550781,14066800
2025-07-22,504.4407348632813,505.2699890136719,511.2000122070313,505.2699890136719,510.9700012207031,13868600
2025-07-23,505.0397644042969,505.8699951171875,506.7900085449219,500.7000122070313,506.75,16396600
2025-07-24,510.0415344238281,510.8800048828125,513.6699829101562,507.2999877929688,508.7699890136719,16107000
2025-07-25,512.866943359375,513.7100219726562,518.2899780273438,510.3599853515625,512.469970703125,19125700
2025-07-28,511.6588745117188,512.5,515.0,510.1199951171875,514.0800170898438,14308000
2025-07-29,511.728759765625,512.5700073242188,517.6199951171875,511.55999755859375,515.530029296875,16469200
2025-07-30,512.3976440429688,513.239990234375,515.9500122070312,509.4400024414063,515.1699829101562,26380400
2025-07-31,532.6243896484375,533.5,555.4500122070312,531.9000244140625,555.22998046875,51617300
2025-08-01,523.2498168945312,524.1099853515625,535.7999877929688,520.8599853515625,535.0,28977600
2025-08-04,534.7609252929688,535.6400146484375,538.25,528.1300048828125,528.27001953125,25349000
2025-08-05,526.8838500976562,527.75,537.2999877929688,527.239990234375,537.1799926757812,19171600
2025-08-06,524.0784912109375,524.9400024414062,531.7000122070312,524.030029296875,530.9000244140625,21355700
2025-08-07,519.9852294921875,520.8400268554688,528.0900268554688,517.5499877929688,526.7999877929688,16079100
2025-08-08,521.1832275390625,522.0399780273438,524.6599731445312,519.4099731445312,522.5999755859375,15531000
2025-08-11,520.9136962890625,521.77001953125,527.5900268554688,519.719970703125,522.2999877929688,20194400
2025-08-12,528.3713989257812,529.239990234375,530.97998046875,522.7000122070312,523.75,18667000
2025-08-13,519.7256469726562,520.5800170898438,532.7000122070312,519.3699951171875,532.1099853515625,19619200
2025-08-14,521.6224975585938,522.47998046875,525.9500122070312,520.1400146484375,522.5599975585938,20269100
2025-08-15,519.3162841796875,520.1699829101562,526.0999755859375,519.0800170898438,522.77001953125,25213300
2025-08-18,516.2512817382812,517.0999755859375,522.8200073242188,514.02001953125,521.5900268554688,23760600
2025-08-19,508.933349609375,509.7699890136719,515.1599731445312,508.5499877929688,515.0,21481000
2025-08-20,504.8900146484375,505.7200012207031,511.0,504.4400024414063,509.8699951171875,27723000
2025-08-21,504.239990234375,504.239990234375,507.6300048828125,502.7200012207031,503.6900024414063,18443300
2025-08-22,507.2300109863281,507.2300109863281,510.7300109863281,502.4100036621094,504.25,24324200
2025-08-25,504.260009765625,504.260009765625,508.1900024414063,504.1199951171875,506.6300048828125,21638600
2025-08-26,502.0400085449219,502.0400085449219,504.9800109863281,498.510009765625,504.3599853515625,30835700
2025-08-27,506.739990234375,506.739990234375,507.2900085449219,499.8999938964844,502.0,17277900
2025-08-28,509.6400146484375,509.6400146484375,511.0899963378906,505.5,507.0899963378906,18015600
2025-08-29,506.6900024414063,506.6900024414063,509.6000061035156,504.489990234375,508.6600036621094,20961600
2025-09-02,505.1199951171875,505.1199951171875,506.0,496.80999755859375,500.4700012207031,18128000
2025-09-03,505.3500061035156,505.3500061035156,507.7900085449219,502.3200073242188,503.7900085449219,16345100
2025-09-04,507.9700012207031,507.9700012207031,508.1499938964844,503.1499938964844,504.2999877929688,15509500
2025-09-05,495.0,495.0,511.9700012207031,492.3699951171875,509.0700073242188,31994800
2025-09-08,498.2000122070313,498.2000122070313,501.2000122070313,495.0299987792969,498.1099853515625,16771000
2025-09-09,498.4100036621094,498.4100036621094,502.25,497.7000122070313,501.4299926757813,14410500
2025-09-10,500.3699951171875,500.3699951171875,503.2300109863281,496.7200012207031,502.9800109863281,21611800
2025-09-11,501.010009765625,501.010009765625,503.1700134277344,497.8800048828125,502.25,18881600
2025-09-12,509.8999938964844,509.8999938964844,512.5499877929688,503.8500061035156,506.6499938964844,23624900
2025-09-15,515.3599853515625,515.3599853515625,515.469970703125,507.0,508.7900085449219,17143800
2025-09-16,509.0400085449219,509.0400085449219,517.22998046875,508.6000061035156,516.8800048828125,19711900
2025-09-17,510.0199890136719,510.0199890136719,511.2900085449219,505.9299926757813,510.6199951171875,15816600
2025-09-18,508.4500122070313,508.4500122070313,513.0700073242188,507.6600036621094,511.489990234375,18913700
2025-09-19,517.9299926757812,517.9299926757812,519.2999877929688,510.30999755859375,510.55999755859375,52474100
2025-09-22,514.4500122070312,514.4500122070312,517.739990234375,512.5399780273438,515.5900268554688,20009300
2025-09-23,509.2300109863281,509.2300109863281,514.5900268554688,507.30999755859375,513.7999877929688,19799600
2025-09-24,510.1499938964844,510.1499938964844,512.47998046875,506.9200134277344,510.3800048828125,13533700
2025-09-25,507.0299987792969,507.0299987792969,510.010009765625,505.0400085449219,508.2999877929688,15786500
2025-09-26,511.4599914550781,511.4599914550781,513.9400024414062,506.6199951171875,510.05999755859375,16213100
2025-09-29,514.5999755859375,514.5999755859375,516.8499755859375,508.8800048828125,511.5,17617800
2025-09-30,517.9500122070312,517.9500122070312,518.1599731445312,509.6600036621094,513.239990234375,19728200
2025-10-01,519.7100219726562,519.7100219726562,520.510009765625,511.6900024414063,514.7999877929688,22632300
2025-10-02,515.739990234375,515.739990234375,521.5999755859375,510.6799926757813,517.6400146484375,21222900
2025-10-03,517.3499755859375,517.3499755859375,520.489990234375,515.0,517.0999755859375,15112300
2025-10-06,528.5700073242188,528.5700073242188,531.030029296875,518.2000122070312,518.6099853515625,21388600
2025-10-07,523.97998046875,523.97998046875,529.7999877929688,521.4400024414062,528.2899780273438,14615200
2025-10-08,524.8499755859375,524.8499755859375,526.9500122070312,523.0900268554688,523.280029296875,13363400
2025-10-09,522.4000244140625,522.4000244140625,524.3300170898438,517.4000244140625,522.3400268554688,18343600
