Date,Adj Close,Close,High,Low,Open,Volume
2010-10-11,7.486618518829346,7.670000076293945,7.900000095367432,7.559999942779541,7.659999847412109,47504600
2010-10-12,7.564704895019531,7.75,7.869999885559082,7.579999923706055,7.630000114440918,37610300
2010-10-13,7.467096328735352,7.650000095367432,7.900000095367432,7.650000095367432,7.889999866485596,43288300
2010-10-14,7.408531665802002,7.590000152587891,7.739999771118164,7.5,7.650000095367432,25761700
2010-10-15,7.428053379058838,7.610000133514404,7.710000038146973,7.5,7.699999809265137,23822800
2010-10-18,7.359726428985596,7.539999961853027,7.639999866485596,7.5,7.619999885559082,16667500
2010-10-19,7.125463962554932,7.300000190734863,7.53000020980835,7.269999980926514,7.429999828338623,28607900
2010-10-20,7.506139278411865,7.690000057220459,7.760000228881836,7.340000152587891,7.369999885559082,39759700
2010-10-21,7.320682525634766,7.5,7.75,7.5,7.710000038146973,20138600
2010-10-22,7.506139278411865,7.690000057220459,7.710000038146973,7.510000228881836,7.53000020980835,15422600
2010-10-25,7.6232709884643555,7.809999942779541,7.880000114440918,7.699999809265137,7.699999809265137,16774300
2010-10-26,7.5354228019714355,7.71999979019165,7.800000190734863,7.619999885559082,7.78000020980835,16054200
2010-10-27,7.779444694519043,7.96999979019165,7.980000019073486,7.659999847412109,7.679999828338623,22069100
2010-10-28,7.750162601470947,7.940000057220459,8.010000228881836,7.78000020980835,8.0,20023700
2010-10-29,8.062512397766113,8.260000228881836,8.270000457763672,8.119999885559082,8.199999809265137,86548500
2010-11-01,7.9453816413879395,8.140000343322754,8.300000190734863,8.050000190734863,8.289999961853027,32573000
2010-11-02,7.916097164154053,8.109999656677246,8.220000267028809,8.050000190734863,8.210000038146973,19620400
2010-11-03,7.89657735824585,8.09000015258789,8.140000343322754,7.929999828338623,8.130000114440918,25021700
2010-11-04,8.355337142944336,8.5600004196167,8.680000305175781,8.449999809265137,8.470000267028809,44741200
2010-11-05,8.452948570251465,8.65999984741211,8.779999732971191,8.470000267028809,8.569999694824219,24732700
2010-11-08,8.042988777160645,8.239999771118164,8.640000343322754,8.220000267028809,8.619999885559082,47037000
2010-11-09,7.711119174957275,7.900000095367432,8.319999694824219,7.829999923706055,8.300000190734863,48955100
2010-11-10,7.68183708190918,7.869999885559082,7.989999771118164,7.75,7.920000076293945,40784800
2010-11-11,7.6623148918151855,7.849999904632568,7.889999866485596,7.699999809265137,7.769999980926514,33282700
2010-11-12,7.5354228019714355,7.71999979019165,7.860000133514404,7.460000038146973,7.800000190734863,38610900
2010-11-15,7.242595195770264,7.420000076293945,7.659999847412109,7.420000076293945,7.650000095367432,35164900
2010-11-16,7.047377109527588,7.21999979019165,7.409999847412109,7.130000114440918,7.360000133514404,37492300
2010-11-17,6.930245876312256,7.099999904632568,7.320000171661377,7.090000152587891,7.25,29866900
2010-11-18,7.115703582763672,7.289999961853027,7.329999923706055,7.190000057220459,7.269999980926514,31839900
2010-11-19,7.213313102722168,7.389999866485596,7.550000190734863,7.260000228881836,7.269999980926514,31304800
2010-11-22,7.144986152648926,7.320000171661377,7.5,7.230000019073486,7.449999809265137,22884300
2010-11-23,7.242595195770264,7.420000076293945,7.519999980926514,7.179999828338623,7.210000038146973,36899800
2010-11-24,7.564704895019531,7.75,7.849999904632568,7.46999979019165,7.480000019073486,54309300
2010-11-26,7.447575569152832,7.630000114440918,7.679999828338623,7.550000190734863,7.639999866485596,10180600
2010-11-29,7.389008522033691,7.570000171661377,7.630000114440918,7.480000019073486,7.570000171661377,18392800
2010-11-30,7.096182346343994,7.269999980926514,7.5,7.230000019073486,7.46999979019165,29110000
2010-12-01,7.213313102722168,7.389999866485596,7.53000020980835,7.320000171661377,7.449999809265137,28868400
2010-12-02,7.720880508422852,7.909999847412109,7.909999847412109,7.420000076293945,7.440000057220459,47184900
2010-12-03,7.730640888214111,7.920000076293945,7.980000019073486,7.739999771118164,7.800000190734863,29774300
2010-12-06,7.769684791564941,7.960000038146973,8.039999961853027,7.800000190734863,7.869999885559082,26409900
2010-12-07,7.730640888214111,7.920000076293945,8.289999961853027,7.880000114440918,8.119999885559082,36446200
2010-12-08,7.750162601470947,7.940000057220459,7.949999809265137,7.71999979019165,7.889999866485596,26081900
2010-12-09,7.994184017181396,8.1899995803833,8.329999923706055,8.100000381469727,8.329999923706055,30057700
2010-12-10,8.052749633789062,8.25,8.319999694824219,8.069999694824219,8.199999809265137,31090800
2010-12-13,7.9453816413879395,8.140000343322754,8.380000114440918,8.140000343322754,8.380000114440918,28082700
2010-12-14,7.877055644989014,8.069999694824219,8.1899995803833,8.0,8.149999618530273,25962700
2010-12-15,7.730640888214111,7.920000076293945,8.109999656677246,7.880000114440918,8.0,20301400
2010-12-16,7.8575334548950195,8.050000190734863,8.100000381469727,7.880000114440918,7.960000038146973,19343400
2010-12-17,8.01370906829834,8.210000038146973,8.220000267028809,8.0,8.0600004196167,42521900
2010-12-20,7.925859451293945,8.119999885559082,8.369999885559082,8.100000381469727,8.289999961853027,24265800
2010-12-21,7.9453816413879395,8.140000343322754,8.289999961853027,8.09000015258789,8.199999809265137,30135600
2010-12-22,8.082033157348633,8.279999732971191,8.300000190734863,8.09000015258789,8.170000076293945,43106100
2010-12-23,7.750162601470947,7.940000057220459,8.100000381469727,7.909999847412109,8.079999923706055,35679400
2010-12-27,7.6232709884643555,7.809999942779541,7.900000095367432,7.75,7.880000114440918,15087600
2010-12-28,7.574466228485107,7.760000228881836,7.849999904632568,7.650000095367432,7.809999942779541,15169100
2010-12-29,7.564704895019531,7.75,7.820000171661377,7.650000095367432,7.78000020980835,13879700
2010-12-30,7.711119174957275,7.900000095367432,7.920000076293945,7.679999828338623,7.710000038146973,13042600
2010-12-31,7.828249454498291,8.020000457763672,8.039999961853027,7.840000152587891,7.909999847412109,15598400
2011-01-03,8.082033157348633,8.279999732971191,8.479999542236328,8.140000343322754,8.140000343322754,43343100
2011-01-04,8.238207817077637,8.4399995803833,8.579999923706055,8.359999656677246,8.380000114440918,44645900
2011-01-05,8.335817337036133,8.539999961853027,8.779999732971191,8.399999618530273,8.40999984741211,38533500
2011-01-06,8.374863624572754,8.579999923706055,8.699999809265137,8.550000190734863,8.670000076293945,25273800
2011-01-07,8.44318962097168,8.649999618530273,8.699999809265137,8.449999809265137,8.5600004196167,24517000
2011-01-10,8.34557819366455,8.550000190734863,8.680000305175781,8.390000343322754,8.680000305175781,30493200
2011-01-11,8.511513710021973,8.720000267028809,8.729999542236328,8.479999542236328,8.619999885559082,27511400
2011-01-12,9.116690635681152,9.34000015258789,9.5,8.84000015258789,8.850000381469727,92085800
2011-01-13,9.399755477905272,9.630000114440918,9.869999885559082,9.579999923706056,9.789999961853027,75174700
2011-01-14,9.477842330932615,9.710000038146973,9.859999656677246,9.649999618530272,9.729999542236328,40679500
2011-01-18,9.429039001464844,9.65999984741211,9.90999984741211,9.59000015258789,9.75,28222900
2011-01-19,9.14597225189209,9.369999885559082,9.68000030517578,9.220000267028809,9.609999656677246,43365400
2011-01-20,9.370474815368652,9.600000381469728,9.65999984741211,9.270000457763672,9.460000038146973,31235700
2011-01-21,9.604736328125,9.84000015258789,10.0,9.729999542236328,10.0,56867600
2011-01-24,9.809715270996094,10.050000190734863,10.079999923706056,9.619999885559082,9.829999923706056,65245900
2011-01-25,9.741389274597168,9.979999542236328,10.220000267028809,9.890000343322754,10.050000190734863,51957000
2011-01-26,9.71210479736328,9.949999809265137,10.100000381469728,9.899999618530272,10.020000457763672,38736200
2011-01-27,10.336803436279297,10.59000015258789,10.649999618530272,10.329999923706056,10.359999656677246,82722000
2011-01-28,10.122064590454102,10.369999885559082,10.770000457763672,10.15999984741211,10.760000228881836,51669200
2011-01-31,10.288000106811523,10.539999961853027,10.630000114440918,10.25,10.5,34395000
2011-02-01,10.55154514312744,10.8100004196167,10.899999618530272,10.649999618530272,10.670000076293944,40680300
2011-02-02,10.629630088806152,10.890000343322754,11.0,10.68000030517578,10.6899995803833,28363400
2011-02-03,10.639391899108888,10.899999618530272,11.020000457763672,10.739999771118164,11.0,24584200
2011-02-04,10.785806655883787,11.050000190734863,11.100000381469728,10.8100004196167,10.899999618530272,28161100
2011-02-07,11.020068168640137,11.289999961853027,11.43000030517578,11.149999618530272,11.170000076293944,51404700
2011-02-08,11.166478157043455,11.4399995803833,11.460000038146973,11.020000457763672,11.329999923706056,39784000
2011-02-09,10.990784645080566,11.260000228881836,11.600000381469728,11.18000030517578,11.470000267028809,49451400
2011-02-10,11.039588928222656,11.3100004196167,11.380000114440918,11.020000457763672,11.06999969482422,36651100
2011-02-11,11.049349784851074,11.31999969482422,11.5,11.140000343322754,11.210000038146973,53461100
2011-02-14,11.371460914611816,11.649999618530272,11.949999809265137,11.510000228881836,11.529999732971191,66909300
2011-02-15,11.390983581542969,11.670000076293944,11.81999969482422,11.510000228881836,11.68000030517578,37154500
2011-02-16,11.351940155029297,11.630000114440918,11.81999969482422,11.550000190734863,11.800000190734863,32016100
2011-02-17,11.517873764038086,11.800000190734863,11.869999885559082,11.550000190734863,11.579999923706056,25476300
2011-02-18,11.420266151428224,11.699999809265137,11.890000343322754,11.649999618530272,11.880000114440918,23580000
2011-02-22,10.65891170501709,10.920000076293944,11.449999809265137,10.850000381469728,11.449999809265137,55901900
2011-02-23,10.29776096343994,10.550000190734863,10.880000114440918,10.270000457763672,10.84000015258789,59318200
2011-02-24,10.64915370941162,10.90999984741211,10.949999809265137,10.449999809265137,10.609999656677246,49024300
2011-02-25,11.166478157043455,11.4399995803833,11.449999809265137,11.109999656677246,11.140000343322754,39358300
2011-02-28,10.8638916015625,11.130000114440918,11.65999984741211,10.920000076293944,11.619999885559082,47717800
2011-03-01,10.697957038879396,10.960000038146973,11.300000190734863,10.9399995803833,11.199999809265137,28853400
2011-03-02,10.824851989746094,11.09000015258789,11.279999732971191,10.960000038146973,10.970000267028809,40712200
2011-03-03,11.293373107910156,11.56999969482422,11.630000114440918,11.260000228881836,11.279999732971191,35260500
2011-03-04,11.361700057983398,11.640000343322754,11.670000076293944,11.390000343322754,11.600000381469728,32879300
2011-03-07,10.766283988952637,11.029999732971191,11.670000076293944,10.850000381469728,11.65999984741211,52679800
2011-03-08,10.629630088806152,10.890000343322754,11.100000381469728,10.8100004196167,10.979999542236328,33531400
2011-03-09,10.07325839996338,10.31999969482422,10.84000015258789,10.300000190734863,10.829999923706056,57899800
2011-03-10,9.692583084106444,9.93000030517578,10.140000343322754,9.649999618530272,10.0600004196167,69326200
2011-03-11,9.995171546936035,10.239999771118164,10.289999961853027,9.899999618530272,9.90999984741211,46216700
2011-03-14,10.11230182647705,10.359999656677246,10.850000381469728,10.34000015258789,10.65999984741211,51157100
2011-03-15,10.180628776550291,10.43000030517578,10.539999961853027,9.850000381469728,10.010000228881836,56312600
2011-03-16,9.819476127624512,10.0600004196167,10.600000381469728,10.0,10.329999923706056,56646700
2011-03-17,9.965889930725098,10.210000038146973,10.369999885559082,10.140000343322754,10.25,27585700
2011-03-18,9.82923698425293,10.06999969482422,10.40999984741211,10.020000457763672,10.399999618530272,33230700
2011-03-21,10.11230182647705,10.359999656677246,10.43000030517578,10.18000030517578,10.279999732971191,27828700
2011-03-22,10.102542877197266,10.350000381469728,10.369999885559082,10.15999984741211,10.270000457763672,35892700
2011-03-23,10.356325149536133,10.609999656677246,10.699999809265137,10.1899995803833,10.350000381469728,52514000
2011-03-24,11.225046157836914,11.5,11.550000190734863,11.1899995803833,11.329999923706056,100897100
2011-03-25,11.273852348327637,11.550000190734863,11.699999809265137,11.40999984741211,11.520000457763672,34151500
2011-03-28,11.273852348327637,11.550000190734863,11.81999969482422,11.510000228881836,11.619999885559082,33898600
2011-03-29,11.478830337524414,11.760000228881836,11.800000190734863,11.460000038146973,11.529999732971191,31040800
2011-03-30,11.30313205718994,11.579999923706056,11.890000343322754,11.539999961853027,11.880000114440918,33731000
2011-03-31,11.195762634277344,11.470000267028809,11.68000030517578,11.390000343322754,11.579999923706056,31666000
2011-04-01,11.029830932617188,11.300000190734863,11.619999885559082,11.220000267028809,11.529999732971191,38966300
2011-04-04,10.922457695007324,11.1899995803833,11.329999923706056,11.06999969482422,11.300000190734863,22508300
2011-04-05,10.756525039672852,11.020000457763672,11.350000381469728,10.949999809265137,11.289999961853027,41074600
2011-04-06,10.971264839172363,11.239999771118164,11.260000228881836,11.010000228881836,11.06999969482422,24136900
2011-04-07,10.87365436553955,11.140000343322754,11.300000190734863,11.0,11.229999542236328,28557000
2011-04-08,10.805326461791992,11.06999969482422,11.279999732971191,10.979999542236328,11.1899995803833,25275900
2011-04-11,10.4832181930542,10.739999771118164,11.130000114440918,10.6899995803833,11.09000015258789,28722000
2011-04-12,10.278238296508787,10.529999732971191,10.59000015258789,10.300000190734863,10.550000190734863,45066400
2011-04-13,10.366086959838867,10.619999885559082,10.760000228881836,10.479999542236328,10.630000114440918,31191900
2011-04-14,10.395367622375488,10.649999618530272,10.670000076293944,10.359999656677246,10.449999809265137,25868500
2011-04-15,10.492975234985352,10.75,10.800000190734863,10.5,10.600000381469728,25564500
2011-04-18,10.170869827270508,10.420000076293944,10.609999656677246,10.260000228881836,10.550000190734863,23112400
2011-04-19,10.268478393554688,10.520000457763672,10.579999923706056,10.31999969482422,10.4399995803833,20529600
2011-04-20,11.117674827575684,11.390000343322754,11.40999984741211,10.890000343322754,10.899999618530272,52613700
2011-04-21,11.244569778442385,11.520000457763672,11.720000267028809,11.239999771118164,11.470000267028809,43506100
2011-04-25,11.059110641479492,11.329999923706056,11.489999771118164,11.25,11.460000038146973,20447100
2011-04-26,11.332417488098145,11.609999656677246,11.649999618530272,11.3100004196167,11.359999656677246,27400000
2011-04-27,11.517873764038086,11.800000190734863,11.829999923706056,11.56999969482422,11.600000381469728,29748500
2011-04-28,11.205524444580078,11.479999542236328,11.770000457763672,11.270000457763672,11.699999809265137,37391800
2011-04-29,11.049349784851074,11.31999969482422,11.449999809265137,11.149999618530272,11.449999809265137,36678800
2011-05-02,10.971264839172363,11.239999771118164,11.40999984741211,11.149999618530272,11.369999885559082,21585500
2011-05-03,10.639391899108888,10.899999618530272,11.229999542236328,10.800000190734863,11.199999809265137,37000000
2011-05-04,10.4832181930542,10.739999771118164,10.979999542236328,10.600000381469728,10.869999885559082,29570000
2011-05-05,10.64915370941162,10.90999984741211,11.06999969482422,10.600000381469728,10.670000076293944,35304000
2011-05-06,10.610109329223633,10.869999885559082,11.130000114440918,10.869999885559082,11.100000381469728,22662600
2011-05-09,10.209911346435549,10.460000038146973,10.859999656677246,10.25,10.81999969482422,49677000
2011-05-10,10.375847816467283,10.630000114440918,10.710000038146973,10.380000114440918,10.5,24391600
2011-05-11,10.16110897064209,10.40999984741211,10.93000030517578,10.380000114440918,10.6899995803833,40700000
2011-05-12,10.405131340026855,10.65999984741211,10.720000267028809,10.229999542236328,10.390000343322754,30700000
2011-05-13,10.15134620666504,10.399999618530272,10.670000076293944,10.359999656677246,10.65999984741211,30547500
2011-05-16,10.29776096343994,10.550000190734863,10.869999885559082,10.31999969482422,10.380000114440918,38662500
2011-05-17,9.702345848083496,9.9399995803833,10.489999771118164,9.789999961853027,10.420000076293944,74861800
2011-05-18,9.819476127624512,10.0600004196167,10.100000381469728,9.789999961853027,10.029999732971191,37498700
2011-05-19,9.926844596862791,10.170000076293944,10.210000038146973,9.949999809265137,10.119999885559082,34770900
2011-05-20,9.760910987854004,10.0,10.170000076293944,9.93000030517578,10.100000381469728,21763200
2011-05-23,9.477842330932615,9.710000038146973,9.829999923706056,9.56999969482422,9.8100004196167,27594900
2011-05-24,9.389995574951172,9.619999885559082,9.84000015258789,9.600000381469728,9.829999923706056,23186000
2011-05-25,9.380233764648438,9.609999656677246,9.640000343322754,9.43000030517578,9.56999969482422,36418200
2011-05-26,9.55592918395996,9.789999961853027,9.829999923706056,9.489999771118164,9.59000015258789,36005200
2011-05-27,9.78043270111084,10.020000457763672,10.050000190734863,9.800000190734863,9.829999923706056,25521200
2011-05-31,9.956127166748049,10.199999809265137,10.229999542236328,10.039999961853027,10.140000343322754,27196300
2011-06-01,9.331430435180664,9.5600004196167,10.029999732971191,9.520000457763672,10.029999732971191,53891800
2011-06-02,9.185017585754396,9.40999984741211,9.65999984741211,9.34000015258789,9.649999618530272,45822100
2011-06-03,8.940993309020996,9.15999984741211,9.380000114440918,9.149999618530272,9.25,32043400
2011-06-06,8.823864936828613,9.039999961853027,9.43000030517578,9.020000457763672,9.170000076293944,49134700
2011-06-07,8.736014366149902,8.949999809265137,9.140000343322754,8.90999984741211,9.130000114440918,42494400
2011-06-08,8.296772956848145,8.5,8.869999885559082,8.489999771118164,8.850000381469727,56114500
2011-06-09,8.287012100219727,8.489999771118164,8.649999618530273,8.319999694824219,8.529999732971191,41172000
2011-06-10,8.238207817077637,8.4399995803833,8.649999618530273,8.380000114440918,8.609999656677246,46209900
2011-06-13,8.091794967651367,8.289999961853027,8.59000015258789,8.279999732971191,8.449999809265137,34694500
2011-06-14,8.199164390563965,8.399999618530273,8.5600004196167,8.199999809265137,8.399999618530273,35940800
2011-06-15,7.877055644989014,8.069999694824219,8.359999656677246,8.050000190734863,8.329999923706055,44050500
2011-06-16,7.68183708190918,7.869999885559082,8.130000114440918,7.809999942779541,8.119999885559082,54514800
2011-06-17,7.64279317855835,7.829999923706055,8.010000228881836,7.639999866485596,7.989999771118164,43133500
2011-06-20,7.720880508422852,7.909999847412109,8.109999656677246,7.809999942779541,7.829999923706055,32936000
2011-06-21,7.9453816413879395,8.140000343322754,8.180000305175781,7.849999904632568,8.0,35254800
2011-06-22,7.97466516494751,8.170000076293945,8.319999694824219,8.100000381469727,8.149999618530273,29105100
2011-06-23,8.228446006774902,8.430000305175781,8.449999809265137,7.940000057220459,8.050000190734863,56026400
2011-06-24,7.037615776062012,7.210000038146973,7.769999980926514,7.199999809265137,7.71999979019165,117825100
2011-06-27,7.16450834274292,7.340000152587891,7.409999847412109,7.199999809265137,7.25,34482700
2011-06-28,7.1742682456970215,7.349999904632568,7.380000114440918,7.260000228881836,7.340000152587891,28892000
2011-06-29,7.291399955749512,7.46999979019165,7.590000152587891,7.309999942779541,7.369999885559082,38048800
2011-06-30,7.30116081237793,7.480000019073486,7.610000133514404,7.440000057220459,7.53000020980835,37962400
2011-07-01,7.64279317855835,7.829999923706055,7.849999904632568,7.369999885559082,7.460000038146973,30641400
2011-07-05,7.593987464904785,7.78000020980835,7.989999771118164,7.690000057220459,7.880000114440918,32206100
2011-07-06,7.37924861907959,7.559999942779541,7.739999771118164,7.480000019073486,7.730000019073486,24556000
2011-07-07,7.633031845092773,7.820000171661377,7.889999866485596,7.610000133514404,7.630000114440918,23411000
2011-07-08,7.496378898620605,7.679999828338623,7.789999961853027,7.610000133514404,7.690000057220459,20454000
2011-07-11,7.310921192169189,7.489999771118164,7.699999809265137,7.449999809265137,7.550000190734863,22304000
2011-07-12,7.135225296020508,7.309999942779541,7.449999809265137,7.210000038146973,7.389999866485596,28775500
2011-07-13,7.310921192169189,7.489999771118164,7.760000228881836,7.369999885559082,7.400000095367432,30414100
2011-07-14,7.115703582763672,7.289999961853027,7.590000152587891,7.230000019073486,7.519999980926514,31774800
2011-07-15,7.232834815979004,7.409999847412109,7.449999809265137,7.260000228881836,7.369999885559082,23618600
2011-07-18,7.057137489318848,7.230000019073486,7.550000190734863,7.130000114440918,7.360000133514404,25876500
2011-07-19,7.340203762054443,7.519999980926514,7.53000020980835,7.28000020980835,7.28000020980835,29174400
2011-07-20,7.41829252243042,7.599999904632568,7.599999904632568,7.400000095367432,7.53000020980835,29432900
2011-07-21,7.467096328735352,7.650000095367432,7.75,7.489999771118164,7.690000057220459,82188200
2011-07-22,7.89657735824585,8.09000015258789,8.199999809265137,7.690000057220459,7.710000038146973,47025800
2011-07-25,7.701358318328857,7.889999866485596,7.960000038146973,7.760000228881836,7.900000095367432,25080400
2011-07-26,7.6720757484436035,7.860000133514404,7.989999771118164,7.800000190734863,7.849999904632568,21586200
2011-07-27,7.252357482910156,7.429999828338623,7.800000190734863,7.380000114440918,7.800000190734863,45399600
2011-07-28,7.242595195770264,7.420000076293945,7.559999942779541,7.309999942779541,7.480000019073486,31674500
2011-07-29,7.19379186630249,7.369999885559082,7.53000020980835,7.21999979019165,7.300000190734863,44891200
2011-08-01,7.232834815979004,7.409999847412109,7.590000152587891,7.199999809265137,7.570000171661377,38046900
2011-08-02,6.871681213378906,7.039999961853027,7.380000114440918,7.019999980926514,7.320000171661377,35879400
2011-08-03,6.8228759765625,6.989999771118164,7.119999885559082,6.690000057220459,7.070000171661377,53044700
2011-08-04,6.246983051300049,6.400000095367432,6.860000133514404,6.369999885559082,6.809999942779541,50716700
2011-08-05,6.1591339111328125,6.309999942779541,6.75,6.090000152587891,6.519999980926514,55675500
2011-08-08,5.573480129241943,5.710000038146973,6.190000057220459,5.650000095367432,6.0,55283000
2011-08-09,6.042003154754639,6.190000057220459,6.199999809265137,5.760000228881836,5.960000038146973,44655700
2011-08-10,5.5832390785217285,5.71999979019165,6.039999961853027,5.710000038146973,5.980000019073486,57549800
2011-08-11,6.217700004577637,6.369999885559082,6.5,5.78000020980835,5.78000020980835,57387100
2011-08-12,6.032241821289063,6.179999828338623,6.539999961853027,6.159999847412109,6.409999847412109,29275400
2011-08-15,6.325069904327393,6.480000019073486,6.480000019073486,6.179999828338623,6.269999980926514,23301800
2011-08-16,6.139613151550293,6.289999961853027,6.46999979019165,6.190000057220459,6.409999847412109,20070200
2011-08-17,5.963916778564453,6.110000133514404,6.409999847412109,6.070000171661377,6.349999904632568,29669900
2011-08-18,5.505154132843018,5.639999866485596,5.889999866485596,5.599999904632568,5.880000114440918,45540000
2011-08-19,5.124478340148926,5.25,5.659999847412109,5.199999809265137,5.5,49901300
2011-08-22,5.134239196777344,5.260000228881836,5.519999980926514,5.21999979019165,5.409999847412109,35010000
2011-08-23,5.524674892425537,5.659999847412109,5.659999847412109,5.269999980926514,5.320000171661377,33804900
2011-08-24,5.173283100128174,5.300000190734863,5.659999847412109,5.179999828338623,5.630000114440918,64872300
2011-08-25,5.251369476318359,5.380000114440918,5.539999961853027,5.309999942779541,5.320000171661377,31593800
2011-08-26,5.524674892425537,5.659999847412109,5.840000152587891,5.380000114440918,5.429999828338623,48604800
2011-08-29,6.002959728240967,6.150000095367432,6.159999847412109,5.909999847412109,5.960000038146973,30866400
2011-08-30,5.807742595672607,5.949999809265137,6.090000152587891,5.849999904632568,6.019999980926514,34539300
2011-08-31,5.7686967849731445,5.909999847412109,6.119999885559082,5.829999923706055,6.070000171661377,33297600
2011-09-01,5.602762222290039,5.739999771118164,6.059999942779541,5.739999771118164,5.940000057220459,25641700
2011-09-02,5.368500709533691,5.5,5.619999885559082,5.449999809265137,5.599999904632568,22734400
2011-09-06,5.534436225891113,5.670000076293945,5.699999809265137,5.28000020980835,5.28000020980835,24119400
2011-09-07,5.915111064910889,6.059999942779541,6.070000171661377,5.820000171661377,5.820000171661377,32666500
2011-09-08,6.100567817687988,6.25,6.630000114440918,6.0,6.03000020980835,63001600
2011-09-09,6.198177814483643,6.349999904632568,6.710000038146973,6.190000057220459,6.190000057220459,54169600
2011-09-12,6.530048847198486,6.690000057220459,6.710000038146973,6.28000020980835,6.300000190734863,46726700
2011-09-13,6.695984840393066,6.860000133514404,6.949999809265137,6.760000228881836,6.880000114440918,51199200
2011-09-14,7.027856349945068,7.199999809265137,7.349999904632568,6.929999828338623,6.949999809265137,68478100
2011-09-15,6.871681213378906,7.039999961853027,7.420000076293945,6.900000095367432,7.349999904632568,60702700
2011-09-16,6.861920833587647,7.03000020980835,7.159999847412109,6.940000057220459,7.090000152587891,68700200
2011-09-19,6.715506076812744,6.880000114440918,7.239999771118164,6.800000190734863,6.96999979019165,57270300
2011-09-20,6.686223030090332,6.849999904632568,7.090000152587891,6.840000152587891,6.920000076293945,32775800
2011-09-21,6.451961994171143,6.610000133514404,6.940000057220459,6.599999904632568,6.880000114440918,48814200
2011-09-22,6.2762651443481445,6.429999828338623,6.489999771118164,6.21999979019165,6.28000020980835,46336300
2011-09-23,6.491005420684815,6.650000095367432,6.769999980926514,6.300000190734863,6.400000095367432,34163100
2011-09-26,6.4226789474487305,6.579999923706055,6.690000057220459,6.369999885559082,6.679999828338623,31674900
2011-09-27,6.305548667907715,6.460000038146973,6.739999771118164,6.409999847412109,6.679999828338623,32075400
2011-09-28,5.973677158355713,6.119999885559082,6.5,6.099999904632568,6.5,34898500
2011-09-29,5.729654312133789,5.869999885559082,6.199999809265137,5.610000133514404,6.130000114440918,50176800
2011-09-30,4.91949987411499,5.039999961853027,5.5,5.010000228881836,5.440000057220459,63504100
2011-10-03,4.226474285125732,4.329999923706055,5.03000020980835,4.320000171661377,4.960000038146973,56806200
2011-10-04,4.411932468414307,4.519999980926514,4.519999980926514,3.9700000286102295,4.199999809265137,57671800
2011-10-05,4.831650257110596,4.949999809265137,4.980000019073486,4.360000133514404,4.5,53137900
2011-10-06,4.84141206741333,4.960000038146973,5.0,4.769999980926514,4.949999809265137,35914300
2011-10-07,4.831650257110596,4.949999809265137,5.03000020980835,4.840000152587891,4.940000057220459,29683000
2011-10-10,5.0366291999816895,5.159999847412109,5.28000020980835,5.090000152587891,5.210000038146973,26958200
2011-10-11,5.07567310333252,5.199999809265137,5.289999961853027,5.119999885559082,5.159999847412109,23823400
2011-10-12,5.07567310333252,5.199999809265137,5.300000190734863,5.179999828338623,5.28000020980835,25595000
2011-10-13,5.388022422790527,5.519999980926514,5.579999923706055,5.099999904632568,5.110000133514404,37580700
2011-10-14,5.563717842102051,5.699999809265137,5.699999809265137,5.440000057220459,5.590000152587891,31319900
2011-10-17,5.309935569763184,5.440000057220459,5.679999828338623,5.409999847412109,5.630000114440918,29637900
2011-10-18,5.632045269012451,5.769999980926514,5.800000190734863,5.400000095367432,5.460000038146973,31427300
2011-10-19,5.397783279418945,5.53000020980835,5.849999904632568,5.510000228881836,5.739999771118164,27546700
2011-10-20,5.456348896026611,5.590000152587891,5.639999866485596,5.369999885559082,5.519999980926514,23439600
2011-10-21,5.329455852508545,5.460000038146973,5.849999904632568,5.400000095367432,5.670000076293945,39296000
2011-10-24,5.524674892425537,5.659999847412109,5.679999828338623,5.449999809265137,5.449999809265137,34548800
2011-10-25,5.358739376068115,5.489999771118164,5.639999866485596,5.480000019073486,5.610000133514404,26533800
2011-10-26,5.339217185974121,5.46999979019165,5.610000133514404,5.210000038146973,5.53000020980835,50102800
2011-10-27,5.563717842102051,5.699999809265137,5.760000228881836,5.489999771118164,5.699999809265137,53855400
2011-10-28,5.739415168762207,5.880000114440918,5.900000095367432,5.650000095367432,5.679999828338623,21809600
2011-10-31,5.456348896026611,5.590000152587891,5.789999961853027,5.570000171661377,5.769999980926514,23699700
2011-11-01,5.163519859313965,5.289999961853027,5.460000038146973,5.289999961853027,5.389999866485596,30226500
2011-11-02,5.300174236297607,5.429999828338623,5.53000020980835,5.340000152587891,5.400000095367432,22570800
2011-11-03,5.700372695922852,5.840000152587891,5.869999885559082,5.360000133514404,5.510000228881836,32490000
2011-11-04,5.749176025390625,5.889999866485596,5.949999809265137,5.579999923706055,5.670000076293945,20811200
2011-11-07,5.710133075714111,5.849999904632568,5.909999847412109,5.690000057220459,5.809999942779541,24821000
2011-11-08,5.7686967849731445,5.909999847412109,5.960000038146973,5.75,5.889999866485596,23164100
2011-11-09,5.2220869064331055,5.349999904632568,5.71999979019165,5.329999923706055,5.71999979019165,36730300
2011-11-10,5.056150913238525,5.179999828338623,5.550000190734863,5.059999942779541,5.5,53084800
2011-11-11,5.300174236297607,5.429999828338623,5.440000057220459,5.260000228881836,5.260000228881836,19289000
2011-11-14,5.2220869064331055,5.349999904632568,5.429999828338623,5.21999979019165,5.400000095367432,22943600
2011-11-15,5.329455852508545,5.460000038146973,5.710000038146973,5.260000228881836,5.309999942779541,41898700
2011-11-16,6.578853607177734,6.739999771118164,6.840000152587891,5.449999809265137,5.449999809265137,72164600
2011-11-17,6.178656101226807,6.329999923706055,7.0,6.28000020980835,6.909999847412109,96098100
2011-11-18,6.139613151550293,6.289999961853027,6.53000020980835,6.150000095367432,6.360000133514404,43618300
2011-11-21,5.944395065307617,6.090000152587891,6.159999847412109,5.860000133514404,6.079999923706055,41397000
2011-11-22,5.954154968261719,6.099999904632568,6.360000133514404,6.010000228881836,6.059999942779541,38105400
2011-11-23,5.573480129241943,5.710000038146973,6.039999961853027,5.670000076293945,6.03000020980835,39724000
2011-11-25,5.368500709533691,5.5,5.860000133514404,5.460000038146973,5.659999847412109,18263700
2011-11-28,5.485632419586182,5.619999885559082,5.860000133514404,5.550000190734863,5.75,22267700
2011-11-29,5.505154132843018,5.639999866485596,5.75,5.559999942779541,5.630000114440918,20816100
2011-11-30,5.846784591674805,5.989999771118164,6.019999980926514,5.769999980926514,5.860000133514404,19709400
2011-12-01,5.749176025390625,5.889999866485596,5.980000019073486,5.75,5.960000038146973,22135000
2011-12-02,5.661328315734863,5.800000190734863,6.010000228881836,5.679999828338623,5.989999771118164,27340600
2011-12-05,5.593001365661621,5.730000019073486,5.889999866485596,5.679999828338623,5.869999885559082,26033700
2011-12-06,5.514915466308594,5.650000095367432,5.769999980926514,5.5,5.75,31710700
2011-12-07,5.915111064910889,6.059999942779541,6.079999923706055,5.559999942779541,5.619999885559082,31511900
2011-12-08,5.680850028991699,5.820000171661377,6.099999904632568,5.78000020980835,5.96999979019165,32613800
2011-12-09,5.749176025390625,5.889999866485596,5.989999771118164,5.789999961853027,5.840000152587891,23982100
2011-12-12,5.680850028991699,5.820000171661377,5.849999904632568,5.630000114440918,5.71999979019165,19996300
2011-12-13,5.475872039794922,5.610000133514404,5.949999809265137,5.570000171661377,5.800000190734863,20509300
2011-12-14,5.319695949554443,5.449999809265137,5.730000019073486,5.309999942779541,5.639999866485596,36992800
2011-12-15,5.417304515838623,5.550000190734863,5.579999923706055,5.480000019073486,5.53000020980835,17193800
2011-12-16,5.544197082519531,5.679999828338623,5.699999809265137,5.510000228881836,5.590000152587891,23098300
2011-12-19,5.319695949554443,5.449999809265137,5.739999771118164,5.440000057220459,5.699999809265137,31607800
2011-12-20,5.651566028594971,5.789999961853027,5.820000171661377,5.579999923706055,5.590000152587891,19290700
2011-12-21,5.407544136047363,5.539999961853027,5.900000095367432,5.519999980926514,5.889999866485596,26623100
2011-12-22,6.256743907928467,6.409999847412109,6.550000190734863,5.690000057220459,5.710000038146973,67720600
2011-12-23,6.246983051300049,6.400000095367432,6.539999961853027,6.25,6.489999771118164,23493200
2011-12-27,6.100567817687988,6.25,6.400000095367432,6.199999809265137,6.349999904632568,13530400
2011-12-28,6.022481918334961,6.170000076293945,6.329999923706055,6.059999942779541,6.260000228881836,19365100
2011-12-29,6.120090484619141,6.269999980926514,6.300000190734863,6.139999866485596,6.179999828338623,13894400
2011-12-30,6.139613151550293,6.289999961853027,6.369999885559082,6.25,6.260000228881836,15259600
2012-01-03,6.5983757972717285,6.760000228881836,6.960000038146973,6.590000152587891,6.639999866485596,42035300
2012-01-04,6.8228759765625,6.989999771118164,7.050000190734863,6.599999904632568,6.699999809265137,43038500
2012-01-05,6.988811016082764,7.159999847412109,7.329999923706055,6.900000095367432,6.960000038146973,53469800
2012-01-06,7.027856349945068,7.199999809265137,7.320000171661377,7.050000190734863,7.170000076293945,33006500
2012-01-09,7.115703582763672,7.289999961853027,7.340000152587891,7.119999885559082,7.230000019073486,28692200
2012-01-10,7.07666015625,7.25,7.440000057220459,7.210000038146973,7.400000095367432,26672800
2012-01-11,7.047377109527588,7.21999979019165,7.289999961853027,7.139999866485596,7.269999980926514,20210400
2012-01-12,7.096182346343994,7.269999980926514,7.320000171661377,7.119999885559082,7.21999979019165,30026700
2012-01-13,7.057137489318848,7.230000019073486,7.289999961853027,7.090000152587891,7.21999979019165,29225000
2012-01-17,6.988811016082764,7.159999847412109,7.380000114440918,7.139999866485596,7.300000190734863,30684100
2012-01-18,7.467096328735352,7.650000095367432,7.75,7.210000038146973,7.25,48911100
2012-01-19,7.691597461700439,7.880000114440918,7.940000057220459,7.679999828338623,7.730000019073486,43923400
2012-01-20,7.574466228485107,7.760000228881836,7.980000019073486,7.679999828338623,7.829999923706055,38677500
2012-01-23,7.68183708190918,7.869999885559082,8.0600004196167,7.769999980926514,7.789999961853027,33180100
2012-01-24,7.759922504425049,7.949999809265137,7.96999979019165,7.769999980926514,7.849999904632568,29248700
2012-01-25,7.6720757484436035,7.860000133514404,8.039999961853027,7.789999961853027,8.0,30951100
2012-01-26,7.369487285614014,7.550000190734863,7.800000190734863,7.449999809265137,7.769999980926514,42242300
2012-01-27,7.252357482910156,7.429999828338623,7.619999885559082,7.340000152587891,7.46999979019165,29119800
2012-01-30,7.37924861907959,7.559999942779541,7.590000152587891,7.289999961853027,7.340000152587891,21759000
2012-01-31,7.41829252243042,7.599999904632568,7.679999828338623,7.519999980926514,7.599999904632568,21798900
2012-02-01,7.515900611877441,7.699999809265137,7.840000152587891,7.599999904632568,7.739999771118164,26899200
2012-02-02,7.5354228019714355,7.71999979019165,7.809999942779541,7.679999828338623,7.730000019073486,20660800
2012-02-03,7.759922504425049,7.949999809265137,7.96999979019165,7.739999771118164,7.880000114440918,15179500
2012-02-06,7.545183658599853,7.730000019073486,7.880000114440918,7.679999828338623,7.699999809265137,32638600
2012-02-07,7.691597461700439,7.880000114440918,7.920000076293945,7.699999809265137,7.730000019073486,20245400
2012-02-08,7.97466516494751,8.170000076293945,8.229999542236328,7.889999866485596,7.940000057220459,42113700
2012-02-09,7.964903354644775,8.15999984741211,8.199999809265137,7.989999771118164,8.199999809265137,27434500
2012-02-10,7.720880508422852,7.909999847412109,8.109999656677246,7.800000190734863,8.09000015258789,26191000
2012-02-13,7.6623148918151855,7.849999904632568,8.020000457763672,7.699999809265137,8.020000457763672,24807300
2012-02-14,8.140600204467773,8.34000015258789,8.359999656677246,7.920000076293945,7.920000076293945,41142100
2012-02-15,8.082033157348633,8.279999732971191,8.550000190734863,8.270000457763672,8.399999618530273,33448200
2012-02-16,8.257730484008789,8.460000038146973,8.5,8.300000190734863,8.380000114440918,18749000
2012-02-17,8.228446006774902,8.430000305175781,8.579999923706055,8.34000015258789,8.4399995803833,18917300
2012-02-21,8.01370906829834,8.210000038146973,8.460000038146973,8.15999984741211,8.430000305175781,18768100
2012-02-22,7.84777307510376,8.039999961853027,8.239999771118164,8.010000228881836,8.210000038146973,19381700
2012-02-23,7.633031845092773,7.820000171661377,8.029999732971191,7.739999771118164,8.029999732971191,31618800
2012-02-24,7.759922504425049,7.949999809265137,8.069999694824219,7.849999904632568,7.889999866485596,17292600
2012-02-27,8.355337142944336,8.5600004196167,8.789999961853027,8.3100004196167,8.350000381469727,59879300
2012-02-28,8.667683601379395,8.880000114440918,9.15999984741211,8.770000457763672,8.800000190734863,71856200
2012-02-29,8.34557819366455,8.550000190734863,9.100000381469728,8.510000228881836,9.06999969482422,48164700
2012-03-01,8.501753807067871,8.710000038146973,8.84000015258789,8.529999732971191,8.59000015258789,33725100
2012-03-02,8.44318962097168,8.649999618530273,8.90999984741211,8.609999656677246,8.739999771118164,24787200
2012-03-05,8.003947257995605,8.199999809265137,8.59000015258789,8.170000076293945,8.5600004196167,30167800
2012-03-06,7.808727741241455,8.0,8.039999961853027,7.78000020980835,7.96999979019165,37490200
2012-03-07,7.89657735824585,8.09000015258789,8.25,7.840000152587891,8.039999961853027,32056600
2012-03-08,7.964903354644775,8.15999984741211,8.239999771118164,8.010000228881836,8.130000114440918,18794500
2012-03-09,8.130839347839355,8.329999923706055,8.359999656677246,8.119999885559082,8.15999984741211,25549500
2012-03-12,7.886816024780273,8.079999923706055,8.300000190734863,8.010000228881836,8.260000228881836,19889300
2012-03-13,8.287012100219727,8.489999771118164,8.5,8.199999809265137,8.239999771118164,31182100
2012-03-14,8.374863624572754,8.579999923706055,8.850000381469727,8.520000457763672,8.680000305175781,34004800
2012-03-15,8.61888313293457,8.829999923706055,8.890000343322754,8.460000038146973,8.630000114440918,34668100
2012-03-16,8.609122276306152,8.819999694824219,8.890000343322754,8.670000076293945,8.869999885559082,33081100
2012-03-19,8.423665046691895,8.630000114440918,8.800000190734863,8.609999656677246,8.760000228881836,26237300
2012-03-20,8.36509895324707,8.569999694824219,8.630000114440918,8.449999809265137,8.579999923706055,18186300
2012-03-21,8.531035423278809,8.739999771118164,8.979999542236328,8.710000038146973,8.739999771118164,30788500
2012-03-22,8.501753807067871,8.710000038146973,8.770000457763672,8.479999542236328,8.729999542236328,33388600
2012-03-23,8.199164390563965,8.399999618530273,8.609999656677246,8.25,8.489999771118164,47816200
2012-03-26,8.052749633789062,8.25,8.4399995803833,8.109999656677246,8.420000076293945,35598900
2012-03-27,8.374863624572754,8.579999923706055,8.649999618530273,8.3100004196167,8.329999923706055,39442300
2012-03-28,8.433426856994629,8.640000343322754,8.75,8.449999809265137,8.510000228881836,35128600
2012-03-29,8.2186861038208,8.420000076293945,8.760000228881836,8.40999984741211,8.609999656677246,45879200
2012-03-30,7.906337738037109,8.100000381469727,8.539999961853027,8.079999923706055,8.529999732971191,50946900
2012-04-02,7.906337738037109,8.100000381469727,8.25,7.960000038146973,8.170000076293945,27362500
2012-04-03,7.798966884613037,7.989999771118164,8.09000015258789,7.920000076293945,8.029999732971191,26508300
2012-04-04,7.476856708526611,7.659999847412109,7.800000190734863,7.449999809265137,7.75,52000600
2012-04-05,7.408531665802002,7.590000152587891,7.78000020980835,7.579999923706055,7.650000095367432,19809500
2012-04-09,7.1742682456970215,7.349999904632568,7.46999979019165,7.329999923706055,7.440000057220459,17380900
2012-04-10,6.97905158996582,7.150000095367432,7.420000076293945,7.03000020980835,7.320000171661377,23149500
2012-04-11,6.998572826385498,7.170000076293945,7.429999828338623,7.150000095367432,7.230000019073486,22609600
2012-04-12,6.97905158996582,7.150000095367432,7.550000190734863,7.110000133514404,7.28000020980835,57618700
2012-04-13,6.793593406677246,6.960000038146973,7.099999904632568,6.929999828338623,7.070000171661377,97311100
2012-04-16,6.94976806640625,7.119999885559082,7.199999809265137,6.949999809265137,7.050000190734863,56312600
2012-04-17,7.066899299621582,7.239999771118164,7.329999923706055,7.090000152587891,7.150000095367432,40078800
2012-04-18,6.900964736938477,7.070000171661377,7.230000019073486,7.039999961853027,7.159999847412109,28851500
2012-04-19,6.842398166656494,7.010000228881836,7.309999942779541,6.960000038146973,7.070000171661377,31230600
2012-04-20,6.481244087219238,6.639999866485596,6.840000152587891,6.639999866485596,6.800000190734863,50173100
2012-04-23,6.471484184265137,6.630000114440918,6.75,6.460000038146973,6.550000190734863,35940900
2012-04-24,6.354351043701172,6.510000228881836,6.739999771118164,6.5,6.659999847412109,28535200
2012-04-25,6.364114284515381,6.519999980926514,6.690000057220459,6.400000095367432,6.639999866485596,31170000
2012-04-26,6.442200660705566,6.599999904632568,6.679999828338623,6.5,6.5,24063100
2012-04-27,6.412918567657471,6.570000171661377,6.679999828338623,6.489999771118164,6.650000095367432,23209100
2012-04-30,6.432440757751465,6.590000152587891,6.679999828338623,6.510000228881836,6.570000171661377,19132600
2012-05-01,6.520287990570068,6.679999828338623,6.829999923706055,6.519999980926514,6.570000171661377,29565100
2012-05-02,6.656940937042236,6.820000171661377,6.869999885559082,6.650000095367432,6.650000095367432,28171600
2012-05-03,6.315308570861816,6.46999979019165,6.96999979019165,6.420000076293945,6.909999847412109,34534500
2012-05-04,6.393396377563477,6.550000190734863,6.889999866485596,6.550000190734863,6.650000095367432,34523000
2012-05-07,6.34459114074707,6.5,6.75,6.400000095367432,6.599999904632568,36590900
2012-05-08,6.09080696105957,6.239999771118164,6.429999828338623,6.090000152587891,6.429999828338623,35849500
2012-05-09,6.207939624786377,6.360000133514404,6.440000057220459,6.039999961853027,6.130000114440918,36700200
2012-05-10,6.139613151550293,6.289999961853027,6.46999979019165,6.210000038146973,6.449999809265137,25417400
2012-05-11,6.207939624786377,6.360000133514404,6.409999847412109,6.21999979019165,6.239999771118164,18440800
2012-05-14,6.061525344848633,6.210000038146973,6.269999980926514,6.099999904632568,6.210000038146973,30453100
2012-05-15,5.876068115234375,6.019999980926514,6.179999828338623,5.960000038146973,6.170000076293945,44146400
2012-05-16,6.002959728240967,6.150000095367432,6.53000020980835,6.019999980926514,6.110000133514404,54051400
2012-05-17,5.807742595672607,5.949999809265137,6.25,5.909999847412109,6.159999847412109,32690400
2012-05-18,5.495392322540283,5.630000114440918,6.010000228881836,5.590000152587891,6.0,33622900
2012-05-21,5.641807556152344,5.78000020980835,5.809999942779541,5.630000114440918,5.650000095367432,27203500
2012-05-22,5.573480129241943,5.710000038146973,5.840000152587891,5.630000114440918,5.809999942779541,25413200
2012-05-23,5.612523078918457,5.75,5.800000190734863,5.590000152587891,5.630000114440918,25617400
2012-05-24,5.602762222290039,5.739999771118164,5.829999923706055,5.670000076293945,5.75,22189900
2012-05-25,5.817502498626709,5.960000038146973,6.010000228881836,5.75,5.760000228881836,21177100
2012-05-29,5.973677158355713,6.119999885559082,6.150000095367432,6.019999980926514,6.039999961853027,20990400
2012-05-30,5.846784591674805,5.989999771118164,6.050000190734863,5.889999866485596,6.039999961853027,25220500
2012-05-31,5.700372695922852,5.840000152587891,5.989999771118164,5.739999771118164,5.989999771118164,30707900
2012-06-01,5.319695949554443,5.449999809265137,5.75,5.400000095367432,5.699999809265137,30331900
2012-06-04,5.261130809783936,5.389999866485596,5.559999942779541,5.300000190734863,5.46999979019165,18704000
2012-06-05,5.466109275817871,5.599999904632568,5.650000095367432,5.389999866485596,5.409999847412109,31258900
2012-06-06,5.612523078918457,5.75,5.809999942779541,5.639999866485596,5.670000076293945,35081500
2012-06-07,5.534436225891113,5.670000076293945,5.889999866485596,5.639999866485596,5.869999885559082,33187500
2012-06-08,5.739415168762207,5.880000114440918,5.900000095367432,5.639999866485596,5.650000095367432,19022300
2012-06-11,5.573480129241943,5.710000038146973,6.039999961853027,5.699999809265137,5.96999979019165,21462000
2012-06-12,5.778459548950195,5.920000076293945,5.940000057220459,5.71999979019165,5.71999979019165,21282500
2012-06-13,5.7198920249938965,5.860000133514404,5.989999771118164,5.809999942779541,5.909999847412109,31202500
2012-06-14,5.622284889221191,5.760000228881836,5.889999866485596,5.650000095367432,5.849999904632568,32597900
2012-06-15,5.749176025390625,5.889999866485596,5.900000095367432,5.690000057220459,5.769999980926514,27553500
2012-06-18,5.797979831695557,5.940000057220459,6.0,5.809999942779541,5.809999942779541,19383900
2012-06-19,5.954154968261719,6.099999904632568,6.150000095367432,5.980000019073486,6.019999980926514,22652800
2012-06-20,5.973677158355713,6.119999885559082,6.199999809265137,6.0,6.119999885559082,30272100
2012-06-21,5.514915466308594,5.650000095367432,5.96999979019165,5.610000133514404,5.920000076293945,51272200
2012-06-22,5.602762222290039,5.739999771118164,5.75,5.53000020980835,5.679999828338623,33486500
2012-06-25,5.456348896026611,5.590000152587891,5.730000019073486,5.550000190734863,5.659999847412109,19795900
2012-06-26,5.495392322540283,5.630000114440918,5.690000057220459,5.519999980926514,5.610000133514404,17684200
2012-06-27,5.5832390785217285,5.71999979019165,5.739999771118164,5.559999942779541,5.630000114440918,13836100
2012-06-28,5.827263355255127,5.96999979019165,5.980000019073486,5.599999904632568,5.630000114440918,34680300
2012-06-29,6.1591339111328125,6.309999942779541,6.320000171661377,6.070000171661377,6.099999904632568,32253900
2012-07-02,6.393396377563477,6.550000190734863,6.820000171661377,6.449999809265137,6.730000019073486,51141600
2012-07-03,6.725266933441162,6.889999866485596,6.929999828338623,6.570000171661377,6.579999923706055,46397000
2012-07-05,6.647180080413818,6.809999942779541,6.909999847412109,6.659999847412109,6.840000152587891,21914500
2012-07-06,6.559331893920898,6.71999979019165,6.75,6.550000190734863,6.699999809265137,22702200
2012-07-09,6.334831237792969,6.489999771118164,6.820000171661377,6.420000076293945,6.710000038146973,19842000
2012-07-10,6.012721061706543,6.159999847412109,6.480000019073486,6.059999942779541,6.429999828338623,36372300
2012-07-11,6.061525344848633,6.210000038146973,6.25,6.019999980926514,6.199999809265137,33358600
2012-07-12,5.983437538146973,6.130000114440918,6.179999828338623,5.940000057220459,6.139999866485596,38542700
2012-07-13,5.983437538146973,6.130000114440918,6.239999771118164,6.039999961853027,6.130000114440918,25684400
2012-07-16,5.856546401977539,6.0,6.099999904632568,5.849999904632568,6.090000152587891,27492500
2012-07-17,5.632045269012451,5.769999980926514,6.079999923706055,5.739999771118164,6.019999980926514,35517600
2012-07-18,5.700372695922852,5.840000152587891,5.960000038146973,5.679999828338623,5.699999809265137,24954300
2012-07-19,5.641807556152344,5.78000020980835,6.010000228881836,5.760000228881836,5.900000095367432,23679200
2012-07-20,5.690610885620117,5.829999923706055,6.130000114440918,5.800000190734863,5.980000019073486,44481200
2012-07-23,5.485632419586182,5.619999885559082,5.800000190734863,5.570000171661377,5.710000038146973,42241400
2012-07-24,5.593001365661621,5.730000019073486,5.760000228881836,5.559999942779541,5.679999828338623,32284100
2012-07-25,5.700372695922852,5.840000152587891,5.929999828338623,5.710000038146973,5.710000038146973,27639700
2012-07-26,5.817502498626709,5.960000038146973,6.079999923706055,5.889999866485596,5.920000076293945,22586300
2012-07-27,6.129853248596191,6.28000020980835,6.300000190734863,5.989999771118164,6.039999961853027,23951500
2012-07-30,5.963916778564453,6.110000133514404,6.239999771118164,6.010000228881836,6.199999809265137,27533800
2012-07-31,6.061525344848633,6.210000038146973,6.5,6.179999828338623,6.21999979019165,51573800
2012-08-01,6.120090484619141,6.269999980926514,6.420000076293945,6.170000076293945,6.309999942779541,23396400
2012-08-02,6.012721061706543,6.159999847412109,6.300000190734863,6.070000171661377,6.190000057220459,17632000
2012-08-03,6.178656101226807,6.329999923706055,6.449999809265137,6.239999771118164,6.320000171661377,22472200
2012-08-06,6.412918567657471,6.570000171661377,6.639999866485596,6.320000171661377,6.389999866485596,26896900
2012-08-07,6.656940937042236,6.820000171661377,6.980000019073486,6.670000076293945,6.699999809265137,43058500
2012-08-08,6.725266933441162,6.889999866485596,6.940000057220459,6.639999866485596,6.75,31848700
2012-08-09,6.647180080413818,6.809999942779541,6.920000076293945,6.699999809265137,6.820000171661377,20530400
2012-08-10,6.5983757972717285,6.760000228881836,6.849999904632568,6.650000095367432,6.75,22000700
2012-08-13,6.559331893920898,6.71999979019165,6.78000020980835,6.599999904632568,6.760000228881836,15999100
2012-08-14,6.393396377563477,6.550000190734863,6.78000020980835,6.46999979019165,6.769999980926514,27521900
2012-08-15,6.334831237792969,6.489999771118164,6.590000152587891,6.420000076293945,6.559999942779541,34554600
2012-08-16,6.451961994171143,6.610000133514404,6.670000076293945,6.510000228881836,6.550000190734863,15837900
2012-08-17,6.412918567657471,6.570000171661377,6.690000057220459,6.510000228881836,6.610000133514404,14958900
2012-08-20,6.334831237792969,6.489999771118164,6.599999904632568,6.400000095367432,6.539999961853027,16021800
2012-08-21,6.305548667907715,6.460000038146973,6.630000114440918,6.409999847412109,6.46999979019165,24481500
2012-08-22,6.168895721435547,6.320000171661377,6.480000019073486,6.260000228881836,6.440000057220459,26041200
2012-08-23,6.110329627990723,6.260000228881836,6.300000190734863,6.159999847412109,6.289999961853027,18181300
2012-08-24,6.149374485015869,6.300000190734863,6.309999942779541,6.070000171661377,6.230000019073486,19076600
2012-08-27,6.081046581268311,6.230000019073486,6.309999942779541,6.150000095367432,6.300000190734863,13222300
2012-08-28,6.051762580871582,6.199999809265137,6.300000190734863,6.179999828338623,6.239999771118164,14263800
2012-08-29,6.051762580871582,6.199999809265137,6.289999961853027,6.170000076293945,6.21999979019165,16111300
2012-08-30,6.032241821289063,6.179999828338623,6.260000228881836,6.119999885559082,6.210000038146973,18488300
2012-08-31,6.061525344848633,6.210000038146973,6.300000190734863,6.170000076293945,6.21999979019165,20650100
2012-09-04,5.944395065307617,6.090000152587891,6.21999979019165,6.070000171661377,6.210000038146973,18706900
2012-09-05,6.042003154754639,6.190000057220459,6.210000038146973,6.019999980926514,6.110000133514404,29149500
2012-09-06,6.520287990570068,6.679999828338623,6.699999809265137,6.389999866485596,6.400000095367432,45887300
2012-09-07,6.266503810882568,6.420000076293945,6.570000171661377,6.25,6.550000190734863,63824900
2012-09-10,6.256743907928467,6.409999847412109,6.489999771118164,6.349999904632568,6.420000076293945,21166500
2012-09-11,6.207939624786377,6.360000133514404,6.480000019073486,6.289999961853027,6.440000057220459,29081200
2012-09-12,6.315308570861816,6.46999979019165,6.480000019073486,6.369999885559082,6.380000114440918,16725000
2012-09-13,6.442200660705566,6.599999904632568,6.659999847412109,6.420000076293945,6.46999979019165,30512400
2012-09-14,6.539809226989746,6.699999809265137,6.800000190734863,6.619999885559082,6.639999866485596,20525400
2012-09-17,6.412918567657471,6.570000171661377,6.739999771118164,6.510000228881836,6.690000057220459,20437100
2012-09-18,6.325069904327393,6.480000019073486,6.570000171661377,6.400000095367432,6.539999961853027,18295100
2012-09-19,6.491005420684815,6.650000095367432,6.71999979019165,6.550000190734863,6.550000190734863,24783700
2012-09-20,6.295786380767822,6.449999809265137,6.599999904632568,6.389999866485596,6.579999923706055,37495900
2012-09-21,6.207939624786377,6.360000133514404,6.519999980926514,6.300000190734863,6.5,26892900
2012-09-24,6.110329627990723,6.260000228881836,6.260000228881836,6.110000133514404,6.25,38107000
2012-09-25,5.963916778564453,6.110000133514404,6.360000133514404,6.090000152587891,6.349999904632568,36271200
2012-09-26,5.797979831695557,5.940000057220459,6.099999904632568,5.869999885559082,6.099999904632568,33656700
2012-09-27,5.876068115234375,6.019999980926514,6.070000171661377,5.900000095367432,6.010000228881836,38639200
2012-09-28,5.837024211883545,5.980000019073486,6.239999771118164,5.96999979019165,6.050000190734863,41019800
2012-10-01,5.632045269012451,5.769999980926514,6.099999904632568,5.71999979019165,6.070000171661377,40669400
2012-10-02,5.700372695922852,5.840000152587891,5.849999904632568,5.739999771118164,5.809999942779541,20219900
2012-10-03,5.700372695922852,5.840000152587891,5.900000095367432,5.769999980926514,5.880000114440918,14783500
2012-10-04,5.739415168762207,5.880000114440918,5.889999866485596,5.769999980926514,5.840000152587891,14778900
2012-10-05,5.749176025390625,5.889999866485596,6.03000020980835,5.849999904632568,5.909999847412109,17263600
2012-10-08,5.710133075714111,5.849999904632568,5.900000095367432,5.800000190734863,5.829999923706055,11144500
2012-10-09,5.622284889221191,5.760000228881836,5.860000133514404,5.699999809265137,5.829999923706055,16388700
2012-10-10,5.622284889221191,5.760000228881836,5.800000190734863,5.639999866485596,5.789999961853027,16794300
2012-10-11,5.612523078918457,5.75,5.789999961853027,5.670000076293945,5.769999980926514,23649500
2012-10-12,5.534436225891113,5.670000076293945,5.800000190734863,5.630000114440918,5.760000228881836,20027100
2012-10-15,5.5832390785217285,5.71999979019165,5.760000228881836,5.639999866485596,5.760000228881836,15011600
2012-10-16,5.641807556152344,5.78000020980835,5.800000190734863,5.670000076293945,5.71999979019165,16460300
2012-10-17,5.641807556152344,5.78000020980835,5.849999904632568,5.670000076293945,5.75,16544400
2012-10-18,5.514915466308594,5.650000095367432,5.820000171661377,5.650000095367432,5.78000020980835,16866700
2012-10-19,5.319695949554443,5.449999809265137,5.769999980926514,5.440000057220459,5.760000228881836,23348000
2012-10-22,5.309935569763184,5.440000057220459,5.46999979019165,5.349999904632568,5.460000038146973,26365300
2012-10-23,5.280651569366455,5.409999847412109,5.489999771118164,5.289999961853027,5.349999904632568,36240300
2012-10-24,5.046391487121582,5.170000076293945,5.5,5.159999847412109,5.46999979019165,35474400
2012-10-25,5.553957939147949,5.690000057220459,5.710000038146973,5.179999828338623,5.199999809265137,46181100
2012-10-26,5.339217185974121,5.46999979019165,5.690000057220459,5.409999847412109,5.599999904632568,28145300
2012-10-31,5.300174236297607,5.429999828338623,5.650000095367432,5.380000114440918,5.539999961853027,18546200
2012-11-01,5.651566028594971,5.789999961853027,5.800000190734863,5.510000228881836,5.519999980926514,20757200
2012-11-02,5.573480129241943,5.710000038146973,5.869999885559082,5.650000095367432,5.820000171661377,24445700
2012-11-05,5.700372695922852,5.840000152587891,5.880000114440918,5.630000114440918,5.699999809265137,20052000
2012-11-06,5.944395065307617,6.090000152587891,6.090000152587891,5.860000133514404,5.880000114440918,46489800
2012-11-07,5.7686967849731445,5.909999847412109,6.019999980926514,5.760000228881836,5.940000057220459,39729900
2012-11-08,5.553957939147949,5.690000057220459,5.929999828338623,5.659999847412109,5.869999885559082,30618500
2012-11-09,5.485632419586182,5.619999885559082,5.800000190734863,5.590000152587891,5.690000057220459,22103800
2012-11-12,5.436827182769775,5.570000171661377,5.690000057220459,5.5,5.630000114440918,19265200
2012-11-13,5.602762222290039,5.739999771118164,5.809999942779541,5.460000038146973,5.46999979019165,29127300
2012-11-14,5.427066326141357,5.559999942779541,5.820000171661377,5.519999980926514,5.789999961853027,21264400
2012-11-15,5.339217185974121,5.46999979019165,5.639999866485596,5.409999847412109,5.639999866485596,19620000
2012-11-16,5.339217185974121,5.46999979019165,5.519999980926514,5.329999923706055,5.480000019073486,25895300
2012-11-19,5.407544136047363,5.539999961853027,5.670000076293945,5.510000228881836,5.559999942779541,28105900
2012-11-20,5.427066326141357,5.559999942779541,5.590000152587891,5.449999809265137,5.480000019073486,17348700
2012-11-21,5.388022422790527,5.519999980926514,5.559999942779541,5.460000038146973,5.53000020980835,17426100
2012-11-23,5.544197082519531,5.679999828338623,5.710000038146973,5.539999961853027,5.570000171661377,13674700
2012-11-26,5.563717842102051,5.699999809265137,5.789999961853027,5.619999885559082,5.679999828338623,29431300
2012-11-27,5.544197082519531,5.679999828338623,5.78000020980835,5.650000095367432,5.710000038146973,34241300
2012-11-28,5.632045269012451,5.769999980926514,5.789999961853027,5.579999923706055,5.619999885559082,24166600
2012-11-29,5.7686967849731445,5.909999847412109,5.920000076293945,5.739999771118164,5.800000190734863,25011800
2012-11-30,5.827263355255127,5.96999979019165,5.980000019073486,5.849999904632568,5.880000114440918,20270200
2012-12-03,5.788218975067139,5.929999828338623,6.03000020980835,5.900000095367432,6.019999980926514,15082300
2012-12-04,5.895589828491211,6.039999961853027,6.050000190734863,5.920000076293945,6.0,20645500
2012-12-05,6.032241821289063,6.179999828338623,6.199999809265137,6.019999980926514,6.050000190734863,18644200
2012-12-06,6.256743907928467,6.409999847412109,6.420000076293945,6.099999904632568,6.150000095367432,30376200
2012-12-07,6.2860260009765625,6.440000057220459,6.510000228881836,6.349999904632568,6.420000076293945,22046900
2012-12-10,6.510526180267334,6.670000076293945,6.730000019073486,6.429999828338623,6.449999809265137,32458100
2012-12-11,6.60813570022583,6.769999980926514,6.840000152587891,6.630000114440918,6.699999809265137,24442700
2012-12-12,6.549570560455322,6.710000038146973,6.860000133514404,6.639999866485596,6.860000133514404,28353700
2012-12-13,6.500765800476074,6.659999847412109,6.800000190734863,6.619999885559082,6.739999771118164,24047400
2012-12-14,6.686223030090332,6.849999904632568,6.889999866485596,6.690000057220459,6.739999771118164,23368900
2012-12-17,6.451961994171143,6.610000133514404,6.900000095367432,6.539999961853027,6.849999904632568,34772400
2012-12-18,6.539809226989746,6.699999809265137,6.710000038146973,6.550000190734863,6.619999885559082,28810700
2012-12-19,6.656940937042236,6.820000171661377,6.869999885559082,6.699999809265137,6.710000038146973,25576000
2012-12-20,6.627657890319824,6.789999961853027,6.869999885559082,6.730000019073486,6.840000152587891,19997000
2012-12-21,6.168895721435547,6.320000171661377,6.489999771118164,6.179999828338623,6.480000019073486,58144400
2012-12-24,6.081046581268311,6.230000019073486,6.380000114440918,6.179999828338623,6.380000114440918,6840000
2012-12-26,6.032241821289063,6.179999828338623,6.340000152587891,6.170000076293945,6.230000019073486,10342300
2012-12-27,6.071285247802734,6.21999979019165,6.260000228881836,6.070000171661377,6.179999828338623,18455400
2012-12-28,5.983437538146973,6.130000114440918,6.28000020980835,6.110000133514404,6.159999847412109,15127400
2012-12-31,6.188416957855225,6.340000152587891,6.360000133514404,6.110000133514404,6.139999866485596,18787600
2013-01-02,6.471484184265137,6.630000114440918,6.670000076293945,6.449999809265137,6.599999904632568,29556500
2013-01-03,6.735026836395264,6.900000095367432,6.96999979019165,6.610000133514404,6.639999866485596,39091500
2013-01-04,6.793593406677246,6.960000038146973,6.960000038146973,6.849999904632568,6.949999809265137,18802700
2013-01-07,7.0083327293396,7.179999828338623,7.28000020980835,7.03000020980835,7.059999942779541,31133300
2013-01-08,7.057137489318848,7.230000019073486,7.289999961853027,7.059999942779541,7.139999866485596,30791800
2013-01-09,7.135225296020508,7.309999942779541,7.380000114440918,7.239999771118164,7.25,20647500
2013-01-10,7.242595195770264,7.420000076293945,7.440000057220459,7.28000020980835,7.369999885559082,18685600
2013-01-11,7.359726428985596,7.539999961853027,7.559999942779541,7.300000190734863,7.389999866485596,25837200
2013-01-14,7.41829252243042,7.599999904632568,7.690000057220459,7.460000038146973,7.5,31488200
2013-01-15,7.41829252243042,7.599999904632568,7.619999885559082,7.429999828338623,7.539999961853027,20793800
2013-01-16,7.486618518829346,7.670000076293945,7.75,7.590000152587891,7.630000114440918,18978000
2013-01-17,7.6232709884643555,7.809999942779541,7.869999885559082,7.699999809265137,7.699999809265137,28642800
2013-01-18,7.701358318328857,7.889999866485596,7.989999771118164,7.789999961853027,7.809999942779541,33156900
2013-01-22,7.652554512023926,7.840000152587891,7.929999828338623,7.699999809265137,7.840000152587891,23287200
2013-01-23,7.593987464904785,7.78000020980835,7.900000095367432,7.679999828338623,7.880000114440918,23846100
2013-01-24,7.64279317855835,7.829999923706055,7.889999866485596,7.699999809265137,7.71999979019165,18816000
2013-01-25,7.68183708190918,7.869999885559082,8.079999923706055,7.829999923706055,7.889999866485596,30082500
2013-01-28,7.633031845092773,7.820000171661377,7.989999771118164,7.78000020980835,7.889999866485596,20638000
2013-01-29,7.398769855499268,7.579999923706055,7.820000171661377,7.539999961853027,7.809999942779541,35140300
2013-01-30,7.467096328735352,7.650000095367432,7.730000019073486,7.550000190734863,7.579999923706055,21175000
2013-01-31,7.37924861907959,7.559999942779541,7.699999809265137,7.539999961853027,7.639999866485596,25680800
2013-02-01,7.64279317855835,7.829999923706055,7.840000152587891,7.650000095367432,7.650000095367432,18710800
2013-02-04,7.574466228485107,7.760000228881836,8.010000228881836,7.730000019073486,7.800000190734863,27028200
2013-02-05,7.68183708190918,7.869999885559082,7.929999828338623,7.670000076293945,7.820000171661377,21156900
2013-02-06,7.759922504425049,7.949999809265137,8.0600004196167,7.699999809265137,7.699999809265137,46545300
2013-02-07,7.545183658599853,7.730000019073486,8.039999961853027,7.630000114440918,7.980000019073486,58974800
2013-02-08,7.564704895019531,7.75,7.809999942779541,7.659999847412109,7.78000020980835,24731700
2013-02-11,7.720880508422852,7.909999847412109,7.949999809265137,7.71999979019165,7.760000228881836,20221800
2013-02-12,7.730640888214111,7.920000076293945,7.980000019073486,7.849999904632568,7.909999847412109,19868600
2013-02-13,7.759922504425049,7.949999809265137,7.980000019073486,7.849999904632568,7.949999809265137,15371200
2013-02-14,7.886816024780273,8.079999923706055,8.09000015258789,7.860000133514404,7.900000095367432,24535600
2013-02-15,7.720880508422852,7.909999847412109,8.220000267028809,7.889999866485596,8.109999656677246,40145400
2013-02-19,7.925859451293945,8.119999885559082,8.119999885559082,7.880000114440918,7.900000095367432,24703800
2013-02-20,7.691597461700439,7.880000114440918,8.25,7.860000133514404,8.199999809265137,32447700
2013-02-21,7.496378898620605,7.679999828338623,7.880000114440918,7.639999866485596,7.820000171661377,37865800
2013-02-22,7.828249454498291,8.020000457763672,8.029999732971191,7.71999979019165,7.760000228881836,28722100
2013-02-25,7.740401744842529,7.929999828338623,8.220000267028809,7.880000114440918,8.119999885559082,36297900
2013-02-26,7.769684791564941,7.960000038146973,8.079999923706055,7.849999904632568,7.980000019073486,25972800
2013-02-27,7.984425067901611,8.180000305175781,8.229999542236328,7.949999809265137,7.96999979019165,21590500
2013-02-28,8.179642677307129,8.380000114440918,8.5,8.220000267028809,8.229999542236328,44039800
2013-03-01,8.052749633789062,8.25,8.359999656677246,8.199999809265137,8.319999694824219,19215200
2013-03-04,8.199164390563965,8.399999618530273,8.539999961853027,8.199999809265137,8.229999542236328,40980800
2013-03-05,8.521275520324707,8.729999542236328,8.789999961853027,8.520000457763672,8.550000190734863,36701000
2013-03-06,8.44318962097168,8.649999618530273,8.880000114440918,8.640000343322754,8.819999694824219,19929100
2013-03-07,8.726251602172852,8.9399995803833,8.949999809265137,8.710000038146973,8.770000457763672,26147300
2013-03-08,8.9800386428833,9.199999809265137,9.239999771118164,8.920000076293945,9.029999732971191,34822800
2013-03-11,9.126450538635254,9.350000381469728,9.399999618530272,9.0,9.149999618530272,43535800
2013-03-12,9.097166061401367,9.31999969482422,9.449999809265137,9.199999809265137,9.359999656677246,35260600
2013-03-13,9.28262710571289,9.510000228881836,9.65999984741211,9.350000381469728,9.350000381469728,41491000
2013-03-14,9.458321571350098,9.6899995803833,9.739999771118164,9.579999923706056,9.619999885559082,25192800
2013-03-15,9.14597225189209,9.369999885559082,9.75,9.270000457763672,9.739999771118164,43397000
2013-03-18,8.960515022277832,9.18000030517578,9.31999969482422,8.979999542236328,9.050000190734863,28917300
2013-03-19,9.01908016204834,9.239999771118164,9.40999984741211,9.09000015258789,9.270000457763672,26663100
2013-03-20,9.08740520477295,9.3100004196167,9.479999542236328,9.1899995803833,9.329999923706056,31547600
2013-03-21,8.853145599365234,9.06999969482422,9.369999885559082,9.06999969482422,9.350000381469728,39419600
2013-03-22,9.799955368041992,10.039999961853027,10.270000457763672,9.729999542236328,9.75,99807600
2013-03-25,9.643778800964355,9.880000114440918,10.130000114440918,9.779999732971191,10.010000228881836,39368000
2013-03-26,9.68282413482666,9.920000076293944,10.100000381469728,9.800000190734863,9.920000076293944,29906700
2013-03-27,9.7218656539917,9.960000038146973,10.039999961853027,9.68000030517578,9.760000228881836,27592700
2013-03-28,9.741389274597168,9.979999542236328,10.029999732971191,9.869999885559082,10.010000228881836,21787500
2013-04-01,9.155732154846191,9.380000114440918,9.979999542236328,9.34000015258789,9.970000267028809,44911900
2013-04-02,9.077648162841797,9.300000190734863,9.710000038146973,9.25,9.510000228881836,36023200
2013-04-03,8.882429122924805,9.100000381469728,9.449999809265137,9.050000190734863,9.350000381469728,31012800
2013-04-04,9.08740520477295,9.3100004196167,9.329999923706056,9.039999961853027,9.09000015258789,30485200
2013-04-05,9.08740520477295,9.3100004196167,9.59000015258789,9.119999885559082,9.149999618530272,41684200
2013-04-08,9.16549587249756,9.390000343322754,9.40999984741211,9.0600004196167,9.289999961853027,27065000
2013-04-09,9.34118938446045,9.56999969482422,9.670000076293944,9.390000343322754,9.449999809265137,21306900
2013-04-10,9.848758697509766,10.09000015258789,10.220000267028809,9.630000114440918,9.640000343322754,49796900
2013-04-11,9.741389274597168,9.979999542236328,10.149999618530272,9.770000457763672,9.90999984741211,28744300
2013-04-12,9.770672798156738,10.010000228881836,10.09000015258789,9.829999923706056,9.920000076293944,19487800
2013-04-15,9.331430435180664,9.5600004196167,9.960000038146973,9.5600004196167,9.93000030517578,28377200
2013-04-16,9.634017944335938,9.869999885559082,9.890000343322754,9.699999809265137,9.779999732971191,28029600
2013-04-17,9.16549587249756,9.390000343322754,9.760000228881836,9.350000381469728,9.739999771118164,37553400
2013-04-18,9.009318351745604,9.229999542236328,9.579999923706056,9.109999656677246,9.529999732971191,34728800
2013-04-19,9.126450538635254,9.350000381469728,9.470000267028809,9.100000381469728,9.260000228881836,32770600
2013-04-22,9.08740520477295,9.3100004196167,9.43000030517578,9.140000343322754,9.359999656677246,25020600
2013-04-23,9.19477653503418,9.420000076293944,9.489999771118164,9.270000457763672,9.399999618530272,24320300
2013-04-24,9.19477653503418,9.420000076293944,9.5,9.3100004196167,9.399999618530272,21298900
2013-04-25,9.302148818969728,9.529999732971191,9.640000343322754,9.31999969482422,9.359999656677246,28185700
2013-04-26,9.204538345336914,9.43000030517578,9.729999542236328,9.40999984741211,9.5,20556000
2013-04-29,9.126450538635254,9.350000381469728,9.5,9.34000015258789,9.479999542236328,17186600
2013-04-30,9.19477653503418,9.420000076293944,9.460000038146973,9.1899995803833,9.40999984741211,27791600
2013-05-01,8.9800386428833,9.199999809265137,9.470000267028809,9.149999618530272,9.420000076293944,29159700
2013-05-02,9.097166061401367,9.31999969482422,9.359999656677246,9.06999969482422,9.100000381469728,26660200
2013-05-03,9.399755477905272,9.630000114440918,9.699999809265137,9.43000030517578,9.449999809265137,23335200
2013-05-06,9.526647567749023,9.760000228881836,9.9399995803833,9.699999809265137,9.729999542236328,21108200
2013-05-07,9.73162841796875,9.970000267028809,9.979999542236328,9.65999984741211,9.800000190734863,26888100
2013-05-08,9.995171546936035,10.239999771118164,10.260000228881836,9.81999969482422,9.920000076293944,37045600
2013-05-09,10.453934669494627,10.710000038146973,10.75,10.210000038146973,10.220000267028809,46665700
2013-05-10,10.56130313873291,10.81999969482422,10.899999618530272,10.600000381469728,10.600000381469728,35312700
2013-05-13,10.405131340026855,10.65999984741211,10.8100004196167,10.600000381469728,10.75,22562900
2013-05-14,10.395367622375488,10.649999618530272,10.710000038146973,10.520000457763672,10.699999809265137,20576300
2013-05-15,10.610109329223633,10.869999885559082,11.0,10.630000114440918,10.68000030517578,25065200
2013-05-16,10.79556655883789,11.0600004196167,11.260000228881836,10.93000030517578,10.93000030517578,35917300
2013-05-17,11.039588928222656,11.3100004196167,11.420000076293944,11.130000114440918,11.15999984741211,30543500
2013-05-20,10.94198226928711,11.210000038146973,11.399999618530272,11.079999923706056,11.3100004196167,24658400
2013-05-21,10.961501121520996,11.229999542236328,11.31999969482422,11.15999984741211,11.210000038146973,18960900
2013-05-22,10.65891170501709,10.920000076293944,11.68000030517578,10.800000190734863,11.229999542236328,51844400
2013-05-23,11.117674827575684,11.390000343322754,11.489999771118164,10.56999969482422,10.729999542236328,57163600
2013-05-24,11.31289768218994,11.59000015258789,11.65999984741211,11.289999961853027,11.300000190734863,28601200
2013-05-28,11.49835205078125,11.779999732971191,11.880000114440918,11.6899995803833,11.739999771118164,25633800
2013-05-29,11.547157287597656,11.829999923706056,11.920000076293944,11.600000381469728,11.6899995803833,25205300
2013-05-30,11.605722427368164,11.890000343322754,11.989999771118164,11.75,11.8100004196167,25785400
2013-05-31,11.400745391845703,11.68000030517578,11.90999984741211,11.68000030517578,11.829999923706056,23852400
2013-06-03,11.44954776763916,11.729999542236328,11.989999771118164,11.40999984741211,11.739999771118164,26382900
2013-06-04,11.430027961730955,11.710000038146973,12.0,11.649999618530272,11.729999542236328,26370500
2013-06-05,11.73261547088623,12.020000457763672,12.140000343322754,11.670000076293944,11.6899995803833,40890700
2013-06-06,12.054727554321287,12.350000381469728,12.539999961853027,12.140000343322754,12.18000030517578,47860200
2013-06-07,12.347551345825195,12.649999618530272,12.720000267028809,12.369999885559082,12.5600004196167,32419000
2013-06-10,12.64037799835205,12.949999809265137,13.079999923706056,12.640000343322754,12.640000343322754,40488200
2013-06-11,12.503725051879885,12.8100004196167,13.199999809265137,12.630000114440918,12.869999885559082,49707600
2013-06-12,12.191376686096191,12.489999771118164,13.119999885559082,12.460000038146973,12.979999542236328,34199300
2013-06-13,12.601335525512695,12.90999984741211,12.920000076293944,12.470000267028809,12.529999732971191,30212000
2013-06-14,12.454920768737791,12.760000228881836,13.15999984741211,12.640000343322754,13.079999923706056,29740300
2013-06-17,12.923444747924805,13.239999771118164,13.5,13.079999923706056,13.15999984741211,50588300
2013-06-18,13.421250343322754,13.75,13.760000228881836,13.3100004196167,13.34000015258789,57594500
2013-06-19,13.635990142822266,13.970000267028809,14.109999656677246,13.640000343322754,13.81999969482422,83958500
2013-06-20,13.21627140045166,13.539999961853027,13.8100004196167,13.1899995803833,13.479999542236328,75247900
2013-06-21,13.567665100097656,13.899999618530272,14.050000190734863,13.699999809265137,13.850000381469728,73389200
2013-06-24,13.138184547424316,13.460000038146973,13.869999885559082,13.15999984741211,13.8100004196167,68189200
2013-06-25,13.421250343322754,13.75,13.81999969482422,13.420000076293944,13.739999771118164,32876400
2013-06-26,13.840971946716309,14.18000030517578,14.3100004196167,13.869999885559082,13.890000343322754,44886100
2013-06-27,13.997145652770996,14.34000015258789,14.529999732971191,14.270000457763672,14.300000190734863,38747100
2013-06-28,13.987382888793944,14.329999923706056,14.470000267028809,14.020000457763672,14.300000190734863,36612300
2013-07-01,13.92881965637207,14.270000457763672,14.600000381469728,14.18000030517578,14.470000267028809,33909600
2013-07-02,13.967863082885742,14.3100004196167,14.329999923706056,13.850000381469728,14.029999732971191,61198800
2013-07-03,13.801929473876951,14.140000343322754,14.289999961853027,14.109999656677246,14.289999961853027,24489300
2013-07-05,13.967863082885742,14.3100004196167,14.369999885559082,14.119999885559082,14.270000457763672,29746900
2013-07-08,13.69455623626709,14.029999732971191,14.359999656677246,13.869999885559082,14.359999656677246,53084600
2013-07-09,12.82583713531494,13.140000343322754,14.140000343322754,13.079999923706056,14.079999923706056,91816900
2013-07-10,12.249942779541016,12.550000190734863,13.239999771118164,12.470000267028809,12.93000030517578,89592900
2013-07-11,12.396355628967283,12.699999809265137,12.880000114440918,12.470000267028809,12.869999885559082,52215600
2013-07-12,12.38659381866455,12.6899995803833,12.850000381469728,12.56999969482422,12.739999771118164,33419400
2013-07-15,12.757509231567385,13.06999969482422,13.1899995803833,12.649999618530272,12.760000228881836,30926300
2013-07-16,13.060097694396973,13.380000114440918,13.40999984741211,13.100000381469728,13.15999984741211,42885300
2013-07-17,13.265077590942385,13.59000015258789,13.720000267028809,13.359999656677246,13.449999809265137,32539300
2013-07-18,13.362686157226562,13.6899995803833,13.859999656677246,13.630000114440918,13.789999961853027,38727500
2013-07-19,13.401729583740234,13.729999542236328,13.729999542236328,13.4399995803833,13.670000076293944,27734400
2013-07-22,13.49933910369873,13.829999923706056,13.90999984741211,13.619999885559082,13.619999885559082,24337500
2013-07-23,13.313881874084473,13.640000343322754,14.0600004196167,13.619999885559082,13.890000343322754,38691100
2013-07-24,12.796554565429688,13.109999656677246,13.829999923706056,13.079999923706056,13.800000190734863,46712000
2013-07-25,12.972249984741213,13.289999961853027,13.43000030517578,12.800000190734863,12.949999809265137,42692600
2013-07-26,12.28898811340332,12.59000015258789,13.100000381469728,12.510000228881836,13.0600004196167,68782400
2013-07-29,12.17185401916504,12.470000267028809,12.869999885559082,12.390000343322754,12.670000076293944,40786800
2013-07-30,12.298748970031738,12.600000381469728,12.6899995803833,12.3100004196167,12.5,48759000
2013-07-31,12.923444747924805,13.239999771118164,13.289999961853027,12.649999618530272,12.670000076293944,45062600
2013-08-01,13.24555778503418,13.56999969482422,13.630000114440918,13.300000190734863,13.380000114440918,32858900
2013-08-02,13.177228927612305,13.5,13.600000381469728,13.329999923706056,13.5,26500600
2013-08-05,13.831209182739258,14.170000076293944,14.18000030517578,13.5,13.510000228881836,43741000
2013-08-06,13.801929473876951,14.140000343322754,14.239999771118164,13.9399995803833,14.15999984741211,29094900
2013-08-07,13.479816436767578,13.8100004196167,14.039999961853027,13.600000381469728,14.0,34736800
2013-08-08,13.616469383239746,13.949999809265137,14.050000190734863,13.609999656677246,13.8100004196167,39511800
2013-08-09,13.655513763427734,13.989999771118164,14.520000457763672,13.739999771118164,13.75,64619700
2013-08-12,13.49933910369873,13.829999923706056,14.15999984741211,13.770000457763672,13.949999809265137,35376800
2013-08-13,14.612080574035645,14.970000267028809,14.979999542236328,14.079999923706056,14.140000343322754,84457700
2013-08-14,14.465669631958008,14.81999969482422,15.06999969482422,14.56999969482422,14.81999969482422,47850600
2013-08-15,13.792166709899902,14.130000114440918,14.40999984741211,13.970000267028809,14.40999984741211,53528900
2013-08-16,13.675033569335938,14.010000228881836,14.350000381469728,13.949999809265137,14.170000076293944,30624000
2013-08-19,13.470053672790527,13.800000190734863,14.029999732971191,13.770000457763672,14.0,25506900
2013-08-20,13.470053672790527,13.800000190734863,13.90999984741211,13.649999618530272,13.8100004196167,24379600
2013-08-21,13.304121017456056,13.630000114440918,13.899999618530272,13.5600004196167,13.8100004196167,29709100
2013-08-22,13.5286226272583,13.859999656677246,14.079999923706056,13.739999771118164,13.75,15091700
2013-08-23,13.5286226272583,13.859999656677246,13.93000030517578,13.729999542236328,13.90999984741211,15663000
2013-08-26,13.450533866882324,13.779999732971191,13.920000076293944,13.720000267028809,13.899999618530272,16331500
2013-08-27,12.86488151550293,13.18000030517578,13.59000015258789,13.050000190734863,13.5600004196167,39898700
2013-08-28,12.923444747924805,13.239999771118164,13.350000381469728,13.0600004196167,13.18000030517578,36138600
2013-08-29,13.24555778503418,13.56999969482422,13.739999771118164,13.229999542236328,13.229999542236328,23787700
2013-08-30,13.24555778503418,13.56999969482422,13.68000030517578,13.300000190734863,13.59000015258789,22278600
2013-09-03,13.675033569335938,14.010000228881836,14.149999618530272,13.699999809265137,13.779999732971191,37060500
2013-09-04,14.397345542907717,14.75,15.270000457763672,14.4399995803833,14.970000267028809,117540600
2013-09-05,14.80730152130127,15.170000076293944,15.210000038146973,14.9399995803833,14.949999809265137,38713900
2013-09-06,14.895151138305664,15.260000228881836,15.359999656677246,14.960000038146973,15.239999771118164,38111000
2013-09-09,15.246541976928713,15.619999885559082,15.6899995803833,15.300000190734863,15.399999618530272,32745800
2013-09-10,15.871241569519045,16.260000228881836,16.649999618530273,15.869999885559082,15.899999618530272,80821300
2013-09-11,16.095739364624023,16.489999771118164,16.600000381469727,16.0,16.299999237060547,48497900
2013-09-12,15.81267547607422,16.200000762939453,16.850000381469727,16.139999389648438,16.520000457763672,55883900
2013-09-13,15.81267547607422,16.200000762939453,16.239999771118164,15.670000076293944,16.0,55788100
2013-09-16,16.046934127807617,16.440000534057617,16.690000534057617,16.40999984741211,16.540000915527344,35709000
2013-09-17,16.4373722076416,16.84000015258789,16.860000610351562,16.229999542236328,16.469999313354492,32439700
2013-09-18,16.857093811035156,17.270000457763672,17.299999237060547,16.81999969482422,16.8799991607666,43515600
2013-09-19,16.749727249145508,17.15999984741211,17.59000015258789,17.020000457763672,17.510000228881836,43702900
2013-09-20,16.818050384521484,17.229999542236328,17.489999771118164,17.1299991607666,17.239999771118164,30036800
2013-09-23,16.642349243164062,17.049999237060547,17.350000381469727,16.739999771118164,17.229999542236328,30442400
2013-09-24,16.632591247558594,17.040000915527344,17.15999984741211,16.829999923706055,17.1299991607666,34793100
2013-09-25,16.56426429748535,16.969999313354492,17.329999923706055,16.940000534057617,17.059999465942383,44413400
2013-09-26,17.052305221557617,17.469999313354492,17.530000686645508,17.18000030517578,17.31999969482422,49153400
2013-09-27,17.19872283935547,17.6200008392334,17.950000762939453,17.40999984741211,17.469999313354492,45015600
2013-09-30,17.052305221557617,17.469999313354492,17.639999389648438,17.139999389648438,17.31999969482422,30082400
2013-10-01,17.188962936401367,17.610000610351562,17.75,17.34000015258789,17.540000915527344,32979500
2013-10-02,17.23776626586914,17.65999984741211,18.1299991607666,17.549999237060547,17.649999618530273,49128100
2013-10-03,17.589162826538086,18.020000457763672,18.100000381469727,17.3700008392334,17.940000534057617,59041700
2013-10-04,18.028404235839844,18.46999931335449,18.549999237060547,18.010000228881836,18.07999992370605,48080600
2013-10-07,18.047924041748047,18.489999771118164,18.850000381469727,18.479999542236328,18.770000457763672,61970900
2013-10-08,17.50131607055664,17.93000030517578,18.64999961853028,17.729999542236328,18.600000381469727,57008600
2013-10-09,17.716053009033203,18.14999961853028,18.450000762939453,17.149999618530273,18.030000686645508,67714300
2013-10-10,17.989356994628906,18.43000030517578,18.59000015258789,18.059999465942383,18.36000061035156,78690500
2013-10-11,16.4373722076416,16.84000015258789,18.010000228881836,16.559999465942383,17.889999389648438,153906100
2013-10-14,16.66187286376953,17.06999969482422,17.149999618530273,16.170000076293945,16.56999969482422,62909500
2013-10-15,16.515460968017578,16.920000076293945,17.43000030517578,16.84000015258789,17.079999923706055,63043900
2013-10-16,16.554502487182617,16.959999084472656,17.299999237060547,16.90999984741211,17.079999923706055,49096400
2013-10-17,16.739961624145508,17.149999618530273,17.15999984741211,16.739999771118164,17.0,40714800
2013-10-18,16.622833251953125,17.030000686645508,17.25,16.959999084472656,17.170000076293945,34970600
2013-10-21,16.173830032348633,16.56999969482422,17.139999389648438,16.510000228881836,17.030000686645508,44886200
2013-10-22,16.359285354614258,16.760000228881836,16.940000534057617,16.399999618530273,16.700000762939453,48362800
2013-10-23,16.154306411743164,16.549999237060547,16.59000015258789,16.350000381469727,16.489999771118164,39244600
2013-10-24,16.427610397338867,16.829999923706055,16.920000076293945,16.399999618530273,16.43000030517578,30291300
2013-10-25,16.183589935302734,16.579999923706055,16.989999771118164,16.520000457763672,16.920000076293945,28678300
2013-10-28,16.320240020751953,16.719999313354492,16.75,16.299999237060547,16.520000457763672,19926900
2013-10-29,17.081592559814453,17.5,17.5,16.93000030517578,17.020000457763672,51381400
2013-10-30,16.974220275878906,17.389999389648438,17.639999389648438,17.270000457763672,17.610000610351562,32373200
2013-10-31,17.257286071777344,17.68000030517578,17.799999237060547,17.18000030517578,17.280000686645508,42547400
2013-11-01,17.15968132019043,17.579999923706055,17.90999984741211,17.43000030517578,17.75,41364500
2013-11-04,17.462268829345703,17.889999389648438,17.989999771118164,17.520000457763672,17.6200008392334,37798300
2013-11-05,17.247529983520508,17.670000076293945,17.790000915527344,17.489999771118164,17.739999771118164,23797000
2013-11-06,17.081592559814453,17.5,17.81999969482422,17.389999389648438,17.770000457763672,21799500
2013-11-07,17.29633140563965,17.719999313354492,18.15999984741211,17.579999923706055,17.829999923706055,54192000
2013-11-08,17.677005767822266,18.11000061035156,18.1200008392334,17.610000610351562,17.700000762939453,33201300
2013-11-11,17.833181381225586,18.270000457763672,18.280000686645508,17.899999618530273,18.040000915527344,36990400
2013-11-12,18.18457221984864,18.6299991607666,18.670000076293945,18.1200008392334,18.170000076293945,32224800
2013-11-13,18.4676456451416,18.920000076293945,18.989999771118164,18.420000076293945,18.46999931335449,38821200
2013-11-14,18.731189727783203,19.190000534057617,19.200000762939453,18.89999961853028,18.90999984741211,31418000
2013-11-15,18.99472999572754,19.459999084472656,19.82999992370605,19.21999931335449,19.3799991607666,51592800
2013-11-18,18.82879638671875,19.290000915527344,19.8799991607666,19.09000015258789,19.57999992370605,47549900
2013-11-19,18.604297637939453,19.059999465942383,19.8700008392334,19.049999237060547,19.350000381469727,51853700
2013-11-20,18.35051155090332,18.799999237060547,19.21999931335449,18.51000022888184,19.190000534057617,44809000
2013-11-21,19.512056350708008,19.989999771118164,20.11000061035156,18.959999084472656,19.040000915527344,93347300
2013-11-22,19.707275390625,20.190000534057617,20.31999969482422,19.65999984741211,19.90999984741211,40144800
2013-11-25,19.38516616821289,19.86000061035156,20.5,19.709999084472656,20.440000534057617,33866000
2013-11-26,19.824405670166016,20.309999465942383,20.40999984741211,19.82999992370605,19.93000030517578,33585000
2013-11-27,20.66385078430176,21.170000076293945,21.190000534057617,20.290000915527344,20.40999984741211,40572700
2013-11-29,20.595521926879883,21.100000381469727,21.309999465942383,20.89999961853028,21.299999237060547,20081800
2013-12-02,20.761455535888672,21.270000457763672,21.63999938964844,20.959999084472656,21.100000381469727,34102800
2013-12-03,21.308067321777344,21.82999992370605,21.89999961853028,21.32999992370605,21.440000534057617,43553100
2013-12-04,21.23974227905273,21.76000022888184,21.93000030517578,21.40999984741211,21.68000030517578,34609000
2013-12-05,21.132369995117188,21.64999961853028,22.09000015258789,21.59000015258789,21.86000061035156,30302800
2013-12-06,21.77659034729004,22.309999465942383,22.309999465942383,21.799999237060547,21.96999931335449,32237800
2013-12-09,22.56723022460937,23.1200008392334,23.670000076293945,22.600000381469727,22.65999984741211,65756700
2013-12-10,22.586746215820312,23.13999938964844,23.440000534057617,22.799999237060547,23.1200008392334,41919500
2013-12-11,21.96204948425293,22.5,22.90999984741211,22.290000915527344,22.46999931335449,52447500
2013-12-12,22.00109100341797,22.540000915527344,23.09000015258789,22.36000061035156,22.68000030517578,52600200
2013-12-13,22.528181076049805,23.07999992370605,23.200000762939453,22.64999961853028,22.729999542236328,31018700
2013-12-16,22.2255973815918,22.770000457763672,23.420000076293945,22.65999984741211,23.170000076293945,35065800
2013-12-17,22.372005462646484,22.920000076293945,22.979999542236328,22.549999237060547,22.850000381469727,26694900
2013-12-18,21.28854751586914,21.809999465942383,22.489999771118164,20.809999465942383,22.489999771118164,106635200
2013-12-19,21.103090286254883,21.6200008392334,22.280000686645508,21.559999465942383,21.729999542236328,37767000
2013-12-20,21.639938354492188,22.170000076293945,22.57999992370605,21.76000022888184,21.799999237060547,49176400
2013-12-23,20.976192474365234,21.489999771118164,21.670000076293945,21.21999931335449,21.440000534057617,40831000
2013-12-24,21.29830741882324,21.81999969482422,21.89999961853028,21.600000381469727,21.6299991607666,12857500
2013-12-26,21.220218658447266,21.739999771118164,22.25,21.739999771118164,21.82999992370605,17095500
2013-12-27,21.00547790527344,21.520000457763672,21.989999771118164,21.459999084472656,21.93000030517578,19386300
2013-12-30,20.790735244750977,21.299999237060547,21.68000030517578,21.229999542236328,21.450000762939453,19267100
2013-12-31,21.22998046875,21.75,21.93000030517578,21.3799991607666,21.40999984741211,25122400
2014-01-02,21.14213180541992,21.65999984741211,21.790000915527344,21.270000457763672,21.68000030517578,26413500
2014-01-03,20.468629837036133,20.96999931335449,21.43000030517578,20.89999961853028,21.200000762939453,34590200
2014-01-06,20.1758041381836,20.670000076293945,20.96999931335449,20.63999938964844,20.96999931335449,38180500
2014-01-07,21.21046257019043,21.729999542236328,21.940000534057617,20.88999938964844,20.88999938964844,67904500
2014-01-08,23.299293518066406,23.8700008392334,24.5,23.559999465942383,24.200000762939453,93499500
2014-01-09,22.68435287475586,23.239999771118164,23.709999084472656,22.90999984741211,23.600000381469727,42782900
2014-01-10,23.14311981201172,23.709999084472656,23.71999931335449,23.18000030517578,23.38999938964844,33930200
2014-01-13,22.77220726013184,23.32999992370605,23.799999237060547,23.25,23.700000762939453,27619700
2014-01-14,23.10407257080078,23.670000076293945,23.790000915527344,22.8700008392334,22.8700008392334,33092200
2014-01-15,22.77220726013184,23.32999992370605,23.76000022888184,23.299999237060547,23.71999931335449,26949000
2014-01-16,22.57698440551757,23.1299991607666,23.59000015258789,22.89999961853028,23.479999542236328,28888700
2014-01-17,21.84491539001465,22.3799991607666,23.280000686645508,22.32999992370605,22.89999961853028,46943200
2014-01-21,22.56723022460937,23.1200008392334,23.18000030517578,22.31999969482422,22.39999961853028,29508700
2014-01-22,23.08455276489257,23.64999961853028,23.790000915527344,22.75,22.799999237060547,31254300
2014-01-23,23.07478713989257,23.63999938964844,23.64999961853028,23.239999771118164,23.309999465942383,29418600
2014-01-24,22.372005462646484,22.920000076293945,23.64999961853028,22.90999984741211,23.5,30019100
2014-01-27,22.352479934692383,22.89999961853028,23.3700008392334,22.559999465942383,23.100000381469727,30006400
2014-01-28,22.4989013671875,23.049999237060547,23.200000762939453,22.549999237060547,22.88999938964844,27555900
2014-01-29,22.16702651977539,22.709999084472656,23.270000457763672,22.64999961853028,22.84000015258789,21718400
2014-01-30,22.889339447021484,23.450000762939453,23.76000022888184,22.950000762939453,23.11000061035156,32630000
2014-01-31,22.48913955688477,23.040000915527344,23.5,23.0,23.100000381469727,29539000
2014-02-03,22.26463508605957,22.809999465942383,23.6299991607666,22.700000762939453,23.0,36010100
2014-02-04,22.450092315673828,23.0,23.18000030517578,22.64999961853028,22.950000762939453,20104700
2014-02-05,22.75268173217773,23.309999465942383,23.479999542236328,22.700000762939453,22.950000762939453,26097800
2014-02-06,23.533552169799805,24.11000061035156,24.770000457763672,23.5,23.51000022888184,65314700
2014-02-07,23.92399406433105,24.51000022888184,24.63999938964844,23.920000076293945,24.3700008392334,47809700
2014-02-10,24.27538299560547,24.8700008392334,25.239999771118164,24.56999969482422,24.63999938964844,28374800
2014-02-11,24.11920738220215,24.709999084472656,25.06999969482422,24.57999992370605,24.850000381469727,21177200
2014-02-12,24.294898986816406,24.88999938964844,25.15999984741211,24.790000915527344,24.90999984741211,23915300
2014-02-13,24.31442642211914,24.90999984741211,25.01000022888184,24.68000030517578,24.84000015258789,23317000
2014-02-14,24.48036193847656,25.07999992370605,25.299999237060547,24.71999931335449,24.88999938964844,32449600
2014-02-18,24.81222915649414,25.420000076293945,25.65999984741211,25.100000381469727,25.190000534057617,34133700
2014-02-19,24.81222915649414,25.420000076293945,25.68000030517578,25.170000076293945,25.420000076293945,27239800
2014-02-20,24.88056182861328,25.489999771118164,25.65999984741211,25.31999969482422,25.350000381469727,23288000
2014-02-21,24.48036193847656,25.07999992370605,25.59000015258789,24.540000915527344,25.56999969482422,44791800
2014-02-24,24.158248901367188,24.75,25.21999931335449,24.559999465942383,25.14999961853028,33037900
2014-02-25,23.679967880249023,24.26000022888184,25.0,24.100000381469727,24.799999237060547,37147600
2014-02-26,23.640926361083984,24.21999931335449,24.729999542236328,24.15999984741211,24.309999465942383,20936900
2014-02-27,23.61164283752441,24.190000534057617,24.34000015258789,23.89999961853028,24.14999961853028,39242800
2014-02-28,23.61164283752441,24.190000534057617,24.36000061035156,23.89999961853028,24.229999542236328,33877300
2014-03-03,23.89470863342285,24.479999542236328,24.770000457763672,23.709999084472656,23.86000061035156,35961800
2014-03-04,24.5096492767334,25.11000061035156,25.14999961853028,24.71999931335449,24.8700008392334,32780000
2014-03-05,24.23634147644043,24.82999992370605,25.1299991607666,24.68000030517578,25.07999992370605,25938700
2014-03-06,24.17777442932129,24.770000457763672,24.8700008392334,24.299999237060547,24.850000381469727,32312100
2014-03-07,23.836143493652344,24.420000076293945,24.88999938964844,24.32999992370605,24.81999969482422,23827000
2014-03-10,24.255863189697266,24.850000381469727,24.940000534057617,24.07999992370605,24.31999969482422,23662500
2014-03-11,24.080162048339844,24.670000076293945,25.06999969482422,24.559999465942383,24.93000030517578,21103100
2014-03-12,24.24610137939453,24.84000015258789,24.940000534057617,24.21999931335449,24.600000381469727,19272800
2014-03-13,23.533552169799805,24.11000061035156,24.940000534057617,23.600000381469727,24.90999984741211,35572900
2014-03-14,23.38713836669922,23.959999084472656,24.31999969482422,23.729999542236328,24.06999969482422,24575000
2014-03-17,23.35785484313965,23.93000030517578,24.170000076293945,23.850000381469727,24.11000061035156,17778700
2014-03-18,23.904470443725582,24.489999771118164,24.600000381469727,23.71999931335449,24.040000915527344,27425600
2014-03-19,23.406661987304688,23.979999542236328,24.6200008392334,23.75,24.459999084472656,19799500
2014-03-20,23.43594551086425,24.01000022888184,24.36000061035156,23.88999938964844,23.93000030517578,19735500
2014-03-21,23.094314575195312,23.65999984741211,24.26000022888184,23.65999984741211,24.11000061035156,32238500
2014-03-24,22.91861724853516,23.479999542236328,24.100000381469727,23.38999938964844,23.809999465942383,23740900
2014-03-25,22.96742248535156,23.530000686645508,23.920000076293945,23.420000076293945,23.63999938964844,17054900
2014-03-26,22.28415870666504,22.82999992370605,23.88999938964844,22.81999969482422,23.6299991607666,24590700
2014-03-27,21.70826530456543,22.239999771118164,22.82999992370605,21.920000076293945,22.809999465942383,35985000
2014-03-28,21.386150360107425,21.90999984741211,22.540000915527344,21.700000762939453,21.989999771118164,37763700
2014-03-31,23.094314575195312,23.65999984741211,23.68000030517578,22.209999084472656,22.299999237060547,39630300
2014-04-01,23.85566711425781,24.440000534057617,24.459999084472656,23.700000762939453,23.84000015258789,36880800
2014-04-02,23.767822265625,24.350000381469727,24.600000381469727,24.0,24.56999969482422,24486300
2014-04-03,23.42618560791016,24.0,24.729999542236328,23.780000686645508,24.559999465942383,40670000
2014-04-04,22.04013633728028,22.57999992370605,24.850000381469727,22.440000534057617,24.790000915527344,77296000
2014-04-07,21.19093513488769,21.709999084472656,22.979999542236328,21.209999084472656,22.520000457763672,63603900
2014-04-08,21.678979873657227,22.209999084472656,22.43000030517578,21.39999961853028,22.059999465942383,44299000
2014-04-09,22.05966186523437,22.600000381469727,22.84000015258789,22.239999771118164,22.57999992370605,31636000
2014-04-10,21.16165351867676,21.68000030517578,22.950000762939453,21.6200008392334,22.700000762939453,37066500
2014-04-11,20.624801635742188,21.1299991607666,21.93000030517578,21.020000457763672,21.489999771118164,35232600
2014-04-14,21.376394271850582,21.89999961853028,22.13999938964844,21.25,21.36000061035156,31740100
2014-04-15,21.639938354492188,22.170000076293945,22.239999771118164,21.520000457763672,21.920000076293945,25067600
2014-04-16,21.942529678344727,22.479999542236328,22.56999969482422,22.0,22.36000061035156,21619500
2014-04-17,23.33833312988281,23.90999984741211,24.13999938964844,23.030000686645508,23.11000061035156,46206900
2014-04-21,24.714624404907227,25.31999969482422,25.38999938964844,24.559999465942383,25.040000915527344,45434800
2014-04-22,25.55406188964844,26.18000030517578,26.280000686645508,25.479999542236328,25.51000022888184,45903400
2014-04-23,25.622392654418945,26.25,26.459999084472656,25.96999931335449,26.190000534057617,32508700
2014-04-24,25.53453826904297,26.15999984741211,26.6200008392334,25.34000015258789,26.450000762939453,39791400
2014-04-25,24.656063079833984,25.26000022888184,25.68000030517578,25.049999237060547,25.600000381469727,26022500
2014-04-28,23.992319107055664,24.57999992370605,25.729999542236328,24.190000534057617,25.43000030517578,32168000
2014-04-29,24.49988555908203,25.100000381469727,25.299999237060547,24.450000762939453,24.75,19746700
2014-04-30,25.49549865722656,26.1200008392334,26.1200008392334,25.13999938964844,25.170000076293945,28811800
2014-05-01,25.622392654418945,26.25,26.81999969482422,25.850000381469727,26.209999084472656,28231400
2014-05-02,25.68095588684082,26.309999465942383,26.63999938964844,26.06999969482422,26.26000022888184,18326000
2014-05-05,26.100669860839844,26.739999771118164,26.84000015258789,25.950000762939453,26.25,21120800
2014-05-06,26.042104721069336,26.68000030517578,27.18000030517578,26.51000022888184,26.82999992370605,23078300
2014-05-07,25.7883243560791,26.420000076293945,26.8700008392334,26.049999237060547,26.690000534057617,24487200
2014-05-08,26.2861328125,26.93000030517578,27.39999961853028,26.229999542236328,26.34000015258789,27015400
2014-05-09,26.19828224182129,26.84000015258789,27.059999465942383,26.450000762939453,26.950000762939453,20679100
2014-05-12,26.85226249694824,27.51000022888184,27.540000915527344,26.940000534057617,27.030000686645508,22396900
2014-05-13,26.96939277648925,27.6299991607666,27.780000686645508,27.229999542236328,27.5,29540000
2014-05-14,26.21780586242676,26.86000061035156,27.65999984741211,26.780000686645508,27.530000686645508,28161200
2014-05-15,25.2417106628418,25.86000061035156,26.88999938964844,25.25,26.809999465942383,41523500
2014-05-16,25.40764808654785,26.030000686645508,26.350000381469727,25.540000915527344,25.84000015258789,19890900
2014-05-19,26.2958927154541,26.940000534057617,27.0,26.15999984741211,26.3700008392334,21930500
2014-05-20,25.91521644592285,26.549999237060547,27.15999984741211,26.15999984741211,26.96999931335449,21830400
2014-05-21,26.344696044921875,26.989999771118164,27.209999084472656,26.799999237060547,26.93000030517578,19021300
2014-05-22,26.52039337158203,27.170000076293945,27.38999938964844,26.8700008392334,27.030000686645508,14936600
2014-05-23,26.67656707763672,27.32999992370605,27.39999961853028,27.059999465942383,27.18000030517578,12406800
2014-05-27,27.38911247253418,28.059999465942383,28.11000061035156,27.479999542236328,27.530000686645508,23525400
2014-05-28,27.925968170166016,28.61000061035156,28.920000076293945,28.170000076293945,28.299999237060547,25382300
2014-05-29,27.896678924560547,28.57999992370605,29.030000686645508,28.43000030517578,28.790000915527344,23288800
2014-05-30,27.906444549560547,28.59000015258789,28.89999961853028,28.38999938964844,28.6299991607666,24068700
2014-06-02,27.97476577758789,28.65999984741211,28.71999931335449,28.049999237060547,28.61000061035156,14522600
2014-06-03,27.98452949523925,28.670000076293945,28.93000030517578,28.39999961853028,28.559999465942383,14002300
2014-06-04,28.27735710144043,28.96999931335449,29.01000022888184,28.46999931335449,28.57999992370605,14377400
2014-06-05,28.34568214416504,29.040000915527344,29.479999542236328,28.90999984741211,29.09000015258789,21878500
2014-06-06,28.83372688293457,29.540000915527344,29.549999237060547,29.049999237060547,29.14999961853028,18319800
2014-06-09,28.306640625,29.0,29.71999931335449,28.88999938964844,29.489999771118164,20635300
2014-06-10,28.8044490814209,29.51000022888184,29.540000915527344,28.59000015258789,29.0,24108900
2014-06-11,30.24905776977539,30.989999771118164,31.600000381469727,30.1200008392334,30.64999961853028,55472400
2014-06-12,30.12216758728028,30.86000061035156,31.21999931335449,30.559999465942383,31.06999969482422,28152900
2014-06-13,30.424755096435547,31.170000076293945,31.46999931335449,31.059999465942383,31.13999938964844,23275600
2014-06-16,31.14706420898437,31.90999984741211,32.189998626708984,31.280000686645508,31.43000030517578,35496500
2014-06-17,31.47893524169922,32.25,32.400001525878906,31.950000762939453,32.0,25195500
2014-06-18,31.293476104736328,32.060001373291016,32.43000030517578,31.700000762939453,32.380001068115234,30089900
2014-06-19,31.049457550048828,31.809999465942383,32.16999816894531,31.549999237060547,32.09000015258789,22402300
2014-06-20,31.0885009765625,31.850000381469727,31.93000030517578,31.39999961853028,31.8799991607666,28266500
2014-06-23,30.512603759765625,31.26000022888184,32.29999923706055,31.25,32.290000915527344,48594600
2014-06-24,31.72295570373535,32.5,32.970001220703125,31.15999984741211,31.51000022888184,59689500
2014-06-25,31.566783905029297,32.34000015258789,32.7400016784668,31.88999938964844,32.349998474121094,29796700
2014-06-26,31.23491096496582,32.0,32.400001525878906,31.799999237060547,32.310001373291016,20353300
2014-06-27,30.75662612915039,31.51000022888184,31.93000030517578,31.450000762939453,31.8799991607666,46770900
2014-06-30,32.162200927734375,32.95000076293945,33.04999923706055,31.89999961853028,32.060001373291016,31032300
2014-07-01,33.16756820678711,33.97999954223633,34.5,33.06999969482422,33.2400016784668,36348500
2014-07-02,32.95283126831055,33.7599983215332,34.27000045776367,33.540000915527344,34.0,26620500
2014-07-03,32.92354965209961,33.72999954223633,34.279998779296875,33.650001525878906,34.09000015258789,13883900
2014-07-07,32.0743522644043,32.86000061035156,33.650001525878906,32.77000045776367,33.61000061035156,21383200
2014-07-08,32.337886810302734,33.130001068115234,33.27000045776367,32.119998931884766,32.79999923706055,34637500
2014-07-09,32.10363006591797,32.88999938964844,32.939998626708984,31.86000061035156,32.59000015258789,39287700
2014-07-10,31.98649978637696,32.77000045776367,33.099998474121094,31.799999237060547,32.18000030517578,32916800
2014-07-11,32.01578903198242,32.79999923706055,33.16999816894531,32.63999938964844,32.84000015258789,18868300
2014-07-14,32.786895751953125,33.59000015258789,33.72999954223633,32.93000030517578,33.130001068115234,20349500
2014-07-15,33.20662307739258,34.02000045776367,34.15999984741211,33.380001068115234,33.720001220703125,27186500
2014-07-16,33.81179428100586,34.63999938964844,34.849998474121094,34.22999954223633,34.41999816894531,30731700
2014-07-17,32.25980758666992,33.04999923706055,34.0,32.9900016784668,33.83000183105469,36943500
2014-07-18,32.3574104309082,33.150001525878906,33.75,33.0,33.18000030517578,28525600
2014-07-21,32.279335021972656,33.06999969482422,33.349998474121094,32.599998474121094,33.0,15789100
2014-07-22,32.825950622558594,33.630001068115234,33.689998626708984,33.0099983215332,33.349998474121094,14366200
2014-07-23,32.8747444152832,33.68000030517578,33.779998779296875,33.25,33.54999923706055,20897100
2014-07-24,33.069969177246094,33.880001068115234,34.279998779296875,33.630001068115234,33.869998931884766,22684000
2014-07-25,32.62096405029297,33.41999816894531,33.81999969482422,33.22999954223633,33.689998626708984,19655100
2014-07-28,31.21538734436035,31.979999542236328,33.459999084472656,31.90999984741211,33.34000015258789,34203200
2014-07-29,31.36180305480957,32.130001068115234,32.5099983215332,31.959999084472656,32.13999938964844,19377500
2014-07-30,31.75223922729492,32.529998779296875,32.7400016784668,32.279998779296875,32.380001068115234,16001600
2014-07-31,29.819580078125,30.549999237060547,31.25,29.850000381469727,31.170000076293945,64996200
2014-08-01,30.346668243408203,31.09000015258789,31.3700008392334,30.549999237060547,30.8799991607666,26175300
2014-08-04,30.932323455810547,31.690000534057617,31.86000061035156,31.049999237060547,31.209999084472656,21821600
2014-08-05,30.346668243408203,31.09000015258789,32.099998474121094,30.89999961853028,31.36000061035156,31699300
2014-08-06,29.946474075317383,30.68000030517578,31.18000030517578,30.11000061035156,31.059999465942383,34903400
2014-08-07,28.97038078308105,29.68000030517578,31.190000534057617,29.3799991607666,30.89999961853028,35983600
2014-08-08,29.321775436401367,30.040000915527344,30.25,29.6200008392334,29.850000381469727,22893300
2014-08-11,30.00503730773925,30.739999771118164,30.84000015258789,30.14999961853028,30.31999969482422,20600100
2014-08-12,29.965993881225582,30.700000762939453,30.940000534057617,30.209999084472656,30.559999465942383,21496400
2014-08-13,30.62973403930664,31.3799991607666,31.57999992370605,30.88999938964844,30.88999938964844,17832900
2014-08-14,30.29786491394043,31.040000915527344,31.239999771118164,30.799999237060547,30.8700008392334,16873700
2014-08-15,30.737110137939453,31.489999771118164,31.729999542236328,31.15999984741211,31.39999961853028,20560700
2014-08-18,31.27395248413086,32.040000915527344,32.09000015258789,31.40999984741211,31.690000534057617,17508600
2014-08-19,31.62535095214844,32.400001525878906,32.70000076293945,32.27000045776367,32.29999923706055,15020300
2014-08-20,32.50383377075195,33.29999923706055,33.38999938964844,32.380001068115234,32.380001068115234,21265400
2014-08-21,32.39645767211914,33.189998626708984,33.31999969482422,32.75,33.040000915527344,16583200
2014-08-22,32.49407196044922,33.290000915527344,33.45000076293945,32.93000030517578,33.20000076293945,11758400
2014-08-25,32.41598892211914,33.209999084472656,33.70000076293945,33.189998626708984,33.5099983215332,12700600
2014-08-26,32.093868255615234,32.880001068115234,33.43000030517578,32.5099983215332,33.27000045776367,16075500
2014-08-27,32.20124053955078,32.9900016784668,33.04999923706055,32.61000061035156,32.83000183105469,12208200
2014-08-28,32.02555084228516,32.810001373291016,32.900001525878906,32.599998474121094,32.810001373291016,10890300
2014-08-29,31.820571899414062,32.599998474121094,32.9900016784668,32.5,32.95000076293945,13519100
2014-09-02,30.75662612915039,31.51000022888184,32.599998474121094,31.450000762939453,32.43000030517578,26980200
2014-09-03,30.922563552856445,31.68000030517578,31.690000534057617,30.8799991607666,31.440000534057617,23928200
2014-09-04,31.35204315185547,32.119998931884766,32.83000183105469,31.82999992370605,31.950000762939453,24800000
2014-09-05,32.15243911743164,32.939998626708984,32.95000076293945,32.02000045776367,32.099998474121094,17772600
2014-09-08,32.347660064697266,33.13999938964844,33.40999984741211,32.84000015258789,32.9900016784668,17933300
2014-09-09,31.21538734436035,31.979999542236328,33.02000045776367,31.86000061035156,33.0099983215332,20209400
2014-09-10,31.32276153564453,32.09000015258789,32.20000076293945,31.40999984741211,32.150001525878906,24643500
2014-09-11,31.27395248413086,32.040000915527344,32.189998626708984,31.709999084472656,31.850000381469727,11371100
2014-09-12,30.77614974975586,31.530000686645508,32.150001525878906,31.5,32.0099983215332,12561500
2014-09-15,29.302249908447266,30.020000457763672,31.520000457763672,29.8700008392334,31.39999961853028,37018500
2014-09-16,30.69806289672852,31.450000762939453,31.57999992370605,29.729999542236328,30.09000015258789,28739800
2014-09-17,31.21538734436035,31.979999542236328,32.27000045776367,31.280000686645508,31.46999931335449,19493200
2014-09-18,31.70343780517578,32.47999954223633,32.47999954223633,31.979999542236328,32.2400016784668,12485100
2014-09-19,30.87375831604004,31.6299991607666,32.54999923706055,31.450000762939453,32.47999954223633,25223300
2014-09-22,29.868385314941406,30.600000381469727,31.440000534057617,30.40999984741211,31.43000030517578,21713800
2014-09-23,30.45404052734375,31.200000762939453,31.489999771118164,30.11000061035156,30.51000022888184,22704300
2014-09-24,31.44965553283692,32.220001220703125,32.349998474121094,31.34000015258789,31.799999237060547,25781300
2014-09-25,30.94208717346192,31.700000762939453,32.560001373291016,31.350000381469727,32.40999984741211,36427700
2014-09-26,33.02116012573242,33.83000183105469,34.099998474121094,33.40999984741211,33.970001220703125,53975000
2014-09-29,33.675140380859375,34.5,34.849998474121094,33.20000076293945,33.41999816894531,33981900
2014-09-30,33.44087600708008,34.2599983215332,34.72999954223633,33.88999938964844,34.630001068115234,25768900
2014-10-01,32.69905090332031,33.5,34.25,33.220001220703125,34.25,36237600
2014-10-02,33.001644134521484,33.810001373291016,34.08000183105469,32.95000076293945,33.650001525878906,27337000
2014-10-03,33.1285285949707,33.939998626708984,34.400001525878906,33.869998931884766,34.08000183105469,22565400
2014-10-06,31.79128646850586,32.56999969482422,33.290000915527344,31.84000015258789,33.189998626708984,43417100
2014-10-07,31.108022689819336,31.8700008392334,32.869998931884766,31.850000381469727,32.40999984741211,28827000
2014-10-08,31.547264099121094,32.31999969482422,32.400001525878906,30.86000061035156,31.89999961853028,28069300
2014-10-09,29.907426834106445,30.63999938964844,32.18000030517578,30.40999984741211,32.119998931884766,35910800
2014-10-10,27.125572204589844,27.790000915527344,29.8700008392334,27.59000015258789,29.75,85752700
2014-10-13,26.38373756408692,27.030000686645508,28.86000061035156,27.0,28.59000015258789,44360600
2014-10-14,26.73513412475586,27.38999938964844,28.40999984741211,27.21999931335449,27.790000915527344,41365600
2014-10-15,26.88154602050781,27.540000915527344,28.89999961853028,26.31999969482422,26.799999237060547,50523300
2014-10-16,27.623374938964844,28.299999237060547,28.86000061035156,27.190000534057617,27.32999992370605,42111600
2014-10-17,28.08213996887207,28.770000457763672,29.729999542236328,28.56999969482422,28.90999984741211,34712800
2014-10-20,28.98014259338379,29.690000534057617,29.729999542236328,28.809999465942383,29.11000061035156,22357800
2014-10-21,30.444278717041016,31.190000534057617,31.34000015258789,30.15999984741211,30.39999961853028,40875100
2014-10-22,29.839099884033203,30.56999969482422,31.549999237060547,30.31999969482422,31.520000457763672,25500600
2014-10-23,30.15145301818848,30.88999938964844,31.3700008392334,30.56999969482422,31.040000915527344,22071100
2014-10-24,30.3173828125,31.059999465942383,31.1200008392334,30.61000061035156,30.979999542236328,17761300
2014-10-27,31.52774238586425,32.29999923706055,32.380001068115234,31.65999984741211,31.959999084472656,26775900
2014-10-28,31.830322265625,32.61000061035156,32.66999816894531,32.150001525878906,32.5099983215332,20981000
2014-10-29,31.50822257995605,32.279998779296875,32.650001525878906,31.86000061035156,32.5,21418700
2014-10-30,31.059213638305664,31.81999969482422,32.08000183105469,30.940000534057617,31.75,26761000
2014-10-31,32.29885482788086,33.09000015258789,33.349998474121094,32.619998931884766,32.900001525878906,28541400
2014-11-03,32.70880889892578,33.5099983215332,33.90999984741211,32.97999954223633,33.189998626708984,19655500
2014-11-04,32.5721549987793,33.369998931884766,33.59000015258789,32.900001525878906,33.47999954223633,16503900
2014-11-05,32.904022216796875,33.709999084472656,33.7599983215332,33.11000061035156,33.5099983215332,23137200
2014-11-06,32.552642822265625,33.349998474121094,33.790000915527344,33.150001525878906,33.5,23576600
2014-11-07,32.22076416015625,33.0099983215332,33.380001068115234,32.31999969482422,33.310001373291016,19337500
2014-11-10,32.29885482788086,33.09000015258789,33.11000061035156,32.619998931884766,32.93000030517578,13827300
2014-11-11,32.40622329711914,33.20000076293945,33.380001068115234,32.88999938964844,32.97999954223633,11285000
2014-11-12,32.12316131591797,32.90999984741211,33.16999816894531,32.79999923706055,33.04999923706055,14322400
2014-11-13,32.15243911743164,32.939998626708984,33.209999084472656,32.75,32.97999954223633,10851300
2014-11-14,31.840087890625,32.619998931884766,32.939998626708984,32.130001068115234,32.939998626708984,17434600
2014-11-17,31.517974853515625,32.290000915527344,32.40999984741211,31.690000534057617,31.89999961853028,18259300
2014-11-18,32.0841064453125,32.869998931884766,33.150001525878906,32.29999923706055,32.29999923706055,15538900
2014-11-19,32.17195510864258,32.959999084472656,33.220001220703125,32.34000015258789,32.93000030517578,14590200
2014-11-20,32.41598892211914,33.209999084472656,33.47999954223633,32.4900016784668,32.72999954223633,13613300
2014-11-21,33.479923248291016,34.29999923706055,34.38999938964844,33.52000045776367,33.709999084472656,25563100
2014-11-24,33.899635314941406,34.72999954223633,35.25,34.2599983215332,34.40999984741211,24974400
2014-11-25,33.96796417236328,34.79999923706055,34.97999954223633,34.400001525878906,34.77000045776367,13985200
2014-11-26,34.76836395263672,35.619998931884766,35.66999816894531,34.619998931884766,34.630001068115234,18288100
2014-11-28,35.090476989746094,35.95000076293945,36.220001220703125,35.720001220703125,35.84000015258789,11645700
2014-12-01,34.1534309387207,34.9900016784668,36.13999938964844,34.939998626708984,35.97999954223633,21342300
2014-12-02,34.748836517333984,35.599998474121094,35.77000045776367,34.63999938964844,35.04999923706055,14281500
2014-12-03,35.23688888549805,36.09999847412109,36.34999847412109,35.7400016784668,35.900001525878906,29011500
2014-12-04,35.207603454589844,36.06999969482422,36.5,35.66999816894531,36.02999877929688,16477600
2014-12-05,35.6175651550293,36.4900016784668,36.5,36.02000045776367,36.09000015258789,14114800
2014-12-08,35.15879821777344,36.02000045776367,36.59000015258789,35.70000076293945,36.459999084472656,15815300
2014-12-09,34.80740737915039,35.65999984741211,35.709999084472656,34.540000915527344,34.849998474121094,16503500
2014-12-10,34.02653503417969,34.86000061035156,35.650001525878906,34.779998779296875,35.439998626708984,17037900
2014-12-11,34.3486442565918,35.189998626708984,35.81999969482422,34.900001525878906,35.15999984741211,13261400
2014-12-12,33.18709182739258,34.0,34.93000030517578,33.970001220703125,34.91999816894531,19798900
2014-12-15,32.552642822265625,33.349998474121094,34.45000076293945,33.25,34.349998474121094,27305700
2014-12-16,32.13291549682617,32.91999816894531,33.91999816894531,32.369998931884766,32.900001525878906,28611600
2014-12-17,33.02116012573242,33.83000183105469,33.900001525878906,32.5,33.08000183105469,19434600
2014-12-18,33.62633514404297,34.45000076293945,34.790000915527344,34.04999923706055,34.619998931884766,18200600
2014-12-19,33.66537857055664,34.4900016784668,34.79999923706055,34.130001068115234,34.59000015258789,18469600
2014-12-22,33.81179428100586,34.63999938964844,35.0,34.5,34.75,12687900
2014-12-23,34.13390350341797,34.970001220703125,35.189998626708984,34.7599983215332,34.91999816894531,10949000
2014-12-24,34.0753288269043,34.90999984741211,35.099998474121094,34.619998931884766,35.029998779296875,4672900
2014-12-26,34.163185119628906,35.0,35.22999954223633,34.97999954223633,35.029998779296875,6883700
2014-12-29,34.68052291870117,35.529998779296875,35.689998626708984,35.08000183105469,35.27000045776367,12365800
2014-12-30,34.55362319946289,35.400001525878906,35.7400016784668,35.29999923706055,35.43000030517578,11480500
2014-12-31,34.172950744628906,35.0099983215332,35.529998779296875,35.0,35.45000076293945,10714300
2015-01-02,33.91916275024414,34.75,35.52000045776367,34.34000015258789,35.2400016784668,15138200
2015-01-05,32.972354888916016,33.779998779296875,34.7400016784668,33.75,34.709999084472656,23706600
2015-01-06,32.0841064453125,32.869998931884766,34.22999954223633,32.630001068115234,34.099998474121094,40092000
2015-01-07,31.332523345947266,32.099998474121094,32.97999954223633,31.450000762939453,31.530000686645508,52552300
2015-01-08,32.86498260498047,33.66999816894531,33.869998931884766,32.54999923706055,32.560001373291016,31947100
2015-01-09,32.72833251953125,33.529998779296875,33.869998931884766,32.959999084472656,33.7599983215332,19328500
2015-01-12,30.903045654296875,31.65999984741211,32.9900016784668,31.39999961853028,32.38999938964844,41982700
2015-01-13,30.10264587402344,30.84000015258789,32.20000076293945,30.64999961853028,31.920000076293945,40260500
2015-01-14,29.33153343200684,30.049999237060547,31.200000762939453,29.799999237060547,30.270000457763672,35766100
2015-01-15,28.599464416503903,29.299999237060547,30.420000076293945,29.270000457763672,30.25,28512400
2015-01-16,28.296875,28.989999771118164,29.26000022888184,28.51000022888184,29.14999961853028,58433300
2015-01-20,28.96061897277832,29.670000076293945,30.020000457763672,29.350000381469727,29.51000022888184,29884200
2015-01-21,29.76101493835449,30.489999771118164,30.739999771118164,29.5,29.5,27258700
2015-01-22,30.15145301818848,30.88999938964844,30.950000762939453,30.229999542236328,30.450000762939453,22299200
2015-01-23,30.210018157958984,30.950000762939453,31.1299991607666,30.459999084472656,30.88999938964844,21161800
2015-01-26,30.278345108032227,31.020000457763672,31.020000457763672,30.209999084472656,30.540000915527344,19175500
2015-01-27,28.94110107421875,29.64999961853028,30.450000762939453,29.38999938964844,30.43000030517578,27587900
2015-01-28,28.404247283935547,29.100000381469727,30.190000534057617,29.030000686645508,30.0,21685200
2015-01-29,28.999662399291992,29.709999084472656,29.82999992370605,28.86000061035156,29.290000915527344,30282700
2015-01-30,28.570186614990234,29.270000457763672,29.799999237060547,29.06999969482422,29.39999961853028,23451600
2015-02-02,27.76003074645996,28.440000534057617,29.38999938964844,28.09000015258789,29.25,34019600
2015-02-03,28.2578353881836,28.950000762939453,29.09000015258789,28.479999542236328,28.56999969482422,24009200
2015-02-04,28.335922241210938,29.030000686645508,29.239999771118164,28.700000762939453,28.809999465942383,20932800
2015-02-05,28.7849235534668,29.489999771118164,29.520000457763672,29.1200008392334,29.299999237060547,19785900
2015-02-06,28.21878433227539,28.90999984741211,29.89999961853028,28.86000061035156,29.540000915527344,18744100
2015-02-09,27.672182083129883,28.350000381469727,28.770000457763672,28.239999771118164,28.770000457763672,22390300
2015-02-10,30.346668243408203,31.09000015258789,31.13999938964844,29.0,29.100000381469727,43831000
2015-02-11,30.278345108032227,31.020000457763672,31.57999992370605,30.450000762939453,31.09000015258789,29782200
2015-02-12,31.176345825195312,31.940000534057617,32.04999923706055,30.940000534057617,31.059999465942383,23793200
2015-02-13,31.0885009765625,31.850000381469727,32.400001525878906,31.34000015258789,32.209999084472656,18739200
2015-02-17,31.55702209472656,32.33000183105469,32.84000015258789,32.220001220703125,32.310001373291016,19877400
2015-02-18,31.400848388671875,32.16999816894531,32.5,32.029998779296875,32.2599983215332,12348400
2015-02-19,31.049457550048828,31.809999465942383,32.20000076293945,31.71999931335449,32.119998931884766,13431000
2015-02-20,31.26419258117676,32.029998779296875,32.04999923706055,31.270000457763672,31.739999771118164,16531500
2015-02-23,30.649259567260746,31.39999961853028,31.90999984741211,31.270000457763672,31.86000061035156,13867900
2015-02-24,30.034320831298828,30.770000457763672,30.950000762939453,28.790000915527344,30.13999938964844,54985000
2015-02-25,29.751251220703125,30.479999542236328,30.920000076293945,30.350000381469727,30.600000381469727,16774700
2015-02-26,29.88790702819824,30.6200008392334,30.96999931335449,30.36000061035156,30.540000915527344,14932000
2015-02-27,29.936710357666016,30.670000076293945,31.209999084472656,30.6200008392334,30.96999931335449,15651200
2015-03-02,30.493083953857425,31.239999771118164,31.5,30.989999771118164,31.07999992370605,18443200
2015-03-03,28.95086097717285,29.65999984741211,30.690000534057617,29.3799991607666,30.3799991607666,28945700
2015-03-04,28.570186614990234,29.270000457763672,29.76000022888184,28.81999969482422,29.71999931335449,26709000
2015-03-05,28.579944610595703,29.280000686645508,29.84000015258789,28.96999931335449,29.450000762939453,24007700
2015-03-06,27.818592071533203,28.5,29.270000457763672,28.38999938964844,29.21999931335449,28302000
2015-03-09,27.97476577758789,28.65999984741211,28.780000686645508,27.90999984741211,28.540000915527344,17563000
2015-03-10,26.949874877929688,27.61000061035156,28.31999969482422,27.459999084472656,28.100000381469727,29749000
2015-03-11,27.213415145874023,27.8799991607666,28.18000030517578,27.61000061035156,27.93000030517578,17471600
2015-03-12,27.350067138671875,28.020000457763672,28.3799991607666,27.100000381469727,27.11000061035156,19567700
2015-03-13,28.0333309173584,28.71999931335449,28.770000457763672,27.959999084472656,27.96999931335449,23678700
2015-03-16,27.828357696533203,28.51000022888184,29.26000022888184,28.21999931335449,28.96999931335449,18183900
2015-03-17,26.99867820739746,27.65999984741211,27.979999542236328,27.459999084472656,27.729999542236328,24932400
2015-03-18,27.486724853515625,28.15999984741211,28.350000381469727,27.600000381469727,28.01000022888184,24544800
2015-03-19,27.379350662231445,28.049999237060547,28.229999542236328,27.920000076293945,28.100000381469727,21656600
2015-03-20,27.994291305541992,28.68000030517578,28.76000022888184,28.11000061035156,28.31999969482422,23608200
2015-03-23,27.350067138671875,28.020000457763672,28.51000022888184,27.81999969482422,28.46999931335449,18699400
2015-03-24,27.29150390625,27.959999084472656,28.350000381469727,27.8799991607666,28.11000061035156,15670800
2015-03-25,25.934738159179688,26.56999969482422,27.8700008392334,26.39999961853028,27.86000061035156,35874000
2015-03-26,26.022584915161133,26.65999984741211,27.170000076293945,25.61000061035156,25.76000022888184,44702400
2015-03-27,26.042104721069336,26.68000030517578,27.13999938964844,26.049999237060547,26.93000030517578,30909000
2015-03-30,26.042104721069336,26.68000030517578,26.959999084472656,26.459999084472656,26.729999542236328,26142900
2015-03-31,26.481353759765625,27.1299991607666,27.309999465942383,26.61000061035156,26.709999084472656,25292100
2015-04-01,26.481353759765625,27.1299991607666,27.350000381469727,26.770000457763672,27.1299991607666,39424700
2015-04-02,26.090913772583008,26.729999542236328,27.76000022888184,26.709999084472656,27.75,41390500
2015-04-06,26.774173736572266,27.43000030517578,27.450000762939453,26.39999961853028,26.5,22460900
2015-04-07,26.22756767272949,26.8700008392334,27.450000762939453,26.86000061035156,27.350000381469727,17820600
2015-04-08,26.481353759765625,27.1299991607666,27.350000381469727,26.489999771118164,26.57999992370605,22105800
2015-04-09,27.15485382080078,27.81999969482422,27.86000061035156,27.01000022888184,27.06999969482422,18660000
2015-04-10,27.350067138671875,28.020000457763672,28.170000076293945,27.799999237060547,27.799999237060547,19698700
2015-04-13,27.213415145874023,27.8799991607666,28.14999961853028,27.780000686645508,28.020000457763672,13636800
2015-04-14,27.0572452545166,27.71999931335449,27.89999961853028,27.40999984741211,27.729999542236328,16671900
2015-04-15,27.496482849121094,28.170000076293945,28.450000762939453,27.8799991607666,28.0,20138900
2015-04-16,27.340309143066406,28.01000022888184,28.18000030517578,27.770000457763672,27.89999961853028,16393500
2015-04-17,27.350067138671875,28.020000457763672,28.07999992370605,27.600000381469727,27.75,18157100
2015-04-20,27.584333419799805,28.26000022888184,28.38999938964844,28.01000022888184,28.1200008392334,19901000
2015-04-21,27.867395401000977,28.549999237060547,28.59000015258789,28.15999984741211,28.32999992370605,22172000
2015-04-22,28.79469108581543,29.5,29.75,28.559999465942383,28.57999992370605,29662800
2015-04-23,28.81420516967773,29.520000457763672,29.780000686645508,28.86000061035156,28.93000030517578,22039700
2015-04-24,28.501855850219727,29.200000762939453,29.739999771118164,28.88999938964844,29.739999771118164,18764300
2015-04-27,28.570186614990234,29.270000457763672,29.65999984741211,29.13999938964844,29.25,14871400
2015-04-28,28.296875,28.989999771118164,29.450000762939453,28.76000022888184,29.21999931335449,12372000
2015-04-29,28.179750442504883,28.8700008392334,28.989999771118164,28.51000022888184,28.700000762939453,10964300
2015-04-30,27.457439422607425,28.1299991607666,28.850000381469727,27.850000381469727,28.790000915527344,18988900
2015-05-01,28.296875,28.989999771118164,29.25,28.309999465942383,28.309999465942383,16701100
2015-05-04,27.98452949523925,28.670000076293945,29.14999961853028,28.489999771118164,29.06999969482422,13909600
2015-05-05,27.369592666625977,28.040000915527344,28.36000061035156,27.82999992370605,28.270000457763672,19347300
2015-05-06,27.320789337158203,27.989999771118164,28.299999237060547,27.440000534057617,28.21999931335449,19770700
2015-05-07,26.618003845214844,27.270000457763672,27.89999961853028,26.88999938964844,27.799999237060547,29689300
2015-05-08,26.53015518188477,27.18000030517578,27.43000030517578,26.76000022888184,27.3700008392334,34955400
2015-05-11,27.08652877807617,27.75,28.09000015258789,26.86000061035156,27.1299991607666,24591200
2015-05-12,26.22756767272949,26.8700008392334,27.57999992370605,26.86000061035156,27.549999237060547,19518800
2015-05-13,26.539915084838867,27.190000534057617,27.65999984741211,27.07999992370605,27.34000015258789,17530500
2015-05-14,26.051868438720703,26.690000534057617,27.520000457763672,26.46999931335449,27.32999992370605,32201100
2015-05-15,25.700475692749023,26.32999992370605,26.6299991607666,26.01000022888184,26.530000686645508,25864900
2015-05-18,26.120195388793945,26.76000022888184,26.82999992370605,26.040000915527344,26.15999984741211,20150000
2015-05-19,25.68095588684082,26.309999465942383,26.93000030517578,26.059999465942383,26.82999992370605,19527000
2015-05-20,25.95426177978516,26.59000015258789,26.989999771118164,26.26000022888184,26.46999931335449,22866300
2015-05-21,26.2568473815918,26.89999961853028,27.13999938964844,26.34000015258789,26.6200008392334,17258100
2015-05-22,26.67656707763672,27.32999992370605,27.64999961853028,27.209999084472656,27.229999542236328,20360300
2015-05-26,26.666807174682617,27.31999969482422,27.479999542236328,27.030000686645508,27.21999931335449,14966600
2015-05-27,27.457439422607425,28.1299991607666,28.420000076293945,27.38999938964844,27.43000030517578,23441800
2015-05-28,27.603858947753903,28.280000686645508,28.6200008392334,28.11000061035156,28.190000534057617,18667000
2015-05-29,27.262222290039062,27.93000030517578,28.420000076293945,27.93000030517578,28.420000076293945,18451300
2015-06-01,27.740509033203125,28.420000076293945,28.530000686645508,27.809999465942383,27.959999084472656,20206400
2015-06-02,27.125572204589844,27.790000915527344,28.40999984741211,27.770000457763672,28.36000061035156,18228000
2015-06-03,26.43254280090332,27.07999992370605,28.01000022888184,27.01000022888184,28.0,29623400
2015-06-04,26.344696044921875,26.989999771118164,27.239999771118164,26.709999084472656,26.89999961853028,22186200
2015-06-05,25.95426177978516,26.59000015258789,27.0,26.5,27.0,16585400
2015-06-08,25.30027961730957,25.920000076293945,26.6299991607666,25.799999237060547,26.51000022888184,23252600
2015-06-09,24.58773803710937,25.190000534057617,25.950000762939453,24.940000534057617,25.90999984741211,39816700
2015-06-10,24.58773803710937,25.190000534057617,25.59000015258789,25.030000686645508,25.520000457763672,23802900
2015-06-11,24.42179679870605,25.020000457763672,25.38999938964844,24.96999931335449,25.200000762939453,25793500
2015-06-12,24.5291690826416,25.1299991607666,25.3799991607666,24.709999084472656,24.88999938964844,21123900
2015-06-15,23.660444259643555,24.239999771118164,24.25,23.700000762939453,24.21999931335449,44190200
2015-06-16,23.660444259643555,24.239999771118164,24.31999969482422,23.8799991607666,24.049999237060547,19173100
2015-06-17,23.89470863342285,24.479999542236328,24.68000030517578,24.229999542236328,24.299999237060547,17951700
2015-06-18,23.884944915771484,24.46999931335449,24.81999969482422,24.43000030517578,24.63999938964844,21570800
2015-06-19,23.884944915771484,24.46999931335449,24.96999931335449,24.459999084472656,24.799999237060547,25589300
2015-06-22,24.041120529174805,24.6299991607666,24.709999084472656,24.0,24.13999938964844,26231200
2015-06-23,23.904470443725582,24.489999771118164,24.86000061035156,24.3799991607666,24.6299991607666,16168900
2015-06-24,23.484750747680664,24.059999465942383,24.489999771118164,24.0,24.440000534057617,21243700
2015-06-25,23.445703506469727,24.020000457763672,24.239999771118164,23.65999984741211,24.1299991607666,38347800
2015-06-26,19.189945220947266,19.65999984741211,20.600000381469727,19.43000030517578,20.270000457763672,149010300
2015-06-29,18.28218460083008,18.729999542236328,19.600000381469727,18.600000381469727,19.34000015258789,49126100
2015-06-30,18.38955307006836,18.84000015258789,19.100000381469727,18.549999237060547,18.88999938964844,34683900
2015-07-01,18.33099174499512,18.780000686645508,19.100000381469727,18.6299991607666,19.049999237060547,25027100
2015-07-02,18.61405372619629,19.06999969482422,19.3799991607666,18.809999465942383,18.82999992370605,26178100
2015-07-06,17.881986618041992,18.31999969482422,18.979999542236328,18.229999542236328,18.84000015258789,37875800
2015-07-07,17.76485824584961,18.200000762939453,18.36000061035156,17.3700008392334,18.1299991607666,46293200
2015-07-08,17.208484649658203,17.6299991607666,17.979999542236328,17.489999771118164,17.959999084472656,30898900
2015-07-09,16.739961624145508,17.149999618530273,18.010000228881836,17.139999389648438,17.8700008392334,47087100
2015-07-10,17.149921417236328,17.56999969482422,17.649999618530273,17.299999237060547,17.329999923706055,24282900
2015-07-13,17.188962936401367,17.610000610351562,17.850000381469727,17.389999389648438,17.829999923706055,35788100
2015-07-14,19.14114189147949,19.61000061035156,19.84000015258789,19.0,19.76000022888184,103878600
2015-07-15,18.4383602142334,18.88999938964844,19.64999961853028,18.770000457763672,19.489999771118164,41983200
2015-07-16,19.14114189147949,19.61000061035156,19.739999771118164,19.09000015258789,19.25,34717200
2015-07-17,19.638952255249023,20.1200008392334,20.239999771118164,19.3700008392334,19.530000686645508,34081300
2015-07-20,18.4383602142334,18.88999938964844,20.07999992370605,18.770000457763672,20.07999992370605,41989300
2015-07-21,18.428598403930664,18.8799991607666,19.11000061035156,18.51000022888184,18.84000015258789,29340300
2015-07-22,17.569637298583984,18.0,18.6299991607666,17.850000381469727,18.530000686645508,43635100
2015-07-23,18.252901077270508,18.700000762939453,18.93000030517578,18.299999237060547,18.32999992370605,32805200
2015-07-24,17.90151023864746,18.34000015258789,18.700000762939453,18.06999969482422,18.600000381469727,21567400
2015-07-27,17.68677520751953,18.1200008392334,18.670000076293945,17.56999969482422,18.100000381469727,27584100
2015-07-28,19.277795791625977,19.75,20.07999992370605,18.200000762939453,18.350000381469727,51809500
2015-07-29,19.394927978515625,19.8700008392334,20.56999969482422,19.670000076293945,19.979999542236328,41557900
2015-07-30,19.42420959472656,19.89999961853028,20.100000381469727,19.459999084472656,19.75,31248700
2015-07-31,18.067445755004883,18.51000022888184,20.030000686645508,18.46999931335449,20.020000457763672,55074900
2015-08-03,18.545726776123047,19.0,19.38999938964844,18.59000015258789,18.61000061035156,32958300
2015-08-04,18.555492401123047,19.01000022888184,19.190000534057617,18.600000381469727,19.170000076293945,19934500
2015-08-05,18.45787811279297,18.90999984741211,19.46999931335449,18.8799991607666,19.18000030517578,23370800
2015-08-06,18.272422790527344,18.71999931335449,18.959999084472656,18.450000762939453,18.93000030517578,29928600
2015-08-07,17.999114990234375,18.440000534057617,18.530000686645508,18.0,18.450000762939453,23718300
2015-08-10,18.37003517150879,18.81999969482422,18.959999084472656,18.31999969482422,18.57999992370605,25232400
2015-08-11,17.452503204345703,17.8799991607666,18.6299991607666,17.68000030517578,18.6299991607666,22959200
2015-08-12,17.755098342895508,18.190000534057617,18.32999992370605,17.520000457763672,17.649999618530273,20428400
2015-08-13,17.276811599731445,17.700000762939453,18.3799991607666,17.670000076293945,18.229999542236328,15468600
2015-08-14,16.544748306274414,16.950000762939453,17.989999771118164,16.81999969482422,17.760000228881836,37248200
2015-08-17,16.808290481567383,17.219999313354492,17.260000228881836,16.1200008392334,16.469999313354492,33001000
2015-08-18,15.988368034362791,16.3799991607666,17.0,16.270000457763672,17.0,32424300
2015-08-19,15.519845008850098,15.899999618530272,16.350000381469727,15.880000114440918,16.239999771118164,36874000
2015-08-20,14.38758373260498,14.739999771118164,15.369999885559082,14.65999984741211,15.350000381469728,54864200
2015-08-21,14.182602882385254,14.529999732971191,15.25,14.239999771118164,14.390000343322754,43715800
2015-08-24,14.094754219055176,14.4399995803833,14.4399995803833,13.5,13.8100004196167,54532000
2015-08-25,13.92881965637207,14.270000457763672,15.34000015258789,14.260000228881836,15.18000030517578,38655100
2015-08-26,14.075231552124023,14.420000076293944,14.75,14.109999656677246,14.609999656677246,43819700
2015-08-27,15.295347213745115,15.670000076293944,15.93000030517578,14.630000114440918,14.630000114440918,42971800
2015-08-28,15.578410148620604,15.960000038146973,16.540000915527344,15.609999656677246,16.25,34099400
2015-08-31,16.01765251159668,16.40999984741211,16.68000030517578,15.460000038146973,15.90999984741211,32916900
2015-09-01,15.441761016845703,15.81999969482422,16.209999084472656,15.68000030517578,15.800000190734863,27914200
2015-09-02,15.900522232055664,16.290000915527344,16.309999465942383,15.739999771118164,16.09000015258789,23478500
2015-09-03,16.193349838256836,16.59000015258789,17.209999084472656,16.260000228881836,16.389999389648438,26377200
2015-09-04,16.417848587036133,16.81999969482422,17.299999237060547,16.260000228881836,16.299999237060547,32420800
2015-09-08,17.110876083374023,17.530000686645508,17.75,17.049999237060547,17.549999237060547,26817000
2015-09-09,16.554502487182617,16.959999084472656,17.969999313354492,16.84000015258789,17.899999618530273,32951100
2015-09-10,16.788766860961914,17.200000762939453,17.420000076293945,16.709999084472656,16.809999465942383,20814300
2015-09-11,16.39832878112793,16.799999237060547,17.170000076293945,16.709999084472656,17.020000457763672,22107600
2015-09-14,16.300716400146484,16.700000762939453,16.920000076293945,16.360000610351562,16.899999618530273,15178700
2015-09-15,16.125024795532227,16.520000457763672,16.860000610351562,16.459999084472656,16.860000610351562,21319400
2015-09-16,16.281200408935547,16.68000030517578,16.700000762939453,16.309999465942383,16.459999084472656,22363200
2015-09-17,16.01765251159668,16.40999984741211,16.809999465942383,16.309999465942383,16.68000030517578,22827600
2015-09-18,15.129409790039062,15.5,16.190000534057617,15.359999656677246,16.079999923706055,36698200
2015-09-21,15.373435020446776,15.75,15.979999542236328,15.460000038146973,15.619999885559082,19024500
2015-09-22,15.041563034057615,15.40999984741211,15.81999969482422,15.170000076293944,15.350000381469728,22763900
2015-09-23,14.455909729003906,14.8100004196167,15.43000030517578,14.800000190734863,15.43000030517578,22567900
2015-09-24,14.973237037658691,15.34000015258789,15.520000457763672,14.600000381469728,14.800000190734863,32800800
2015-09-25,14.553516387939451,14.90999984741211,15.59000015258789,14.649999618530272,15.34000015258789,28917300
2015-09-28,13.723841667175291,14.0600004196167,14.729999542236328,13.920000076293944,14.670000076293944,30448600
2015-09-29,14.036188125610352,14.380000114440918,14.6899995803833,14.149999618530272,14.260000228881836,25529200
2015-09-30,14.62184238433838,14.979999542236328,15.329999923706056,14.699999809265137,14.729999542236328,28066300
2015-10-01,14.416863441467283,14.770000457763672,15.039999961853027,14.5,14.989999771118164,37460500
2015-10-02,15.529606819152832,15.90999984741211,15.949999809265137,15.149999618530272,15.220000267028809,49688200
2015-10-05,17.149921417236328,17.56999969482422,17.84000015258789,16.200000762939453,16.31999969482422,63718700
2015-10-06,17.784379959106445,18.21999931335449,18.299999237060547,17.34000015258789,17.6299991607666,51249900
2015-10-07,18.1748104095459,18.6200008392334,18.920000076293945,18.21999931335449,18.38999938964844,41913500
2015-10-08,18.272422790527344,18.71999931335449,19.100000381469727,18.450000762939453,18.59000015258789,33619600
2015-10-09,17.725818634033203,18.15999984741211,18.850000381469727,17.899999618530273,18.6299991607666,23392500
2015-10-12,17.598920822143555,18.030000686645508,18.6299991607666,17.719999313354492,18.540000915527344,22494700
2015-10-13,17.745336532592773,18.18000030517578,18.559999465942383,17.739999771118164,17.809999465942383,21778500
2015-10-14,18.37003517150879,18.81999969482422,19.299999237060547,18.520000457763672,18.770000457763672,34627900
2015-10-15,18.21385955810547,18.65999984741211,19.14999961853028,18.5,18.8700008392334,20397700
2015-10-16,18.05768203735352,18.5,18.82999992370605,18.229999542236328,18.739999771118164,15587100
2015-10-19,18.701908111572266,19.15999984741211,19.21999931335449,18.31999969482422,18.3700008392334,27543300
2015-10-20,16.681398391723633,17.09000015258789,19.049999237060547,16.610000610351562,18.89999961853028,67592500
2015-10-21,16.03717613220215,16.43000030517578,16.93000030517578,15.93000030517578,16.489999771118164,48737400
2015-10-22,16.320240020751953,16.719999313354492,17.010000228881836,16.06999969482422,16.399999618530273,33986100
2015-10-23,16.827808380126953,17.239999771118164,17.31999969482422,16.809999465942383,16.899999618530273,22439400
2015-10-26,16.183589935302734,16.579999923706055,17.25,16.5,17.15999984741211,14901400
2015-10-27,16.281200408935547,16.68000030517578,16.799999237060547,16.520000457763672,16.520000457763672,14697600
2015-10-28,16.515460968017578,16.920000076293945,17.110000610351562,16.579999923706055,16.799999237060547,15151700
2015-10-29,15.822434425354004,16.209999084472656,16.739999771118164,16.190000534057617,16.690000534057617,17073800
2015-10-30,16.164066314697266,16.559999465942383,16.6200008392334,16.200000762939453,16.3799991607666,19248400
2015-11-02,16.681398391723633,17.09000015258789,17.290000915527344,16.799999237060547,16.959999084472656,18767100
2015-11-03,17.413461685180664,17.84000015258789,17.989999771118164,17.09000015258789,17.100000381469727,22131500
2015-11-04,17.023027420043945,17.440000534057617,18.049999237060547,17.100000381469727,18.049999237060547,19246900
2015-11-05,16.115264892578125,16.510000228881836,17.719999313354492,16.360000610351562,17.520000457763672,26767000
2015-11-06,16.056697845458984,16.450000762939453,16.770000457763672,16.100000381469727,16.440000534057617,18047800
2015-11-09,15.461281776428224,15.84000015258789,16.450000762939453,15.800000190734863,16.360000610351562,23643000
2015-11-10,15.178215980529783,15.550000190734863,15.850000381469728,15.420000076293944,15.739999771118164,24591700
2015-11-11,15.129409790039062,15.5,15.789999961853027,15.470000267028809,15.640000343322754,16199800
2015-11-12,14.982996940612791,15.350000381469728,15.75,15.279999732971191,15.279999732971191,14296800
2015-11-13,14.641365051269531,15.0,15.380000114440918,14.859999656677246,15.300000190734863,21071200
2015-11-16,14.533994674682615,14.890000343322754,15.199999809265137,14.649999618530272,14.949999809265137,23731800
2015-11-17,14.914669036865234,15.279999732971191,15.729999542236328,14.9399995803833,15.029999732971191,25249600
2015-11-18,15.236781120300291,15.609999656677246,15.6899995803833,15.300000190734863,15.390000343322754,20071300
2015-11-19,15.490565299987791,15.869999885559082,16.280000686645508,15.710000038146973,15.710000038146973,18278900
2015-11-20,15.061083793640137,15.43000030517578,16.100000381469727,15.34000015258789,16.0,24068900
2015-11-23,14.953713417053224,15.31999969482422,15.670000076293944,15.06999969482422,15.539999961853027,14049000
2015-11-24,15.256301879882812,15.630000114440918,15.65999984741211,15.149999618530272,15.220000267028809,12222500
2015-11-25,15.207497596740724,15.579999923706056,15.779999732971191,15.350000381469728,15.399999618530272,10003300
2015-11-27,15.18797492980957,15.5600004196167,15.640000343322754,15.470000267028809,15.550000190734863,5019000
2015-11-30,15.549127578735352,15.93000030517578,16.010000228881836,15.5,15.59000015258789,13495300
2015-12-01,16.154306411743164,16.549999237060547,16.6299991607666,16.1200008392334,16.18000030517578,20138300
2015-12-02,15.441761016845703,15.81999969482422,16.59000015258789,15.720000267028809,16.489999771118164,16121100
2015-12-03,15.236781120300291,15.609999656677246,16.200000762939453,15.5,15.949999809265137,15210100
2015-12-04,15.129409790039062,15.5,15.93000030517578,15.399999618530272,15.539999961853027,19068500
2015-12-07,14.494952201843262,14.850000381469728,15.470000267028809,14.710000038146973,15.350000381469728,23579100
2015-12-08,14.250927925109863,14.600000381469728,14.699999809265137,14.420000076293944,14.609999656677246,18188000
2015-12-09,13.977622032165527,14.31999969482422,14.670000076293944,14.239999771118164,14.600000381469728,20917100
2015-12-10,14.309492111206056,14.65999984741211,14.800000190734863,14.260000228881836,14.289999961853027,14817000
2015-12-11,13.704317092895508,14.039999961853027,14.4399995803833,13.989999771118164,14.31999969482422,23718100
2015-12-14,13.333403587341309,13.65999984741211,14.479999542236328,13.510000228881836,14.43000030517578,35155800
2015-12-15,13.840971946716309,14.18000030517578,14.369999885559082,13.739999771118164,13.770000457763672,26455800
2015-12-16,13.733600616455078,14.06999969482422,14.449999809265137,13.779999732971191,14.359999656677246,21968200
2015-12-17,13.977622032165527,14.31999969482422,14.770000457763672,14.25,14.649999618530272,29024400
2015-12-18,14.0166654586792,14.359999656677246,14.729999542236328,14.260000228881836,14.380000114440918,38534200
2015-12-21,14.416863441467283,14.770000457763672,14.789999961853027,14.329999923706056,14.4399995803833,22217300
2015-12-22,14.26069164276123,14.609999656677246,14.949999809265137,14.520000457763672,14.800000190734863,27101100
2015-12-23,13.95810317993164,14.300000190734863,14.300000190734863,13.550000190734863,13.720000267028809,59121400
2015-12-24,14.133798599243164,14.479999542236328,14.59000015258789,14.1899995803833,14.199999809265137,14284200
2015-12-28,13.85073184967041,14.1899995803833,14.510000228881836,14.050000190734863,14.449999809265137,17658500
2015-12-29,13.997145652770996,14.34000015258789,14.510000228881836,14.229999542236328,14.350000381469728,16104200
2015-12-30,13.821449279785156,14.15999984741211,14.4399995803833,14.100000381469728,14.270000457763672,10943700
2015-12-31,13.821449279785156,14.15999984741211,14.289999961853027,14.029999732971191,14.100000381469728,13249400
2016-01-04,13.987382888793944,14.329999923706056,14.359999656677246,13.8100004196167,13.829999923706056,22622300
2016-01-05,14.465669631958008,14.81999969482422,15.079999923706056,14.359999656677246,14.420000076293944,29806700
2016-01-06,13.88001537322998,14.220000267028809,14.6899995803833,14.109999656677246,14.5,26835100
2016-01-07,13.333403587341309,13.65999984741211,14.270000457763672,13.630000114440918,13.859999656677246,26029200
2016-01-08,13.011292457580566,13.329999923706056,13.949999809265137,13.289999961853027,13.779999732971191,29064200
2016-01-11,12.230422019958496,12.529999732971191,13.460000038146973,12.210000038146973,13.369999885559082,43159100
2016-01-12,12.415879249572754,12.720000267028809,13.239999771118164,12.399999618530272,12.720000267028809,25671300
2016-01-13,11.77165699005127,12.0600004196167,12.970000267028809,11.90999984741211,12.779999732971191,35319800
2016-01-14,11.73261547088623,12.020000457763672,12.260000228881836,11.529999732971191,12.079999923706056,35810400
2016-01-15,10.815088272094728,11.079999923706056,11.65999984741211,10.90999984741211,11.350000381469728,37164600
2016-01-19,10.541784286499023,10.800000190734863,11.369999885559082,10.710000038146973,11.279999732971191,38131300
2016-01-20,9.809715270996094,10.050000190734863,10.390000343322754,9.3100004196167,10.380000114440918,65210400
2016-01-21,10.590588569641112,10.850000381469728,10.899999618530272,10.130000114440918,10.449999809265137,52299100
2016-01-22,10.805326461791992,11.06999969482422,11.56999969482422,10.880000114440918,11.18000030517578,35091300
2016-01-25,10.229434967041016,10.479999542236328,11.170000076293944,10.470000267028809,11.0600004196167,23874800
2016-01-26,10.29776096343994,10.550000190734863,10.720000267028809,10.359999656677246,10.550000190734863,26179500
2016-01-27,10.14158535003662,10.390000343322754,10.829999923706056,10.31999969482422,10.5,23013500
2016-01-28,9.653542518615724,9.890000343322754,10.550000190734863,9.710000038146973,10.479999542236328,37390400
2016-01-29,10.766283988952637,11.029999732971191,11.050000190734863,9.9399995803833,9.989999771118164,38448100
2016-02-01,10.697957038879396,10.960000038146973,11.100000381469728,10.510000228881836,11.0,25824800
2016-02-02,10.336803436279297,10.59000015258789,11.06999969482422,10.479999542236328,10.800000190734863,22090300
2016-02-03,10.50273895263672,10.760000228881836,10.859999656677246,10.18000030517578,10.670000076293944,18098100
2016-02-04,10.961501121520996,11.229999542236328,11.550000190734863,10.699999809265137,10.710000038146973,26164100
2016-02-05,10.737001419067385,11.0,11.380000114440918,10.760000228881836,11.149999618530272,22658100
2016-02-08,9.926844596862791,10.170000076293944,10.760000228881836,9.9399995803833,10.710000038146973,27424400
2016-02-09,9.741389274597168,9.979999542236328,10.34000015258789,9.75,10.010000228881836,30178600
2016-02-10,9.663300514221191,9.899999618530272,10.279999732971191,9.81999969482422,10.079999923706056,22090500
2016-02-11,9.458321571350098,9.6899995803833,9.949999809265137,9.449999809265137,9.720000267028809,27105700
2016-02-12,9.78043270111084,10.020000457763672,10.239999771118164,9.479999542236328,9.880000114440918,23857000
2016-02-16,10.55154514312744,10.8100004196167,10.869999885559082,10.3100004196167,10.359999656677246,27494100
2016-02-17,11.156720161437988,11.43000030517578,11.649999618530272,10.920000076293944,10.970000267028809,34404700
2016-02-18,11.215286254882812,11.489999771118164,11.75,11.31999969482422,11.56999969482422,21616100
2016-02-19,10.893176078796388,11.15999984741211,11.390000343322754,10.949999809265137,11.390000343322754,17907100
2016-02-22,10.785806655883787,11.050000190734863,11.4399995803833,10.899999618530272,11.369999885559082,20001700
2016-02-23,10.2391939163208,10.489999771118164,11.079999923706056,10.390000343322754,11.0,22686800
2016-02-24,10.38560962677002,10.640000343322754,10.670000076293944,10.0600004196167,10.25,18551800
2016-02-25,10.463696479797363,10.720000267028809,10.739999771118164,10.210000038146973,10.670000076293944,16153900
2016-02-26,10.444173812866213,10.699999809265137,11.0,10.56999969482422,10.789999961853027,16418800
2016-02-29,10.375847816467283,10.630000114440918,10.890000343322754,10.520000457763672,10.649999618530272,20720000
2016-03-01,10.805326461791992,11.06999969482422,11.100000381469728,10.59000015258789,10.770000457763672,15638700
2016-03-02,11.400745391845703,11.68000030517578,11.6899995803833,10.970000267028809,11.010000228881836,18197500
2016-03-03,11.508111000061035,11.789999961853027,11.850000381469728,11.600000381469728,11.729999542236328,16323300
2016-03-04,11.595959663391112,11.880000114440918,12.289999961853027,11.600000381469728,11.800000190734863,35279500
2016-03-07,11.30313205718994,11.579999923706056,11.779999732971191,11.050000190734863,11.460000038146973,27748800
2016-03-08,10.405131340026855,10.65999984741211,11.449999809265137,10.649999618530272,11.4399995803833,29648400
2016-03-09,10.55154514312744,10.8100004196167,10.90999984741211,10.529999732971191,10.760000228881836,15133800
2016-03-10,10.619871139526367,10.880000114440918,11.0600004196167,10.65999984741211,10.949999809265137,17739000
2016-03-11,11.117674827575684,11.390000343322754,11.399999618530272,10.850000381469728,10.989999771118164,17261200
2016-03-14,10.883414268493652,11.149999618530272,11.34000015258789,11.010000228881836,11.34000015258789,13531300
2016-03-15,10.590588569641112,10.850000381469728,11.149999618530272,10.720000267028809,11.149999618530272,15156500
2016-03-16,10.463696479797363,10.720000267028809,10.890000343322754,10.550000190734863,10.710000038146973,20471800
2016-03-17,10.610109329223633,10.869999885559082,11.0,10.600000381469728,10.720000267028809,19976800
2016-03-18,10.87365436553955,11.140000343322754,11.170000076293944,10.75,10.84000015258789,44827100
2016-03-21,11.254329681396484,11.529999732971191,11.600000381469728,11.079999923706056,11.140000343322754,18083000
2016-03-22,11.166478157043455,11.4399995803833,11.600000381469728,11.329999923706056,11.449999809265137,13463400
2016-03-23,10.395367622375488,10.649999618530272,11.460000038146973,10.630000114440918,11.43000030517578,29424300
2016-03-24,10.248956680297852,10.5,10.600000381469728,10.329999923706056,10.5,22822800
2016-03-28,10.13182544708252,10.380000114440918,10.59000015258789,10.25,10.5,22898800
2016-03-29,10.200150489807127,10.449999809265137,10.529999732971191,10.100000381469728,10.18000030517578,30891600
2016-03-30,10.229434967041016,10.479999542236328,10.949999809265137,10.399999618530272,10.510000228881836,35166700
2016-03-31,10.21967315673828,10.470000267028809,10.489999771118164,10.010000228881836,10.3100004196167,48134200
2016-04-01,10.766283988952637,11.029999732971191,11.06999969482422,10.239999771118164,10.279999732971191,28458300
2016-04-04,10.541784286499023,10.800000190734863,11.220000267028809,10.779999732971191,11.0600004196167,22475200
2016-04-05,10.15134620666504,10.399999618530272,10.720000267028809,10.380000114440918,10.630000114440918,20760300
2016-04-06,10.21967315673828,10.470000267028809,10.479999542236328,10.25,10.420000076293944,18413000
2016-04-07,10.25871467590332,10.510000228881836,10.649999618530272,10.390000343322754,10.420000076293944,19470200
2016-04-08,10.463696479797363,10.720000267028809,10.890000343322754,10.56999969482422,10.640000343322754,18950000
2016-04-11,10.200150489807127,10.449999809265137,10.920000076293944,10.4399995803833,10.75,18258000
2016-04-12,9.926844596862791,10.170000076293944,10.539999961853027,10.050000190734863,10.510000228881836,25679600
2016-04-13,10.619871139526367,10.880000114440918,10.899999618530272,10.199999809265137,10.300000190734863,26108900
2016-04-14,10.15134620666504,10.399999618530272,10.789999961853027,10.390000343322754,10.789999961853027,17778100
2016-04-15,10.434414863586426,10.6899995803833,10.779999732971191,10.460000038146973,10.729999542236328,25325200
2016-04-18,10.629630088806152,10.890000343322754,11.100000381469728,10.5600004196167,10.630000114440918,26372800
2016-04-19,10.463696479797363,10.720000267028809,11.079999923706056,10.600000381469728,11.079999923706056,21005700
2016-04-20,10.492975234985352,10.75,10.770000457763672,10.5,10.630000114440918,19268600
2016-04-21,10.395367622375488,10.649999618530272,10.890000343322754,10.600000381469728,10.800000190734863,15629500
2016-04-22,10.405131340026855,10.65999984741211,10.8100004196167,10.5,10.65999984741211,18715200
2016-04-25,10.29776096343994,10.550000190734863,10.880000114440918,10.479999542236328,10.670000076293944,22500000
2016-04-26,11.234807968139648,11.510000228881836,11.649999618530272,10.710000038146973,10.81999969482422,47098100
2016-04-27,11.283615112304688,11.5600004196167,11.609999656677246,11.199999809265137,11.34000015258789,24353400
2016-04-28,11.34217643737793,11.619999885559082,12.40999984741211,11.520000457763672,11.529999732971191,41186400
2016-04-29,10.492975234985352,10.75,11.6899995803833,10.649999618530272,11.630000114440918,40162100
2016-05-02,10.366086959838867,10.619999885559082,10.859999656677246,10.43000030517578,10.800000190734863,23794800
2016-05-03,10.11230182647705,10.359999656677246,10.619999885559082,10.25,10.489999771118164,27847600
2016-05-04,9.760910987854004,10.0,10.489999771118164,9.800000190734863,10.25,40867200
2016-05-05,9.819476127624512,10.0600004196167,10.399999618530272,10.010000228881836,10.0600004196167,26456300
2016-05-06,9.75114917755127,9.989999771118164,10.210000038146973,9.850000381469728,9.979999542236328,20963300
2016-05-09,9.634017944335938,9.869999885559082,10.06999969482422,9.760000228881836,10.0,20476700
2016-05-10,9.848758697509766,10.09000015258789,10.109999656677246,9.84000015258789,9.9399995803833,19608200
2016-05-11,9.8585205078125,10.100000381469728,10.329999923706056,10.010000228881836,10.020000457763672,17808400
2016-05-12,9.399755477905272,9.630000114440918,10.260000228881836,9.350000381469728,10.149999618530272,41066600
2016-05-13,9.331430435180664,9.5600004196167,9.789999961853027,9.40999984741211,9.65999984741211,21517300
2016-05-16,9.44856071472168,9.68000030517578,9.6899995803833,9.510000228881836,9.609999656677246,16247600
2016-05-17,9.438799858093262,9.670000076293944,9.920000076293944,9.489999771118164,9.649999618530272,22112100
2016-05-18,9.809715270996094,10.050000190734863,10.279999732971191,9.68000030517578,9.68000030517578,26916900
2016-05-19,9.82923698425293,10.06999969482422,10.260000228881836,9.90999984741211,10.0,18852900
2016-05-20,10.541784286499023,10.800000190734863,10.8100004196167,10.279999732971191,10.3100004196167,31189700
2016-05-23,10.87365436553955,11.140000343322754,11.170000076293944,10.81999969482422,10.84000015258789,28369200
2016-05-24,11.215286254882812,11.489999771118164,11.5,11.15999984741211,11.3100004196167,25437300
2016-05-25,11.322656631469728,11.600000381469728,11.779999732971191,11.420000076293944,11.59000015258789,29175600
2016-05-26,11.664287567138672,11.949999809265137,12.029999732971191,11.6899995803833,11.710000038146973,23644100
2016-05-27,12.015682220458984,12.3100004196167,12.43000030517578,11.829999923706056,11.970000267028809,29838400
2016-05-31,12.415879249572754,12.720000267028809,12.90999984741211,12.260000228881836,12.65999984741211,49604300
2016-06-01,12.77703094482422,13.09000015258789,13.09000015258789,12.3100004196167,12.609999656677246,35762100
2016-06-02,12.796554565429688,13.109999656677246,13.210000038146973,12.75,12.949999809265137,31941900
2016-06-03,12.552530288696287,12.859999656677246,13.039999961853027,12.630000114440918,13.020000457763672,28326000
2016-06-06,12.464682579040527,12.770000457763672,13.039999961853027,12.760000228881836,12.890000343322754,24861200
2016-06-07,12.68918228149414,13.0,13.149999618530272,12.8100004196167,12.829999923706056,21409500
2016-06-08,12.279226303100586,12.579999923706056,13.09000015258789,12.510000228881836,13.079999923706056,25869800
2016-06-09,12.210898399353027,12.510000228881836,12.699999809265137,12.239999771118164,12.470000267028809,21881700
2016-06-10,11.84974479675293,12.140000343322754,12.369999885559082,12.050000190734863,12.31999969482422,21439300
2016-06-13,11.761897087097168,12.050000190734863,12.359999656677246,11.9399995803833,12.0,15538900
2016-06-14,11.635004997253418,11.920000076293944,12.31999969482422,11.739999771118164,12.06999969482422,21913200
2016-06-15,11.73261547088623,12.020000457763672,12.25,11.949999809265137,12.15999984741211,17491700
2016-06-16,11.664287567138672,11.949999809265137,11.989999771118164,11.579999923706056,11.869999885559082,22453100
2016-06-17,11.908309936523438,12.199999809265137,12.350000381469728,11.949999809265137,11.970000267028809,20604200
2016-06-20,12.025442123413086,12.31999969482422,12.65999984741211,12.289999961853027,12.510000228881836,21481700
2016-06-21,12.445160865783691,12.75,12.829999923706056,12.420000076293944,12.539999961853027,25060500
2016-06-22,12.415879249572754,12.720000267028809,13.039999961853027,12.670000076293944,12.779999732971191,26968200
2016-06-23,13.71407985687256,14.050000190734863,14.15999984741211,13.40999984741211,13.40999984741211,71203000
2016-06-24,12.89416217803955,13.210000038146973,13.850000381469728,13.130000114440918,13.5,77486100
2016-06-27,11.937592506408691,12.229999542236328,13.239999771118164,12.100000381469728,13.130000114440918,45700500
2016-06-28,12.679423332214355,12.989999771118164,13.050000190734863,12.619999885559082,12.640000343322754,34838100
2016-06-29,12.874641418457031,13.1899995803833,13.420000076293944,12.9399995803833,13.300000190734863,36879800
2016-06-30,13.431012153625488,13.760000228881836,13.779999732971191,13.220000267028809,13.34000015258789,48486100
2016-07-01,12.201135635375977,12.5,12.899999618530272,12.3100004196167,12.579999923706056,68847100
2016-07-05,11.625244140625,11.90999984741211,12.449999809265137,11.800000190734863,12.380000114440918,37298900
2016-07-06,11.44954776763916,11.729999542236328,11.850000381469728,11.5,11.760000228881836,35747800
2016-07-07,11.908309936523438,12.199999809265137,12.550000190734863,11.890000343322754,11.899999618530272,33457100
2016-07-08,12.318267822265623,12.619999885559082,12.720000267028809,12.380000114440918,12.390000343322754,27955700
2016-07-11,12.337791442871094,12.640000343322754,12.979999542236328,12.609999656677246,12.789999961853027,22797100
2016-07-12,12.913684844970703,13.229999542236328,13.460000038146973,12.979999542236328,13.0,35226800
2016-07-13,12.972249984741213,13.289999961853027,13.390000343322754,13.06999969482422,13.239999771118164,23067400
2016-07-14,12.972249984741213,13.289999961853027,13.550000190734863,13.270000457763672,13.5,18698900
2016-07-15,12.816075325012209,13.130000114440918,13.5,13.039999961853027,13.3100004196167,18046200
2016-07-18,13.021052360534668,13.34000015258789,13.359999656677246,13.09000015258789,13.25,17180500
2016-07-19,12.903923988342283,13.220000267028809,13.260000228881836,13.050000190734863,13.220000267028809,30569900
2016-07-20,13.265077590942385,13.59000015258789,13.619999885559082,13.239999771118164,13.329999923706056,35666000
2016-07-21,12.86488151550293,13.18000030517578,13.5,13.079999923706056,13.479999542236328,16734700
2016-07-22,12.816075325012209,13.130000114440918,13.229999542236328,13.020000457763672,13.210000038146973,18755900
2016-07-25,13.587186813354492,13.920000076293944,14.329999923706056,13.880000114440918,14.0,51357000
2016-07-26,14.319254875183104,14.670000076293944,14.6899995803833,13.93000030517578,14.0,38959800
2016-07-27,13.85073184967041,14.1899995803833,14.890000343322754,14.0600004196167,14.850000381469728,35035800
2016-07-28,13.479816436767578,13.8100004196167,14.1899995803833,13.699999809265137,14.130000114440918,25504200
2016-07-29,13.411490440368652,13.739999771118164,13.9399995803833,13.619999885559082,13.90999984741211,21792900
2016-08-01,13.235795021057127,13.5600004196167,13.920000076293944,13.550000190734863,13.8100004196167,16363900
2016-08-02,13.079618453979492,13.399999618530272,13.579999923706056,13.020000457763672,13.550000190734863,23707600
2016-08-03,13.186988830566406,13.510000228881836,13.579999923706056,13.270000457763672,13.270000457763672,17316600
2016-08-04,13.69455623626709,14.029999732971191,14.199999809265137,13.600000381469728,13.609999656677246,23400100
2016-08-05,14.17284107208252,14.520000457763672,14.779999732971191,14.199999809265137,14.220000267028809,29098400
2016-08-08,14.075231552124023,14.420000076293944,14.720000267028809,14.380000114440918,14.529999732971191,16163500
2016-08-09,14.133798599243164,14.479999542236328,14.699999809265137,14.399999618530272,14.5600004196167,12573700
2016-08-10,13.860491752624512,14.199999809265137,14.5,14.029999732971191,14.479999542236328,15003200
2016-08-11,14.08499526977539,14.43000030517578,14.489999771118164,14.210000038146973,14.25,14451300
2016-08-12,14.573040008544922,14.93000030517578,14.989999771118164,14.43000030517578,14.460000038146973,24909900
2016-08-15,15.15869140625,15.529999732971191,15.699999809265137,15.079999923706056,15.09000015258789,29105200
2016-08-16,15.119650840759276,15.489999771118164,15.59000015258789,15.229999542236328,15.579999923706056,21872700
2016-08-17,15.148932456970217,15.520000457763672,15.760000228881836,15.460000038146973,15.529999732971191,22552100
2016-08-18,15.39295482635498,15.770000457763672,15.800000190734863,15.510000228881836,15.550000190734863,16590700
2016-08-19,15.861477851867676,16.25,16.450000762939453,16.030000686645508,16.15999984741211,35059400
2016-08-22,15.80291748046875,16.190000534057617,16.43000030517578,15.90999984741211,16.149999618530273,22145800
2016-08-23,15.7931547164917,16.18000030517578,16.540000915527344,16.139999389648438,16.270000457763672,23741400
2016-08-24,15.139172554016112,15.510000228881836,16.239999771118164,15.380000114440918,16.200000762939453,26686900
2016-08-25,15.81267547607422,16.200000762939453,16.549999237060547,15.880000114440918,15.899999618530272,34837800
2016-08-26,16.115264892578125,16.510000228881836,16.809999465942383,16.290000915527344,16.34000015258789,24243700
2016-08-29,16.50569725036621,16.90999984741211,17.25,16.610000610351562,16.920000076293945,34467800
2016-08-30,16.33976173400879,16.739999771118164,17.010000228881836,16.510000228881836,17.0,23620900
2016-08-31,16.095739364624023,16.489999771118164,16.739999771118164,16.139999389648438,16.700000762939453,21963700
2016-09-01,16.242155075073242,16.639999389648438,16.799999237060547,16.299999237060547,16.610000610351562,15719500
2016-09-02,16.300716400146484,16.700000762939453,16.969999313354492,16.56999969482422,16.959999084472656,16099500
2016-09-06,16.60331153869629,17.010000228881836,17.079999923706055,16.75,16.799999237060547,22998600
2016-09-07,16.749727249145508,17.15999984741211,17.350000381469727,17.020000457763672,17.209999084472656,23023500
2016-09-08,17.03278923034668,17.450000762939453,17.860000610351562,16.8799991607666,17.18000030517578,39212100
2016-09-09,16.408090591430664,16.809999465942383,17.739999771118164,16.690000534057617,17.329999923706055,31389600
2016-09-12,16.739961624145508,17.149999618530273,17.200000762939453,16.3700008392334,16.610000610351562,28239200
2016-09-13,16.349525451660156,16.75,17.149999618530273,16.459999084472656,16.920000076293945,24345800
2016-09-14,16.525222778320312,16.93000030517578,17.079999923706055,16.649999618530273,16.8799991607666,18591300
2016-09-15,17.03278923034668,17.450000762939453,17.459999084472656,16.850000381469727,16.899999618530273,24303700
2016-09-16,17.062070846557617,17.479999542236328,18.07999992370605,17.34000015258789,18.07999992370605,37447400
2016-09-19,16.544748306274414,16.950000762939453,17.770000457763672,16.850000381469727,17.6299991607666,23999900
2016-09-20,16.515460968017578,16.920000076293945,17.270000457763672,16.719999313354492,17.049999237060547,17775800
2016-09-21,17.23776626586914,17.65999984741211,17.700000762939453,17.229999542236328,17.25,31384900
2016-09-22,17.169435501098633,17.59000015258789,18.049999237060547,17.40999984741211,17.889999389648438,25278000
2016-09-23,17.062070846557617,17.479999542236328,17.739999771118164,17.43000030517578,17.450000762939453,17947600
2016-09-26,16.9449462890625,17.360000610351562,17.600000381469727,17.18000030517578,17.350000381469727,19567200
2016-09-27,17.569637298583984,18.0,18.07999992370605,17.350000381469727,17.530000686645508,28621000
2016-09-28,17.023027420043945,17.440000534057617,18.15999984741211,17.149999618530273,18.15999984741211,42715600
2016-09-29,17.12063980102539,17.540000915527344,17.770000457763672,17.350000381469727,17.450000762939453,31870200
2016-09-30,17.354896545410156,17.780000686645508,18.0,17.579999923706055,17.75,21363100
2016-10-03,17.306093215942383,17.729999542236328,18.020000457763672,17.600000381469727,17.989999771118164,26856100
2016-10-04,17.374418258666992,17.799999237060547,18.040000915527344,17.65999984741211,17.979999542236328,54502800
2016-10-05,17.276811599731445,17.700000762939453,18.32999992370605,17.280000686645508,17.549999237060547,67739500
2016-10-06,17.306093215942383,17.729999542236328,17.889999389648438,17.540000915527344,17.639999389648438,21606800
2016-10-07,17.188962936401367,17.610000610351562,17.799999237060547,17.299999237060547,17.719999313354492,23849000
2016-10-10,17.081592559814453,17.5,17.84000015258789,17.489999771118164,17.719999313354492,18857600
2016-10-11,16.456892013549805,16.860000610351562,17.469999313354492,16.530000686645508,17.399999618530273,38070200
2016-10-12,16.378808975219727,16.780000686645508,17.040000915527344,16.670000076293945,16.8799991607666,17901800
2016-10-13,16.447132110595703,16.850000381469727,17.0,16.170000076293945,16.559999465942383,28593700
2016-10-14,16.72043800354004,17.1299991607666,17.40999984741211,16.989999771118164,17.030000686645508,23539800
2016-10-17,16.583784103393555,16.989999771118164,17.170000076293945,16.93000030517578,17.020000457763672,12657800
2016-10-18,16.993743896484375,17.40999984741211,17.65999984741211,17.200000762939453,17.209999084472656,20185700
2016-10-19,16.808290481567383,17.219999313354492,17.25,16.850000381469727,17.0,18629500
2016-10-20,16.788766860961914,17.200000762939453,17.5,17.049999237060547,17.049999237060547,17129700
2016-10-21,16.534984588623047,16.940000534057617,17.06999969482422,16.799999237060547,17.0,18710300
2016-10-24,16.65210723876953,17.059999465942383,17.15999984741211,16.969999313354492,17.06999969482422,13838700
2016-10-25,17.12063980102539,17.540000915527344,17.610000610351562,17.100000381469727,17.100000381469727,27444000
2016-10-26,17.218244552612305,17.639999389648438,17.93000030517578,17.200000762939453,17.299999237060547,23610500
2016-10-27,17.110876083374023,17.530000686645508,17.899999618530273,17.399999618530273,17.81999969482422,21198300
2016-10-28,16.788766860961914,17.200000762939453,17.670000076293945,17.100000381469727,17.600000381469727,20832400
2016-10-31,16.749727249145508,17.15999984741211,17.760000228881836,17.15999984741211,17.540000915527344,23267600
2016-11-01,16.574024200439453,16.979999542236328,17.40999984741211,16.579999923706055,17.200000762939453,27146100
2016-11-02,16.281200408935547,16.68000030517578,17.020000457763672,16.5,16.950000762939453,24949700
2016-11-03,16.222633361816406,16.6200008392334,16.809999465942383,16.559999465942383,16.65999984741211,17255100
2016-11-04,16.281200408935547,16.68000030517578,17.020000457763672,16.450000762939453,16.459999084472656,18026600
2016-11-07,16.964462280273438,17.3799991607666,17.43000030517578,17.020000457763672,17.020000457763672,21673200
2016-11-08,16.993743896484375,17.40999984741211,17.549999237060547,17.059999465942383,17.299999237060547,18062700
2016-11-09,16.788766860961914,17.200000762939453,17.350000381469727,16.75,16.950000762939453,33873300
2016-11-10,16.583784103393555,16.989999771118164,17.760000228881836,16.75,17.350000381469727,30282200
2016-11-11,17.247529983520508,17.670000076293945,17.68000030517578,16.899999618530273,17.079999923706055,31043300
2016-11-14,17.286571502685547,17.709999084472656,17.979999542236328,17.530000686645508,17.770000457763672,26313300
2016-11-15,17.667247772216797,18.100000381469727,18.170000076293945,17.65999984741211,17.65999984741211,25153900
2016-11-16,17.80390167236328,18.239999771118164,18.32999992370605,17.93000030517578,17.940000534057617,21629000
2016-11-17,18.72142791748047,19.18000030517578,19.34000015258789,18.25,18.350000381469727,45958100
2016-11-18,18.750709533691406,19.209999084472656,19.32999992370605,18.850000381469727,18.89999961853028,29121600
2016-11-21,19.02401161193848,19.489999771118164,19.670000076293945,19.350000381469727,19.38999938964844,22744000
2016-11-22,19.268035888671875,19.739999771118164,19.799999237060547,19.450000762939453,19.63999938964844,22219100
2016-11-23,19.43397331237793,19.90999984741211,19.93000030517578,19.46999931335449,19.6299991607666,20041300
2016-11-25,19.64871025085449,20.1299991607666,20.440000534057617,19.790000915527344,19.950000762939453,16308000
2016-11-28,19.512056350708008,19.989999771118164,20.280000686645508,19.950000762939453,20.18000030517578,22205900
2016-11-29,18.955684661865234,19.420000076293945,20.200000762939453,19.3799991607666,19.920000076293945,37924400
2016-11-30,19.06305885314941,19.530000686645508,19.76000022888184,19.36000061035156,19.57999992370605,26031700
2016-12-01,18.03816032409668,18.479999542236328,19.82999992370605,18.18000030517578,19.700000762939453,40713100
2016-12-02,18.340749740600582,18.790000915527344,19.200000762939453,18.299999237060547,18.459999084472656,25887600
2016-12-05,18.16505241394043,18.61000061035156,19.0,18.39999961853028,19.0,26635500
2016-12-06,18.604297637939453,19.059999465942383,19.09000015258789,18.57999992370605,18.6200008392334,22267800
2016-12-07,19.9512996673584,20.440000534057617,20.540000915527344,19.299999237060547,19.5,44735700
2016-12-08,20.16604232788086,20.65999984741211,20.989999771118164,20.290000915527344,20.75,36257400
2016-12-09,20.009864807128903,20.5,20.850000381469727,20.1299991607666,20.729999542236328,23978000
2016-12-12,19.54134559631348,20.020000457763672,20.51000022888184,19.489999771118164,20.299999237060547,28676100
2016-12-13,19.64871025085449,20.1299991607666,20.46999931335449,19.799999237060547,20.13999938964844,26252400
2016-12-14,19.54134559631348,20.020000457763672,20.32999992370605,19.780000686645508,19.93000030517578,19489100
2016-12-15,19.80489158630371,20.290000915527344,20.5,19.979999542236328,20.100000381469727,19453100
2016-12-16,19.785362243652344,20.270000457763672,21.0,20.190000534057617,20.530000686645508,36643400
2016-12-19,19.86345291137696,20.350000381469727,20.700000762939453,20.190000534057617,20.43000030517578,23555900
2016-12-20,20.15627670288086,20.64999961853028,20.799999237060547,20.46999931335449,20.729999542236328,23018500
2016-12-21,20.08795547485352,20.57999992370605,20.82999992370605,20.34000015258789,20.75,32034500
2016-12-22,22.63555145263672,23.190000534057617,23.489999771118164,22.770000457763672,22.90999984741211,85870000
2016-12-23,22.7038803100586,23.26000022888184,23.489999771118164,23.059999465942383,23.06999969482422,27780100
2016-12-27,22.74292182922364,23.299999237060547,23.63999938964844,23.209999084472656,23.350000381469727,24214100
2016-12-28,22.235349655151367,22.780000686645508,23.40999984741211,22.76000022888184,23.39999961853028,24026900
2016-12-29,21.737546920776367,22.270000457763672,22.799999237060547,22.14999961853028,22.57999992370605,19890500
2016-12-30,21.39591407775879,21.920000076293945,22.39999961853028,21.75,22.350000381469727,20268900
2017-01-03,22.01085090637207,22.549999237060547,22.739999771118164,22.049999237060547,22.06999969482422,24962900
2017-01-04,21.825395584106445,22.36000061035156,22.84000015258789,22.25,22.670000076293945,20426800
2017-01-05,21.581375122070312,22.11000061035156,22.56999969482422,21.959999084472656,22.39999961853028,19759400
2017-01-06,21.513050079345703,22.040000915527344,22.280000686645508,21.979999542236328,22.270000457763672,17782200
2017-01-09,21.80587577819824,22.34000015258789,22.549999237060547,21.940000534057617,21.940000534057617,21537200
2017-01-10,21.942529678344727,22.479999542236328,22.690000534057617,22.299999237060547,22.36000061035156,20644300
2017-01-11,22.245115280151367,22.790000915527344,22.8799991607666,22.559999465942383,22.61000061035156,20907700
2017-01-12,21.77659034729004,22.309999465942383,22.479999542236328,21.700000762939453,22.459999084472656,27592300
2017-01-13,21.649703979492188,22.18000030517578,22.309999465942383,21.989999771118164,22.270000457763672,14025700
2017-01-17,21.220218658447266,21.739999771118164,22.06999969482422,21.57999992370605,21.8799991607666,20053800
2017-01-18,21.786352157592773,22.31999969482422,22.34000015258789,21.530000686645508,21.68000030517578,19493400
2017-01-19,21.19093513488769,21.709999084472656,22.299999237060547,21.489999771118164,21.5,31259000
2017-01-20,21.43495750427246,21.959999084472656,22.32999992370605,21.88999938964844,21.89999961853028,19978700
2017-01-23,21.36663055419922,21.88999938964844,22.309999465942383,21.739999771118164,21.959999084472656,16070300
2017-01-24,22.303680419921875,22.850000381469727,23.09000015258789,22.26000022888184,22.270000457763672,29461400
2017-01-25,22.9967041015625,23.559999465942383,23.979999542236328,23.190000534057617,23.39999961853028,31611800
2017-01-26,22.957660675048828,23.520000457763672,23.989999771118164,23.290000915527344,23.799999237060547,19379100
2017-01-27,23.39690017700196,23.96999931335449,24.100000381469727,23.450000762939453,23.530000686645508,18626100
2017-01-30,23.601882934570312,24.18000030517578,24.239999771118164,23.43000030517578,23.81999969482422,30508100
2017-01-31,23.533552169799805,24.11000061035156,24.14999961853028,23.68000030517578,23.950000762939453,22712500
2017-02-01,24.158248901367188,24.75,24.850000381469727,24.309999465942383,24.43000030517578,28728200
2017-02-02,24.19729804992676,24.790000915527344,25.309999465942383,24.459999084472656,24.530000686645508,45499700
2017-02-03,24.011838912963867,24.600000381469727,25.239999771118164,24.5,24.89999961853028,25054400
2017-02-06,23.758056640625,24.34000015258789,24.729999542236328,24.209999084472656,24.530000686645508,18900000
2017-02-07,24.011838912963867,24.600000381469727,24.690000534057617,24.209999084472656,24.59000015258789,19879300
2017-02-08,23.63116836547852,24.209999084472656,24.3799991607666,23.90999984741211,24.25,21559200
2017-02-09,23.86542701721192,24.450000762939453,24.88999938964844,24.420000076293945,24.75,27887400
2017-02-10,23.474985122680664,24.049999237060547,24.76000022888184,23.89999961853028,24.709999084472656,28578400
2017-02-13,23.328575134277344,23.89999961853028,24.200000762939453,23.81999969482422,24.06999969482422,16876400
2017-02-14,22.56723022460937,23.1200008392334,23.3700008392334,22.68000030517578,23.36000061035156,60685200
2017-02-15,22.469615936279297,23.020000457763672,23.26000022888184,22.790000915527344,23.06999969482422,28215800
2017-02-16,22.430572509765625,22.979999542236328,23.34000015258789,22.850000381469727,23.040000915527344,23819800
2017-02-17,22.791723251342773,23.350000381469727,23.3799991607666,23.01000022888184,23.01000022888184,22108700
2017-02-21,23.201679229736328,23.770000457763672,23.979999542236328,23.57999992370605,23.6200008392334,20256300
2017-02-22,23.18216323852539,23.75,24.059999465942383,23.64999961853028,23.86000061035156,16013300
2017-02-23,22.91861724853516,23.479999542236328,23.96999931335449,23.229999542236328,23.920000076293945,20172900
2017-02-24,22.68435287475586,23.239999771118164,23.26000022888184,22.63999938964844,22.959999084472656,22019600
2017-02-27,23.191919326782227,23.76000022888184,23.770000457763672,23.14999961853028,23.36000061035156,17999800
2017-02-28,22.879568099975582,23.440000534057617,23.950000762939453,23.31999969482422,23.790000915527344,21447500
2017-03-01,23.963031768798828,24.549999237060547,24.57999992370605,24.06999969482422,24.15999984741211,27989300
2017-03-02,24.10945510864257,24.700000762939453,25.25,24.3799991607666,24.8799991607666,45941900
2017-03-03,24.958648681640625,25.56999969482422,25.68000030517578,24.979999542236328,25.200000762939453,37862400
2017-03-06,25.09529495239257,25.709999084472656,25.920000076293945,25.170000076293945,25.5,25527800
2017-03-07,25.026975631713867,25.63999938964844,25.75,25.280000686645508,25.559999465942383,20313000
2017-03-08,24.7731876373291,25.3799991607666,25.82999992370605,25.040000915527344,25.63999938964844,24921100
2017-03-09,24.548688888549805,25.14999961853028,25.489999771118164,24.850000381469727,25.229999542236328,21786600
2017-03-10,24.57797622680664,25.18000030517578,25.75,24.809999465942383,25.280000686645508,28919000
2017-03-13,25.085542678833008,25.700000762939453,25.81999969482422,25.290000915527344,25.38999938964844,23768200
2017-03-14,24.968408584594727,25.57999992370605,25.700000762939453,25.25,25.59000015258789,14587500
2017-03-15,25.49549865722656,26.1200008392334,26.14999961853028,24.940000534057617,25.14999961853028,29779900
2017-03-16,25.417404174804688,26.040000915527344,26.229999542236328,25.82999992370605,26.200000762939453,19147300
2017-03-17,25.18314552307129,25.799999237060547,25.90999984741211,25.39999961853028,25.86000061035156,19126500
2017-03-20,25.58334732055664,26.209999084472656,26.61000061035156,25.809999465942383,25.989999771118164,26918800
2017-03-21,24.909841537475582,25.520000457763672,26.440000534057617,25.43000030517578,26.299999237060547,28397500
2017-03-22,25.436931610107425,26.059999465942383,26.14999961853028,25.6299991607666,25.729999542236328,25092500
2017-03-23,25.83712577819824,26.46999931335449,26.489999771118164,26.040000915527344,26.36000061035156,47118300
2017-03-24,27.7502670288086,28.43000030517578,29.8700008392334,28.15999984741211,29.709999084472656,107481800
2017-03-27,28.072376251220703,28.76000022888184,29.18000030517578,28.06999969482422,28.100000381469727,48190000
2017-03-28,28.004051208496094,28.690000534057617,29.059999465942383,28.6200008392334,28.729999542236328,24776400
2017-03-29,27.818592071533203,28.5,28.68000030517578,28.350000381469727,28.600000381469727,23060600
2017-03-30,28.27735710144043,28.96999931335449,29.0,28.32999992370605,28.39999961853028,25092700
2017-03-31,28.20903205871582,28.89999961853028,29.36000061035156,28.89999961853028,29.100000381469727,32337800
2017-04-03,27.95524406433105,28.63999938964844,29.040000915527344,28.299999237060547,28.950000762939453,21629100
2017-04-04,27.906444549560547,28.59000015258789,28.68000030517578,28.15999984741211,28.46999931335449,13957900
2017-04-05,27.584333419799805,28.26000022888184,28.90999984741211,28.229999542236328,28.63999938964844,22389900
2017-04-06,27.935726165771484,28.6200008392334,28.780000686645508,28.020000457763672,28.25,19423700
2017-04-07,27.838115692138672,28.520000457763672,28.86000061035156,28.350000381469727,28.450000762939453,20325500
2017-04-10,26.979156494140625,27.63999938964844,28.489999771118164,27.57999992370605,28.450000762939453,27422100
2017-04-11,26.53015518188477,27.18000030517578,27.540000915527344,26.68000030517578,27.5,38619300
2017-04-12,26.051868438720703,26.690000534057617,27.43000030517578,26.65999984741211,27.420000076293945,24621900
2017-04-13,26.100669860839844,26.739999771118164,27.229999542236328,26.36000061035156,26.549999237060547,26077500
2017-04-17,26.481353759765625,27.1299991607666,27.21999931335449,26.82999992370605,26.90999984741211,14108600
2017-04-18,26.49111557006836,27.13999938964844,27.34000015258789,26.89999961853028,27.0,14407100
2017-04-19,26.60824203491211,27.26000022888184,27.549999237060547,27.049999237060547,27.450000762939453,21231900
2017-04-20,27.29150390625,27.959999084472656,28.07999992370605,27.5,27.5,23633000
2017-04-21,26.666807174682617,27.31999969482422,28.030000686645508,27.15999984741211,28.0,28361700
2017-04-24,25.934738159179688,26.56999969482422,27.76000022888184,26.520000457763672,27.739999771118164,44041000
2017-04-25,26.344696044921875,26.989999771118164,27.020000457763672,26.3700008392334,26.709999084472656,22881400
2017-04-26,26.14948081970215,26.790000915527344,27.06999969482422,26.38999938964844,26.57999992370605,24670700
2017-04-27,26.96939277648925,27.6299991607666,27.64999961853028,27.100000381469727,27.170000076293945,24626900
2017-04-28,27.00843620300293,27.670000076293945,28.200000762939453,27.51000022888184,28.020000457763672,28105100
2017-05-01,27.61361312866211,28.290000915527344,28.3799991607666,27.71999931335449,27.850000381469727,23938000
2017-05-02,27.106046676635746,27.770000457763672,28.280000686645508,27.450000762939453,28.280000686645508,25335300
2017-05-03,27.330549240112305,28.0,28.100000381469727,27.549999237060547,27.549999237060547,15061300
2017-05-04,27.125572204589844,27.790000915527344,28.170000076293945,27.71999931335449,27.940000534057617,15544600
2017-05-05,27.525768280029297,28.200000762939453,28.21999931335449,27.6200008392334,27.799999237060547,15639600
2017-05-08,27.38911247253418,28.059999465942383,28.06999969482422,27.280000686645508,27.559999465942383,32326800
2017-05-09,28.12118148803711,28.809999465942383,28.89999961853028,28.059999465942383,28.11000061035156,31073400
2017-05-10,28.61898422241211,29.31999969482422,29.420000076293945,28.799999237060547,28.920000076293945,29267500
2017-05-11,28.335922241210938,29.030000686645508,29.309999465942383,28.690000534057617,29.170000076293945,22494600
2017-05-12,28.238311767578125,28.93000030517578,29.1200008392334,28.68000030517578,29.100000381469727,15902700
2017-05-15,28.14070510864257,28.82999992370605,29.190000534057617,28.729999542236328,29.07999992370605,21899900
2017-05-16,28.32616233825684,29.020000457763672,29.07999992370605,28.56999969482422,28.920000076293945,14940800
2017-05-17,26.35445785522461,27.0,28.51000022888184,26.959999084472656,28.34000015258789,38027900
2017-05-18,26.822980880737305,27.479999542236328,27.88999938964844,27.09000015258789,27.14999961853028,26863000
2017-05-19,27.15485382080078,27.81999969482422,28.15999984741211,27.729999542236328,27.780000686645508,19173200
2017-05-22,27.38911247253418,28.059999465942383,28.25,27.64999961853028,28.200000762939453,18032700
2017-05-23,27.61361312866211,28.290000915527344,28.309999465942383,27.559999465942383,28.07999992370605,21800800
2017-05-24,28.296875,28.989999771118164,29.1200008392334,28.440000534057617,28.46999931335449,22216800
2017-05-25,28.72635841369629,29.43000030517578,29.65999984741211,29.190000534057617,29.200000762939453,20714000
2017-05-26,29.048473358154297,29.76000022888184,29.770000457763672,28.8799991607666,29.270000457763672,17784800
2017-05-30,29.965993881225582,30.700000762939453,30.8700008392334,29.8799991607666,29.940000534057617,34690000
2017-05-31,30.034320831298828,30.770000457763672,31.100000381469727,30.31999969482422,31.01000022888184,26402900
2017-06-01,30.02455711364746,30.76000022888184,30.82999992370605,30.280000686645508,30.75,20534800
2017-06-02,30.46380043029785,31.209999084472656,31.3799991607666,30.530000686645508,30.799999237060547,20206300
2017-06-05,30.46380043029785,31.209999084472656,31.76000022888184,31.06999969482422,31.299999237060547,24360800
2017-06-06,30.81519317626953,31.56999969482422,31.770000457763672,30.8700008392334,31.040000915527344,33125800
2017-06-07,31.72295570373535,32.5,32.54999923706055,31.700000762939453,31.700000762939453,32635800
2017-06-08,31.67415428161621,32.45000076293945,32.86000061035156,31.8799991607666,32.84000015258789,29156500
2017-06-09,29.868385314941406,30.600000381469727,32.93000030517578,29.549999237060547,32.66999816894531,53064200
2017-06-12,30.45404052734375,31.200000762939453,31.690000534057617,29.209999084472656,30.059999465942383,46550900
2017-06-13,30.78590965270996,31.540000915527344,32.2400016784668,30.770000457763672,31.75,33767900
2017-06-14,30.3173828125,31.059999465942383,31.790000915527344,30.850000381469727,31.780000686645508,28935000
2017-06-15,29.82933807373047,30.559999465942383,30.96999931335449,30.07999992370605,30.46999931335449,33670600
2017-06-16,29.146080017089844,29.86000061035156,31.0,29.81999969482422,30.6299991607666,42881700
2017-06-19,30.45404052734375,31.200000762939453,31.25,30.32999992370605,30.51000022888184,24915000
2017-06-20,30.092884063720703,30.82999992370605,31.57999992370605,30.729999542236328,31.39999961853028,25793300
2017-06-21,31.24466896057129,32.0099983215332,32.150001525878906,31.059999465942383,31.18000030517578,30579000
2017-06-22,31.12753868103028,31.88999938964844,32.400001525878906,31.76000022888184,32.040000915527344,23050800
2017-06-23,30.971370697021484,31.729999542236328,32.08000183105469,31.63999938964844,31.88999938964844,45323800
2017-06-26,31.72295570373535,32.5,32.959999084472656,31.950000762939453,32.45000076293945,34750700
2017-06-27,30.903045654296875,31.65999984741211,32.66999816894531,31.61000061035156,32.5099983215332,33221500
2017-06-28,31.46917533874512,32.2400016784668,32.279998779296875,31.440000534057617,32.06999969482422,28415900
2017-06-29,30.71758079528809,31.46999931335449,32.38999938964844,30.63999938964844,32.290000915527344,53948400
2017-06-30,29.146080017089844,29.86000061035156,32.150001525878906,29.709999084472656,32.119998931884766,73308000
2017-07-03,28.443294525146484,29.13999938964844,30.280000686645508,28.559999465942383,30.09000015258789,36830400
2017-07-05,29.78053855895996,30.51000022888184,30.559999465942383,29.549999237060547,29.549999237060547,40444600
2017-07-06,29.38033866882324,30.100000381469727,30.479999542236328,29.920000076293945,29.940000534057617,27143800
2017-07-07,29.47794914245605,30.200000762939453,30.5,29.979999542236328,30.21999931335449,22023100
2017-07-10,29.7707748413086,30.5,30.59000015258789,29.75,30.15999984741211,24907900
2017-07-11,30.61998176574707,31.3700008392334,31.38999938964844,30.51000022888184,30.549999237060547,28530500
2017-07-12,30.69806289672852,31.450000762939453,31.780000686645508,31.15999984741211,31.770000457763672,22258600
2017-07-13,30.38570976257324,31.1299991607666,31.850000381469727,30.84000015258789,31.549999237060547,23773000
2017-07-14,31.029930114746094,31.790000915527344,31.950000762939453,31.26000022888184,31.350000381469727,28887600
2017-07-17,30.96160697937012,31.71999931335449,31.86000061035156,31.440000534057617,31.670000076293945,22320500
2017-07-18,31.137306213378903,31.89999961853028,31.90999984741211,31.39999961853028,31.63999938964844,14045000
2017-07-19,31.059213638305664,31.81999969482422,32.349998474121094,31.64999961853028,32.04999923706055,19984100
2017-07-20,31.23491096496582,32.0,32.02000045776367,31.420000076293945,31.93000030517578,23179300
2017-07-21,31.24466896057129,32.0099983215332,32.099998474121094,31.6200008392334,31.89999961853028,21146600
2017-07-24,30.912803649902344,31.670000076293945,32.0099983215332,31.5,32.0,17415500
2017-07-25,29.18511962890625,29.89999961853028,30.82999992370605,29.64999961853028,30.799999237060547,51216400
2017-07-26,29.09726905822754,29.809999465942383,30.049999237060547,29.68000030517578,29.850000381469727,26387400
2017-07-27,29.51699447631836,30.239999771118164,31.299999237060547,29.670000076293945,30.270000457763672,38967000
2017-07-28,28.579944610595703,29.280000686645508,29.979999542236328,28.959999084472656,29.959999084472656,31854900
2017-07-31,27.447683334350582,28.1200008392334,29.549999237060547,27.8700008392334,29.43000030517578,41112700
2017-08-01,27.66241836547852,28.34000015258789,28.940000534057617,27.82999992370605,28.21999931335449,28221600
2017-08-02,27.94548416137696,28.6299991607666,29.43000030517578,28.21999931335449,28.959999084472656,27226000
2017-08-03,27.164613723754883,27.82999992370605,28.39999961853028,27.61000061035156,28.38999938964844,30288400
2017-08-04,27.252460479736328,27.920000076293945,28.299999237060547,27.270000457763672,27.86000061035156,23947500
2017-08-07,27.906444549560547,28.59000015258789,28.61000061035156,27.799999237060547,27.93000030517578,16589300
2017-08-08,28.150463104248047,28.84000015258789,29.34000015258789,28.61000061035156,28.61000061035156,21903300
2017-08-09,27.896678924560547,28.57999992370605,28.88999938964844,28.36000061035156,28.51000022888184,14181800
2017-08-10,26.83274269104004,27.489999771118164,28.3799991607666,27.43000030517578,28.299999237060547,26147600
2017-08-11,27.340309143066406,28.01000022888184,28.040000915527344,26.850000381469727,27.440000534057617,23375900
2017-08-14,28.54090118408203,29.239999771118164,29.36000061035156,28.71999931335449,28.81999969482422,25254600
2017-08-15,28.97038078308105,29.68000030517578,29.809999465942383,29.13999938964844,29.5,23973600
2017-08-16,29.95623207092285,30.690000534057617,30.86000061035156,29.959999084472656,30.020000457763672,37879500
2017-08-17,28.91181945800781,29.6200008392334,30.530000686645508,29.61000061035156,30.31999969482422,26152500
2017-08-18,29.65364646911621,30.3799991607666,30.600000381469727,29.76000022888184,29.959999084472656,31178100
2017-08-21,28.853252410888672,29.559999465942383,30.600000381469727,29.280000686645508,30.530000686645508,26247700
2017-08-22,29.72197532653809,30.450000762939453,30.540000915527344,29.770000457763672,29.850000381469727,18821200
2017-08-23,29.72197532653809,30.450000762939453,30.739999771118164,29.8700008392334,29.96999931335449,21200400
2017-08-24,29.49746894836425,30.21999931335449,30.6299991607666,30.11000061035156,30.549999237060547,18056800
2017-08-25,29.565793991088867,30.290000915527344,30.38999938964844,30.049999237060547,30.299999237060547,13929800
2017-08-28,30.33691024780273,31.07999992370605,31.209999084472656,30.420000076293945,30.43000030517578,22531000
2017-08-29,30.72734832763672,31.479999542236328,31.530000686645508,30.700000762939453,30.75,23151900
2017-08-30,30.854236602783203,31.61000061035156,31.68000030517578,31.3799991607666,31.64999961853028,17467900
2017-08-31,31.20563125610352,31.96999931335449,32.02000045776367,31.479999542236328,31.61000061035156,25694000
2017-09-01,31.820571899414062,32.599998474121094,32.880001068115234,32.130001068115234,32.130001068115234,26034000
2017-09-05,31.30323982238769,32.06999969482422,32.7400016784668,31.64999961853028,32.45000076293945,28866600
2017-09-06,31.47893524169922,32.25,32.70000076293945,32.060001373291016,32.06999969482422,29290200
2017-09-07,32.00602722167969,32.790000915527344,32.900001525878906,32.45000076293945,32.470001220703125,25353300
2017-09-08,31.67415428161621,32.45000076293945,33.02000045776367,32.310001373291016,32.79999923706055,19649300
2017-09-11,32.640480041503906,33.439998626708984,33.439998626708984,32.810001373291016,32.900001525878906,31012100
2017-09-12,33.47016525268555,34.290000915527344,34.540000915527344,33.560001373291016,33.689998626708984,38685800
2017-09-13,33.76298904418945,34.59000015258789,34.79999923706055,34.02000045776367,34.560001373291016,41588100
2017-09-14,33.75323867797852,34.58000183105469,34.849998474121094,34.29999923706055,34.43000030517578,23007000
2017-09-15,33.82155227661133,34.650001525878906,35.0,34.380001068115234,34.63999938964844,37417300
2017-09-18,34.582908630371094,35.43000030517578,35.79999923706055,35.02000045776367,35.130001068115234,41330100
2017-09-19,35.090476989746094,35.95000076293945,36.09999847412109,35.5,35.5,26392200
2017-09-20,35.1099967956543,35.970001220703125,36.59999847412109,35.34000015258789,36.02999877929688,42243000
2017-09-21,35.051422119140625,35.90999984741211,36.25,35.400001525878906,35.93000030517578,22464900
2017-09-22,35.207603454589844,36.06999969482422,36.220001220703125,35.599998474121094,35.599998474121094,21559800
2017-09-25,34.03629684448242,34.869998931884766,36.150001525878906,34.540000915527344,36.040000915527344,35607200
2017-09-26,33.362796783447266,34.18000030517578,35.369998931884766,34.09000015258789,35.22999954223633,55112600
2017-09-27,36.20322036743164,37.09000015258789,37.150001525878906,35.91999816894531,36.2599983215332,84593900
2017-09-28,37.05241394042969,37.959999084472656,38.459999084472656,36.81999969482422,37.150001525878906,52569900
2017-09-29,38.38966369628906,39.33000183105469,39.36000061035156,37.810001373291016,37.97999954223633,48711400
2017-10-02,39.05340576171875,40.0099983215332,40.369998931884766,39.36000061035156,39.59999847412109,54244800
2017-10-03,39.40479278564453,40.369998931884766,40.540000915527344,39.84999847412109,39.93000030517578,27322300
2017-10-04,38.61417007446289,39.560001373291016,40.43000030517578,38.90999984741211,40.13999938964844,37908400
2017-10-05,38.42870330810547,39.369998931884766,39.86000061035156,39.25,39.79999923706055,22501000
2017-10-06,38.72152328491211,39.66999816894531,39.66999816894531,38.810001373291016,39.0,25150300
2017-10-09,39.98068618774414,40.959999084472656,40.9900016784668,39.619998931884766,39.720001220703125,27279300
2017-10-10,40.97630310058594,41.97999954223633,42.0,40.459999084472656,41.45000076293945,48214100
2017-10-11,40.61515426635742,41.61000061035156,42.06999969482422,40.79999923706055,40.84000015258789,53023600
2017-10-12,39.60978317260742,40.58000183105469,41.75,40.290000915527344,41.209999084472656,66789800
2017-10-13,39.43408203125,40.400001525878906,41.16999816894531,40.31999969482422,40.77999877929688,35371200
2017-10-16,40.49801635742188,41.4900016784668,41.56999969482422,40.5099983215332,40.880001068115234,33696800
2017-10-17,39.42431640625,40.38999938964844,41.400001525878906,40.25,41.13999938964844,41233700
2017-10-18,40.65419006347656,41.650001525878906,41.95000076293945,40.810001373291016,41.040000915527344,43528000
2017-10-19,40.32232666015625,41.310001373291016,41.5,39.79999923706055,41.18000030517578,47676000
2017-10-20,40.507774353027344,41.5,42.16999816894531,41.43999862670898,42.0,36293700
2017-10-23,40.56634140014648,41.560001373291016,42.18999862670898,41.400001525878906,41.84999847412109,26844200
2017-10-24,40.60538482666016,41.59999847412109,42.0099983215332,41.43000030517578,41.7400016784668,26299400
2017-10-25,40.07829666137695,41.060001373291016,41.59000015258789,40.310001373291016,41.310001373291016,31061100
2017-10-26,39.62929916381836,40.59999847412109,41.18000030517578,40.310001373291016,41.16999816894531,27453500
2017-10-27,39.873313903808594,40.84999847412109,40.93999862670898,40.040000915527344,40.59000015258789,31094700
2017-10-30,40.65419006347656,41.650001525878906,41.86000061035156,40.68000030517578,40.72999954223633,29119500
2017-10-31,43.25059509277344,44.310001373291016,44.56999969482422,42.20000076293945,42.25,61972200
2017-11-01,43.31892395019531,44.380001068115234,45.33000183105469,43.77999877929688,44.790000915527344,38842900
2017-11-02,43.279876708984375,44.34000015258789,44.75,43.720001220703125,44.08000183105469,25813000
2017-11-03,42.66493988037109,43.709999084472656,45.0,43.34999847412109,44.77000045776367,27694600
2017-11-06,42.215938568115234,43.25,44.0099983215332,42.45000076293945,43.84999847412109,28841000
2017-11-07,42.89919662475586,43.95000076293945,44.2400016784668,43.33000183105469,43.58000183105469,32422900
2017-11-08,43.03585433959961,44.09000015258789,44.13999938964844,43.45000076293945,43.84999847412109,19519600
2017-11-09,42.4599609375,43.5,43.68999862670898,42.58000183105469,43.68999862670898,32501100
2017-11-10,43.7093505859375,44.77999877929688,44.84999847412109,43.709999084472656,43.7599983215332,33840800
2017-11-13,44.509742736816406,45.59999847412109,45.869998931884766,44.18999862670898,44.33000183105469,30522300
2017-11-14,44.704959869384766,45.79999923706055,46.0,44.79999923706055,45.58000183105469,29899200
2017-11-15,44.275489807128906,45.36000061035156,45.7400016784668,44.619998931884766,45.18999862670898,22434500
2017-11-16,45.07588195800781,46.18000030517578,46.290000915527344,45.290000915527344,45.72999954223633,24192600
2017-11-17,45.05636215209961,46.15999984741211,46.54999923706055,45.72999954223633,46.540000915527344,22613300
2017-11-20,46.5009765625,47.63999938964844,47.86000061035156,46.400001525878906,46.5099983215332,26975000
2017-11-21,48.21891021728516,49.400001525878906,49.630001068115234,48.150001525878906,48.36000061035156,35756600
2017-11-22,47.96511459350586,49.13999938964844,49.88999938964844,48.619998931884766,49.84999847412109,28711800
2017-11-24,48.49220275878906,49.68000030517578,49.880001068115234,49.02999877929688,49.31999969482422,14203300
2017-11-27,46.901180267333984,48.04999923706055,48.38999938964844,47.09000015258789,47.959999084472656,44469700
2017-11-28,46.7840461730957,47.93000030517578,48.86000061035156,47.81999969482422,48.45000076293945,30633200
2017-11-29,42.694217681884766,43.7400016784668,47.59999847412109,43.27000045776367,47.5,81370100
2017-11-30,41.37649154663086,42.38999938964844,44.540000915527344,41.86000061035156,44.15999984741211,63895700
2017-12-01,40.986061096191406,41.9900016784668,42.54999923706055,40.0099983215332,41.72999954223633,73138600
2017-12-04,38.9460334777832,39.900001525878906,42.290000915527344,39.06999969482422,41.95000076293945,73640500
2017-12-05,40.224708557128906,41.209999084472656,42.04999923706055,39.41999816894531,39.77000045776367,56540700
2017-12-06,40.58586502075195,41.58000183105469,41.7400016784668,40.29999923706055,40.81999969482422,39735300
2017-12-07,42.167137145996094,43.20000076293945,43.22999954223633,41.90999984741211,42.18000030517578,43189000
2017-12-08,42.17689895629883,43.209999084472656,44.58000183105469,42.869998931884766,44.040000915527344,44717800
2017-12-11,41.9816780090332,43.0099983215332,43.75,42.33000183105469,43.41999816894531,32824000
2017-12-12,40.85917282104492,41.86000061035156,42.84999847412109,41.709999084472656,42.68999862670898,28492300
2017-12-13,41.04462432861328,42.04999923706055,43.09999847412109,41.970001220703125,42.220001220703125,28565600
2017-12-14,41.2300910949707,42.2400016784668,42.72999954223633,41.880001068115234,42.290000915527344,24582800
2017-12-15,41.38626480102539,42.400001525878906,42.560001373291016,41.88999938964844,42.29999923706055,58721700
2017-12-18,42.66493988037109,43.709999084472656,43.72999954223633,42.9900016784668,43.369998931884766,35075500
2017-12-19,42.928489685058594,43.97999954223633,44.34000015258789,43.29999923706055,44.09000015258789,51048300
2017-12-20,44.65616989135742,45.75,46.79999923706055,44.86000061035156,46.650001525878906,84338200
2017-12-21,43.35795974731445,44.41999816894531,45.58000183105469,44.34999847412109,45.54999923706055,50486100
2017-12-22,43.06513595581055,44.119998931884766,44.93999862670898,43.93999862670898,44.18000030517578,30372500
2017-12-26,41.239845275878906,42.25,43.20000076293945,41.52000045776367,43.18999862670898,41966200
2017-12-27,41.46434783935547,42.47999954223633,43.06999969482422,42.02999877929688,42.220001220703125,24175100
2017-12-28,40.81036758422852,41.810001373291016,43.04999923706055,41.75,42.83000183105469,28999700
2017-12-29,40.136863708496094,41.119998931884766,41.84000015258789,40.77000045776367,41.81999969482422,44642100
2018-01-02,42.62589263916016,43.66999816894531,43.720001220703125,41.18999862670898,41.540000915527344,37097000
2018-01-03,43.90456771850586,44.97999954223633,45.04999923706055,44.04999923706055,44.5,43376700
2018-01-04,45.75913619995117,46.880001068115234,46.97999954223633,45.0099983215332,45.9900016784668,52229500
2018-01-05,44.704959869384766,45.79999923706055,46.65999984741211,45.380001068115234,46.130001068115234,47381100
2018-01-08,44.46094512939453,45.54999923706055,46.09000015258789,44.90999984741211,45.310001373291016,32217400
2018-01-09,41.94264221191406,42.970001220703125,45.54999923706055,42.77000045776367,45.27000045776367,62982900
2018-01-10,42.27450180053711,43.310001373291016,43.369998931884766,41.38999938964844,41.95000076293945,53348000
2018-01-11,41.79621505737305,42.81999969482422,44.0,42.619998931884766,43.52000045776367,39402200
2018-01-12,41.78644943237305,42.810001373291016,43.34999847412109,42.68000030517578,42.81999969482422,28458500
2018-01-16,41.89382553100586,42.91999816894531,43.86000061035156,42.41999816894531,43.13999938964844,38174800
2018-01-17,43.201786041259766,44.2599983215332,44.380001068115234,42.97999954223633,43.209999084472656,38077100
2018-01-18,42.93825149536133,43.9900016784668,44.650001525878906,43.90999984741211,44.209999084472656,25152100
2018-01-19,41.7278938293457,42.75,44.20000076293945,42.650001525878906,43.95000076293945,41469200
2018-01-22,41.85478591918945,42.880001068115234,42.880001068115234,41.68000030517578,42.470001220703125,37879400
2018-01-23,42.89919662475586,43.95000076293945,44.65999984741211,42.72999954223633,43.25,41334100
2018-01-24,42.04999923706055,43.08000183105469,43.95000076293945,42.7400016784668,43.7599983215332,31305700
2018-01-25,41.9816780090332,43.0099983215332,44.720001220703125,42.86000061035156,44.22999954223633,40519200
2018-01-26,42.62589263916016,43.66999816894531,43.810001373291016,43.02999877929688,43.220001220703125,27177500
2018-01-29,42.254981994628906,43.290000915527344,43.41999816894531,42.380001068115234,43.25,29455000
2018-01-30,40.673709869384766,41.66999816894531,42.79999923706055,41.470001220703125,41.9900016784668,38861900
2018-01-31,42.67470169067383,43.720001220703125,43.959999084472656,42.77000045776367,42.97999954223633,45114600
2018-02-01,41.4741096496582,42.4900016784668,44.09000015258789,42.09999847412109,43.040000915527344,35713500
2018-02-02,39.84403610229492,40.81999969482422,42.209999084472656,40.61000061035156,42.0,40657400
2018-02-05,38.457984924316406,39.400001525878906,41.52999877929688,39.0099983215332,40.13999938964844,45796800
2018-02-06,42.83087539672852,43.880001068115234,43.93000030517578,40.54999923706055,40.54999923706055,66972800
2018-02-07,41.00558090209961,42.0099983215332,43.560001373291016,41.7400016784668,43.2599983215332,51354800
2018-02-08,39.043643951416016,40.0,43.02999877929688,40.0,42.52000045776367,53794100
2018-02-09,39.44382858276367,40.40999984741211,41.18999862670898,37.52000045776367,41.04999923706055,65189300
2018-02-12,41.18128204345703,42.18999862670898,42.68000030517578,40.880001068115234,41.0099983215332,47941100
2018-02-13,41.61075973510742,42.630001068115234,42.91999816894531,41.97999954223633,42.04999923706055,30296800
2018-02-14,42.41115188598633,43.45000076293945,43.630001068115234,41.93000030517578,41.93000030517578,36765900
2018-02-15,42.4599609375,43.5,43.91999816894531,42.2599983215332,43.72999954223633,35072300
2018-02-16,43.15298461914063,44.209999084472656,45.11000061035156,43.130001068115234,43.290000915527344,49404600
2018-02-20,43.82648849487305,44.900001525878906,45.27000045776367,43.900001525878906,44.02000045776367,36215900
2018-02-21,43.475093841552734,44.540000915527344,45.54999923706055,44.52000045776367,45.369998931884766,31618700
2018-02-22,43.1920280456543,44.25,44.83000183105469,44.040000915527344,44.77999877929688,24359600
2018-02-23,45.417518615722656,46.52999877929688,46.79999923706055,45.02000045776367,45.18000030517578,48476700
2018-02-26,46.83283996582031,47.97999954223633,48.22999954223633,46.70000076293945,46.970001220703125,41966100
2018-02-27,47.41851043701172,48.58000183105469,48.9900016784668,47.41999816894531,47.65999984741211,44731100
2018-02-28,47.64299774169922,48.810001373291016,49.459999084472656,48.34999847412109,48.79999923706055,45031400
2018-03-01,46.48145294189453,47.619998931884766,48.810001373291016,46.77000045776367,48.77000045776367,61278800
2018-03-02,47.935829162597656,49.11000061035156,49.25,45.95000076293945,46.36000061035156,52492900
2018-03-05,50.78601837158203,52.02999877929688,52.36000061035156,48.720001220703125,48.79999923706055,70984100
2018-03-06,52.45513534545898,53.7400016784668,54.63999938964844,53.209999084472656,53.400001525878906,73096300
2018-03-07,52.679630279541016,53.970001220703125,55.0,53.130001068115234,53.34000015258789,61670000
2018-03-08,53.899749755859375,55.220001220703125,55.470001220703125,54.29999923706055,54.59000015258789,51685900
2018-03-09,53.28480529785156,54.59000015258789,55.83000183105469,53.619998931884766,55.7599983215332,65504600
2018-03-12,57.95052337646485,59.369998931884766,61.16999816894531,56.34999847412109,56.5,138651600
2018-03-13,58.009090423583984,59.43000030517578,63.41999816894531,58.52000045776367,62.16999816894531,142315800
2018-03-14,58.3507194519043,59.77999877929688,60.060001373291016,57.560001373291016,59.31999969482422,80306900
2018-03-15,57.43319320678711,58.84000015258789,60.150001525878906,58.22999954223633,59.77000045776367,50963700
2018-03-16,59.13158798217773,60.58000183105469,60.68999862670898,59.209999084472656,60.0,69323100
2018-03-19,58.70211410522461,60.13999938964844,60.9900016784668,58.75,60.36000061035156,71373300
2018-03-20,59.68796157836914,61.150001525878906,61.25,59.79999923706055,60.09999847412109,53890500
2018-03-21,59.60987854003906,61.06999969482422,61.720001220703125,60.59999847412109,61.34999847412109,51220200
2018-03-22,57.51128005981445,58.91999816894531,60.29999923706055,58.11000061035156,60.06999969482422,74274700
2018-03-23,52.91389083862305,54.209999084472656,58.79999923706055,53.68000030517578,57.68999862670898,118369500
2018-03-26,54.23162078857422,55.560001373291016,56.709999084472656,52.720001220703125,56.2599983215332,70260700
2018-03-27,51.14717102050781,52.400001525878906,55.470001220703125,51.68000030517578,55.060001373291016,67785100
2018-03-28,50.25893783569336,51.4900016784668,53.34999847412109,50.70000076293945,51.93000030517578,62987500
2018-03-29,50.89338302612305,52.13999938964844,52.68000030517578,51.13999938964844,52.15999984741211,61458800
2018-04-02,48.86311340332031,50.060001373291016,51.720001220703125,49.560001373291016,51.540000915527344,59875500
2018-04-03,50.3174934387207,51.54999923706055,51.77000045776367,50.31999969482422,50.79999923706055,52436400
2018-04-04,52.113502502441406,53.38999938964844,53.5,49.2599983215332,49.619998931884766,60272800
2018-04-05,48.64837265014648,49.84000015258789,52.20000076293945,49.18999862670898,52.060001373291016,89203500
2018-04-06,47.30137252807617,48.459999084472656,50.47999954223633,47.2599983215332,47.720001220703125,79392200
2018-04-09,46.813323974609375,47.959999084472656,49.83000183105469,47.91999816894531,49.130001068115234,50532900
2018-04-10,49.2730712890625,50.47999954223633,50.75,48.63999938964844,49.25,50346500
2018-04-11,49.2730712890625,50.47999954223633,51.79999923706055,50.11000061035156,50.27999877929688,38942200
2018-04-12,51.3326301574707,52.59000015258789,52.91999816894531,51.09999847412109,51.119998931884766,46656300
2018-04-13,50.981231689453125,52.22999954223633,53.4900016784668,51.58000183105469,53.400001525878906,43598900
2018-04-16,50.41510009765625,51.650001525878906,52.47999954223633,51.31999969482422,52.25,30879500
2018-04-17,51.01051330566406,52.2599983215332,52.70000076293945,51.7400016784668,51.84999847412109,33325300
2018-04-18,52.71867752075195,54.0099983215332,54.27000045776367,50.68000030517578,51.45000076293945,55393600
2018-04-19,50.19058990478516,51.41999816894531,54.09999847412109,50.97999954223633,52.900001525878906,52635000
2018-04-20,49.40973281860352,50.619998931884766,52.06999969482422,50.150001525878906,51.5,38510800
2018-04-23,47.84798812866211,49.02000045776367,50.880001068115234,48.810001373291016,50.810001373291016,43693000
2018-04-24,45.983646392822266,47.11000061035156,50.2599983215332,46.43999862670898,49.65999984741211,61915400
2018-04-25,46.46194076538086,47.59999847412109,48.34000015258789,46.08000183105469,47.560001373291016,43781200
2018-04-26,48.94120788574219,50.13999938964844,50.18000030517578,48.83000183105469,49.27999877929688,39041400
2018-04-27,46.38383865356445,47.52000045776367,51.38999938964844,47.18999862670898,51.11000061035156,50049800
2018-04-30,44.88066101074219,45.97999954223633,47.68999862670898,45.31999969482422,47.060001373291016,54743800
2018-05-01,45.67129898071289,46.790000915527344,46.869998931884766,45.40999984741211,45.59000015258789,34154900
2018-05-02,44.79281234741211,45.88999938964844,46.7400016784668,45.68000030517578,45.90999984741211,31640800
2018-05-03,45.50536346435547,46.619998931884766,46.869998931884766,45.33000183105469,45.7400016784668,30489600
2018-05-04,46.44240188598633,47.58000183105469,47.70000076293945,46.13999938964844,46.31999969482422,28632200
2018-05-07,47.32088851928711,48.47999954223633,49.11000061035156,48.11000061035156,48.2599983215332,33996900
2018-05-08,47.40874099731445,48.56999969482422,48.86000061035156,47.880001068115234,48.52999877929688,25205500
2018-05-09,49.790409088134766,51.0099983215332,51.02999877929688,48.9900016784668,49.060001373291016,36489100
2018-05-10,51.40095138549805,52.65999984741211,52.68000030517578,51.59999847412109,51.79999923706055,37146300
2018-05-11,50.58103561401367,51.81999969482422,52.79999923706055,51.68000030517578,52.380001068115234,27646400
2018-05-14,51.73283004760742,53.0,53.709999084472656,52.86000061035156,52.9900016784668,33376300
2018-05-15,52.71867752075195,54.0099983215332,54.16999816894531,52.68999862670898,53.79999923706055,43307300
2018-05-16,55.14913940429688,56.5,56.90999984741211,55.47999954223633,55.59000015258789,59011900
2018-05-17,53.39217758178711,54.70000076293945,56.43999862670898,53.93000030517578,56.0099983215332,54832200
2018-05-18,52.113502502441406,53.38999938964844,54.650001525878906,52.84999847412109,53.59999847412109,46088800
2018-05-21,54.15352630615234,55.47999954223633,56.470001220703125,54.52999877929688,56.18000030517578,70858100
2018-05-22,57.61865997314453,59.02999877929688,60.5,58.29999923706055,59.04999923706055,111262700
2018-05-23,58.53618240356445,59.970001220703125,60.0,58.150001525878906,59.04999923706055,64066800
2018-05-24,60.01984024047852,61.4900016784668,61.9900016784668,59.560001373291016,60.18000030517578,74725000
2018-05-25,59.88318634033203,61.34999847412109,62.09999847412109,60.61000061035156,60.84999847412109,54715900
2018-05-29,61.122825622558594,62.619998931884766,63.97999954223633,61.34999847412109,61.36000061035156,75591900
2018-05-30,61.07401657104492,62.56999969482422,64.66000366210938,60.91999816894531,63.70000076293945,84737600
2018-05-31,56.21308517456055,57.59000015258789,60.25,57.16999816894531,59.22999954223633,101882200
2018-06-01,57.33559036254883,58.7400016784668,59.34000015258789,56.880001068115234,58.810001373291016,74761500
2018-06-04,57.68698120117188,59.09999847412109,59.15999984741211,56.619998931884766,57.43000030517578,64350500
2018-06-05,57.98957061767578,59.40999984741211,60.13999938964844,58.83000183105469,59.79999923706055,41711300
2018-06-06,57.999324798583984,59.41999816894531,59.59000015258789,58.29999923706055,59.2599983215332,36749000
2018-06-07,58.20430374145508,59.630001068115234,60.27000045776367,58.560001373291016,59.84999847412109,42264700
2018-06-08,59.92221832275391,61.38999938964844,61.59999847412109,58.220001220703125,58.630001068115234,57144900
2018-06-11,59.92221832275391,61.38999938964844,62.54999923706055,61.06999969482422,61.709999084472656,42251500
2018-06-12,59.102317810058594,60.54999923706055,61.84999847412109,59.93999862670898,61.84000015258789,43633300
2018-06-13,58.61426544189453,60.04999923706055,61.27000045776367,60.02000045776367,60.29999923706055,33281400
2018-06-14,57.76506805419922,59.18000030517578,60.56999969482422,58.66999816894531,60.54999923706055,43421900
2018-06-15,56.8377799987793,58.22999954223633,59.09999847412109,57.29999923706055,58.52999877929688,45854100
2018-06-18,57.052520751953125,58.45000076293945,58.59999847412109,56.869998931884766,57.59999847412109,36975600
2018-06-19,57.83338928222656,59.25,59.459999084472656,57.11000061035156,57.63999938964844,43486600
2018-06-20,57.540565490722656,58.95000076293945,61.119998931884766,58.79999923706055,60.130001068115234,57497600
2018-06-21,58.01885986328125,59.43999862670898,61.83000183105469,59.09000015258789,61.459999084472656,70419900
2018-06-22,55.73479080200195,57.09999847412109,60.40999984741211,57.02000045776367,60.20000076293945,63497500
2018-06-25,51.88899993896485,53.15999984741211,55.63999938964844,52.40999984741211,55.540000915527344,72196300
2018-06-26,53.28480529785156,54.59000015258789,54.77000045776367,53.61000061035156,54.40999984741211,42277100
2018-06-27,51.01051330566406,52.2599983215332,55.34999847412109,52.15999984741211,55.0,53007500
2018-06-28,51.869476318359375,53.13999938964844,53.310001373291016,51.790000915527344,52.0,36878900
2018-06-29,51.18621826171875,52.43999862670898,53.84999847412109,52.400001525878906,53.68999862670898,32582200
2018-07-02,53.17744064331055,54.47999954223633,54.52999877929688,51.31999969482422,51.52000045776367,38934200
2018-07-03,50.24916458129883,51.47999954223633,54.790000915527344,50.09999847412109,54.54999923706055,52190200
2018-07-05,51.5766487121582,52.84000015258789,53.310001373291016,51.93999862670898,52.630001068115234,51136400
2018-07-06,51.95732116699219,53.22999954223633,53.40999984741211,51.97999954223633,52.540000915527344,31841000
2018-07-09,53.01150131225586,54.310001373291016,54.5,53.11000061035156,53.79999923706055,32579700
2018-07-10,54.40731430053711,55.7400016784668,55.900001525878906,54.34999847412109,54.65999984741211,34852800
2018-07-11,52.88460922241211,54.18000030517578,55.0,53.77000045776367,54.38999938964844,38699200
2018-07-12,54.124244689941406,55.45000076293945,55.65999984741211,54.34999847412109,54.650001525878906,29647700
2018-07-13,55.00273132324219,56.34999847412109,56.59000015258789,55.31999969482422,55.5099983215332,28799000
2018-07-16,54.8075065612793,56.150001525878906,57.18000030517578,56.060001373291016,56.59999847412109,25735200
2018-07-17,55.59814453125,56.959999084472656,57.130001068115234,55.5,55.83000183105469,24729100
2018-07-18,56.0764274597168,57.45000076293945,58.150001525878906,56.91999816894531,57.25,33729700
2018-07-19,54.87583160400391,56.220001220703125,57.560001373291016,55.66999816894531,57.25,39392100
2018-07-20,53.70452499389648,55.02000045776367,56.13999938964844,54.83000183105469,56.08000183105469,32588100
2018-07-23,52.991981506347656,54.290000915527344,54.58000183105469,52.220001220703125,53.5099983215332,42781500
2018-07-24,51.89875793457031,53.16999816894531,55.400001525878906,52.93999862670898,55.0,39011500
2018-07-25,52.113502502441406,53.38999938964844,54.220001220703125,52.29999923706055,52.630001068115234,39749200
2018-07-26,52.47465515136719,53.7599983215332,54.7400016784668,53.45000076293945,53.59999847412109,28862500
2018-07-27,52.66986083984375,53.959999084472656,54.630001068115234,53.11000061035156,54.459999084472656,30109700
2018-07-30,51.742584228515625,53.0099983215332,54.25,52.41999816894531,54.18999862670898,25747800
2018-07-31,51.52785110473633,52.790000915527344,54.220001220703125,52.77000045776367,53.77999877929688,29301700
2018-08-01,51.039798736572266,52.290000915527344,53.58000183105469,52.16999816894531,52.65999984741211,28200000
2018-08-02,52.12326049804688,53.400001525878906,53.54999923706055,51.380001068115234,51.70000076293945,28708000
2018-08-03,51.54736709594727,52.810001373291016,53.400001525878906,52.2599983215332,53.29999923706055,22958900
2018-08-06,51.41070556640625,52.66999816894531,52.810001373291016,51.5,52.220001220703125,28776900
2018-08-07,51.77187347412109,53.040000915527344,53.43999862670898,52.70000076293945,52.93999862670898,21918600
2018-08-08,52.113502502441406,53.38999938964844,53.52999877929688,52.459999084472656,52.84000015258789,18074700
2018-08-09,51.01051330566406,52.2599983215332,52.84999847412109,51.93000030517578,52.650001525878906,34538400
2018-08-10,50.14179611206055,51.369998931884766,51.95000076293945,51.02000045776367,51.25,31340800
2018-08-13,50.11251068115234,51.34000015258789,52.060001373291016,51.27999877929688,51.61000061035156,24609500
2018-08-14,49.40973281860352,50.619998931884766,51.77000045776367,50.0099983215332,51.72999954223633,32050200
2018-08-15,46.35456466674805,47.4900016784668,49.86000061035156,47.13999938964844,49.83000183105469,57746200
2018-08-16,45.97389602661133,47.09999847412109,48.310001373291016,46.959999084472656,48.20000076293945,33663000
2018-08-17,45.983646392822266,47.11000061035156,47.36000061035156,45.619998931884766,46.209999084472656,34464200
2018-08-20,46.920692443847656,48.06999969482422,48.61000061035156,46.470001220703125,47.400001525878906,33022900
2018-08-21,48.7459831237793,49.93999862670898,50.369998931884766,48.869998931884766,48.900001525878906,38572900
2018-08-22,49.03882598876953,50.2400016784668,50.650001525878906,49.869998931884766,50.380001068115234,26740400
2018-08-23,48.51172637939453,49.70000076293945,50.2400016784668,49.400001525878906,50.04999923706055,26832000
2018-08-24,49.48781967163086,50.70000076293945,50.81999969482422,49.91999816894531,49.91999816894531,24785500
2018-08-27,50.82505798339844,52.06999969482422,52.45000076293945,51.16999816894531,51.34999847412109,29134100
2018-08-28,51.08860778808594,52.34000015258789,52.560001373291016,51.470001220703125,52.41999816894531,26198800
2018-08-29,50.59080123901367,51.83000183105469,52.15999984741211,51.29999923706055,52.09000015258789,31450800
2018-08-30,51.498565673828125,52.7599983215332,53.68000030517578,51.400001525878906,51.560001373291016,32416600
2018-08-31,51.26430130004883,52.52000045776367,53.22999954223633,52.220001220703125,52.70000076293945,29937300
2018-09-04,50.68840026855469,51.93000030517578,52.29999923706055,50.709999084472656,52.13999938964844,28975100
2018-09-05,48.35554885864258,49.540000915527344,51.59999847412109,49.06999969482422,51.38999938964844,39125100
2018-09-06,43.58245468139648,44.650001525878906,48.45000076293945,44.060001373291016,48.20000076293945,94413400
2018-09-07,43.78745269775391,44.86000061035156,46.459999084472656,44.650001525878906,45.13999938964844,47114300
2018-09-10,43.82648849487305,44.900001525878906,45.380001068115234,44.38999938964844,45.25,33078300
2018-09-11,42.55756759643555,43.59999847412109,43.75,42.34999847412109,43.650001525878906,48980700
2018-09-12,40.74204635620117,41.7400016784668,42.18000030517578,40.68000030517578,41.2400016784668,66916000
2018-09-13,42.57709503173828,43.619998931884766,44.4900016784668,42.29999923706055,42.29999923706055,59922100
2018-09-14,43.24082946777344,44.29999923706055,44.560001373291016,43.459999084472656,44.11000061035156,40610300
2018-09-17,42.53805541992188,43.58000183105469,44.31999969482422,43.25,43.59000015258789,28205300
2018-09-18,44.2462043762207,45.33000183105469,45.869998931884766,43.880001068115234,43.93000030517578,36507400
2018-09-19,43.98265838623047,45.060001373291016,46.060001373291016,44.84000015258789,45.77999877929688,29264700
2018-09-20,44.95875549316406,46.060001373291016,47.220001220703125,45.90999984741211,46.400001525878906,75144100
2018-09-21,43.67031478881836,44.7400016784668,45.59999847412109,43.79999923706055,44.400001525878906,97053400
2018-09-24,44.08027267456055,45.15999984741211,45.650001525878906,43.86000061035156,44.20000076293945,36918900
2018-09-25,43.57270431518555,44.63999938964844,45.459999084472656,44.02000045776367,45.09999847412109,32547500
2018-09-26,43.28963851928711,44.34999847412109,44.7599983215332,43.959999084472656,44.290000915527344,30299800
2018-09-27,43.914344787597656,44.9900016784668,45.52000045776367,44.04999923706055,44.22999954223633,26952400
2018-09-28,44.14859390258789,45.22999954223633,45.61000061035156,44.4900016784668,44.650001525878906,28080400
2018-10-01,44.07051086425781,45.150001525878906,46.08000183105469,45.0099983215332,45.43999862670898,26693400
2018-10-02,44.66591262817383,45.7599983215332,46.68999862670898,44.880001068115234,44.900001525878906,32397000
2018-10-03,44.07051086425781,45.150001525878906,46.41999816894531,44.709999084472656,46.27999877929688,29505100
2018-10-04,43.10417938232422,44.15999984741211,44.75,43.5099983215332,44.5,34579600
2018-10-05,42.53805541992188,43.58000183105469,44.630001068115234,42.810001373291016,44.08000183105469,35367100
2018-10-08,42.04023742675781,43.06999969482422,43.84999847412109,42.61000061035156,43.27999877929688,27426600
2018-10-09,41.259376525878906,42.27000045776367,43.040000915527344,41.97999954223633,42.810001373291016,31576400
2018-10-10,40.61515426635742,41.61000061035156,42.75,41.31999969482422,41.5,48452000
2018-10-11,40.9665412902832,41.970001220703125,42.91999816894531,41.43000030517578,41.959999084472656,48197000
2018-10-12,41.45458984375,42.470001220703125,43.75,41.91999816894531,43.58000183105469,32851100
2018-10-15,41.32770156860352,42.34000015258789,42.54999923706055,41.630001068115234,42.02999877929688,27697300
2018-10-16,42.17689895629883,43.209999084472656,43.34999847412109,42.29999923706055,42.70000076293945,28827400
2018-10-17,41.33745956420898,42.34999847412109,43.38999938964844,42.11000061035156,43.33000183105469,27759000
2018-10-18,40.31255340576172,41.29999923706055,42.209999084472656,41.13999938964844,42.040000915527344,33560800
2018-10-19,39.482887268066406,40.45000076293945,41.9900016784668,40.27000045776367,41.66999816894531,28641400
2018-10-22,38.809383392333984,39.7599983215332,40.70000076293945,38.63999938964844,40.560001373291016,34441200
2018-10-23,37.75519943237305,38.68000030517578,39.11000061035156,37.40999984741211,38.150001525878906,46364200
2018-10-24,34.582908630371094,35.43000030517578,38.29999923706055,35.400001525878906,38.0,53096500
2018-10-25,35.9006233215332,36.77999877929688,37.15999984741211,35.060001373291016,35.59000015258789,39625700
2018-10-26,34.55362319946289,35.400001525878906,35.90999984741211,34.29999923706055,35.279998779296875,41257400
2018-10-29,33.83131408691406,34.65999984741211,36.20000076293945,33.81999969482422,36.13999938964844,34176400
2018-10-30,35.14903259277344,36.0099983215332,36.04999923706055,34.4900016784668,34.63999938964844,35319500
2018-10-31,36.818153381347656,37.720001220703125,38.040000915527344,35.79999923706055,36.58000183105469,44055400
2018-11-01,39.160770416259766,40.119998931884766,40.20000076293945,37.52000045776367,37.97999954223633,43981400
2018-11-02,39.35599899291992,40.31999969482422,40.93999862670898,39.63999938964844,40.18999862670898,33645700
2018-11-05,38.96555709838867,39.91999816894531,40.2400016784668,38.77000045776367,40.09999847412109,22904000
2018-11-06,38.848419189453125,39.79999923706055,40.560001373291016,39.560001373291016,39.7400016784668,19316600
2018-11-07,39.95140075683594,40.93000030517578,41.04999923706055,39.959999084472656,40.31999969482422,22957200
2018-11-08,39.47311401367188,40.43999862670898,41.43000030517578,40.34000015258789,40.66999816894531,15609300
2018-11-09,38.17491912841797,39.11000061035156,39.9900016784668,38.40999984741211,39.88999938964844,26102800
2018-11-12,36.54484558105469,37.43999862670898,38.52999877929688,36.84000015258789,38.2400016784668,24822400
2018-11-13,36.945045471191406,37.84999847412109,38.7400016784668,37.43999862670898,37.65999984741211,25870500
2018-11-14,37.1207389831543,38.02999877929688,38.970001220703125,37.61000061035156,38.619998931884766,23706400
2018-11-15,38.95579147338867,39.90999984741211,40.16999816894531,37.619998931884766,37.95000076293945,30046100
2018-11-16,38.49702453613281,39.43999862670898,39.709999084472656,38.33000183105469,38.45000076293945,25445700
2018-11-19,35.949432373046875,36.83000183105469,39.31999969482422,36.66999816894531,39.20000076293945,31039100
2018-11-20,35.25640869140625,36.119998931884766,36.9900016784668,34.04999923706055,34.099998474121094,38728600
2018-11-21,35.510196685791016,36.380001068115234,37.220001220703125,36.369998931884766,37.0,22728400
2018-11-23,35.52971649169922,36.400001525878906,37.5,35.91999816894531,35.93000030517578,11257800
2018-11-26,35.695648193359375,36.56999969482422,37.790000915527344,35.529998779296875,37.75,26569700
2018-11-27,36.11536407470703,37.0,37.45000076293945,36.02000045776367,36.09000015258789,21397300
2018-11-28,37.784481048583984,38.709999084472656,39.0,35.9900016784668,37.290000915527344,42293700
2018-11-29,37.00361633300781,37.90999984741211,38.709999084472656,37.72999954223633,38.29999923706055,23631300
2018-11-30,37.63806915283203,38.560001373291016,38.630001068115234,36.93999862670898,37.75,28176000
2018-12-03,39.07292175292969,40.02999877929688,40.2400016784668,39.150001525878906,40.20000076293945,35830000
2018-12-04,35.99822998046875,36.880001068115234,39.869998931884766,36.720001220703125,39.560001373291016,36616300
2018-12-06,36.76934051513672,37.66999816894531,37.68000030517578,35.130001068115234,35.65999984741211,37494400
2018-12-07,34.46577072143555,35.310001373291016,37.619998931884766,35.209999084472656,37.619998931884766,30619800
2018-12-10,33.96796417236328,34.79999923706055,35.720001220703125,34.529998779296875,34.83000183105469,33979700
2018-12-11,34.368167877197266,35.209999084472656,36.2599983215332,35.099998474121094,35.59000015258789,26238800
2018-12-12,35.168556213378906,36.02999877929688,36.61000061035156,35.400001525878906,35.939998626708984,26642500
2018-12-13,34.182708740234375,35.02000045776367,36.369998931884766,34.7599983215332,36.290000915527344,23825400
2018-12-14,33.3823127746582,34.20000076293945,35.45000076293945,34.060001373291016,34.439998626708984,28922100
2018-12-17,33.069969177246094,33.880001068115234,35.220001220703125,33.599998474121094,34.15999984741211,30891000
2018-12-18,33.29446792602539,34.11000061035156,34.939998626708984,33.970001220703125,34.38999938964844,46135400
2018-12-19,30.659019470214844,31.40999984741211,33.58000183105469,31.270000457763672,31.65999984741211,106669600
2018-12-20,30.532127380371094,31.280000686645508,32.900001525878906,30.86000061035156,31.600000381469727,60427600
2018-12-21,29.59507942199707,30.31999969482422,32.04999923706055,30.11000061035156,31.68000030517578,54630500
2018-12-24,28.32616233825684,29.020000457763672,30.350000381469727,29.0,29.86000061035156,23771800
2018-12-26,30.15145301818848,30.88999938964844,30.90999984741211,28.38999938964844,29.34000015258789,45711000
2018-12-27,31.16658592224121,31.93000030517578,32.0099983215332,30.229999542236328,30.40999984741211,39858300
2018-12-28,30.81519317626953,31.56999969482422,32.279998779296875,31.39999961853028,32.0,29873400
2018-12-31,30.971370697021484,31.729999542236328,32.400001525878906,31.459999084472656,31.989999771118164,21392100
2019-01-02,31.96697998046875,32.75,33.08000183105469,30.75,31.0,26004300
2019-01-03,30.258819580078125,31.0,32.150001525878906,30.86000061035156,31.81999969482422,29145500
2019-01-04,31.918174743652344,32.70000076293945,33.040000915527344,31.549999237060547,31.65999984741211,28557300
2019-01-07,33.18709182739258,34.0,34.45000076293945,33.310001373291016,33.70000076293945,44841500
2019-01-08,32.93331527709961,33.7400016784668,34.59000015258789,32.810001373291016,34.54999923706055,33434100
2019-01-09,34.5926628112793,35.439998626708984,36.290000915527344,34.91999816894531,34.970001220703125,54147900
2019-01-10,35.051422119140625,35.90999984741211,35.95000076293945,35.08000183105469,35.2599983215332,24437400
2019-01-11,35.14903259277344,36.0099983215332,36.72999954223633,35.0099983215332,35.41999816894531,30469800
2019-01-14,33.8410758972168,34.66999816894531,34.91999816894531,34.2599983215332,34.720001220703125,34612000
2019-01-15,33.17733383178711,33.9900016784668,35.22999954223633,33.650001525878906,35.02000045776367,30633600
2019-01-16,32.77713394165039,33.58000183105469,34.33000183105469,33.529998779296875,34.040000915527344,24890900
2019-01-17,33.069969177246094,33.880001068115234,34.20000076293945,32.65999984741211,33.22999954223633,29398500
2019-01-18,34.905006408691406,35.7599983215332,36.18999862670898,34.060001373291016,34.22999954223633,44872400
2019-01-22,33.060203552246094,33.869998931884766,35.25,33.54999923706055,35.25,37021900
2019-01-23,33.421348571777344,34.2400016784668,34.689998626708984,33.439998626708984,34.11000061035156,31011600
2019-01-24,35.71516799926758,36.59000015258789,37.43999862670898,35.099998474121094,35.310001373291016,65094800
2019-01-25,38.02849960327149,38.959999084472656,39.310001373291016,37.5,38.09000015258789,61032300
2019-01-28,37.169551849365234,38.08000183105469,38.959999084472656,36.650001525878906,36.95000076293945,44213000
2019-01-29,36.49604797363281,37.38999938964844,38.97999954223633,37.25,38.27999877929688,30331000
2019-01-30,37.325721740722656,38.2400016784668,38.7599983215332,37.59000015258789,38.29999923706055,32848100
2019-01-31,37.30620574951172,38.220001220703125,38.81999969482422,37.27999877929688,37.630001068115234,34130500
2019-02-01,38.653202056884766,39.59999847412109,39.86000061035156,38.22999954223633,38.310001373291016,36839900
2019-02-04,38.526309967041016,39.470001220703125,39.61000061035156,38.5099983215332,39.54999923706055,30851500
2019-02-05,38.42870330810547,39.369998931884766,40.33000183105469,39.16999816894531,39.2400016784668,25094000
2019-02-06,40.52730178833008,41.52000045776367,41.959999084472656,40.369998931884766,40.400001525878906,47472600
2019-02-07,38.43846130371094,39.380001068115234,41.04999923706055,38.90999984741211,40.810001373291016,40396400
2019-02-08,37.6575927734375,38.58000183105469,38.77999877929688,37.45000076293945,37.79999923706055,35573200
2019-02-11,37.6575927734375,38.58000183105469,38.869998931884766,37.36000061035156,38.59999847412109,30356500
2019-02-12,39.43408203125,40.400001525878906,40.77000045776367,39.2400016784668,39.38999938964844,43587900
2019-02-13,40.68347930908203,41.68000030517578,42.27999877929688,40.79999923706055,40.84999847412109,50101700
2019-02-14,41.22032165527344,42.22999954223633,43.15999984741211,41.310001373291016,41.38999938964844,41759200
2019-02-15,40.986061096191406,41.9900016784668,42.400001525878906,41.41999816894531,42.27000045776367,28968400
2019-02-19,40.9567756652832,41.959999084472656,42.4900016784668,41.5,41.70000076293945,25575900
2019-02-20,41.200801849365234,42.209999084472656,43.2599983215332,42.130001068115234,42.310001373291016,28048700
2019-02-21,40.53705596923828,41.52999877929688,42.869998931884766,41.41999816894531,42.470001220703125,24048800
2019-02-22,41.55219268798828,42.56999969482422,42.56999969482422,41.83000183105469,42.08000183105469,22834300
2019-02-25,41.7278938293457,42.75,43.9900016784668,42.70000076293945,43.810001373291016,25233700
2019-02-26,41.9328727722168,42.959999084472656,43.150001525878906,42.290000915527344,42.34999847412109,18051500
2019-02-27,40.33208465576172,41.31999969482422,42.7599983215332,41.0099983215332,42.619998931884766,29522200
2019-02-28,39.9025993347168,40.880001068115234,41.150001525878906,39.79999923706055,40.20000076293945,25777900
2019-03-01,40.58586502075195,41.58000183105469,42.560001373291016,41.11000061035156,41.63999938964844,26755800
2019-03-04,40.07829666137695,41.060001373291016,42.150001525878906,40.63999938964844,41.880001068115234,27047800
2019-03-05,39.03388214111328,39.9900016784668,40.66999816894531,39.5099983215332,40.25,28798800
2019-03-06,37.02312850952149,37.93000030517578,39.45000076293945,37.52000045776367,39.380001068115234,44890400
2019-03-07,36.92552185058594,37.83000183105469,38.310001373291016,37.13999938964844,37.540000915527344,31567800
2019-03-08,37.72591400146485,38.650001525878906,38.81999969482422,36.56999969482422,36.88999938964844,34080900
2019-03-11,38.09683609008789,39.02999877929688,39.54999923706055,38.83000183105469,38.90999984741211,25164700
2019-03-12,38.31157684326172,39.25,39.400001525878906,38.83000183105469,39.16999816894531,18623500
2019-03-13,37.90161895751953,38.83000183105469,39.720001220703125,38.63999938964844,39.400001525878906,22786300
2019-03-14,37.49165725708008,38.40999984741211,39.630001068115234,38.34000015258789,38.7400016784668,19757300
2019-03-15,38.59463882446289,39.540000915527344,39.84000015258789,38.43000030517578,38.58000183105469,30702000
2019-03-18,38.66296005249024,39.61000061035156,40.40999984741211,39.150001525878906,39.59999847412109,22296600
2019-03-19,39.40479278564453,40.369998931884766,41.04999923706055,39.88999938964844,39.93000030517578,32407300
2019-03-20,39.170536041259766,40.130001068115234,40.75,39.619998931884766,40.5,41714400
2019-03-21,42.93825149536133,43.9900016784668,44.209999084472656,41.650001525878906,41.70000076293945,84985400
2019-03-22,40.624908447265625,41.619998931884766,43.47999954223633,41.54999923706055,43.470001220703125,46605600
2019-03-25,39.58049392700195,40.54999923706055,41.97999954223633,40.060001373291016,41.34000015258789,34516000
2019-03-26,39.35599899291992,40.31999969482422,41.650001525878906,40.09999847412109,41.16999816894531,24689600
2019-03-27,38.29205322265625,39.22999954223633,40.84999847412109,39.0099983215332,40.380001068115234,26856700
2019-03-28,38.39942169189453,39.34000015258789,39.93999862670898,39.02000045776367,39.400001525878906,24584500
2019-03-29,40.34184265136719,41.33000183105469,41.52000045776367,40.220001220703125,40.25,35716900
2019-04-01,41.239845275878906,42.25,42.7599983215332,41.720001220703125,42.27000045776367,28073000
2019-04-02,41.42530059814453,42.43999862670898,42.790000915527344,41.75,42.08000183105469,21438100
2019-04-03,42.850399017333984,43.900001525878906,44.84999847412109,43.54999923706055,43.54999923706055,39097200
2019-04-04,41.864540100097656,42.88999938964844,43.33000183105469,42.25,42.36000061035156,37038400
2019-04-05,42.28426361083984,43.31999969482422,43.540000915527344,42.720001220703125,43.29999923706055,21119400
2019-04-08,41.87430953979492,42.900001525878906,43.13999938964844,42.119998931884766,42.18000030517578,24546800
2019-04-09,40.72251510620117,41.720001220703125,42.59999847412109,41.27000045776367,42.540000915527344,29055900
2019-04-10,41.1617546081543,42.16999816894531,42.43999862670898,41.5099983215332,41.68999862670898,23252200
2019-04-11,41.26912689208984,42.27999877929688,42.72999954223633,42.130001068115234,42.20000076293945,18163900
2019-04-12,41.00558090209961,42.0099983215332,43.20000076293945,41.810001373291016,42.84999847412109,21740400
2019-04-15,40.82013320922852,41.81999969482422,42.22999954223633,41.20000076293945,42.16999816894531,16932300
2019-04-16,41.7376594543457,42.7599983215332,42.93000030517578,42.08000183105469,42.2599983215332,19337500
2019-04-17,42.11832046508789,43.150001525878906,44.04999923706055,42.7599983215332,43.36000061035156,22092000
2019-04-18,42.36235427856445,43.400001525878906,43.52999877929688,42.790000915527344,43.20000076293945,16193600
2019-04-22,42.36235427856445,43.400001525878906,43.56999969482422,42.52999877929688,43.13999938964844,19447900
2019-04-23,41.74740982055664,42.77000045776367,43.470001220703125,42.720001220703125,43.369998931884766,21489400
2019-04-24,42.00120162963867,43.02999877929688,43.400001525878906,42.380001068115234,42.81999969482422,19637000
2019-04-25,41.7278938293457,42.75,44.650001525878906,42.68999862670898,43.619998931884766,28346200
2019-04-26,41.09343338012695,42.09999847412109,42.27999877929688,40.77000045776367,41.4900016784668,26092400
2019-04-29,41.10318756103516,42.11000061035156,42.61000061035156,41.72999954223633,42.130001068115234,13452800
2019-04-30,41.05439376831055,42.060001373291016,42.36000061035156,41.58000183105469,41.86000061035156,16342700
2019-05-01,40.898216247558594,41.900001525878906,42.93000030517578,41.88999938964844,42.43000030517578,17673300
2019-05-02,41.54243850708008,42.560001373291016,43.20000076293945,41.630001068115234,42.0,17046800
2019-05-03,42.29402542114258,43.33000183105469,43.380001068115234,42.40999984741211,42.4900016784668,16577000
2019-05-06,41.12271881103516,42.130001068115234,42.290000915527344,41.0,41.400001525878906,25776000
2019-05-07,39.29742050170898,40.2599983215332,41.93000030517578,39.72999954223633,41.68000030517578,35094100
2019-05-08,38.799617767333984,39.75,40.4900016784668,39.58000183105469,39.86000061035156,26190100
2019-05-09,38.331092834472656,39.27000045776367,39.630001068115234,38.20000076293945,39.09999847412109,27844400
2019-05-10,38.00898361206055,38.93999862670898,39.290000915527344,37.650001525878906,39.0099983215332,30368100
2019-05-13,36.48628616333008,37.380001068115234,37.97999954223633,37.060001373291016,37.36000061035156,33092100
2019-05-14,37.58926010131836,38.5099983215332,38.61000061035156,37.400001525878906,38.02000045776367,24004000
2019-05-15,37.49165725708008,38.40999984741211,38.70000076293945,37.7599983215332,37.900001525878906,17532300
2019-05-16,36.41795349121094,37.310001373291016,37.9900016784668,37.09999847412109,37.68000030517578,29479200
2019-05-17,35.19784164428711,36.060001373291016,37.27999877929688,35.79999923706055,36.61000061035156,31096300
2019-05-20,33.79227066040039,34.619998931884766,35.20000076293945,34.33000183105469,34.75,34489500
2019-05-21,34.78787612915039,35.63999938964844,35.880001068115234,35.150001525878906,35.290000915527344,32501300
2019-05-22,33.899635314941406,34.72999954223633,35.45000076293945,34.630001068115234,35.20000076293945,20902400
2019-05-23,33.01139450073242,33.81999969482422,33.900001525878906,32.959999084472656,33.88999938964844,32186700
2019-05-24,33.18709182739258,34.0,34.36000061035156,33.59000015258789,34.15999984741211,19706000
2019-05-28,32.15243911743164,32.939998626708984,34.310001373291016,32.880001068115234,34.150001525878906,26758400
2019-05-29,32.49407196044922,33.290000915527344,33.41999816894531,32.16999816894531,32.31999969482422,28796100
2019-05-30,32.52335739135742,33.31999969482422,34.31999969482422,33.029998779296875,33.43000030517578,20957600
2019-05-31,31.830322265625,32.61000061035156,33.5,32.52000045776367,32.599998474121094,18607300
2019-06-03,31.908418655395508,32.689998626708984,33.220001220703125,32.470001220703125,32.95000076293945,21174500
2019-06-04,33.66537857055664,34.4900016784668,34.560001373291016,33.099998474121094,33.36000061035156,25076000
2019-06-05,32.54287338256836,33.34000015258789,35.400001525878906,33.040000915527344,35.20000076293945,27070300
2019-06-06,32.669769287109375,33.470001220703125,33.81999969482422,32.939998626708984,33.2599983215332,21088100
2019-06-07,33.17733383178711,33.9900016784668,34.029998779296875,33.220001220703125,33.54999923706055,21430400
2019-06-10,34.104610443115234,34.939998626708984,35.540000915527344,34.52000045776367,34.599998474121094,21728000
2019-06-11,34.007015228271484,34.84000015258789,35.9900016784668,34.75,35.79999923706055,19208600
2019-06-12,32.17195510864258,32.959999084472656,34.099998474121094,32.72999954223633,34.0099983215332,28746500
2019-06-13,32.58191680908203,33.380001068115234,33.63999938964844,33.0099983215332,33.08000183105469,16586700
2019-06-14,31.879138946533203,32.65999984741211,32.84000015258789,32.2400016784668,32.45000076293945,19715000
2019-06-17,31.65462684631348,32.43000030517578,32.849998474121094,32.13999938964844,32.540000915527344,20050000
2019-06-18,33.47016525268555,34.290000915527344,34.88999938964844,32.900001525878906,32.900001525878906,33727300
2019-06-19,33.1285285949707,33.939998626708984,34.689998626708984,33.709999084472656,34.689998626708984,20436400
2019-06-20,33.33350372314453,34.150001525878906,35.2599983215332,34.02000045776367,34.84000015258789,21691500
2019-06-21,32.45502853393555,33.25,33.88999938964844,32.72999954223633,33.70000076293945,38858200
2019-06-24,32.39645767211914,33.189998626708984,34.08000183105469,33.02000045776367,33.20000076293945,27306000
2019-06-25,31.89866065979004,32.68000030517578,33.880001068115234,32.61000061035156,33.349998474121094,39590500
2019-06-26,36.15441131591797,37.040000915527344,37.61000061035156,35.70000076293945,35.869998931884766,100271600
2019-06-27,37.1597785949707,38.06999969482422,38.33000183105469,36.5099983215332,36.84999847412109,51612400
2019-06-28,37.66735076904297,38.59000015258789,39.400001525878906,38.04999923706055,39.36000061035156,61402700
2019-07-01,39.15100860595703,40.11000061035156,41.709999084472656,39.7400016784668,41.15999984741211,60928000
2019-07-02,38.653202056884766,39.59999847412109,40.02999877929688,39.02999877929688,39.619998931884766,29774500
2019-07-03,38.6434440612793,39.59000015258789,39.77000045776367,39.16999816894531,39.619998931884766,13479700
2019-07-05,38.47750854492188,39.41999816894531,39.560001373291016,38.79999923706055,38.95000076293945,18408000
2019-07-08,39.44382858276367,40.40999984741211,40.61000061035156,38.93999862670898,39.02999877929688,28148500
2019-07-09,40.36135482788086,41.34999847412109,41.40999984741211,40.08000183105469,40.130001068115234,28254700
2019-07-10,41.87430953979492,42.900001525878906,44.0,42.040000915527344,42.22999954223633,51625500
2019-07-11,42.44043731689453,43.47999954223633,43.540000915527344,42.43999862670898,43.220001220703125,30392400
2019-07-12,43.44580459594727,44.5099983215332,44.70000076293945,43.36000061035156,43.75,33257800
2019-07-15,43.33843612670898,44.400001525878906,45.27000045776367,43.709999084472656,44.68999862670898,26623300
2019-07-16,42.03048324584961,43.060001373291016,44.09999847412109,42.93000030517578,44.04999923706055,31238900
2019-07-17,42.33306503295898,43.369998931884766,43.75,42.59999847412109,43.0,19539300
2019-07-18,43.60197830200195,44.66999816894531,44.93000030517578,43.5,43.61000061035156,26456600
2019-07-19,44.4316635131836,45.52000045776367,46.0,44.630001068115234,45.130001068115234,39328400
2019-07-22,46.06173706054688,47.18999862670898,47.43000030517578,46.310001373291016,46.5,46042800
2019-07-23,45.82746505737305,46.95000076293945,47.13999938964844,46.22999954223633,46.77999877929688,29354400
2019-07-24,46.84260940551758,47.9900016784668,48.22999954223633,46.81999969482422,46.95000076293945,33169900
2019-07-25,46.62786865234375,47.77000045776367,48.70000076293945,47.59000015258789,48.400001525878906,28127800
2019-07-26,46.35456466674805,47.4900016784668,48.130001068115234,47.09000015258789,47.93999862670898,19676200
2019-07-29,45.70058059692383,46.81999969482422,46.970001220703125,45.84999847412109,46.869998931884766,21939500
2019-07-30,46.32527923583984,47.459999084472656,47.68000030517578,46.20000076293945,46.880001068115234,21301600
2019-07-31,43.81672668457031,44.88999938964844,46.790000915527344,44.43999862670898,46.709999084472656,34493900
2019-08-01,42.55756759643555,43.59999847412109,45.959999084472656,42.84000015258789,45.0,37906500
2019-08-02,43.026100158691406,44.08000183105469,44.40999984741211,42.220001220703125,42.63999938964844,31954100
2019-08-05,40.937259674072266,41.93999862670898,42.5099983215332,41.36000061035156,42.400001525878906,35172900
2019-08-06,41.60100173950195,42.619998931884766,43.18999862670898,41.68999862670898,42.66999816894531,26857000
2019-08-07,40.751800537109375,41.75,42.95000076293945,40.70000076293945,42.0099983215332,35604600
2019-08-08,41.61075973510742,42.630001068115234,42.7599983215332,41.66999816894531,42.09000015258789,18567500
2019-08-09,40.52730178833008,41.52000045776367,42.2400016784668,40.869998931884766,42.040000915527344,22900300
2019-08-12,41.12271881103516,42.130001068115234,42.400001525878906,40.970001220703125,41.04999923706055,23969200
2019-08-13,43.11394119262695,44.16999816894531,45.08000183105469,42.5099983215332,42.619998931884766,33040200
2019-08-14,41.03485870361328,42.040000915527344,43.150001525878906,41.65999984741211,42.880001068115234,24657200
2019-08-15,41.2300910949707,42.2400016784668,42.560001373291016,41.5,42.34000015258789,16104000
2019-08-16,42.50876235961914,43.54999923706055,43.880001068115234,42.54999923706055,42.63999938964844,17914100
2019-08-19,43.933860778808594,45.0099983215332,45.369998931884766,44.34000015258789,44.66999816894531,22613400
2019-08-20,43.17250442504883,44.22999954223633,44.970001220703125,44.040000915527344,44.84999847412109,13191000
2019-08-21,43.11394119262695,44.16999816894531,45.0,43.900001525878906,44.810001373291016,14973800
2019-08-22,43.7093505859375,44.77999877929688,45.45000076293945,44.04999923706055,44.5,20599000
2019-08-23,41.9328727722168,42.959999084472656,44.970001220703125,42.65999984741211,43.88999938964844,27519900
2019-08-26,42.39162826538086,43.43000030517578,43.77000045776367,43.15999984741211,43.7400016784668,12282800
2019-08-27,41.42530059814453,42.43999862670898,43.79999923706055,42.34999847412109,43.709999084472656,19122100
2019-08-28,42.11832046508789,43.150001525878906,43.2599983215332,41.7599983215332,42.09999847412109,11545700
2019-08-29,43.60197830200195,44.66999816894531,45.220001220703125,43.90999984741211,43.9900016784668,18674100
2019-08-30,44.187644958496094,45.27000045776367,45.93000030517578,45.04999923706055,45.119998931884766,16391500
2019-09-03,43.914344787597656,44.9900016784668,45.33000183105469,44.43999862670898,44.59999847412109,17108100
2019-09-04,45.69082260131836,46.810001373291016,47.5,46.400001525878906,46.45000076293945,26978100
2019-09-05,47.85774612426758,49.02999877929688,49.63999938964844,47.88999938964844,47.900001525878906,33075500
2019-09-06,47.79917144775391,48.970001220703125,49.5,48.70000076293945,48.86000061035156,19565700
2019-09-09,47.955352783203125,49.130001068115234,50.0,48.86000061035156,49.540000915527344,19474400
2019-09-10,48.20913314819336,49.38999938964844,49.93999862670898,48.5,49.369998931884766,23111300
2019-09-11,49.2730712890625,50.47999954223633,51.38999938964844,49.84000015258789,50.02000045776367,31012900
2019-09-12,49.234031677246094,50.43999862670898,51.119998931884766,50.09999847412109,50.79999923706055,19671300
2019-09-13,49.292598724365234,50.5,50.95000076293945,50.060001373291016,50.5099983215332,14733000
2019-09-16,48.95096206665039,50.150001525878906,50.2400016784668,49.02000045776367,49.52999877929688,17495300
2019-09-17,49.62445831298828,50.84000015258789,50.90999984741211,49.93000030517578,50.18000030517578,13776500
2019-09-18,49.2730712890625,50.47999954223633,51.16999816894531,49.68999862670898,51.0,15247100
2019-09-19,48.62885284423828,49.81999969482422,51.29999923706055,49.75,51.16999816894531,16633600
2019-09-20,47.98463821411133,49.15999984741211,50.45000076293945,48.77000045776367,50.34000015258789,23195000
2019-09-23,48.414100646972656,49.59999847412109,50.18999862670898,49.47999954223633,49.540000915527344,16198500
2019-09-24,47.35017013549805,48.5099983215332,49.900001525878906,48.04999923706055,49.7400016784668,24959000
2019-09-25,48.28722381591797,49.470001220703125,49.70000076293945,47.86000061035156,48.470001220703125,23571800
2019-09-26,47.438026428222656,48.59999847412109,49.7400016784668,48.130001068115234,49.380001068115234,33341000
2019-09-27,42.17689895629883,43.209999084472656,45.91999816894531,42.90999984741211,45.900001525878906,75941400
2019-09-30,41.82550048828125,42.84999847412109,43.470001220703125,42.58000183105469,43.0,31423100
2019-10-01,41.28865051269531,42.29999923706055,43.34000015258789,41.75,43.09999847412109,28087300
2019-10-02,40.97630310058594,41.97999954223633,42.66999816894531,41.7599983215332,41.81999969482422,26408500
2019-10-03,42.42092514038086,43.459999084472656,43.4900016784668,41.7599983215332,42.0,23627100
2019-10-04,43.48485565185547,44.54999923706055,44.619998931884766,43.290000915527344,43.709999084472656,21860000
2019-10-07,43.10417938232422,44.15999984741211,44.72999954223633,44.060001373291016,44.29999923706055,14911600
2019-10-08,41.62052536010742,42.63999938964844,43.84000015258789,42.619998931884766,43.59999847412109,20664600
2019-10-09,41.85478591918945,42.880001068115234,43.380001068115234,42.83000183105469,43.18000030517578,12784000
2019-10-10,42.24521255493164,43.27999877929688,43.790000915527344,42.61000061035156,42.869998931884766,15572600
2019-10-11,44.02170181274414,45.09999847412109,45.81999969482422,44.27999877929688,44.38999938964844,27483700
2019-10-14,43.78745269775391,44.86000061035156,45.33000183105469,44.79999923706055,44.959999084472656,12443300
2019-10-15,45.34917831420898,46.459999084472656,46.54999923706055,45.040000915527344,45.209999084472656,17767700
2019-10-16,44.08027267456055,45.15999984741211,46.54999923706055,45.08000183105469,45.9900016784668,16646900
2019-10-17,44.41214370727539,45.5,46.119998931884766,45.27999877929688,45.77000045776367,11718700
2019-10-18,42.43067932128906,43.470001220703125,44.97999954223633,43.22999954223633,44.83000183105469,26215300
2019-10-21,44.13883590698242,45.220001220703125,45.29999923706055,43.91999816894531,43.959999084472656,15473700
2019-10-22,43.59222030639648,44.65999984741211,45.70000076293945,44.619998931884766,45.29999923706055,13802400
2019-10-23,43.59222030639648,44.65999984741211,44.81999969482422,43.95000076293945,44.04999923706055,13959200
2019-10-24,45.97389602661133,47.09999847412109,47.15999984741211,45.58000183105469,45.900001525878906,25760200
2019-10-25,46.88165283203125,48.02999877929688,48.27000045776367,46.91999816894531,47.27999877929688,19855300
2019-10-28,47.52586364746094,48.68999862670898,48.75,48.22999954223633,48.5,15240000
2019-10-29,46.95973205566406,48.11000061035156,49.16999816894531,48.060001373291016,48.79999923706055,12183600
2019-10-30,46.73524475097656,47.880001068115234,48.34000015258789,47.2599983215332,48.220001220703125,12932800
2019-10-31,46.41313171386719,47.54999923706055,47.880001068115234,46.459999084472656,47.27999877929688,15445800
2019-11-01,47.22328567504883,48.380001068115234,48.540000915527344,47.25,47.47999954223633,18311700
2019-11-04,48.40436172485352,49.59000015258789,49.900001525878906,49.25,49.38999938964844,16021500
2019-11-05,47.51611328125,48.68000030517578,49.720001220703125,48.61000061035156,49.619998931884766,13682600
2019-11-06,46.54001998901367,47.68000030517578,48.29999923706055,47.11000061035156,48.150001525878906,21803600
2019-11-07,47.2428092956543,48.400001525878906,49.08000183105469,48.0,48.52000045776367,19253600
2019-11-08,46.06173706054688,47.18999862670898,48.0099983215332,46.95000076293945,47.560001373291016,18518800
2019-11-11,45.15396881103516,46.2599983215332,46.7400016784668,45.84999847412109,46.720001220703125,14635900
2019-11-12,45.77867889404297,46.900001525878906,47.68000030517578,46.68000030517578,46.79999923706055,15170700
2019-11-13,45.19300842285156,46.29999923706055,46.54999923706055,45.810001373291016,46.5,15423600
2019-11-14,45.68106460571289,46.79999923706055,46.83000183105469,45.77000045776367,46.119998931884766,11797400
2019-11-15,46.56930160522461,47.709999084472656,48.52000045776367,47.34000015258789,47.59999847412109,17859200
2019-11-18,46.676666259765625,47.81999969482422,48.40999984741211,47.470001220703125,47.95000076293945,12631200
2019-11-19,45.46631622314453,46.58000183105469,48.18000030517578,46.27999877929688,48.11000061035156,18384000
2019-11-20,44.48047637939453,45.56999969482422,46.5,45.22999954223633,46.150001525878906,24660700
2019-11-21,44.46094512939453,45.54999923706055,46.18000030517578,45.040000915527344,45.29999923706055,14192900
2019-11-22,44.77329635620117,45.869998931884766,46.380001068115234,45.75,45.93000030517578,11253700
2019-11-25,46.38383865356445,47.52000045776367,47.54999923706055,45.93999862670898,46.09999847412109,18803600
2019-11-26,45.60298156738281,46.720001220703125,47.66999816894531,46.540000915527344,47.650001525878906,12849300
2019-11-27,47.008544921875,48.15999984741211,48.27000045776367,47.11000061035156,47.34999847412109,15409400
2019-11-29,46.37408828735352,47.5099983215332,47.95000076293945,47.43999862670898,47.93999862670898,7343600
2019-12-02,45.28086471557617,46.38999938964844,47.95000076293945,46.34999847412109,47.56999969482422,16053800
2019-12-03,44.14859390258789,45.22999954223633,45.400001525878906,44.54999923706055,45.119998931884766,20321400
2019-12-04,45.19300842285156,46.29999923706055,46.59999847412109,45.72999954223633,46.18000030517578,16921700
2019-12-05,45.50536346435547,46.619998931884766,47.400001525878906,46.25,46.709999084472656,13003800
2019-12-06,46.7840461730957,47.93000030517578,48.33000183105469,47.31999969482422,47.43999862670898,20468100
2019-12-09,45.33942794799805,46.45000076293945,47.77000045776367,46.43000030517578,47.56999969482422,16540500
2019-12-10,46.32527923583984,47.459999084472656,47.91999816894531,46.720001220703125,47.040000915527344,19263100
2019-12-11,48.08224105834961,49.2599983215332,49.34000015258789,47.68999862670898,47.75,22081300
2019-12-12,49.7513542175293,50.970001220703125,51.33000183105469,49.31999969482422,49.36000061035156,36590800
2019-12-13,49.97586441040039,51.20000076293945,52.31999969482422,50.70000076293945,51.02000045776367,30039700
2019-12-16,51.67425155639648,52.93999862670898,54.29999923706055,52.68999862670898,52.7599983215332,38629600
2019-12-17,51.73283004760742,53.0,54.0,52.650001525878906,53.9900016784668,28344800
2019-12-18,51.77187347412109,53.040000915527344,53.720001220703125,52.369998931884766,53.0,39099100
2019-12-19,53.22624969482422,54.52999877929688,55.290000915527344,53.900001525878906,55.0099983215332,55792900
2019-12-20,53.74357223510742,55.060001373291016,55.93000030517578,54.630001068115234,54.900001525878906,44285000
2019-12-23,54.0754508972168,55.400001525878906,56.11000061035156,55.13999938964844,55.22999954223633,23693800
2019-12-24,54.094970703125,55.41999816894531,55.63999938964844,55.040000915527344,55.45000076293945,8621900
2019-12-26,53.79237747192383,55.11000061035156,55.650001525878906,54.90999984741211,55.45000076293945,13537400
2019-12-27,52.73820114135742,54.02999877929688,55.52999877929688,53.88999938964844,55.2400016784668,17176700
2019-12-30,51.93780517578125,53.209999084472656,53.880001068115234,52.65999984741211,53.77000045776367,15271500
2019-12-31,52.49416732788086,53.77999877929688,53.900001525878906,52.77999877929688,52.90999984741211,13296400
2020-01-02,54.06568145751953,55.38999938964844,55.4900016784668,54.5099983215332,54.84999847412109,20173200
2020-01-03,53.22624969482422,54.52999877929688,55.310001373291016,54.0,54.15999984741211,16815800
2020-01-06,52.2891960144043,53.56999969482422,54.13999938964844,53.15999984741211,53.75,18768700
2020-01-07,56.8768196105957,58.27000045776367,58.400001525878906,55.36000061035156,55.380001068115234,49908200
2020-01-08,56.144752502441406,57.52000045776367,58.38999938964844,57.060001373291016,58.09000015258789,29730800
2020-01-09,55.93977737426758,57.310001373291016,58.47999954223633,56.47999954223633,58.31999969482422,22376100
2020-01-10,55.3150749206543,56.66999816894531,57.5,56.27000045776367,57.470001220703125,19122800
2020-01-13,56.0764274597168,57.45000076293945,57.77999877929688,56.86000061035156,57.0099983215332,16163000
2020-01-14,56.144752502441406,57.52000045776367,58.29999923706055,56.459999084472656,57.79999923706055,26454300
2020-01-15,54.82702255249024,56.16999816894531,57.119998931884766,55.84000015258789,57.02999877929688,21638600
2020-01-16,56.300926208496094,57.68000030517578,57.84000015258789,56.7599983215332,56.79999923706055,22732700
2020-01-17,56.28141021728516,57.65999984741211,58.119998931884766,57.0099983215332,58.02000045776367,20549200
2020-01-21,57.560089111328125,58.970001220703125,59.18000030517578,57.27000045776367,57.369998931884766,24821700
2020-01-22,57.75530242919922,59.16999816894531,60.25,58.84999847412109,59.52000045776367,22604400
2020-01-23,57.78459167480469,59.20000076293945,60.560001373291016,59.02999877929688,60.33000183105469,26146100
2020-01-24,56.3790168762207,57.7599983215332,60.02000045776367,57.2400016784668,60.0,28555300
2020-01-27,54.085205078125,55.40999984741211,55.9900016784668,54.619998931884766,55.150001525878906,27310100
2020-01-28,55.11985778808594,56.470001220703125,56.77999877929688,55.2400016784668,56.25,18544900
2020-01-29,53.97783279418945,55.29999923706055,57.18999862670898,55.290000915527344,55.9900016784668,19278300
2020-01-30,53.71428680419922,55.02999877929688,55.06999969482422,53.220001220703125,54.18000030517578,30783800
2020-01-31,51.82067108154297,53.09000015258789,55.20000076293945,52.70000076293945,55.150001525878906,28550800
2020-02-03,52.49416732788086,53.77999877929688,54.11000061035156,53.0,53.25,20471900
2020-02-04,54.17305755615234,55.5,56.02000045776367,54.93999862670898,55.290000915527344,19998600
2020-02-05,55.412696838378906,56.77000045776367,57.2599983215332,55.81999969482422,57.02000045776367,19795300
2020-02-06,57.27701950073242,58.68000030517578,59.16999816894531,57.40999984741211,58.08000183105469,23358700
2020-02-07,55.52006149291992,56.880001068115234,58.0,56.77000045776367,57.970001220703125,20891100
2020-02-10,55.95930862426758,57.33000183105469,57.34000015258789,56.20000076293945,56.29999923706055,15929000
2020-02-11,55.88121032714844,57.25,58.84000015258789,56.33000183105469,57.880001068115234,26776900
2020-02-12,57.8529167175293,59.27000045776367,61.18999862670898,58.900001525878906,59.040000915527344,47180800
2020-02-13,57.91148376464844,59.33000183105469,60.630001068115234,58.86000061035156,59.0099983215332,23679700
2020-02-14,57.101322174072266,58.5,60.560001373291016,58.2599983215332,60.15999984741211,20920200
2020-02-18,56.36925506591797,57.75,58.040000915527344,56.619998931884766,57.06999969482422,21513200
2020-02-19,58.555702209472656,59.9900016784668,60.25,58.560001373291016,58.58000183105469,23335500
2020-02-20,57.58938217163086,59.0,59.9900016784668,57.68999862670898,59.880001068115234,20797100
2020-02-21,55.62742233276367,56.9900016784668,58.72999954223633,55.88999938964844,58.630001068115234,27038900
2020-02-24,53.69476318359375,55.0099983215332,55.459999084472656,52.61000061035156,53.310001373291016,33321100
2020-02-25,50.85434722900391,52.09999847412109,55.45000076293945,51.54999923706055,54.84000015258789,41894200
2020-02-26,51.11788558959961,52.369998931884766,54.27000045776367,51.880001068115234,52.650001525878906,28075600
2020-02-27,49.37068557739258,50.58000183105469,52.84999847412109,49.9900016784668,50.630001068115234,36349200
2020-02-28,51.303348541259766,52.560001373291016,52.91999816894531,48.38999938964844,48.650001525878906,40121300
2020-03-02,53.28480529785156,54.59000015258789,54.68999862670898,52.09999847412109,53.20000076293945,33272700
2020-03-03,50.5615119934082,51.79999923706055,55.400001525878906,51.09999847412109,54.59999847412109,36893200
2020-03-04,53.96807861328125,55.290000915527344,55.380001068115234,52.209999084472656,53.02000045776367,28222000
2020-03-05,52.43561172485352,53.720001220703125,55.61000061035156,53.34000015258789,53.45000076293945,26223000
2020-03-06,50.23941421508789,51.470001220703125,53.18999862670898,50.0,52.20000076293945,30313700
2020-03-09,44.870906829833984,45.970001220703125,48.59999847412109,44.91999816894531,45.47999954223633,31260800
2020-03-10,46.7157096862793,47.86000061035156,48.2599983215332,45.290000915527344,48.150001525878906,31652900
2020-03-11,42.67470169067383,43.720001220703125,46.31999969482422,42.84999847412109,46.20000076293945,38483800
2020-03-12,37.88209533691406,38.810001373291016,42.540000915527344,38.0,39.400001525878906,40117200
2020-03-13,41.962158203125,42.9900016784668,43.02000045776367,38.34999847412109,41.56999969482422,35264800
2020-03-16,33.6458625793457,34.470001220703125,39.13999938964844,34.45000076293945,37.34999847412109,36879100
2020-03-17,36.48628616333008,37.380001068115234,39.130001068115234,34.02000045776367,35.4900016784668,34869000
2020-03-18,33.860595703125,34.689998626708984,36.560001373291016,31.1299991607666,34.2599983215332,36519000
2020-03-19,35.42234420776367,36.290000915527344,37.29999923706055,33.650001525878906,34.65999984741211,31015200
2020-03-20,35.24665451049805,36.11000061035156,38.59000015258789,35.84000015258789,37.77000045776367,37667400
2020-03-23,37.335479736328125,38.25,39.470001220703125,35.689998626708984,36.9900016784668,45286000
2020-03-24,42.2354621887207,43.27000045776367,44.41999816894531,41.13999938964844,41.81999969482422,45588000
2020-03-25,41.48387145996094,42.5,44.880001068115234,40.02999877929688,43.90999984741211,54091000
2020-03-26,43.7191162109375,44.790000915527344,45.75,43.33000183105469,44.900001525878906,62450700
2020-03-27,42.44043731689453,43.47999954223633,45.27999877929688,42.310001373291016,43.25,39791500
2020-03-30,43.45556640625,44.52000045776367,45.56999969482422,43.150001525878906,44.16999816894531,33763900
2020-03-31,41.05439376831055,42.060001373291016,45.16999816894531,41.90999984741211,44.400001525878906,36723700
2020-04-01,38.93627166748047,39.88999938964844,42.29999923706055,39.33000183105469,40.54999923706055,37452800
2020-04-02,40.10758209228516,41.09000015258789,41.59000015258789,39.52000045776367,39.790000915527344,31457700
2020-04-03,40.234474182128906,41.220001220703125,41.86000061035156,40.54999923706055,40.970001220703125,28522400
2020-04-06,45.26133728027344,46.369998931884766,46.68999862670898,43.34000015258789,43.34999847412109,37899100
2020-04-07,45.427276611328125,46.540000915527344,48.369998931884766,46.040000915527344,48.09000015258789,34646400
2020-04-08,47.13544464111328,48.290000915527344,48.68999862670898,46.79999923706055,47.08000183105469,27694400
2020-04-09,45.027076721191406,46.130001068115234,49.810001373291016,45.34999847412109,49.29999923706055,39799400
2020-04-13,45.06611633300781,46.16999816894531,46.38999938964844,44.38999938964844,44.900001525878906,30449900
2020-04-14,46.48145294189453,47.619998931884766,48.380001068115234,46.619998931884766,47.0,25738000
2020-04-15,45.31990051269531,46.43000030517578,46.65999984741211,45.63999938964844,46.400001525878906,22389400
2020-04-16,44.44142150878906,45.52999877929688,47.20000076293945,44.65999984741211,47.02000045776367,26589000
2020-04-17,44.60736083984375,45.70000076293945,46.88999938964844,44.84999847412109,46.77999877929688,23388300
2020-04-20,42.36235427856445,43.400001525878906,45.08000183105469,43.29999923706055,44.52000045776367,30463300
2020-04-21,40.41992950439453,41.40999984741211,43.06999969482422,41.18999862670898,43.0,32482200
2020-04-22,42.860164642333984,43.90999984741211,44.20000076293945,42.75,43.11000061035156,21346600
2020-04-23,42.7235107421875,43.77000045776367,44.720001220703125,43.41999816894531,43.81999969482422,22273100
2020-04-24,43.10417938232422,44.15999984741211,44.31999969482422,42.97999954223633,43.79999923706055,16581800
2020-04-27,44.1973991394043,45.27999877929688,45.38999938964844,44.58000183105469,45.0,16667200
2020-04-28,44.2266845703125,45.310001373291016,47.68999862670898,45.27999877929688,46.209999084472656,25234900
2020-04-29,48.63862228393555,49.83000183105469,50.13999938964844,46.33000183105469,46.58000183105469,35743000
2020-04-30,46.74500274658203,47.88999938964844,49.58000183105469,47.369998931884766,49.47999954223633,28585400
2020-05-01,43.98265838623047,45.060001373291016,46.91999816894531,44.52000045776367,46.36000061035156,28194000
2020-05-04,43.39700698852539,44.459999084472656,44.68999862670898,43.61000061035156,44.18999862670898,21377100
2020-05-05,44.32429504394531,45.40999984741211,46.95000076293945,45.11000061035156,45.45000076293945,21007500
2020-05-06,44.97827911376953,46.08000183105469,47.119998931884766,45.91999816894531,46.06999969482422,22011900
2020-05-07,45.47607803344727,46.59000015258789,47.5,46.34000015258789,47.119998931884766,16372100
2020-05-08,47.09638977050781,48.25,48.459999084472656,47.290000915527344,47.290000915527344,17437100
2020-05-11,47.04758834838867,48.20000076293945,48.72999954223633,47.43999862670898,47.7400016784668,17353500
2020-05-12,44.59760284423828,45.68999862670898,48.560001373291016,45.63999938964844,48.52000045776367,26738900
2020-05-13,42.4892463684082,43.52999877929688,45.880001068115234,42.95000076293945,45.869998931884766,35117500
2020-05-14,44.63664627075195,45.72999954223633,45.77999877929688,42.5099983215332,43.060001373291016,27543500
2020-05-15,43.34820938110352,44.40999984741211,44.77999877929688,43.2400016784668,43.27999877929688,28803900
2020-05-18,44.82209777832031,45.91999816894531,46.150001525878906,44.95000076293945,45.83000183105469,20307800
2020-05-19,44.04123306274414,45.119998931884766,46.22999954223633,45.02000045776367,45.77999877929688,17389500
2020-05-20,45.52488708496094,46.63999938964844,47.040000915527344,46.09000015258789,46.5099983215332,17876500
2020-05-21,44.13883590698242,45.220001220703125,46.56999969482422,44.7599983215332,46.5,17445300
2020-05-22,43.86552810668945,44.93999862670898,45.310001373291016,44.2400016784668,45.150001525878906,13385400
2020-05-26,44.704959869384766,45.79999923706055,46.68999862670898,45.45000076293945,46.220001220703125,24303900
2020-05-27,48.267704010009766,49.45000076293945,49.58000183105469,43.900001525878906,45.95000076293945,56071500
2020-05-28,45.35895156860352,46.470001220703125,48.790000915527344,46.06999969482422,48.70000076293945,38289300
2020-05-29,46.76452255249024,47.90999984741211,48.02000045776367,46.209999084472656,46.619998931884766,26337000
2020-06-01,45.232051849365234,46.34000015258789,47.66999816894531,46.31999969482422,47.4900016784668,21809100
2020-06-02,45.70058059692383,46.81999969482422,46.84999847412109,45.56999969482422,46.4900016784668,23035600
2020-06-03,47.750370025634766,48.91999816894531,49.41999816894531,47.45000076293945,48.040000915527344,34662100
2020-06-04,49.99538803100586,51.220001220703125,51.97999954223633,48.59999847412109,48.86000061035156,34830800
2020-06-05,52.43561172485352,53.720001220703125,54.81999969482422,52.59000015258789,52.65999984741211,34110700
2020-06-08,52.41609573364258,53.70000076293945,54.63999938964844,52.22999954223633,54.5,22850600
2020-06-09,51.87923431396485,53.150001525878906,53.5,52.45000076293945,52.650001525878906,17840800
2020-06-10,51.21549987792969,52.470001220703125,53.29999923706055,51.56999969482422,52.91999816894531,18766700
2020-06-11,47.35993576049805,48.52000045776367,51.09000015258789,48.20000076293945,50.41999816894531,29897600
2020-06-12,47.52586364746094,48.68999862670898,50.47999954223633,47.36000061035156,50.290000915527344,24293600
2020-06-15,48.06272888183594,49.2400016784668,49.72999954223633,47.09999847412109,47.36000061035156,18092300
2020-06-16,49.80016326904297,51.02000045776367,52.150001525878906,49.86000061035156,51.15999984741211,20987200
2020-06-17,49.74160003662109,50.959999084472656,51.5099983215332,50.540000915527344,51.29999923706055,13905100
2020-06-18,49.2730712890625,50.47999954223633,51.040000915527344,50.02000045776367,50.5,13220200
2020-06-19,49.614707946777344,50.83000183105469,52.75,50.75,51.15999984741211,28081500
2020-06-22,49.927059173583984,51.150001525878906,51.400001525878906,50.2400016784668,51.09999847412109,15952200
2020-06-23,48.64837265014648,49.84000015258789,50.88999938964844,49.56999969482422,50.68999862670898,23194200
2020-06-24,47.13544464111328,48.290000915527344,50.09999847412109,48.02000045776367,49.650001525878906,19346500
2020-06-25,48.01390838623047,49.18999862670898,49.310001373291016,47.27999877929688,48.2400016784668,14971900
2020-06-26,47.33064651489258,48.4900016784668,49.34999847412109,48.13999938964844,49.150001525878906,16929700
2020-06-29,47.97488021850586,49.150001525878906,49.150001525878906,47.58000183105469,48.68999862670898,24666200
2020-06-30,50.2882080078125,51.52000045776367,52.470001220703125,50.970001220703125,51.77999877929688,47852100
2020-07-01,48.51172637939453,49.70000076293945,51.560001373291016,49.61000061035156,51.52000045776367,25218400
2020-07-02,48.63862228393555,49.83000183105469,50.75,49.47999954223633,50.5,18562400
2020-07-06,49.70255661010742,50.91999816894531,51.43000030517578,50.47999954223633,50.75,16321000
2020-07-07,47.91630935668945,49.09000015258789,50.59000015258789,49.0099983215332,50.52000045776367,19797900
2020-07-08,48.521480560302734,49.709999084472656,49.75,48.959999084472656,49.560001373291016,15311900
2020-07-09,48.78503036499024,49.97999954223633,50.38999938964844,48.72999954223633,49.84999847412109,18510800
2020-07-10,49.48781967163086,50.70000076293945,50.709999084472656,49.400001525878906,50.0099983215332,18128700
2020-07-13,48.27745819091797,49.459999084472656,52.27999877929688,49.380001068115234,51.310001373291016,23296400
2020-07-14,48.521480560302734,49.709999084472656,49.790000915527344,47.95000076293945,49.08000183105469,17455200
2020-07-15,49.30236053466797,50.5099983215332,50.650001525878906,49.40999984741211,50.209999084472656,15911400
2020-07-16,48.90216064453125,50.09999847412109,50.290000915527344,49.22999954223633,49.81999969482422,14014000
2020-07-17,48.28722381591797,49.470001220703125,50.43000030517578,49.27999877929688,50.310001373291016,15003800
2020-07-20,49.985626220703125,51.209999084472656,51.31999969482422,49.540000915527344,49.65999984741211,17604200
2020-07-21,50.2882080078125,51.52000045776367,52.65999984741211,51.22999954223633,51.619998931884766,16650200
2020-07-22,50.41510009765625,51.650001525878906,51.77000045776367,51.02000045776367,51.58000183105469,11412600
2020-07-23,51.38143157958984,52.63999938964844,54.20000076293945,51.56999969482422,51.7400016784668,33399900
2020-07-24,48.824066162109375,50.02000045776367,51.27999877929688,49.650001525878906,51.27999877929688,25348000
2020-07-27,50.35654067993164,51.59000015258789,51.709999084472656,50.4900016784668,50.59999847412109,15991700
2020-07-28,48.89239883422852,50.09000015258789,51.27000045776367,50.040000915527344,51.2599983215332,15614400
2020-07-29,49.18522262573242,50.38999938964844,50.630001068115234,49.77999877929688,50.38999938964844,14714800
2020-07-30,49.52686309814453,50.7400016784668,50.75,49.11000061035156,49.7400016784668,17644300
2020-07-31,48.86311340332031,50.060001373291016,50.70000076293945,49.2599983215332,50.619998931884766,17433200
2020-08-03,49.18522262573242,50.38999938964844,50.619998931884766,50.02000045776367,50.38999938964844,15143500
2020-08-04,50.07346725463867,51.29999923706055,51.47999954223633,50.290000915527344,50.34999847412109,15753100
2020-08-05,49.82944107055664,51.04999923706055,51.27999877929688,50.630001068115234,51.09000015258789,13198600
2020-08-06,47.53564453125,48.70000076293945,50.02999877929688,48.31999969482422,50.0,32204700
2020-08-07,47.58444213867188,48.75,49.18000030517578,48.04999923706055,48.68999862670898,13637300
2020-08-10,47.97488021850586,49.150001525878906,49.66999816894531,48.27000045776367,48.84999847412109,15881500
2020-08-11,46.618106842041016,47.7599983215332,49.7400016784668,47.630001068115234,49.0099983215332,21532800
2020-08-12,47.32088851928711,48.47999954223633,48.72999954223633,47.65999984741211,48.380001068115234,17176600
2020-08-13,45.036842346191406,46.13999938964844,47.22999954223633,45.93000030517578,47.15999984741211,41051700
2020-08-14,44.509742736816406,45.59999847412109,46.08000183105469,45.29999923706055,45.59999847412109,18167300
2020-08-17,44.13883590698242,45.220001220703125,45.93999862670898,44.7400016784668,45.900001525878906,17303800
2020-08-18,43.33843612670898,44.400001525878906,45.15999984741211,44.04999923706055,45.060001373291016,20118100
2020-08-19,42.99681854248047,44.04999923706055,44.70000076293945,43.84999847412109,44.29999923706055,19455500
2020-08-20,41.962158203125,42.9900016784668,43.65999984741211,42.25,42.68000030517578,22445400
2020-08-21,41.640045166015625,42.65999984741211,43.060001373291016,42.400001525878906,42.84999847412109,15476700
2020-08-24,42.71373748779297,43.7599983215332,43.81999969482422,42.88999938964844,43.119998931884766,14972200
2020-08-25,44.02170181274414,45.09999847412109,45.540000915527344,44.59999847412109,44.880001068115234,21524900
2020-08-26,43.88505935668945,44.959999084472656,45.81999969482422,44.68999862670898,45.59999847412109,15328900
2020-08-27,43.55318069458008,44.619998931884766,44.83000183105469,43.66999816894531,44.54999923706055,13777000
2020-08-28,44.59760284423828,45.68999862670898,45.790000915527344,44.40999984741211,44.619998931884766,13459100
2020-08-31,44.4218978881836,45.5099983215332,45.81999969482422,45.13999938964844,45.34999847412109,13241800
2020-09-01,44.66591262817383,45.7599983215332,45.790000915527344,45.060001373291016,45.52999877929688,14079800
2020-09-02,46.686431884765625,47.83000183105469,48.18999862670898,46.27999877929688,46.43000030517578,24636200
2020-09-03,45.2223014831543,46.33000183105469,47.83000183105469,45.84999847412109,47.7599983215332,20632800
2020-09-04,45.36870574951172,46.47999954223633,46.95000076293945,44.88999938964844,46.18999862670898,20608500
2020-09-08,43.95337677001953,45.02999877929688,46.22999954223633,44.52999877929688,44.9900016784668,20893600
2020-09-09,44.07051086425781,45.150001525878906,45.880001068115234,44.45000076293945,45.880001068115234,17529100
2020-09-10,43.79720687866211,44.869998931884766,45.95000076293945,44.68999862670898,45.470001220703125,13744700
2020-09-11,44.98803329467773,46.09000015258789,46.47999954223633,44.959999084472656,45.22999954223633,18365500
2020-09-14,47.85774612426758,49.02999877929688,49.59000015258789,48.29999923706055,48.34999847412109,26715400
2020-09-15,47.87725830078125,49.04999923706055,49.65999984741211,48.70000076293945,49.369998931884766,14456000
2020-09-16,49.009521484375,50.209999084472656,51.220001220703125,48.959999084472656,49.11000061035156,23542200
2020-09-17,49.76112365722656,50.97999954223633,51.290000915527344,48.810001373291016,49.15999984741211,20556900
2020-09-18,49.52686309814453,50.7400016784668,52.16999816894531,49.970001220703125,51.5,25549000
2020-09-21,47.97488021850586,49.150001525878906,49.77999877929688,47.88999938964844,49.61000061035156,21257500
2020-09-22,48.51172637939453,49.70000076293945,49.77999877929688,48.77999877929688,49.27000045776367,10845300
2020-09-23,48.65814208984375,49.84999847412109,51.61000061035156,49.63999938964844,51.0099983215332,19160000
2020-09-24,48.28722381591797,49.470001220703125,50.36000061035156,49.09000015258789,49.52000045776367,13842300
2020-09-25,47.96511459350586,49.13999938964844,49.59999847412109,47.77999877929688,49.56999969482422,17773000
2020-09-28,48.531246185302734,49.720001220703125,49.77000045776367,48.130001068115234,49.63999938964844,18904000
2020-09-29,49.49756240844727,50.709999084472656,51.380001068115234,49.59000015258789,49.709999084472656,35676600
2020-09-30,45.83723449707031,46.959999084472656,49.27000045776367,46.83000183105469,48.95000076293945,55392600
2020-10-01,46.77427673339844,47.91999816894531,48.18000030517578,47.04999923706055,47.09999847412109,24460000
2020-10-02,45.43702697753906,46.54999923706055,47.52000045776367,46.5,46.86000061035156,20277500
2020-10-05,46.46194076538086,47.59999847412109,47.72999954223633,46.97999954223633,46.9900016784668,16933700
2020-10-06,46.18862915039063,47.31999969482422,48.83000183105469,47.220001220703125,47.54999923706055,17926200
2020-10-07,47.2525634765625,48.40999984741211,49.0,48.31999969482422,48.41999816894531,13889300
2020-10-08,48.70694351196289,49.900001525878906,50.0,48.220001220703125,48.9900016784668,14569700
2020-10-09,48.69717788696289,49.88999938964844,50.59999847412109,49.310001373291016,50.2400016784668,13933700
2020-10-12,49.46829605102539,50.68000030517578,50.84000015258789,50.08000183105469,50.58000183105469,13108800
2020-10-13,50.61031723022461,51.84999847412109,52.75,51.63999938964844,51.88999938964844,22179400
2020-10-14,50.39558029174805,51.630001068115234,52.25,51.34999847412109,52.0099983215332,15899400
2020-10-15,50.69816589355469,51.93999862670898,51.970001220703125,50.31999969482422,50.7599983215332,14000600
2020-10-16,50.376068115234375,51.61000061035156,52.54999923706055,51.58000183105469,52.150001525878906,14225400
2020-10-19,51.371673583984375,52.630001068115234,54.0,51.29999923706055,51.970001220703125,24176200
2020-10-20,52.25015640258789,53.52999877929688,54.20000076293945,52.75,53.13999938964844,17343400
2020-10-21,52.03541946411133,53.310001373291016,53.959999084472656,53.18000030517578,53.29999923706055,12922200
2020-10-22,53.07983016967773,54.380001068115234,54.84999847412109,53.08000183105469,53.290000915527344,14842600
2020-10-23,51.58640670776367,52.84999847412109,54.119998931884766,52.380001068115234,54.09000015258789,16175700
2020-10-26,50.89338302612305,52.13999938964844,52.88999938964844,51.400001525878906,52.400001525878906,11678900
2020-10-27,50.71769332885742,51.959999084472656,52.31999969482422,51.540000915527344,52.02999877929688,8964800
2020-10-28,48.80454254150391,50.0,50.84999847412109,49.56999969482422,50.75,15463700
2020-10-29,49.2730712890625,50.47999954223633,50.90999984741211,49.380001068115234,49.709999084472656,12420700
2020-10-30,49.13642120361328,50.34000015258789,50.43000030517578,49.29999923706055,50.0099983215332,15955700
2020-11-02,48.521480560302734,49.709999084472656,50.790000915527344,49.43999862670898,50.790000915527344,13103200
2020-11-03,49.85873031616211,51.08000183105469,51.59000015258789,50.0099983215332,50.130001068115234,11429500
2020-11-04,50.71769332885742,51.959999084472656,52.5,50.93000030517578,51.72999954223633,13554400
2020-11-05,53.27505111694336,54.58000183105469,54.77999877929688,52.77999877929688,52.880001068115234,16373600
2020-11-06,53.841190338134766,55.15999984741211,55.40999984741211,54.33000183105469,54.459999084472656,13922600
2020-11-09,54.62205505371094,55.959999084472656,57.83000183105469,55.869998931884766,56.470001220703125,20968500
2020-11-10,54.085205078125,55.40999984741211,55.93999862670898,54.36000061035156,55.130001068115234,14502100
2020-11-11,55.01249313354492,56.36000061035156,56.93999862670898,55.84999847412109,55.970001220703125,14765500
2020-11-12,54.90511703491211,56.25,56.970001220703125,55.88999938964844,56.59999847412109,13785600
2020-11-13,56.544952392578125,57.93000030517578,58.18999862670898,56.75,56.790000915527344,14318800
2020-11-16,60.380985260009766,61.86000061035156,61.90999984741211,59.61000061035156,59.720001220703125,31397200
2020-11-17,60.50788116455078,61.9900016784668,62.20000076293945,60.29999923706055,61.0,17703600
2020-11-18,59.28777694702149,60.7400016784668,62.040000915527344,60.630001068115234,61.5,18734500
2020-11-19,60.35171508789063,61.83000183105469,61.970001220703125,59.650001525878906,60.040000915527344,12723600
2020-11-20,59.93198776245117,61.400001525878906,62.63999938964844,61.34999847412109,61.47999954223633,14115700
2020-11-23,62.64552307128906,64.18000030517578,64.5,62.29999923706055,62.61000061035156,20612600
2020-11-24,62.42102813720703,63.95000076293945,64.29000091552734,62.88999938964844,64.29000091552734,22625600
2020-11-25,61.913455963134766,63.43000030517578,64.0,62.61000061035156,63.65999984741211,12468500
2020-11-27,62.6943359375,64.2300033569336,64.80000305175781,63.5099983215332,63.83000183105469,7500200
2020-11-30,62.55767059326172,64.08999633789062,65.25,63.58000183105469,64.55999755859375,20373500
2020-12-01,65.47618103027344,67.08000183105469,68.62999725341797,65.13999938964844,65.25,36160400
2020-12-02,67.4576644897461,69.11000061035156,69.38999938964844,66.76000213623047,67.61000061035156,23298900
2020-12-03,68.22877502441406,69.9000015258789,71.12000274658203,69.55000305175781,70.56999969482422,20462300
2020-12-04,71.58650207519531,73.33999633789062,74.37999725341797,70.54000091552734,71.11000061035156,31860800
2020-12-07,70.87397003173828,72.61000061035156,73.4000015258789,71.4800033569336,73.29000091552734,17460600
2020-12-08,71.44010925292969,73.19000244140625,73.55000305175781,71.9800033569336,72.0,15431100
2020-12-09,69.7026596069336,71.41000366210938,74.61000061035156,70.77999877929688,73.1500015258789,18367300
2020-12-10,69.57575225830078,71.27999877929688,71.94999694824219,69.66999816894531,70.13999938964844,15610600
2020-12-11,68.84370422363281,70.52999877929688,71.31999969482422,69.4000015258789,70.37999725341797,15322000
2020-12-14,69.82953643798828,71.54000091552734,72.19999694824219,71.02999877929688,71.4000015258789,13573700
2020-12-15,71.40106201171875,73.1500015258789,73.37000274658203,72.33000183105469,72.80999755859375,11538300
2020-12-16,71.24488067626953,72.98999786376953,74.3499984741211,72.62999725341797,74.19000244140625,13889300
2020-12-17,70.5323257446289,72.26000213623047,73.73999786376953,71.76000213623047,73.58999633789062,11988100
2020-12-18,69.75145721435547,71.45999908447266,73.44999694824219,71.05999755859375,72.69999694824219,23912500
2020-12-21,69.76123046875,71.47000122070312,71.69999694824219,69.6500015258789,70.0,13180400
2020-12-22,68.75585174560547,70.44000244140625,71.77999877929688,69.76000213623047,71.51000213623047,11154200
2020-12-23,68.27757263183594,69.94999694824219,71.05999755859375,69.88999938964844,70.47000122070312,8524000
2020-12-24,68.89252471923828,70.58000183105469,70.63999938964844,69.76000213623047,70.30999755859375,4848500
2020-12-28,68.97059631347656,70.66000366210938,72.11000061035156,70.47000122070312,71.79000091552734,8345200
2020-12-29,68.53136444091797,70.20999908447266,71.4000015258789,69.13999938964844,71.0,9403400
2020-12-30,70.20047760009766,71.91999816894531,72.6500015258789,70.37000274658203,70.41999816894531,11620300
2020-12-31,73.38252258300781,75.18000030517578,75.68000030517578,72.37000274658203,72.38999938964844,23214500
2021-01-04,72.279541015625,74.05000305175781,78.61000061035156,73.75,76.4800033569336,31155900
2021-01-05,75.41277313232422,77.26000213623047,78.69000244140625,76.02999877929688,76.44000244140625,33418200
2021-01-06,75.2663803100586,77.11000061035156,78.44999694824219,76.0999984741211,76.36000061035156,22390900
2021-01-07,77.21857452392578,79.11000061035156,80.08000183105469,78.05000305175781,78.05999755859375,27945300
2021-01-08,75.56896209716797,77.41999816894531,84.16000366210938,77.06999969482422,82.54000091552734,51272100
2021-01-11,76.78907012939453,78.66999816894531,79.79000091552734,76.41999816894531,76.58999633789062,19920800
2021-01-12,77.5602035522461,79.45999908447266,79.62000274658203,77.81999969482422,79.19000244140625,18231000
2021-01-13,77.99943542480469,79.91000366210938,80.38999938964844,78.55000305175781,78.94999694824219,15067700
2021-01-14,79.356201171875,81.30000305175781,82.20999908447266,79.55000305175781,80.01000213623047,17639300
2021-01-15,78.79006958007812,80.72000122070312,81.87999725341797,79.52999877929688,80.91999816894531,14322600
2021-01-19,83.4557876586914,85.5,85.68000030517578,80.95999908447266,81.27999877929688,26602500
2021-01-20,81.50360107421875,83.5,87.25,83.2300033569336,85.93000030517578,21191700
2021-01-21,82.97749328613281,85.01000213623047,85.0999984741211,82.51000213623047,84.0,14696200
2021-01-22,80.31275177001953,82.27999877929688,84.94999694824219,82.2300033569336,84.08000183105469,14229500
2021-01-25,79.33668518066406,81.27999877929688,83.5,78.88999938964844,83.19000244140625,19283400
2021-01-26,77.60900115966797,79.51000213623047,81.9800033569336,79.01000213623047,81.79000091552734,13678000
2021-01-27,73.29468536376953,75.08999633789062,77.58999633789062,74.33000183105469,77.33000183105469,23513400
2021-01-28,76.51577758789062,78.38999938964844,80.18000030517578,76.72000122070312,77.19999694824219,18351400
2021-01-29,76.39863586425781,78.2699966430664,79.37000274658203,76.94999694824219,78.36000061035156,17934400
2021-02-01,78.50700378417969,80.43000030517578,81.08999633789062,78.4800033569336,79.58999633789062,14900200
2021-02-02,79.66854095458984,81.62000274658203,81.73999786376953,79.91999816894531,81.26000213623047,11386200
2021-02-03,77.21857452392578,79.11000061035156,82.52999877929688,78.97000122070312,81.8499984741211,17456000
2021-02-04,79.3073959350586,81.25,81.33999633789062,78.95999908447266,79.1500015258789,11519700
2021-02-05,79.1609878540039,81.0999984741211,82.0199966430664,80.72000122070312,81.7699966430664,10958000
2021-02-08,82.00141906738281,84.01000213623047,84.05999755859375,81.63999938964844,81.75,12394800
2021-02-09,81.3279037475586,83.31999969482422,84.0,82.4000015258789,83.3499984741211,10362500
2021-02-10,80.381103515625,82.3499984741211,84.44000244140625,81.30000305175781,84.0,9869200
2021-02-11,84.41236114501953,86.4800033569336,86.63999938964844,84.0,84.4000015258789,18750400
2021-02-12,85.90576934814453,88.01000213623047,88.31999969482422,85.45999908447266,86.11000061035156,14273900
2021-02-16,85.64222717285156,87.73999786376953,89.22000122070312,87.05000305175781,89.22000122070312,10312800
2021-02-17,83.99263763427734,86.05000305175781,87.31999969482422,84.9000015258789,86.69000244140625,10033500
2021-02-18,86.42311096191406,88.54000091552734,88.7300033569336,85.95999908447266,86.5199966430664,19168100
2021-02-19,88.78523254394531,90.95999908447266,91.48999786376952,88.80999755859375,90.25,21886500
2021-02-22,84.2171401977539,86.27999877929688,90.5199966430664,85.91999816894531,89.52999877929688,16077000
2021-02-23,86.12052154541016,88.2300033569336,89.19999694824219,82.44000244140625,85.23999786376953,23203200
2021-02-24,90.30793762207033,92.5199966430664,92.5999984741211,87.7300033569336,88.30000305175781,21281700
2021-02-25,86.01314544677734,88.12000274658203,93.0999984741211,87.58000183105469,91.5199966430664,22546200
2021-02-26,89.34162139892578,91.52999877929688,92.94000244140624,88.2300033569336,89.73999786376953,22787600
2021-03-01,92.49440002441406,94.76000213623048,95.75,92.56999969482422,94.54000091552734,19908900
2021-03-02,88.9121322631836,91.08999633789062,94.9000015258789,90.9000015258789,93.56999969482422,18679600
2021-03-03,86.97948455810547,89.11000061035156,93.33000183105467,88.38999938964844,90.56999969482422,26424100
2021-03-04,82.31375885009766,84.33000183105469,89.75,81.8499984741211,88.80999755859375,31971100
2021-03-05,86.80375671386719,88.93000030517578,89.31999969482422,83.30000305175781,87.52999877929688,30329100
2021-03-08,83.01651763916016,85.05000305175781,89.72000122070312,84.87000274658203,88.56999969482422,22708300
2021-03-09,87.16490936279297,89.30000305175781,90.18000030517578,86.30000305175781,88.0,22301400
2021-03-10,83.36792755126953,85.41000366210938,90.01000213623047,85.30999755859375,90.01000213623047,23407800
2021-03-11,87.17469024658203,89.30999755859375,90.22000122070312,86.8499984741211,87.58999633789062,20716500
2021-03-12,85.67149353027344,87.7699966430664,88.52999877929688,86.43000030517578,87.56999969482422,21916400
2021-03-15,86.72569274902344,88.8499984741211,88.91000366210938,86.13999938964844,87.7699966430664,16144400
2021-03-16,89.2439956665039,91.43000030517578,94.68000030517578,90.11000061035156,90.75,28539000
2021-03-17,92.49440002441406,94.76000213623048,95.48999786376952,90.0999984741211,91.33000183105467,24616700
2021-03-18,87.67249298095703,89.81999969482422,93.4800033569336,89.41000366210938,92.97000122070312,27081000
2021-03-19,88.34601593017578,90.51000213623048,92.68000030517578,88.88999938964844,90.36000061035156,24963400
2021-03-22,89.09757232666016,91.27999877929688,92.41999816894533,89.6500015258789,91.83000183105467,19365800
2021-03-23,83.35816955566406,85.4000015258789,91.2699966430664,84.97000122070312,91.0199966430664,32043800
2021-03-24,81.01554870605469,83.0,87.1500015258789,82.91999816894531,87.05999755859375,24232800
2021-03-25,82.07949829101562,84.08999633789062,84.43000030517578,80.48999786376953,81.13999938964844,23630200
2021-03-26,85.88623809814453,87.98999786376953,88.13999938964844,84.02999877929688,84.16000366210938,23949100
2021-03-29,84.51972961425781,86.58999633789062,88.25,85.7699966430664,87.76000213623047,21772800
2021-03-30,84.4709243774414,86.54000091552734,87.22000122070312,85.25,86.26000213623047,13897000
2021-03-31,86.10099029541016,88.20999908447266,89.08000183105469,86.70999908447266,87.44000244140625,25372300
2021-04-01,90.20059204101562,92.41000366210938,94.37999725341795,91.25,93.0,39700600
2021-04-05,91.508544921875,93.75,94.66999816894533,92.47000122070312,93.93000030517578,19795100
2021-04-06,91.25475311279295,93.48999786376952,96.0999984741211,92.66000366210938,93.83999633789062,22847000
2021-04-07,91.71351623535156,93.95999908447266,95.06999969482422,92.54000091552734,94.25,17621500
2021-04-08,93.01171112060548,95.29000091552734,96.38999938964844,93.77999877929688,95.0,17815600
2021-04-09,93.02147674560548,95.3000030517578,95.37999725341795,93.30999755859376,94.33999633789062,14080200
2021-04-12,93.30453491210938,95.58999633789062,96.95999908447266,94.75,95.19000244140624,18818300
2021-04-13,89.94678497314453,92.1500015258789,96.81999969482422,91.4000015258789,96.29000091552734,27102100
2021-04-14,88.50218200683594,90.66999816894533,92.52999877929688,89.51000213623047,91.66000366210938,19117400
2021-04-15,88.11173248291016,90.2699966430664,91.95999908447266,89.44999694824219,91.75,16017000
2021-04-16,88.4924087524414,90.66000366210938,91.33000183105467,90.08000183105467,90.44000244140624,12358700
2021-04-19,86.29621124267578,88.41000366210938,90.68000030517578,86.5199966430664,90.66999816894533,21361600
2021-04-20,85.38843536376953,87.4800033569336,88.94999694824219,86.52999877929688,88.37999725341797,17396900
2021-04-21,87.35037994384766,89.48999786376953,89.55999755859375,86.33000183105469,87.05999755859375,14781300
2021-04-22,82.68466186523438,84.70999908447266,88.36000061035156,83.9000015258789,88.19999694824219,34044100
2021-04-23,83.97311401367188,86.02999877929688,86.45999908447266,84.56999969482422,85.23999786376953,18118600
2021-04-26,85.73983001708984,87.83999633789062,88.30000305175781,86.11000061035156,86.47000122070312,14757700
2021-04-27,87.32111358642578,89.45999908447266,90.19000244140624,88.02999877929688,89.33000183105469,17681000
2021-04-28,83.97311401367188,86.02999877929688,87.76000213623047,85.3499984741211,87.66000366210938,19433500
2021-04-29,85.95458221435547,88.05999755859375,88.08999633789062,85.55000305175781,87.72000122070312,16463300
2021-04-30,84.01216125488281,86.06999969482422,88.4800033569336,85.55999755859375,86.93000030517578,14548100
2021-05-03,82.98726654052734,85.0199966430664,87.01000213623047,83.87000274658203,86.97000122070312,16300400
2021-05-04,82.391845703125,84.41000366210938,85.44000244140625,82.02999877929688,84.13999938964844,17850500
2021-05-05,83.11415100097656,85.1500015258789,85.94999694824219,84.02999877929688,85.48999786376953,13172100
2021-05-06,82.77252960205078,84.80000305175781,85.12000274658203,83.27999877929688,84.87000274658203,13716900
2021-05-07,83.92431640625,85.9800033569336,86.31999969482422,84.98999786376953,85.91000366210938,12746100
2021-05-10,78.91696166992188,80.8499984741211,85.0,80.80000305175781,84.94999694824219,24862900
2021-05-11,78.75103759765625,80.68000030517578,80.76000213623047,76.81999969482422,77.2699966430664,23227800
2021-05-12,74.96379852294922,76.80000305175781,79.97000122070312,76.41000366210938,79.13999938964844,23472600
2021-05-13,75.34446716308594,77.19000244140625,78.86000061035156,76.52999877929688,77.97000122070312,20153800
2021-05-14,77.79444885253906,79.69999694824219,80.1500015258789,77.08000183105469,78.79000091552734,18241100
2021-05-17,78.46794891357422,80.38999938964844,80.41999816894531,77.72000122070312,79.0999984741211,15011500
2021-05-18,76.99404907226562,78.87999725341797,80.91999816894531,78.80000305175781,80.55000305175781,20893800
2021-05-19,78.0189437866211,79.93000030517578,80.2699966430664,76.16000366210938,77.20999908447266,27300000
2021-05-20,79.19026184082031,81.12999725341797,81.48999786376953,79.5199966430664,80.5,17123000
2021-05-21,78.79006958007812,80.72000122070312,81.98999786376953,80.37000274658203,81.7699966430664,13076900
2021-05-24,80.9179458618164,82.9000015258789,83.62000274658203,81.36000061035156,81.41999816894531,15730400
2021-05-25,79.28787994384766,81.2300033569336,83.70999908447266,79.70999908447266,83.56999969482422,26272100
2021-05-26,80.27372741699219,82.23999786376953,82.44000244140625,81.0199966430664,81.58000183105469,12609800
2021-05-27,81.9233169555664,83.93000030517578,84.75,82.33000183105469,82.45999908447266,22286500
2021-05-28,82.12828826904297,84.13999938964844,84.7300033569336,83.22000122070312,84.22000122070312,11330300
2021-06-01,82.13805389404297,84.1500015258789,85.76000213623047,83.62000274658203,84.91999816894531,11067200
2021-06-02,82.3235092163086,84.33999633789062,84.81999969482422,83.44999694824219,84.38999938964844,10314200
2021-06-03,80.06874084472656,82.02999877929688,84.06999969482422,81.88999938964844,83.68000030517578,14742100
2021-06-04,81.75738525390625,83.76000213623047,84.37000274658203,82.8499984741211,82.97000122070312,12591100
2021-06-07,82.03069305419922,84.04000091552734,84.2300033569336,82.6500015258789,83.19000244140625,9006400
2021-06-08,78.60462188720703,80.52999877929688,84.9800033569336,80.01000213623047,84.97000122070312,29666500
2021-06-09,76.77932739257812,78.66000366210938,80.55999755859375,78.5199966430664,80.16999816894531,21434900
2021-06-10,77.38450622558594,79.27999877929688,80.83999633789062,78.52999877929688,79.4000015258789,22683300
2021-06-11,77.44304656982422,79.33999633789062,80.76000213623047,79.20999908447266,80.06999969482422,12675700
2021-06-14,78.56554412841797,80.48999786376953,80.94000244140625,79.37000274658203,79.5,14303000
2021-06-15,80.21516418457031,82.18000030517578,82.91000366210938,79.91999816894531,80.63999938964844,22308600
2021-06-16,78.56554412841797,80.48999786376953,83.11000061035156,80.12000274658203,82.7300033569336,18116400
2021-06-17,78.71199798583984,80.63999938964844,81.44000244140625,79.36000061035156,79.69999694824219,16003900
2021-06-18,75.11019134521484,76.94999694824219,79.27999877929688,76.12999725341797,78.9000015258789,39881500
2021-06-21,75.22734832763672,77.06999969482422,77.29000091552734,75.70999908447266,76.8499984741211,19810100
2021-06-22,75.80323791503906,77.66000366210938,78.27999877929688,77.05000305175781,77.61000061035156,16771800
2021-06-23,77.13070678710938,79.0199966430664,79.87000274658203,78.06999969482422,78.0999984741211,16662200
2021-06-24,78.65340423583984,80.58000183105469,80.9000015258789,79.91999816894531,80.43000030517578,15721000
2021-06-25,80.06874084472656,82.02999877929688,82.83999633789062,81.08999633789062,81.56999969482422,19603800
2021-06-28,81.38646697998047,83.37999725341797,83.5999984741211,82.16000366210938,82.62999725341797,18365500
2021-06-29,80.94721984863281,82.93000030517578,83.83999633789062,81.87000274658203,83.54000091552734,18530800
2021-06-30,82.9482192993164,84.9800033569336,85.4000015258789,83.43000030517578,84.8499984741211,40670800
2021-07-01,78.19465637207031,80.11000061035156,82.25,79.91000366210938,82.23999786376953,53299000
2021-07-02,78.4094009399414,80.33000183105469,80.88999938964844,78.88999938964844,80.61000061035156,22685500
2021-07-06,79.14144897460938,81.08000183105469,81.54000091552734,79.76000213623047,80.79000091552734,21126500
2021-07-07,76.34983825683594,78.22000122070312,81.80999755859375,77.94999694824219,81.69000244140625,23026900
2021-07-08,75.2663803100586,77.11000061035156,77.87999725341797,75.95999908447266,76.25,23114500
2021-07-09,76.85740661621094,78.73999786376953,78.94999694824219,76.7300033569336,77.41000366210938,15441100
2021-07-12,77.65779876708984,79.55999755859375,79.7300033569336,77.70999908447266,78.75,12639300
2021-07-13,76.5743408203125,78.44999694824219,79.5,78.0999984741211,79.27999877929688,14263400
2021-07-14,76.61337280273438,78.48999786376953,80.76000213623047,78.31999969482422,79.3499984741211,15952300
2021-07-15,75.0809326171875,76.91999816894531,78.45999908447266,76.33999633789062,78.33999633789062,16616800
2021-07-16,73.21658325195312,75.01000213623047,77.61000061035156,74.83999633789062,77.16000366210938,19132100
2021-07-19,72.79686737060547,74.58000183105469,74.68000030517578,73.19999694824219,73.83999633789062,23436900
2021-07-20,73.58750915527344,75.38999938964844,75.91999816894531,73.7699966430664,74.66000366210938,14855800
2021-07-21,75.34446716308594,77.19000244140625,77.23999786376953,75.33999633789062,75.3499984741211,15945800
2021-07-22,73.72416687011719,75.52999877929688,76.25,74.45999908447266,76.2300033569336,19042200
2021-07-23,74.12435913085938,75.94000244140625,76.04000091552734,74.9000015258789,75.93000030517578,12345200
2021-07-26,74.47574615478516,76.30000305175781,77.4800033569336,75.51000213623047,75.80999755859375,12023900
2021-07-27,72.44548797607422,74.22000122070312,74.79000091552734,72.51000213623047,74.79000091552734,23940500
2021-07-28,73.74369049072266,75.55000305175781,76.01000213623047,74.37999725341797,74.55000305175781,14348300
2021-07-29,75.23709869384766,77.08000183105469,77.12000274658203,75.94999694824219,76.08000183105469,14529400
2021-07-30,75.72514343261719,77.58000183105469,78.11000061035156,76.05999755859375,76.12999725341797,12528900
2021-08-02,75.78370666503906,77.63999938964844,79.48999786376953,77.47000122070312,79.04000091552734,14904200
2021-08-03,78.92672729492188,80.86000061035156,81.06999969482422,77.94000244140625,78.87000274658203,25807600
2021-08-04,80.01994323730469,81.9800033569336,83.08999633789062,79.54000091552734,80.44999694824219,29176900
2021-08-05,79.54165649414062,81.48999786376953,83.06999969482422,81.16000366210938,82.13999938964844,14821000
2021-08-06,80.03945922851562,82.0,82.87999725341797,81.05000305175781,81.19999694824219,14612600
2021-08-09,78.29225158691406,80.20999908447266,82.04000091552734,80.08000183105469,81.7300033569336,13363300
2021-08-10,74.0950927734375,75.91000366210938,79.81999969482422,75.7699966430664,79.81999969482422,40705000
2021-08-11,73.23612213134766,75.02999877929688,76.05000305175781,73.72000122070312,76.04000091552734,31624900
2021-08-12,68.57038879394531,70.25,72.19999694824219,68.80999755859375,72.18000030517578,72492400
2021-08-13,69.22437286376953,70.91999816894531,71.23999786376953,69.87999725341797,70.05000305175781,25301400
2021-08-16,69.23414611816406,70.93000030517578,71.76000213623047,69.91999816894531,70.19999694824219,18135900
2021-08-17,69.08770751953125,70.77999877929688,71.44999694824219,69.61000061035156,70.16999816894531,17545800
2021-08-18,68.9315414428711,70.62000274658203,71.87999725341797,70.58000183105469,71.25,14004300
2021-08-19,68.59968566894531,70.27999877929688,70.81999969482422,69.04000091552734,70.13999938964844,18022600
2021-08-20,68.55087280273438,70.2300033569336,71.02999877929688,69.58000183105469,70.13999938964844,14603100
2021-08-23,70.02477264404297,71.73999786376953,71.87999725341797,68.9000015258789,70.83999633789062,22265000
2021-08-24,70.25904846191406,71.9800033569336,72.69000244140625,71.69000244140625,72.13999938964844,18092700
2021-08-25,72.26978302001953,74.04000091552734,77.02999877929688,72.18000030517578,72.79000091552734,36552100
2021-08-26,71.03013610839844,72.7699966430664,73.23999786376953,71.69999694824219,73.2300033569336,20315100
2021-08-27,72.23072814941406,74.0,74.1500015258789,72.1500015258789,72.45999908447266,14994200
2021-08-30,71.41081237792969,73.16000366210938,74.75,72.83000183105469,74.12000274658203,12810700
2021-08-31,71.93790435791016,73.69999694824219,74.62000274658203,73.31999969482422,73.68000030517578,14807400
2021-09-01,71.95742797851562,73.72000122070312,74.31999969482422,73.0199966430664,74.31999969482422,14007100
2021-09-02,72.22098541259766,73.98999786376953,74.01000213623047,72.30999755859375,73.20999908447266,14803300
2021-09-03,72.0452651977539,73.80999755859375,74.72000122070312,73.5999984741211,74.0,9222500
2021-09-07,71.87936401367188,73.63999938964844,74.48999786376953,73.16000366210938,73.76000213623047,12028400
2021-09-08,70.5420913696289,72.2699966430664,73.23999786376953,71.11000061035156,73.19999694824219,17375500
2021-09-09,71.12775421142578,72.87000274658203,73.2699966430664,71.41999816894531,71.62999725341797,14638100
2021-09-10,71.74269104003906,73.5,75.62999725341797,73.45999908447266,73.7699966430664,18240600
2021-09-13,72.57234191894531,74.3499984741211,75.22000122070312,73.5199966430664,74.55999755859375,15796700
2021-09-14,71.73292541503906,73.48999786376953,74.12000274658203,72.91000366210938,73.79000091552734,13945100
2021-09-15,72.05503845214844,73.81999969482422,73.93000030517578,71.76000213623047,72.94999694824219,15258800
2021-09-16,72.84565734863281,74.62999725341797,74.95999908447266,72.77999877929688,73.30000305175781,12867700
2021-09-17,72.52356719970703,74.30000305175781,74.5,73.31999969482422,74.41000366210938,20449600
2021-09-20,70.63972473144531,72.37000274658203,72.76000213623047,71.19000244140625,72.5999984741211,23228300
2021-09-21,70.41520690917969,72.13999938964844,73.12999725341797,71.66000366210938,72.91999816894531,16026800
2021-09-22,72.20145416259766,73.97000122070312,74.58000183105469,72.63999938964844,73.04000091552734,16996100
2021-09-23,72.26978302001953,74.04000091552734,74.79000091552734,73.25,73.61000061035156,17304500
2021-09-24,72.279541015625,74.05000305175781,74.5,73.06999969482422,73.30000305175781,14804300
2021-09-27,73.38252258300781,75.18000030517578,75.87999725341797,73.51000213623047,73.6500015258789,18435200
2021-09-28,71.35224151611328,73.0999984741211,74.98999786376953,73.05999755859375,74.5,27311500
2021-09-29,69.92716217041016,71.63999938964844,73.31999969482422,70.22000122070312,71.16000366210938,38169200
2021-09-30,69.3797836303711,70.9800033569336,72.5999984741211,70.86000061035156,72.19999694824219,16923300
2021-10-01,69.38957214355469,70.98999786376953,71.56999969482422,70.0999984741211,71.33999633789062,17813800
2021-10-04,69.02789306640625,70.62000274658203,71.56999969482422,70.36000061035156,70.5999984741211,19525700
2021-10-05,68.91060638427734,70.5,71.20999908447266,69.61000061035156,71.20999908447266,14512100
2021-10-06,68.36323547363281,69.94000244140625,70.37999725341797,69.02999877929688,69.80000305175781,17899300
2021-10-07,68.94971466064453,70.54000091552734,71.66999816894531,70.12000274658203,70.4000015258789,15236100
2021-10-08,68.53917694091797,70.12000274658203,70.94000244140625,69.69999694824219,70.93000030517578,13666200
2021-10-11,67.65945434570312,69.22000122070312,70.36000061035156,69.18000030517578,69.9000015258789,12700200
2021-10-12,65.21583557128906,66.72000122070312,69.43000030517578,65.66999816894531,69.38999938964844,36911700
2021-10-13,64.88348388671875,66.37999725341797,67.41999816894531,66.2300033569336,66.73999786376953,17532400
2021-10-14,66.27149963378906,67.80000305175781,68.08000183105469,66.80999755859375,67.27999877929688,15541600
2021-10-15,66.15419006347656,67.68000030517578,68.45999908447266,67.4800033569336,68.08999633789062,11786100
2021-10-18,65.7436752319336,67.26000213623047,67.62999725341797,66.29000091552734,67.01000213623047,11849300
2021-10-19,66.04666137695312,67.56999969482422,67.88999938964844,66.63999938964844,67.37000274658203,16930300
2021-10-20,66.73088073730469,68.2699966430664,69.19999694824219,67.01000213623047,67.19999694824219,19457800
2021-10-21,67.09255981445312,68.63999938964844,68.69999694824219,67.66999816894531,67.94999694824219,11140700
2021-10-22,65.98802185058594,67.51000213623047,69.08999633789062,67.08000183105469,68.51000213623047,17892100
2021-10-25,67.20984649658203,68.76000213623047,71.12000274658203,68.54000091552734,69.62000274658203,23341300
2021-10-26,67.38578796386719,68.94000244140625,69.81999969482422,68.47000122070312,69.37000274658203,14267900
2021-10-27,66.7015380859375,68.23999786376953,68.69000244140625,67.44999694824219,68.5199966430664,13541900
2021-10-28,68.0113525390625,69.58000183105469,70.3499984741211,69.18000030517578,69.29000091552734,16966000
2021-10-29,67.54215240478516,69.0999984741211,69.55000305175781,68.04000091552734,68.38999938964844,11440900
2021-11-01,69.10609436035156,70.69999694824219,70.97000122070312,68.94000244140625,68.97000122070312,11988400
2021-11-02,69.16474151611328,70.76000213623047,70.8499984741211,70.04000091552734,70.48999786376953,9761100
2021-11-03,69.6436996459961,71.25,71.33000183105469,70.26000213623047,70.72000122070312,10266900
2021-11-04,70.61138153076172,72.23999786376953,72.4800033569336,71.04000091552734,72.37000274658203,15936600
2021-11-05,71.27603912353516,72.91999816894531,73.73999786376953,72.36000061035156,73.0,13019300
2021-11-08,72.87905883789062,74.55999755859375,75.02999877929688,73.12000274658203,73.31999969482422,18742300
2021-11-09,73.88585662841797,75.58999633789062,76.2699966430664,74.55999755859375,75.0999984741211,20127300
2021-11-10,71.75501251220703,73.41000366210938,75.1500015258789,73.19999694824219,74.16000366210938,15228300
2021-11-11,72.86930847167969,74.55000305175781,74.95999908447266,73.62000274658203,74.0199966430664,12192600
2021-11-12,75.55729675292969,77.30000305175781,78.0199966430664,74.94999694824219,75.0199966430664,26553200
2021-11-15,75.04901885986328,76.77999877929688,78.27999877929688,76.5999984741211,77.76000213623047,12650700
2021-11-16,75.07836151123047,76.80999755859375,77.1500015258789,75.77999877929688,76.55999755859375,11807600
2021-11-17,73.7587890625,75.45999908447266,76.56999969482422,75.19000244140625,76.4800033569336,11600500
2021-11-18,75.28360748291016,77.0199966430664,77.5,75.75,76.9000015258789,16848200
2021-11-19,81.15812683105469,83.02999877929688,83.86000061035156,78.93000030517578,78.93000030517578,47216100
2021-11-22,81.96940612792969,83.86000061035156,87.66999816894531,83.66000366210938,83.66000366210938,34775200
2021-11-23,83.48445892333984,85.41000366210938,87.70999908447266,84.33000183105469,85.04000091552734,31823300
2021-11-24,84.26641845703125,86.20999908447266,87.16000366210938,84.61000061035156,84.75,21666100
2021-11-26,81.5393295288086,83.41999816894531,84.05000305175781,81.9800033569336,83.12999725341797,16487200
2021-11-29,84.19800567626953,86.13999938964844,86.2699966430664,84.16000366210938,84.37999725341797,18889800
2021-11-30,82.10626220703125,84.0,86.91999816894531,83.94999694824219,85.58000183105469,27301000
2021-12-01,83.23033142089844,85.1500015258789,89.05000305175781,85.0,86.55000305175781,31633400
2021-12-02,81.0114974975586,82.87999725341797,83.58999633789062,81.3499984741211,82.62999725341797,22994500
2021-12-03,79.7799072265625,81.62000274658203,84.43000030517578,80.63999938964844,83.70999908447266,19167200
2021-12-06,80.59119415283203,82.44999694824219,83.2300033569336,80.52999877929688,81.83000183105469,15094900
2021-12-07,83.89501190185547,85.83000183105469,87.04000091552734,84.33000183105469,84.41999816894531,21716900
2021-12-08,84.08071899414062,86.0199966430664,86.33999633789062,84.02999877929688,85.44000244140625,12908500
2021-12-09,83.01529693603516,84.93000030517578,86.54000091552734,84.62999725341797,85.30000305175781,11964300
2021-12-10,83.61153411865234,85.54000091552734,85.68000030517578,84.12999725341797,84.33999633789062,11955900
2021-12-13,82.4483642578125,84.3499984741211,87.37999725341797,84.19999694824219,86.61000061035156,13054400
2021-12-14,81.41226196289062,83.29000091552734,84.7699966430664,82.91000366210938,83.22000122070312,12082500
2021-12-15,83.72884368896484,85.66000366210938,85.79000091552734,82.05999755859375,83.4800033569336,13971500
2021-12-16,80.8257827758789,82.69000244140625,86.31999969482422,82.12999725341797,85.87999725341797,16503200
2021-12-17,81.12879180908203,83.0,83.29000091552734,80.94000244140625,81.62000274658203,23165900
2021-12-20,80.1806640625,82.02999877929688,83.25,80.91000366210938,82.13999938964844,22346800
2021-12-21,88.63566589355469,90.68000030517578,91.13999938964844,87.3499984741211,88.98999786376953,58363600
2021-12-22,88.3033218383789,90.33999633789062,90.4800033569336,88.91999816894531,90.0,18593900
2021-12-23,92.29133605957033,94.41999816894533,95.0,90.3499984741211,90.6999969482422,36400100
2021-12-27,92.30110931396484,94.43000030517578,94.93000030517578,92.7300033569336,93.72000122070312,17110100
2021-12-28,90.84471130371094,92.94000244140624,93.88999938964844,92.05999755859376,93.75,13683800
2021-12-29,94.00188446044922,96.16999816894533,96.75,93.91000366210938,94.0,32234600
2021-12-30,91.7732925415039,93.88999938964844,95.51000213623048,93.43000030517578,94.4000015258789,19327800
2021-12-31,91.14705657958984,93.1500015258789,94.41999816894533,93.02999877929688,94.0,13660600
2022-01-03,93.6911392211914,95.75,95.83999633789062,93.4800033569336,93.91000366210938,18705500
2022-01-04,94.26844787597656,96.33999633789062,96.58999633789062,93.54000091552734,95.5999984741211,19725000
2022-01-05,92.37017059326172,94.4000015258789,98.4499969482422,94.3499984741211,95.37999725341795,28613100
2022-01-06,93.5933074951172,95.6500015258789,96.70999908447266,94.12000274658205,95.0999984741211,22320300
2022-01-07,92.41908264160156,94.4499969482422,97.19000244140624,93.94000244140624,96.08999633789062,14857900
2022-01-10,91.87113189697266,93.88999938964844,95.66999816894533,91.04000091552734,94.26000213623048,20290000
2022-01-11,92.17446899414062,94.1999969482422,94.2699966430664,91.6500015258789,92.45999908447266,14924900
2022-01-12,93.0649185180664,95.11000061035156,96.2300033569336,93.77999877929688,95.16000366210938,13339200
2022-01-13,93.56395721435548,95.62000274658205,98.11000061035156,95.3000030517578,96.5,23679800
2022-01-14,95.26653289794922,97.36000061035156,97.43000030517578,94.4000015258789,94.44000244140624,18385000
2022-01-18,90.87306213378906,92.87000274658205,95.9499969482422,92.54000091552734,95.52999877929688,19900500
2022-01-19,88.06478118896484,90.0,94.77999877929688,89.7699966430664,93.72000122070312,19043800
2022-01-20,83.24080657958984,85.06999969482422,90.33000183105467,84.93000030517578,90.27999877929688,24701300
2022-01-21,80.1683120727539,81.93000030517578,85.13999938964844,81.5199966430664,84.22000122070312,29716300
2022-01-24,81.16637420654297,82.94999694824219,83.04000091552734,77.63999938964844,80.2699966430664,29757100
2022-01-25,78.98433685302734,80.72000122070312,82.41999816894531,79.6500015258789,80.91999816894531,22128400
2022-01-26,80.20743560791016,81.97000122070312,84.79000091552734,80.61000061035156,83.25,21018700
2022-01-27,77.02732849121094,78.72000122070312,83.69999694824219,78.38999938964844,83.51000213623047,22694000
2022-01-28,77.56549072265625,79.2699966430664,79.27999877929688,75.5199966430664,77.37000274658203,24434600
2022-01-31,80.50099182128906,82.2699966430664,82.30999755859375,78.0199966430664,78.95999908447266,21898200
2022-02-01,79.6986312866211,81.44999694824219,82.38999938964844,80.41999816894531,82.19999694824219,15237400
2022-02-02,82.69281768798828,84.51000213623047,84.69999694824219,82.54000091552734,82.91999816894531,19862800
2022-02-03,80.20743560791016,81.97000122070312,85.18000030517578,81.70999908447266,82.66999816894531,19598200
2022-02-04,79.42464447021484,81.16999816894531,82.19000244140625,79.83999633789062,81.22000122070312,15657500
2022-02-07,79.13111877441406,80.87000274658203,82.04000091552734,80.4800033569336,81.36000061035156,11799800
2022-02-08,82.31123352050781,84.12000274658203,84.4000015258789,81.0,81.1500015258789,18315700
2022-02-09,86.22521209716797,88.12000274658203,88.77999877929688,83.55999755859375,84.5999984741211,22386900
2022-02-10,89.0628433227539,91.0199966430664,94.63999938964844,88.4800033569336,89.19000244140625,33820700
2022-02-11,87.82996368408203,89.76000213623047,94.58000183105467,88.94999694824219,91.27999877929688,31000000
2022-02-14,87.92778778076172,89.86000061035156,93.16999816894533,88.70999908447266,91.98999786376952,23499100
2022-02-15,93.9357681274414,96.0,96.5,91.01000213623048,91.01000213623048,27069700
2022-02-16,93.9944839477539,96.05999755859376,96.48999786376952,93.56999969482422,94.44000244140624,15573600
2022-02-17,91.7145767211914,93.7300033569336,96.0,93.48999786376952,95.04000091552734,17943300
2022-02-18,88.84759521484375,90.8000030517578,94.68000030517578,88.9000015258789,94.52999877929688,19530500
2022-02-22,88.62251281738281,90.56999969482422,93.97000122070312,88.66999816894531,89.83999633789062,24825700
2022-02-23,85.4326171875,87.30999755859375,91.87000274658205,87.06999969482422,91.47000122070312,19135400
2022-02-24,86.91995239257812,88.83000183105469,88.94000244140625,83.79000091552734,84.12999725341797,24472300
2022-02-25,88.16263580322266,90.0999984741211,90.4800033569336,87.27999877929688,87.95999908447266,15008700
2022-02-28,86.94929504394531,88.86000061035156,89.75,87.16000366210938,88.44999694824219,17269800
2022-03-01,84.40521240234375,86.26000213623047,89.83999633789062,84.66000366210938,88.55999755859375,20794800
2022-03-02,91.29383087158205,93.3000030517578,94.06999969482422,87.02999877929688,87.16999816894531,28398700
2022-03-03,87.2624282836914,89.18000030517578,92.19000244140624,88.38999938964844,91.62000274658205,22099800
2022-03-04,80.14874267578125,81.91000366210938,87.41999816894531,80.5199966430664,87.41999816894531,28211500
2022-03-07,74.07225799560547,75.69999694824219,82.97000122070312,75.62999725341797,81.76000213623047,26715500
2022-03-08,75.5008773803711,77.16000366210938,80.25,73.93000030517578,76.25,28343200
2022-03-09,77.73184204101562,79.44000244140625,80.48999786376953,77.54000091552734,79.97000122070312,19647900
2022-03-10,74.09184265136719,75.72000122070312,77.73999786376953,73.80999755859375,77.73999786376953,21692000
2022-03-11,71.25421142578125,72.81999969482422,76.69999694824219,72.63999938964844,76.66000366210938,22786500
2022-03-14,67.90772247314453,69.4000015258789,72.4800033569336,68.95999908447266,71.75,24893400
2022-03-15,71.5379638671875,73.11000061035156,73.52999877929688,68.33999633789062,70.05000305175781,22851000
2022-03-16,77.95689392089844,79.66999816894531,79.70999908447266,76.1500015258789,76.47000122070312,35742800
2022-03-17,78.78861999511719,80.5199966430664,80.58000183105469,77.19999694824219,78.19999694824219,21612200
2022-03-18,77.7025146484375,79.41000366210938,81.19999694824219,78.05999755859375,79.0999984741211,28601200
2022-03-21,76.665283203125,78.3499984741211,79.88999938964844,75.52999877929688,78.98999786376953,30878200
2022-03-22,77.41873931884766,79.12000274658203,79.7300033569336,77.51000213623047,77.69999694824219,16768000
2022-03-23,74.02335357666016,75.6500015258789,78.22000122070312,75.08000183105469,77.86000061035156,28059800
2022-03-24,76.52828979492188,78.20999908447266,78.54000091552734,75.31999969482422,75.9000015258789,23348000
2022-03-25,76.420654296875,78.0999984741211,78.30000305175781,75.12999725341797,78.2699966430664,22491000
2022-03-28,78.14281463623047,79.86000061035156,80.18000030517578,77.2699966430664,78.58999633789062,26605300
2022-03-29,80.28573608398438,82.05000305175781,82.55000305175781,79.26000213623047,82.0999984741211,41290700
2022-03-30,77.4578857421875,79.16000366210938,86.23999786376953,78.5999984741211,84.30000305175781,70087000
2022-03-31,76.21519470214844,77.88999938964844,79.95999908447266,76.83000183105469,77.66999816894531,34588600
2022-04-01,74.54193878173828,76.18000030517578,78.91000366210938,74.05999755859375,78.43000030517578,33536100
2022-04-04,75.99991607666016,77.66999816894531,78.18000030517578,76.51000213623047,76.9000015258789,24305700
2022-04-05,73.00569915771484,74.61000061035156,78.0199966430664,74.30000305175781,76.70999908447266,21171400
2022-04-06,72.19355010986328,73.77999877929688,74.88999938964844,71.47000122070312,73.18000030517578,28080100
2022-04-07,71.70429992675781,73.27999877929688,74.68000030517578,72.12999725341797,73.66999816894531,22658600
2022-04-08,70.6852798461914,72.13999938964844,72.8499984741211,70.83000183105469,72.5,20562600
2022-04-11,70.57749938964844,72.02999877929688,72.91000366210938,70.08999633789062,70.55000305175781,21127900
2022-04-12,70.5089111328125,71.95999908447266,73.58999633789062,71.56999969482422,72.79000091552734,18658500
2022-04-13,70.92044067382812,72.37999725341797,73.75,71.86000061035156,72.36000061035156,18892000
2022-04-14,68.71578979492188,70.12999725341797,72.80999755859375,70.08999633789062,72.55999755859375,18543500
2022-04-18,69.71524047851562,71.1500015258789,72.0999984741211,70.05000305175781,70.25,17476700
2022-04-19,71.26337432861328,72.7300033569336,73.41000366210938,70.7699966430664,70.95999908447266,15139000
2022-04-20,71.7238998413086,73.19999694824219,76.2300033569336,72.88999938964844,73.80999755859375,19042600
2022-04-21,69.4898681640625,70.91999816894531,74.48999786376953,70.6500015258789,73.97000122070312,17645300
2022-04-22,68.01032257080078,69.41000366210938,70.9800033569336,69.30999755859375,70.63999938964844,18682400
2022-04-25,68.70601654052734,70.12000274658203,70.16999816894531,67.93000030517578,68.41999816894531,20072100
2022-04-26,65.7273178100586,67.08000183105469,69.16000366210938,67.04000091552734,68.69000244140625,18628700
2022-04-27,65.12962341308594,66.47000122070312,68.4800033569336,65.86000061035156,66.12999725341797,17123600
2022-04-28,68.76480865478516,70.18000030517578,70.80999755859375,67.05999755859375,67.6500015258789,21058400
2022-04-29,66.81493377685547,68.19000244140625,71.33000183105469,68.0199966430664,69.0999984741211,16843500
2022-05-02,69.17634582519531,70.5999984741211,70.73999786376953,67.58000183105469,68.16000366210938,15342800
2022-05-03,69.8230209350586,71.26000213623047,71.95999908447266,70.19999694824219,70.47000122070312,13539100
2022-05-04,72.13543701171875,73.62000274658203,73.9000015258789,70.16000366210938,71.7699966430664,17201900
2022-05-05,69.85243225097656,71.29000091552734,72.55999755859375,70.36000061035156,72.30999755859375,16603600
2022-05-06,68.9313735961914,70.3499984741211,71.91000366210938,68.88999938964844,70.55000305175781,15159800
2022-05-09,66.56017303466797,67.93000030517578,71.4000015258789,67.4800033569336,69.19999694824219,21770900
2022-05-10,67.52041625976562,68.91000366210938,70.58999633789062,67.61000061035156,69.56999969482422,17662700
2022-05-11,65.60973358154297,66.95999908447266,70.87999725341797,66.81999969482422,68.66000366210938,17237300
2022-05-12,66.3446044921875,67.70999908447266,68.9000015258789,65.87000274658203,66.0,27022900
2022-05-13,70.46971893310547,71.91999816894531,72.62999725341797,68.0199966430664,69.0999984741211,22872000
2022-05-16,69.04896545410156,70.47000122070312,72.04000091552734,70.31999969482422,71.51000213623047,13394700
2022-05-17,72.97808837890625,74.4800033569336,74.7300033569336,72.1500015258789,72.25,17671500
2022-05-18,69.61726379394531,71.05000305175781,74.22000122070312,70.08999633789062,73.18000030517578,20635100
2022-05-19,68.00053405761719,69.4000015258789,71.69999694824219,69.05000305175781,70.76000213623047,17558000
2022-05-20,67.5106201171875,68.9000015258789,70.69000244140625,66.11000061035156,70.5999984741211,20313300
2022-05-23,68.18670654296875,69.58999633789062,70.19999694824219,68.5199966430664,68.7699966430664,12356200
2022-05-24,65.27659606933594,66.62000274658203,68.41000366210938,66.01000213623047,68.36000061035156,18764500
2022-05-25,66.50137329101562,67.87000274658203,68.8499984741211,65.9000015258789,65.93000030517578,16241200
2022-05-26,69.17634582519531,70.5999984741211,71.04000091552734,66.3499984741211,66.38999938964844,14902500
2022-05-27,71.84148406982422,73.31999969482422,73.44000244140625,71.63999938964844,71.76000213623047,13078700
2022-05-31,72.35099029541016,73.83999633789062,74.4800033569336,71.93000030517578,73.47000122070312,15453000
2022-06-01,72.06686401367188,73.55000305175781,75.38999938964844,72.55000305175781,74.5,13595400
2022-06-02,73.85015106201172,75.37000274658203,75.41000366210938,73.12999725341797,73.12999725341797,11373200
2022-06-03,68.52965545654297,69.94000244140625,71.69000244140625,69.11000061035156,71.69000244140625,30306600
2022-06-06,69.02934265136719,70.44999694824219,72.13999938964844,70.01000213623047,70.73999786376953,13198700
2022-06-07,69.33309936523438,70.76000213623047,70.87000274658203,68.12000274658203,68.6500015258789,14328000
2022-06-08,67.21666717529297,68.5999984741211,70.4000015258789,67.76000213623047,69.83999633789062,16363000
2022-06-09,64.6886978149414,66.0199966430664,68.69000244140625,66.0,67.94000244140625,15073700
2022-06-10,61.35725402832031,62.619998931884766,65.55999755859375,62.27999877929688,64.83999633789062,26626900
2022-06-13,57.65347290039063,58.84000015258789,60.959999084472656,58.58000183105469,60.02000045776367,24278600
2022-06-14,57.516300201416016,58.70000076293945,59.869998931884766,57.720001220703125,59.36000061035156,17036000
2022-06-15,57.927825927734375,59.119998931884766,60.08000183105469,57.54999923706055,59.33000183105469,19726200
2022-06-16,53.90071105957031,55.0099983215332,57.0,54.25,57.0,22706200
2022-06-17,54.625789642333984,55.75,56.31999969482422,53.59999847412109,55.900001525878906,24139800
2022-06-21,55.65460968017578,56.79999923706055,57.91999816894531,56.34000015258789,56.81999969482422,15502800
2022-06-22,55.20389175415039,56.34000015258789,57.13999938964844,55.59999847412109,55.959999084472656,13513800
2022-06-23,55.0863037109375,56.220001220703125,56.83000183105469,54.959999084472656,56.61000061035156,13366600
2022-06-24,57.26154327392578,58.43999862670898,59.0,57.130001068115234,57.150001525878906,15647600
2022-06-27,57.594688415527344,58.77999877929688,60.04999923706055,58.369998931884766,59.58000183105469,16159900
2022-06-28,56.6932373046875,57.86000061035156,60.59000015258789,57.810001373291016,58.97999954223633,19393600
2022-06-29,54.89033889770508,56.02000045776367,57.52000045776367,55.31999969482422,57.22999954223633,17351400
2022-06-30,54.16526412963867,55.27999877929688,56.40999984741211,54.220001220703125,54.9900016784668,29572400
2022-07-01,52.568138122558594,53.650001525878906,53.959999084472656,51.400001525878906,53.290000915527344,43681700
2022-07-05,55.58602142333984,56.72999954223633,56.88999938964844,52.09000015258789,52.18000030517578,33745900
2022-07-06,56.21311950683594,57.369998931884766,58.119998931884766,56.459999084472656,56.84999847412109,23565000
2022-07-07,57.663272857666016,58.84999847412109,59.310001373291016,57.84000015258789,59.09999847412109,22945500
2022-07-08,58.06087875366211,59.13999938964844,60.43000030517578,58.09999847412109,58.220001220703125,19283000
2022-07-11,56.75516128540039,57.810001373291016,58.61000061035156,57.709999084472656,58.11000061035156,13941800
2022-07-12,58.10015869140625,59.18000030517578,60.08000183105469,58.09999847412109,58.41999816894531,21523100
2022-07-13,57.78599166870117,58.86000061035156,59.41999816894531,57.36000061035156,57.380001068115234,13987600
2022-07-14,58.26705551147461,59.34999847412109,59.65999984741211,57.31999969482422,57.93999862670898,14803800
2022-07-15,60.40727615356445,61.52999877929688,61.70000076293945,59.400001525878906,61.47999954223633,20317800
2022-07-18,59.34697723388672,60.45000076293945,62.33000183105469,60.13999938964844,62.09000015258789,13233000
2022-07-19,61.26140213012695,62.400001525878906,62.7599983215332,61.380001068115234,61.470001220703125,19103700
2022-07-20,62.144981384277344,63.29999923706055,63.52000045776367,61.84999847412109,62.220001220703125,15176200
2022-07-21,62.47876739501953,63.63999938964844,63.68000030517578,61.93000030517578,62.59999847412109,12924700
2022-07-22,60.171661376953125,61.290000915527344,62.91999816894531,61.0099983215332,61.290000915527344,22201700
2022-07-25,59.05245971679688,60.150001525878906,61.83000183105469,59.70000076293945,61.34999847412109,14479400
2022-07-26,58.571407318115234,59.65999984741211,60.68999862670898,59.54999923706055,60.310001373291016,11044800
2022-07-27,60.76070785522461,61.88999938964844,62.38999938964844,59.61000061035156,60.4900016784668,14589800
2022-07-28,60.93742370605469,62.06999969482422,62.29999923706055,60.18999862670898,62.25,10120300
2022-07-29,60.73125076293945,61.86000061035156,62.09000015258789,60.77000045776367,61.34999847412109,14199700
2022-08-01,61.39884567260742,62.540000915527344,63.9900016784668,62.0,62.5,13347200
2022-08-02,61.33012771606445,62.470001220703125,63.29999923706055,60.880001068115234,61.75,11535800
2022-08-03,63.0776481628418,64.25,64.52999877929688,62.43999862670898,62.5,12290100
2022-08-04,63.66670608520508,64.8499984741211,64.98999786376953,63.650001525878906,64.12000274658203,11338400
2022-08-05,61.3203010559082,62.459999084472656,63.220001220703125,61.79999923706055,62.86000061035156,15047100
2022-08-08,60.3287353515625,61.45000076293945,62.619998931884766,60.97999954223633,61.9900016784668,11454300
2022-08-09,58.07070159912109,59.150001525878906,60.540000915527344,57.7400016784668,59.0,33107200
2022-08-10,60.2796516418457,61.400001525878906,61.560001373291016,59.38999938964844,60.0,17418400
2022-08-11,61.18285751342773,62.31999969482422,64.0999984741211,62.0,62.0,18298500
2022-08-12,63.85323333740234,65.04000091552734,65.41999816894531,62.22999954223633,62.65999984741211,16194000
2022-08-15,63.51942443847656,64.69999694824219,65.12000274658203,63.88999938964844,64.69999694824219,9689100
2022-08-16,62.69475936889648,63.86000061035156,64.55999755859375,63.220001220703125,64.12000274658203,9275400
2022-08-17,60.49562454223633,61.619998931884766,62.810001373291016,60.7599983215332,62.810001373291016,14728400
2022-08-18,61.8308219909668,62.97999954223633,63.41999816894531,61.25,61.75,11303900
2022-08-19,59.405887603759766,60.5099983215332,62.25,60.27999877929688,61.84000015258789,14050300
2022-08-22,57.246036529541016,58.310001373291016,59.61000061035156,57.970001220703125,59.560001373291016,13096800
2022-08-23,56.80423355102539,57.86000061035156,59.290000915527344,57.7599983215332,58.34999847412109,12769100
2022-08-24,57.246036529541016,58.310001373291016,58.56999969482422,57.36000061035156,57.880001068115234,9961300
2022-08-25,60.08330154418945,61.20000076293945,61.27000045776367,58.58000183105469,58.59999847412109,12171600
2022-08-26,56.57844161987305,57.630001068115234,61.220001220703125,57.61000061035156,61.06999969482422,15754000
2022-08-29,55.9697494506836,57.0099983215332,58.0,56.52000045776367,57.310001373291016,11607600
2022-08-30,55.272705078125,56.29999923706055,57.79999923706055,55.58000183105469,57.47999954223633,12743700
2022-08-31,55.49850845336914,56.52999877929688,57.15999984741211,55.810001373291016,55.9900016784668,14172200
2022-09-01,56.26427459716797,57.310001373291016,57.400001525878906,54.790000915527344,55.2599983215332,17594500
2022-09-02,55.30216217041016,56.33000183105469,58.79999923706055,56.0,58.29999923706055,12809700
2022-09-06,54.22223663330078,55.22999954223633,56.68999862670898,55.130001068115234,56.33000183105469,12133300
2022-09-07,53.99642562866211,55.0,55.720001220703125,54.0099983215332,55.310001373291016,17030600
2022-09-08,54.37931442260742,55.38999938964844,55.91999816894531,53.7400016784668,54.4900016784668,18415300
2022-09-09,56.39191055297852,57.43999862670898,57.68000030517578,56.16999816894531,56.16999816894531,13925600
2022-09-12,56.88277816772461,57.93999862670898,58.13999938964844,57.02999877929688,57.459999084472656,10711500
2022-09-13,52.64160919189453,53.619998931884766,56.2400016784668,53.13999938964844,55.70000076293945,22361800
2022-09-14,52.14091110229492,53.11000061035156,54.22999954223633,52.459999084472656,53.88999938964844,19984900
2022-09-15,51.72857284545898,52.68999862670898,53.45000076293945,51.97999954223633,52.70000076293945,15620800
2022-09-16,51.88565826416016,52.84999847412109,53.0099983215332,51.4900016784668,51.88999938964844,24901700
2022-09-19,51.14934158325195,52.09999847412109,52.77000045776367,51.880001068115234,51.970001220703125,19251400
2022-09-20,49.8730583190918,50.79999923706055,51.59000015258789,50.59000015258789,51.52999877929688,19373800
2022-09-21,49.18583679199219,50.09999847412109,52.5099983215332,49.720001220703125,49.7400016784668,31117300
2022-09-22,48.753868103027344,49.65999984741211,50.369998931884766,49.34999847412109,49.79999923706055,21317000
2022-09-23,49.18583679199219,50.09999847412109,50.150001525878906,48.45000076293945,49.27999877929688,24591700
2022-09-26,47.988094329833984,48.880001068115234,50.459999084472656,48.810001373291016,49.93000030517578,19266800
2022-09-27,49.65707778930664,50.58000183105469,50.650001525878906,49.400001525878906,49.81999969482422,17297500
2022-09-28,50.06941604614258,51.0,51.18999862670898,50.09999847412109,50.11000061035156,17784300
2022-09-29,49.09747695922852,50.0099983215332,50.29999923706055,49.220001220703125,50.040000915527344,25582100
2022-09-30,49.18583679199219,50.09999847412109,52.060001373291016,49.810001373291016,50.540000915527344,38917700
2022-10-03,50.77627944946289,51.720001220703125,53.09000015258789,50.63999938964844,51.0099983215332,24632400
2022-10-04,52.97540283203125,53.959999084472656,54.810001373291016,52.65999984741211,53.560001373291016,24275500
2022-10-05,53.731353759765625,54.72999954223633,55.20000076293945,52.16999816894531,52.880001068115234,20418300
2022-10-06,53.62335586547852,54.619998931884766,55.11000061035156,53.29999923706055,54.400001525878906,17149400
2022-10-07,52.05416488647461,52.90999984741211,54.650001525878906,52.5099983215332,53.560001373291016,21977700
2022-10-10,50.54891204833984,51.380001068115234,53.130001068115234,50.77000045776367,53.06999969482422,17227400
2022-10-11,52.841217041015625,53.709999084472656,54.77999877929688,50.33000183105469,50.63999938964844,32813700
2022-10-12,51.89675521850586,52.75,53.77000045776367,52.38999938964844,53.59999847412109,18131900
2022-10-13,53.972618103027344,54.86000061035156,55.91999816894531,50.7400016784668,51.34999847412109,27605000
2022-10-14,51.86723709106445,52.720001220703125,55.43999862670898,52.59999847412109,55.2400016784668,20403000
2022-10-17,52.63461685180664,53.5,54.9900016784668,52.84999847412109,54.59999847412109,18261700
2022-10-18,51.699989318847656,52.54999923706055,55.13999938964844,51.65999984741211,55.0099983215332,19774800
2022-10-19,52.17221832275391,53.02999877929688,53.43000030517578,52.060001373291016,52.09000015258789,14786100
2022-10-20,52.83138656616211,53.70000076293945,55.09999847412109,53.16999816894531,53.5,15711800
2022-10-21,55.143367767333984,56.04999923706055,56.27999877929688,53.34000015258789,53.4900016784668,20199200
2022-10-24,55.33029556274414,56.2400016784668,56.810001373291016,55.06999969482422,56.22999954223633,15293600
2022-10-25,54.96627807617188,55.869998931884766,57.02999877929688,55.34000015258789,56.68000030517578,17313000
2022-10-26,54.55307769775391,55.45000076293945,57.43999862670898,54.959999084472656,56.08000183105469,23511300
2022-10-27,51.365482330322266,52.209999084472656,56.22999954223633,52.119998931884766,55.369998931884766,27335800
2022-10-28,53.16587829589844,54.040000915527344,54.43999862670898,51.459999084472656,51.83000183105469,19171100
2022-10-31,53.224910736083984,54.09999847412109,54.93000030517578,53.16999816894531,53.90999984741211,15932500
2022-11-01,53.972618103027344,54.86000061035156,55.43999862670898,54.11000061035156,55.09000015258789,11729700
2022-11-02,52.58542251586914,53.45000076293945,56.27000045776367,53.41999816894531,54.7400016784668,17302700
2022-11-03,52.61494064331055,53.47999954223633,54.369998931884766,51.90999984741211,52.709999084472656,12769200
2022-11-04,55.251590728759766,56.15999984741211,56.90999984741211,54.81999969482422,55.2599983215332,18882700
2022-11-07,55.64512634277344,56.560001373291016,56.81999969482422,55.459999084472656,56.43000030517578,11411300
2022-11-08,56.56007766723633,57.4900016784668,57.869998931884766,56.47999954223633,57.380001068115234,14190100
2022-11-09,55.06466293334961,55.970001220703125,56.650001525878906,55.5099983215332,56.220001220703125,19952500
2022-11-10,59.29511260986328,60.27000045776367,60.380001068115234,58.060001373291016,58.59999847412109,24982500
2022-11-11,61.50871658325195,62.52000045776367,63.18000030517578,59.880001068115234,60.650001525878906,17579400
2022-11-14,60.78068161010742,61.77999877929688,62.75,60.9900016784668,61.93999862670898,13988200
2022-11-15,62.07933807373047,63.09999847412109,64.44000244140625,62.41999816894531,63.5,16325000
2022-11-16,57.917747497558594,58.869998931884766,61.380001068115234,58.119998931884766,60.52999877929688,25901900
2022-11-17,57.78985977172852,58.7400016784668,58.9900016784668,56.5099983215332,57.29999923706055,14212300
2022-11-18,57.632450103759766,58.58000183105469,59.65999984741211,58.09999847412109,59.560001373291016,9703700
2022-11-21,56.23542022705078,57.15999984741211,58.02000045776367,56.81999969482422,58.02000045776367,9968400
2022-11-22,57.67179870605469,58.619998931884766,58.68000030517578,56.97999954223633,57.54999923706055,8955700
2022-11-23,57.976783752441406,58.93000030517578,59.060001373291016,57.75,58.2400016784668,8996800
2022-11-25,57.46519088745117,58.40999984741211,59.130001068115234,58.38999938964844,58.66999816894531,4360500
2022-11-28,54.84822463989258,55.75,57.7599983215332,55.470001220703125,57.31999969482422,15512600
2022-11-29,54.22841262817383,55.119998931884766,56.52000045776367,54.77000045776367,55.709999084472656,12874200
2022-11-30,56.71749114990234,57.650001525878906,57.68000030517578,52.61000061035156,53.58000183105469,31461400
2022-12-01,54.59242630004883,55.4900016784668,57.91999816894531,55.09999847412109,57.83000183105469,21764200
2022-12-02,53.795536041259766,54.68000030517578,55.41999816894531,53.380001068115234,54.34000015258789,15946500
2022-12-05,53.16587829589844,54.040000915527344,55.27000045776367,53.70000076293945,54.369998931884766,13806900
2022-12-06,52.81170654296875,53.68000030517578,54.630001068115234,53.2400016784668,53.86000061035156,17988000
2022-12-07,52.949440002441406,53.81999969482422,54.2400016784668,52.43999862670898,53.119998931884766,11367300
2022-12-08,54.30712127685547,55.20000076293945,55.70000076293945,54.04999923706055,54.560001373291016,13609100
2022-12-09,53.98245620727539,54.869998931884766,55.86000061035156,54.52000045776367,54.68000030517578,9932200
2022-12-12,54.45468521118164,55.34999847412109,55.380001068115234,53.34000015258789,53.52000045776367,13250600
2022-12-13,54.34647750854492,55.2400016784668,57.88999938964844,54.650001525878906,57.18999862670898,14210500
2022-12-14,53.70698547363281,54.59000015258789,56.09999847412109,54.060001373291016,55.2400016784668,11235300
2022-12-15,51.198238372802734,52.040000915527344,53.720001220703125,51.84999847412109,53.560001373291016,17785000
2022-12-16,51.22774887084961,52.06999969482422,52.540000915527344,51.619998931884766,51.7400016784668,22951400
2022-12-19,50.88341522216797,51.720001220703125,52.290000915527344,51.09999847412109,52.16999816894531,16470000
2022-12-20,49.86023712158203,50.68000030517578,51.970001220703125,50.45000076293945,51.34000015258789,16942000
2022-12-21,50.36198425292969,51.18999862670898,51.75,50.75,50.93000030517578,20400800
2022-12-22,48.63045120239258,49.43000030517578,49.970001220703125,48.43000030517578,49.5,40959600
2022-12-23,49.38800048828125,50.20000076293945,50.54999923706055,48.9900016784668,49.0,17425700
2022-12-27,49.21091079711914,50.02000045776367,50.310001373291016,48.52000045776367,49.61000061035156,15159100
2022-12-28,48.32546615600586,49.119998931884766,51.09000015258789,48.83000183105469,49.84000015258789,12518700
2022-12-29,49.83071899414063,50.650001525878906,50.93000030517578,49.34000015258789,49.400001525878906,13204300
2022-12-30,49.283451080322266,49.97999954223633,50.02000045776367,49.130001068115234,49.45000076293945,11989800
2023-01-03,49.66801071166992,50.369998931884766,50.959999084472656,49.54999923706055,50.560001373291016,12422800
2023-01-04,53.44464111328125,54.20000076293945,54.52000045776367,52.72999954223633,53.04999923706055,25077300
2023-01-05,53.94752883911133,54.709999084472656,55.38999938964844,53.88999938964844,53.88999938964844,18030900
2023-01-06,55.97883224487305,56.77000045776367,57.290000915527344,54.02999877929688,55.43000030517578,21069800
2023-01-09,55.57453155517578,56.36000061035156,57.52000045776367,55.650001525878906,56.81999969482422,15715900
2023-01-10,56.41268539428711,57.209999084472656,57.27999877929688,55.86000061035156,56.15999984741211,10571300
2023-01-11,57.25083923339844,58.060001373291016,58.470001220703125,56.91999816894531,57.34999847412109,12143000
2023-01-12,56.47185897827149,57.27000045776367,58.2400016784668,56.43000030517578,58.11000061035156,14888100
2023-01-13,56.1365852355957,56.93000030517578,56.970001220703125,56.119998931884766,56.72999954223633,12520600
2023-01-17,56.05770492553711,56.84999847412109,58.59999847412109,56.54999923706055,57.15999984741211,10962700
2023-01-18,55.72243881225586,56.5099983215332,58.04999923706055,56.36000061035156,57.5099983215332,10035300
2023-01-19,55.57453155517578,56.36000061035156,57.09000015258789,55.27999877929688,55.709999084472656,12034200
2023-01-20,57.64527130126953,58.459999084472656,58.56999969482422,56.7599983215332,57.470001220703125,13826400
2023-01-23,60.958438873291016,61.81999969482422,61.90999984741211,58.86000061035156,58.91999816894531,20175400
2023-01-24,60.40625762939453,61.2599983215332,61.720001220703125,60.869998931884766,61.20000076293945,10183200
2023-01-25,60.68235397338867,61.540000915527344,61.66999816894531,60.41999816894531,60.66999816894531,10787200
2023-01-26,61.92478561401367,62.79999923706055,63.04999923706055,61.290000915527344,62.58000183105469,12219500
2023-01-27,62.97987365722656,63.869998931884766,64.33999633789062,61.959999084472656,62.13999938964844,15895800
2023-01-30,60.8499755859375,61.709999084472656,63.27999877929688,61.68999862670898,62.7599983215332,16169000
2023-01-31,59.45962142944336,60.29999923706055,60.34000015258789,58.650001525878906,59.09999847412109,23856300
2023-02-01,61.72757339477539,62.59999847412109,63.22999954223633,60.38999938964844,60.619998931884766,20902200
2023-02-02,62.28962707519531,63.16999816894531,63.91999816894531,61.86000061035156,63.560001373291016,15877600
2023-02-03,61.54022216796875,62.40999984741211,63.790000915527344,61.900001525878906,62.0,12187100
2023-02-06,59.14408874511719,59.97999954223633,61.18000030517578,59.7400016784668,60.93999862670898,11484300
2023-02-07,61.26412963867188,62.130001068115234,62.38999938964844,59.70000076293945,60.09000015258789,12713100
2023-02-08,59.41032791137695,60.25,62.33000183105469,60.22999954223633,61.45000076293945,9510500
2023-02-09,59.3412971496582,60.18000030517578,61.81999969482422,59.68999862670898,61.20000076293945,10094700
2023-02-10,58.98631286621094,59.81999969482422,60.7599983215332,59.25,60.5,11429700
2023-02-13,59.28212738037109,60.119998931884766,60.27999877929688,58.84000015258789,59.81999969482422,11466200
2023-02-14,61.20496368408203,62.06999969482422,62.310001373291016,59.02999877929688,59.52000045776367,12496200
2023-02-15,60.97816467285156,61.84000015258789,61.93999862670898,60.459999084472656,61.33000183105469,10457400
2023-02-16,59.21310424804688,60.04999923706055,61.34999847412109,59.84999847412109,60.77999877929688,12683400
2023-02-17,58.18759536743164,59.0099983215332,60.18000030517578,58.5099983215332,59.84000015258789,10874900
2023-02-21,56.79726028442383,57.59999847412109,59.709999084472656,57.4900016784668,58.34000015258789,12667500
2023-02-22,56.18589401245117,56.97999954223633,58.56999969482422,56.83000183105469,57.72999954223633,12260300
2023-02-23,57.93122863769531,58.75,59.75,57.43999862670898,59.13999938964844,16094600
2023-02-24,57.369171142578125,58.18000030517578,58.369998931884766,57.34999847412109,57.70000076293945,9867400
2023-02-27,57.093074798583984,57.900001525878906,59.560001373291016,57.83000183105469,59.16999816894531,8514000
2023-02-28,57.01417922973633,57.81999969482422,58.7400016784668,57.400001525878906,57.63999938964844,10493300
2023-03-01,56.54087448120117,57.34000015258789,58.54999923706055,57.220001220703125,57.86000061035156,9141400
2023-03-02,55.64356231689453,56.43000030517578,56.70000076293945,54.720001220703125,55.5,16625500
2023-03-03,55.98867416381836,56.77999877929688,56.869998931884766,55.43999862670898,56.459999084472656,13769200
2023-03-06,56.03798675537109,56.83000183105469,58.650001525878906,56.540000915527344,57.27999877929688,14472200
2023-03-07,54.78568649291992,55.560001373291016,56.72999954223633,55.310001373291016,56.5,13278300
2023-03-08,56.097145080566406,56.88999938964844,56.91999816894531,55.34999847412109,55.84000015258789,11515700
2023-03-09,54.82512664794922,55.59999847412109,57.560001373291016,55.540000915527344,56.63999938964844,10200000
2023-03-10,54.16446685791016,54.93000030517578,56.5099983215332,54.52999877929688,55.65999984741211,14180700
2023-03-13,53.14881896972656,53.900001525878906,54.54999923706055,52.7599983215332,53.970001220703125,17365200
2023-03-14,53.513668060302734,54.27000045776367,55.41999816894531,53.70000076293945,54.970001220703125,14657000
2023-03-15,53.37561798095703,54.130001068115234,54.27000045776367,52.880001068115234,53.33000183105469,14643600
2023-03-16,55.78161239624024,56.56999969482422,56.709999084472656,53.61000061035156,53.68999862670898,14791800
2023-03-17,55.87035751342773,56.65999984741211,57.720001220703125,56.220001220703125,56.79999923706055,26655200
2023-03-20,56.836692810058594,57.63999938964844,57.869998931884766,56.08000183105469,56.70000076293945,10610200
2023-03-21,57.81290435791016,58.630001068115234,59.52000045776367,57.59999847412109,58.380001068115234,14613700
2023-03-22,57.35931015014648,58.16999816894531,60.40999984741211,58.09000015258789,58.400001525878906,16949300
2023-03-23,60.485130310058594,61.34000015258789,61.77999877929688,59.130001068115234,59.18000030517578,23903100
2023-03-24,60.30764389038086,61.15999984741211,61.400001525878906,60.5,60.5099983215332,18735600
2023-03-27,58.95673751831055,59.790000915527344,61.41999816894531,59.16999816894531,61.18999862670898,15901000
2023-03-28,58.45384216308594,59.27999877929688,59.869998931884766,57.81999969482422,59.79999923706055,20496300
2023-03-29,62.65447235107422,63.540000915527344,64.41999816894531,60.869998931884766,60.90999984741211,51939800
2023-03-30,62.21074295043945,63.09000015258789,64.0999984741211,62.47999954223633,64.02999877929688,23038300
2023-03-31,59.49906539916992,60.34000015258789,61.65999984741211,59.900001525878906,60.34999847412109,35416500
2023-04-03,58.77924728393555,59.61000061035156,59.810001373291016,57.869998931884766,59.810001373291016,23610800
2023-04-04,56.47185897827149,57.27000045776367,60.09999847412109,56.95000076293945,59.68000030517578,21303200
2023-04-05,56.22533798217773,57.02000045776367,57.11000061035156,56.0099983215332,56.81999969482422,19456200
2023-04-06,57.86057662963867,58.560001373291016,59.150001525878906,56.79999923706055,56.95000076293945,21496500
2023-04-10,62.51431655883789,63.27000045776367,63.77000045776367,61.0,61.18000030517578,43280100
2023-04-11,62.81073760986328,63.56999969482422,64.29000091552734,63.040000915527344,63.63999938964844,23090200
2023-04-12,61.21996307373047,61.959999084472656,64.36000061035156,61.84000015258789,64.36000061035156,16694100
2023-04-13,62.24754333496094,63.0,63.369998931884766,60.790000915527344,61.5099983215332,23286500
2023-04-14,61.881961822509766,62.630001068115234,63.220001220703125,61.77000045776367,63.18000030517578,14953000
2023-04-17,61.79303359985352,62.540000915527344,62.77000045776367,61.97999954223633,62.220001220703125,11546800
2023-04-18,61.19032287597656,61.93000030517578,63.45000076293945,61.47999954223633,63.33000183105469,12175200
2023-04-19,59.92560958862305,60.650001525878906,61.209999084472656,60.380001068115234,60.97999954223633,11652600
2023-04-20,60.7259407043457,61.459999084472656,61.95000076293945,59.869998931884766,59.880001068115234,14382200
2023-04-21,60.399879455566406,61.130001068115234,61.45000076293945,60.72999954223633,61.150001525878906,9606200
2023-04-24,58.799224853515625,59.5099983215332,60.880001068115234,59.34999847412109,60.09999847412109,13402600
2023-04-25,57.44559097290039,58.13999938964844,59.34000015258789,58.02999877929688,59.130001068115234,15987300
2023-04-26,60.29119110107422,61.02000045776367,61.18000030517578,59.34000015258789,59.58000183105469,25385000
2023-04-27,61.16068649291992,61.900001525878906,61.959999084472656,60.130001068115234,60.75,13524600
2023-04-28,63.5912971496582,64.36000061035156,64.44000244140625,62.29999923706055,62.43000030517578,18094700
2023-05-01,61.60530471801758,62.34999847412109,64.0999984741211,62.310001373291016,63.88999938964844,12823400
2023-05-02,61.16068649291992,61.900001525878906,62.58000183105469,61.25,62.22999954223633,12237600
2023-05-03,60.1825065612793,60.90999984741211,62.18000030517578,60.81999969482422,61.4900016784668,10818100
2023-05-04,59.78728103637695,60.5099983215332,60.959999084472656,59.900001525878906,60.54999923706055,13357900
2023-05-05,60.498680114746094,61.22999954223633,61.7400016784668,60.11000061035156,60.61000061035156,12312700
2023-05-08,60.14298248291016,60.869998931884766,61.34999847412109,60.310001373291016,61.25,11510400
2023-05-09,60.20226287841797,60.93000030517578,61.38999938964844,59.54999923706055,59.880001068115234,11895200
2023-05-10,59.27348709106445,59.9900016784668,62.310001373291016,59.790000915527344,61.91999816894531,14548700
2023-05-11,60.874141693115234,61.61000061035156,61.810001373291016,60.06999969482422,60.59000015258789,15536600
2023-05-12,60.1923828125,60.91999816894531,62.18999862670898,60.150001525878906,61.9900016784668,12131400
2023-05-15,63.86796188354492,64.63999938964844,64.87000274658203,61.79999923706055,62.22999954223633,22227200
2023-05-16,62.96882629394531,63.72999954223633,65.22000122070312,63.29999923706055,64.55000305175781,15259000
2023-05-17,64.14459991455078,64.91999816894531,65.31999969482422,63.43999862670898,64.58000183105469,15947700
2023-05-18,66.76295471191406,67.56999969482422,68.58999633789062,65.08000183105469,65.9800033569336,30688000
2023-05-19,67.35580444335938,68.16999816894531,68.38999938964844,66.43000030517578,67.56999969482422,16812100
2023-05-22,65.43897247314453,66.2300033569336,66.75,64.76000213623047,65.75,37491000
2023-05-23,65.22159576416016,66.01000213623047,67.55999755859375,65.70999908447266,65.8499984741211,15896200
2023-05-24,65.73538208007812,66.52999877929688,66.7300033569336,64.87999725341797,64.94999694824219,15806600
2023-05-25,68.77860260009766,69.61000061035156,69.87999725341797,67.51000213623047,69.75,29021500
2023-05-26,73.04700469970703,73.93000030517578,74.58999633789062,69.80000305175781,69.87999725341797,33410000
2023-05-30,70.8337631225586,71.69000244140625,74.7699966430664,71.58000183105469,74.38999938964844,24454700
2023-05-31,67.38543701171875,68.19999694824219,69.8499984741211,67.91999816894531,68.9000015258789,30403600
2023-06-01,68.26480102539062,69.08999633789062,69.79000091552734,68.0999984741211,68.94000244140625,18153000
2023-06-02,68.3438491821289,69.16999816894531,70.55000305175781,68.29000091552734,69.98999786376953,13468200
2023-06-05,66.96056365966797,67.7699966430664,69.5,67.51000213623047,69.5,12441100
2023-06-06,66.73331451416016,67.54000091552734,68.83999633789062,66.81999969482422,67.02999877929688,12476600
2023-06-07,66.25904846191406,67.05999755859375,68.66999816894531,66.94000244140625,68.41000366210938,14610800
2023-06-08,64.53983306884766,65.31999969482422,66.5199966430664,64.01000213623047,66.5,25856800
2023-06-09,64.64852142333984,65.43000030517578,66.4000015258789,64.47000122070312,65.93000030517578,14649300
2023-06-12,66.64437866210938,67.44999694824219,67.54000091552734,65.79000091552734,65.83999633789062,14731100
2023-06-13,67.05937194824219,67.87000274658203,68.87999725341797,67.5999984741211,68.55999755859375,11911900
2023-06-14,68.29444122314453,69.12000274658203,69.20999908447266,67.5199966430664,67.54000091552734,11085800
2023-06-15,67.9980239868164,68.81999969482422,69.5199966430664,68.36000061035156,68.58999633789062,11842600
2023-06-16,66.85188293457031,67.66000366210938,70.5,66.05999755859375,70.1500015258789,32259700
2023-06-20,66.10095977783203,66.9000015258789,67.62000274658203,65.7699966430664,67.31999969482422,13261600
2023-06-21,65.01410675048828,65.80000305175781,67.19999694824219,65.33999633789062,66.75,10427200
2023-06-22,65.45872497558594,66.25,66.66000366210938,65.51000213623047,65.52999877929688,8639500
2023-06-23,64.50029754638672,65.27999877929688,65.95999908447266,64.83999633789062,65.44999694824219,12663600
2023-06-26,64.66828155517578,65.44999694824219,66.69999694824219,65.41000366210938,65.62999725341797,13815900
2023-06-27,65.99227142333984,66.79000091552734,66.83999633789062,63.790000915527344,65.2699966430664,18305200
2023-06-28,66.26892852783203,67.06999969482422,67.7300033569336,65.38999938964844,65.6500015258789,27100100
2023-06-29,63.56166458129883,64.33000183105469,67.94999694824219,63.54999923706055,67.83999633789062,51141900
2023-06-30,62.35622787475586,63.11000061035156,65.0999984741211,62.900001525878906,64.5,31549600
2023-07-03,63.13679885864258,63.900001525878906,64.31999969482422,63.2599983215332,63.43999862670898,12921300
2023-07-05,61.31876754760742,62.060001373291016,63.75,62.02000045776367,63.5,16553000
2023-07-06,60.498680114746094,61.22999954223633,61.790000915527344,60.5,60.9900016784668,15607300
2023-07-07,60.03837585449219,60.650001525878906,61.4900016784668,60.630001068115234,61.43000030517578,15028100
2023-07-10,61.84991455078125,62.47999954223633,62.83000183105469,60.58000183105469,60.83000183105469,16953100
2023-07-11,62.9586181640625,63.59999847412109,63.66999816894531,62.310001373291016,62.59999847412109,13454500
2023-07-12,63.146705627441406,63.790000915527344,64.69999694824219,63.130001068115234,64.47000122070312,13953600
2023-07-13,63.87923049926758,64.52999877929688,64.6500015258789,63.54999923706055,64.18000030517578,11384700
2023-07-14,63.43378448486328,64.08000183105469,65.54000091552734,63.68000030517578,64.30000305175781,13860200
2023-07-17,64.5029067993164,65.16000366210938,65.66999816894531,63.34000015258789,63.79999923706055,11333600
2023-07-18,64.28511047363281,64.94000244140625,65.12000274658203,63.75,64.37000274658203,10393100
2023-07-19,64.30490112304688,64.95999908447266,65.76000213623047,64.80000305175781,65.62999725341797,9463900
2023-07-20,64.0376205444336,64.69000244140625,65.55000305175781,64.25,64.4000015258789,12745100
2023-07-21,64.98794555664062,65.6500015258789,66.16000366210938,64.33999633789062,65.29000091552734,24540200
2023-07-24,64.81966400146484,65.4800033569336,66.63999938964844,65.22000122070312,65.36000061035156,10272700
2023-07-25,65.01763916015625,65.68000030517578,66.0,65.08000183105469,65.4000015258789,8610900
2023-07-26,66.70050048828125,67.37999725341797,67.87999725341797,65.0,65.0,14920600
2023-07-27,70.35328674316406,71.06999969482422,72.33999633789062,69.95999908447266,70.4800033569336,25068300
2023-07-28,70.48197174072266,71.19999694824219,72.12999725341797,70.66000366210938,71.58000183105469,11932900
2023-07-31,70.6700668334961,71.38999938964844,71.7699966430664,70.87000274658203,71.12000274658203,11193800
2023-08-01,70.0464096069336,70.76000213623047,71.08000183105469,69.88999938964844,71.0,13141100
2023-08-02,67.4825439453125,68.16999816894531,69.8499984741211,67.33999633789062,69.75,14004400
2023-08-03,68.48234558105469,69.18000030517578,69.38999938964844,67.16000366210938,67.56999969482422,11075200
2023-08-04,69.20499420166016,69.91000366210938,70.93000030517578,69.12999725341797,69.5,11255500
2023-08-07,68.68032836914062,69.37999725341797,70.2300033569336,68.83000183105469,69.8499984741211,10537500
2023-08-08,66.96778869628906,67.6500015258789,68.76000213623047,66.95999908447266,68.69999694824219,14767800
2023-08-09,66.02735900878906,66.69999694824219,67.97000122070312,66.62000274658203,67.77999877929688,10043200
2023-08-10,64.78007507324219,65.44000244140625,67.45999908447266,64.93000030517578,67.05999755859375,12775300
2023-08-11,63.72085571289063,64.37000274658203,65.30999755859375,64.06999969482422,64.9000015258789,11823100
2023-08-14,67.5914306640625,68.27999877929688,68.4800033569336,64.19999694824219,64.37000274658203,21954000
2023-08-15,64.67118835449219,65.33000183105469,67.62999725341797,65.31999969482422,67.58999633789062,13808500
2023-08-16,63.57237243652344,64.22000122070312,65.2300033569336,64.08999633789062,65.0,9895400
2023-08-17,62.91901779174805,63.560001373291016,64.70999908447266,63.400001525878906,64.48999786376953,9933300
2023-08-18,62.94872283935547,63.59000015258789,63.86000061035156,61.75,62.310001373291016,9576500
2023-08-21,63.31498718261719,63.959999084472656,64.19000244140625,62.86000061035156,63.68000030517578,11311900
2023-08-22,62.77053451538086,63.40999984741211,65.08000183105469,63.290000915527344,64.30000305175781,8876000
2023-08-23,64.53258514404297,65.19000244140625,65.62000274658203,63.16999816894531,63.56999969482422,10747400
2023-08-24,63.04771423339844,63.68999862670898,66.23999786376953,63.369998931884766,66.13999938964844,12661600
2023-08-25,63.07741165161133,63.720001220703125,64.38999938964844,62.630001068115234,63.459999084472656,9409000
2023-08-28,64.65137481689453,65.30999755859375,66.11000061035156,64.66000366210938,65.72000122070312,9904900
2023-08-29,66.00756072998047,66.68000030517578,67.02999877929688,64.87000274658203,64.9000015258789,9955000
2023-08-30,67.40333557128906,68.08999633789062,68.69999694824219,66.5199966430664,67.19000244140625,16892200
2023-08-31,69.23468780517578,69.94000244140625,70.54000091552734,67.97000122070312,67.97000122070312,18420900
2023-09-01,69.68014526367188,70.38999938964844,70.62000274658203,69.55000305175781,70.20999908447266,10772000
2023-09-05,69.5811538696289,70.29000091552734,71.16000366210938,69.52999877929688,69.91000366210938,11144300
2023-09-06,69.699951171875,70.41000366210938,70.66000366210938,69.63999938964844,70.12999725341797,9192800
2023-09-07,69.16539764404297,69.87000274658203,70.29000091552734,69.0999984741211,69.44999694824219,12043200
2023-09-08,69.47225952148438,70.18000030517578,70.61000061035156,69.61000061035156,69.7699966430664,9805000
2023-09-11,69.32376098632812,70.02999877929688,70.86000061035156,69.30999755859375,70.83000183105469,9310400
2023-09-12,69.60095977783203,70.30999755859375,71.69000244140625,69.79000091552734,69.95999908447266,11062100
2023-09-13,70.13550567626953,70.8499984741211,71.86000061035156,70.36000061035156,71.05000305175781,14525500
2023-09-14,71.0660171508789,71.79000091552734,72.2300033569336,71.27999877929688,71.66999816894531,11170300
2023-09-15,69.17528533935547,69.87999725341797,71.62999725341797,69.63999938964844,71.29000091552734,16416100
2023-09-18,69.7890396118164,70.5,71.05000305175781,69.91000366210938,70.6500015258789,12735700
2023-09-19,69.99691772460938,70.70999908447266,71.05999755859375,69.97000122070312,70.62000274658203,10399000
2023-09-20,68.977294921875,69.68000030517578,72.30999755859375,69.6500015258789,70.94999694824219,15522100
2023-09-21,67.21524810791016,67.9000015258789,69.29000091552734,67.83000183105469,69.0,14978600
2023-09-22,68.18537139892578,68.87999725341797,69.75,67.79000091552734,68.58999633789062,15487200
2023-09-25,67.88838958740234,68.58000183105469,69.19000244140625,67.61000061035156,68.29000091552734,14900000
2023-09-26,67.25485229492188,67.94000244140625,69.05000305175781,67.58999633789062,67.97000122070312,12752500
2023-09-27,67.52213287353516,68.20999908447266,68.8499984741211,66.75,68.12000274658203,20852300
2023-09-28,64.54248809814453,65.19999694824219,67.08999633789062,63.83000183105469,65.97000122070312,46749800
2023-09-29,67.34394836425781,68.02999877929688,68.7300033569336,66.36000061035156,66.36000061035156,24315500
2023-10-02,67.274658203125,67.95999908447266,69.27999877929688,67.05999755859375,68.23999786376953,14880500
2023-10-03,67.14595794677734,67.83000183105469,69.6500015258789,67.11000061035156,67.16999816894531,12481500
2023-10-04,67.42314147949219,68.11000061035156,68.5,67.12000274658203,68.30999755859375,12912800
2023-10-05,68.3536605834961,69.05000305175781,69.54000091552734,68.33999633789062,68.61000061035156,14045000
2023-10-06,69.37001037597656,69.95999908447266,70.33000183105469,68.0,68.70999908447266,15113400
2023-10-09,68.8940658569336,69.4800033569336,69.94999694824219,68.58000183105469,69.61000061035156,8588700
2023-10-10,68.48751831054688,69.06999969482422,70.11000061035156,68.88999938964844,69.48999786376953,9007600
2023-10-11,69.617919921875,70.20999908447266,70.2699966430664,68.93000030517578,69.72000122070312,11165300
2023-10-12,69.16178894042969,69.75,70.72000122070312,69.30000305175781,70.38999938964844,11408700
2023-10-13,68.6263427734375,69.20999908447266,70.05999755859375,69.08999633789062,69.87000274658203,10287900
2023-10-16,68.49742889404297,69.08000183105469,70.02999877929688,68.13999938964844,69.01000213623047,11294100
2023-10-17,68.4181137084961,69.0,69.62999725341797,67.62000274658203,68.06999969482422,11843000
2023-10-18,68.55692291259766,69.13999938964844,69.55000305175781,67.9800033569336,68.01000213623047,11201000
2023-10-19,66.96051025390625,67.52999877929688,69.77999877929688,67.18000030517578,69.68000030517578,18111000
2023-10-20,66.65312957763672,67.22000122070312,68.5199966430664,67.13999938964844,67.55999755859375,11506100
2023-10-23,66.31599426269531,66.87999725341797,68.16000366210938,66.2300033569336,66.81999969482422,9762000
2023-10-24,67.4959487915039,68.06999969482422,68.3499984741211,67.12999725341797,67.29000091552734,8450700
2023-10-25,65.93919372558594,66.5,69.19999694824219,65.9000015258789,68.48999786376953,11924300
2023-10-26,63.985801696777344,64.52999877929688,67.44000244140625,63.880001068115234,66.44999694824219,16697900
2023-10-27,65.09636688232422,65.6500015258789,66.2699966430664,64.87999725341797,64.91999816894531,9980300
2023-10-30,65.51282501220703,66.06999969482422,67.55000305175781,65.16999816894531,66.36000061035156,10667700
2023-10-31,66.30608367919922,66.87000274658203,67.06999969482422,65.26000213623047,66.08000183105469,8268400
2023-11-01,68.81474304199219,69.4000015258789,69.66000366210938,67.0,67.0,16777500
2023-11-02,69.84597778320312,70.44000244140625,71.02999877929688,69.75,70.31999969482422,11926000
2023-11-03,71.96792602539062,72.58000183105469,73.19000244140625,71.1500015258789,71.30000305175781,14457900
2023-11-06,72.30504608154297,72.91999816894531,72.98999786376953,72.0199966430664,72.58000183105469,10073900
2023-11-07,72.18606567382812,72.80000305175781,73.12999725341797,71.70999908447266,72.4800033569336,8248400
2023-11-08,71.67044830322266,72.27999877929688,72.77999877929688,71.72000122070312,72.62000274658203,9917600
2023-11-09,72.9495620727539,73.56999969482422,76.0999984741211,73.5,73.55000305175781,22435900
2023-11-10,74.72447967529297,75.36000061035156,75.80999755859375,73.56999969482422,74.44000244140625,12306000
2023-11-13,74.14936828613281,74.77999877929688,75.19999694824219,73.38999938964844,74.1500015258789,9116000
2023-11-14,76.51920318603516,77.16999816894531,77.44999694824219,75.91000366210938,76.0,12972700
2023-11-15,76.48946380615234,77.13999938964844,77.5,76.30999755859375,77.5,9954000
2023-11-16,76.02342224121094,76.66999816894531,77.4800033569336,76.4800033569336,76.88999938964844,12989000
2023-11-17,76.90592956542969,77.55999755859375,77.94000244140625,76.47000122070312,76.5999984741211,9376900
2023-11-20,77.95698547363281,78.62000274658203,78.91000366210938,77.12999725341797,77.33999633789062,11424100
2023-11-21,76.06309509277344,76.70999908447266,77.93000030517578,76.30999755859375,77.8499984741211,12016700
2023-11-22,76.44979095458984,77.0999984741211,78.44999694824219,76.8499984741211,77.19999694824219,8579500
2023-11-24,76.22174072265625,76.87000274658203,77.01000213623047,76.37000274658203,76.68000030517578,4349600
2023-11-27,76.8563461303711,77.51000213623047,78.29000091552734,76.66000366210938,76.87000274658203,11005600
2023-11-28,75.47808074951172,76.12000274658203,76.23999786376953,73.98999786376953,75.08000183105469,19225700
2023-11-29,76.04325866699219,76.69000244140625,79.0199966430664,76.37999725341797,77.44999694824219,14062900
2023-11-30,75.47808074951172,76.12000274658203,77.0,74.97000122070312,76.81999969482422,21701600
2023-12-01,75.28968048095703,75.93000030517578,76.54000091552734,75.08999633789062,76.01000213623047,14354700
2023-12-04,73.66350555419922,74.29000091552734,75.5999984741211,73.33000183105469,75.41999816894531,11659300
2023-12-05,73.06855773925781,73.69000244140625,73.97000122070312,73.04000091552734,73.47000122070312,8800500
2023-12-06,72.51327514648438,73.12999725341797,75.4000015258789,72.93000030517578,75.30000305175781,8883900
2023-12-07,73.02890014648438,73.6500015258789,74.20999908447266,72.98999786376953,74.0199966430664,10641300
2023-12-08,74.3278579711914,74.95999908447266,75.3499984741211,73.43000030517578,73.4800033569336,12007100
2023-12-11,77.13399505615234,77.79000091552734,78.51000213623047,76.97000122070312,77.19000244140625,18547600
2023-12-12,77.50086975097656,78.16000366210938,78.26000213623047,77.0999984741211,77.41999816894531,10262100
2023-12-13,79.11711120605469,79.79000091552734,80.2699966430664,78.02999877929688,78.30000305175781,11629900
2023-12-14,81.49688720703125,82.19000244140625,82.4000015258789,80.79000091552734,80.80999755859375,17342800
2023-12-15,80.72345733642578,81.41000366210938,82.98999786376953,81.11000061035156,82.88999938964844,19547800
2023-12-18,80.8721923828125,81.55999755859375,81.86000061035156,80.80999755859375,81.58999633789062,12416600
2023-12-19,81.47703552246094,82.16999816894531,82.2699966430664,81.16999816894531,81.66999816894531,14316400
2023-12-20,78.02639770507812,78.69000244140625,81.62000274658203,78.62999725341797,81.45999908447266,29085000
2023-12-21,84.75914001464844,85.4800033569336,86.0199966430664,83.11000061035156,85.0,53969700
2023-12-22,85.76061248779297,86.48999786376953,87.48999786376953,85.62000274658203,86.1500015258789,22531800
2023-12-26,86.32579803466797,87.05999755859375,87.87000274658203,86.43000030517578,86.69999694824219,11203900
2023-12-27,85.92919158935547,86.66000366210938,87.48999786376953,86.22000122070312,87.4800033569336,9186300
2023-12-28,85.27474975585938,86.0,86.75,85.83999633789062,86.75,9606200
2023-12-29,84.73362731933594,85.33999633789062,86.13999938964844,85.02999877929688,85.83999633789062,8549200
2024-01-02,81.75492858886719,82.33999633789062,84.08000183105469,81.75,84.0,13597100
2024-01-03,81.6755142211914,82.26000213623047,82.58999633789062,80.58000183105469,81.19999694824219,12915600
2024-01-04,82.12229919433594,82.70999908447266,84.26000213623047,82.61000061035156,83.47000122070312,19134200
2024-01-05,82.85704803466797,83.44999694824219,83.52999877929688,81.01000213623047,81.4800033569336,15483700
2024-01-08,84.34638977050781,84.94999694824219,85.51000213623047,83.83000183105469,83.88999938964844,16219800
2024-01-09,82.73789978027344,83.33000183105469,84.19000244140625,82.9000015258789,83.12999725341797,12138700
2024-01-10,81.7946548461914,82.37999725341797,83.0199966430664,81.66000366210938,82.95999908447266,10748600
2024-01-11,82.7974853515625,83.38999938964844,83.44999694824219,81.81999969482422,82.80000305175781,10579300
2024-01-12,81.8045883178711,82.38999938964844,83.05000305175781,81.70999908447266,82.75,10187500
2024-01-16,84.0088119506836,84.61000061035156,85.22000122070312,82.33000183105469,82.54000091552734,13713500
2024-01-17,82.68824768066406,83.27999877929688,83.97000122070312,82.62999725341797,83.69000244140625,10245400
2024-01-18,84.21731567382812,84.81999969482422,85.81999969482422,84.04000091552734,85.22000122070312,15077700
2024-01-19,86.88821411132812,87.51000213623047,87.79000091552734,85.62000274658203,86.05999755859375,18156800
2024-01-22,88.60589599609375,89.23999786376953,89.94999694824219,88.01000213623047,88.2699966430664,14371200
2024-01-23,86.9080581665039,87.52999877929688,89.18000030517578,86.87999725341797,89.0,16850900
2024-01-24,87.45414733886719,88.08000183105469,88.56999969482422,86.61000061035156,88.41000366210938,19752800
2024-01-25,88.5661849975586,89.19999694824219,90.04000091552734,88.5,89.1500015258789,15892400
2024-01-26,87.42436218261719,88.05000305175781,88.5,86.29000091552734,87.23999786376953,14934500
2024-01-29,88.4371109008789,89.06999969482422,89.56999969482422,88.0199966430664,88.5,12108100
2024-01-30,85.54779815673828,86.16000366210938,88.79000091552734,85.76000213623047,88.08000183105469,12980400
2024-01-31,85.14071655273438,85.75,86.91999816894531,84.79000091552734,84.95999908447266,11396700
2024-02-01,85.001708984375,85.61000061035156,86.19000244140625,84.62000274658203,86.06999969482422,10459000
2024-02-02,85.86553192138672,86.4800033569336,86.61000061035156,84.94000244140625,85.06999969482422,10450000
2024-02-05,86.36197662353516,86.9800033569336,87.22000122070312,85.61000061035156,86.73999786376953,8409300
2024-02-06,83.9988784790039,84.5999984741211,87.19000244140625,83.72000122070312,86.83000183105469,12990300
2024-02-07,84.56482696533203,85.16999816894531,85.27999877929688,82.47000122070312,84.13999938964844,16374800
2024-02-08,84.27689361572266,84.87999725341797,86.02999877929688,84.52999877929688,85.51000213623047,12524500
2024-02-09,84.9520492553711,85.55999755859375,85.62000274658203,83.95999908447266,85.05999755859375,12161500
2024-02-12,85.09107208251953,85.69999694824219,86.91000366210938,85.38999938964844,85.52999877929688,10366000
2024-02-13,80.95069122314453,81.52999877929688,83.55000305175781,80.7699966430664,82.47000122070312,21207900
2024-02-14,81.24856567382812,81.83000183105469,83.18000030517578,81.48999786376953,82.18000030517578,12870900
2024-02-15,81.04997253417969,81.62999725341797,82.70999908447266,81.51000213623047,82.23999786376953,11527600
2024-02-16,78.93511199951172,79.5,81.33999633789062,79.25,80.95999908447266,15553100
2024-02-20,80.13652038574219,80.70999908447266,80.7699966430664,79.1500015258789,79.33000183105469,12627200
2024-02-21,80.91098022460938,81.48999786376953,81.5,79.94000244140625,80.79000091552734,9913300
2024-02-22,85.29956817626953,85.91000366210938,86.30999755859375,83.87999725341797,85.0,17510900
2024-02-23,85.38893127441406,86.0,86.81999969482422,85.05000305175781,86.55000305175781,10232800
2024-02-26,88.8243408203125,89.45999908447266,92.3499984741211,88.9000015258789,89.68000030517578,28920100
2024-02-27,91.19737243652344,91.8499984741211,92.75,90.48999786376952,91.88999938964844,21422700
2024-02-28,89.07257843017578,89.70999908447266,90.79000091552734,89.30000305175781,90.45999908447266,14190700
2024-02-29,89.9661865234375,90.61000061035156,90.83000183105467,88.81999969482422,90.6500015258789,17027000
2024-03-01,94.4739227294922,95.1500015258789,96.05999755859376,91.91999816894533,91.91999816894533,23446200
2024-03-04,95.08951568603516,95.7699966430664,97.37999725341795,94.62000274658205,96.93000030517578,20913200
2024-03-05,93.79875946044922,94.47000122070312,95.37000274658205,93.27999877929688,94.25,12887500
2024-03-06,94.8810043334961,95.55999755859376,96.43000030517578,94.55999755859376,95.0500030517578,14232400
2024-03-07,98.2767105102539,98.9800033569336,99.69000244140624,97.47000122070312,98.93000030517578,24843300
2024-03-08,96.92637634277344,97.62000274658205,101.8499984741211,97.31999969482422,99.87999725341795,22379000
2024-03-11,93.83846282958984,94.51000213623048,96.45999908447266,93.52999877929688,95.9000015258789,15673300
2024-03-12,96.727783203125,97.41999816894533,97.5,93.63999938964844,95.33000183105467,14993700
2024-03-13,93.49095916748048,94.16000366210938,95.33999633789062,93.0999984741211,95.31999969482422,16732600
2024-03-14,90.78034973144533,91.43000030517578,93.4499969482422,90.3000030517578,93.3000030517578,16718900
2024-03-15,92.58740997314452,93.25,94.6999969482422,92.0199966430664,92.4800033569336,29579500
2024-03-18,93.11365509033205,93.77999877929688,97.08000183105467,93.69000244140624,96.81999969482422,23140300
2024-03-19,93.33209228515624,94.0,94.16000366210938,91.0,92.58000183105467,21054700
2024-03-20,95.56610107421876,96.25,96.68000030517578,93.58999633789062,94.98999786376952,39807400
2024-03-21,109.0694580078125,109.8499984741211,113.5,108.77999877929688,113.37000274658205,89554100
2024-03-22,109.42691802978516,110.20999908447266,111.33999633789062,107.0500030517578,109.30999755859376,37281400
2024-03-25,116.29773712158205,117.12999725341795,121.41000366210938,110.16000366210938,110.23999786376952,55766100
2024-03-26,117.95587158203124,118.8000030517578,122.45999908447266,118.16999816894533,119.0,44295100
2024-03-27,118.40267944335938,119.25,120.11000061035156,117.08000183105467,119.3000030517578,29320700
2024-03-28,117.1653289794922,117.88999938964844,119.62999725341795,117.3499984741211,119.44000244140624,21047800
2024-04-01,123.5359344482422,124.3000030517578,127.37999725341795,119.0,119.1999969482422,44309400
2024-04-02,121.99544525146484,122.75,123.68000030517578,120.91999816894533,122.70999908447266,25026400
2024-04-03,127.22311401367188,128.00999450683594,128.27999877929688,121.33000183105467,122.1999969482422,40130100
2024-04-04,123.32720184326172,124.08999633789062,130.5399932861328,123.6500015258789,130.17999267578125,36009900
2024-04-05,122.8203582763672,123.58000183105467,125.69000244140624,121.1999969482422,124.4000015258789,23326500
2024-04-08,122.1942138671875,122.9499969482422,129.6999969482422,122.61000061035156,129.05999755859375,27955800
2024-04-09,121.87619018554688,122.62999725341795,126.13999938964844,121.2699966430664,124.88999938964844,19212900
2024-04-10,121.44882202148438,122.1999969482422,124.4800033569336,119.93000030517578,120.0,22242300
2024-04-11,126.72618865966795,127.51000213623048,127.55999755859376,122.08000183105467,122.9000015258789,21745300
2024-04-12,121.76686096191406,122.5199966430664,125.98999786376952,121.83000183105467,125.25,24808200
2024-04-15,120.62393188476562,121.37000274658205,124.77999877929688,120.61000061035156,123.62999725341795,17732600
2024-04-16,121.02147674560548,121.7699966430664,122.5500030517578,118.36000061035156,119.52999877929688,17452400
2024-04-17,115.61492156982422,116.33000183105467,124.41999816894533,116.1999969482422,122.0199966430664,25546500
2024-04-18,111.2419662475586,111.93000030517578,117.62000274658205,111.4800033569336,116.0,32146900
2024-04-19,106.11368560791016,106.7699966430664,110.87999725341795,105.72000122070312,109.66000366210938,33787500
2024-04-22,108.44923400878906,109.12000274658205,110.2300033569336,106.62999725341795,107.5999984741211,19820900
2024-04-23,111.76870727539062,112.45999908447266,112.88999938964844,108.91000366210938,109.70999908447266,17887500
2024-04-24,111.09288024902344,111.77999877929688,113.9499969482422,109.2300033569336,112.72000122070312,20505900
2024-04-25,110.89411926269533,111.58000183105467,113.05999755859376,108.06999969482422,109.37000274658205,18342800
2024-04-26,114.13407135009766,114.83999633789062,115.05999755859376,111.5999984741211,112.0,20630700
2024-04-29,113.65702056884766,114.36000061035156,114.75,112.11000061035156,113.80999755859376,14419100
2024-04-30,112.265625,112.95999908447266,116.27999877929688,112.93000030517578,114.18000030517578,14845600
2024-05-01,109.02567291259766,109.6999969482422,113.7300033569336,108.75,110.5199966430664,16686200
2024-05-02,111.6395034790039,112.33000183105467,112.41000366210938,109.43000030517578,111.73999786376952,15439200
2024-05-03,113.99493408203124,114.6999969482422,115.4800033569336,113.4499969482422,115.02999877929688,15564400
2024-05-06,119.39156341552734,120.12999725341795,121.37000274658205,118.0199966430664,119.77999877929688,22538700
2024-05-07,118.47720336914062,119.20999908447266,121.41000366210938,119.18000030517578,120.1500015258789,12508300
2024-05-08,118.5865478515625,119.31999969482422,120.47000122070312,118.22000122070312,118.3000030517578,10867900
2024-05-09,117.0858154296875,117.80999755859376,119.62999725341795,117.44000244140624,119.31999969482422,11524800
2024-05-10,120.49474334716795,121.23999786376952,121.8499984741211,119.18000030517578,120.04000091552734,13922400
2024-05-13,122.2439193725586,123.0,124.11000061035156,121.6500015258789,122.93000030517578,16643200
2024-05-14,124.04278564453124,124.80999755859376,125.04000091552734,121.66999816894533,122.98999786376952,13887700
2024-05-15,127.02434539794922,127.80999755859376,127.9499969482422,125.44000244140624,126.2300033569336,14265100
2024-05-16,127.10385131835938,127.88999938964844,130.1300048828125,127.0500030517578,127.93000030517578,15874700
2024-05-17,124.51984405517578,125.29000091552734,129.02999877929688,124.86000061035156,128.36000061035156,13774700
2024-05-20,128.20704650878906,129.0,131.02000427246094,126.63999938964844,127.12999725341795,19123200
2024-05-21,126.71625518798828,127.5,128.82000732421875,123.27999877929688,124.1999969482422,15717800
2024-05-22,125.50375366210938,126.27999877929688,127.87000274658205,125.23999786376952,127.79000091552734,11190100
2024-05-23,125.49381256103516,126.2699966430664,131.9499969482422,124.66000366210938,131.77000427246094,20747400
2024-05-24,128.69403076171875,129.49000549316406,130.39999389648438,126.5999984741211,127.81999969482422,14048900
2024-05-28,131.85447692871094,132.6699981689453,133.3000030517578,129.27000427246094,131.75999450683594,14143000
2024-05-29,130.7711639404297,131.5800018310547,133.10000610351562,129.89999389648438,130.0,11242500
2024-05-30,125.51370239257812,126.29000091552734,131.6699981689453,125.6999969482422,130.3000030517578,12639700
2024-05-31,124.23162841796876,125.0,127.31999969482422,121.01000213623048,126.3499984741211,24153800
2024-06-03,127.38213348388672,128.1699981689453,128.83999633789062,125.1500015258789,128.1300048828125,16134300
2024-06-04,125.86154174804688,126.63999938964844,127.86000061035156,125.41999816894533,127.3499984741211,12995500
2024-06-05,132.88809204101562,133.7100067138672,133.8699951171875,127.6500015258789,128.8000030517578,22301800
2024-06-06,129.2704620361328,130.07000732421875,134.1300048828125,129.17999267578125,133.83999633789062,15505000
2024-06-07,130.13510131835938,130.94000244140625,132.5399932861328,129.6199951171875,130.2100067138672,12139500
2024-06-10,133.99127197265625,134.82000732421875,135.6699981689453,129.7100067138672,129.7100067138672,14652100
2024-06-11,134.23973083496094,135.07000732421875,135.85000610351562,131.77999877929688,135.32000732421875,14125000
2024-06-12,139.88479614257812,140.75,141.7100067138672,136.8300018310547,138.50999450683594,16973600
2024-06-13,142.26010131835938,143.13999938964844,144.22000122070312,140.25999450683594,142.7899932861328,16312900
2024-06-14,140.49107360839844,141.36000061035156,142.49000549316406,139.64999389648438,141.8000030517578,14028500
2024-06-17,146.92127990722656,147.8300018310547,148.75,142.13999938964844,145.5800018310547,23909000
2024-06-18,152.50672912597656,153.4499969482422,157.5399932861328,151.50999450683594,151.74000549316406,42192600
2024-06-20,143.3036651611328,144.19000244140625,157.41000366210938,142.91000366210938,157.00999450683594,41285000
2024-06-21,138.68223571777344,139.5399932861328,142.60000610351562,135.6999969482422,137.64999389648438,49893500
2024-06-24,138.155517578125,139.00999450683594,142.8300018310547,137.88999938964844,142.44000244140625,32410100
2024-06-25,140.2525177001953,141.1199951171875,141.1300048828125,137.75,140.07000732421875,31160600
2024-06-26,141.4849395751953,142.36000061035156,144.07000732421875,139.5399932861328,143.0399932861328,55490300
2024-06-27,131.41717529296875,132.22999572753906,137.38999938964844,131.0800018310547,135.7899932861328,68172700
2024-06-28,130.7214813232422,131.52999877929688,135.4199981689453,130.75,132.82000732421875,38140600
2024-07-01,130.71156311035156,131.52000427246094,132.0800018310547,127.2699966430664,130.5,24749000
2024-07-02,131.77496337890625,132.58999633789062,132.7100067138672,129.4199981689453,129.91000366210938,20776000
2024-07-03,135.97897338867188,136.82000732421875,136.82000732421875,132.42999267578125,132.66000366210938,14507100
2024-07-05,130.7910614013672,131.60000610351562,137.1300048828125,130.91000366210938,136.82000732421875,30104600
2024-07-08,130.00025939941406,130.69000244140625,133.27000427246094,130.08999633789062,131.2899932861328,20500700
2024-07-09,130.4478759765625,131.13999938964844,135.2100067138672,130.8800048828125,131.75,21850900
2024-07-10,135.670166015625,136.38999938964844,136.5,132.6999969482422,133.10000610351562,22460200
2024-07-11,129.54266357421875,130.22999572753906,136.42999267578125,130.07000732421875,136.36000061035156,25401500
2024-07-12,132.84515380859375,133.5500030517578,134.42999267578125,130.72000122070312,131.75,20726900
2024-07-15,130.17930603027344,130.8699951171875,135.35000610351562,130.02999877929688,133.91000366210938,20416000
2024-07-16,126.81713104248048,127.48999786376952,130.97000122070312,127.23999786376952,130.4199981689453,21312600
2024-07-17,118.86930847167967,119.5,123.02999877929688,119.2300033569336,122.58000183105467,31414100
2024-07-18,116.8301239013672,117.4499969482422,121.63999938964844,114.08999633789062,120.5,30404900
2024-07-19,113.65696716308594,114.26000213623048,117.20999908447266,113.8499984741211,116.69000244140624,18038900
2024-07-22,114.67156982421876,115.27999877929688,115.58000183105467,113.63999938964844,115.36000061035156,23837800
2024-07-23,113.6470184326172,114.25,116.33999633789062,113.83000183105467,115.12999725341795,14707700
2024-07-24,109.69796752929688,110.27999877929688,114.04000091552734,110.0,111.47000122070312,25261000
2024-07-25,106.88290405273438,107.4499969482422,110.6999969482422,105.04000091552734,106.8000030517578,29068400
2024-07-26,108.8325653076172,109.41000366210938,110.62999725341795,107.77999877929688,110.0,18547900
2024-07-29,107.28079986572266,107.8499984741211,111.02999877929688,107.13999938964844,110.54000091552734,13517700
2024-07-30,102.01870727539062,102.55999755859376,109.25,102.16999816894533,109.0,23915100
2024-07-31,109.24039459228516,109.81999969482422,111.33999633789062,107.75,109.8499984741211,26503600
2024-08-01,100.97425842285156,101.51000213623048,107.86000061035156,99.9499969482422,107.18000030517578,31643700
2024-08-02,92.2107391357422,92.6999969482422,97.69000244140624,91.06999969482422,97.16000366210938,36039400
2024-08-05,89.94279479980469,90.41999816894533,92.25,84.91000366210938,87.62999725341797,36977600
2024-08-06,88.53028106689453,89.0,90.86000061035156,87.1500015258789,89.19999694824219,26460000
2024-08-07,86.3418960571289,86.80000305175781,93.58000183105467,86.58000183105469,93.37999725341795,29483800
2024-08-08,91.5840835571289,92.06999969482422,92.8499984741211,88.02999877929688,88.4800033569336,24760700
2024-08-09,92.5887451171875,93.08000183105467,94.52999877929688,91.4499969482422,91.79000091552734,21627200
2024-08-12,94.14051818847656,94.63999938964844,96.52999877929688,92.62999725341795,93.0999984741211,18886600
2024-08-13,96.9257354736328,97.44000244140624,97.77999877929688,94.91000366210938,96.62000274658205,23565500
2024-08-14,99.88005828857422,100.41000366210938,101.9499969482422,98.06999969482422,101.0,22459000
2024-08-15,106.38553619384766,106.9499969482422,108.0500030517578,102.75,103.51000213623048,29128000
2024-08-16,107.4200439453125,107.98999786376952,109.47000122070312,105.3499984741211,106.83000183105467,18383300
2024-08-19,108.05667877197266,108.62999725341795,108.72000122070312,104.76000213623048,107.25,15744600
2024-08-20,107.4200439453125,107.98999786376952,109.19000244140624,106.16000366210938,108.33000183105467,16075500
2024-08-21,107.7582550048828,108.33000183105467,108.4000015258789,106.20999908447266,108.16000366210938,13658900
2024-08-22,103.7097396850586,104.26000213623048,111.0,103.95999908447266,108.9499969482422,17967000
2024-08-23,102.3071746826172,102.8499984741211,104.41000366210938,100.30999755859376,103.04000091552734,25465100
2024-08-26,98.3879852294922,98.91000366210938,102.19000244140624,97.61000061035156,100.66999816894533,26752300
2024-08-27,97.34351348876952,97.86000061035156,98.48999786376952,96.66999816894533,97.08999633789062,17234600
2024-08-28,94.35935974121094,94.86000061035156,97.68000030517578,92.6999969482422,97.36000061035156,25564300
2024-08-29,95.06560516357422,95.56999969482422,97.9800033569336,94.98999786376952,96.55999755859376,18984300
2024-08-30,95.7320785522461,96.23999786376952,98.41000366210938,94.98999786376952,96.91999816894533,18819400
2024-09-03,88.11249542236328,88.58000183105469,93.87999725341795,88.30999755859375,93.62999725341795,28897200
2024-09-04,88.8187484741211,89.29000091552734,90.7300033569336,87.80999755859375,88.36000061035156,16356500
2024-09-05,88.91822052001953,89.38999938964844,90.6999969482422,87.76000213623047,88.0999984741211,13890700
2024-09-06,85.92410278320312,86.37999725341797,89.6500015258789,85.26000213623047,89.37000274658203,23587100
2024-09-09,85.81468963623047,86.2699966430664,87.95999908447266,85.01000213623047,87.8499984741211,20526400
2024-09-10,86.3916244506836,86.8499984741211,87.19000244140625,84.87000274658203,86.97000122070312,17019000
2024-09-11,90.17157745361328,90.6500015258789,90.83000183105467,86.08000183105469,88.19999694824219,20879600
2024-09-12,86.74972534179688,87.20999908447266,88.02999877929688,84.12000274658203,87.0999984741211,30900000
2024-09-13,90.73855590820312,91.22000122070312,91.47000122070312,87.87000274658203,88.08999633789062,21267200
2024-09-16,86.71987915039062,87.18000030517578,88.23999786376953,85.91999816894531,87.23999786376953,26494300
2024-09-17,88.26170349121094,88.7300033569336,89.56999969482422,87.54000091552734,88.05999755859375,17744800
2024-09-18,86.88898468017578,87.3499984741211,89.19999694824219,86.70999908447266,87.98999786376953,20130600
2024-09-19,88.77896118164062,89.25,90.38999938964844,87.58000183105469,89.3499984741211,25208900
2024-09-20,90.42024993896484,90.9000015258789,90.97000122070312,88.33000183105469,88.4000015258789,28711000
2024-09-23,93.07615661621094,93.56999969482422,94.8000030517578,92.58000183105467,92.68000030517578,23394100
2024-09-24,93.50389099121094,94.0,95.0,92.76000213623048,94.7300033569336,23043200
2024-09-25,95.2645492553711,95.7699966430664,96.18000030517578,93.93000030517578,94.16000366210938,54762900
2024-09-26,109.3000717163086,109.87999725341795,114.8000030517578,107.52999877929688,113.0999984741211,107965900
2024-09-27,106.93263244628906,107.5,110.97000122070312,107.02999877929688,110.5,42960200
2024-09-30,103.1626434326172,103.70999908447266,106.75,102.26000213623048,106.08000183105467,39544700
2024-10-01,99.78057861328124,100.30999755859376,104.1999969482422,98.94000244140624,103.4000015258789,34309800
2024-10-02,99.3230209350586,99.8499984741211,102.12000274658205,99.33000183105467,100.58999633789062,26334900
2024-10-03,101.2826156616211,101.81999969482422,102.52999877929688,99.4000015258789,99.47000122070312,22176700
2024-10-04,101.71035766601562,102.25,104.23999786376952,101.4000015258789,103.6500015258789,21911200
2024-10-07,102.4821319580078,102.91000366210938,104.58999633789062,100.80999755859376,102.16000366210938,21749300
2024-10-08,102.11366271972656,102.54000091552734,102.94000244140624,101.26000213623048,102.18000030517578,18858300
2024-10-09,101.27715301513672,101.6999969482422,102.29000091552734,100.31999969482422,102.25,18442700
2024-10-10,105.25057220458984,105.69000244140624,106.58000183105467,100.8499984741211,101.37000274658205,27605600
2024-10-11,106.47544860839844,106.91999816894533,107.6500015258789,104.98999786376952,105.04000091552734,19133900
2024-10-14,107.88954162597656,108.33999633789062,108.70999908447266,106.8000030517578,107.80999755859376,15021900
2024-10-15,103.88626861572266,104.31999969482422,109.48999786376952,102.70999908447266,107.86000061035156,23419100
2024-10-16,108.78580474853516,109.23999786376952,109.62999725341795,105.61000061035156,106.0199966430664,20450900
2024-10-17,111.58412170410156,112.0500030517578,114.13999938964844,111.01000213623048,111.33999633789062,26584800
2024-10-18,110.68787384033205,111.1500015258789,112.9000015258789,109.86000061035156,111.75,16700400
2024-10-21,108.62647247314452,109.08000183105467,111.13999938964844,107.69000244140624,111.0999984741211,14829400
2024-10-22,107.37171173095705,107.81999969482422,108.5199966430664,106.37000274658205,108.23999786376952,13758100
2024-10-23,104.61322784423828,105.0500030517578,107.0999984741211,103.54000091552734,106.55999755859376,15174700
2024-10-24,106.40574645996094,106.8499984741211,107.52999877929688,105.5500030517578,106.77999877929688,13206300
2024-10-25,107.46133422851562,107.91000366210938,109.87999725341795,107.72000122070312,108.33999633789062,12265000
2024-10-28,105.9476547241211,106.38999938964844,108.18000030517578,106.31999969482422,106.77999877929688,12381000
2024-10-29,107.73020935058594,108.18000030517578,108.75,105.5999984741211,106.58999633789062,15164600
2024-10-30,103.6472625732422,104.08000183105467,106.8000030517578,103.63999938964844,106.26000213623048,14321800
2024-10-31,99.23567962646484,99.6500015258789,102.48999786376952,99.06999969482422,102.1999969482422,19830300
2024-11-01,99.31533813476562,99.7300033569336,100.61000061035156,99.37000274658205,100.0,13623400
2024-11-04,101.30703735351562,101.7300033569336,103.79000091552734,101.0,101.5,15765800
2024-11-05,105.05139923095705,105.48999786376952,105.62000274658205,101.79000091552734,102.0,12071900
2024-11-06,111.36504364013672,111.83000183105467,112.31999969482422,107.0,108.37999725341795,20304500
2024-11-07,112.9384765625,113.41000366210938,113.86000061035156,111.37000274658205,112.55999755859376,13569800
2024-11-08,111.43474578857422,111.9000015258789,114.3000030517578,110.56999969482422,112.13999938964844,13045700
2024-11-11,108.19825744628906,108.6500015258789,111.51000213623048,106.7699966430664,110.9499969482422,14479700
2024-11-12,103.66717529296876,104.0999984741211,105.08999633789062,102.06999969482422,105.0,21859700
2024-11-13,99.50455474853516,99.91999816894533,103.33999633789062,99.81999969482422,102.8000030517578,18416200
2024-11-14,98.76763153076172,99.18000030517578,102.29000091552734,98.55999755859376,101.29000091552734,18459700
2024-11-15,95.9394302368164,96.33999633789062,98.1999969482422,95.63999938964844,97.5500030517578,18518300
2024-11-18,97.10457611083984,97.51000213623048,98.06999969482422,95.52999877929688,96.5500030517578,14236400
2024-11-19,97.32366943359376,97.7300033569336,98.18000030517578,96.51000213623048,97.0,14160300
2024-11-20,97.96100616455078,98.37000274658205,98.52999877929688,96.52999877929688,97.9800033569336,10490600
2024-11-21,102.33274841308594,102.76000213623048,103.29000091552734,98.05999755859376,100.0999984741211,18915200
2024-11-22,102.21324920654295,102.63999938964844,103.70999908447266,101.6500015258789,102.36000061035156,12063700
2024-11-25,104.04560089111328,104.4800033569336,106.4000015258789,103.80999755859376,103.8499984741211,22837900
2024-11-26,101.37673950195312,101.8000030517578,104.72000122070312,100.30999755859376,104.0,19275700
2024-11-27,97.79170989990234,98.1999969482422,101.04000091552734,96.63999938964844,100.94000244140624,17046400
2024-11-29,97.54273986816406,97.9499969482422,98.1999969482422,96.0999984741211,97.23999786376952,13729400
2024-12-02,98.1402587890625,98.5500030517578,100.08999633789062,97.52999877929688,97.5999984741211,16525600
2024-12-03,99.42488861083984,99.83999633789062,103.68000030517578,99.62999725341795,101.12000274658205,23479700
2024-12-04,102.77091217041016,103.1999969482422,103.41000366210938,99.8000030517578,100.7699966430664,16306200
2024-12-05,100.45060729980467,100.87000274658205,104.25,100.61000061035156,103.87999725341795,13448900
2024-12-06,100.74935150146484,101.16999816894533,102.19000244140624,100.02999877929688,100.87999725341795,12381000
2024-12-09,102.39249420166016,102.81999969482422,104.5,100.37000274658205,100.6500015258789,14141900
2024-12-10,97.69212341308594,98.0999984741211,105.0,97.2699966430664,104.95999908447266,23548500
2024-12-11,101.63565826416016,102.05999755859376,102.66000366210938,98.3000030517578,99.5,15248400
2024-12-12,97.83153533935548,98.23999786376952,101.9800033569336,97.76000213623048,101.4000015258789,19334900
2024-12-13,102.07383728027344,102.5,103.1999969482422,99.66999816894533,100.7699966430664,23926000
2024-12-16,107.80988311767578,108.26000213623048,111.12999725341795,104.54000091552734,105.61000061035156,42741200
2024-12-17,108.1484603881836,108.5999984741211,110.48999786376952,107.68000030517578,109.75,35811500
2024-12-18,103.46800994873048,103.9000015258789,112.04000091552734,102.7300033569336,110.25,63024300
2024-12-19,86.72789764404297,87.08999633789062,91.0,84.61000061035156,90.08000183105467,91396800
2024-12-20,89.74530792236328,90.12000274658205,90.25,83.54000091552734,85.41000366210938,49578400
2024-12-23,89.34696960449219,89.72000122070312,91.0999984741211,88.4000015258789,90.0,26041500
2024-12-24,88.90880584716797,89.27999877929688,89.69999694824219,88.2300033569336,89.58000183105469,13021300
2024-12-26,89.44654846191406,89.81999969482422,90.62999725341795,88.0999984741211,88.5,14468200
2024-12-27,88.2614974975586,88.62999725341797,89.48999786376953,87.58000183105469,89.0,19422600
2024-12-30,85.06568145751953,85.30999755859375,87.05000305175781,84.58000183105469,86.98999786376953,22022900
2024-12-31,83.91897583007812,84.16000366210938,86.4000015258789,84.08999633789062,85.44000244140625,18691500
2025-01-02,87.07989501953125,87.33000183105469,87.6500015258789,84.73999786376953,84.9800033569336,18860000
2025-01-03,89.61261749267578,89.87000274658203,90.1999969482422,87.51000213623047,87.94999694824219,17484600
2025-01-06,98.97572326660156,99.26000213623048,101.5199966430664,95.4800033569336,95.56999969482422,42903300
2025-01-07,101.6181411743164,101.91000366210938,106.73999786376952,101.16000366210938,103.41000366210938,53570000
2025-01-08,99.12530517578124,99.41000366210938,103.4800033569336,98.3000030517578,102.81999969482422,33516900
2025-01-10,99.05549621582033,99.33999633789062,100.77999877929688,96.87000274658205,98.12000274658205,20512600
2025-01-13,94.78775024414062,95.05999755859376,96.0,92.87999725341795,95.83999633789062,22699100
2025-01-14,97.08116912841795,97.36000061035156,97.41000366210938,95.37999725341795,97.0500030517578,18613400
2025-01-15,102.89447021484376,103.19000244140624,103.93000030517578,99.3499984741211,99.44000244140624,27568100
2025-01-16,102.30615997314452,102.5999984741211,104.8000030517578,101.87000274658205,104.31999969482422,16243800
2025-01-17,105.44713592529295,105.75,105.87999725341795,102.5,104.63999938964844,18908900
2025-01-21,109.06674194335938,109.37999725341795,110.23999786376952,105.2300033569336,105.43000030517578,23533600
2025-01-22,108.91718292236328,109.2300033569336,110.66999816894533,107.76000213623048,109.16999816894533,20004300
2025-01-23,104.53974151611328,104.83999633789062,106.18000030517578,103.3499984741211,104.79000091552734,22677600
2025-01-24,102.89447021484376,103.19000244140624,105.72000122070312,102.72000122070312,105.5,19743800
2025-01-27,90.84906768798828,91.11000061035156,96.0999984741211,88.36000061035156,94.86000061035156,50696200
2025-01-28,87.99725341796875,88.25,93.4499969482422,88.04000091552734,92.61000061035156,34793600
2025-01-29,88.75508880615234,89.01000213623047,90.4499969482422,87.76000213623047,89.87999725341797,25342800
2025-01-30,92.2350845336914,92.5,93.16000366210938,90.3000030517578,90.66000366210938,22497100
2025-01-31,90.97869110107422,91.23999786376952,94.2699966430664,91.13999938964844,91.6500015258789,20492100
2025-02-03,89.6624755859375,89.91999816894531,91.4000015258789,88.0199966430664,88.6500015258789,18607900
2025-02-04,90.40036010742188,90.66000366210938,91.4499969482422,88.80000305175781,89.05000305175781,12827500
2025-02-05,93.3319320678711,93.5999984741211,93.6500015258789,90.22000122070312,90.38999938964844,15660000
2025-02-06,94.2692413330078,94.54000091552734,96.61000061035156,93.58000183105467,94.87999725341795,16141100
2025-02-07,92.03565216064452,92.3000030517578,95.93000030517578,91.58999633789062,95.58999633789062,15602800
2025-02-10,95.65525817871094,95.93000030517578,96.26000213623048,93.16999816894533,93.19000244140624,16217900
2025-02-11,93.81056213378906,94.08000183105467,95.83999633789062,93.55999755859376,94.25,12124000
2025-02-12,91.4174346923828,91.68000030517578,92.63999938964844,87.3499984741211,89.5999984741211,22874700
2025-02-13,95.3860321044922,95.66000366210938,96.06999969482422,92.0199966430664,92.05999755859376,16579900
2025-02-14,99.23497772216795,99.5199966430664,100.6999969482422,98.0,98.41000366210938,21284500
2025-02-18,106.48416137695312,106.79000091552734,107.87999725341795,102.0500030517578,102.63999938964844,29641900
2025-02-19,104.06111907958984,104.36000061035156,107.19000244140624,103.62000274658205,105.76000213623048,17875900
2025-02-20,102.8844985961914,103.18000030517578,104.8499984741211,102.33999633789062,103.9800033569336,14488000
2025-02-21,98.55692291259766,98.83999633789062,103.66000366210938,97.75,103.63999938964844,18650800
2025-02-24,95.13675689697266,95.41000366210938,100.6999969482422,95.27999877929688,100.22000122070312,14883700
2025-02-25,92.9530258178711,93.22000122070312,95.93000030517578,92.76000213623048,95.5,18608200
2025-02-26,97.43016052246094,97.70999908447266,99.72000122070312,95.5,96.0,21335200
2025-02-27,91.5570297241211,91.81999969482422,99.88999938964844,91.48999786376952,97.83999633789062,22386300
2025-02-28,93.36184692382812,93.62999725341795,94.45999908447266,89.87000274658203,91.0,23359100
2025-03-03,90.28070068359376,90.54000091552734,96.1999969482422,89.38999938964844,95.80999755859376,20281800
2025-03-04,90.93881225585938,91.1999969482422,93.58999633789062,86.80000305175781,90.1999969482422,23611500
2025-03-05,94.06981658935548,94.33999633789062,95.0500030517578,90.43000030517578,92.1500015258789,14010300
2025-03-06,89.01432800292969,89.2699966430664,93.29000091552734,89.02999877929688,90.93000030517578,18708100
2025-03-07,92.69376373291016,92.95999908447266,93.33999633789062,89.48999786376953,90.29000091552734,19133900
2025-03-10,86.83061218261719,87.08000183105469,91.37000274658205,85.76000213623047,89.58999633789062,21897900
2025-03-11,88.79496765136719,89.05000305175781,91.0999984741211,86.06999969482422,87.9000015258789,21962100
2025-03-12,95.36609649658205,95.63999938964844,96.98999786376952,92.23999786376952,92.47000122070312,23584700
2025-03-13,94.60826110839844,94.87999725341795,98.12000274658205,94.0,94.25,18824700
2025-03-14,100.50135040283205,100.79000091552734,102.77999877929688,98.75,98.75,24623600
2025-03-17,102.81470489501952,103.11000061035156,104.4499969482422,100.95999908447266,101.05999755859376,17095100
2025-03-18,101.42867279052734,101.72000122070312,103.30999755859376,100.29000091552734,101.9000015258789,18434100
2025-03-19,101.76770782470705,102.05999755859376,103.5999984741211,100.48999786376952,100.81999969482422,16633100
2025-03-20,102.70500946044922,103.0,104.69000244140624,101.3499984741211,101.58000183105467,29204400
2025-03-21,94.44872283935548,94.72000122070312,98.5,93.6999969482422,98.1999969482422,63239600
2025-03-24,96.66236877441406,96.94000244140624,98.41999816894533,95.33000183105467,96.0999984741211,35406600
2025-03-25,93.9102783203125,94.18000030517578,96.37999725341795,93.25,96.18000030517578,22191700
2025-03-26,91.86613464355467,92.12999725341795,96.63999938964844,90.97000122070312,96.0,27107200
2025-03-27,90.89893341064452,91.16000366210938,92.20999908447266,89.61000061035156,91.08999633789062,15658700
2025-03-28,88.18671417236328,88.44000244140625,90.88999938964844,87.5999984741211,90.47000122070312,17118000
2025-03-31,86.75395965576172,86.88999938964844,87.08999633789062,84.0999984741211,86.0,21089500
2025-04-01,88.57111358642578,88.70999908447266,88.88999938964844,86.25,88.52999877929688,15337100
2025-04-02,88.4612808227539,88.5999984741211,89.93000030517578,86.69999694824219,87.12999725341797,14520400
2025-04-03,74.2236099243164,74.33999633789062,83.3499984741211,74.20999908447266,82.91999816894531,44839500
2025-04-04,64.6186752319336,64.72000122070312,71.33999633789062,63.86000061035156,70.6500015258789,50737700
2025-04-07,68.2629623413086,68.37000274658203,72.45999908447266,61.540000915527344,63.93999862670898,50181800
2025-04-08,65.43739318847656,65.54000091552734,72.97000122070312,63.52000045776367,71.5999984741211,40822100
2025-04-09,77.74808502197266,77.87000274658203,78.55999755859375,63.70000076293945,66.19999694824219,63132600
2025-04-10,69.9403305053711,70.05000305175781,73.05000305175781,67.5,72.5,44882300
2025-04-11,69.44110870361328,69.55000305175781,70.16999816894531,66.83000183105469,69.04000091552734,30807800
2025-04-14,70.90880584716797,71.0199966430664,74.77999877929688,69.97000122070312,74.66999816894531,32634700
2025-04-15,70.92877960205078,71.04000091552734,72.80000305175781,70.55000305175781,71.12000274658203,19132700
2025-04-16,69.2214584350586,69.33000183105469,70.44999694824219,67.16999816894531,67.93000030517578,28475000
2025-04-17,68.69229125976562,68.80000305175781,70.4800033569336,67.0,70.44000244140625,20694100
2025-04-21,66.63550567626953,66.73999786376953,68.0,65.6500015258789,67.76000213623047,19826100
2025-04-22,70.1000747680664,70.20999908447266,70.4000015258789,67.44000244140625,67.54000091552734,20351200
2025-04-23,72.8158187866211,72.93000030517578,75.4000015258789,72.5,73.69000244140625,26385500
2025-04-24,77.29878234863281,77.41999816894531,77.58999633789062,73.5999984741211,74.56999969482422,23875600
2025-04-25,79.65509033203125,79.77999877929688,80.30000305175781,76.9000015258789,77.55000305175781,19746200
2025-04-28,78.43700408935547,78.55999755859375,79.61000061035156,76.91999816894531,78.7699966430664,16882400
2025-04-29,76.75962829589844,76.87999725341797,78.19000244140625,76.47000122070312,77.94000244140625,17098000
2025-04-30,76.82952117919922,76.94999694824219,77.1500015258789,73.5,73.62000274658203,19779300
2025-05-01,77.64823150634766,77.7699966430664,79.88999938964844,77.63999938964844,79.4000015258789,15349200
2025-05-02,80.5936279296875,80.72000122070312,81.66999816894531,79.0999984741211,79.58000183105469,18899700
2025-05-05,80.2940902709961,80.41999816894531,81.1500015258789,79.05000305175781,79.41000366210938,12513600
2025-05-06,80.38395690917969,80.51000213623047,81.22000122070312,78.54000091552734,79.04000091552734,13173800
2025-05-07,82.49064636230469,82.62000274658203,82.87000274658203,80.19999694824219,80.98999786376953,14889700
2025-05-08,85.01669311523438,85.1500015258789,86.20999908447266,83.36000061035156,84.25,17580500
2025-05-09,85.72557067871094,85.86000061035156,86.2699966430664,84.68000030517578,85.56999969482422,13017600
2025-05-12,92.1455078125,92.29000091552734,94.1999969482422,91.9499969482422,92.80999755859376,27765300
2025-05-13,96.77824401855467,96.93000030517578,97.41000366210938,92.5500030517578,92.5500030517578,28009100
2025-05-14,95.17076110839844,95.31999969482422,97.6500015258789,94.31999969482422,96.3000030517578,28044400
2025-05-15,95.30055236816406,95.4499969482422,95.61000061035156,92.16999816894533,94.01000213623048,24196100
2025-05-16,97.84656524658205,98.0,98.19000244140624,95.6999969482422,95.9000015258789,22609300
2025-05-19,98.49555206298828,98.6500015258789,99.0199966430664,95.6999969482422,95.70999908447266,14380100
2025-05-20,97.94640350341795,98.0999984741211,98.62999725341795,96.97000122070312,97.91999816894533,12331300
2025-05-21,95.68994903564452,95.83999633789062,98.81999969482422,95.26000213623048,97.16000366210938,15764300
2025-05-22,94.68152618408205,94.83000183105467,97.22000122070312,94.37000274658205,95.41000366210938,13245200
2025-05-23,93.22381591796876,93.37000274658205,93.83999633789062,90.93000030517578,92.26000213623048,16545000
2025-05-27,96.22909545898438,96.37999725341795,96.6999969482422,94.19000244140624,95.18000030517578,17612600
2025-05-28,96.0294189453125,96.18000030517578,97.20999908447266,95.5999984741211,96.6999969482422,10500300
2025-05-29,96.64845275878906,96.8000030517578,99.62999725341795,96.11000061035156,98.58999633789062,14628700
2025-05-30,94.3121109008789,94.45999908447266,96.61000061035156,92.22000122070312,96.04000091552734,23758200
2025-06-02,98.02629089355467,98.18000030517578,99.23999786376952,94.4000015258789,94.58000183105467,16850300
2025-06-03,102.08991241455078,102.25,102.93000030517578,96.95999908447266,98.36000061035156,22757600
2025-06-04,103.08834838867188,103.25,103.91000366210938,101.6999969482422,102.37999725341795,14595900
2025-06-05,106.12358856201172,106.29000091552734,109.02999877929688,105.52999877929688,106.3000030517578,28833700
2025-06-06,108.39002990722656,108.55999755859376,111.0500030517578,108.04000091552734,108.08000183105467,20710100
2025-06-09,110.77629089355467,110.9499969482422,112.52999877929688,108.58000183105467,109.51000213623048,20159700
2025-06-10,113.96129608154295,114.13999938964844,114.91999816894533,111.2300033569336,111.52999877929688,22949400
2025-06-11,115.84833526611328,116.02999877929688,117.26000213623048,114.7300033569336,115.5999984741211,21614100
2025-06-12,115.99810791015624,116.18000030517578,116.4800033569336,113.5199966430664,114.11000061035156,17076500
2025-06-13,115.41900634765624,115.5999984741211,117.0999984741211,113.66000366210938,113.8000030517578,17453000
2025-06-16,119.65237426757812,119.83999633789062,120.95999908447266,117.31999969482422,117.80999755859376,21374100
2025-06-17,120.1515884399414,120.33999633789062,123.51000213623048,119.3499984741211,119.5999984741211,20837700
2025-06-18,121.6292724609375,121.81999969482422,122.9800033569336,120.18000030517578,120.45999908447266,20180000
2025-06-20,123.40647888183594,123.5999984741211,124.16000366210938,120.37999725341795,122.7699966430664,29290400
2025-06-23,121.8888702392578,122.08000183105467,124.51000213623048,119.80999755859376,123.66999816894533,23399200
2025-06-24,127.7097396850586,127.91000366210938,128.10000610351562,124.95999908447266,125.11000061035156,26420600
2025-06-25,127.05076599121094,127.25,127.5,125.62000274658205,126.61000061035156,39407000
2025-06-26,125.802734375,126.0,129.85000610351562,123.79000091552734,129.52999877929688,62678100
2025-06-27,124.56466674804688,124.76000213623048,127.54000091552734,123.38999938964844,125.13999938964844,36888600
2025-06-30,123.0570297241211,123.25,125.08000183105467,121.8499984741211,124.9000015258789,22799700
2025-07-01,120.7007293701172,120.88999938964844,123.98999786376952,119.08000183105467,122.3499984741211,24825800
2025-07-02,121.54940032958984,121.73999786376952,123.0,118.05999755859376,120.5,29303800
2025-07-03,122.09854125976562,122.29000091552734,123.62999725341795,121.83000183105467,122.33000183105467,13247900
2025-07-07,119.8449478149414,119.91999816894533,121.51000213623048,118.91000366210938,121.18000030517578,19148400
2025-07-08,124.34213256835938,124.41999816894533,125.4499969482422,121.9499969482422,122.4499969482422,26238200
2025-07-09,122.16349792480467,122.23999786376952,126.1500015258789,121.27999877929688,124.81999969482422,20464000
2025-07-10,123.03295135498048,123.11000061035156,124.3499984741211,122.0199966430664,124.27999877929688,15378400
2025-07-11,124.45206451416016,124.52999877929688,124.80999755859376,121.23999786376952,122.12999725341795,15820600
2025-07-14,118.5357666015625,118.61000061035156,120.44000244140624,117.0199966430664,120.37999725341795,32117700
2025-07-15,120.03482818603516,120.11000061035156,121.38999938964844,119.12000274658205,120.94000244140624,24958900
2025-07-16,116.3571319580078,116.43000030517578,119.08999633789062,114.80999755859376,119.02999877929688,30614800
2025-07-17,113.18911743164062,113.26000213623048,114.1999969482422,110.9499969482422,113.93000030517578,34702400
2025-07-18,114.3184051513672,114.38999938964844,114.8000030517578,113.27999877929688,114.23999786376952,19349900
2025-07-21,113.15914154052734,113.2300033569336,115.91999816894533,112.66999816894533,113.58999633789062,22189800
2025-07-22,109.15164947509766,109.22000122070312,113.0,108.12999725341795,112.86000061035156,27917600
2025-07-23,109.76126861572266,109.83000183105467,110.29000091552734,108.87999725341795,109.44000244140624,17810000
2025-07-24,111.66007995605467,111.7300033569336,112.7300033569336,110.25,111.05999755859376,20293100
2025-07-25,111.19036865234376,111.26000213623048,111.5,108.83000183105467,110.98999786376952,16372300
2025-07-28,111.1803741455078,111.25,112.0,109.86000061035156,111.72000122070312,12932300
2025-07-29,111.88993072509766,111.95999908447266,113.54000091552734,110.66999816894533,112.0500030517578,16653300
2025-07-30,114.6681900024414,114.73999786376952,114.88999938964844,112.41000366210938,112.5999984741211,16378800
2025-07-31,109.07169342041016,109.13999938964844,112.2699966430664,106.94000244140624,112.19000244140624,29224300
2025-08-01,104.81436157226562,104.87999725341795,106.5,103.37999725341795,105.48999786376952,24003300
2025-08-04,107.70254516601562,107.7699966430664,107.87999725341795,105.45999908447266,106.0199966430664,14780600
2025-08-05,108.9917449951172,109.05999755859376,110.63999938964844,106.83000183105467,109.3000030517578,17836000
2025-08-06,108.71192169189452,108.77999877929688,108.95999908447266,106.75,107.9000015258789,13021900
2025-08-07,111.79998779296876,111.87000274658205,115.27999877929688,110.79000091552734,114.13999938964844,18986500
2025-08-08,118.81558990478516,118.88999938964844,119.33000183105467,111.66999816894533,112.16999816894533,28962200
2025-08-11,123.64257049560548,123.72000122070312,127.27999877929688,121.6500015258789,124.97000122070312,35065800
2025-08-12,127.67005157470705,127.75,128.5500030517578,123.04000091552734,124.6999969482422,25961200
2025-08-13,124.19222259521484,124.2699966430664,128.60000610351562,123.3499984741211,127.58000183105467,18438200
2025-08-14,125.21158599853516,125.29000091552734,125.73999786376952,121.4000015258789,123.1999969482422,12235900
2025-08-15,120.79435729980467,120.87000274658205,123.37999725341795,119.44000244140624,123.16999816894533,18986700
2025-08-18,123.4726791381836,123.5500030517578,123.68000030517578,120.66000366210938,121.3499984741211,12208800
2025-08-19,121.97361755371094,122.0500030517578,124.23999786376952,121.30999755859376,122.94000244140624,11491200
2025-08-20,117.13664245605467,117.20999908447266,118.91000366210938,113.45999908447266,118.6999969482422,25795000
2025-08-21,115.71753692626952,115.79000091552734,117.7300033569336,115.61000061035156,117.0,13174900
2025-08-22,117.60635375976562,117.68000030517578,120.6999969482422,116.51000213623048,117.6500015258789,17038300
2025-08-25,116.34713745117188,116.41999816894533,118.08000183105467,116.0999984741211,117.68000030517578,8674800
2025-08-26,116.42708587646484,116.5,118.36000061035156,115.80999755859376,116.08999633789062,12584300
2025-08-27,117.67630767822266,117.75,118.7300033569336,116.44000244140624,116.8499984741211,15349300
2025-08-28,121.92364501953124,122.0,122.56999969482422,118.7300033569336,118.87999725341795,17295500
2025-08-29,118.93551635742188,119.01000213623048,122.7699966430664,118.05999755859376,122.5999984741211,16774000
2025-09-02,118.40585327148438,118.4800033569336,118.55999755859376,114.25,115.86000061035156,13771900
2025-09-03,118.64569854736328,118.72000122070312,119.44000244140624,117.3000030517578,119.36000061035156,14101300
2025-09-04,124.13226318359376,124.20999908447266,124.41000366210938,118.5199966430664,118.8499984741211,18589100
2025-09-05,131.28778076171875,131.3699951171875,131.41000366210938,125.66000366210938,127.7699966430664,28416000
2025-09-08,131.3777313232422,131.4600067138672,132.25999450683594,128.39999389648438,130.5500030517578,19492600
2025-09-09,135.15536499023438,135.24000549316406,138.0,131.55999755859375,131.75999450683594,20705000
2025-09-10,139.91238403320312,140.0,142.24000549316406,138.33999633789062,140.02000427246094,25791300
2025-09-11,150.47576904296875,150.57000732421875,156.25999450683594,147.61000061035156,147.72000122070312,52446400
2025-09-12,157.131591796875,157.22999572753906,158.27999877929688,153.2100067138672,153.5500030517578,32288300
2025-09-15,157.6712646484375,157.77000427246094,160.33999633789062,156.5500030517578,156.9600067138672,20101400
2025-09-16,158.72061157226562,158.82000732421875,159.55999755859375,157.1699981689453,157.97999572753906,16911600
2025-09-17,159.88987731933594,159.99000549316406,160.58999633789062,155.25999450683594,157.41000366210938,18843600
2025-09-18,168.7843017578125,168.88999938964844,170.4499969482422,162.60000610351562,162.99000549316406,28212800
2025-09-19,162.62815856933594,162.72999572753906,163.6999969482422,159.3800048828125,162.75,37309900
2025-09-22,164.5169677734375,164.6199951171875,167.25999450683594,161.58999633789062,164.3800048828125,25851200
2025-09-23,166.3058624267578,166.41000366210938,168.99000549316406,165.22999572753906,165.67999267578125,43316500
2025-09-24,161.60879516601562,161.7100067138672,166.0,158.3000030517578,165.0800018310547,57096400
2025-09-25,156.7318572998047,156.8300018310547,158.9499969482422,154.64999389648438,157.38999938964844,32209200
2025-09-26,157.17156982421875,157.27000427246094,158.9199981689453,155.17999267578125,158.52000427246094,24045000
2025-09-29,163.79742431640625,163.89999389648438,165.8000030517578,159.97000122070312,160.0,26506500
2025-09-30,167.2152862548828,167.32000732421875,168.9499969482422,163.9600067138672,164.11000061035156,20092500
2025-10-01,182.03599548339844,182.1499938964844,182.38999938964844,165.5,165.60000610351562,41674800
2025-10-02,183.634994506836,183.75,186.17999267578125,181.2100067138672,184.9600067138672,25122200
2025-10-03,187.8300018310547,187.8300018310547,191.8500061035156,184.9199981689453,185.2100067138672,29399300
2025-10-06,190.9600067138672,190.9600067138672,201.0,189.42999267578125,195.009994506836,36392300
2025-10-07,185.69000244140625,185.69000244140625,195.3000030517578,183.2400054931641,194.8500061035156,27828200
2025-10-08,196.5399932861328,196.5399932861328,196.9499969482422,188.8000030517578,188.9900054931641,26833900
2025-10-09,192.3300018310547,192.3300018310547,196.6199951171875,189.5,192.97000122070312,19721500
