Date,Adj Close,Close,High,Low,Open,Volume
2010-10-11,10.756085395812988,12.050000190734863,12.149999618530272,11.90999984741211,11.949999809265137,63700
2010-10-12,10.979241371154783,12.300000190734863,12.300000190734863,11.90999984741211,12.010000228881836,59600
2010-10-13,10.773937225341797,12.06999969482422,12.329999923706056,12.020000457763672,12.3100004196167,222000
2010-10-14,10.845346450805664,12.149999618530272,12.229999542236328,12.0,12.06999969482422,223700
2010-10-15,10.657896041870115,11.9399995803833,12.350000381469728,11.859999656677246,12.350000381469728,396200
2010-10-18,10.925683975219728,12.239999771118164,12.289999961853027,11.649999618530272,11.960000038146973,53500
2010-10-19,10.809640884399414,12.109999656677246,12.25,12.010000228881836,12.0600004196167,130100
2010-10-20,10.889979362487791,12.199999809265137,12.449999809265137,11.520000457763672,12.170000076293944,124800
2010-10-21,10.934608459472656,12.25,12.399999618530272,12.109999656677246,12.109999656677246,58800
2010-10-22,11.006019592285156,12.329999923706056,12.609999656677246,12.18000030517578,12.199999809265137,94200
2010-10-25,11.04172420501709,12.369999885559082,12.59000015258789,12.199999809265137,12.199999809265137,128300
2010-10-26,10.961383819580078,12.279999732971191,12.489999771118164,11.90999984741211,12.25,186100
2010-10-27,11.398774147033691,12.770000457763672,12.800000190734863,12.279999732971191,12.279999732971191,263800
2010-10-28,11.773670196533203,13.1899995803833,13.350000381469728,12.600000381469728,12.81999969482422,409900
2010-10-29,11.773670196533203,13.1899995803833,13.470000267028809,12.880000114440918,13.15999984741211,434600
2010-11-01,11.327360153198242,12.6899995803833,13.5,12.5600004196167,13.270000457763672,432100
2010-11-02,11.84507942199707,13.270000457763672,13.43000030517578,12.470000267028809,12.899999618530272,300900
2010-11-03,12.175354957580566,13.640000343322754,13.800000190734863,13.109999656677246,13.210000038146973,359900
2010-11-04,12.469915390014648,13.970000267028809,14.0,13.529999732971191,13.739999771118164,274600
2010-11-05,12.469915390014648,13.970000267028809,14.0,13.640000343322754,13.899999618530272,175600
2010-11-08,12.29139232635498,13.770000457763672,14.0,13.609999656677246,14.0,179900
2010-11-09,12.166426658630373,13.630000114440918,13.949999809265137,13.199999809265137,13.720000267028809,269800
2010-11-10,11.889713287353516,13.31999969482422,13.729999542236328,13.050000190734863,13.600000381469728,172300
2010-11-11,11.479106903076172,12.859999656677246,13.199999809265137,12.579999923706056,13.199999809265137,317200
2010-11-12,11.443401336669922,12.81999969482422,13.079999923706056,12.640000343322754,12.6899995803833,115700
2010-11-15,11.586219787597656,12.979999542236328,13.140000343322754,12.779999732971191,12.899999618530272,51800
2010-11-16,11.461255073547363,12.84000015258789,13.270000457763672,12.630000114440918,12.729999542236328,206500
2010-11-17,11.425549507141112,12.800000190734863,12.899999618530272,12.760000228881836,12.800000190734863,67600
2010-11-18,11.514812469482422,12.899999618530272,13.0,12.609999656677246,13.0,118700
2010-11-19,11.514812469482422,12.899999618530272,12.899999618530272,12.699999809265137,12.890000343322754,74300
2010-11-22,11.59514617919922,12.989999771118164,13.31999969482422,12.84000015258789,12.850000381469728,117700
2010-11-23,11.425549507141112,12.800000190734863,12.899999618530272,12.699999809265137,12.800000190734863,440000
2010-11-24,11.300585746765137,12.65999984741211,12.93000030517578,12.5,12.880000114440918,250000
2010-11-26,11.452327728271484,12.829999923706056,12.93000030517578,12.5600004196167,12.5600004196167,348500
2010-11-29,11.363066673278809,12.729999542236328,13.109999656677246,12.600000381469728,12.8100004196167,270100
2010-11-30,11.229174613952637,12.579999923706056,12.84000015258789,12.3100004196167,12.600000381469728,288700
2010-12-01,11.836156845092772,13.260000228881836,13.460000038146973,12.600000381469728,12.739999771118164,682100
2010-12-02,12.478841781616213,13.979999542236328,14.0,13.15999984741211,13.350000381469728,273800
2010-12-03,14.406902313232422,16.139999389648438,17.280000686645508,13.779999732971191,13.979999542236328,948600
2010-12-06,14.228379249572754,15.9399995803833,16.389999389648438,15.40999984741211,16.0,489300
2010-12-07,14.612208366394045,16.3700008392334,16.43000030517578,15.729999542236328,16.0,600800
2010-12-08,16.459938049316406,18.440000534057617,18.799999237060547,16.799999237060547,16.799999237060547,1371000
2010-12-09,17.075843811035156,19.1299991607666,20.43000030517578,18.780000686645508,18.780000686645508,1187500
2010-12-10,17.80778694152832,19.950000762939453,20.200000762939453,18.40999984741211,19.200000762939453,457800
2010-12-13,16.834829330444336,18.86000061035156,20.0,18.549999237060547,20.0,432800
2010-12-14,16.71879005432129,18.729999542236328,19.3799991607666,18.280000686645508,18.89999961853028,689900
2010-12-15,16.361743927001953,18.32999992370605,19.0,18.09000015258789,18.700000762939453,437000
2010-12-16,16.459938049316406,18.440000534057617,18.670000076293945,18.190000534057617,18.420000076293945,447800
2010-12-17,16.165369033813477,18.11000061035156,18.68000030517578,18.0,18.51000022888184,371100
2010-12-20,16.602750778198242,18.600000381469727,19.299999237060547,18.049999237060547,18.15999984741211,446700
2010-12-21,17.182958602905273,19.25,20.0,18.600000381469727,18.86000061035156,584100
2010-12-22,18.075578689575195,20.25,21.56999969482422,19.709999084472656,19.709999084472656,1489000
2010-12-23,17.932754516601562,20.09000015258789,20.200000762939453,19.57999992370605,20.200000762939453,466000
2010-12-27,18.03094482421875,20.200000762939453,20.280000686645508,19.700000762939453,20.0,98500
2010-12-28,18.11128616333008,20.290000915527344,20.809999465942383,20.0,20.459999084472656,137300
2010-12-29,18.48617935180664,20.709999084472656,20.709999084472656,20.40999984741211,20.6200008392334,139000
2010-12-30,18.47726249694824,20.700000762939453,20.8799991607666,20.6200008392334,20.729999542236328,76800
2010-12-31,18.68256378173828,20.93000030517578,21.100000381469727,20.420000076293945,20.600000381469727,94400
2011-01-03,19.128868103027344,21.43000030517578,21.520000457763672,20.63999938964844,21.200000762939453,256100
2011-01-04,19.64659309387207,22.01000022888184,22.75,21.170000076293945,21.89999961853028,952100
2011-01-05,20.869483947753903,23.3799991607666,23.600000381469727,21.68000030517578,21.8700008392334,846400
2011-01-06,20.74451446533203,23.239999771118164,23.799999237060547,22.76000022888184,23.729999542236328,453100
2011-01-07,20.458871841430664,22.920000076293945,23.32999992370605,22.68000030517578,23.32999992370605,300900
2011-01-10,20.905187606811523,23.420000076293945,23.61000061035156,22.700000762939453,22.75,254100
2011-01-11,21.422901153564453,24.0,24.06999969482422,23.6299991607666,23.81999969482422,278200
2011-01-12,21.06586456298828,23.600000381469727,24.57999992370605,23.280000686645508,24.5,303000
2011-01-13,20.824848175048828,23.32999992370605,23.86000061035156,22.989999771118164,23.86000061035156,250500
2011-01-14,20.878406524658203,23.38999938964844,23.43000030517578,22.850000381469727,23.32999992370605,183200
2011-01-18,21.048009872436523,23.57999992370605,23.690000534057617,23.280000686645508,23.31999969482422,290500
2011-01-19,20.49458122253418,22.959999084472656,23.790000915527344,22.520000457763672,23.600000381469727,416400
2011-01-20,19.34309959411621,21.670000076293945,22.75,21.489999771118164,22.75,745900
2011-01-21,19.610885620117188,21.96999931335449,22.93000030517578,21.63999938964844,22.14999961853028,678800
2011-01-24,20.21786880493164,22.64999961853028,22.76000022888184,22.0,22.059999465942383,486900
2011-01-25,21.67284202575684,24.280000686645508,26.18000030517578,22.64999961853028,22.64999961853028,1725100
2011-01-26,23.199222564697266,25.989999771118164,26.459999084472656,24.0,24.709999084472656,1558000
2011-01-27,23.279556274414062,26.07999992370605,26.84000015258789,25.5,26.36000061035156,719400
2011-01-28,21.931697845458984,24.56999969482422,26.049999237060547,24.25,26.0,1013900
2011-01-31,22.97606658935547,25.739999771118164,25.84000015258789,24.61000061035156,24.809999465942383,668400
2011-02-01,24.30607414245605,27.229999542236328,27.3700008392334,25.81999969482422,26.479999542236328,875000
2011-02-02,24.27036666870117,27.190000534057617,27.6299991607666,26.030000686645508,27.479999542236328,624700
2011-02-03,24.2792911529541,27.200000762939453,28.25,26.989999771118164,27.75,487300
2011-02-04,24.41318893432617,27.350000381469727,27.57999992370605,27.100000381469727,27.540000915527344,182800
2011-02-07,23.48485565185547,26.309999465942383,27.100000381469727,26.14999961853028,26.93000030517578,1620600
2011-02-08,23.547340393066406,26.3799991607666,26.64999961853028,26.1200008392334,26.420000076293945,707600
2011-02-09,23.69015884399414,26.540000915527344,26.96999931335449,25.809999465942383,26.299999237060547,349600
2011-02-10,23.35989570617676,26.170000076293945,27.200000762939453,25.89999961853028,27.059999465942383,585400
2011-02-11,22.556535720825195,25.270000457763672,26.6200008392334,25.200000762939453,26.11000061035156,1321800
2011-02-14,22.70827293395996,25.440000534057617,25.950000762939453,25.0,25.950000762939453,1661400
2011-02-15,22.32445526123047,25.01000022888184,26.190000534057617,24.200000762939453,24.71999931335449,1819600
2011-02-16,24.03829002380371,26.93000030517578,27.799999237060547,25.40999984741211,25.46999931335449,3625200
2011-02-17,24.37748336791992,27.309999465942383,27.64999961853028,26.700000762939453,27.299999237060547,1294100
2011-02-18,26.15379524230957,29.299999237060547,30.739999771118164,27.40999984741211,27.6200008392334,2766000
2011-02-22,26.28769493103028,29.450000762939453,31.780000686645508,28.299999237060547,28.8799991607666,2040900
2011-02-23,25.359363555908203,28.40999984741211,30.09000015258789,27.809999465942383,29.89999961853028,1330900
2011-02-24,25.993127822875977,29.1200008392334,29.290000915527344,28.100000381469727,28.3700008392334,901800
2011-02-25,27.269575119018555,30.549999237060547,30.809999465942383,29.350000381469727,29.540000915527344,1150600
2011-02-28,28.51924514770508,31.950000762939453,32.36000061035156,30.5,31.450000762939453,2340300
2011-03-01,26.76077651977539,29.979999542236328,33.869998931884766,29.82999992370605,32.11000061035156,2069000
2011-03-02,26.10917091369629,29.25,30.709999084472656,29.01000022888184,30.0,1435900
2011-03-03,27.823001861572266,31.170000076293945,31.690000534057617,29.46999931335449,30.540000915527344,1790900
2011-03-04,27.44810104370117,30.75,31.770000457763672,30.38999938964844,31.5,1226700
2011-03-07,26.02882957458496,29.15999984741211,31.709999084472656,28.15999984741211,31.709999084472656,2471600
2011-03-08,25.62715530395508,28.709999084472656,29.790000915527344,28.40999984741211,29.01000022888184,1274200
2011-03-09,24.79701232910156,27.780000686645508,29.64999961853028,27.57999992370605,29.299999237060547,1095000
2011-03-10,23.66338539123535,26.51000022888184,27.440000534057617,25.31999969482422,26.34000015258789,1860000
2011-03-11,24.511377334594727,27.459999084472656,27.6299991607666,26.1299991607666,26.18000030517578,774500
2011-03-14,23.05639839172364,25.82999992370605,26.75,24.8700008392334,26.479999542236328,1910100
2011-03-15,23.458080291748047,26.280000686645508,26.450000762939453,24.31999969482422,25.0,1323800
2011-03-16,23.154590606689453,25.940000534057617,27.1200008392334,25.38999938964844,26.270000457763672,1121800
2011-03-17,24.047212600708008,26.940000534057617,27.950000762939453,26.1200008392334,26.59000015258789,1765700
2011-03-18,24.59170722961425,27.549999237060547,27.799999237060547,27.280000686645508,27.739999771118164,1128800
2011-03-21,24.8594970703125,27.850000381469727,28.32999992370605,27.61000061035156,27.979999542236328,1071800
2011-03-22,24.297143936157227,27.21999931335449,27.93000030517578,27.020000457763672,27.61000061035156,812100
2011-03-23,24.16325759887696,27.06999969482422,27.459999084472656,26.420000076293945,27.14999961853028,802200
2011-03-24,25.261173248291016,28.299999237060547,28.39999961853028,27.3799991607666,28.200000762939453,1300600
2011-03-25,24.88627815246582,27.8799991607666,28.690000534057617,27.799999237060547,28.6299991607666,529900
2011-03-28,25.60929679870605,28.690000534057617,29.229999542236328,27.459999084472656,28.25,1904900
2011-03-29,27.930118560791016,31.290000915527344,31.68000030517578,28.459999084472656,28.459999084472656,3422600
2011-03-30,28.01044464111328,31.3799991607666,32.54999923706055,30.6200008392334,31.76000022888184,2708400
2011-03-31,26.751848220825195,29.96999931335449,31.11000061035156,29.81999969482422,30.670000076293945,15714900
2011-04-01,27.305280685424805,30.59000015258789,30.739999771118164,29.96999931335449,30.350000381469727,3383300
2011-04-04,27.78729248046875,31.1299991607666,31.26000022888184,30.06999969482422,30.8799991607666,1895600
2011-04-05,28.554946899414062,31.989999771118164,32.40999984741211,30.600000381469727,31.3700008392334,2591400
2011-04-06,29.68857383728028,33.2599983215332,33.75,32.04999923706055,32.68000030517578,4436300
2011-04-07,29.402936935424805,32.939998626708984,33.810001373291016,32.25,33.650001525878906,1527100
2011-04-08,29.117305755615234,32.619998931884766,34.79999923706055,32.18000030517578,34.40999984741211,7956600
2011-04-11,28.75132179260254,32.209999084472656,33.84000015258789,31.89999961853028,33.5,2965700
2011-04-12,27.689109802246094,31.020000457763672,32.119998931884766,30.799999237060547,31.799999237060547,1830300
2011-04-13,28.153270721435547,31.540000915527344,31.89999961853028,31.049999237060547,31.709999084472656,994100
2011-04-14,28.742401123046875,32.20000076293945,32.369998931884766,30.86000061035156,31.43000030517578,942300
2011-04-15,28.86735916137696,32.34000015258789,32.88999938964844,32.06999969482422,32.290000915527344,999900
2011-04-18,28.331790924072266,31.739999771118164,32.09000015258789,30.799999237060547,31.600000381469727,886200
2011-04-19,28.072933197021484,31.450000762939453,32.0,31.100000381469727,31.989999771118164,555400
2011-04-20,29.956361770629883,33.560001373291016,33.59000015258789,31.459999084472656,32.29999923706055,1626700
2011-04-21,29.867101669311523,33.459999084472656,34.25,32.90999984741211,34.13999938964844,961500
2011-04-25,29.867101669311523,33.459999084472656,33.95000076293945,33.18000030517578,33.5,496000
2011-04-26,30.50978279113769,34.18000030517578,34.5,33.5,34.38999938964844,1177800
2011-04-27,29.831388473510746,33.41999816894531,34.5,32.880001068115234,34.5,986700
2011-04-28,29.51898002624512,33.06999969482422,33.880001068115234,32.349998474121094,33.72999954223633,857300
2011-04-29,29.813549041748047,33.400001525878906,35.31999969482422,32.939998626708984,33.33000183105469,1529800
2011-05-02,29.49220466613769,33.040000915527344,34.0,32.68000030517578,33.9900016784668,867600
2011-05-03,28.385347366333008,31.799999237060547,33.380001068115234,31.61000061035156,33.09000015258789,1849500
2011-05-04,28.39427757263184,31.809999465942383,32.349998474121094,30.459999084472656,32.20000076293945,2369600
2011-05-05,27.67125701904297,31.0,31.959999084472656,30.61000061035156,31.40999984741211,2143900
2011-05-06,27.58198928833008,30.89999961853028,31.940000534057617,30.799999237060547,31.270000457763672,1443800
2011-05-09,27.689109802246094,31.020000457763672,31.71999931335449,30.64999961853028,31.0,1134400
2011-05-10,26.885751724243164,30.1200008392334,31.13999938964844,29.88999938964844,31.01000022888184,1485200
2011-05-11,25.88601303100586,29.0,30.520000457763672,28.14999961853028,30.0,3538700
2011-05-12,26.63580703735352,29.84000015258789,30.0,28.5,28.729999542236328,1482600
2011-05-13,26.20735549926757,29.36000061035156,30.850000381469727,29.290000915527344,29.90999984741211,1539600
2011-05-16,24.68989944458008,27.65999984741211,29.75,27.489999771118164,29.6299991607666,2228700
2011-05-17,24.77916145324707,27.76000022888184,28.200000762939453,26.549999237060547,27.309999465942383,1689500
2011-05-18,25.63607788085937,28.71999931335449,29.350000381469727,27.790000915527344,27.799999237060547,1215700
2011-05-19,25.27902603149414,28.31999969482422,28.71999931335449,27.850000381469727,28.420000076293945,1521100
2011-05-20,25.761043548583984,28.86000061035156,29.549999237060547,28.34000015258789,28.420000076293945,1921800
2011-05-23,24.43103790283203,27.3700008392334,28.76000022888184,27.299999237060547,28.76000022888184,1526000
2011-05-24,24.28822135925293,27.209999084472656,27.75,26.049999237060547,27.3700008392334,2827700
2011-05-25,24.297143936157227,27.21999931335449,27.31999969482422,26.700000762939453,27.15999984741211,1972600
2011-05-26,25.48432922363281,28.549999237060547,29.5,27.100000381469727,27.420000076293945,4410400
2011-05-27,25.33258628845215,28.3799991607666,29.450000762939453,28.31999969482422,28.89999961853028,1710200
2011-05-31,25.46648025512696,28.530000686645508,29.100000381469727,27.90999984741211,29.0,1216400
2011-06-01,24.19002914428711,27.100000381469727,28.520000457763672,27.01000022888184,28.26000022888184,1580900
2011-06-02,23.66338539123535,26.51000022888184,27.489999771118164,26.1200008392334,27.280000686645508,1488800
2011-06-03,23.832984924316406,26.700000762939453,26.920000076293945,25.670000076293945,26.030000686645508,2328500
2011-06-06,23.69908905029297,26.549999237060547,27.450000762939453,26.440000534057617,26.950000762939453,1773000
2011-06-07,23.725866317749023,26.57999992370605,27.09000015258789,26.489999771118164,26.729999542236328,934300
2011-06-08,22.717208862304688,25.450000762939453,26.459999084472656,25.25,26.459999084472656,1961900
2011-06-09,22.42264747619629,25.1200008392334,25.63999938964844,24.059999465942383,25.450000762939453,3590400
2011-06-10,21.726396560668945,24.34000015258789,25.32999992370605,24.25,24.780000686645508,1706900
2011-06-13,21.53894424438477,24.1299991607666,24.549999237060547,24.040000915527344,24.520000457763672,968600
2011-06-14,22.66364860534668,25.38999938964844,25.809999465942383,24.350000381469727,24.350000381469727,1508800
2011-06-15,21.43183135986328,24.01000022888184,24.89999961853028,23.88999938964844,24.530000686645508,1414600
2011-06-16,21.690692901611328,24.299999237060547,24.96999931335449,23.790000915527344,24.299999237060547,1098700
2011-06-17,20.21786880493164,22.64999961853028,24.89999961853028,22.34000015258789,24.729999542236328,2692800
2011-06-20,20.396392822265625,22.850000381469727,23.51000022888184,22.3700008392334,22.56999969482422,1561300
2011-06-21,21.01230812072754,23.540000915527344,23.809999465942383,22.940000534057617,23.0,791400
2011-06-22,20.70880889892578,23.200000762939453,23.63999938964844,23.1299991607666,23.43000030517578,887600
2011-06-23,20.8962631225586,23.40999984741211,23.5,22.3700008392334,22.850000381469727,1119900
2011-06-24,20.94088554382324,23.459999084472656,24.13999938964844,23.25,23.489999771118164,954400
2011-06-27,21.128341674804688,23.670000076293945,23.739999771118164,22.979999542236328,23.25,1017900
2011-06-28,22.47620010375977,25.18000030517578,25.39999961853028,23.709999084472656,23.96999931335449,1588500
2011-06-29,22.592235565185547,25.309999465942383,26.020000457763672,24.950000762939453,25.520000457763672,1338100
2011-06-30,23.85976219177246,26.729999542236328,26.940000534057617,25.170000076293945,25.26000022888184,1875300
2011-07-01,24.556007385253903,27.51000022888184,27.65999984741211,26.530000686645508,26.940000534057617,1778200
2011-07-05,24.020431518554688,26.90999984741211,27.459999084472656,26.57999992370605,27.40999984741211,928500
2011-07-06,23.565195083618164,26.39999961853028,26.86000061035156,26.0,26.86000061035156,727200
2011-07-07,23.69015884399414,26.540000915527344,27.07999992370605,26.270000457763672,26.739999771118164,1872600
2011-07-08,23.270631790161133,26.06999969482422,26.479999542236328,25.57999992370605,26.309999465942383,1045600
2011-07-11,22.32445526123047,25.01000022888184,25.540000915527344,24.71999931335449,25.440000534057617,1226100
2011-07-12,20.71773910522461,23.209999084472656,24.89999961853028,22.8799991607666,24.89999961853028,2453600
2011-07-13,20.316057205200195,22.76000022888184,23.530000686645508,22.549999237060547,23.530000686645508,2161300
2011-07-14,19.7269229888916,22.100000381469727,23.170000076293945,22.01000022888184,22.82999992370605,2118300
2011-07-15,19.36094665527344,21.690000534057617,22.280000686645508,21.5,22.280000686645508,2208100
2011-07-18,18.896787643432617,21.170000076293945,21.690000534057617,20.93000030517578,21.56999969482422,2250200
2011-07-19,19.7269229888916,22.100000381469727,22.40999984741211,21.5,21.5,2137400
2011-07-20,19.69121742248535,22.059999465942383,23.1200008392334,22.0,22.25,1918900
2011-07-21,19.387731552124023,21.71999931335449,22.489999771118164,21.239999771118164,22.25,2674600
2011-07-22,20.298208236694336,22.739999771118164,22.81999969482422,21.40999984741211,21.57999992370605,2874600
2011-07-25,19.47699546813965,21.81999969482422,22.63999938964844,21.670000076293945,22.31999969482422,1659100
2011-07-26,19.655515670776367,22.020000457763672,22.36000061035156,21.5,21.700000762939453,1757200
2011-07-27,18.316585540771484,20.520000457763672,21.88999938964844,20.290000915527344,21.68000030517578,3040300
2011-07-28,18.33444023132324,20.540000915527344,21.21999931335449,20.31999969482422,20.36000061035156,2055000
2011-07-29,17.656042098999023,19.780000686645508,20.040000915527344,16.989999771118164,18.0,12657200
2011-08-01,17.236509323120117,19.309999465942383,20.229999542236328,18.489999771118164,19.979999542236328,3352100
2011-08-02,16.77235221862793,18.790000915527344,19.34000015258789,18.709999084472656,18.979999542236328,4290800
2011-08-03,17.049068450927734,19.100000381469727,19.270000457763672,18.26000022888184,18.709999084472656,2373000
2011-08-04,15.254891395568848,17.09000015258789,18.8700008392334,17.059999465942383,18.770000457763672,3061700
2011-08-05,13.317903518676758,14.920000076293944,17.81999969482422,14.6899995803833,17.170000076293945,4395500
2011-08-08,12.523473739624023,14.029999732971191,14.630000114440918,13.210000038146973,13.579999923706056,6636700
2011-08-09,14.826438903808594,16.610000610351562,16.6200008392334,14.4399995803833,14.449999809265137,5025000
2011-08-10,14.594356536865234,16.350000381469727,17.030000686645508,15.81999969482422,16.780000686645508,4274200
2011-08-11,16.513490676879883,18.5,18.850000381469727,16.440000534057617,16.479999542236328,4311300
2011-08-12,16.076112747192383,18.010000228881836,18.8799991607666,17.920000076293945,18.729999542236328,1462900
2011-08-15,16.683088302612305,18.690000534057617,18.739999771118164,18.09000015258789,18.489999771118164,910000
2011-08-16,16.102880477905273,18.040000915527344,18.559999465942383,17.780000686645508,18.489999771118164,881200
2011-08-17,15.835100173950195,17.739999771118164,18.40999984741211,17.440000534057617,18.26000022888184,1048200
2011-08-18,14.879992485046388,16.670000076293945,17.479999542236328,16.139999389648438,17.3799991607666,1294800
2011-08-19,14.228379249572754,15.9399995803833,16.8799991607666,15.850000381469728,16.6299991607666,1076000
2011-08-22,14.380126953125,16.110000610351562,17.06999969482422,16.0,16.690000534057617,792400
2011-08-23,15.094221115112305,16.90999984741211,16.959999084472656,15.949999809265137,16.450000762939453,1354900
2011-08-24,14.871065139770508,16.65999984741211,17.110000610351562,16.239999771118164,16.770000457763672,698100
2011-08-25,14.344420433044434,16.06999969482422,17.329999923706055,16.049999237060547,16.579999923706055,775000
2011-08-26,14.746102333068848,16.520000457763672,16.6200008392334,15.949999809265137,16.049999237060547,794500
2011-08-29,15.317378997802734,17.15999984741211,17.290000915527344,16.770000457763672,16.969999313354492,1023900
2011-08-30,14.942474365234377,16.739999771118164,17.149999618530273,16.579999923706055,17.100000381469727,868700
2011-08-31,14.54080295562744,16.290000915527344,17.280000686645508,15.960000038146973,16.780000686645508,955200
2011-09-01,14.755026817321776,16.530000686645508,17.079999923706055,16.020000457763672,16.280000686645508,1477900
2011-09-02,14.647913932800291,16.40999984741211,16.559999465942383,15.899999618530272,16.020000457763672,811400
2011-09-06,14.192673683166504,15.899999618530272,16.389999389648438,15.510000228881836,15.81999969482422,1119000
2011-09-07,15.603020668029783,17.479999542236328,17.56999969482422,16.530000686645508,16.6299991607666,1578600
2011-09-08,15.326306343078612,17.170000076293945,17.770000457763672,17.0,17.479999542236328,559900
2011-09-09,14.755026817321776,16.530000686645508,17.450000762939453,16.209999084472656,16.989999771118164,969500
2011-09-12,15.36201000213623,17.209999084472656,17.270000457763672,16.219999313354492,16.229999542236328,1001000
2011-09-13,16.165369033813477,18.11000061035156,18.280000686645508,17.1200008392334,17.200000762939453,1507100
2011-09-14,17.049068450927734,19.100000381469727,19.290000915527344,18.350000381469727,18.5,2050500
2011-09-15,18.11128616333008,20.290000915527344,20.5,19.5,19.739999771118164,2819100
2011-09-16,17.727455139160156,19.86000061035156,21.209999084472656,19.59000015258789,20.489999771118164,1638300
2011-09-19,16.6920108795166,18.700000762939453,19.540000915527344,18.059999465942383,19.530000686645508,1773100
2011-09-20,16.00469970703125,17.93000030517578,18.88999938964844,17.860000610351562,18.76000022888184,1208100
2011-09-21,15.281673431396484,17.1200008392334,18.3700008392334,17.09000015258789,18.09000015258789,1405600
2011-09-22,15.049591064453123,16.860000610351562,16.940000534057617,15.710000038146973,16.690000534057617,1936300
2011-09-23,15.013888359069824,16.81999969482422,17.040000915527344,16.530000686645508,16.579999923706055,1651300
2011-09-26,14.81750774383545,16.600000381469727,17.1200008392334,16.209999084472656,16.899999618530273,1538600
2011-09-27,15.43341827392578,17.290000915527344,17.6299991607666,16.8700008392334,16.8700008392334,1452400
2011-09-28,14.674692153930664,16.440000534057617,17.65999984741211,16.43000030517578,17.5,1392300
2011-09-29,13.380388259887695,14.989999771118164,17.280000686645508,14.68000030517578,16.850000381469727,2578700
2011-09-30,12.603811264038086,14.119999885559082,15.06999969482422,14.109999656677246,14.65999984741211,1464900
2011-10-03,12.2110595703125,13.68000030517578,14.109999656677246,13.399999618530272,14.0,2839900
2011-10-04,13.01441478729248,14.579999923706056,14.68000030517578,13.0600004196167,13.59000015258789,2454400
2011-10-05,13.335758209228516,14.9399995803833,15.119999885559082,14.15999984741211,14.630000114440918,1632100
2011-10-06,13.862404823303224,15.529999732971191,15.59000015258789,14.65999984741211,15.0,975800
2011-10-07,13.66602611541748,15.3100004196167,15.869999885559082,15.100000381469728,15.6899995803833,552100
2011-10-10,14.469388961791992,16.209999084472656,16.25,15.40999984741211,15.40999984741211,1076700
2011-10-11,14.33549690246582,16.059999465942383,16.280000686645508,15.8100004196167,16.100000381469727,1043200
2011-10-12,15.11207675933838,16.93000030517578,17.149999618530273,16.239999771118164,16.479999542236328,1161300
2011-10-13,15.317378997802734,17.15999984741211,17.459999084472656,16.420000076293945,16.559999465942383,1770500
2011-10-14,15.460197448730469,17.31999969482422,17.969999313354492,16.969999313354492,17.31999969482422,1942500
2011-10-17,14.763952255249023,16.540000915527344,17.559999465942383,16.450000762939453,17.329999923706055,1269400
2011-10-18,15.379860877990724,17.229999542236328,17.299999237060547,16.31999969482422,16.549999237060547,1209000
2011-10-19,14.692544937133787,16.459999084472656,17.3700008392334,16.350000381469727,17.270000457763672,830400
2011-10-20,14.201600074768066,15.90999984741211,16.649999618530273,15.630000114440918,16.399999618530273,976500
2011-10-21,14.26408576965332,15.979999542236328,16.329999923706055,15.710000038146973,16.200000762939453,1038800
2011-10-24,16.06717872619629,18.0,18.040000915527344,16.100000381469727,16.18000030517578,2109200
2011-10-25,15.74583339691162,17.639999389648438,18.479999542236328,17.420000076293945,18.350000381469727,1661100
2011-10-26,16.424226760864258,18.39999961853028,18.780000686645508,17.6200008392334,18.25,1622700
2011-10-27,17.548931121826172,19.65999984741211,20.07999992370605,18.950000762939453,19.450000762939453,1528300
2011-10-28,16.98657989501953,19.030000686645508,19.76000022888184,18.670000076293945,19.709999084472656,1381800
2011-10-31,16.040393829345703,17.969999313354492,19.07999992370605,17.84000015258789,19.049999237060547,1990600
2011-11-01,15.03174114227295,16.84000015258789,16.899999618530273,14.260000228881836,15.289999961853027,5252100
2011-11-02,15.406641006469728,17.260000228881836,17.5,16.34000015258789,16.760000228881836,3155800
2011-11-03,15.522680282592772,17.389999389648438,17.770000457763672,16.760000228881836,17.309999465942383,1839500
2011-11-04,15.81724452972412,17.719999313354492,18.209999084472656,17.09000015258789,17.420000076293945,2211700
2011-11-07,15.326306343078612,17.170000076293945,17.75,17.020000457763672,17.510000228881836,1568800
2011-11-08,15.03174114227295,16.84000015258789,17.440000534057617,16.5,17.350000381469727,1448100
2011-11-09,13.924891471862791,15.600000381469728,16.31999969482422,15.470000267028809,16.31999969482422,1745800
2011-11-10,13.915964126586914,15.59000015258789,16.139999389648438,15.25,15.949999809265137,1419500
2011-11-11,14.835366249084473,16.6200008392334,17.040000915527344,15.699999809265137,15.880000114440918,2139100
2011-11-14,14.755026817321776,16.530000686645508,17.0,16.450000762939453,16.639999389648438,721800
2011-11-15,15.61194896697998,17.489999771118164,17.610000610351562,16.489999771118164,16.5,1139800
2011-11-16,15.603020668029783,17.479999542236328,17.969999313354492,17.260000228881836,17.5,1450500
2011-11-17,14.78180694580078,16.559999465942383,17.770000457763672,16.450000762939453,17.489999771118164,1273400
2011-11-18,14.522942543029783,16.270000457763672,16.719999313354492,16.18000030517578,16.6200008392334,561300
2011-11-21,14.156968116760254,15.859999656677246,16.020000457763672,15.300000190734863,15.949999809265137,1068300
2011-11-22,13.889184951782228,15.5600004196167,15.899999618530272,15.199999809265137,15.699999809265137,1247300
2011-11-23,13.576767921447754,15.210000038146973,15.510000228881836,15.100000381469728,15.300000190734863,1022000
2011-11-25,13.389315605163574,15.0,15.399999618530272,14.970000267028809,15.170000076293944,717800
2011-11-28,13.862404823303224,15.529999732971191,16.09000015258789,15.380000114440918,15.5,1150500
2011-11-29,13.630324363708496,15.270000457763672,15.899999618530272,15.229999542236328,15.550000190734863,574600
2011-11-30,15.085294723510742,16.899999618530273,16.940000534057617,15.5600004196167,15.90999984741211,1976700
2011-12-01,15.254891395568848,17.09000015258789,17.209999084472656,16.579999923706055,16.899999618530273,803000
2011-12-02,15.638721466064451,17.520000457763672,17.959999084472656,17.260000228881836,17.280000686645508,1581600
2011-12-05,15.835100173950195,17.739999771118164,17.920000076293945,17.5,17.68000030517578,1384500
2011-12-06,15.78154182434082,17.68000030517578,17.8700008392334,17.18000030517578,17.670000076293945,1086700
2011-12-07,16.558128356933594,18.549999237060547,18.8799991607666,17.239999771118164,17.559999465942383,2033600
2011-12-08,15.888652801513672,17.799999237060547,18.68000030517578,17.729999542236328,18.21999931335449,1356100
2011-12-09,15.74583339691162,17.639999389648438,17.979999542236328,17.09000015258789,17.829999923706055,1528700
2011-12-12,14.808586120605469,16.59000015258789,17.34000015258789,16.399999618530273,17.25,1524700
2011-12-13,13.701735496520996,15.350000381469728,16.829999923706055,14.850000381469728,16.760000228881836,2828800
2011-12-14,13.514281272888184,15.140000343322754,15.5,14.729999542236328,15.449999809265137,2015300
2011-12-15,13.648176193237305,15.289999961853027,15.630000114440918,15.170000076293944,15.56999969482422,2073800
2011-12-16,13.66602611541748,15.3100004196167,15.920000076293944,15.199999809265137,15.460000038146973,958600
2011-12-19,12.782336235046388,14.31999969482422,15.470000267028809,14.270000457763672,15.399999618530272,1270300
2011-12-20,13.344683647155762,14.949999809265137,15.039999961853027,14.600000381469728,14.710000038146973,2008900
2011-12-21,13.175086975097656,14.760000228881836,15.0,14.420000076293944,14.920000076293944,1266300
2011-12-22,14.103412628173828,15.800000190734863,15.899999618530272,14.739999771118164,14.800000190734863,1869100
2011-12-23,14.121264457702637,15.81999969482422,15.960000038146973,15.600000381469728,15.84000015258789,648400
2011-12-27,14.085562705993652,15.779999732971191,16.0,15.649999618530272,15.710000038146973,803900
2011-12-28,13.514281272888184,15.140000343322754,15.90999984741211,15.06999969482422,15.710000038146973,805200
2011-12-29,13.755289077758787,15.40999984741211,15.75,15.0,15.100000381469728,756500
2011-12-30,13.71958351135254,15.369999885559082,15.4399995803833,15.109999656677246,15.34000015258789,797900
2012-01-03,14.290863037109377,16.010000228881836,16.18000030517578,15.630000114440918,15.779999732971191,885600
2012-01-04,14.433679580688477,16.170000076293945,16.170000076293945,15.720000267028809,15.859999656677246,629200
2012-01-05,14.72824764251709,16.5,16.5,15.81999969482422,15.949999809265137,802400
2012-01-06,15.085294723510742,16.899999618530273,16.959999084472656,15.880000114440918,16.459999084472656,1570600
2012-01-09,15.78154182434082,17.68000030517578,17.860000610351562,16.780000686645508,17.0,1448200
2012-01-10,15.56731414794922,17.440000534057617,18.0,17.1299991607666,17.860000610351562,1212800
2012-01-11,15.692280769348145,17.579999923706055,17.719999313354492,17.010000228881836,17.440000534057617,1548200
2012-01-12,15.710129737854004,17.600000381469727,18.0,17.399999618530273,17.530000686645508,1588300
2012-01-13,15.317378997802734,17.15999984741211,17.530000686645508,16.440000534057617,17.389999389648438,2204700
2012-01-17,15.344156265258787,17.190000534057617,17.600000381469727,17.030000686645508,17.290000915527344,934200
2012-01-18,16.94194984436035,18.979999542236328,19.71999931335449,17.520000457763672,17.540000915527344,3587900
2012-01-19,17.174028396606445,19.239999771118164,19.6299991607666,18.82999992370605,19.190000534057617,3272500
2012-01-20,18.35229110717773,20.559999465942383,20.6299991607666,18.940000534057617,19.0,2046600
2012-01-23,18.34336280822754,20.549999237060547,20.670000076293945,20.1200008392334,20.40999984741211,1392300
2012-01-24,19.41450500488281,21.75,21.84000015258789,20.25,20.450000762939453,1799500
2012-01-25,18.780750274658203,21.040000915527344,22.0,21.020000457763672,21.940000534057617,1607600
2012-01-26,19.012828826904297,21.299999237060547,21.75,21.06999969482422,21.700000762939453,2012700
2012-01-27,19.43236541748047,21.770000457763672,21.89999961853028,21.07999992370605,21.1200008392334,873100
2012-01-30,18.62900924682617,20.8700008392334,21.229999542236328,20.440000534057617,21.229999542236328,1267400
2012-01-31,18.950345993041992,21.229999542236328,21.780000686645508,21.020000457763672,21.09000015258789,1296700
2012-02-01,19.700145721435547,22.06999969482422,22.350000381469727,21.479999542236328,21.600000381469727,1255200
2012-02-02,19.69121742248535,22.059999465942383,22.549999237060547,21.950000762939453,22.34000015258789,1061200
2012-02-03,20.307126998901367,22.75,23.040000915527344,22.26000022888184,22.600000381469727,1697600
2012-02-06,19.40558433532715,21.739999771118164,22.68000030517578,21.68000030517578,22.530000686645508,1433500
2012-02-07,19.4412899017334,21.780000686645508,22.01000022888184,21.030000686645508,21.64999961853028,1215300
2012-02-08,19.530548095703125,21.8799991607666,22.190000534057617,21.729999542236328,21.959999084472656,733200
2012-02-09,19.628740310668945,21.989999771118164,22.06999969482422,21.459999084472656,21.850000381469727,1084100
2012-02-10,19.307397842407227,21.6299991607666,23.440000534057617,21.540000915527344,23.170000076293945,2873500
2012-02-13,20.191091537475582,22.6200008392334,22.670000076293945,21.709999084472656,22.14999961853028,1855200
2012-02-14,21.11048698425293,23.64999961853028,23.89999961853028,22.3700008392334,22.3700008392334,1786900
2012-02-15,22.270898818969727,24.950000762939453,25.040000915527344,23.39999961853028,23.8799991607666,2710300
2012-02-16,23.05639839172364,25.82999992370605,25.90999984741211,24.709999084472656,24.799999237060547,1955900
2012-02-17,22.645795822143555,25.3700008392334,25.82999992370605,24.8700008392334,25.82999992370605,1672000
2012-02-21,21.64606094360352,24.25,25.459999084472656,24.049999237060547,25.459999084472656,1213900
2012-02-22,21.11048698425293,23.64999961853028,24.200000762939453,23.1200008392334,24.030000686645508,1324500
2012-02-23,21.91385078430176,24.549999237060547,24.739999771118164,22.700000762939453,23.600000381469727,1926800
2012-02-24,22.29767608642578,24.979999542236328,25.299999237060547,24.549999237060547,24.940000534057617,2319300
2012-02-27,22.21733856201172,24.88999938964844,24.979999542236328,24.21999931335449,24.549999237060547,1587800
2012-02-28,22.39586639404297,25.09000015258789,25.200000762939453,24.71999931335449,24.76000022888184,1578800
2012-02-29,22.13699722290039,24.799999237060547,25.21999931335449,24.63999938964844,25.15999984741211,1444100
2012-03-01,21.68177032470703,24.290000915527344,25.38999938964844,24.21999931335449,24.89999961853028,1303400
2012-03-02,21.056930541992188,23.59000015258789,24.68000030517578,23.5,24.190000534057617,1194300
2012-03-05,20.57491874694824,23.049999237060547,23.64999961853028,22.75,23.63999938964844,1195700
2012-03-06,20.12860679626465,22.549999237060547,22.81999969482422,22.049999237060547,22.75,2308400
2012-03-07,20.949811935424805,23.46999931335449,24.170000076293945,22.549999237060547,22.690000534057617,2058700
2012-03-08,22.288747787475582,24.96999931335449,25.1299991607666,23.790000915527344,23.959999084472656,2723600
2012-03-09,22.886802673339844,25.63999938964844,25.739999771118164,25.0,25.15999984741211,1875100
2012-03-12,21.94062805175781,24.57999992370605,25.799999237060547,24.530000686645508,25.46999931335449,1418300
2012-03-13,22.19948387145996,24.8700008392334,25.200000762939453,24.68000030517578,25.059999465942383,1170600
2012-03-14,22.90465545654297,25.65999984741211,26.64999961853028,25.38999938964844,25.84000015258789,2904900
2012-03-15,22.868946075439453,25.6200008392334,26.059999465942383,25.38999938964844,25.729999542236328,988000
2012-03-16,23.449159622192383,26.270000457763672,26.39999961853028,25.39999961853028,25.61000061035156,1305000
2012-03-19,23.50271415710449,26.32999992370605,26.40999984741211,25.71999931335449,26.229999542236328,1223700
2012-03-20,23.08318328857422,25.86000061035156,26.170000076293945,25.559999465942383,26.0,810300
2012-03-21,23.252775192260746,26.049999237060547,26.38999938964844,25.520000457763672,25.81999969482422,771000
2012-03-22,23.449159622192383,26.270000457763672,26.34000015258789,25.39999961853028,25.88999938964844,1360200
2012-03-23,24.073993682861328,26.96999931335449,26.979999542236328,25.959999084472656,26.06999969482422,1352100
2012-03-26,23.984731674194336,26.8700008392334,27.43000030517578,26.57999992370605,27.270000457763672,1626900
2012-03-27,24.020431518554688,26.90999984741211,27.440000534057617,26.700000762939453,26.920000076293945,722700
2012-03-28,24.002580642700195,26.88999938964844,26.989999771118164,26.459999084472656,26.989999771118164,810200
2012-03-29,23.75264358520508,26.61000061035156,26.790000915527344,25.68000030517578,26.64999961853028,1084900
2012-03-30,23.75264358520508,26.61000061035156,27.020000457763672,26.020000457763672,26.739999771118164,1165200
2012-04-02,23.315269470214844,26.1200008392334,26.3700008392334,25.59000015258789,26.299999237060547,1052300
2012-04-03,22.672576904296875,25.39999961853028,26.11000061035156,25.13999938964844,25.88999938964844,1923800
2012-04-04,22.761837005615234,25.5,25.700000762939453,24.200000762939453,25.299999237060547,1977600
2012-04-05,22.99392318725586,25.76000022888184,26.049999237060547,25.3700008392334,25.63999938964844,1542200
2012-04-09,22.45834922790528,25.15999984741211,25.64999961853028,24.68000030517578,25.5,1328000
2012-04-10,21.164045333862305,23.709999084472656,25.82999992370605,23.6200008392334,25.0,2338200
2012-04-11,21.297941207885746,23.86000061035156,24.25,23.68000030517578,24.0,2403500
2012-04-12,22.13699722290039,24.799999237060547,24.86000061035156,23.89999961853028,23.940000534057617,1822700
2012-04-13,21.55680084228516,24.14999961853028,24.709999084472656,23.950000762939453,24.5,807500
2012-04-16,22.08344841003418,24.739999771118164,24.90999984741211,23.799999237060547,24.459999084472656,1104500
2012-04-17,22.279821395874023,24.959999084472656,25.479999542236328,24.940000534057617,25.0,1719500
2012-04-18,22.3333797454834,25.020000457763672,25.229999542236328,24.36000061035156,24.670000076293945,1127200
2012-04-19,21.50324249267578,24.09000015258789,25.34000015258789,24.049999237060547,24.979999542236328,1673800
2012-04-20,20.699880599975582,23.190000534057617,24.450000762939453,23.06999969482422,24.450000762939453,3032100
2012-04-23,20.91411018371582,23.43000030517578,23.520000457763672,22.559999465942383,23.01000022888184,1321900
2012-04-24,21.333641052246094,23.89999961853028,24.200000762939453,23.43000030517578,23.600000381469727,1439000
2012-04-25,21.48538589477539,24.06999969482422,24.75,23.71999931335449,24.489999771118164,2022300
2012-04-26,22.3333797454834,25.020000457763672,25.200000762939453,24.09000015258789,24.229999542236328,2077000
2012-04-27,23.49378776550293,26.31999969482422,26.68000030517578,25.530000686645508,25.799999237060547,2673700
2012-04-30,23.07425308227539,25.850000381469727,26.31999969482422,25.64999961853028,26.31999969482422,922900
2012-05-01,22.99392318725586,25.76000022888184,26.01000022888184,25.40999984741211,25.5,1058100
2012-05-02,23.208147048950195,26.0,26.020000457763672,25.200000762939453,25.39999961853028,1187700
2012-05-03,22.619020462036133,25.34000015258789,26.100000381469727,25.18000030517578,25.809999465942383,1109000
2012-05-04,21.753177642822266,24.3700008392334,25.549999237060547,24.270000457763672,25.309999465942383,884500
2012-05-07,21.36935043334961,23.940000534057617,24.25,23.75,24.18000030517578,656300
2012-05-08,21.512170791625977,24.100000381469727,24.15999984741211,23.0,23.96999931335449,1475600
2012-05-09,21.00337791442871,23.530000686645508,23.770000457763672,22.89999961853028,23.530000686645508,1674700
2012-05-10,21.00337791442871,23.530000686645508,23.799999237060547,23.15999984741211,23.76000022888184,1351600
2012-05-11,21.50324249267578,24.09000015258789,24.350000381469727,23.11000061035156,23.11000061035156,1296200
2012-05-14,20.8873348236084,23.39999961853028,23.959999084472656,23.18000030517578,23.81999969482422,1070800
2012-05-15,20.48565673828125,22.950000762939453,23.63999938964844,22.770000457763672,23.280000686645508,1374000
2012-05-16,19.200279235839844,21.51000022888184,23.18000030517578,21.39999961853028,23.18000030517578,2429400
2012-05-17,18.26302719116211,20.459999084472656,21.670000076293945,20.36000061035156,21.36000061035156,1956200
2012-05-18,17.540006637573242,19.64999961853028,20.6200008392334,19.56999969482422,20.489999771118164,2266900
2012-05-21,18.816452026367188,21.07999992370605,21.239999771118164,19.75,19.780000686645508,1885200
2012-05-22,18.861083984375,21.1299991607666,21.479999542236328,20.90999984741211,21.18000030517578,968400
2012-05-23,19.468067169189453,21.809999465942383,21.82999992370605,20.670000076293945,20.809999465942383,1034300
2012-05-24,18.968196868896484,21.25,21.90999984741211,21.209999084472656,21.799999237060547,1775200
2012-05-25,19.494848251342773,21.84000015258789,21.93000030517578,21.25,21.39999961853028,1722200
2012-05-29,19.860820770263672,22.25,22.559999465942383,21.96999931335449,22.100000381469727,1533700
2012-05-30,19.2181339263916,21.530000686645508,21.959999084472656,21.440000534057617,21.959999084472656,924300
2012-05-31,18.84323501586914,21.11000061035156,21.64999961853028,20.739999771118164,21.64999961853028,1179800
2012-06-01,17.325773239135742,19.40999984741211,20.68000030517578,19.280000686645508,20.5,1964000
2012-06-04,16.790203094482422,18.809999465942383,19.86000061035156,18.56999969482422,19.559999465942383,1958200
2012-06-05,17.307918548583984,19.38999938964844,19.46999931335449,18.799999237060547,18.809999465942383,1666500
2012-06-06,18.01309585571289,20.18000030517578,20.32999992370605,19.56999969482422,19.799999237060547,2086200
2012-06-07,17.745304107666016,19.8799991607666,20.82999992370605,19.86000061035156,20.61000061035156,1755500
2012-06-08,18.075578689575195,20.25,20.440000534057617,19.68000030517578,19.88999938964844,1837100
2012-06-11,17.656042098999023,19.780000686645508,20.76000022888184,19.6299991607666,20.76000022888184,1535100
2012-06-12,18.066648483276367,20.239999771118164,20.34000015258789,19.68000030517578,19.89999961853028,1475000
2012-06-13,17.80778694152832,19.950000762939453,20.56999969482422,19.790000915527344,20.059999465942383,1218900
2012-06-14,18.01309585571289,20.18000030517578,20.299999237060547,19.31999969482422,19.93000030517578,1617100
2012-06-15,18.20947265625,20.39999961853028,20.6200008392334,20.1200008392334,20.13999938964844,891700
2012-06-18,18.40584945678711,20.6200008392334,20.84000015258789,19.96999931335449,20.299999237060547,706000
2012-06-19,18.816452026367188,21.07999992370605,21.38999938964844,20.68000030517578,20.809999465942383,1005000
2012-06-20,19.25383949279785,21.56999969482422,21.690000534057617,20.850000381469727,21.0,1252800
2012-06-21,18.03094482421875,20.200000762939453,21.43000030517578,20.13999938964844,21.40999984741211,1266900
2012-06-22,19.03067970275879,21.31999969482422,21.5,20.270000457763672,20.39999961853028,1341800
2012-06-25,18.47726249694824,20.700000762939453,21.020000457763672,20.40999984741211,20.84000015258789,915400
2012-06-26,18.753969192504883,21.01000022888184,21.059999465942383,20.5,20.71999931335449,1132000
2012-06-27,19.03960609436035,21.32999992370605,21.420000076293945,20.88999938964844,21.18000030517578,856100
2012-06-28,19.173503875732425,21.479999542236328,21.549999237060547,20.989999771118164,21.239999771118164,861800
2012-06-29,20.73559188842773,23.229999542236328,24.200000762939453,22.309999465942383,22.540000915527344,2474500
2012-07-02,20.628475189208984,23.11000061035156,23.809999465942383,22.88999938964844,23.64999961853028,1217300
2012-07-03,21.03907585144043,23.56999969482422,23.709999084472656,23.07999992370605,23.13999938964844,555700
2012-07-05,20.65525245666504,23.13999938964844,23.59000015258789,22.51000022888184,23.540000915527344,1255600
2012-07-06,19.94115257263184,22.34000015258789,22.959999084472656,22.170000076293945,22.850000381469727,1555200
2012-07-09,19.75370407104492,22.1299991607666,22.549999237060547,21.8700008392334,22.489999771118164,1178700
2012-07-10,18.887868881225582,21.15999984741211,22.3700008392334,20.979999542236328,22.1299991607666,1460500
2012-07-11,18.727190017700195,20.979999542236328,21.450000762939453,20.739999771118164,21.07999992370605,804200
2012-07-12,18.04879379272461,20.21999931335449,20.950000762939453,19.93000030517578,20.709999084472656,1488300
2012-07-13,18.19161605834961,20.3799991607666,20.489999771118164,19.65999984741211,20.450000762939453,1652000
2012-07-16,18.18269157409668,20.3700008392334,20.43000030517578,19.8700008392334,20.299999237060547,789200
2012-07-17,17.879199981689453,20.030000686645508,20.670000076293945,19.71999931335449,20.46999931335449,1002200
2012-07-18,19.5127010345459,21.86000061035156,22.0,19.940000534057617,20.0,1745900
2012-07-19,20.476730346679688,22.940000534057617,23.1200008392334,22.200000762939453,22.440000534057617,2241400
2012-07-20,20.003637313842773,22.40999984741211,22.979999542236328,22.13999938964844,22.920000076293945,1578200
2012-07-23,19.61981201171875,21.979999542236328,22.26000022888184,20.84000015258789,21.299999237060547,2456300
2012-07-24,20.191091537475582,22.6200008392334,22.71999931335449,20.06999969482422,22.299999237060547,4438200
2012-07-25,20.05719566345215,22.46999931335449,23.239999771118164,22.170000076293945,22.280000686645508,1629500
2012-07-26,20.583845138549805,23.059999465942383,23.239999771118164,21.850000381469727,23.0,2652100
2012-07-27,21.26223564147949,23.81999969482422,23.89999961853028,23.26000022888184,23.5,1638100
2012-07-30,20.63739776611328,23.1200008392334,24.309999465942383,22.850000381469727,23.81999969482422,1774000
2012-07-31,20.164310455322266,22.59000015258789,23.21999931335449,22.25,23.18000030517578,1648700
2012-08-01,19.69121742248535,22.059999465942383,22.8700008392334,21.850000381469727,22.8700008392334,1034300
2012-08-02,19.235984802246094,21.549999237060547,22.06999969482422,21.299999237060547,21.940000534057617,1107900
2012-08-03,19.90545082092285,22.299999237060547,22.700000762939453,21.690000534057617,22.100000381469727,1852700
2012-08-06,20.396392822265625,22.850000381469727,23.15999984741211,21.920000076293945,22.440000534057617,2686000
2012-08-07,21.65498733520508,24.26000022888184,24.729999542236328,23.170000076293945,23.489999771118164,4004300
2012-08-08,21.253305435180664,23.809999465942383,24.190000534057617,23.520000457763672,23.940000534057617,1404700
2012-08-09,21.181900024414062,23.729999542236328,23.96999931335449,23.5,23.739999771118164,1176700
2012-08-10,21.65498733520508,24.26000022888184,24.270000457763672,23.489999771118164,23.59000015258789,1021600
2012-08-13,21.41397857666016,23.989999771118164,24.489999771118164,23.39999961853028,24.420000076293945,979900
2012-08-14,21.904918670654297,24.540000915527344,24.799999237060547,24.01000022888184,24.11000061035156,1781900
2012-08-15,22.32445526123047,25.01000022888184,25.200000762939453,24.020000457763672,24.07999992370605,1976300
2012-08-16,22.97606658935547,25.739999771118164,25.850000381469727,24.920000076293945,25.3700008392334,2013900
2012-08-17,23.243852615356445,26.040000915527344,26.239999771118164,25.65999984741211,25.93000030517578,2135100
2012-08-20,22.279821395874023,24.959999084472656,25.93000030517578,24.700000762939453,25.850000381469727,2287700
2012-08-21,21.690692901611328,24.299999237060547,25.15999984741211,24.049999237060547,25.049999237060547,2476500
2012-08-22,21.181900024414062,23.729999542236328,23.96999931335449,23.190000534057617,23.96999931335449,3167000
2012-08-23,21.172971725463867,23.71999931335449,24.049999237060547,23.5,23.75,1334500
2012-08-24,21.19082260131836,23.739999771118164,23.959999084472656,23.43000030517578,23.770000457763672,976000
2012-08-27,21.87813949584961,24.51000022888184,24.600000381469727,23.63999938964844,23.989999771118164,1971400
2012-08-28,21.26223564147949,23.81999969482422,25.299999237060547,23.15999984741211,24.39999961853028,3750500
2012-08-29,20.985525131225582,23.51000022888184,23.96999931335449,23.229999542236328,23.63999938964844,1282300
2012-08-30,20.36961555480957,22.81999969482422,23.34000015258789,22.600000381469727,23.25,1700400
2012-08-31,20.815921783447266,23.31999969482422,23.5,22.979999542236328,23.170000076293945,1465900
2012-09-04,20.49458122253418,22.959999084472656,23.40999984741211,22.780000686645508,23.40999984741211,1362200
2012-09-05,20.73559188842773,23.229999542236328,23.57999992370605,22.979999542236328,23.57999992370605,1355400
2012-09-06,21.84243965148925,24.46999931335449,24.5,23.459999084472656,23.51000022888184,1696800
2012-09-07,22.15485572814941,24.81999969482422,25.07999992370605,24.059999465942383,24.350000381469727,1472500
2012-09-10,21.021228790283203,23.549999237060547,24.790000915527344,23.420000076293945,24.75,1708800
2012-09-11,22.020957946777344,24.670000076293945,24.71999931335449,23.63999938964844,23.71999931335449,2163500
2012-09-12,22.32445526123047,25.01000022888184,25.3799991607666,24.31999969482422,24.670000076293945,3810600
2012-09-13,23.59197807312012,26.43000030517578,26.459999084472656,24.1299991607666,24.18000030517578,4838500
2012-09-14,23.806209564208984,26.670000076293945,27.959999084472656,26.420000076293945,26.75,3655700
2012-09-17,23.62768173217773,26.46999931335449,26.600000381469727,25.86000061035156,26.5,1422500
2012-09-18,23.77049827575684,26.6299991607666,26.90999984741211,25.799999237060547,26.540000915527344,1492400
2012-09-19,23.49378776550293,26.31999969482422,26.64999961853028,26.15999984741211,26.459999084472656,986800
2012-09-20,23.065332412719727,25.84000015258789,26.239999771118164,25.40999984741211,26.190000534057617,1366600
2012-09-21,22.949295043945312,25.709999084472656,26.46999931335449,25.690000534057617,25.96999931335449,1022500
2012-09-24,22.690427780151367,25.420000076293945,25.59000015258789,24.799999237060547,25.1299991607666,1276300
2012-09-25,21.601436614990234,24.200000762939453,26.0,24.07999992370605,25.71999931335449,2184100
2012-09-26,21.20867729187012,23.76000022888184,24.43000030517578,23.21999931335449,24.350000381469727,2515400
2012-09-27,22.645795822143555,25.3700008392334,25.64999961853028,23.780000686645508,24.0,2333500
2012-09-28,22.32445526123047,25.01000022888184,25.479999542236328,24.61000061035156,25.0,1671300
2012-10-01,22.4047908782959,25.100000381469727,25.479999542236328,24.81999969482422,25.15999984741211,1355000
2012-10-02,22.351242065429688,25.040000915527344,25.38999938964844,24.709999084472656,25.040000915527344,641000
2012-10-03,21.91385078430176,24.549999237060547,25.43000030517578,24.51000022888184,25.43000030517578,1171800
2012-10-04,21.91385078430176,24.549999237060547,24.82999992370605,24.38999938964844,24.82999992370605,1174600
2012-10-05,22.565460205078125,25.280000686645508,25.600000381469727,24.6200008392334,24.63999938964844,1235100
2012-10-08,22.342304229736328,25.030000686645508,25.459999084472656,24.75,25.190000534057617,756900
2012-10-09,21.833511352539062,24.459999084472656,25.0,24.3799991607666,25.0,1021200
2012-10-10,20.70880889892578,23.200000762939453,23.790000915527344,22.86000061035156,23.770000457763672,4578200
2012-10-11,20.262496948242188,22.700000762939453,23.799999237060547,22.6299991607666,23.799999237060547,3513700
2012-10-12,19.601957321166992,21.959999084472656,22.989999771118164,21.690000534057617,22.989999771118164,3517500
2012-10-15,20.476730346679688,22.940000534057617,23.09000015258789,22.100000381469727,22.100000381469727,2328300
2012-10-16,20.91411018371582,23.43000030517578,23.6299991607666,23.0,23.059999465942383,950100
2012-10-17,20.699880599975582,23.190000534057617,23.5,22.89999961853028,23.200000762939453,1012900
2012-10-18,20.70880889892578,23.200000762939453,23.600000381469727,22.64999961853028,22.89999961853028,1661600
2012-10-19,19.82511711120605,22.209999084472656,23.170000076293945,22.020000457763672,22.950000762939453,1551200
2012-10-22,19.387731552124023,21.71999931335449,22.46999931335449,21.39999961853028,22.3700008392334,1912100
2012-10-23,20.191091537475582,22.6200008392334,22.739999771118164,21.21999931335449,21.420000076293945,2040900
2012-10-24,18.68256378173828,20.93000030517578,22.96999931335449,20.56999969482422,22.6200008392334,5857400
2012-10-25,20.967670440673828,23.489999771118164,24.01000022888184,22.0,22.1299991607666,6119900
2012-10-26,21.44076156616211,24.020000457763672,24.09000015258789,23.059999465942383,23.059999465942383,2060900
2012-10-31,21.65498733520508,24.26000022888184,24.26000022888184,23.790000915527344,24.0,1789300
2012-11-01,23.37775421142578,26.190000534057617,26.3799991607666,23.63999938964844,23.75,3927600
2012-11-02,22.93143844604492,25.690000534057617,26.100000381469727,25.38999938964844,25.420000076293945,2082100
2012-11-05,23.0474796295166,25.81999969482422,26.11000061035156,24.86000061035156,25.020000457763672,1728400
2012-11-06,22.99392318725586,25.76000022888184,25.979999542236328,25.5,25.729999542236328,3191200
2012-11-07,22.68150329589844,25.40999984741211,25.700000762939453,25.049999237060547,25.39999961853028,2041400
2012-11-08,22.610092163085938,25.32999992370605,25.780000686645508,25.209999084472656,25.540000915527344,1328900
2012-11-09,22.342304229736328,25.030000686645508,25.18000030517578,24.739999771118164,24.809999465942383,2183400
2012-11-12,22.49405097961425,25.200000762939453,25.309999465942383,24.8799991607666,25.01000022888184,788800
2012-11-13,21.833511352539062,24.459999084472656,24.989999771118164,24.459999084472656,24.51000022888184,668300
2012-11-14,21.5300235748291,24.1200008392334,24.770000457763672,23.989999771118164,24.76000022888184,951500
2012-11-15,20.5213623046875,22.989999771118164,24.40999984741211,22.89999961853028,24.190000534057617,2461300
2012-11-16,20.25357246398925,22.690000534057617,23.200000762939453,22.59000015258789,23.200000762939453,1678400
2012-11-19,20.985525131225582,23.51000022888184,23.700000762939453,23.049999237060547,23.21999931335449,994200
2012-11-20,20.798070907592773,23.299999237060547,23.450000762939453,22.71999931335449,23.450000762939453,1086600
2012-11-21,20.84269905090332,23.350000381469727,23.56999969482422,22.82999992370605,23.350000381469727,851000
2012-11-23,21.422901153564453,24.0,24.1200008392334,23.38999938964844,23.38999938964844,570000
2012-11-26,21.40505599975586,23.979999542236328,24.190000534057617,23.56999969482422,23.65999984741211,628100
2012-11-27,21.315792083740234,23.8799991607666,24.43000030517578,23.68000030517578,24.049999237060547,807600
2012-11-28,21.592504501342773,24.190000534057617,24.3799991607666,23.34000015258789,23.5,944900
2012-11-29,22.288747787475582,24.96999931335449,25.100000381469727,24.34000015258789,24.59000015258789,724100
2012-11-30,21.851367950439453,24.479999542236328,25.09000015258789,24.34000015258789,24.920000076293945,581400
2012-12-03,21.717472076416016,24.32999992370605,24.709999084472656,24.229999542236328,24.709999084472656,701800
2012-12-04,21.53894424438477,24.1299991607666,24.549999237060547,24.030000686645508,24.38999938964844,488000
2012-12-05,21.86028861999512,24.489999771118164,24.520000457763672,24.0,24.299999237060547,545000
2012-12-06,21.422901153564453,24.0,24.489999771118164,23.850000381469727,24.479999542236328,803800
2012-12-07,20.80699920654297,23.309999465942383,24.0,23.200000762939453,23.799999237060547,1073500
2012-12-10,21.26223564147949,23.81999969482422,23.88999938964844,23.25,23.25,354900
2012-12-11,22.351242065429688,25.040000915527344,25.600000381469727,24.07999992370605,24.07999992370605,1738900
2012-12-12,22.42264747619629,25.1200008392334,25.43000030517578,24.940000534057617,24.989999771118164,886100
2012-12-13,22.306604385375977,24.989999771118164,25.309999465942383,24.809999465942383,24.959999084472656,759100
2012-12-14,21.869216918945312,24.5,24.96999931335449,24.5,24.81999969482422,772700
2012-12-17,22.66364860534668,25.38999938964844,25.440000534057617,24.5,24.56999969482422,846100
2012-12-18,23.199222564697266,25.989999771118164,26.200000762939453,25.38999938964844,25.420000076293945,1181500
2012-12-19,23.07425308227539,25.850000381469727,26.200000762939453,25.559999465942383,25.90999984741211,600800
2012-12-20,23.261703491210938,26.059999465942383,26.07999992370605,25.5,25.739999771118164,759800
2012-12-21,22.62795066833496,25.350000381469727,25.540000915527344,24.75,25.21999931335449,1099800
2012-12-24,22.672576904296875,25.39999961853028,25.76000022888184,25.1200008392334,25.1200008392334,257300
2012-12-26,22.70827293395996,25.440000534057617,25.96999931335449,25.350000381469727,25.459999084472656,371400
2012-12-27,22.699357986450195,25.43000030517578,25.61000061035156,25.059999465942383,25.61000061035156,597300
2012-12-28,22.636869430541992,25.36000061035156,25.75,25.1299991607666,25.239999771118164,370500
2012-12-31,23.49378776550293,26.31999969482422,26.5,25.299999237060547,25.5,791600
2013-01-02,24.841646194458008,27.82999992370605,28.0,27.0,27.100000381469727,1988600
2013-01-03,24.716676712036133,27.690000534057617,28.06999969482422,27.5,27.549999237060547,1502800
2013-01-04,24.404260635375977,27.34000015258789,27.780000686645508,27.030000686645508,27.59000015258789,939300
2013-01-07,24.225730895996094,27.13999938964844,27.530000686645508,26.88999938964844,27.15999984741211,1030400
2013-01-08,23.69908905029297,26.549999237060547,27.479999542236328,26.51000022888184,27.229999542236328,771500
2013-01-09,24.020431518554688,26.90999984741211,26.989999771118164,26.479999542236328,26.600000381469727,1197200
2013-01-10,25.27010726928711,28.309999465942383,28.51000022888184,27.170000076293945,27.209999084472656,2823800
2013-01-11,24.993391036987305,28.0,29.0,27.65999984741211,28.25,2932500
2013-01-14,25.323665618896484,28.3700008392334,28.51000022888184,27.75,28.09000015258789,1739900
2013-01-15,25.25225257873535,28.290000915527344,28.51000022888184,28.06999969482422,28.350000381469727,855800
2013-01-16,26.15379524230957,29.299999237060547,29.809999465942383,28.299999237060547,28.32999992370605,4426800
2013-01-17,26.76077651977539,29.979999542236328,30.07999992370605,29.0,29.34000015258789,3883500
2013-01-18,26.448366165161133,29.6299991607666,29.959999084472656,29.290000915527344,29.959999084472656,1623800
2013-01-22,26.07345962524414,29.209999084472656,29.89999961853028,29.15999984741211,29.8799991607666,1146100
2013-01-23,26.33232307434082,29.5,29.670000076293945,29.309999465942383,29.32999992370605,2899600
2013-01-24,26.34124755859375,29.51000022888184,29.920000076293945,29.239999771118164,29.6200008392334,1619000
2013-01-25,26.858970642089844,30.09000015258789,30.270000457763672,29.57999992370605,29.700000762939453,2469300
2013-01-28,27.22493934631348,30.5,30.6200008392334,30.1200008392334,30.14999961853028,3074700
2013-01-29,26.34124755859375,29.51000022888184,30.530000686645508,29.420000076293945,30.1299991607666,2344600
2013-01-30,26.76077651977539,29.979999542236328,30.459999084472656,29.40999984741211,29.559999465942383,2357200
2013-01-31,26.77863121032715,30.0,30.700000762939453,28.39999961853028,30.32999992370605,4760900
2013-02-01,27.45702743530273,30.76000022888184,31.280000686645508,30.25,30.299999237060547,1999100
2013-02-04,26.198427200317383,29.350000381469727,30.39999961853028,29.350000381469727,30.32999992370605,10692600
2013-02-05,26.617963790893555,29.81999969482422,30.049999237060547,29.51000022888184,29.790000915527344,3938100
2013-02-06,27.18031120300293,30.450000762939453,30.450000762939453,29.63999938964844,29.76000022888184,3758300
2013-02-07,27.20709609985352,30.479999542236328,30.520000457763672,29.799999237060547,30.450000762939453,2353200
2013-02-08,28.52817153930664,31.959999084472656,32.119998931884766,30.559999465942383,30.61000061035156,5382600
2013-02-11,28.66206359863281,32.11000061035156,32.349998474121094,31.309999465942383,31.479999542236328,2964000
2013-02-12,29.07267570495605,32.56999969482422,32.83000183105469,31.81999969482422,32.0,2328900
2013-02-13,29.26904487609864,32.790000915527344,32.959999084472656,32.279998779296875,32.54999923706055,2638300
2013-02-14,29.14407730102539,32.650001525878906,32.880001068115234,32.41999816894531,32.619998931884766,1096300
2013-02-15,28.78703498840332,32.25,32.7400016784668,31.850000381469727,32.63999938964844,1449300
2013-02-19,29.197633743286133,32.709999084472656,32.9900016784668,32.15999984741211,32.2599983215332,1958400
2013-02-20,28.13541984558105,31.520000457763672,32.77000045776367,31.450000762939453,32.709999084472656,1672900
2013-02-21,27.689109802246094,31.020000457763672,31.6200008392334,30.64999961853028,31.57999992370605,2331000
2013-02-22,28.16219520568848,31.549999237060547,31.799999237060547,30.950000762939453,30.950000762939453,1576000
2013-02-25,28.06400489807129,31.440000534057617,32.2400016784668,31.440000534057617,31.809999465942383,3137100
2013-02-26,27.99259757995605,31.36000061035156,31.729999542236328,30.700000762939453,31.68000030517578,1916500
2013-02-27,28.8316650390625,32.29999923706055,32.52000045776367,31.549999237060547,31.56999969482422,1614300
2013-02-28,28.849512100219727,32.31999969482422,32.9900016784668,32.29999923706055,32.34000015258789,1463800
2013-03-01,28.733470916748047,32.189998626708984,32.400001525878906,31.299999237060547,31.84000015258789,2050600
2013-03-04,28.349647521972656,31.76000022888184,31.950000762939453,31.309999465942383,31.84000015258789,2086100
2013-03-05,28.992328643798828,32.47999954223633,32.56999969482422,32.0,32.209999084472656,1940500
2013-03-06,28.733470916748047,32.189998626708984,32.7400016784668,32.099998474121094,32.5099983215332,962900
2013-03-07,28.590654373168945,32.029998779296875,32.869998931884766,31.96999931335449,32.349998474121094,2129400
2013-03-08,28.055082321166992,31.43000030517578,31.600000381469727,30.950000762939453,31.32999992370605,7043300
2013-03-11,28.197904586791992,31.59000015258789,31.90999984741211,31.31999969482422,31.75,3618400
2013-03-12,27.956899642944336,31.31999969482422,31.530000686645508,31.11000061035156,31.39999961853028,2107900
2013-03-13,27.87655067443848,31.229999542236328,31.520000457763672,30.8700008392334,31.39999961853028,2242100
2013-03-14,28.153270721435547,31.540000915527344,31.770000457763672,31.14999961853028,31.280000686645508,2562800
2013-03-15,27.85870742797852,31.209999084472656,31.540000915527344,31.0,31.309999465942383,4057400
2013-03-18,26.52869987487793,29.71999931335449,30.82999992370605,29.459999084472656,30.65999984741211,6655800
2013-03-19,26.49299430847168,29.68000030517578,30.32999992370605,29.540000915527344,30.06999969482422,4176100
2013-03-20,26.73400115966797,29.950000762939453,30.13999938964844,29.6200008392334,29.8799991607666,2464300
2013-03-21,26.33232307434082,29.5,29.89999961853028,29.43000030517578,29.549999237060547,1348200
2013-03-22,26.70722770690918,29.920000076293945,30.46999931335449,29.709999084472656,30.15999984741211,2497100
2013-03-25,26.70722770690918,29.920000076293945,30.07999992370605,29.68000030517578,30.0,1708400
2013-03-26,26.644739151000977,29.850000381469727,30.040000915527344,29.670000076293945,29.979999542236328,1861900
2013-03-27,26.653663635253903,29.86000061035156,30.020000457763672,29.229999542236328,29.6200008392334,2362900
2013-03-28,27.037492752075195,30.290000915527344,30.31999969482422,29.850000381469727,30.01000022888184,1421300
2013-04-01,25.761043548583984,28.86000061035156,30.290000915527344,28.850000381469727,30.270000457763672,2737400
2013-04-02,25.368288040161133,28.420000076293945,29.32999992370605,28.1299991607666,29.14999961853028,2733500
2013-04-03,24.54707908630371,27.5,28.850000381469727,26.959999084472656,28.57999992370605,4541800
2013-04-04,25.17191505432129,28.200000762939453,28.309999465942383,27.5,27.559999465942383,4060000
2013-04-05,25.48432922363281,28.549999237060547,28.61000061035156,27.200000762939453,27.690000534057617,4015200
2013-04-08,25.7967529296875,28.89999961853028,28.90999984741211,28.1299991607666,28.64999961853028,2827200
2013-04-09,26.501922607421875,29.690000534057617,30.030000686645508,29.040000915527344,29.21999931335449,3129900
2013-04-10,26.77863121032715,30.0,30.270000457763672,29.34000015258789,29.670000076293945,2151900
2013-04-11,26.653663635253903,29.86000061035156,30.15999984741211,29.40999984741211,29.790000915527344,3039100
2013-04-12,26.01097869873047,29.13999938964844,29.76000022888184,28.89999961853028,29.46999931335449,2631300
2013-04-15,24.493526458740234,27.440000534057617,28.950000762939453,27.43000030517578,28.950000762939453,5464700
2013-04-16,25.502182006835938,28.56999969482422,28.6299991607666,27.51000022888184,27.950000762939453,4517400
2013-04-17,23.708017349243164,26.559999465942383,28.229999542236328,26.299999237060547,28.0,6311200
2013-04-18,22.690427780151367,25.420000076293945,27.09000015258789,25.3700008392334,27.09000015258789,5261000
2013-04-19,22.574386596679688,25.290000915527344,25.799999237060547,24.809999465942383,25.799999237060547,4981300
2013-04-22,23.002843856811523,25.770000457763672,26.040000915527344,24.65999984741211,25.239999771118164,6043100
2013-04-23,23.86868667602539,26.739999771118164,27.030000686645508,24.780000686645508,26.450000762939453,12805400
2013-04-24,24.234657287597656,27.14999961853028,27.25,26.239999771118164,26.809999465942383,4992600
2013-04-25,24.52030372619629,27.46999931335449,27.850000381469727,27.1200008392334,27.170000076293945,5739300
2013-04-26,24.39533805847168,27.32999992370605,27.61000061035156,27.040000915527344,27.170000076293945,3980200
2013-04-29,24.636341094970703,27.600000381469727,28.01000022888184,27.040000915527344,27.350000381469727,2224700
2013-04-30,24.59170722961425,27.549999237060547,27.76000022888184,27.43000030517578,27.51000022888184,2130600
2013-05-01,23.88654136657715,26.76000022888184,28.030000686645508,26.690000534057617,28.030000686645508,4159900
2013-05-02,24.31499290466309,27.239999771118164,27.39999961853028,26.86000061035156,26.86000061035156,2170000
2013-05-03,25.0112419128418,28.020000457763672,28.420000076293945,27.770000457763672,28.209999084472656,2753700
2013-05-06,25.18084144592285,28.209999084472656,28.8700008392334,28.030000686645508,28.059999465942383,2828600
2013-05-07,25.47541046142578,28.540000915527344,28.61000061035156,28.07999992370605,28.11000061035156,1979500
2013-05-08,25.92171669006348,29.040000915527344,29.13999938964844,28.40999984741211,28.540000915527344,3675600
2013-05-09,26.0913143157959,29.229999542236328,29.520000457763672,28.790000915527344,28.82999992370605,2872000
2013-05-10,26.97500801086425,30.21999931335449,30.38999938964844,29.06999969482422,29.1200008392334,4379400
2013-05-13,26.49299430847168,29.68000030517578,30.13999938964844,29.540000915527344,29.71999931335449,2213300
2013-05-14,26.992862701416016,30.239999771118164,30.31999969482422,29.34000015258789,29.549999237060547,2338100
2013-05-15,27.47488212585449,30.780000686645508,31.01000022888184,30.0,30.0,3019500
2013-05-16,26.93037414550781,30.170000076293945,31.0,30.13999938964844,30.63999938964844,2362500
2013-05-17,26.95716094970703,30.200000762939453,30.309999465942383,29.84000015258789,30.25,3177900
2013-05-20,26.93037414550781,30.170000076293945,30.59000015258789,29.89999961853028,30.25,1817600
2013-05-21,26.77863121032715,30.0,30.31999969482422,29.89999961853028,30.270000457763672,1488200
2013-05-22,26.10917091369629,29.25,30.13999938964844,28.96999931335449,29.950000762939453,2868200
2013-05-23,26.019906997680664,29.14999961853028,29.14999961853028,28.520000457763672,28.729999542236328,2455400
2013-05-24,26.466215133666992,29.64999961853028,29.76000022888184,28.88999938964844,29.13999938964844,2086200
2013-05-28,27.05534744262696,30.309999465942383,30.75,29.76000022888184,30.11000061035156,3057300
2013-05-29,27.29635238647461,30.57999992370605,30.8799991607666,30.059999465942383,30.38999938964844,3225000
2013-05-30,28.046157836914062,31.420000076293945,31.489999771118164,30.280000686645508,30.31999969482422,3419500
2013-05-31,27.537363052368164,30.850000381469727,31.39999961853028,30.799999237060547,31.3700008392334,2485200
2013-06-03,27.21601676940918,30.489999771118164,31.18000030517578,29.979999542236328,31.15999984741211,1973200
2013-06-04,28.072933197021484,31.450000762939453,31.81999969482422,30.61000061035156,30.770000457763672,3602700
2013-06-05,27.28742790222168,30.56999969482422,31.299999237060547,30.56999969482422,31.0,2425100
2013-06-06,26.867895126342773,30.100000381469727,30.729999542236328,29.71999931335449,30.43000030517578,1681600
2013-06-07,27.305280685424805,30.59000015258789,30.729999542236328,29.989999771118164,30.309999465942383,1294900
2013-06-10,27.29635238647461,30.57999992370605,31.059999465942383,30.38999938964844,30.770000457763672,1434300
2013-06-11,26.53762435913086,29.729999542236328,30.440000534057617,29.71999931335449,30.059999465942383,1367800
2013-06-12,26.225208282470703,29.3799991607666,29.950000762939453,29.14999961853028,29.940000534057617,2464600
2013-06-13,27.05534744262696,30.309999465942383,30.36000061035156,29.13999938964844,29.190000534057617,1254000
2013-06-14,27.3142032623291,30.600000381469727,30.709999084472656,30.06999969482422,30.170000076293945,2630300
2013-06-17,27.86763000488281,31.21999931335449,31.36000061035156,30.8700008392334,30.989999771118164,2022500
2013-06-18,28.57280158996582,32.0099983215332,32.04999923706055,31.280000686645508,31.520000457763672,1708900
2013-06-19,28.24252891540528,31.63999938964844,32.0,31.5,31.89999961853028,1837000
2013-06-20,27.269575119018555,30.549999237060547,31.36000061035156,30.190000534057617,31.09000015258789,4552100
2013-06-21,27.58198928833008,30.89999961853028,30.920000076293945,30.299999237060547,30.71999931335449,4313000
2013-06-24,26.019906997680664,29.14999961853028,30.59000015258789,29.030000686645508,30.39999961853028,6872600
2013-06-25,26.689367294311523,29.89999961853028,29.940000534057617,29.39999961853028,29.450000762939453,2158100
2013-06-26,26.93037414550781,30.170000076293945,30.31999969482422,29.84000015258789,30.229999542236328,1247900
2013-06-27,27.778369903564453,31.1200008392334,31.32999992370605,30.420000076293945,30.600000381469727,1860200
2013-06-28,27.689109802246094,31.020000457763672,31.46999931335449,30.81999969482422,30.88999938964844,2502800
2013-07-01,27.831928253173828,31.18000030517578,31.56999969482422,30.979999542236328,31.440000534057617,1038100
2013-07-02,27.983673095703125,31.350000381469727,31.82999992370605,31.01000022888184,31.01000022888184,1156300
2013-07-03,28.24252891540528,31.63999938964844,31.670000076293945,31.11000061035156,31.18000030517578,538900
2013-07-05,28.876296997070312,32.349998474121094,32.400001525878906,31.690000534057617,31.88999938964844,1101700
2013-07-08,28.019371032714844,31.38999938964844,32.58000183105469,31.280000686645508,32.4900016784668,2588500
2013-07-09,28.26931381225586,31.670000076293945,32.0,31.46999931335449,31.57999992370605,1107800
2013-07-10,28.251462936401367,31.64999961853028,31.93000030517578,31.540000915527344,31.709999084472656,1469600
2013-07-11,28.69777107238769,32.150001525878906,32.5,31.61000061035156,31.959999084472656,1695700
2013-07-12,29.03696250915528,32.529998779296875,32.540000915527344,31.989999771118164,32.150001525878906,1788300
2013-07-15,29.331531524658203,32.86000061035156,32.93000030517578,32.4900016784668,32.59000015258789,900300
2013-07-16,29.73320960998535,33.310001373291016,33.31999969482422,32.779998779296875,32.779998779296875,1336400
2013-07-17,30.054548263549805,33.66999816894531,33.939998626708984,33.310001373291016,33.36000061035156,1547000
2013-07-18,29.53683090209961,33.09000015258789,33.810001373291016,33.040000915527344,33.52000045776367,2702900
2013-07-19,29.17978858947754,32.689998626708984,32.97999954223633,32.52000045776367,32.95000076293945,2970900
2013-07-22,29.420793533325195,32.959999084472656,33.13999938964844,32.40999984741211,32.68000030517578,1462400
2013-07-23,30.24200439453125,33.880001068115234,34.15999984741211,33.20000076293945,33.380001068115234,2733600
2013-07-24,29.9206600189209,33.52000045776367,34.38999938964844,33.4900016784668,33.900001525878906,2159400
2013-07-25,29.67965316772461,33.25,33.790000915527344,32.7599983215332,32.7599983215332,3188700
2013-07-26,29.697498321533203,33.27000045776367,33.369998931884766,32.869998931884766,33.029998779296875,1569300
2013-07-29,29.58146095275879,33.13999938964844,33.41999816894531,32.88999938964844,32.88999938964844,1244800
2013-07-30,29.572540283203125,33.130001068115234,33.2400016784668,32.880001068115234,33.099998474121094,1779000
2013-07-31,29.14407730102539,32.650001525878906,33.70000076293945,32.63999938964844,33.2599983215332,2671300
2013-08-01,31.089988708496094,34.83000183105469,34.959999084472656,32.59000015258789,32.95000076293945,5149800
2013-08-02,31.929065704345703,35.77000045776367,35.93000030517578,34.27000045776367,34.810001373291016,3034400
2013-08-05,31.93799018859864,35.779998779296875,36.27000045776367,35.470001220703125,35.84000015258789,2028700
2013-08-06,31.3667049407959,35.13999938964844,35.849998474121094,35.08000183105469,35.849998474121094,1640000
2013-08-07,31.482738494873047,35.27000045776367,35.290000915527344,34.54999923706055,34.849998474121094,1976000
2013-08-08,31.759471893310547,35.58000183105469,36.0,35.33000183105469,35.5099983215332,4972000
2013-08-09,31.40241050720215,35.18000030517578,35.93000030517578,35.119998931884766,35.70000076293945,1870700
2013-08-12,32.080787658691406,35.939998626708984,35.939998626708984,35.0,35.70000076293945,1684600
2013-08-13,31.95583724975586,35.79999923706055,36.209999084472656,35.470001220703125,36.0,1635100
2013-08-14,32.14327621459961,36.0099983215332,36.61000061035156,35.5,35.720001220703125,1941800
2013-08-15,31.152482986450195,34.900001525878906,35.900001525878906,34.86000061035156,35.810001373291016,1569100
2013-08-16,31.63448905944824,35.439998626708984,35.7599983215332,34.70000076293945,34.70000076293945,3148400
2013-08-19,31.58986091613769,35.38999938964844,35.970001220703125,35.34000015258789,35.65999984741211,1986900
2013-08-20,31.714826583862305,35.529998779296875,35.849998474121094,35.209999084472656,35.5,1407100
2013-08-21,31.045360565185547,34.779998779296875,35.349998474121094,34.65999984741211,35.349998474121094,1968000
2013-08-22,32.19684982299805,36.06999969482422,36.380001068115234,35.060001373291016,35.13999938964844,1626800
2013-08-23,32.26824951171875,36.150001525878906,36.459999084472656,35.779998779296875,36.130001068115234,1639400
2013-08-26,32.402137756347656,36.29999923706055,36.56999969482422,35.83000183105469,36.13999938964844,1722300
2013-08-27,31.661264419555664,35.470001220703125,36.0,35.029998779296875,35.66999816894531,2049100
2013-08-28,33.2411994934082,37.2400016784668,37.310001373291016,35.0099983215332,35.29999923706055,3395000
2013-08-29,33.857120513916016,37.93000030517578,38.08000183105469,36.900001525878906,37.459999084472656,3170000
2013-08-30,33.1787223815918,37.16999816894531,38.81999969482422,36.88999938964844,38.560001373291016,1538700
2013-09-03,33.84819030761719,37.91999816894531,38.2400016784668,37.650001525878906,38.11000061035156,1314900
2013-09-04,34.62477111816406,38.790000915527344,38.93000030517578,37.70000076293945,37.79999923706055,1971800
2013-09-05,34.80330276489258,38.9900016784668,39.43999862670898,38.59999847412109,38.68000030517578,1270100
2013-09-06,33.99102020263672,38.08000183105469,39.459999084472656,37.79999923706055,39.459999084472656,2470900
2013-09-09,34.37483596801758,38.5099983215332,38.79999923706055,38.25,38.470001220703125,2365600
2013-09-10,34.91040802001953,39.11000061035156,39.150001525878906,38.650001525878906,38.7400016784668,1671800
2013-09-11,34.64262771606445,38.810001373291016,39.08000183105469,38.5099983215332,39.0,947000
2013-09-12,33.93744659423828,38.02000045776367,38.970001220703125,37.90999984741211,38.810001373291016,2755200
2013-09-13,33.607181549072266,37.650001525878906,37.70000076293945,37.09999847412109,37.25,8189200
2013-09-16,33.687522888183594,37.7400016784668,38.08000183105469,37.59000015258789,37.83000183105469,4006400
2013-09-17,33.732147216796875,37.790000915527344,38.08000183105469,37.720001220703125,37.91999816894531,1679200
2013-09-18,33.63396072387695,37.68000030517578,38.0,37.2400016784668,37.959999084472656,3595500
2013-09-19,33.54470443725586,37.58000183105469,37.90999984741211,37.52999877929688,37.68000030517578,1790600
2013-09-20,33.99102020263672,38.08000183105469,38.34999847412109,37.77000045776367,37.790000915527344,4765900
2013-09-23,33.04482650756836,37.02000045776367,38.09999847412109,36.83000183105469,37.959999084472656,2360200
2013-09-24,33.42865753173828,37.45000076293945,37.68999862670898,36.93000030517578,37.130001068115234,1608800
2013-09-25,33.16088104248047,37.150001525878906,37.900001525878906,37.13999938964844,37.63999938964844,1358600
2013-09-26,33.294769287109375,37.29999923706055,37.77000045776367,37.09999847412109,37.290000915527344,956400
2013-09-27,33.22336196899414,37.220001220703125,37.34000015258789,37.040000915527344,37.29999923706055,835700
2013-09-30,33.21443557739258,37.209999084472656,37.369998931884766,36.709999084472656,36.709999084472656,1283200
2013-10-01,33.8124885559082,37.880001068115234,37.900001525878906,37.43999862670898,37.4900016784668,1042300
2013-10-02,33.75891876220703,37.81999969482422,38.0099983215332,37.310001373291016,37.61000061035156,2150500
2013-10-03,33.79462432861328,37.86000061035156,38.06999969482422,37.43000030517578,37.93999862670898,1844000
2013-10-04,34.51766586303711,38.66999816894531,38.70000076293945,37.90999984741211,38.5,3103300
2013-10-07,33.83033752441406,37.900001525878906,38.560001373291016,37.84999847412109,38.29999923706055,2078400
2013-10-08,32.65207290649414,36.58000183105469,38.13999938964844,36.41999816894531,37.709999084472656,5057200
2013-10-09,32.69670486450195,36.630001068115234,36.93999862670898,36.02999877929688,36.08000183105469,3782200
2013-10-10,33.32155227661133,37.33000183105469,37.77000045776367,37.02999877929688,37.09999847412109,3014600
2013-10-11,34.08027648925781,38.18000030517578,38.45000076293945,37.36000061035156,37.59000015258789,2974000
2013-10-14,34.133827209472656,38.2400016784668,38.4900016784668,37.66999816894531,38.09000015258789,1170800
2013-10-15,33.44650650024414,37.470001220703125,38.5,37.43999862670898,38.25,1385500
2013-10-16,33.874977111816406,37.95000076293945,38.16999816894531,37.119998931884766,37.119998931884766,1635700
2013-10-17,33.49113464355469,37.52000045776367,37.93000030517578,37.04999923706055,37.18000030517578,2442300
2013-10-18,33.83926010131836,37.90999984741211,38.4900016784668,37.34999847412109,38.4900016784668,2602800
2013-10-21,34.178470611572266,38.290000915527344,38.4900016784668,38.09999847412109,38.41999816894531,1388500
2013-10-22,33.28584289550781,37.290000915527344,38.31999969482422,37.150001525878906,38.150001525878906,3136100
2013-10-23,32.1611328125,36.02999877929688,37.0,35.09000015258789,37.0,7029600
2013-10-24,35.32994842529297,39.58000183105469,41.02000045776367,38.75,39.13999938964844,12316400
2013-10-25,35.61557388305664,39.900001525878906,40.2400016784668,39.36000061035156,39.40999984741211,4581700
2013-10-28,36.61532211303711,41.02000045776367,41.29999923706055,39.79999923706055,39.84999847412109,4288600
2013-10-29,37.46330261230469,41.970001220703125,42.25,40.900001525878906,41.0,5723300
2013-10-30,36.8563346862793,41.290000915527344,42.54999923706055,41.25,41.97999954223633,3292500
2013-10-31,37.61505889892578,42.13999938964844,42.630001068115234,41.0099983215332,41.119998931884766,3062500
2013-11-01,37.65075302124024,42.18000030517578,42.5,41.72999954223633,42.0099983215332,2302900
2013-11-04,37.91854095458984,42.47999954223633,42.7599983215332,40.93999862670898,40.959999084472656,2714800
2013-11-05,37.882843017578125,42.43999862670898,42.81999969482422,42.02000045776367,42.20000076293945,2044000
2013-11-06,37.57041931152344,42.09000015258789,42.77000045776367,42.02000045776367,42.40999984741211,1736200
2013-11-07,36.34754180908203,40.720001220703125,42.5,40.59999847412109,41.84000015258789,2691800
2013-11-08,37.12410736083984,41.59000015258789,41.709999084472656,40.5099983215332,40.59999847412109,1800500
2013-11-11,36.90095520019531,41.34000015258789,41.77000045776367,41.09999847412109,41.34999847412109,1765400
2013-11-12,36.79384231567383,41.220001220703125,41.59000015258789,40.790000915527344,41.08000183105469,1037600
2013-11-13,37.20444869995117,41.68000030517578,41.68999862670898,40.81999969482422,40.90999984741211,1001400
2013-11-14,37.07055282592773,41.52999877929688,42.720001220703125,41.06999969482422,42.720001220703125,1095000
2013-11-15,37.47223281860352,41.97999954223633,41.9900016784668,41.36000061035156,41.95000076293945,1204300
2013-11-18,36.74921798706055,41.16999816894531,42.220001220703125,41.06999969482422,41.810001373291016,1779400
2013-11-19,35.99049377441406,40.31999969482422,41.369998931884766,40.290000915527344,40.970001220703125,1807300
2013-11-20,36.10651397705078,40.45000076293945,40.720001220703125,40.18000030517578,40.41999816894531,1365000
2013-11-21,36.59746551513672,41.0,41.11000061035156,40.52000045776367,40.7400016784668,1550100
2013-11-22,36.65102767944336,41.060001373291016,41.33000183105469,40.59999847412109,41.0,876500
2013-11-25,36.10651397705078,40.45000076293945,41.33000183105469,40.2400016784668,41.150001525878906,1933900
2013-11-26,37.91854095458984,42.47999954223633,42.84999847412109,40.77999877929688,41.70000076293945,3862300
2013-11-27,37.49008560180664,42.0,43.18999862670898,41.810001373291016,43.18999862670898,2455000
2013-11-29,37.93639373779297,42.5,42.77999877929688,41.84999847412109,41.88999938964844,948300
2013-12-02,38.18632507324219,42.77999877929688,43.11000061035156,41.93000030517578,42.400001525878906,3400300
2013-12-03,38.32023239135742,42.93000030517578,43.150001525878906,42.150001525878906,42.59999847412109,1922400
2013-12-04,38.78438949584961,43.45000076293945,43.869998931884766,42.52999877929688,42.77999877929688,2060900
2013-12-05,39.15036392211914,43.86000061035156,43.90999984741211,42.93999862670898,43.0099983215332,1434600
2013-12-06,39.48063278198242,44.22999954223633,44.75,44.0099983215332,44.0099983215332,2230500
2013-12-09,38.873653411865234,43.54999923706055,44.58000183105469,43.43000030517578,44.22999954223633,2032600
2013-12-10,37.93639373779297,42.5,42.90999984741211,42.310001373291016,42.65999984741211,8060400
2013-12-11,37.43653106689453,41.93999862670898,42.79999923706055,41.84999847412109,42.7599983215332,3364400
2013-12-12,37.65075302124024,42.18000030517578,42.290000915527344,41.65999984741211,42.040000915527344,3753500
2013-12-13,37.94532012939453,42.5099983215332,42.709999084472656,41.93000030517578,42.43000030517578,4625300
2013-12-16,38.23989486694336,42.84000015258789,43.11000061035156,42.5,42.5,2491300
2013-12-17,38.78438949584961,43.45000076293945,43.72999954223633,42.90999984741211,42.959999084472656,4808000
2013-12-18,38.84687042236328,43.52000045776367,43.52000045776367,42.380001068115234,43.380001068115234,3268400
2013-12-19,38.47196960449219,43.09999847412109,43.75,42.380001068115234,43.75,2433900
2013-12-20,38.84687042236328,43.52000045776367,43.83000183105469,43.04999923706055,43.08000183105469,10857500
2013-12-23,40.346473693847656,45.20000076293945,45.47999954223633,43.65999984741211,44.959999084472656,2564600
2013-12-24,40.239356994628906,45.08000183105469,45.540000915527344,45.04999923706055,45.41999816894531,601700
2013-12-26,40.2572135925293,45.09999847412109,45.34999847412109,44.88999938964844,45.06999969482422,860000
2013-12-27,40.453590393066406,45.31999969482422,45.70000076293945,45.119998931884766,45.43000030517578,808400
2013-12-30,41.01594543457031,45.95000076293945,45.970001220703125,45.16999816894531,45.29999923706055,1523700
2013-12-31,40.99808120727539,45.93000030517578,46.31999969482422,45.619998931884766,46.25,1314400
2014-01-02,39.203914642333984,43.91999816894531,44.70000076293945,43.619998931884766,44.70000076293945,3772700
2014-01-03,38.8825798034668,43.560001373291016,44.34000015258789,43.08000183105469,44.11000061035156,3634200
2014-01-06,38.48981475830078,43.119998931884766,44.0,42.77000045776367,43.93000030517578,2580000
2014-01-07,38.35593032836914,42.970001220703125,43.58000183105469,42.68000030517578,43.290000915527344,3207200
2014-01-08,39.12358856201172,43.83000183105469,43.91999816894531,42.900001525878906,43.150001525878906,2239000
2014-01-09,38.4362678527832,43.060001373291016,44.209999084472656,42.900001525878906,43.95000076293945,3617000
2014-01-10,38.38269805908203,43.0,43.45000076293945,42.70000076293945,43.31999969482422,4832200
2014-01-13,38.32915115356445,42.93999862670898,43.4900016784668,42.41999816894531,43.060001373291016,4311500
2014-01-14,39.3824348449707,44.119998931884766,44.209999084472656,43.0,43.209999084472656,6310300
2014-01-15,40.51606369018555,45.38999938964844,45.66999816894531,44.41999816894531,44.63999938964844,2820700
2014-01-16,41.06056594848633,46.0,46.060001373291016,45.119998931884766,45.540000915527344,2142000
2014-01-17,41.7032585144043,46.720001220703125,47.20000076293945,45.84999847412109,45.84999847412109,3245300
2014-01-21,41.649696350097656,46.65999984741211,47.79999923706055,46.36000061035156,47.75,2398500
2014-01-22,42.71192932128906,47.84999847412109,47.880001068115234,46.5,46.619998931884766,1876000
2014-01-23,42.71192932128906,47.84999847412109,47.900001525878906,47.09000015258789,47.31999969482422,2816100
2014-01-24,40.68567657470703,45.58000183105469,47.84999847412109,45.380001068115234,47.790000915527344,3619000
2014-01-27,41.06056594848633,46.0,46.41999816894531,45.459999084472656,45.93000030517578,3347300
2014-01-28,41.67648315429688,46.68999862670898,47.150001525878906,45.68000030517578,46.0,2218500
2014-01-29,42.18527221679688,47.2599983215332,47.93999862670898,46.66999816894531,46.75,3643100
2014-01-30,42.71192932128906,47.84999847412109,48.34999847412109,47.459999084472656,47.7599983215332,1695900
2014-01-31,43.15822219848633,48.34999847412109,48.54999923706055,47.13999938964844,47.5,2619400
2014-02-03,40.89988708496094,45.81999969482422,48.650001525878906,45.220001220703125,48.630001068115234,3867900
2014-02-04,41.95319366455078,47.0,47.02000045776367,45.70000076293945,46.720001220703125,2372400
2014-02-05,41.95319366455078,47.0,47.119998931884766,46.29999923706055,46.630001068115234,4924500
2014-02-06,44.27399444580078,49.59999847412109,49.880001068115234,46.560001373291016,47.2599983215332,6893800
2014-02-07,46.46091842651367,52.04999923706055,52.060001373291016,49.18000030517578,49.18000030517578,6752900
2014-02-10,46.63053894042969,52.2400016784668,52.45000076293945,51.310001373291016,51.380001068115234,4084600
2014-02-11,46.48770523071289,52.08000183105469,52.59000015258789,51.9900016784668,52.41999816894531,2586400
2014-02-12,46.97865676879883,52.630001068115234,53.16999816894531,52.08000183105469,52.08000183105469,2734100
2014-02-13,47.86233901977539,53.619998931884766,54.06999969482422,52.09999847412109,52.20000076293945,5198400
2014-02-14,49.62973785400391,55.59999847412109,56.2400016784668,54.18000030517578,55.0,6878500
2014-02-18,50.69195175170898,56.790000915527344,56.880001068115234,55.27000045776367,56.0,4098200
2014-02-19,50.69195175170898,56.790000915527344,57.380001068115234,56.56999969482422,56.93000030517578,3589000
2014-02-20,50.64733123779297,56.7400016784668,57.79999923706055,56.58000183105469,57.09999847412109,4482000
2014-02-21,50.12067413330078,56.150001525878906,57.16999816894531,55.54999923706055,57.15999984741211,3420100
2014-02-24,49.58510208129883,55.54999923706055,56.7599983215332,55.540000915527344,56.43999862670898,2982300
2014-02-25,50.00463485717773,56.02000045776367,56.09999847412109,55.06999969482422,55.91999816894531,2726700
2014-02-26,49.58510208129883,55.54999923706055,56.77000045776367,55.43999862670898,56.09999847412109,3704200
2014-02-27,50.52234649658203,56.59999847412109,56.77000045776367,55.43999862670898,55.75,2547900
2014-02-28,50.19208908081055,56.22999954223633,56.83000183105469,55.79999923706055,56.70000076293945,2293900
2014-03-03,49.90644836425781,55.90999984741211,55.9900016784668,54.91999816894531,55.7400016784668,1921500
2014-03-04,51.62919235229492,57.84000015258789,57.93000030517578,56.38999938964844,56.86000061035156,2490200
2014-03-05,51.39712524414063,57.58000183105469,58.16999816894531,56.95000076293945,57.9900016784668,2667000
2014-03-06,53.47692489624024,59.90999984741211,59.93000030517578,57.810001373291016,57.900001525878906,4943600
2014-03-07,52.27189636230469,58.560001373291016,60.369998931884766,57.84000015258789,60.0,4781000
2014-03-10,51.00436401367188,57.13999938964844,58.880001068115234,56.95000076293945,58.47999954223633,2924500
2014-03-11,50.70980453491211,56.810001373291016,58.90999984741211,56.470001220703125,58.09000015258789,2913200
2014-03-12,51.35248947143555,57.52999877929688,57.709999084472656,55.900001525878906,56.5099983215332,2152800
2014-03-13,51.19181823730469,57.34999847412109,58.400001525878906,56.43000030517578,57.84999847412109,3241800
2014-03-14,51.43281936645508,57.619998931884766,58.20000076293945,57.0099983215332,57.0099983215332,2814400
2014-03-17,52.137996673583984,58.40999984741211,59.36000061035156,57.93999862670898,57.93999862670898,2697900
2014-03-18,52.42364883422852,58.72999954223633,59.09999847412109,57.93000030517578,58.560001373291016,2657800
2014-03-19,52.5396842956543,58.86000061035156,59.220001220703125,58.34000015258789,58.900001525878906,2325900
2014-03-20,53.423377990722656,59.84999847412109,59.84999847412109,58.310001373291016,58.7400016784668,2191600
2014-03-21,51.74525451660156,57.970001220703125,60.47999954223633,57.58000183105469,60.34000015258789,3589400
2014-03-24,50.37953186035156,56.43999862670898,58.630001068115234,56.130001068115234,58.18999862670898,3254800
2014-03-25,50.83477783203125,56.95000076293945,58.09999847412109,56.540000915527344,57.18999862670898,2870200
2014-03-26,51.85236358642578,58.09000015258789,60.310001373291016,57.43000030517578,59.119998931884766,5298400
2014-03-27,51.11148071289063,57.2599983215332,58.470001220703125,56.02000045776367,58.470001220703125,3208100
2014-03-28,51.46854019165039,57.65999984741211,59.04999923706055,57.310001373291016,57.83000183105469,2552700
2014-03-31,52.49505233764648,58.810001373291016,59.58000183105469,57.880001068115234,58.310001373291016,2407400
2014-04-01,54.38740539550781,60.93000030517578,61.27999877929688,58.810001373291016,58.9900016784668,4070300
2014-04-02,54.75337219238281,61.34000015258789,62.310001373291016,60.68999862670898,61.9900016784668,3660600
2014-04-03,55.26217651367188,61.90999984741211,63.34999847412109,61.40999984741211,62.52999877929688,4302900
2014-04-04,51.17396545410156,57.33000183105469,62.7400016784668,57.040000915527344,62.68000030517578,7039800
2014-04-07,49.73683547973633,55.720001220703125,57.290000915527344,54.79999923706055,56.47999954223633,5889100
2014-04-08,51.98625564575195,58.2400016784668,58.369998931884766,55.900001525878906,57.25,4189800
2014-04-09,52.9592170715332,59.33000183105469,60.79999923706055,58.61000061035156,60.119998931884766,3436800
2014-04-10,51.20966720581055,57.369998931884766,59.70000076293945,57.290000915527344,59.70000076293945,2822600
2014-04-11,50.18315887451172,56.220001220703125,57.95000076293945,55.52000045776367,56.09999847412109,3301700
2014-04-14,50.34383010864258,56.400001525878906,57.52999877929688,55.68000030517578,56.59000015258789,2651700
2014-04-15,51.44175338745117,57.630001068115234,58.310001373291016,56.18999862670898,56.959999084472656,2737000
2014-04-16,51.69169235229492,57.90999984741211,58.560001373291016,56.5,58.560001373291016,1988300
2014-04-17,51.95054244995117,58.20000076293945,59.13999938964844,57.5099983215332,57.95000076293945,2445700
2014-04-21,53.637603759765625,60.09000015258789,60.25,57.61000061035156,59.25,3425100
2014-04-22,54.11069488525391,60.619998931884766,61.27000045776367,59.70000076293945,60.470001220703125,3116800
2014-04-23,54.02143859863281,60.52000045776367,61.09000015258789,60.0099983215332,61.0,3162600
2014-04-24,55.34251403808594,62.0,62.5,59.400001525878906,62.09999847412109,5078400
2014-04-25,52.54859924316406,58.869998931884766,61.54999923706055,58.54999923706055,61.45000076293945,4209500
2014-04-28,51.78988265991211,58.02000045776367,59.41999816894531,56.61000061035156,59.34999847412109,4083100
2014-04-29,52.87887191772461,59.2400016784668,59.380001068115234,57.68999862670898,58.5,2221000
2014-04-30,53.21806716918945,59.619998931884766,59.650001525878906,58.119998931884766,59.09000015258789,2234800
2014-05-01,53.967864990234375,60.459999084472656,61.52999877929688,59.619998931884766,59.68000030517578,2748300
2014-05-02,55.1461296081543,61.77999877929688,62.27999877929688,60.38999938964844,61.15999984741211,2552500
2014-05-05,54.646270751953125,61.220001220703125,61.77999877929688,60.61000061035156,61.77999877929688,1593600
2014-05-06,54.03927612304688,60.540000915527344,61.52000045776367,60.41999816894531,61.2400016784668,1704400
2014-05-07,53.7536506652832,60.220001220703125,61.09000015258789,59.43000030517578,60.560001373291016,1992600
2014-05-08,54.1910285949707,60.709999084472656,62.16999816894531,59.79999923706055,60.09999847412109,1993000
2014-05-09,53.351959228515625,59.77000045776367,60.65999984741211,59.220001220703125,60.38999938964844,1717500
2014-05-12,55.89593505859375,62.619998931884766,63.40999984741211,60.369998931884766,60.5,2929900
2014-05-13,54.1910285949707,60.709999084472656,63.84999847412109,60.45000076293945,62.86000061035156,3632900
2014-05-14,53.14666366577149,59.540000915527344,60.52000045776367,59.5,59.9900016784668,8447100
2014-05-15,53.24484634399414,59.650001525878906,59.72999954223633,57.709999084472656,59.45000076293945,5133100
2014-05-16,53.78042221069336,60.25,60.5,59.08000183105469,59.59999847412109,3855600
2014-05-19,54.03927612304688,60.540000915527344,60.9900016784668,60.04999923706055,60.130001068115234,4452500
2014-05-20,54.2624397277832,60.790000915527344,61.5099983215332,60.27000045776367,61.02999877929688,3183500
2014-05-21,53.923248291015625,60.40999984741211,61.40999984741211,59.650001525878906,60.83000183105469,3170500
2014-05-22,54.03927612304688,60.540000915527344,61.16999816894531,59.88999938964844,60.02999877929688,2069100
2014-05-23,55.039024353027344,61.65999984741211,61.790000915527344,60.09999847412109,60.84000015258789,2242200
2014-05-27,55.7084846496582,62.40999984741211,62.65999984741211,61.68999862670898,62.0099983215332,2926200
2014-05-28,55.17291641235352,61.810001373291016,62.66999816894531,61.5099983215332,62.54999923706055,2450500
2014-05-29,55.369285583496094,62.02999877929688,62.52999877929688,61.75,61.93999862670898,2097100
2014-05-30,55.4317626953125,62.09999847412109,62.560001373291016,61.7400016784668,62.380001068115234,1972700
2014-06-02,55.69956588745117,62.400001525878906,62.5099983215332,61.310001373291016,62.36000061035156,1841100
2014-06-03,55.95841979980469,62.68999862670898,62.95000076293945,61.77000045776367,62.040000915527344,1844800
2014-06-04,55.788818359375,62.5,62.720001220703125,61.790000915527344,62.09000015258789,2965300
2014-06-05,56.59218978881836,63.400001525878906,63.810001373291016,62.45000076293945,63.0,3376300
2014-06-06,56.395809173583984,63.18000030517578,64.69000244140625,63.0099983215332,64.5199966430664,2596500
2014-06-09,56.859962463378906,63.70000076293945,64.08000183105469,63.209999084472656,63.2400016784668,3331900
2014-06-10,57.48480224609375,64.4000015258789,64.52999877929688,63.09000015258789,63.869998931884766,2869500
2014-06-11,56.84210586547852,63.68000030517578,64.6500015258789,63.540000915527344,64.4000015258789,2022300
2014-06-12,55.58351135253906,62.27000045776367,63.54999923706055,61.97999954223633,63.27999877929688,2707700
2014-06-13,55.60136413574219,62.290000915527344,63.709999084472656,62.0,63.709999084472656,2365700
2014-06-16,55.81560134887695,62.52999877929688,62.97999954223633,61.84000015258789,62.45000076293945,1574800
2014-06-17,56.502925872802734,63.29999923706055,63.68000030517578,62.5,62.54999923706055,2049800
2014-06-18,56.16371154785156,62.91999816894531,63.7400016784668,62.41999816894531,63.7400016784668,2391500
2014-06-19,58.01144790649414,64.98999786376953,65.02999877929688,62.75,63.77000045776367,3578500
2014-06-20,59.305755615234375,66.44000244140625,66.4800033569336,65.11000061035156,65.19000244140625,3293900
2014-06-23,58.96656036376953,66.05999755859375,67.38999938964844,65.95999908447266,66.5,2275400
2014-06-24,57.5205078125,64.44000244140625,66.1500015258789,64.22000122070312,66.0,2225200
2014-06-25,57.64547729492188,64.58000183105469,64.98999786376953,63.5,64.51000213623047,1666800
2014-06-26,57.02956008911133,63.88999938964844,64.66999816894531,62.91999816894531,64.66999816894531,1680100
2014-06-27,58.02930450439453,65.01000213623047,65.08999633789062,63.2599983215332,63.79999923706055,1594000
2014-06-30,59.07366180419922,66.18000030517578,66.19000244140625,65.0,65.76000213623047,2307800
2014-07-01,59.93951416015625,67.1500015258789,67.66000366210938,66.69000244140625,66.83999633789062,2402100
2014-07-02,59.44856262207031,66.5999984741211,67.05999755859375,66.16000366210938,67.0,2033800
2014-07-03,60.1269645690918,67.36000061035156,67.5,66.76000213623047,67.33000183105469,670600
2014-07-07,59.72527694702149,66.91000366210938,67.79000091552734,66.58000183105469,67.54000091552734,1499200
2014-07-08,58.61842727661133,65.66999816894531,67.25,64.75,66.88999938964844,2925600
2014-07-09,59.2611198425293,66.38999938964844,66.80999755859375,65.76000213623047,66.19000244140625,1653600
2014-07-10,58.40419387817383,65.43000030517578,65.55999755859375,64.05000305175781,65.01000213623047,3048800
2014-07-11,59.28788757324219,66.41999816894531,66.5,65.3499984741211,65.70999908447266,1419300
2014-07-14,59.22541427612305,66.3499984741211,67.44000244140625,66.05000305175781,66.81999969482422,1451300
2014-07-15,58.698768615722656,65.76000213623047,66.86000061035156,65.38999938964844,66.3499984741211,1976500
2014-07-16,59.83238983154297,67.02999877929688,67.26000213623047,66.12000274658203,66.30000305175781,1536800
2014-07-17,57.95789337158203,64.93000030517578,66.47000122070312,64.73999786376953,66.3499984741211,2961700
2014-07-18,59.457481384277344,66.61000061035156,66.6500015258789,64.94000244140625,65.44000244140625,2449300
2014-07-21,59.16292190551758,66.27999877929688,67.4000015258789,65.87000274658203,66.55000305175781,2108600
2014-07-22,59.13615036010742,66.25,67.31999969482422,66.19999694824219,66.5,3434600
2014-07-23,57.609771728515625,64.54000091552734,66.58999633789062,63.63999938964844,66.0999984741211,6098900
2014-07-24,58.314937591552734,65.33000183105469,67.30000305175781,64.55000305175781,67.0,5939700
2014-07-25,56.23513412475586,63.0,65.5,62.709999084472656,65.5,6226500
2014-07-28,55.64600372314453,62.34000015258789,63.29999923706055,61.18000030517578,63.02999877929688,5192100
2014-07-29,55.06580352783203,61.68999862670898,62.79999923706055,61.5,62.11000061035156,4592100
2014-07-30,56.5743293762207,63.380001068115234,63.72999954223633,61.7599983215332,62.150001525878906,3723600
2014-07-31,55.65492630004883,62.34999847412109,62.720001220703125,61.09999847412109,62.18000030517578,3761000
2014-08-01,55.69956588745117,62.400001525878906,63.220001220703125,61.65999984741211,62.56999969482422,2928100
2014-08-04,55.99412155151367,62.72999954223633,63.45000076293945,62.25,63.02000045776367,2490300
2014-08-05,55.324649810791016,61.97999954223633,62.66999816894531,61.56999969482422,62.61000061035156,2462300
2014-08-06,56.18157958984375,62.93999862670898,63.83000183105469,60.56999969482422,61.36000061035156,3825600
2014-08-07,54.00358200073242,60.5,62.9900016784668,60.18999862670898,62.72999954223633,3942500
2014-08-08,54.53022766113281,61.09000015258789,61.43999862670898,59.81999969482422,60.560001373291016,2304100
2014-08-11,55.07472610473633,61.70000076293945,62.27999877929688,61.52000045776367,61.52000045776367,1623100
2014-08-12,55.80667495727539,62.52000045776367,62.66999816894531,61.11000061035156,61.65999984741211,1666700
2014-08-13,56.25297546386719,63.02000045776367,63.560001373291016,62.619998931884766,63.560001373291016,2456600
2014-08-14,56.87782669067383,63.720001220703125,63.75,62.7400016784668,63.34000015258789,1940200
2014-08-15,57.02956008911133,63.88999938964844,64.37999725341797,62.68000030517578,64.33999633789062,2154500
2014-08-18,56.4404296875,63.22999954223633,63.34000015258789,60.81999969482422,62.15999984741211,6773800
2014-08-19,56.46722412109375,63.2599983215332,63.970001220703125,62.70000076293945,63.11000061035156,2680000
2014-08-20,57.306278228759766,64.19999694824219,64.45999908447266,63.2599983215332,63.34999847412109,3371400
2014-08-21,57.15453720092773,64.02999877929688,64.44999694824219,63.77000045776367,64.27999877929688,2672800
2014-08-22,58.40419387817383,65.43000030517578,65.83999633789062,64.19999694824219,64.9000015258789,3308100
2014-08-25,58.50238800048828,65.54000091552734,65.8499984741211,65.01000213623047,65.72000122070312,2019300
2014-08-26,57.78828048706055,64.73999786376953,65.88999938964844,64.70999908447266,65.55999755859375,2328600
2014-08-27,58.50238800048828,65.54000091552734,65.69999694824219,64.04000091552734,65.41999816894531,1708200
2014-08-28,59.7698974609375,66.95999908447266,66.97000122070312,65.05999755859375,65.77999877929688,2681200
2014-08-29,61.162410736083984,68.5199966430664,69.5,67.80999755859375,69.0999984741211,5607400
2014-09-02,61.653350830078125,69.06999969482422,70.0,68.66000366210938,70.0,4401100
2014-09-03,61.813995361328125,69.25,70.37999725341797,68.75,69.5,4706200
2014-09-04,61.97468566894531,69.43000030517578,69.81999969482422,68.80000305175781,69.33999633789062,3780000
2014-09-05,63.36716079711914,70.98999786376953,71.0999984741211,69.29000091552734,69.83999633789062,3674700
2014-09-08,63.54569625854492,71.19000244140625,72.18000030517578,70.6500015258789,71.30999755859375,4187100
2014-09-09,62.50132369995117,70.0199966430664,73.08999633789062,68.79000091552734,71.02999877929688,9013800
2014-09-10,63.04581832885742,70.62999725341797,71.0,69.58999633789062,70.88999938964844,3174800
2014-09-11,63.679595947265625,71.33999633789062,71.45999908447266,70.1500015258789,70.1500015258789,2211900
2014-09-12,62.46562957763672,69.9800033569336,71.5,69.91000366210938,71.41999816894531,2335100
2014-09-15,61.19810104370117,68.55999755859375,70.58000183105469,68.41999816894531,70.05000305175781,2854800
2014-09-16,62.715553283691406,70.26000213623047,70.48999786376953,68.4000015258789,68.4000015258789,2222500
2014-09-17,63.135101318359375,70.7300033569336,71.23999786376953,69.87999725341797,71.1500015258789,1979800
2014-09-18,65.17027282714844,73.01000213623047,73.70999908447266,70.81999969482422,71.44000244140625,5016700
2014-09-19,64.25980377197266,71.98999786376953,73.81999969482422,71.56999969482422,73.81999969482422,4107200
2014-09-22,63.19755935668945,70.80000305175781,72.55000305175781,70.68000030517578,72.29000091552734,3149000
2014-09-23,64.26871490478516,72.0,72.26000213623047,70.01000213623047,70.5,2890500
2014-09-24,64.4561767578125,72.20999908447266,72.87999725341797,71.37000274658203,72.26000213623047,2368500
2014-09-25,62.31388092041016,69.80999755859375,72.19000244140625,69.5999984741211,72.16000366210938,2978200
2014-09-26,63.45643615722656,71.08999633789062,71.37000274658203,69.45999908447266,69.45999908447266,1780900
2014-09-29,62.7334098815918,70.27999877929688,70.81999969482422,69.12999725341797,69.88999938964844,1883300
2014-09-30,61.0820541381836,68.43000030517578,70.27999877929688,67.7699966430664,70.20999908447266,3848200
2014-10-01,58.92193603515625,66.01000213623047,68.45999908447266,65.69000244140625,68.45999908447266,5089500
2014-10-02,59.18970489501953,66.30999755859375,66.4800033569336,63.4900016784668,65.97000122070312,5741300
2014-10-03,60.13587951660156,67.37000274658203,68.33999633789062,66.58999633789062,66.61000061035156,3399500
2014-10-06,59.1004524230957,66.20999908447266,68.16999816894531,65.86000061035156,67.61000061035156,2482900
2014-10-07,58.19888687133789,65.19999694824219,66.26000213623047,64.75,65.27999877929688,2633100
2014-10-08,59.055809020996094,66.16000366210938,66.44000244140625,62.869998931884766,65.05000305175781,5047600
2014-10-09,57.43123626708984,64.33999633789062,66.16000366210938,63.9900016784668,65.70999908447266,3645000
2014-10-10,50.290283203125,56.34000015258789,58.38999938964844,54.709999084472656,58.06999969482422,18567600
2014-10-13,48.11227798461914,53.900001525878906,57.290000915527344,53.810001373291016,56.709999084472656,7030000
2014-10-14,50.5045051574707,56.58000183105469,59.43000030517578,54.18999862670898,55.0,8606400
2014-10-15,52.316524505615234,58.61000061035156,59.18000030517578,54.91999816894531,55.27000045776367,6478400
2014-10-16,54.50345230102539,61.060001373291016,62.02999877929688,57.0,57.18999862670898,6535000
2014-10-17,53.93216323852539,60.41999816894531,63.970001220703125,60.31999969482422,63.0099983215332,5110000
2014-10-20,54.89620208740234,61.5,61.93000030517578,59.70000076293945,60.150001525878906,2785300
2014-10-21,57.69902420043945,64.63999938964844,65.08999633789062,62.810001373291016,63.34000015258789,5714000
2014-10-22,57.24379348754883,64.12999725341797,65.87000274658203,63.91999816894531,65.38999938964844,4533400
2014-10-23,57.28842544555664,64.18000030517578,66.0,61.650001525878906,65.98999786376953,10049500
2014-10-24,58.49345016479492,65.52999877929688,65.9000015258789,64.13999938964844,64.51000213623047,3888200
2014-10-27,58.698768615722656,65.76000213623047,65.94999694824219,63.77000045776367,65.37000274658203,2694200
2014-10-28,60.31440734863281,67.56999969482422,67.6500015258789,65.41999816894531,65.41999816894531,3246700
2014-10-29,59.85023880004883,67.05000305175781,67.91999816894531,65.54000091552734,67.29000091552734,2767800
2014-10-30,58.386356353759766,65.41000366210938,66.87999725341797,63.52000045776367,66.44999694824219,5669700
2014-10-31,61.287391662597656,68.66000366210938,69.5999984741211,67.19999694824219,67.80000305175781,5256600
2014-11-03,61.813995361328125,69.25,69.94000244140625,68.31999969482422,68.43000030517578,3818500
2014-11-04,62.18891525268555,69.66999816894531,69.80999755859375,68.23999786376953,68.58000183105469,3271500
2014-11-05,65.4826889038086,73.36000061035156,73.58999633789062,70.5,70.5,8166200
2014-11-06,65.58086395263672,73.47000122070312,74.94000244140625,73.1500015258789,73.1500015258789,4718000
2014-11-07,65.64334106445312,73.54000091552734,74.19999694824219,71.79000091552734,73.51000213623047,3643300
2014-11-10,66.4020767211914,74.38999938964844,74.73999786376953,73.69999694824219,73.91999816894531,2221300
2014-11-11,65.91114044189453,73.83999633789062,74.66999816894531,73.12999725341797,73.83000183105469,2388300
2014-11-12,65.51837921142578,73.4000015258789,73.73999786376953,72.22000122070312,73.43000030517578,2141100
2014-11-13,64.78645324707031,72.58000183105469,74.80000305175781,72.0199966430664,73.5,2252200
2014-11-14,65.8129653930664,73.7300033569336,73.8499984741211,71.12999725341797,72.4800033569336,2036900
2014-11-17,66.38424682617188,74.37000274658203,74.94999694824219,73.79000091552734,73.80999755859375,3291000
2014-11-18,66.54490661621094,74.55000305175781,75.31999969482422,73.81999969482422,73.87000274658203,3158700
2014-11-19,65.16133880615234,73.0,75.06999969482422,72.87999725341797,74.37999725341797,2785700
2014-11-20,66.17893981933594,74.13999938964844,74.91999816894531,71.80000305175781,72.70999908447266,2362200
2014-11-21,66.81268310546875,74.8499984741211,75.83999633789062,73.80999755859375,75.47000122070312,3015500
2014-11-24,67.99989318847656,76.18000030517578,76.69999694824219,74.56999969482422,74.87000274658203,3983100
2014-11-25,67.97308349609375,76.1500015258789,77.80000305175781,76.0,77.19000244140625,8096400
2014-11-26,69.49054718017578,77.8499984741211,78.0,75.66999816894531,75.9800033569336,3002400
2014-11-28,69.45481872558594,77.80999755859375,78.33999633789062,77.01000213623047,77.8499984741211,1225800
2014-12-01,67.7320785522461,75.87999725341797,77.98999786376953,75.20999908447266,77.62999725341797,3352500
2014-12-02,67.2679214477539,75.36000061035156,75.70999908447266,74.13999938964844,75.08999633789062,3598100
2014-12-03,68.59793853759766,76.8499984741211,77.25,75.77999877929688,76.16999816894531,3673400
2014-12-04,67.96417999267578,76.13999938964844,77.19999694824219,75.33999633789062,77.11000061035156,3259100
2014-12-05,68.93714141845703,77.2300033569336,77.5999984741211,76.0199966430664,76.5,2495000
2014-12-08,67.9374008178711,76.11000061035156,77.87999725341797,75.44000244140625,77.0,2399700
2014-12-09,68.53545379638672,76.77999877929688,77.05999755859375,74.51000213623047,75.16000366210938,2595500
2014-12-10,67.08049774169922,75.1500015258789,77.30000305175781,74.98999786376953,76.61000061035156,2553200
2014-12-11,66.90193939208984,74.94999694824219,76.87999725341797,74.70999908447266,76.12000274658203,2200300
2014-12-12,65.50946807861328,73.38999938964844,74.94999694824219,72.73999786376953,73.75,2349400
2014-12-15,64.3847427368164,72.12999725341797,74.5,71.43000030517578,74.26000213623047,3617900
2014-12-16,64.8846206665039,72.69000244140625,75.19000244140625,70.3499984741211,71.37999725341797,3721900
2014-12-17,67.33041381835938,75.43000030517578,75.55999755859375,72.2699966430664,73.30999755859375,2115800
2014-12-18,69.46376037597656,77.81999969482422,77.93000030517578,76.37000274658203,77.52999877929688,2898500
2014-12-19,68.27657318115234,76.48999786376953,78.16000366210938,75.87000274658203,78.01000213623047,2660400
2014-12-22,68.99066925048828,77.29000091552734,77.73999786376953,76.41000366210938,76.58000183105469,1319100
2014-12-23,68.0801773071289,76.2699966430664,77.9800033569336,76.19000244140625,77.80000305175781,1494700
2014-12-24,68.50865936279297,76.75,77.81999969482422,76.41999816894531,76.5199966430664,694500
2014-12-26,68.39264678955078,76.62000274658203,77.38999938964844,76.2699966430664,76.76000213623047,768500
2014-12-29,68.08912658691406,76.27999877929688,77.11000061035156,75.91000366210938,77.11000061035156,1556000
2014-12-30,67.46429443359375,75.58000183105469,76.18000030517578,74.5199966430664,75.91000366210938,1839800
2014-12-31,68.19627380371094,76.4000015258789,77.4800033569336,75.37999725341797,75.55999755859375,2210100
2015-01-02,68.5622329711914,76.80999755859375,77.87999725341797,75.19999694824219,76.55999755859375,2566600
2015-01-05,67.83922576904297,76.0,77.0,75.45999908447266,76.91000366210938,3929600
2015-01-06,64.60792541503906,72.37999725341797,75.7699966430664,72.19999694824219,75.5,4099700
2015-01-07,66.34854125976562,74.33000183105469,74.9800033569336,73.04000091552734,73.04000091552734,2713000
2015-01-08,69.48162841796875,77.83999633789062,78.0999984741211,75.43000030517578,75.51000213623047,2664000
2015-01-09,71.69532012939453,80.31999969482422,80.97000122070312,78.31999969482422,78.3499984741211,5110100
2015-01-12,71.72211456298828,80.3499984741211,81.29000091552734,78.3499984741211,81.0,2926700
2015-01-13,70.73130798339844,79.23999786376953,82.76000213623047,78.56999969482422,81.0,3737300
2015-01-14,71.47217559814453,80.06999969482422,80.4800033569336,77.08000183105469,78.0199966430664,4010400
2015-01-15,68.38369750976562,76.61000061035156,80.75,76.37999725341797,80.19999694824219,4790900
2015-01-16,69.54410552978516,77.91000366210938,77.91999816894531,75.80000305175781,76.44000244140625,3658500
2015-01-20,70.32068634033203,78.77999877929688,79.33999633789062,77.37999725341797,79.33999633789062,3084600
2015-01-21,70.78487396240234,79.30000305175781,80.16000366210938,78.45999908447266,79.2699966430664,2608500
2015-01-22,70.57059478759766,79.05999755859375,80.0,76.93000030517578,79.66000366210938,3795100
2015-01-23,71.61502075195312,80.2300033569336,81.16999816894531,78.13999938964844,78.93000030517578,2780500
2015-01-26,70.6241683959961,79.12000274658203,79.94999694824219,78.13999938964844,79.94999694824219,2853600
2015-01-27,69.6512222290039,78.02999877929688,78.87999725341797,77.5,78.0,2738600
2015-01-28,70.63308715820312,79.12999725341797,82.13999938964844,78.5999984741211,80.80000305175781,5575500
2015-01-29,71.29364013671875,79.87000274658203,80.45999908447266,76.91000366210938,79.4000015258789,3256100
2015-01-30,70.8205337524414,79.33999633789062,80.4800033569336,78.1500015258789,79.70999908447266,2455900
2015-02-02,69.5083999633789,77.87000274658203,80.2699966430664,76.16999816894531,79.93000030517578,3131200
2015-02-03,71.1775894165039,79.73999786376953,79.80999755859375,77.37999725341797,77.6500015258789,2907700
2015-02-04,71.1865234375,79.75,80.38999938964844,78.83000183105469,79.06999969482422,4781200
2015-02-05,69.86543273925781,78.2699966430664,80.75,77.58000183105469,80.0,6640100
2015-02-06,73.45381927490234,82.29000091552734,83.44000244140625,78.43000030517578,78.93000030517578,6121000
2015-02-09,72.27552032470703,80.97000122070312,82.30000305175781,78.69000244140625,82.04000091552734,3663900
2015-02-10,73.15923309326172,81.95999908447266,82.0,80.5199966430664,81.80999755859375,3074100
2015-02-11,74.85520935058594,83.86000061035156,83.97000122070312,81.66000366210938,82.08999633789062,3188400
2015-02-12,76.22091674804688,85.38999938964844,85.43000030517578,83.44000244140625,83.44000244140625,2824900
2015-02-13,75.68534088134766,84.79000091552734,86.5,83.9800033569336,86.13999938964844,2719700
2015-02-17,74.73025512695312,83.72000122070312,85.27999877929688,83.41000366210938,85.0,2706100
2015-02-18,76.19414520263672,85.36000061035156,85.4800033569336,83.58999633789062,84.5199966430664,2119500
2015-02-19,76.4708480834961,85.66999816894531,85.69000244140625,84.27999877929688,85.18000030517578,2163100
2015-02-20,75.56932830810547,84.66000366210938,85.69999694824219,84.1500015258789,85.61000061035156,2103800
2015-02-23,75.42649841308594,84.5,84.69000244140625,83.62999725341797,84.5999984741211,1890700
2015-02-24,76.68508911132812,85.91000366210938,85.93000030517578,83.62000274658203,84.66000366210938,2250600
2015-02-25,75.78353118896484,84.9000015258789,85.8499984741211,84.47000122070312,85.51000213623047,1594800
2015-02-26,75.83708190917969,84.95999908447266,86.04000091552734,84.12000274658203,84.91999816894531,1840600
2015-02-27,75.78353118896484,84.9000015258789,85.94000244140625,84.5199966430664,85.33999633789062,1656900
2015-03-02,88.86935424804688,99.55999755859376,99.9000015258789,95.0199966430664,95.0999984741211,23907400
2015-03-03,88.12848663330078,98.7300033569336,100.08999633789062,97.69000244140624,99.9499969482422,7326500
2015-03-04,88.78902435302734,99.47000122070312,99.5999984741211,97.30999755859376,98.0500030517578,3401200
2015-03-05,88.07491302490234,98.66999816894533,100.86000061035156,98.33999633789062,100.0,3860400
2015-03-06,87.90531921386719,98.4800033569336,99.02999877929688,97.56999969482422,98.8000030517578,3661000
2015-03-09,88.11955261230469,98.72000122070312,99.19000244140624,97.94000244140624,97.94000244140624,3558700
2015-03-10,87.07520294189453,97.5500030517578,98.5,97.11000061035156,98.2300033569336,3090200
2015-03-11,87.43221282958984,97.9499969482422,98.4800033569336,97.37000274658205,98.06999969482422,2157100
2015-03-12,87.99457550048828,98.58000183105467,98.69000244140624,96.52999877929688,96.5999984741211,2358000
2015-03-13,93.43064880371094,104.66999816894533,105.12000274658205,99.6500015258789,99.8000030517578,8272000
2015-03-16,93.1628646850586,104.37000274658205,105.02999877929688,103.13999938964844,105.0,3956700
2015-03-17,92.68087768554688,103.83000183105467,104.25,102.88999938964844,103.1999969482422,2706600
2015-03-18,94.04656982421876,105.36000061035156,105.87999725341795,103.16000366210938,103.45999908447266,2762000
2015-03-19,94.01085662841795,105.31999969482422,106.4499969482422,104.6999969482422,105.45999908447266,1834800
2015-03-20,96.42985534667967,108.02999877929688,108.4800033569336,106.0,106.83000183105467,3407000
2015-03-23,93.62704467773438,104.88999938964844,108.5,104.88999938964844,108.16999816894533,3281700
2015-03-24,92.86830139160156,104.04000091552734,105.19000244140624,103.36000061035156,105.01000213623048,3231000
2015-03-25,89.39600372314453,100.1500015258789,104.45999908447266,98.58000183105467,104.41999816894533,5904000
2015-03-26,87.03057098388672,97.5,99.0,93.0500030517578,96.01000213623048,8746700
2015-03-27,89.19070434570312,99.91999816894533,100.63999938964844,97.23999786376952,98.41999816894533,4993000
2015-03-30,91.43119049072266,102.43000030517578,103.98999786376952,101.0199966430664,101.0199966430664,3732000
2015-03-31,89.58346557617188,100.36000061035156,102.5500030517578,100.16999816894533,101.68000030517578,2527400
2015-04-01,89.0389633178711,99.75,100.6500015258789,98.08000183105467,100.0,3301400
2015-04-02,88.61051177978516,99.2699966430664,100.88999938964844,98.81999969482422,99.91000366210938,1958300
2015-04-06,89.2264175415039,99.95999908447266,100.05999755859376,97.16000366210938,97.66000366210938,3237100
2015-04-07,89.601318359375,100.37999725341795,101.8000030517578,99.77999877929688,99.77999877929688,3294700
2015-04-08,90.9223861694336,101.86000061035156,102.93000030517578,100.41000366210938,101.0,2057100
2015-04-09,91.13661193847656,102.0999984741211,102.2699966430664,100.9000015258789,101.18000030517578,1392800
2015-04-10,90.45821380615234,101.33999633789062,102.87999725341795,100.91000366210938,102.75,1467200
2015-04-13,89.52095794677734,100.29000091552734,101.8000030517578,99.25,101.2300033569336,1566700
2015-04-14,88.03921508789062,98.62999725341795,100.5199966430664,97.8000030517578,100.12999725341795,2087900
2015-04-15,89.93157196044922,100.75,100.9800033569336,99.3000030517578,99.3000030517578,2389000
2015-04-16,90.71707153320312,101.62999725341795,102.52999877929688,100.55999755859376,100.94000244140624,1848600
2015-04-17,89.02111053466797,99.7300033569336,100.7699966430664,99.11000061035156,100.12999725341795,2072700
2015-04-20,90.1815185546875,101.02999877929688,102.1999969482422,100.12000274658205,100.58000183105467,1748900
2015-04-21,90.3689422607422,101.23999786376952,101.98999786376952,100.6999969482422,101.93000030517578,1347800
2015-04-22,91.66324615478516,102.69000244140624,103.12000274658205,100.41999816894533,101.75,1485200
2015-04-23,87.99457550048828,98.58000183105467,101.0,98.3499984741211,99.9000015258789,4554400
2015-04-24,85.09357452392578,95.33000183105467,98.95999908447266,93.76000213623048,98.76000213623048,6699300
2015-04-27,86.52175903320312,96.93000030517578,98.13999938964844,96.22000122070312,96.70999908447266,2932500
2015-04-28,85.88800048828125,96.22000122070312,97.38999938964844,93.4499969482422,97.04000091552734,3304500
2015-04-29,85.17390441894531,95.41999816894533,96.4000015258789,94.5500030517578,96.26000213623048,2763300
2015-04-30,85.79875946044922,96.12000274658205,99.83999633789062,95.62000274658205,97.13999938964844,6248600
2015-05-01,90.1457977294922,100.98999786376952,102.27999877929688,95.8000030517578,95.94000244140624,4764000
2015-05-04,89.37812805175781,100.12999725341795,101.66999816894533,98.95999908447266,101.22000122070312,2447600
2015-05-05,86.97699737548828,97.44000244140624,100.13999938964844,97.27999877929688,99.3000030517578,2936800
2015-05-06,87.91426086425781,98.48999786376952,98.6999969482422,96.43000030517578,97.5,2417100
2015-05-07,89.92263793945312,100.73999786376952,100.8499984741211,98.55999755859376,98.87000274658205,2741800
2015-05-08,92.8147201538086,103.9800033569336,104.8000030517578,101.55999755859376,102.0,4499600
2015-05-11,92.4487762451172,103.56999969482422,104.94000244140624,103.19000244140624,104.0999984741211,2409100
2015-05-12,90.85096740722656,101.77999877929688,104.19000244140624,101.66999816894533,104.12000274658205,2287000
2015-05-13,90.72601318359376,101.63999938964844,103.18000030517578,101.5,102.2300033569336,2054800
2015-05-14,91.6364974975586,102.66000366210938,103.0,101.5500030517578,102.5500030517578,1901300
2015-05-15,91.6900405883789,102.72000122070312,103.48999786376952,101.75,103.33999633789062,2254700
2015-05-18,92.03814697265624,103.11000061035156,103.43000030517578,102.08999633789062,102.8499984741211,1752200
2015-05-19,91.75253295898438,102.79000091552734,105.69000244140624,101.97000122070312,103.5,2834800
2015-05-20,91.83285522460938,102.87999725341795,103.94000244140624,101.88999938964844,102.8499984741211,1745400
2015-05-21,95.3230209350586,106.79000091552734,106.87999725341795,101.52999877929688,102.77999877929688,4918100
2015-05-22,95.6711196899414,107.18000030517578,108.0,106.12000274658205,107.05999755859376,2804100
2015-05-26,95.50154113769533,106.98999786376952,107.97000122070312,105.77999877929688,107.87999725341795,2988100
2015-05-27,98.82207489013672,110.70999908447266,111.13999938964844,106.8000030517578,107.12000274658205,4104500
2015-05-28,98.89351654052734,110.79000091552734,112.7699966430664,109.5999984741211,111.44000244140624,5021200
2015-05-29,100.19670867919922,112.25,112.80999755859376,110.12999725341795,110.8000030517578,3597600
2015-06-01,99.9557113647461,111.9800033569336,114.0,111.33999633789062,113.2300033569336,2720300
2015-06-02,98.75067138671876,110.62999725341795,111.7300033569336,109.22000122070312,111.38999938964844,3046400
2015-06-03,96.60840606689452,108.2300033569336,111.97000122070312,108.16000366210938,111.73999786376952,2947000
2015-06-04,95.27838134765624,106.73999786376952,108.6500015258789,105.91000366210938,107.75,2909900
2015-06-05,95.49261474609376,106.9800033569336,107.6500015258789,105.87000274658205,106.41000366210938,2276100
2015-06-08,92.68087768554688,103.83000183105467,107.12000274658205,103.4000015258789,107.0199966430664,2805100
2015-06-09,92.66297912597656,103.80999755859376,104.19000244140624,101.1500015258789,103.1500015258789,2970200
2015-06-10,94.0019302368164,105.30999755859376,106.31999969482422,104.5999984741211,106.31999969482422,2392400
2015-06-11,93.4485092163086,104.69000244140624,105.5999984741211,103.69000244140624,104.9499969482422,1559300
2015-06-12,92.66297912597656,103.80999755859376,104.47000122070312,103.41000366210938,103.52999877929688,1638900
2015-06-15,91.75253295898438,102.79000091552734,103.16999816894533,101.43000030517578,102.66999816894533,2659400
2015-06-16,92.07386779785156,103.1500015258789,103.45999908447266,101.62999725341795,103.23999786376952,2043800
2015-06-17,91.2080307006836,102.18000030517578,103.87999725341795,102.01000213623048,103.20999908447266,1940400
2015-06-18,93.8858871459961,105.18000030517578,106.56999969482422,102.2300033569336,102.2300033569336,2957900
2015-06-19,93.38602447509766,104.62000274658205,105.48999786376952,103.0,105.20999908447266,3751500
2015-06-22,93.3681869506836,104.5999984741211,106.44000244140624,103.73999786376952,105.79000091552734,2065500
2015-06-23,92.31485748291016,103.41999816894533,105.6999969482422,102.69000244140624,105.36000061035156,2541100
2015-06-24,91.88642120361328,102.94000244140624,104.1999969482422,102.70999908447266,103.43000030517578,1966200
2015-06-25,91.60969543457033,102.62999725341795,103.83000183105467,102.20999908447266,103.37000274658205,1367900
2015-06-26,89.72626495361328,100.5199966430664,102.87999725341795,100.16000366210938,101.94000244140624,2805100
2015-06-29,87.03057098388672,97.5,99.9499969482422,96.23999786376952,98.27999877929688,3170400
2015-06-30,87.65540313720703,98.1999969482422,99.16999816894533,95.79000091552734,98.38999938964844,3615800
2015-07-01,87.14659881591797,97.62999725341795,101.16999816894533,97.22000122070312,100.47000122070312,2019200
2015-07-02,87.58396911621094,98.12000274658205,98.63999938964844,97.25,97.5,1655400
2015-07-06,86.32537078857422,96.70999908447266,99.18000030517578,95.87000274658205,96.70999908447266,2147200
2015-07-07,86.11116027832031,96.47000122070312,97.3000030517578,91.0199966430664,96.72000122070312,5162100
2015-07-08,82.33538055419922,92.23999786376952,95.36000061035156,91.43000030517578,94.76000213623048,6321300
2015-07-09,80.79114532470703,90.51000213623048,94.98999786376952,89.7699966430664,94.0,5471800
2015-07-10,82.77277374267578,92.7300033569336,93.9000015258789,91.75,91.75,4845300
2015-07-13,81.942626953125,91.8000030517578,94.45999908447266,91.0199966430664,93.9000015258789,4316300
2015-07-14,84.56690979003906,94.73999786376952,95.41999816894533,91.91999816894533,92.5,3746300
2015-07-15,82.90665435791016,92.87999725341795,94.98999786376952,92.75,94.75,3589300
2015-07-16,81.93367767333984,91.79000091552734,93.87999725341795,90.62999725341795,93.4800033569336,4979200
2015-07-17,81.47846221923828,91.27999877929688,92.61000061035156,89.66999816894531,92.18000030517578,3537000
2015-07-20,80.34483337402344,90.01000213623047,91.83000183105467,89.6500015258789,91.83000183105467,2896500
2015-07-21,82.47818756103516,92.4000015258789,92.48999786376952,89.87000274658203,89.91000366210938,3672900
2015-07-22,80.5858383178711,90.27999877929688,90.58999633789062,85.72000122070312,87.20999908447266,8246700
2015-07-23,83.01374816894531,93.0,94.47000122070312,92.01000213623048,92.38999938964844,4950500
2015-07-24,80.5858383178711,90.27999877929688,94.48999786376952,90.08000183105467,94.01000213623048,3585700
2015-07-27,78.74703979492188,88.22000122070312,89.45999908447266,86.93000030517578,88.94999694824219,3189500
2015-07-28,81.26422882080078,91.04000091552734,92.04000091552734,87.37000274658203,89.45999908447266,3385300
2015-07-29,81.942626953125,91.8000030517578,93.4499969482422,90.16000366210938,91.25,3985800
2015-07-30,87.36083221435547,97.87000274658205,98.6500015258789,94.1999969482422,96.0,6524300
2015-07-31,86.5753173828125,96.98999786376952,100.26000213623048,96.7300033569336,97.33999633789062,4968600
2015-08-03,87.45008087158203,97.97000122070312,98.1500015258789,95.77999877929688,96.47000122070312,2814900
2015-08-04,85.04894256591797,95.27999877929688,97.56999969482422,93.66999816894533,95.9800033569336,5400800
2015-08-05,86.60210418701172,97.0199966430664,97.79000091552734,95.01000213623048,95.27999877929688,2900000
2015-08-06,85.45061492919922,95.7300033569336,97.5,93.23999786376952,97.47000122070312,3495900
2015-08-07,85.9951171875,96.33999633789062,96.5199966430664,94.01000213623048,95.27999877929688,2170600
2015-08-10,88.61942291259766,99.27999877929688,99.47000122070312,96.41999816894533,96.81999969482422,2608800
2015-08-11,85.94154357910156,96.27999877929688,98.0,95.38999938964844,97.52999877929688,3590100
2015-08-12,83.75464630126953,93.83000183105467,94.88999938964844,90.05000305175781,92.91999816894533,8026100
2015-08-13,83.5939712524414,93.6500015258789,94.41999816894533,91.93000030517578,93.41999816894533,3662000
2015-08-14,81.78193664550781,91.62000274658205,93.80999755859376,91.37999725341795,93.6500015258789,3149700
2015-08-17,81.7462387084961,91.58000183105467,91.66999816894533,89.97000122070312,90.83999633789062,4027400
2015-08-18,78.8541488647461,88.33999633789062,92.19000244140624,87.94999694824219,91.63999938964844,4688000
2015-08-19,77.66696166992188,87.01000213623047,89.58999633789062,86.43000030517578,89.01000213623047,5258500
2015-08-20,73.21277618408203,82.0199966430664,86.16000366210938,81.75,86.16000366210938,7046900
2015-08-21,71.70426177978516,80.33000183105469,82.97000122070312,78.47000122070312,78.47000122070312,6290500
2015-08-24,70.74916076660156,79.26000213623047,83.83999633789062,72.05000305175781,73.58999633789062,9160200
2015-08-25,72.15950012207031,80.83999633789062,84.73999786376953,80.63999938964844,83.38999938964844,5724700
2015-08-26,75.89064025878906,85.0199966430664,85.38999938964844,80.79000091552734,84.4800033569336,4072000
2015-08-27,77.33668518066406,86.63999938964844,88.25,84.97000122070312,87.66000366210938,5435700
2015-08-28,77.41703796386719,86.7300033569336,87.30000305175781,85.83000183105469,86.0,1937500
2015-08-31,75.56036376953125,84.6500015258789,86.58999633789062,84.05000305175781,85.75,2968300
2015-09-01,73.05210876464844,81.83999633789062,84.83999633789062,81.31999969482422,82.06999969482422,3874200
2015-09-02,75.77460479736328,84.88999938964844,84.91999816894531,81.68000030517578,82.80999755859375,3548300
2015-09-03,76.50655364990234,85.70999908447266,86.8499984741211,84.87000274658203,85.12000274658203,2722900
2015-09-04,75.364013671875,84.43000030517578,86.31999969482422,83.70999908447266,83.86000061035156,2355100
2015-09-08,80.94288635253906,90.68000030517578,91.1500015258789,87.0,87.12999725341797,4508100
2015-09-09,79.32721710205078,88.87000274658203,94.9000015258789,88.63999938964844,91.9800033569336,4908700
2015-09-10,77.5509262084961,86.87999725341797,89.2300033569336,86.0999984741211,88.0999984741211,4039100
2015-09-11,78.91663360595703,88.41000366210938,88.73999786376953,85.12999725341797,86.19999694824219,3154400
2015-09-14,80.5679702758789,90.26000213623048,90.5199966430664,88.22000122070312,89.94000244140625,2843900
2015-09-15,80.75542449951172,90.47000122070312,92.66999816894533,90.3000030517578,90.8499984741211,2801300
2015-09-16,81.17496490478516,90.94000244140624,91.0,89.12999725341797,90.5,2205700
2015-09-17,81.24636840820312,91.0199966430664,92.98999786376952,90.2300033569336,90.80999755859376,2804500
2015-09-18,80.40731048583984,90.08000183105467,91.25,88.5,89.54000091552734,3304900
2015-09-21,80.64830780029297,90.3499984741211,91.5999984741211,89.30000305175781,90.1500015258789,2219000
2015-09-22,77.07783508300781,86.3499984741211,88.87999725341797,86.05000305175781,88.58000183105469,3785800
2015-09-23,76.3815689086914,85.56999969482422,87.0,85.12999725341797,86.41000366210938,2623900
2015-09-24,76.47978973388672,85.68000030517578,86.48999786376953,80.79000091552734,84.2699966430664,5411800
2015-09-25,77.39917755126953,86.70999908447266,88.55999755859375,85.58999633789062,86.5,2706900
2015-09-28,73.57875061035156,82.43000030517578,86.75,82.36000061035156,86.75,2664800
2015-09-29,73.48056030273438,82.31999969482422,84.08999633789062,80.87999725341797,83.08999633789062,2710700
2015-09-30,77.72053527832031,87.06999969482422,87.4000015258789,83.70999908447266,83.75,3226700
2015-10-01,76.17626190185547,85.33999633789062,86.19000244140625,82.3499984741211,86.08999633789062,3733900
2015-10-02,76.6583023071289,85.87999725341797,85.94000244140625,83.08000183105469,83.95999908447266,3031200
2015-10-05,76.14057159423828,85.30000305175781,87.75,85.1500015258789,86.11000061035156,3164200
2015-10-06,75.63179779052734,84.7300033569336,86.29000091552734,81.93000030517578,84.9800033569336,4062400
2015-10-07,75.8192367553711,84.94000244140625,86.30000305175781,82.72000122070312,85.5,3512300
2015-10-08,77.20281219482422,86.48999786376953,86.70999908447266,82.9800033569336,84.66000366210938,3065300
2015-10-09,77.94367980957031,87.31999969482422,88.08000183105469,85.77999877929688,86.01000213623047,2818200
2015-10-12,79.45218658447266,89.01000213623047,89.91999816894531,87.80000305175781,88.51000213623047,3052500
2015-10-13,77.67589569091797,87.0199966430664,88.38999938964844,86.80000305175781,88.02999877929688,2348000
2015-10-14,81.69268798828125,91.5199966430664,92.30999755859376,86.62999725341797,87.7300033569336,5054500
2015-10-15,83.9867172241211,94.08999633789062,95.16000366210938,92.4000015258789,92.41000366210938,4891000
2015-10-16,83.21012878417969,93.22000122070312,94.18000030517578,92.44000244140624,93.93000030517578,2196500
2015-10-19,83.38864135742188,93.41999816894533,94.19000244140624,92.20999908447266,93.5199966430664,2059100
2015-10-20,82.1122055053711,91.98999786376952,93.38999938964844,91.61000061035156,93.38999938964844,2428100
2015-10-21,81.51416015625,91.31999969482422,93.66000366210938,91.0500030517578,92.69000244140624,2379400
2015-10-22,87.43221282958984,97.9499969482422,98.08999633789062,93.01000213623048,93.01000213623048,8384300
2015-10-23,85.77196502685547,96.08999633789062,97.69000244140624,93.69000244140624,96.58999633789062,6429100
2015-10-26,81.5945053100586,91.41000366210938,95.26000213623048,91.11000061035156,94.5999984741211,3659800
2015-10-27,80.60369873046875,90.3000030517578,92.48999786376952,89.18000030517578,91.1500015258789,3331700
2015-10-28,81.15711212158203,90.91999816894533,92.08000183105467,89.72000122070312,91.6999969482422,4979300
2015-10-29,65.16133880615234,73.0,80.95999908447266,72.52999877929688,74.7300033569336,36651700
2015-10-30,69.93685150146484,78.3499984741211,78.77999877929688,73.0999984741211,73.26000213623047,15331100
2015-11-02,68.40155792236328,76.62999725341797,80.45999908447266,75.9000015258789,77.63999938964844,7128200
2015-11-03,70.06182098388672,78.48999786376953,79.95999908447266,76.05999755859375,76.05999755859375,5360900
2015-11-04,71.39183044433594,79.9800033569336,80.05000305175781,78.1500015258789,78.66999816894531,4556900
2015-11-05,70.9634017944336,79.5,80.75,78.30999755859375,80.0999984741211,3325100
2015-11-06,72.20410919189453,80.88999938964844,81.2699966430664,79.26000213623047,79.51000213623047,3595600
2015-11-09,72.40941619873047,81.12000274658203,81.56999969482422,79.66000366210938,80.79000091552734,2475400
2015-11-10,71.91849517822266,80.56999969482422,80.98999786376953,78.6500015258789,79.5,4471000
2015-11-11,72.60578155517578,81.33999633789062,82.63999938964844,80.30999755859375,80.31999969482422,2614000
2015-11-12,70.90982055664062,79.44000244140625,81.4000015258789,79.04000091552734,80.75,3261900
2015-11-13,69.46376037597656,77.81999969482422,79.93000030517578,77.70999908447266,79.12000274658203,3013200
2015-11-16,70.27606201171875,78.7300033569336,79.22000122070312,77.37000274658203,77.69999694824219,2912900
2015-11-17,69.99935913085938,78.41999816894531,79.44999694824219,78.0199966430664,78.91000366210938,2485200
2015-11-18,73.11459350585938,81.91000366210938,82.29000091552734,78.08000183105469,78.1500015258789,3997400
2015-11-19,72.23091125488281,80.91999816894531,81.9800033569336,80.2300033569336,81.54000091552734,2053500
2015-11-20,71.20437622070312,79.7699966430664,81.54000091552734,79.0999984741211,81.54000091552734,2332500
2015-11-23,70.12432861328125,78.55999755859375,80.75,78.27999877929688,79.06999969482422,3498800
2015-11-24,74.39104461669922,83.33999633789062,84.51000213623047,80.0,80.01000213623047,6991400
2015-11-25,75.40863037109375,84.4800033569336,85.51000213623047,82.79000091552734,83.43000030517578,3344400
2015-11-27,78.87200927734375,88.36000061035156,88.76000213623047,84.7699966430664,84.9000015258789,4197400
2015-11-30,83.42436981201172,93.45999908447266,93.45999908447266,88.41999816894531,88.5,26237400
2015-12-01,83.9867172241211,94.08999633789062,94.13999938964844,91.97000122070312,92.72000122070312,8001400
2015-12-02,82.04972076416016,91.91999816894533,94.20999908447266,91.4499969482422,93.2699966430664,5279900
2015-12-03,80.2645034790039,89.91999816894531,93.87999725341795,89.48999786376953,92.98999786376952,5652300
2015-12-04,80.73757934570312,90.4499969482422,91.1999969482422,88.5,89.8499984741211,5782300
2015-12-07,76.98858642578125,86.25,90.98999786376952,86.08999633789062,90.98999786376952,7653000
2015-12-08,78.1489486694336,87.55000305175781,88.36000061035156,84.9000015258789,85.0999984741211,5253200
2015-12-09,76.97962951660156,86.23999786376953,87.3499984741211,85.44999694824219,86.83999633789062,5150500
2015-12-10,78.96126556396484,88.45999908447266,89.88999938964844,85.37999725341797,86.66999816894531,5091500
2015-12-11,74.33747100830078,83.27999877929688,87.8499984741211,83.19999694824219,86.68000030517578,3399700
2015-12-14,74.48030090332031,83.44000244140625,83.7300033569336,81.8499984741211,83.16999816894531,4774600
2015-12-15,74.90876007080078,83.91999816894531,84.98999786376953,83.0,83.05999755859375,3784500
2015-12-16,76.69401550292969,85.91999816894531,86.19999694824219,83.95999908447266,84.5199966430664,2493700
2015-12-17,75.49788665771484,84.58000183105469,87.7300033569336,84.5199966430664,86.91000366210938,2701100
2015-12-18,75.06944274902344,84.0999984741211,85.55999755859375,83.01000213623047,83.98999786376953,3229700
2015-12-21,76.12271881103516,85.27999877929688,85.9800033569336,84.4800033569336,85.25,1657800
2015-12-22,76.11380004882812,85.2699966430664,85.95999908447266,83.91000366210938,85.13999938964844,2214300
2015-12-23,75.45323181152344,84.52999877929688,85.58999633789062,84.0999984741211,85.30000305175781,2615100
2015-12-24,77.14030456542969,86.41999816894531,87.16000366210938,84.52999877929688,84.88999938964844,1076200
2015-12-28,76.6583023071289,85.87999725341797,86.0,84.4000015258789,85.83999633789062,1312100
2015-12-29,77.0510482788086,86.31999969482422,86.55999755859375,84.37999725341797,85.86000061035156,1988300
2015-12-30,76.55118560791016,85.76000213623047,86.66000366210938,85.56999969482422,85.79000091552734,1397900
2015-12-31,75.20332336425781,84.25,85.87000274658203,84.1500015258789,85.43000030517578,2140000
2016-01-04,75.37294006347656,84.44000244140625,84.73999786376953,81.55000305175781,82.0,2524200
2016-01-05,73.54306030273438,82.38999938964844,85.76000213623047,82.2300033569336,85.29000091552734,3226500
2016-01-06,71.72211456298828,80.3499984741211,81.6500015258789,78.91000366210938,80.55000305175781,5269100
2016-01-07,67.83922576904297,76.0,78.9800033569336,75.9000015258789,77.93000030517578,6899900
2016-01-08,67.10724639892578,75.18000030517578,77.83000183105469,74.51000213623047,75.94999694824219,6958500
2016-01-11,68.92820739746094,77.22000122070312,77.88999938964844,75.44000244140625,75.69000244140625,4091200
2016-01-12,69.42806243896484,77.77999877929688,78.7699966430664,76.06999969482422,77.98999786376953,5373800
2016-01-13,66.2771224975586,74.25,78.97000122070312,74.02999877929688,77.9000015258789,3724700
2016-01-14,66.50918579101562,74.51000213623047,74.88999938964844,70.22000122070312,74.01000213623047,6260000
2016-01-15,61.2784423828125,68.6500015258789,71.08000183105469,66.93000030517578,70.2699966430664,9610400
2016-01-19,61.0820541381836,68.43000030517578,71.19000244140625,68.0199966430664,69.88999938964844,4594100
2016-01-20,63.20648956298828,70.80999755859375,71.66999816894531,67.11000061035156,67.5,6683700
2016-01-21,64.322265625,72.05999755859375,73.58000183105469,70.66999816894531,71.43000030517578,4486000
2016-01-22,66.69664001464844,74.72000122070312,75.55000305175781,73.36000061035156,73.5999984741211,3519500
2016-01-25,64.60792541503906,72.37999725341797,74.5,72.16000366210938,74.11000061035156,2993100
2016-01-26,63.96524429321289,71.66000366210938,73.5199966430664,71.16999816894531,72.75,3332900
2016-01-27,63.06368637084961,70.6500015258789,72.19999694824219,70.0,70.87000274658203,2873000
2016-01-28,62.7334098815918,70.27999877929688,71.8499984741211,69.38999938964844,71.1500015258789,2555000
2016-01-29,66.75019836425781,74.77999877929688,74.79000091552734,70.75,71.54000091552734,3535900
2016-02-01,68.14268493652344,76.33999633789062,76.94000244140625,73.72000122070312,73.94000244140625,3018700
2016-02-02,65.0542221069336,72.87999725341797,75.52999877929688,72.31999969482422,75.16999816894531,3694800
2016-02-03,63.17972183227539,70.77999877929688,73.76000213623047,69.23999786376953,73.52999877929688,5659400
2016-02-04,68.11593627929688,76.30999755859375,77.0,71.79000091552734,74.20999908447266,10316400
2016-02-05,63.10829544067383,70.69999694824219,76.48999786376953,70.37000274658203,75.45999908447266,4636000
2016-02-08,57.12775039672852,64.0,69.38999938964844,62.41999816894531,69.06999969482422,10308500
2016-02-09,58.50238800048828,65.54000091552734,66.8499984741211,61.61000061035156,61.65999984741211,5350200
2016-02-10,59.0468978881836,66.1500015258789,68.16999816894531,65.70999908447266,66.1500015258789,5712800
2016-02-11,58.08285140991211,65.06999969482422,66.70999908447266,64.44999694824219,64.62000274658203,4432500
2016-02-12,60.07340621948242,67.30000305175781,67.80999755859375,64.75,66.1500015258789,3073800
2016-02-16,61.98360061645508,69.44000244140625,69.9800033569336,67.91000366210938,68.9000015258789,3921500
2016-02-17,62.79590606689453,70.3499984741211,71.7699966430664,69.05999755859375,69.93000030517578,4388200
2016-02-18,60.34117889404297,67.5999984741211,70.62999725341797,67.43000030517578,70.44000244140625,5764800
2016-02-19,59.33252716064453,66.47000122070312,67.33000183105469,66.02999877929688,67.33000183105469,4105500
2016-02-22,62.40316009521485,69.91000366210938,69.98999786376953,67.0,67.1500015258789,3631400
2016-02-23,60.91247177124024,68.23999786376953,70.05000305175781,68.16999816894531,70.0,2433700
2016-02-24,62.492408752441406,70.01000213623047,70.1500015258789,66.66999816894531,67.4800033569336,2874000
2016-02-25,63.28685760498047,70.9000015258789,70.94000244140625,68.12999725341797,70.54000091552734,2732100
2016-02-26,64.47401428222656,72.2300033569336,72.51000213623047,70.87999725341797,71.48999786376953,2827300
2016-02-29,63.59033203125,71.23999786376953,73.4000015258789,71.02999877929688,72.55999755859375,2805500
2016-03-01,66.25926971435547,74.2300033569336,74.62000274658203,71.0999984741211,72.0,3610400
2016-03-02,67.43753051757812,75.55000305175781,75.91999816894531,74.2300033569336,74.25,2994100
2016-03-03,66.51812744140625,74.5199966430664,75.7300033569336,73.5999984741211,75.6500015258789,2672800
2016-03-04,68.40155792236328,76.62999725341797,78.44000244140625,75.38999938964844,75.66000366210938,4278700
2016-03-07,68.7139663696289,76.9800033569336,78.31999969482422,75.44000244140625,76.56999969482422,3721800
2016-03-08,67.37504577636719,75.4800033569336,76.79000091552734,74.5199966430664,76.20999908447266,2905500
2016-03-09,68.4908218383789,76.7300033569336,76.9800033569336,74.4000015258789,75.55999755859375,2803900
2016-03-10,68.92820739746094,77.22000122070312,78.44000244140625,75.38999938964844,77.41999816894531,2697400
2016-03-11,69.71369934082031,78.0999984741211,78.38999938964844,77.22000122070312,78.01000213623047,3944200
2016-03-14,70.34749603271484,78.80999755859375,79.2300033569336,77.44999694824219,78.0,2373000
2016-03-15,70.57955169677734,79.06999969482422,79.22000122070312,77.25,78.5,4006800
2016-03-16,71.3115005493164,79.88999938964844,80.0999984741211,78.19000244140625,78.44999694824219,4340200
2016-03-17,72.4986801147461,81.22000122070312,81.4000015258789,79.16000366210938,79.16000366210938,3757700
2016-03-18,74.42675018310547,83.37999725341797,83.47000122070312,81.23999786376953,81.44999694824219,4420800
2016-03-21,73.86441040039062,82.75,83.5999984741211,81.91000366210938,82.69000244140625,2140500
2016-03-22,74.14110565185547,83.05999755859375,83.12000274658203,81.38999938964844,81.69999694824219,1957400
2016-03-23,72.4986801147461,81.22000122070312,83.33999633789062,81.13999938964844,83.25,2043200
2016-03-24,72.52547454833984,81.25,81.31999969482422,79.55999755859375,80.5,2743400
2016-03-28,72.18627166748047,80.87000274658203,81.76000213623047,79.93000030517578,81.51000213623047,1402000
2016-03-29,72.91820526123047,81.69000244140625,81.97000122070312,79.44000244140625,80.44000244140625,2776800
2016-03-30,72.97174835205078,81.75,82.0999984741211,80.94000244140625,80.98999786376953,4776700
2016-03-31,72.36477661132812,81.06999969482422,81.93000030517578,80.51000213623047,81.63999938964844,4030100
2016-04-01,73.23956298828125,82.05000305175781,82.19000244140625,80.05000305175781,80.20999908447266,2544400
2016-04-04,72.81111907958984,81.56999969482422,82.4800033569336,80.87000274658203,81.19999694824219,2001500
2016-04-05,72.40941619873047,81.12000274658203,81.79000091552734,80.4000015258789,80.58999633789062,1878300
2016-04-06,74.10540771484375,83.0199966430664,83.16999816894531,80.5199966430664,80.5199966430664,1848400
2016-04-07,72.534423828125,81.26000213623047,82.69999694824219,80.98999786376953,82.5,2119700
2016-04-08,73.85546875,82.73999786376953,84.58999633789062,82.2699966430664,83.51000213623047,3480100
2016-04-11,74.0697021484375,82.9800033569336,84.25,82.94000244140625,83.54000091552734,2609300
2016-04-12,73.81082916259766,82.69000244140625,83.5,81.62999725341797,83.5,2561200
2016-04-13,75.91743469238281,85.05000305175781,85.44999694824219,83.0999984741211,83.44999694824219,4156400
2016-04-14,76.31017303466797,85.48999786376953,85.62000274658203,83.73999786376953,84.31999969482422,5620400
2016-04-15,75.31936645507812,84.37999725341797,84.94999694824219,84.0,84.43000030517578,5343000
2016-04-18,75.09619140625,84.12999725341797,84.68000030517578,83.62000274658203,84.0199966430664,3026100
2016-04-19,73.9893569946289,82.88999938964844,84.33999633789062,81.95999908447266,84.06999969482422,3008900
2016-04-20,75.88174438476562,85.01000213623047,85.61000061035156,83.08000183105469,83.5999984741211,3012000
2016-04-21,75.10514068603516,84.13999938964844,84.97000122070312,83.76000213623047,84.83000183105469,1610000
2016-04-22,75.32828521728516,84.38999938964844,85.4000015258789,82.80000305175781,83.75,3385700
2016-04-25,74.39104461669922,83.33999633789062,84.68000030517578,81.88999938964844,83.79000091552734,4559400
2016-04-26,77.3813247680664,86.69000244140625,89.79000091552734,85.83000183105469,87.12999725341797,18172500
2016-04-27,79.38971710205078,88.94000244140625,88.9800033569336,85.94000244140625,86.0,6553000
2016-04-28,76.64939880371094,85.87000274658203,91.18000030517578,85.27999877929688,88.25,5494400
2016-04-29,76.12271881103516,85.27999877929688,86.41999816894531,83.63999938964844,86.25,8047500
2016-05-02,77.06890869140625,86.33999633789062,86.61000061035156,84.37999725341797,85.12000274658203,3664500
2016-05-03,76.29232025146484,85.47000122070312,86.02999877929688,84.51000213623047,85.66999816894531,3522600
2016-05-04,74.81950378417969,83.81999969482422,85.54000091552734,83.72000122070312,84.62999725341797,3343700
2016-05-05,76.08702850341797,85.23999786376953,86.23999786376953,84.83000183105469,85.88999938964844,4980200
2016-05-06,76.19414520263672,85.36000061035156,86.33000183105469,84.25,84.94000244140625,2762600
2016-05-09,75.90849304199219,85.04000091552734,86.5,84.56999969482422,85.52999877929688,2246600
2016-05-10,76.82789611816406,86.06999969482422,86.38999938964844,84.76000213623047,85.3499984741211,1997500
2016-05-11,76.39942932128906,85.58999633789062,86.87000274658203,85.5199966430664,85.54000091552734,1574600
2016-05-12,74.31070709228516,83.25,86.0,81.94999694824219,85.52999877929688,4273500
2016-05-13,74.1500244140625,83.06999969482422,84.7300033569336,83.0,83.58999633789062,2761900
2016-05-16,75.84603118896484,84.97000122070312,85.94000244140625,84.0,84.79000091552734,2734800
2016-05-17,75.6496353149414,84.75,85.91999816894531,84.27999877929688,85.6500015258789,2223700
2016-05-18,77.68480682373047,87.02999877929688,87.5199966430664,84.55999755859375,84.95999908447266,3737800
2016-05-19,77.14923858642578,86.43000030517578,87.8499984741211,85.54000091552734,87.0199966430664,2042500
2016-05-20,78.89877319335938,88.38999938964844,88.80999755859375,87.0,87.5,4149400
2016-05-23,79.4075698852539,88.95999908447266,90.37000274658205,88.81999969482422,89.51000213623047,2578200
2016-05-24,81.7462387084961,91.58000183105467,91.91000366210938,89.25,90.3499984741211,5218800
2016-05-25,82.07653045654297,91.9499969482422,92.8000030517578,91.0,92.18000030517578,2923500
2016-05-26,81.52310180664062,91.33000183105467,92.4800033569336,90.94000244140624,91.48999786376952,2527100
2016-05-27,82.22826385498047,92.12000274658205,92.77999877929688,91.16000366210938,91.37000274658205,2960900
2016-05-31,84.3437728881836,94.48999786376952,94.48999786376952,92.2699966430664,92.80999755859376,29172300
2016-06-01,84.2098617553711,94.33999633789062,94.3499984741211,93.45999908447266,94.0999984741211,4372000
2016-06-02,83.46007537841797,93.5,94.0999984741211,93.05999755859376,93.9499969482422,3927300
2016-06-03,82.18362426757812,92.06999969482422,94.0,91.69000244140624,94.0,4373100
2016-06-06,80.5679702758789,90.26000213623048,90.8000030517578,90.12999725341795,90.66000366210938,6656800
2016-06-07,80.7732925415039,90.48999786376952,90.8499984741211,90.29000091552734,90.8499984741211,4624200
2016-06-08,80.78221130371094,90.5,90.6500015258789,90.06999969482422,90.5,3583100
2016-06-09,80.5947494506836,90.29000091552734,90.48999786376952,89.36000061035156,90.0,2590600
2016-06-10,78.93450164794922,88.43000030517578,89.69000244140625,87.95999908447266,89.25,3477100
2016-06-13,78.01508331298828,87.4000015258789,88.87999725341797,87.25,87.4000015258789,3125100
2016-06-14,77.98829650878906,87.37000274658203,88.1500015258789,85.83999633789062,88.04000091552734,4106600
2016-06-15,76.7564926147461,85.98999786376953,87.9000015258789,85.81999969482422,87.70999908447266,4512600
2016-06-16,76.88143920898438,86.12999725341797,86.19999694824219,83.83000183105469,85.02999877929688,3679000
2016-06-17,75.89064025878906,85.0199966430664,86.2300033569336,84.1500015258789,86.2300033569336,3921000
2016-06-20,76.18521881103516,85.3499984741211,87.2699966430664,85.16999816894531,86.9800033569336,3167200
2016-06-21,76.64939880371094,85.87000274658203,86.12000274658203,85.30000305175781,85.87999725341797,2473100
2016-06-22,76.69401550292969,85.91999816894531,86.91000366210938,85.44000244140625,85.51000213623047,2601700
2016-06-23,77.9793930053711,87.36000061035156,87.38999938964844,86.56999969482422,86.79000091552734,3102700
2016-06-24,71.47217559814453,80.06999969482422,84.19000244140625,78.80000305175781,81.52999877929688,10072100
2016-06-27,66.98226928710938,75.04000091552734,78.0,73.62000274658203,77.5,10707300
2016-06-28,68.25873565673828,76.47000122070312,78.0,75.69999694824219,77.79000091552734,4755700
2016-06-29,69.91006469726562,78.31999969482422,79.43000030517578,77.72000122070312,78.13999938964844,5336200
2016-06-30,69.92794799804688,78.33999633789062,78.52999877929688,76.30999755859375,78.30000305175781,7010100
2016-07-01,69.5976791381836,77.97000122070312,78.41999816894531,77.55999755859375,77.83000183105469,2921200
2016-07-05,68.23197937011719,76.44000244140625,77.58999633789062,75.9000015258789,77.45999908447266,3396800
2016-07-06,67.88382720947266,76.05000305175781,76.5199966430664,75.04000091552734,75.94000244140625,3073800
2016-07-07,68.25873565673828,76.47000122070312,77.73999786376953,75.93000030517578,76.23999786376953,3734700
2016-07-08,70.65098571777344,79.1500015258789,79.22000122070312,76.81999969482422,77.05999755859375,3609100
2016-07-11,71.2668685913086,79.83999633789062,80.7699966430664,79.70999908447266,80.25,3821200
2016-07-12,71.95419311523438,80.61000061035156,81.87000274658203,80.27999877929688,80.80000305175781,3604000
2016-07-13,72.01666259765625,80.68000030517578,81.44999694824219,80.41000366210938,81.19999694824219,3033000
2016-07-14,71.0347671508789,79.58000183105469,80.05999755859375,78.2300033569336,78.9000015258789,9805900
2016-07-15,71.12405395507812,79.68000030517578,80.25,79.5,79.97000122070312,2465300
2016-07-18,72.9539566040039,81.7300033569336,81.83000183105469,80.4000015258789,80.55999755859375,4206800
2016-07-19,72.78433990478516,81.54000091552734,82.41999816894531,81.27999877929688,81.93000030517578,2725600
2016-07-20,75.13191223144531,84.16999816894531,84.86000061035156,81.80999755859375,82.16000366210938,6433200
2016-07-21,74.3464126586914,83.29000091552734,84.6500015258789,83.12999725341797,84.20999908447266,6805200
2016-07-22,75.33722686767578,84.4000015258789,84.62999725341797,82.20999908447266,82.8499984741211,4128400
2016-07-25,74.9355239868164,83.94999694824219,84.95999908447266,83.63999938964844,84.18000030517578,3737900
2016-07-26,78.46138000488281,87.9000015258789,87.94000244140625,85.16000366210938,85.16000366210938,9906500
2016-07-27,78.0508041381836,87.44000244140625,89.0999984741211,87.02999877929688,88.81999969482422,6739700
2016-07-28,75.29258728027344,84.3499984741211,87.80000305175781,83.05999755859375,84.68000030517578,8976100
2016-07-29,75.06051635742188,84.08999633789062,85.83000183105469,83.25,84.43000030517578,4311000
2016-08-01,75.18548583984375,84.2300033569336,84.5,83.6500015258789,84.43000030517578,3791500
2016-08-02,73.06103515625,81.8499984741211,84.61000061035156,81.66999816894531,84.51000213623047,5219700
2016-08-03,74.22145080566406,83.1500015258789,83.22000122070312,81.72000122070312,81.76000213623047,2269100
2016-08-04,75.20332336425781,84.25,84.4000015258789,82.79000091552734,83.45999908447266,2553900
2016-08-05,76.53331756591797,85.73999786376953,86.30999755859375,84.37999725341797,84.4800033569336,2337900
2016-08-08,76.69401550292969,85.91999816894531,87.08999633789062,85.30999755859375,86.0,2420100
2016-08-09,77.09567260742188,86.37000274658203,86.97000122070312,86.0999984741211,86.25,1749600
2016-08-10,76.51547241210938,85.72000122070312,86.58999633789062,85.2699966430664,86.55999755859375,1850700
2016-08-11,76.92609405517578,86.18000030517578,86.73999786376953,85.69000244140625,86.37999725341797,1812300
2016-08-12,76.79218292236328,86.02999877929688,86.4000015258789,85.44999694824219,85.48999786376953,1398500
2016-08-15,79.01481628417969,88.5199966430664,88.80000305175781,86.31999969482422,86.6500015258789,3135000
2016-08-16,78.02401733398438,87.41000366210938,88.52999877929688,87.33000183105469,88.5,2660400
2016-08-17,78.78274536132812,88.26000213623047,88.30000305175781,87.06999969482422,87.51000213623047,1880500
2016-08-18,78.19359588623047,87.5999984741211,88.73999786376953,87.4000015258789,88.45999908447266,1955000
2016-08-19,78.88984680175781,88.37999725341797,89.04000091552734,87.56999969482422,87.58000183105469,2533500
2016-08-22,78.66670227050781,88.12999725341797,88.61000061035156,87.79000091552734,88.12999725341797,1797200
2016-08-23,79.31832122802734,88.86000061035156,89.16999816894531,87.7300033569336,88.87999725341797,2017600
2016-08-24,77.970458984375,87.3499984741211,89.86000061035156,86.87999725341797,88.62999725341797,2977800
2016-08-25,78.20252227783203,87.61000061035156,88.48999786376953,87.41000366210938,87.41999816894531,2453700
2016-08-26,78.98804473876953,88.48999786376953,89.29000091552734,87.3499984741211,87.58000183105469,2399100
2016-08-29,79.38971710205078,88.94000244140625,89.55000305175781,88.68000030517578,88.69000244140625,1590000
2016-08-30,78.99698638916016,88.5,89.61000061035156,88.05000305175781,89.19999694824219,1894200
2016-08-31,78.5685043334961,88.0199966430664,88.4000015258789,87.51000213623047,88.12999725341797,2155700
2016-09-01,78.5060043334961,87.94999694824219,88.98999786376953,87.38999938964844,88.37999725341797,3157100
2016-09-02,78.6845474243164,88.1500015258789,88.25,87.45999908447266,88.25,2126100
2016-09-06,78.39891815185547,87.83000183105469,87.9800033569336,86.5199966430664,87.88999938964844,3001200
2016-09-07,77.30992126464844,86.61000061035156,87.77999877929688,86.58999633789062,87.62999725341797,2929600
2016-09-08,76.66722869873047,85.88999938964844,86.83999633789062,85.36000061035156,86.51000213623047,3393900
2016-09-09,72.65936279296875,81.4000015258789,84.93000030517578,81.22000122070312,84.80000305175781,5737500
2016-09-12,74.00721740722656,82.91000366210938,83.19999694824219,80.12999725341797,80.98999786376953,4312400
2016-09-13,73.64122772216797,82.5,83.30999755859375,81.55999755859375,83.1500015258789,3462900
2016-09-14,74.5785140991211,83.55000305175781,83.55000305175781,81.91000366210938,81.91000366210938,2848600
2016-09-15,76.35481262207031,85.54000091552734,85.8499984741211,83.27999877929688,83.4800033569336,2851200
2016-09-16,74.75701904296875,83.75,86.2300033569336,83.44999694824219,85.87000274658203,3917900
2016-09-19,74.07860565185547,82.98999786376953,84.54000091552734,82.3499984741211,84.3499984741211,3383500
2016-09-20,73.90010070800781,82.79000091552734,83.9000015258789,82.4800033569336,83.7699966430664,2345400
2016-09-21,74.42675018310547,83.37999725341797,83.66999816894531,82.63999938964844,83.16999816894531,1896200
2016-09-22,75.32828521728516,84.38999938964844,84.52999877929688,83.70999908447266,84.30000305175781,1845300
2016-09-23,74.89091491699219,83.9000015258789,85.0,83.52999877929688,84.02999877929688,2730500
2016-09-26,73.66802215576172,82.52999877929688,83.73999786376953,82.4000015258789,83.05000305175781,2711500
2016-09-27,73.57875061035156,82.43000030517578,83.19999694824219,81.73999786376953,82.2300033569336,3477000
2016-09-28,73.40916442871094,82.23999786376953,83.4000015258789,81.80999755859375,82.54000091552734,2563000
2016-09-29,85.79875946044922,96.12000274658205,98.08999633789062,81.5,82.11000061035156,24577600
2016-09-30,91.05628204345705,102.01000213623048,104.63999938964844,99.6999969482422,99.6999969482422,23753400
2016-10-03,91.72575378417967,102.76000213623048,105.0,101.9800033569336,102.9800033569336,6897100
2016-10-04,92.14527130126952,103.2300033569336,104.9499969482422,102.5,102.76000213623048,5738100
2016-10-05,91.49365234375,102.5,104.30999755859376,102.36000061035156,103.19000244140624,4683700
2016-10-06,92.37735748291016,103.48999786376952,105.29000091552734,100.81999969482422,102.5,10835100
2016-10-07,91.93103790283205,102.98999786376952,103.91999816894533,102.08999633789062,103.81999969482422,4721400
2016-10-10,91.78824615478516,102.83000183105467,103.70999908447266,102.0500030517578,102.36000061035156,3123500
2016-10-11,90.98487854003906,101.93000030517578,102.7699966430664,100.69000244140624,102.7699966430664,4392800
2016-10-12,91.70789337158205,102.73999786376952,103.1999969482422,100.75,101.5199966430664,2853400
2016-10-13,90.90453338623048,101.83999633789062,102.0,100.3000030517578,101.87000274658205,3388200
2016-10-14,90.51180267333984,101.4000015258789,103.08999633789062,101.12999725341795,102.36000061035156,2078300
2016-10-17,90.04759979248047,100.87999725341795,101.94000244140624,100.5999984741211,100.87000274658205,1857700
2016-10-18,90.73492431640624,101.6500015258789,102.2300033569336,101.25,101.6500015258789,1280500
2016-10-19,90.1815185546875,101.02999877929688,101.6500015258789,100.87999725341795,101.1999969482422,1939100
2016-10-20,93.26998138427734,104.48999786376952,107.54000091552734,99.38999938964844,100.4800033569336,7829100
2016-10-21,90.7884750366211,101.70999908447266,105.55999755859376,100.8000030517578,105.38999938964844,14438900
2016-10-24,90.90453338623048,101.83999633789062,102.0,100.51000213623048,101.62000274658205,3358500
2016-10-25,89.8333969116211,100.63999938964844,101.6500015258789,100.5,101.6500015258789,3971000
2016-10-26,88.06598663330078,98.66000366210938,101.1500015258789,97.87000274658205,100.41000366210938,6458000
2016-10-27,88.44091033935547,99.08000183105467,100.6999969482422,98.73999786376952,100.36000061035156,36614100
2016-10-28,89.06573486328125,99.77999877929688,100.26000213623048,99.1999969482422,99.75,13881200
2016-10-31,89.26210021972656,100.0,100.3000030517578,99.72000122070312,99.80999755859376,7926700
2016-11-01,88.86043548583984,99.5500030517578,100.0500030517578,99.33000183105467,100.0,6967000
2016-11-02,88.3962631225586,99.02999877929688,99.66999816894533,99.0,99.51000213623048,5181900
2016-11-03,88.13739776611328,98.73999786376952,99.5999984741211,98.69000244140624,99.25,4918500
2016-11-04,88.10169219970703,98.6999969482422,99.25,98.31999969482422,98.72000122070312,3284600
2016-11-07,88.11955261230469,98.72000122070312,99.33999633789062,98.6500015258789,99.11000061035156,5906800
2016-11-08,88.37841033935547,99.01000213623048,99.43000030517578,98.5500030517578,98.8000030517578,4715300
2016-11-09,86.83418273925781,97.27999877929688,98.76000213623048,97.01000213623048,98.5,7985400
2016-11-10,86.21826934814453,96.58999633789062,97.55999755859376,95.87999725341795,97.41000366210938,8361900
2016-11-11,87.23587799072266,97.7300033569336,98.0500030517578,96.5,96.5,3810200
2016-11-14,86.35215759277344,96.73999786376952,98.0,96.61000061035156,98.0,4583200
2016-11-15,87.29834747314453,97.8000030517578,98.04000091552734,96.33000183105467,96.62999725341795,3477500
2016-11-16,87.32512664794922,97.83000183105467,98.69000244140624,97.68000030517578,97.81999969482422,2306800
2016-11-17,87.5304183959961,98.05999755859376,98.56999969482422,97.6500015258789,98.0,2281700
2016-11-18,88.26237487792969,98.87999725341795,99.0500030517578,98.3499984741211,98.51000213623048,2341900
2016-11-21,88.0035171508789,98.58999633789062,99.43000030517578,98.30999755859376,99.27999877929688,2814100
2016-11-22,88.2266616821289,98.83999633789062,99.25,98.33999633789062,98.9499969482422,1986900
2016-11-23,88.6640625,99.33000183105467,99.5199966430664,98.5,98.5999984741211,2021800
2016-11-25,88.82471466064453,99.51000213623048,99.58999633789062,99.13999938964844,99.4000015258789,1465600
2016-11-28,88.42303466796875,99.05999755859376,100.0,98.95999908447266,99.97000122070312,4654700
2016-11-29,88.23561096191406,98.8499984741211,99.4499969482422,98.56999969482422,99.0,2853700
2016-11-30,88.50337219238281,99.1500015258789,99.3499984741211,98.83000183105467,99.20999908447266,4324200
2016-12-01,87.25372314453125,97.75,99.4000015258789,97.75,99.0199966430664,5486600
2016-12-02,87.45008087158203,97.97000122070312,98.5500030517578,97.75,98.0,3091500
2016-12-05,87.29834747314453,97.8000030517578,98.33999633789062,97.6500015258789,98.23999786376952,2825600
2016-12-06,87.30726623535156,97.80999755859376,98.1999969482422,97.5199966430664,97.55999755859376,2247000
2016-12-07,87.82498931884766,98.38999938964844,98.4499969482422,97.56999969482422,98.0,2364100
2016-12-08,87.61077117919922,98.1500015258789,98.98999786376952,98.12000274658205,98.6500015258789,2020000
2016-12-09,87.77141571044922,98.33000183105467,98.58000183105467,98.0,98.4499969482422,1962200
2016-12-12,87.60183715820312,98.13999938964844,98.5,98.05999755859376,98.13999938964844,1954900
2016-12-13,87.65540313720703,98.1999969482422,98.62000274658205,98.08000183105467,98.3499984741211,3244200
2016-12-14,87.32512664794922,97.83000183105467,98.38999938964844,97.8000030517578,98.1999969482422,3679800
2016-12-15,87.28048706054688,97.77999877929688,98.29000091552734,97.6999969482422,97.75,4155400
2016-12-16,86.75386047363281,97.19000244140624,97.9000015258789,97.01000213623048,97.81999969482422,4929700
2016-12-19,86.70027923583984,97.12999725341795,97.5199966430664,97.04000091552734,97.29000091552734,2346500
2016-12-20,86.67351531982422,97.0999984741211,97.7699966430664,96.8499984741211,97.30999755859376,2765900
2016-12-21,87.20907592773438,97.6999969482422,97.75,96.9499969482422,97.0,1787900
2016-12-22,87.36975860595703,97.87999725341795,97.91000366210938,97.38999938964844,97.5999984741211,1802300
2016-12-23,87.65540313720703,98.1999969482422,98.5,97.8000030517578,97.9000015258789,1053100
2016-12-27,88.3695068359375,99.0,99.20999908447266,98.38999938964844,98.4000015258789,1506600
2016-12-28,87.82498931884766,98.38999938964844,99.18000030517578,98.36000061035156,99.11000061035156,2359300
2016-12-29,87.56613159179688,98.0999984741211,98.63999938964844,98.01000213623048,98.4000015258789,1823300
2016-12-30,87.48579406738281,98.01000213623048,98.44000244140624,97.68000030517578,98.16000366210938,2235200
2017-01-03,87.17339324951172,97.66000366210938,98.25,97.5500030517578,98.25,2392800
2017-01-04,87.74465942382812,98.3000030517578,98.36000061035156,97.6500015258789,97.66999816894533,3949700
2017-01-05,87.83393096923828,98.4000015258789,98.79000091552734,98.18000030517578,98.4800033569336,2181800
2017-01-06,87.66431427001953,98.20999908447266,98.72000122070312,97.98999786376952,98.6999969482422,2849000
2017-01-09,87.5750503540039,98.11000061035156,98.47000122070312,97.97000122070312,98.25,2189600
2017-01-10,88.03921508789062,98.62999725341795,98.79000091552734,98.26000213623048,98.54000091552734,2767700
2017-01-11,87.90531921386719,98.4800033569336,98.61000061035156,98.27999877929688,98.48999786376952,1726500
2017-01-12,87.74465942382812,98.3000030517578,98.58000183105467,98.26000213623048,98.48999786376952,1574900
2017-01-13,87.81607055664062,98.37999725341795,98.62000274658205,97.97000122070312,98.20999908447266,2074800
2017-01-17,87.1376724243164,97.62000274658205,98.62000274658205,97.61000061035156,98.5,5503300
2017-01-18,87.48579406738281,98.01000213623048,98.33999633789062,97.86000061035156,98.08999633789062,1936200
2017-01-19,87.5304183959961,98.05999755859376,98.26000213623048,97.80999755859376,98.13999938964844,2464300
2017-01-20,87.29834747314453,97.8000030517578,98.30999755859376,97.68000030517578,98.1999969482422,2743500
2017-01-23,85.69160461425781,96.0,97.6999969482422,96.0,97.5,9077800
2017-01-24,86.31644439697266,96.6999969482422,97.31999969482422,96.05999755859376,96.2300033569336,4200400
2017-01-25,87.03057098388672,97.5,97.80999755859376,96.83000183105467,96.83000183105467,3859500
2017-01-26,86.81632995605469,97.26000213623048,97.62000274658205,97.11000061035156,97.43000030517578,3113400
2017-01-27,87.36975860595703,97.87999725341795,97.98999786376952,97.3000030517578,97.4000015258789,2484500
2017-01-30,87.49472045898438,98.0199966430664,98.1999969482422,97.25,98.0500030517578,2971400
2017-01-31,87.34296417236328,97.8499984741211,98.16999816894533,97.45999908447266,97.75,2699400
2017-02-01,87.25372314453125,97.75,98.58000183105467,97.75,98.38999938964844,4621000
2017-02-02,88.37841033935547,99.01000213623048,99.33999633789062,98.0999984741211,98.0999984741211,3450400
2017-02-03,88.78008270263672,99.45999908447266,99.5,98.9000015258789,99.0,1840300
2017-02-06,89.30672454833984,100.0500030517578,101.25,99.76000213623048,99.8499984741211,12649600
2017-02-07,90.3957290649414,101.2699966430664,101.27999877929688,100.44000244140624,100.6500015258789,2716600
2017-02-08,91.1187515258789,102.08000183105467,102.16000366210938,101.04000091552734,101.47000122070312,3419200
2017-02-09,90.6903076171875,101.5999984741211,102.16999816894533,101.5500030517578,102.0,1995400
2017-02-10,91.03841400146484,101.98999786376952,102.30999755859376,101.75,101.76000213623048,2131100
2017-02-13,91.2794418334961,102.26000213623048,102.48999786376952,101.8499984741211,102.0999984741211,1460300
2017-02-14,91.29727935791016,102.27999877929688,102.48999786376952,101.91000366210938,102.0,2148800
2017-02-15,91.56507873535156,102.58000183105467,102.73999786376952,102.25,102.25,1725100
2017-02-16,91.4847183227539,102.48999786376952,102.73999786376952,102.41000366210938,102.6500015258789,1070000
2017-02-17,91.4043960571289,102.4000015258789,102.77999877929688,102.18000030517578,102.30999755859376,1335400
2017-02-21,91.58293914794922,102.5999984741211,102.75,102.20999908447266,102.20999908447266,1530000
2017-02-22,91.62757110595705,102.6500015258789,102.88999938964844,102.4000015258789,102.5999984741211,1576900
2017-02-23,91.57400512695312,102.58999633789062,102.88999938964844,102.45999908447266,102.6500015258789,1368300
2017-02-24,91.78824615478516,102.83000183105467,102.86000061035156,102.19000244140624,102.1999969482422,2153600
2017-02-27,91.7703857421875,102.80999755859376,102.88999938964844,102.56999969482422,102.58000183105467,881100
2017-02-28,91.7703857421875,102.80999755859376,103.18000030517578,102.3000030517578,102.6500015258789,1650200
2017-03-01,92.11849975585938,103.1999969482422,103.44000244140624,102.95999908447266,103.1999969482422,1797600
2017-03-02,92.48446655273438,103.61000061035156,103.79000091552734,103.0500030517578,103.12000274658205,4282400
2017-03-03,92.70763397216795,103.86000061035156,103.94000244140624,103.44000244140624,103.72000122070312,1483700
2017-03-06,92.7343978881836,103.88999938964844,104.0999984741211,103.3000030517578,103.5500030517578,1535300
2017-03-07,92.62727355957033,103.7699966430664,104.11000061035156,103.55999755859376,103.86000061035156,2881800
2017-03-08,92.71653747558594,103.87000274658205,104.02999877929688,103.6500015258789,103.68000030517578,5757300
2017-03-09,92.76116943359376,103.91999816894533,104.0199966430664,103.75,103.76000213623048,3101400
2017-03-10,93.0289535522461,104.22000122070312,104.2300033569336,103.9000015258789,104.0999984741211,3012900
2017-03-13,92.82366180419922,103.98999786376952,104.4499969482422,103.8000030517578,104.0999984741211,3592500
2017-03-14,92.65406036376952,103.8000030517578,103.9800033569336,103.70999908447266,103.9000015258789,1669500
2017-03-15,92.60942840576172,103.75,103.97000122070312,103.72000122070312,103.8000030517578,2702000
2017-03-16,92.29701232910156,103.4000015258789,103.97000122070312,103.27999877929688,103.87999725341795,3891400
2017-03-17,92.18099975585938,103.2699966430664,103.37999725341795,102.91000366210938,103.1999969482422,3096600
2017-03-20,92.23451232910156,103.33000183105467,103.5,103.16000366210938,103.25,1158100
2017-03-21,91.88642120361328,102.94000244140624,103.51000213623048,102.6500015258789,103.1999969482422,3273500
2017-03-22,91.69896697998048,102.7300033569336,102.98999786376952,102.5999984741211,102.83000183105467,2040700
2017-03-23,91.67217254638672,102.6999969482422,102.9800033569336,102.62000274658205,102.73999786376952,1720600
2017-03-24,91.93103790283205,102.98999786376952,103.16000366210938,102.5999984741211,102.80999755859376,2153500
2017-03-27,92.13636779785156,103.22000122070312,103.36000061035156,102.6999969482422,102.91999816894533,1182200
2017-03-28,92.10063934326172,103.18000030517578,103.52999877929688,102.97000122070312,103.06999969482422,1246300
2017-03-29,92.493408203125,103.62000274658205,103.66999816894533,103.1500015258789,103.16000366210938,1622900
2017-03-30,92.60942840576172,103.75,104.29000091552734,103.13999938964844,103.33000183105467,1697000
2017-03-31,92.38629150390624,103.5,104.0,103.37999725341795,103.94000244140624,3326800
2017-04-03,93.0735855102539,104.2699966430664,104.41999816894533,103.5,103.68000030517578,2955100
2017-04-04,93.76984405517578,105.0500030517578,105.26000213623048,104.3499984741211,104.75,7817400
2017-04-05,93.54670715332033,104.8000030517578,105.4800033569336,104.61000061035156,105.4800033569336,3961200
2017-04-06,93.18965911865234,104.4000015258789,105.0,104.33999633789062,104.9499969482422,3719200
2017-04-07,93.3235321044922,104.5500030517578,104.8000030517578,104.4499969482422,104.5,4128600
2017-04-10,92.9843521118164,104.16999816894533,104.68000030517578,104.16999816894533,104.5,2051200
2017-04-11,92.80582427978516,103.97000122070312,104.44000244140624,103.87000274658205,104.0500030517578,2272100
2017-04-12,92.555908203125,103.69000244140624,103.98999786376952,103.66000366210938,103.91999816894533,3112300
2017-04-13,92.14527130126952,103.2300033569336,103.9000015258789,103.19000244140624,103.6999969482422,2697600
2017-04-17,92.09172058105467,103.16999816894533,103.69000244140624,103.16999816894533,103.5,1998900
2017-04-18,92.21669006347656,103.30999755859376,103.58999633789062,103.16000366210938,103.1999969482422,1495300
2017-04-19,93.03789520263672,104.2300033569336,104.41999816894533,103.38999938964844,103.5,3463200
2017-04-20,93.2164077758789,104.43000030517578,104.51000213623048,103.9000015258789,104.4499969482422,2904200
2017-04-21,93.1539306640625,104.36000061035156,104.4499969482422,104.11000061035156,104.4499969482422,1813200
2017-04-24,93.5198974609375,104.7699966430664,104.91000366210938,104.41000366210938,104.5,1644800
2017-04-25,93.91267395019533,105.20999908447266,105.27999877929688,104.8000030517578,104.86000061035156,2253100
2017-04-26,94.14476013183594,105.47000122070312,105.5999984741211,105.11000061035156,105.11000061035156,2824800
2017-04-27,94.12691497802734,105.4499969482422,105.58000183105467,105.3000030517578,105.5,1981000
2017-04-28,94.39466857910156,105.75,105.8000030517578,105.3000030517578,105.4000015258789,2050000
2017-05-01,94.58214569091795,105.95999908447266,106.16000366210938,105.5999984741211,105.9000015258789,1946800
2017-05-02,94.4035873413086,105.76000213623048,106.19000244140624,105.66999816894533,106.0,2297800
2017-05-03,94.43038940429688,105.79000091552734,106.0999984741211,105.5999984741211,106.0,1199200
2017-05-04,95.31407928466795,106.77999877929688,106.97000122070312,105.7300033569336,105.76000213623048,4468100
2017-05-05,95.13557434082033,106.58000183105467,106.95999908447266,106.37999725341795,106.56999969482422,2512700
2017-05-08,95.42120361328124,106.9000015258789,106.97000122070312,106.4499969482422,106.52999877929688,2710900
2017-05-09,95.30514526367188,106.7699966430664,107.0199966430664,106.6500015258789,106.66000366210938,2151900
2017-05-10,95.22483825683594,106.68000030517578,106.88999938964844,106.58000183105467,106.72000122070312,3243000
2017-05-11,95.38548278808594,106.86000061035156,106.94000244140624,106.4000015258789,106.5500030517578,2924400
2017-05-12,95.3944320678711,106.87000274658205,106.91000366210938,106.5,106.7699966430664,4860600
2017-05-15,95.5461654663086,107.04000091552734,107.1999969482422,106.66999816894533,106.77999877929688,1854800
2017-05-16,96.1352996826172,107.6999969482422,107.76000213623048,106.93000030517578,106.97000122070312,6256900
2017-05-17,95.85858917236328,107.38999938964844,107.83000183105467,107.25,107.26000213623048,5324200
2017-05-18,95.75145721435548,107.2699966430664,107.5,107.13999938964844,107.27999877929688,3252800
2017-05-19,96.17992401123048,107.75,107.83000183105467,107.4499969482422,107.4499969482422,2773300
2017-05-22,96.55481719970705,108.16999816894533,108.23999786376952,107.75,107.87000274658205,3259300
2017-05-23,96.48340606689452,108.08999633789062,108.1999969482422,107.95999908447266,107.95999908447266,2996400
2017-05-24,96.40309143066406,108.0,108.29000091552734,107.8499984741211,108.11000061035156,3686000
2017-05-25,96.35843658447266,107.9499969482422,108.1500015258789,107.8000030517578,108.0,3058800
2017-05-26,96.40309143066406,108.0,108.23999786376952,107.88999938964844,107.88999938964844,2620100
2017-05-30,96.52804565429688,108.13999938964844,108.20999908447266,107.91000366210938,107.91000366210938,2111900
2017-05-31,98.09906005859376,109.9000015258789,109.9000015258789,108.9800033569336,109.0500030517578,12507100
2017-06-01,97.58135223388672,109.31999969482422,109.70999908447266,109.0,109.6500015258789,7465900
2017-06-02,97.42960357666016,109.1500015258789,109.3499984741211,108.86000061035156,109.1999969482422,3789000
2017-06-05,97.49209594726562,109.22000122070312,109.31999969482422,109.0,109.0,2537400
2017-06-06,97.1618194580078,108.8499984741211,109.3499984741211,108.8499984741211,109.22000122070312,2724700
2017-06-07,97.483154296875,109.20999908447266,109.31999969482422,108.80999755859376,108.8499984741211,2903200
2017-06-08,97.50100708007812,109.2300033569336,109.4000015258789,108.91999816894533,109.06999969482422,2064500
2017-06-09,96.9207763671875,108.58000183105467,109.5,108.16999816894533,109.2300033569336,4308300
2017-06-12,96.59947967529295,108.22000122070312,108.91000366210938,108.0,108.91000366210938,2889900
2017-06-13,97.39388275146484,109.11000061035156,109.11000061035156,108.31999969482422,108.4499969482422,1959100
2017-06-14,97.53669738769533,109.2699966430664,109.41999816894533,108.6500015258789,108.95999908447266,2478000
2017-06-15,97.2957000732422,109.0,109.11000061035156,108.75,108.77999877929688,1315700
2017-06-16,97.37605285644533,109.08999633789062,109.4000015258789,108.8499984741211,109.0,2075700
2017-06-19,97.42960357666016,109.1500015258789,109.29000091552734,108.9000015258789,109.0,1808900
2017-06-20,97.2957000732422,109.0,109.86000061035156,108.97000122070312,109.0500030517578,3010300
2017-06-21,97.44744110107422,109.16999816894533,109.22000122070312,108.87999725341795,109.0199966430664,2796600
2017-06-22,97.74201202392578,109.5,109.5,108.98999786376952,109.1500015258789,3156500
2017-06-23,98.1704559326172,109.9800033569336,109.9800033569336,109.47000122070312,109.5,23837000
2017-06-26,97.94730377197266,109.7300033569336,109.91999816894533,109.4499969482422,109.75,2437900
2017-06-27,97.75985717773438,109.5199966430664,109.79000091552734,109.41999816894533,109.66999816894533,4010400
2017-06-28,98.09906005859376,109.9000015258789,109.9499969482422,109.56999969482422,109.87999725341795,2210600
2017-06-29,97.65275573730467,109.4000015258789,109.8000030517578,109.02999877929688,109.7699966430664,4944800
2017-06-30,97.69735717773438,109.4499969482422,109.51000213623048,109.13999938964844,109.33000183105467,2853900
2017-07-03,97.53669738769533,109.2699966430664,109.5,109.0999984741211,109.5,1170800
2017-07-05,97.4742202758789,109.1999969482422,109.37000274658205,109.04000091552734,109.2699966430664,2315600
2017-07-06,97.52779388427734,109.26000213623048,109.3000030517578,109.0500030517578,109.11000061035156,1708600
2017-07-07,97.39388275146484,109.11000061035156,109.37999725341795,109.0,109.2699966430664,3532500
2017-07-10,97.58135223388672,109.31999969482422,109.45999908447266,109.0500030517578,109.0500030517578,1428800
2017-07-11,97.51886749267578,109.25,109.25,109.0,109.25,1803800
2017-07-12,97.44744110107422,109.16999816894533,109.37000274658205,109.05999755859376,109.1999969482422,2861400
2017-07-13,97.483154296875,109.20999908447266,109.5,109.08000183105467,109.1500015258789,2247200
2017-07-14,97.65275573730467,109.4000015258789,109.4800033569336,109.16000366210938,109.1999969482422,1782000
2017-07-17,97.69735717773438,109.4499969482422,109.62000274658205,109.37000274658205,109.4000015258789,2083200
2017-07-18,97.70630645751952,109.45999908447266,109.63999938964844,109.37000274658205,109.4499969482422,1521700
2017-07-19,97.83126831054688,109.5999984741211,109.6500015258789,109.41000366210938,109.4499969482422,1302300
2017-07-20,97.92947387695312,109.70999908447266,109.80999755859376,109.41000366210938,109.5,1497800
2017-07-21,98.06336212158205,109.86000061035156,109.88999938964844,109.5500030517578,109.5999984741211,1321200
2017-07-24,97.7866439819336,109.5500030517578,109.83999633789062,109.5500030517578,109.83000183105467,1583800
2017-07-25,97.92947387695312,109.70999908447266,109.93000030517578,109.5500030517578,109.55999755859376,2426000
2017-07-26,98.12586212158205,109.93000030517578,109.9499969482422,109.75,109.75,2711500
2017-07-27,98.49181365966795,110.33999633789062,110.43000030517578,109.83999633789062,109.8499984741211,2846900
2017-07-28,98.38468933105467,110.22000122070312,110.4000015258789,110.0500030517578,110.12000274658205,2041500
2017-07-31,98.48290252685548,110.33000183105467,110.38999938964844,110.08000183105467,110.25,2535100
2017-08-01,99.17020416259766,111.0999984741211,111.1999969482422,110.1999969482422,110.3000030517578,3760200
2017-08-02,98.97382354736328,110.87999725341795,111.22000122070312,110.8499984741211,111.08000183105467,3406700
2017-08-03,98.7774658203125,110.66000366210938,111.05999755859376,110.43000030517578,110.5199966430664,1908400
2017-08-04,100.34844970703124,112.41999816894533,112.79000091552734,111.75,112.0199966430664,5618300
2017-08-07,100.83049011230467,112.95999908447266,113.1999969482422,112.41999816894533,112.6500015258789,2353300
2017-08-08,100.84832763671876,112.9800033569336,113.38999938964844,112.81999969482422,113.0199966430664,1577000
2017-08-09,100.94652557373048,113.08999633789062,113.0999984741211,112.56999969482422,112.5999984741211,1113600
2017-08-10,100.0806884765625,112.12000274658205,112.8499984741211,112.08000183105467,112.8499984741211,2215200
2017-08-11,100.15206909179688,112.1999969482422,112.27999877929688,111.56999969482422,111.56999969482422,2038100
2017-08-14,100.43772888183594,112.5199966430664,112.8000030517578,112.33000183105467,112.5,1024400
2017-08-15,100.71444702148438,112.83000183105467,112.83000183105467,112.51000213623048,112.6500015258789,838200
2017-08-16,100.6787338256836,112.79000091552734,112.8499984741211,112.5500030517578,112.80999755859376,498500
2017-08-17,100.3930892944336,112.47000122070312,112.8499984741211,112.33999633789062,112.79000091552734,1318200
2017-08-18,100.375244140625,112.4499969482422,112.6999969482422,112.38999938964844,112.6999969482422,704800
2017-08-21,100.28595733642578,112.3499984741211,112.68000030517578,112.18000030517578,112.58999633789062,888500
2017-08-22,100.28595733642578,112.3499984741211,112.73999786376952,112.33999633789062,112.4499969482422,514800
2017-08-23,100.24134826660156,112.3000030517578,112.51000213623048,112.3000030517578,112.51000213623048,892500
2017-08-24,99.98248291015624,112.01000213623048,112.4800033569336,111.94000244140624,112.37999725341795,1174400
2017-08-25,100.17887115478516,112.2300033569336,112.3499984741211,111.9000015258789,112.0999984741211,1086000
2017-08-28,100.48235321044922,112.56999969482422,112.73999786376952,112.0,112.16000366210938,1287600
2017-08-29,100.25027465820312,112.30999755859376,112.5999984741211,112.22000122070312,112.25,1193900
2017-08-30,100.33061981201172,112.4000015258789,112.58000183105467,112.29000091552734,112.30999755859376,981100
2017-08-31,100.83049011230467,112.95999908447266,113.05999755859376,112.37000274658205,112.43000030517578,2329300
2017-09-01,100.77692413330078,112.9000015258789,113.19000244140624,112.8000030517578,112.8000030517578,1229800
2017-09-05,100.34844970703124,112.41999816894533,112.8499984741211,112.29000091552734,112.55999755859376,1525400
2017-09-06,100.11640167236328,112.16000366210938,112.56999969482422,111.75,112.56999969482422,2330500
2017-09-07,100.56269073486328,112.66000366210938,112.75,112.13999938964844,112.2300033569336,933600
2017-09-08,100.24134826660156,112.3000030517578,112.4800033569336,112.16000366210938,112.4000015258789,640500
2017-09-11,100.46451568603516,112.5500030517578,112.6999969482422,112.26000213623048,112.5,630900
2017-09-12,100.66981506347656,112.77999877929688,112.80999755859376,112.63999938964844,112.66000366210938,1041100
2017-09-13,100.5359115600586,112.62999725341795,112.80999755859376,112.5999984741211,112.70999908447266,1103000
2017-09-14,100.33061981201172,112.4000015258789,112.75,112.31999969482422,112.45999908447266,1773600
2017-09-15,100.7233657836914,112.83999633789062,112.83999633789062,112.43000030517578,112.5,1775700
2017-09-18,100.85723876953124,112.98999786376952,113.2300033569336,112.8000030517578,112.86000061035156,1648000
2017-09-19,100.79476928710938,112.91999816894533,113.0500030517578,112.83000183105467,112.91000366210938,935400
2017-09-20,100.46451568603516,112.5500030517578,112.9499969482422,112.5,112.8499984741211,1244100
2017-09-21,100.61626434326172,112.72000122070312,112.8499984741211,112.33999633789062,112.48999786376952,1369000
2017-09-22,100.54483795166016,112.63999938964844,112.7699966430664,112.48999786376952,112.5500030517578,733900
2017-09-25,100.34844970703124,112.41999816894533,112.62999725341795,112.36000061035156,112.5500030517578,2387500
2017-09-26,100.3038330078125,112.37000274658205,112.5999984741211,112.30999755859376,112.4000015258789,1232400
2017-09-27,100.6251983642578,112.7300033569336,112.88999938964844,112.4000015258789,112.4000015258789,1190000
2017-09-28,100.7501220703125,112.87000274658205,113.06999969482422,112.61000061035156,112.6999969482422,1592200
2017-09-29,100.94652557373048,113.08999633789062,113.4000015258789,112.83000183105467,112.95999908447266,1806300
2017-10-02,100.97330474853516,113.12000274658205,113.38999938964844,112.8499984741211,113.1500015258789,2505600
2017-10-03,101.1875457763672,113.36000061035156,113.43000030517578,113.01000213623048,113.22000122070312,1228700
2017-10-04,101.49994659423828,113.70999908447266,113.8000030517578,113.0999984741211,113.3000030517578,1681900
2017-10-05,101.47315216064452,113.68000030517578,113.83000183105467,113.55999755859376,113.75,913600
2017-10-06,101.71417236328124,113.9499969482422,114.41999816894533,113.9000015258789,114.0,2859200
2017-10-09,102.22296142578124,114.5199966430664,114.66999816894533,113.98999786376952,114.0999984741211,1834600
2017-10-10,102.6514129638672,115.0,115.16999816894533,114.45999908447266,114.6500015258789,2833300
2017-10-11,103.06204223632812,115.45999908447266,115.61000061035156,114.83000183105467,114.94000244140624,2268700
2017-10-12,102.8121109008789,115.18000030517578,115.3499984741211,114.8000030517578,115.1500015258789,1273700
2017-10-13,102.8031768798828,115.16999816894533,115.68000030517578,115.04000091552734,115.68000030517578,1311300
2017-10-16,102.59788513183594,114.94000244140624,115.5199966430664,114.76000213623048,115.51000213623048,1369500
2017-10-17,102.78533935546876,115.1500015258789,115.1999969482422,114.91999816894533,114.97000122070312,1402500
2017-10-18,102.97276306152344,115.36000061035156,115.51000213623048,115.02999877929688,115.02999877929688,2151300
2017-10-19,103.08880615234376,115.48999786376952,115.48999786376952,115.01000213623048,115.1500015258789,1196300
2017-10-20,103.43694305419922,115.87999725341795,115.94000244140624,115.4000015258789,115.6999969482422,3369000
2017-10-23,103.90108489990234,116.4000015258789,116.44000244140624,115.70999908447266,115.70999908447266,1818400
2017-10-24,104.24920654296876,116.79000091552734,117.0,116.4000015258789,116.5,1674000
2017-10-25,103.9814224243164,116.48999786376952,116.79000091552734,116.23999786376952,116.58999633789062,1902900
2017-10-26,104.09747314453124,116.62000274658205,118.0,116.61000061035156,117.66000366210938,4338700
2017-10-27,104.37417602539062,116.93000030517578,117.3000030517578,116.81999969482422,116.87000274658205,3128800
2017-10-30,104.19567108154295,116.7300033569336,116.97000122070312,116.27999877929688,116.43000030517578,2878200
2017-10-31,104.48130798339844,117.0500030517578,117.06999969482422,116.5,116.6999969482422,2188100
2017-11-01,104.70443725585938,117.3000030517578,117.7300033569336,116.88999938964844,117.0500030517578,2902500
2017-11-02,104.84729766845705,117.45999908447266,117.7300033569336,116.56999969482422,117.02999877929688,3185900
2017-11-03,102.66927337646484,115.0199966430664,118.1999969482422,111.37000274658205,117.4499969482422,25791200
2017-11-06,104.1867218017578,116.72000122070312,116.87999725341795,115.0199966430664,115.0199966430664,8836900
2017-11-07,104.1331787109375,116.66000366210938,116.9800033569336,116.0,116.31999969482422,3361600
2017-11-08,103.8475341796875,116.33999633789062,117.55999755859376,116.25,116.6999969482422,5526300
2017-11-09,102.92813110351562,115.30999755859376,116.5999984741211,114.98999786376952,116.12000274658205,3342800
2017-11-10,103.58869934082033,116.0500030517578,116.25,115.04000091552734,115.26000213623048,2392800
2017-11-13,103.23162841796876,115.6500015258789,116.1999969482422,115.52999877929688,116.12000274658205,2472600
2017-11-14,103.09774017333984,115.5,115.9499969482422,115.0199966430664,115.5999984741211,3542500
2017-11-15,102.6514129638672,115.0,115.43000030517578,114.72000122070312,115.41999816894533,2949700
2017-11-16,102.82102966308594,115.19000244140624,115.87999725341795,115.0500030517578,115.1999969482422,3501100
2017-11-17,103.09774017333984,115.5,115.6999969482422,115.1999969482422,115.37999725341795,2030600
2017-11-20,102.8121109008789,115.18000030517578,115.91000366210938,115.13999938964844,115.51000213623048,1414800
2017-11-21,102.93708038330078,115.31999969482422,115.61000061035156,115.1500015258789,115.22000122070312,1881100
2017-11-22,102.78533935546876,115.1500015258789,115.86000061035156,115.06999969482422,115.31999969482422,1434500
2017-11-24,102.33900451660156,114.6500015258789,115.1999969482422,114.54000091552734,114.80999755859376,1942400
2017-11-27,102.2318878173828,114.52999877929688,115.08000183105467,114.44000244140624,114.5,2368900
2017-11-28,101.57135009765624,113.79000091552734,114.8499984741211,113.77999877929688,114.6500015258789,3850700
2017-11-29,100.8661880493164,113.0,114.16999816894533,112.5,113.8499984741211,6117100
2017-11-30,101.21431732177734,113.38999938964844,114.18000030517578,112.9499969482422,113.11000061035156,3727800
2017-12-01,102.45504760742188,114.77999877929688,115.0,113.93000030517578,114.01000213623048,4934900
2017-12-04,101.64276123046876,113.87000274658205,115.0500030517578,113.75,115.0,2772600
2017-12-05,101.53565216064452,113.75,114.29000091552734,113.52999877929688,113.6999969482422,3482900
2017-12-06,102.0533676147461,114.33000183105467,115.0,113.4000015258789,114.13999938964844,2388300
2017-12-07,102.76747131347656,115.12999725341795,115.27999877929688,114.25,114.5,2100700
2017-12-08,102.91029357910156,115.29000091552734,115.8499984741211,115.12999725341795,115.1500015258789,2112300
2017-12-11,103.40122985839844,115.83999633789062,116.5999984741211,115.62999725341795,116.4000015258789,2542600
2017-12-12,103.22270965576172,115.63999938964844,116.31999969482422,115.5,116.11000061035156,1345800
2017-12-13,103.59759521484376,116.05999755859376,116.0999984741211,115.61000061035156,115.6500015258789,1560700
2017-12-14,103.43694305419922,115.87999725341795,116.0999984741211,115.62999725341795,115.95999908447266,4910000
2017-12-15,103.85646057128906,116.3499984741211,116.3499984741211,115.47000122070312,115.8499984741211,1989700
2017-12-18,104.24920654296876,116.79000091552734,116.91999816894533,116.06999969482422,116.22000122070312,1332400
2017-12-19,103.94571685791016,116.4499969482422,117.0,116.3000030517578,116.62999725341795,1348000
2017-12-20,104.20457458496094,116.73999786376952,116.88999938964844,116.4000015258789,116.55999755859376,1450400
2017-12-21,104.16887664794922,116.6999969482422,116.91000366210938,116.5999984741211,116.7300033569336,1012300
2017-12-22,104.16887664794922,116.6999969482422,117.37999725341795,116.61000061035156,116.72000122070312,1442500
2017-12-26,104.0528335571289,116.56999969482422,116.83999633789062,116.48999786376952,116.61000061035156,736600
2017-12-27,104.1599578857422,116.69000244140624,116.87000274658205,116.47000122070312,116.6999969482422,9765500
2017-12-28,104.41880798339844,116.9800033569336,117.12000274658205,116.5500030517578,116.62999725341795,812400
2017-12-29,104.5169906616211,117.08999633789062,117.4000015258789,116.91000366210938,116.93000030517578,1577400
2018-01-02,105.2846450805664,117.9499969482422,117.9800033569336,116.8000030517578,117.0,1784200
2018-01-03,105.40069580078124,118.08000183105467,118.52999877929688,117.68000030517578,118.3499984741211,2873200
2018-01-04,105.21324157714844,117.87000274658205,118.33000183105467,117.66000366210938,118.08999633789062,2153500
2018-01-05,105.37393188476562,118.0500030517578,118.30999755859376,117.91000366210938,118.08999633789062,1631700
2018-01-08,105.57921600341795,118.27999877929688,118.6500015258789,117.9499969482422,118.6500015258789,1258000
2018-01-09,105.7309799194336,118.4499969482422,118.83000183105467,118.26000213623048,118.3000030517578,1408600
2018-01-10,106.35579681396484,119.1500015258789,119.2699966430664,118.06999969482422,118.37000274658205,1868300
2018-01-11,106.44507598876952,119.25,119.4800033569336,118.75,119.1500015258789,2576800
2018-01-12,106.7396240234375,119.58000183105467,119.6999969482422,118.98999786376952,119.29000091552734,2027200
2018-01-16,106.5789566040039,119.4000015258789,119.9000015258789,119.4000015258789,119.5199966430664,2516900
2018-01-17,106.52540588378906,119.33999633789062,119.47000122070312,118.8000030517578,119.33999633789062,4177600
2018-01-18,107.1145248413086,120.0,120.1999969482422,119.4000015258789,119.4000015258789,3981600
2018-01-19,107.51620483398438,120.4499969482422,120.66999816894533,120.0,120.11000061035156,4837600
2018-01-22,108.07855224609376,121.08000183105467,121.25,120.5500030517578,120.6999969482422,2026200
2018-01-23,107.87323760986328,120.8499984741211,121.45999908447266,120.8499984741211,121.37000274658205,2000400
2018-01-24,107.52513122558594,120.45999908447266,121.12000274658205,120.25,120.75,1470500
2018-01-25,107.2930679321289,120.1999969482422,121.23999786376952,120.1999969482422,121.23999786376952,1526600
2018-01-26,107.41802978515624,120.33999633789062,120.98999786376952,120.20999908447266,120.5,2357000
2018-01-29,107.60548400878906,120.5500030517578,120.6500015258789,119.51000213623048,120.06999969482422,1376600
2018-01-30,107.30198669433594,120.20999908447266,120.41000366210938,119.9000015258789,120.01000213623048,2079900
2018-01-31,107.40018463134766,120.31999969482422,120.6999969482422,119.88999938964844,120.5500030517578,2942100
2018-02-01,108.27493286132812,121.3000030517578,121.5,120.62999725341795,120.8499984741211,3660600
2018-02-02,107.66796875,120.62000274658205,121.29000091552734,120.5,121.12000274658205,2626200
2018-02-05,105.49890899658205,118.19000244140624,120.31999969482422,117.86000061035156,119.54000091552734,5072500
2018-02-06,105.4631805419922,118.1500015258789,118.7699966430664,117.0,117.0999984741211,4431900
2018-02-07,103.9100341796875,116.41000366210938,118.3000030517578,116.23999786376952,118.1500015258789,3993200
2018-02-08,103.49050903320312,115.94000244140624,118.75,115.76000213623048,118.25,5688000
2018-02-09,103.34767150878906,115.77999877929688,116.5500030517578,114.7699966430664,116.29000091552734,4053400
2018-02-12,104.02605438232422,116.54000091552734,116.9000015258789,115.9800033569336,116.3000030517578,1876100
2018-02-13,103.72258758544922,116.1999969482422,117.08000183105467,115.98999786376952,116.20999908447266,1903400
2018-02-14,102.5443115234375,114.87999725341795,116.25,114.5500030517578,115.87999725341795,4370300
2018-02-15,104.3652572631836,116.91999816894533,117.0500030517578,115.20999908447266,115.38999938964844,2289300
2018-02-16,105.77559661865234,118.5,119.02999877929688,116.5,116.5,5097200
2018-02-20,112.07748413085938,125.55999755859376,125.93000030517578,125.5,125.8000030517578,30986300
2018-02-21,112.11318969726562,125.5999984741211,125.91999816894533,125.58999633789062,125.77999877929688,11299500
2018-02-22,112.2114028930664,125.70999908447266,125.81999969482422,125.6500015258789,125.75,7547100
2018-02-23,111.97039031982422,125.44000244140624,125.7300033569336,125.33000183105467,125.68000030517578,5231000
2018-02-26,111.09561920166016,124.45999908447266,125.4499969482422,124.18000030517578,125.3499984741211,8208300
2018-02-27,111.26522064208984,124.6500015258789,124.88999938964844,124.4000015258789,124.41999816894533,3645500
2018-02-28,111.27413940429688,124.66000366210938,124.77999877929688,124.63999938964844,124.6999969482422,2745200
2018-03-01,110.47970581054688,123.7699966430664,124.6999969482422,123.5,124.37000274658205,4977000
2018-03-02,110.76534271240234,124.08999633789062,124.3000030517578,123.5,123.76000213623048,2903300
2018-03-05,111.38127136230467,124.77999877929688,125.52999877929688,124.6999969482422,125.4499969482422,5036900
2018-03-06,111.04205322265624,124.4000015258789,125.08999633789062,124.01000213623048,124.95999908447266,4066700
2018-03-07,110.48863983154295,123.77999877929688,124.12999725341795,123.5999984741211,124.02999877929688,3054800
2018-03-08,110.41722106933594,123.6999969482422,124.16999816894533,123.6500015258789,124.0,1715200
2018-03-09,110.3993682861328,123.68000030517578,124.0,123.30999755859376,123.95999908447266,2533700
2018-03-12,110.34583282470705,123.62000274658205,123.94000244140624,123.27999877929688,123.4499969482422,1984100
2018-03-13,109.46212768554688,122.62999725341795,124.0,122.0500030517578,123.9800033569336,6211400
2018-03-14,109.1675796508789,122.3000030517578,123.20999908447266,120.98999786376952,122.75,6210700
2018-03-15,108.79264831542967,121.87999725341795,123.08999633789062,121.86000061035156,122.29000091552734,2211200
2018-03-16,109.1229248046875,122.25,122.58000183105467,121.1500015258789,121.9000015258789,3385900
2018-03-19,109.46212768554688,122.62999725341795,123.5,121.76000213623048,122.0999984741211,1529700
2018-03-20,109.88165283203124,123.0999984741211,123.23999786376952,122.70999908447266,122.72000122070312,1353500
2018-03-21,108.86406707763672,121.95999908447266,122.44000244140624,121.69000244140624,121.9000015258789,3147300
2018-03-22,107.93572998046876,120.91999816894533,121.68000030517578,120.5,121.55999755859376,3138300
2018-03-23,107.28414154052734,120.19000244140624,121.8000030517578,119.5,121.8000030517578,2174700
2018-03-26,108.55165100097656,121.61000061035156,121.9499969482422,121.0,121.37999725341795,3412800
2018-03-27,108.47129821777344,121.5199966430664,122.4800033569336,121.31999969482422,122.16000366210938,3367900
2018-03-28,103.77613067626952,116.26000213623048,121.76000213623048,116.0199966430664,121.52999877929688,11205000
2018-03-29,104.43668365478516,117.0,117.66000366210938,115.4499969482422,117.25,4969400
2018-04-02,102.84779357910156,115.22000122070312,117.06999969482422,114.56999969482422,117.0,4566100
2018-04-03,103.9100341796875,116.41000366210938,116.48999786376952,115.2300033569336,115.52999877929688,3379900
2018-04-04,103.03526306152344,115.43000030517578,115.94000244140624,113.7699966430664,115.1999969482422,4889200
2018-04-05,102.45504760742188,114.77999877929688,116.1500015258789,114.22000122070312,115.29000091552734,4686700
2018-04-06,101.5177764892578,113.7300033569336,114.8000030517578,113.37999725341795,114.23999786376952,3927500
2018-04-09,102.06229400634766,114.33999633789062,114.75,113.6500015258789,114.31999969482422,3190800
2018-04-10,104.08853149414062,116.61000061035156,117.36000061035156,115.4000015258789,115.5199966430664,6659100
2018-04-11,103.43694305419922,115.87999725341795,116.94000244140624,115.0999984741211,116.70999908447266,4931800
2018-04-12,101.91056823730467,114.16999816894533,115.87999725341795,112.25,115.87999725341795,10004100
2018-04-13,101.2589340209961,113.44000244140624,115.6500015258789,112.66999816894533,114.08999633789062,6605600
2018-04-16,100.71444702148438,112.83000183105467,113.63999938964844,112.6500015258789,113.47000122070312,2488500
2018-04-17,101.0090103149414,113.16000366210938,113.94000244140624,112.83000183105467,112.98999786376952,2497600
2018-04-18,100.85723876953124,112.98999786376952,113.58999633789062,112.58999633789062,113.01000213623048,1512100
2018-04-19,95.66220092773438,107.16999816894533,110.1500015258789,106.75,110.08000183105467,12747600
2018-04-20,93.85911560058594,105.1500015258789,108.08000183105467,103.19000244140624,107.88999938964844,16428000
2018-04-23,92.09172058105467,103.16999816894533,106.30999755859376,102.81999969482422,105.5999984741211,9049400
2018-04-24,90.7884750366211,101.70999908447266,103.4000015258789,100.2300033569336,103.16000366210938,12601900
2018-04-25,90.32433319091795,101.19000244140624,102.6999969482422,100.36000061035156,102.3000030517578,8249400
2018-04-26,91.4847183227539,102.48999786376952,104.76000213623048,101.97000122070312,102.0,9264100
2018-04-27,94.08228302001952,105.4000015258789,105.81999969482422,102.97000122070312,103.9000015258789,10043300
2018-04-30,93.63595581054688,104.9000015258789,106.37000274658205,104.75,105.76000213623048,4016300
2018-05-01,92.82366180419922,103.98999786376952,105.12000274658205,103.36000061035156,104.91000366210938,5134100
2018-05-02,91.6900405883789,102.72000122070312,104.5500030517578,102.04000091552734,104.47000122070312,5151800
2018-05-03,82.44251251220703,92.36000061035156,95.0,90.83000183105467,94.22000122070312,31709000
2018-05-04,89.51204681396484,100.27999877929688,100.29000091552734,93.20999908447266,93.3499984741211,15639000
2018-05-07,87.88746643066406,98.45999908447266,100.23999786376952,98.0999984741211,100.0,3710500
2018-05-08,88.1820297241211,98.79000091552734,98.98999786376952,96.8000030517578,98.30999755859376,3644500
2018-05-09,88.04815673828125,98.63999938964844,99.12999725341795,98.23999786376952,99.0,2425400
2018-05-10,88.62834930419922,99.29000091552734,99.29000091552734,98.61000061035156,98.75,2832200
2018-05-11,88.37841033935547,99.01000213623048,99.33000183105467,98.3000030517578,99.08000183105467,2280500
2018-05-14,98.84886932373048,110.73999786376952,114.66000366210938,108.0500030517578,109.75,23168000
2018-05-15,98.2329559326172,110.0500030517578,112.87999725341795,109.58000183105467,112.08000183105467,9077200
2018-05-16,97.15288543701172,108.83999633789062,109.8000030517578,106.80999755859376,108.5,9651200
2018-05-17,95.2515869140625,106.70999908447266,110.37000274658205,103.06999969482422,109.75,8530900
2018-05-18,99.09879302978516,111.0199966430664,113.0,106.3000030517578,106.4000015258789,12282700
2018-05-21,102.33900451660156,114.6500015258789,114.97000122070312,113.06999969482422,114.1999969482422,9542100
2018-05-22,103.06204223632812,115.45999908447266,117.70999908447266,114.76000213623048,117.69000244140624,13172900
2018-05-23,100.46451568603516,112.5500030517578,114.19000244140624,111.88999938964844,114.0,5107700
2018-05-24,99.53618621826172,111.51000213623048,113.23999786376952,109.7699966430664,113.0,4273400
2018-05-25,104.24920654296876,116.79000091552734,117.02999877929688,111.36000061035156,111.4800033569336,9197500
2018-05-29,103.7939682006836,116.27999877929688,119.11000061035156,115.18000030517578,119.0,10126000
2018-05-30,103.16915130615234,115.58000183105467,116.0199966430664,113.36000061035156,114.7300033569336,9240100
2018-05-31,101.75880432128906,114.0,115.4000015258789,112.51000213623048,115.0199966430664,8042700
2018-06-01,101.75880432128906,114.0,114.75,113.12000274658205,113.30999755859376,6789300
2018-06-04,98.81316375732422,110.6999969482422,111.29000091552734,109.31999969482422,110.3499984741211,5488600
2018-06-05,103.86540222167967,116.36000061035156,118.0,110.23999786376952,110.7699966430664,5544000
2018-06-06,102.22296142578124,114.5199966430664,116.0,113.37000274658205,115.87000274658205,4700300
2018-06-07,107.177001953125,120.06999969482422,122.23999786376952,119.9000015258789,121.75,23139100
2018-06-08,107.26628112792967,120.16999816894533,120.43000030517578,118.5,119.4499969482422,6819800
2018-06-11,105.58814239501952,118.29000091552734,119.1500015258789,117.51000213623048,119.0,4626600
2018-06-12,102.87458801269533,115.25,117.25,114.83000183105467,117.0500030517578,6723400
2018-06-13,99.48259735107422,111.4499969482422,114.18000030517578,111.27999877929688,113.37999725341795,10868500
2018-06-14,100.87511444091795,113.01000213623048,113.3000030517578,110.2300033569336,111.47000122070312,9244900
2018-06-15,101.0090103149414,113.16000366210938,117.62000274658205,112.51000213623048,115.75,11933700
2018-06-18,99.48259735107422,111.4499969482422,112.3499984741211,110.23999786376952,112.3000030517578,6443500
2018-06-19,97.28675842285156,108.98999786376952,109.95999908447266,108.0999984741211,108.47000122070312,6860600
2018-06-20,100.79476928710938,112.91999816894533,114.98999786376952,108.8000030517578,108.8000030517578,7062400
2018-06-21,100.7233657836914,112.83999633789062,113.98999786376952,112.25,113.18000030517578,3304600
2018-06-22,102.7138900756836,115.06999969482422,115.11000061035156,112.13999938964844,113.3499984741211,7211100
2018-06-25,98.3132781982422,110.13999938964844,113.26000213623048,108.87000274658205,113.1999969482422,5144400
2018-06-26,97.99195098876952,109.77999877929688,111.2699966430664,108.3000030517578,110.69000244140624,4405100
2018-06-27,97.6170425415039,109.36000061035156,112.0,108.5999984741211,111.0,4133800
2018-06-28,98.4114761352539,110.25,110.5,109.0,109.76000213623048,3259300
2018-06-29,97.53669738769533,109.2699966430664,110.98999786376952,109.19000244140624,110.5,4574300
2018-07-02,97.1171646118164,108.8000030517578,108.95999908447266,106.6999969482422,108.5999984741211,3916300
2018-07-03,95.3944320678711,106.87000274658205,108.9499969482422,106.25,108.9499969482422,2212500
2018-07-05,95.22483825683594,106.68000030517578,107.6500015258789,105.58000183105467,107.0,3712600
2018-07-06,95.9299774169922,107.47000122070312,107.86000061035156,106.25,106.87000274658205,2870500
2018-07-09,95.84073638916016,107.37000274658205,108.0,106.0,107.98999786376952,2822600
2018-07-10,98.50965118408205,110.36000061035156,111.48999786376952,106.80999755859376,107.5,4193600
2018-07-11,96.04605865478516,107.5999984741211,109.0999984741211,105.20999908447266,105.5,5709200
2018-07-12,96.7511978149414,108.38999938964844,108.80999755859376,105.5,108.80999755859376,4158200
2018-07-13,95.97461700439452,107.5199966430664,109.8000030517578,106.5999984741211,108.1999969482422,4265800
2018-07-16,92.87722778320312,104.0500030517578,107.0,103.6500015258789,107.0,5967300
2018-07-17,92.53803253173828,103.66999816894533,104.9000015258789,100.98999786376952,103.5,9014600
2018-07-18,95.05519104003906,106.48999786376952,108.0199966430664,103.52999877929688,103.70999908447266,4799100
2018-07-19,92.42198181152344,103.54000091552734,104.01000213623048,102.11000061035156,103.1500015258789,7100500
2018-07-20,92.25238800048828,103.3499984741211,106.0,102.0,103.0,9270500
2018-07-23,93.8055419921875,105.08999633789062,105.9800033569336,99.8000030517578,102.08000183105467,12777400
2018-07-24,89.85123443603516,100.66000366210938,105.9499969482422,100.20999908447266,105.19000244140624,9091000
2018-07-25,87.80712890625,98.37000274658205,100.91000366210938,94.91000366210938,97.95999908447266,19769600
2018-07-26,82.84414672851562,92.80999755859376,94.08000183105467,90.25,91.83999633789062,49298100
2018-07-27,84.77222442626953,94.97000122070312,96.56999969482422,93.66999816894533,94.0,21620400
2018-07-30,84.64726257324219,94.83000183105467,95.75,94.2300033569336,95.16000366210938,14652900
2018-07-31,85.10247802734375,95.33999633789062,95.98999786376952,94.77999877929688,95.5,11682100
2018-08-01,85.15606689453125,95.4000015258789,96.08000183105467,95.1500015258789,96.0,8527300
2018-08-02,85.33456420898438,95.5999984741211,95.7300033569336,94.62000274658205,95.0,7547900
2018-08-03,85.62022399902344,95.91999816894533,96.08999633789062,94.83000183105467,95.68000030517578,7016100
2018-08-06,85.95047760009766,96.29000091552734,96.52999877929688,95.4000015258789,95.97000122070312,6821400
2018-08-07,85.66485595703125,95.97000122070312,96.56999969482422,95.81999969482422,96.56999969482422,4264900
2018-08-08,85.51311492919922,95.8000030517578,96.1500015258789,95.36000061035156,96.08999633789062,4124500
2018-08-09,85.4059829711914,95.68000030517578,95.76000213623048,94.97000122070312,95.36000061035156,4801200
2018-08-10,84.40625,94.55999755859376,94.6999969482422,93.6999969482422,93.95999908447266,9381000
2018-08-13,83.15657043457031,93.16000366210938,94.69000244140624,92.37999725341795,94.69000244140624,8900200
2018-08-14,81.39812469482422,91.19000244140624,93.23999786376952,90.3000030517578,93.08999633789062,10669900
2018-08-15,80.1216812133789,89.76000213623047,89.94999694824219,86.66999816894531,89.70999908447266,15241200
2018-08-16,80.0145492553711,89.63999938964844,90.25,89.26000213623047,90.05999755859375,4169200
2018-08-17,80.13059997558594,89.7699966430664,90.16999816894533,88.5999984741211,89.37000274658203,5833000
2018-08-20,80.4519271850586,90.12999725341795,90.7300033569336,88.4000015258789,89.93000030517578,6460100
2018-08-21,82.08544921875,91.95999908447266,92.54000091552734,90.06999969482422,90.54000091552734,7318100
2018-08-22,81.42488098144531,91.22000122070312,91.9000015258789,90.5500030517578,91.3499984741211,5669500
2018-08-23,80.94288635253906,90.68000030517578,91.7699966430664,90.0999984741211,91.7699966430664,5518900
2018-08-24,82.10330200195312,91.9800033569336,92.2699966430664,90.69000244140624,90.81999969482422,7316300
2018-08-27,82.39784240722656,92.30999755859376,92.58000183105467,91.6999969482422,92.31999969482422,5964000
2018-08-28,83.1833724975586,93.19000244140624,93.45999908447266,92.41999816894533,92.63999938964844,7418500
2018-08-29,83.74571228027344,93.81999969482422,94.11000061035156,92.69000244140624,93.1999969482422,5507700
2018-08-30,82.29074096679688,92.19000244140624,93.4800033569336,91.77999877929688,93.1999969482422,5222500
2018-08-31,83.13873291015625,93.13999938964844,93.33999633789062,92.0,92.08000183105467,4057600
2018-09-04,84.49551391601562,94.66000366210938,94.9000015258789,93.1500015258789,93.3000030517578,7915400
2018-09-05,83.79924774169922,93.87999725341795,94.70999908447266,92.91999816894533,94.5999984741211,7533500
2018-09-06,83.89746856689453,93.98999786376952,94.38999938964844,93.29000091552734,93.87999725341795,9140900
2018-09-07,83.92423248291016,94.0199966430664,95.05999755859376,93.16000366210938,94.5,10214100
2018-09-10,83.6207504272461,93.68000030517578,95.13999938964844,93.55999755859376,94.0999984741211,8539900
2018-09-11,79.95205688476562,89.56999969482422,93.0,88.26000213623047,93.0,15011100
2018-09-12,79.26473999023438,88.80000305175781,88.83999633789062,84.58999633789062,88.41000366210938,15937100
2018-09-13,82.0407943725586,91.91000366210938,92.25,89.58999633789062,90.0,9852500
2018-09-14,82.79952239990234,92.76000213623048,93.41999816894533,91.4499969482422,92.25,7293800
2018-09-17,80.46979522705078,90.1500015258789,93.75,90.0,93.62000274658205,4110200
2018-09-18,81.83548736572266,91.68000030517578,91.94000244140624,89.9000015258789,90.1500015258789,4465000
2018-09-19,82.28180694580078,92.18000030517578,92.27999877929688,91.2699966430664,91.2699966430664,3977200
2018-09-20,83.80818176269531,93.88999938964844,94.0,92.5500030517578,92.91999816894533,5995900
2018-09-21,83.66536712646484,93.7300033569336,94.18000030517578,92.62000274658205,94.0,9068400
2018-09-24,81.52629852294922,91.08999633789062,93.16000366210938,90.8000030517578,92.79000091552734,4525800
2018-09-25,77.42719268798828,86.51000213623047,90.38999938964844,86.30999755859375,90.12000274658205,12705200
2018-09-26,76.33525848388672,85.29000091552734,86.86000061035156,84.3499984741211,86.37000274658203,9662400
2018-09-27,76.54109954833984,85.5199966430664,86.69000244140625,85.0,85.9000015258789,5012200
2018-09-28,76.5232162475586,85.5,85.95999908447266,84.5199966430664,85.13999938964844,4910300
2018-10-01,76.1025619506836,85.02999877929688,86.98999786376953,84.93000030517578,86.43000030517578,6007500
2018-10-02,76.14732360839844,85.08000183105469,86.19999694824219,84.44999694824219,84.7300033569336,4058600
2018-10-03,77.078125,86.12000274658203,86.37000274658203,84.47000122070312,85.62000274658203,4423100
2018-10-04,74.2409439086914,82.94999694824219,85.66999816894531,82.18000030517578,85.5999984741211,7525600
2018-10-05,74.47366333007812,83.20999908447266,83.48999786376953,80.70999908447266,83.0,6544000
2018-10-08,73.52494049072266,82.1500015258789,82.95999908447266,81.54000091552734,82.55999755859375,3324800
2018-10-09,72.47775268554688,80.9800033569336,82.5,80.69999694824219,81.80999755859375,3237600
2018-10-10,69.95386505126953,78.16000366210938,80.0,77.69999694824219,80.0,7068300
2018-10-11,69.17518615722656,77.29000091552734,80.16999816894531,76.63999938964844,78.72000122070312,7109600
2018-10-12,70.31187438964844,78.55999755859375,80.5,77.3499984741211,80.01000213623047,5817300
2018-10-15,69.71218872070312,77.88999938964844,78.9000015258789,77.83999633789062,78.44000244140625,2977600
2018-10-16,72.66574096679688,81.19000244140625,81.26000213623047,78.5,78.87000274658203,5462800
2018-10-17,71.48430633544922,79.87000274658203,81.9800033569336,79.63999938964844,81.86000061035156,4110500
2018-10-18,69.54214477539062,77.69999694824219,79.9800033569336,77.45999908447266,79.5999984741211,4918800
2018-10-19,69.54214477539062,77.69999694824219,79.38999938964844,76.26000213623047,78.66999816894531,5204800
2018-10-22,68.45022583007812,76.4800033569336,79.0,76.37000274658203,78.5199966430664,4223000
2018-10-23,69.56005859375,77.72000122070312,78.68000030517578,74.0199966430664,75.0,6462700
2018-10-24,63.75146484375,71.2300033569336,75.55999755859375,71.02999877929688,75.2300033569336,9901300
2018-10-25,66.00688171386719,73.75,74.19999694824219,71.41000366210938,72.0999984741211,7015000
2018-10-26,63.50087356567383,70.94999694824219,73.04000091552734,70.25,72.77999877929688,6515300
2018-10-29,63.29499435424805,70.72000122070312,74.30000305175781,69.72000122070312,73.1500015258789,6699800
2018-10-30,67.56417846679688,75.48999786376953,75.69999694824219,70.16000366210938,70.30000305175781,6276100
2018-10-31,67.11665344238281,74.98999786376953,76.61000061035156,74.05999755859375,76.31999969482422,6109100
2018-11-01,75.2612533569336,84.08999633789062,85.91999816894531,79.97000122070312,80.91999816894531,19551300
2018-11-02,75.2522964477539,84.08000183105469,85.19999694824219,82.69000244140625,84.5,12556100
2018-11-05,74.16038513183594,82.86000061035156,83.86000061035156,81.43000030517578,83.7300033569336,4253500
2018-11-06,75.66401672363281,84.54000091552734,84.58999633789062,82.66000366210938,82.80000305175781,3643700
2018-11-07,76.47845458984375,85.44999694824219,85.62000274658203,83.75,85.13999938964844,3734900
2018-11-08,75.7356185913086,84.62000274658203,86.31999969482422,84.4000015258789,84.62000274658203,4054500
2018-11-09,74.90328216552734,83.69000244140625,84.06999969482422,81.83000183105469,83.80999755859375,3508000
2018-11-12,70.95626831054688,79.27999877929688,82.5,79.20999908447266,82.16000366210938,4321900
2018-11-13,73.16690826416016,81.75,83.12999725341797,79.5,80.0,3269600
2018-11-14,73.46228790283203,82.08000183105469,83.9000015258789,81.27999877929688,82.77999877929688,2373200
2018-11-15,75.7356185913086,84.62000274658203,85.41000366210938,81.33999633789062,81.68000030517578,5076700
2018-11-16,76.04886627197266,84.97000122070312,85.1500015258789,82.7300033569336,83.12999725341797,3970800
2018-11-19,72.81786346435547,81.36000061035156,85.37000274658203,81.2699966430664,84.58000183105469,3510100
2018-11-20,72.86263275146484,81.41000366210938,82.80000305175781,79.52999877929688,80.66000366210938,8756500
2018-11-21,74.41096496582031,83.13999938964844,84.1500015258789,82.04000091552734,82.83999633789062,3638900
2018-11-23,73.93663024902344,82.61000061035156,83.81999969482422,82.13999938964844,82.47000122070312,729700
2018-11-26,73.33699798583984,81.94000244140625,84.33999633789062,81.7699966430664,84.19000244140625,3353700
2018-11-27,72.39722442626953,80.88999938964844,82.41999816894531,80.88999938964844,81.52999877929688,3151700
2018-11-28,74.30360412597656,83.0199966430664,83.06999969482422,80.3499984741211,81.5199966430664,3618300
2018-11-29,74.20513916015625,82.91000366210938,84.05999755859375,82.41999816894531,82.41999816894531,2429700
2018-11-30,74.61685180664062,83.37000274658203,83.41999816894531,80.5999984741211,82.91000366210938,4447600
2018-12-03,76.67536163330078,85.66999816894531,87.4000015258789,85.2699966430664,86.95999908447266,6123500
2018-12-04,73.22957611083984,81.81999969482422,86.31999969482422,81.75,85.11000061035156,6129400
2018-12-06,73.43544006347656,82.05000305175781,82.08000183105469,79.33000183105469,79.83000183105469,3820900
2018-12-07,68.46813201904297,76.5,82.0,76.4000015258789,81.12000274658203,4156900
2018-12-10,68.0206527709961,76.0,77.5999984741211,74.16000366210938,76.41000366210938,5060900
2018-12-11,70.59825897216797,78.87999725341797,80.66000366210938,77.87000274658203,78.38999938964844,4347100
2018-12-12,71.36793518066406,79.73999786376953,81.36000061035156,79.41000366210938,80.05999755859375,6120500
2018-12-13,70.77540588378906,78.83000183105469,80.43000030517578,78.06999969482422,80.43000030517578,5182800
2018-12-14,69.64413452148438,77.56999969482422,79.44999694824219,77.27999877929688,77.44999694824219,3194400
2018-12-17,67.57916259765625,75.2699966430664,78.11000061035156,74.62999725341797,77.0999984741211,3467200
2018-12-18,69.14136505126953,77.01000213623047,78.54000091552734,75.98999786376953,76.20999908447266,5195400
2018-12-19,64.02375030517578,71.30999755859375,77.30999755859375,71.2699966430664,76.5,6093200
2018-12-20,64.59835815429688,71.94999694824219,73.30999755859375,71.04000091552734,71.44000244140625,5987700
2018-12-21,63.15288543701172,70.33999633789062,73.0199966430664,70.08000183105469,72.2699966430664,5976600
2018-12-24,60.7916145324707,67.70999908447266,70.5,67.68000030517578,70.33999633789062,2267900
2018-12-26,64.436767578125,71.7699966430664,72.30000305175781,67.62000274658203,68.5,5229200
2018-12-27,65.55007934570312,73.01000213623047,73.01000213623047,69.93000030517578,70.70999908447266,3472600
2018-12-28,64.7599868774414,72.12999725341797,73.72000122070312,71.70999908447266,72.77999877929688,4134900
2018-12-31,65.79249572753906,73.27999877929688,73.27999877929688,71.7699966430664,72.58999633789062,3739100
2019-01-02,67.3636703491211,75.02999877929688,75.29000091552734,71.55999755859375,71.91000366210938,4720900
2019-01-03,64.61631774902344,71.97000122070312,74.19999694824219,71.7300033569336,73.30999755859375,5356900
2019-01-04,67.74076080322266,75.44999694824219,75.79000091552734,73.0,73.36000061035156,4866700
2019-01-07,68.24353790283203,76.01000213623047,77.01000213623047,74.88999938964844,75.61000061035156,3515700
2019-01-08,68.62960815429688,76.44000244140625,77.04000091552734,75.55999755859375,76.45999908447266,4009000
2019-01-09,71.77198028564453,79.94000244140625,79.98999786376953,77.18000030517578,77.44999694824219,6325800
2019-01-10,71.852783203125,80.02999877929688,80.13999938964844,78.25,79.0999984741211,3116100
2019-01-11,71.3589859008789,79.4800033569336,80.94999694824219,78.95999908447266,79.26000213623047,3447900
2019-01-14,70.57788848876953,78.61000061035156,79.41000366210938,77.80999755859375,78.30000305175781,3335900
2019-01-15,70.09306335449219,78.06999969482422,79.30000305175781,77.47000122070312,78.83999633789062,5438800
2019-01-16,70.3354721069336,78.33999633789062,79.95999908447266,78.30000305175781,78.5,5619500
2019-01-17,71.0537109375,79.13999938964844,79.44999694824219,77.58999633789062,78.9000015258789,5297000
2019-01-18,72.5351333618164,80.79000091552734,81.94000244140625,79.62000274658203,80.05000305175781,8818900
2019-01-22,71.00882720947266,79.08999633789062,80.25,78.52999877929688,80.18000030517578,5039900
2019-01-23,70.8382339477539,78.9000015258789,80.5,78.29000091552734,80.01000213623047,3480800
2019-01-24,75.6415786743164,84.25,85.19000244140625,81.18000030517578,81.51000213623047,8390300
2019-01-25,76.53044128417969,85.23999786376953,86.62000274658203,85.05999755859375,85.5999984741211,5673700
2019-01-28,76.90753936767578,85.66000366210938,85.75,82.61000061035156,83.62999725341797,3655600
2019-01-29,76.97935485839844,85.73999786376953,86.12000274658203,84.80999755859375,85.41999816894531,3496300
2019-01-30,78.7570571899414,87.72000122070312,88.0,85.63999938964844,86.6500015258789,5051400
2019-01-31,78.1375503540039,87.02999877929688,87.83000183105469,86.52999877929688,87.25,3046900
2019-02-01,79.36756896972656,88.4000015258789,89.69999694824219,87.0999984741211,87.13999938964844,4916000
2019-02-04,79.6369400024414,88.69999694824219,88.69999694824219,87.22000122070312,88.04000091552734,3253500
2019-02-05,81.0195541381836,90.23999786376952,90.69000244140624,88.5,88.56999969482422,5821400
2019-02-06,83.00375366210938,92.4499969482422,94.63999938964844,91.81999969482422,92.48999786376952,9862900
2019-02-07,81.45950317382812,90.7300033569336,91.62999725341795,87.1500015258789,87.43000030517578,8803900
2019-02-08,78.5685043334961,87.51000213623047,89.63999938964844,86.77999877929688,88.63999938964844,5589200
2019-02-11,80.13070678710938,89.25,89.45999908447266,87.44999694824219,87.55000305175781,4085300
2019-02-12,83.70405578613281,93.2300033569336,93.66000366210938,89.83999633789062,90.25,6275900
2019-02-13,82.49200439453125,91.87999725341795,93.58000183105467,91.5999984741211,93.5,4025300
2019-02-14,82.37527465820312,91.75,92.83999633789062,91.5,91.5,3347400
2019-02-15,83.533447265625,93.04000091552734,93.3000030517578,92.0199966430664,92.58000183105467,3500700
2019-02-19,83.04864501953125,92.5,93.06999969482422,91.95999908447266,93.0,2694900
2019-02-20,84.61984252929688,94.25,94.30999755859376,92.5999984741211,92.98999786376952,4072400
2019-02-21,84.7095947265625,94.3499984741211,94.41000366210938,92.93000030517578,93.81999969482422,4865800
2019-02-22,84.853271484375,94.51000213623048,95.31999969482422,93.97000122070312,95.0,3496600
2019-02-25,87.21453094482422,97.13999938964844,98.1999969482422,95.31999969482422,95.93000030517578,5013400
2019-02-26,84.48516845703125,94.0999984741211,96.77999877929688,93.83000183105467,96.43000030517578,4286800
2019-02-27,82.4471206665039,91.83000183105467,93.66999816894533,91.2699966430664,93.66999816894533,4966200
2019-02-28,81.98921203613281,91.31999969482422,91.88999938964844,90.91999816894533,91.4000015258789,2358100
2019-03-01,84.61984252929688,94.25,94.73999786376952,91.97000122070312,92.18000030517578,4001100
2019-03-04,83.92851257324219,93.4800033569336,95.11000061035156,92.58999633789062,94.75,2251000
2019-03-05,83.76689147949219,93.3000030517578,93.7699966430664,91.93000030517578,93.38999938964844,2272900
2019-03-06,82.49200439453125,91.87999725341795,93.48999786376952,91.86000061035156,92.98999786376952,2962700
2019-03-07,84.46720886230469,94.08000183105467,94.31999969482422,91.87999725341795,93.0,6070100
2019-03-08,83.6591567993164,93.18000030517578,93.43000030517578,91.44000244140624,92.27999877929688,3961600
2019-03-11,84.64677429199219,94.27999877929688,94.98999786376952,93.4000015258789,93.5999984741211,3117300
2019-03-12,84.38642120361328,93.98999786376952,94.79000091552734,93.54000091552734,94.79000091552734,2006800
2019-03-13,83.85669708251953,93.4000015258789,94.79000091552734,93.31999969482422,94.4499969482422,1525500
2019-03-14,83.36287689208984,92.8499984741211,94.0199966430664,92.5999984741211,93.12999725341795,2099900
2019-03-15,84.0650863647461,93.37999725341795,95.8499984741211,92.86000061035156,93.41000366210938,4103000
2019-03-18,83.06580352783203,92.2699966430664,93.73999786376952,91.3499984741211,93.4499969482422,1867100
2019-03-19,83.56095123291016,92.81999969482422,93.6500015258789,92.61000061035156,92.80999755859376,1938400
2019-03-20,81.94950103759766,91.02999877929688,93.08000183105467,90.55999755859376,92.6500015258789,1699000
2019-03-21,84.88431549072266,94.29000091552734,94.9000015258789,91.04000091552734,91.45999908447266,2413800
2019-03-22,81.61640930175781,90.66000366210938,93.7699966430664,90.55999755859376,93.7699966430664,1987700
2019-03-25,80.05896759033203,88.93000030517578,90.37000274658205,88.2300033569336,90.02999877929688,2364000
2019-03-26,80.38306427001953,89.29000091552734,89.8499984741211,88.55999755859375,89.44000244140625,1821000
2019-03-27,78.63658142089844,87.3499984741211,89.69999694824219,85.72000122070312,89.08000183105469,3900900
2019-03-28,77.34921264648438,85.91999816894531,87.80000305175781,85.37999725341797,87.4000015258789,3056100
2019-03-29,79.57282257080078,88.38999938964844,89.0,87.01000213623047,87.06999969482422,3212800
2019-04-01,84.97431182861328,94.38999938964844,94.56999969482422,90.0,90.0,4016400
2019-04-02,83.53392791748047,92.79000091552734,94.5,92.5999984741211,94.33999633789062,2713000
2019-04-03,86.58575439453125,96.18000030517578,96.79000091552734,94.25,94.69000244140624,4286500
2019-04-04,86.9368667602539,96.56999969482422,97.9000015258789,95.69000244140624,95.69000244140624,2867200
2019-04-05,88.3592529296875,98.1500015258789,98.27999877929688,96.58000183105467,97.7300033569336,2818800
2019-04-08,88.77336120605469,98.61000061035156,98.77999877929688,96.9000015258789,97.75,2297300
2019-04-09,87.85511779785156,97.58999633789062,98.69000244140624,97.37000274658205,98.5,2685000
2019-04-10,88.34125518798828,98.12999725341795,98.72000122070312,96.3000030517578,97.4499969482422,2297200
2019-04-11,87.90913391113281,97.6500015258789,99.20999908447266,97.3000030517578,98.1999969482422,2076700
2019-04-12,90.33080291748048,100.33999633789062,100.41999816894533,98.51000213623048,99.18000030517578,3327300
2019-04-15,89.33154296875,99.2300033569336,100.69000244140624,98.9800033569336,100.4000015258789,2563900
2019-04-16,90.61888885498048,100.66000366210938,101.2699966430664,100.1500015258789,100.58999633789062,2682500
2019-04-17,91.0780029296875,101.16999816894533,103.0500030517578,100.41999816894533,102.0999984741211,3210100
2019-04-18,90.55584716796876,100.58999633789062,102.19000244140624,99.72000122070312,102.18000030517578,2832000
2019-04-22,88.64734649658203,98.47000122070312,100.2300033569336,98.43000030517578,100.2300033569336,2083300
2019-04-23,89.15147399902344,99.02999877929688,99.54000091552734,98.27999877929688,98.51000213623048,4126100
2019-04-24,90.14173126220705,100.12999725341795,101.33000183105467,98.5,98.8499984741211,3802900
2019-04-25,87.93614196777344,97.68000030517578,99.72000122070312,96.4000015258789,99.41999816894533,2899300
2019-04-26,89.12446594238281,99.0,99.0999984741211,95.6999969482422,96.5999984741211,2755900
2019-04-29,88.13418579101562,97.9000015258789,99.4000015258789,97.29000091552734,98.4499969482422,4440000
2019-04-30,95.08411407470705,105.62000274658205,107.6999969482422,102.86000061035156,105.22000122070312,10559400
2019-05-01,94.51693725585938,104.98999786376952,108.33000183105467,104.91999816894533,106.5999984741211,4463500
2019-05-02,95.96633911132812,106.5999984741211,107.47000122070312,104.33999633789062,104.93000030517578,3989100
2019-05-03,97.29871368408205,108.08000183105467,108.51000213623048,106.87999725341795,107.08000183105467,3445600
2019-05-06,95.44420623779295,106.0199966430664,106.16000366210938,103.72000122070312,104.72000122070312,2967600
2019-05-07,92.23934173583984,102.45999908447266,104.73999786376952,100.68000030517578,104.48999786376952,4390800
2019-05-08,91.37508392333984,101.5,103.6500015258789,99.62000274658205,101.19000244140624,4099500
2019-05-09,90.32180786132812,100.33000183105467,100.77999877929688,96.88999938964844,100.12000274658205,4142800
2019-05-10,90.1777572631836,100.16999816894533,100.9800033569336,97.55999755859376,99.87999725341795,2745900
2019-05-13,83.83100128173828,93.12000274658205,97.36000061035156,92.80999755859376,96.43000030517578,5061300
2019-05-14,88.37725830078125,98.16999816894533,98.3499984741211,94.5999984741211,94.87999725341795,4875900
2019-05-15,90.1777572631836,100.16999816894533,101.11000061035156,97.01000213623048,97.48999786376952,4148000
2019-05-16,87.90913391113281,97.6500015258789,99.62999725341795,97.18000030517578,98.37999725341795,3410800
2019-05-17,85.6405029296875,95.12999725341795,98.79000091552734,94.97000122070312,96.4800033569336,3348300
2019-05-20,83.36287689208984,92.5999984741211,93.0,91.05999755859376,92.8000030517578,4759000
2019-05-21,87.035888671875,96.68000030517578,96.91000366210938,93.61000061035156,94.31999969482422,5394400
2019-05-22,84.29915618896484,93.63999938964844,96.63999938964844,93.56999969482422,95.4800033569336,3760400
2019-05-23,82.74169921875,91.91000366210938,92.48999786376952,89.80000305175781,91.68000030517578,5022900
2019-05-24,82.65169525146484,91.80999755859376,93.45999908447266,91.75,92.6999969482422,3230800
2019-05-28,80.67115020751953,89.61000061035156,92.56999969482422,89.08000183105469,92.56999969482422,11811900
2019-05-29,80.23004150390625,89.12000274658203,89.80000305175781,87.26000213623047,88.48999786376953,4207300
2019-05-30,81.81446075439453,90.87999725341795,91.0999984741211,89.12999725341797,89.20999908447266,2737500
2019-05-31,79.36578369140625,88.16000366210938,91.37000274658205,88.08999633789062,89.26000213623047,4020400
2019-06-03,80.68913269042969,89.62999725341797,91.16999816894533,89.0,91.16999816894533,3424000
2019-06-04,85.19037628173828,94.62999725341795,94.80999755859376,91.29000091552734,91.76000213623048,4331000
2019-06-05,84.12808227539062,93.4499969482422,95.45999908447266,91.66999816894533,95.12999725341795,2224500
2019-06-06,83.08380126953125,92.29000091552734,93.9499969482422,91.77999877929688,93.26000213623048,3751800
2019-06-07,83.39888763427734,92.63999938964844,92.93000030517578,91.9000015258789,92.80999755859376,1877700
2019-06-10,85.87456512451172,95.38999938964844,97.37000274658205,93.61000061035156,93.91999816894533,3008600
2019-06-11,85.9375991821289,95.45999908447266,98.29000091552734,95.12000274658205,97.9000015258789,2311500
2019-06-12,84.40718078613281,93.76000213623048,97.5,93.68000030517578,97.5,3891500
2019-06-13,85.24662017822266,94.44000244140624,94.58999633789062,93.0999984741211,94.31999969482422,2047700
2019-06-14,82.04220581054688,90.88999938964844,92.98999786376952,90.87999725341795,91.88999938964844,3758500
2019-06-17,80.9680404663086,89.69999694824219,91.5999984741211,89.52999877929688,91.0,2695600
2019-06-18,85.55353546142578,94.77999877929688,94.9800033569336,90.66000366210938,91.26000213623048,3697300
2019-06-19,86.85335540771484,96.22000122070312,97.1999969482422,94.76000213623048,95.1500015258789,2695200
2019-06-20,88.46912384033203,98.01000213623048,98.97000122070312,96.94000244140624,98.5,3523500
2019-06-21,88.51422882080078,98.05999755859376,98.76000213623048,96.41999816894533,98.12999725341795,3567300
2019-06-24,88.14415740966797,97.6500015258789,99.58999633789062,97.55999755859376,98.58000183105467,3141700
2019-06-25,85.85142517089844,95.11000061035156,98.5,94.88999938964844,97.8000030517578,2882100
2019-06-26,87.68377685546875,97.13999938964844,98.5,96.08000183105467,97.12999725341795,2976300
2019-06-27,89.57036590576172,99.2300033569336,100.58999633789062,97.95999908447266,98.29000091552734,4482900
2019-06-28,88.10807037353516,97.61000061035156,101.37000274658205,97.47000122070312,101.37000274658205,23376300
2019-07-01,90.19319915771484,99.91999816894533,103.33000183105467,99.51000213623048,101.91000366210938,6131500
2019-07-02,88.53229522705078,98.08000183105467,99.88999938964844,97.68000030517578,99.41000366210938,2834700
2019-07-03,88.17123413085938,97.68000030517578,97.9800033569336,96.83000183105467,97.16999816894533,1597500
2019-07-05,87.13319396972656,96.52999877929688,97.2699966430664,95.9000015258789,96.38999938964844,2688100
2019-07-08,86.24858856201172,95.5500030517578,96.79000091552734,95.19000244140624,95.69000244140624,2905000
2019-07-09,86.58255767822266,95.91999816894533,96.26000213623048,94.76000213623048,95.0500030517578,3327600
2019-07-10,86.77210998535156,96.12999725341795,97.94000244140624,95.98999786376952,96.83999633789062,2803500
2019-07-11,84.95777893066406,94.12000274658205,96.5,93.9499969482422,96.3000030517578,2893500
2019-07-12,87.54837799072266,96.98999786376952,97.0500030517578,94.11000061035156,94.66000366210938,2620900
2019-07-15,89.5071792602539,99.16000366210938,99.36000061035156,97.12000274658205,97.2300033569336,3266300
2019-07-16,87.56647491455078,97.01000213623048,97.76000213623048,96.08999633789062,97.75,2925100
2019-07-17,87.01583862304688,96.4000015258789,97.5500030517578,96.11000061035156,97.0,1982200
2019-07-18,87.6657485961914,97.12000274658205,97.5199966430664,96.0500030517578,96.48999786376952,2974600
2019-07-19,88.4239730834961,97.95999908447266,98.62999725341795,96.4800033569336,97.54000091552734,3547600
2019-07-22,89.12804412841797,98.73999786376952,99.63999938964844,98.45999908447266,98.70999908447266,2173900
2019-07-23,91.11388397216795,100.94000244140624,100.94000244140624,99.16000366210938,99.88999938964844,3086000
2019-07-24,95.22998809814452,105.5,106.25,102.70999908447266,102.75,6759400
2019-07-25,91.86307525634766,101.7699966430664,104.9000015258789,101.5199966430664,104.52999877929688,4053500
2019-07-26,92.39564514160156,102.36000061035156,102.9800033569336,101.25,102.5,2940800
2019-07-29,94.0836181640625,104.2300033569336,104.8000030517578,102.18000030517578,103.66000366210938,4042800
2019-07-30,95.4917449951172,105.79000091552734,106.26000213623048,101.12000274658205,103.5,5185800
2019-07-31,93.3253936767578,103.38999938964844,104.5,101.6500015258789,104.12999725341795,5025700
2019-08-01,90.26539611816406,100.0,106.31999969482422,99.44000244140624,103.33999633789062,6705000
2019-08-02,90.68062591552734,100.45999908447266,100.81999969482422,97.88999938964844,99.55999755859376,3231300
2019-08-05,87.46717071533203,96.9000015258789,98.33000183105467,96.0,97.6999969482422,4565300
2019-08-06,90.50909423828124,100.2699966430664,100.37999725341795,97.86000061035156,98.12000274658205,3871400
2019-08-07,92.4046859741211,102.37000274658205,102.83999633789062,98.41000366210938,98.75,3998500
2019-08-08,91.60131072998048,101.4800033569336,102.61000061035156,100.5,102.61000061035156,2916500
2019-08-09,90.15707397460938,99.87999725341795,100.68000030517578,99.05999755859376,100.44000244140624,2389200
2019-08-12,88.68576049804688,98.25,100.06999969482422,97.94000244140624,99.41000366210938,2106100
2019-08-13,92.22415161132812,102.16999816894533,102.86000061035156,97.33000183105467,98.0999984741211,3488200
2019-08-14,90.25636291503906,99.98999786376952,101.3000030517578,99.16999816894533,99.26000213623048,3573400
2019-08-15,90.05778503417969,99.7699966430664,100.98999786376952,99.0,100.2699966430664,2311000
2019-08-16,93.47882843017578,103.55999755859376,103.86000061035156,100.2300033569336,100.98999786376952,3176700
2019-08-19,93.38858032226562,103.45999908447266,106.5500030517578,103.33000183105467,105.4000015258789,2987600
2019-08-20,92.85602569580078,102.87000274658205,103.8499984741211,102.54000091552734,103.8499984741211,1799400
2019-08-21,93.2983169555664,103.36000061035156,104.66999816894533,102.61000061035156,103.05999755859376,1398200
2019-08-22,93.23511505126952,103.29000091552734,104.19000244140624,102.31999969482422,103.55999755859376,1265400
2019-08-23,88.45106506347656,97.98999786376952,102.12999725341795,97.16000366210938,101.66000366210938,5239600
2019-08-26,89.10096740722656,98.70999908447266,99.94000244140624,98.16999816894533,99.63999938964844,2519100
2019-08-27,89.11000061035156,98.72000122070312,101.08000183105467,98.31999969482422,99.95999908447266,2475800
2019-08-28,90.51811981201172,100.27999877929688,100.5,97.7300033569336,98.33999633789062,1689600
2019-08-29,91.67351531982422,101.55999755859376,102.97000122070312,101.25,101.9800033569336,1725600
2019-08-30,92.19707489013672,102.13999938964844,103.20999908447266,101.5500030517578,102.2300033569336,1639500
2019-09-03,89.51618957519531,99.16999816894533,101.31999969482422,99.0,100.58999633789062,1902700
2019-09-04,91.93529510498048,101.8499984741211,102.0999984741211,100.18000030517578,100.27999877929688,1936800
2019-09-05,95.68132019042967,106.0,106.79000091552734,102.6500015258789,102.66000366210938,3276900
2019-09-06,95.50978088378906,105.80999755859376,105.98999786376952,104.54000091552734,105.63999938964844,1422500
2019-09-09,96.93598175048828,107.38999938964844,108.48999786376952,104.8000030517578,106.5,2929300
2019-09-10,97.36026000976562,107.86000061035156,108.95999908447266,105.91000366210938,106.55999755859376,3374200
2019-09-11,99.29192352294922,110.0,110.52999877929688,107.5999984741211,107.62999725341795,3418500
2019-09-12,99.3189926147461,110.02999877929688,112.05999755859376,109.7699966430664,110.4000015258789,3031000
2019-09-13,100.29266357421876,110.7300033569336,111.41999816894533,108.83000183105467,109.62000274658205,1751100
2019-09-16,97.43052673339844,107.56999969482422,109.93000030517578,107.37999725341795,109.23999786376952,1980600
2019-09-17,97.60263061523438,107.76000213623048,107.9800033569336,106.30999755859376,106.7300033569336,1482500
2019-09-18,97.65696716308594,107.81999969482422,108.93000030517578,106.4000015258789,107.25,1252100
2019-09-19,98.14608764648438,108.36000061035156,109.08000183105467,107.91999816894533,108.13999938964844,1368000
2019-09-20,94.92162322998048,104.8000030517578,108.94000244140624,104.48999786376952,108.45999908447266,3249700
2019-09-23,96.05380249023438,106.0500030517578,107.01000213623048,104.30999755859376,104.8000030517578,1637500
2019-09-24,94.10646057128906,103.9000015258789,107.1999969482422,103.66000366210938,106.30999755859376,1997100
2019-09-25,98.01927185058594,108.22000122070312,108.37999725341795,102.83000183105467,104.13999938964844,3003800
2019-09-26,98.19136810302734,108.41000366210938,109.81999969482422,107.83999633789062,108.37000274658205,3239700
2019-09-27,96.48856353759766,106.52999877929688,108.7300033569336,105.41999816894533,108.16999816894533,2809000
2019-09-30,98.83443450927734,109.12000274658205,109.37999725341795,106.61000061035156,107.58999633789062,2538100
2019-10-01,98.69856262207033,108.97000122070312,113.5,108.2699966430664,111.63999938964844,4619400
2019-10-02,96.6425323486328,106.6999969482422,109.2300033569336,106.38999938964844,108.4000015258789,2947800
2019-10-03,97.20408630371094,107.31999969482422,107.41000366210938,104.63999938964844,107.08000183105467,2947200
2019-10-04,99.52281188964844,109.87999725341795,109.9800033569336,107.16000366210938,107.55999755859376,1729200
2019-10-07,97.81095123291016,107.98999786376952,110.33999633789062,107.80999755859376,109.37999725341795,1560000
2019-10-08,93.97061157226562,103.75,107.41999816894533,103.62999725341795,106.66999816894533,3628800
2019-10-09,95.97229766845705,105.95999908447266,106.62000274658205,104.75,106.20999908447266,2062800
2019-10-10,97.14070892333984,107.25,108.29000091552734,105.8499984741211,106.37000274658205,2442500
2019-10-11,100.31985473632812,110.76000213623048,112.23999786376952,108.80999755859376,108.80999755859376,4065100
2019-10-14,100.7546157836914,111.23999786376952,111.5500030517578,109.44000244140624,109.86000061035156,1894000
2019-10-15,101.41578674316406,111.97000122070312,112.47000122070312,110.5999984741211,111.16999816894533,1870400
2019-10-16,98.3725128173828,108.61000061035156,112.41999816894533,108.5199966430664,111.37000274658205,2974200
2019-10-17,99.45938873291016,109.80999755859376,110.51000213623048,108.55999755859376,110.01000213623048,2131400
2019-10-18,98.73479461669922,109.01000213623048,110.41999816894533,108.4800033569336,109.6999969482422,1927200
2019-10-21,99.61339569091795,109.9800033569336,110.33999633789062,108.66999816894533,109.7699966430664,1750800
2019-10-22,97.62075805664062,107.77999877929688,110.4499969482422,107.66999816894533,110.19000244140624,2152800
2019-10-23,93.48151397705078,103.20999908447266,105.48999786376952,101.88999938964844,105.05999755859376,5798500
2019-10-24,96.07193756103516,106.06999969482422,106.29000091552734,103.69000244140624,104.25,3152200
2019-10-25,95.88172149658205,105.86000061035156,106.30999755859376,103.97000122070312,105.68000030517578,3594800
2019-10-28,98.40872955322266,108.6500015258789,110.25,106.25,106.25,5513600
2019-10-29,103.62580108642578,114.41000366210938,118.5,113.9499969482422,114.5,9320200
2019-10-30,103.98811340332033,114.80999755859376,116.0999984741211,113.9000015258789,114.5500030517578,4095400
2019-10-31,102.964599609375,113.68000030517578,114.7300033569336,113.0999984741211,113.91000366210938,3482500
2019-11-01,106.87740325927734,118.0,118.5500030517578,114.83000183105467,115.47000122070312,4965600
2019-11-04,106.76872253417967,117.87999725341795,119.88999938964844,116.45999908447266,118.52999877929688,3739800
2019-11-05,107.47520446777344,118.66000366210938,120.02999877929688,117.51000213623048,118.62999725341795,5598800
2019-11-06,105.49162292480467,116.47000122070312,118.5,115.52999877929688,118.16999816894533,3394500
2019-11-07,106.33397674560548,117.4000015258789,119.01000213623048,116.66000366210938,118.19000244140624,3119100
2019-11-08,106.53325653076172,117.62000274658205,117.70999908447266,115.5500030517578,116.22000122070312,2067100
2019-11-11,107.11292266845705,118.26000213623048,118.47000122070312,116.2699966430664,116.88999938964844,2902600
2019-11-12,107.7288055419922,118.94000244140624,120.83999633789062,118.44000244140624,118.9499969482422,4317300
2019-11-13,107.57483673095705,118.7699966430664,120.25,117.2300033569336,117.72000122070312,2278000
2019-11-14,106.86833953857422,117.98999786376952,119.0,116.4499969482422,118.2699966430664,2497200
2019-11-15,106.40642547607422,117.4800033569336,119.48999786376952,116.81999969482422,119.08000183105467,2067200
2019-11-18,104.99346160888672,115.91999816894533,117.52999877929688,115.66000366210938,116.54000091552734,2169800
2019-11-19,103.26351165771484,114.01000213623048,117.47000122070312,113.83000183105467,116.93000030517578,3840000
2019-11-20,103.92469787597656,114.73999786376952,116.12000274658205,113.06999969482422,114.5,3714700
2019-11-21,103.48995208740234,114.26000213623048,114.98999786376952,112.43000030517578,114.30999755859376,3008600
2019-11-22,104.35944366455078,115.22000122070312,115.95999908447266,114.0,114.38999938964844,2336300
2019-11-25,106.0441436767578,117.08000183105467,119.2300033569336,115.98999786376952,116.45999908447266,3176800
2019-11-26,105.63655090332033,116.62999725341795,117.4800033569336,115.0,116.87000274658205,3628200
2019-11-27,106.3430404663086,117.41000366210938,117.91000366210938,116.1999969482422,116.87999725341795,1220500
2019-11-29,104.68550872802734,115.58000183105467,116.94000244140624,115.0199966430664,116.47000122070312,1102700
2019-12-02,103.94280242919922,114.76000213623048,116.01000213623048,113.5,115.75,2320700
2019-12-03,103.80693817138672,114.61000061035156,114.8499984741211,111.56999969482422,113.0,2436100
2019-12-04,105.3195343017578,116.27999877929688,117.69000244140624,115.58000183105467,115.94000244140624,2832400
2019-12-05,106.07128143310548,117.11000061035156,118.13999938964844,115.61000061035156,116.30999755859376,1492400
2019-12-06,107.48424530029295,118.66999816894533,119.9800033569336,118.33000183105467,118.8000030517578,2253200
2019-12-09,106.74153900146484,117.8499984741211,119.12999725341795,117.31999969482422,118.25,1150900
2019-12-10,107.87372589111328,119.0999984741211,120.5999984741211,118.22000122070312,118.26000213623048,2526300
2019-12-11,109.9569320678711,121.4000015258789,122.27999877929688,118.8000030517578,118.94000244140624,3290000
2019-12-12,112.29373931884766,123.9800033569336,126.05999755859376,120.5,121.1999969482422,4633700
2019-12-13,112.54358673095705,123.87999725341795,125.23999786376952,122.12000274658205,123.31999969482422,2894800
2019-12-16,112.9251480102539,124.3000030517578,125.22000122070312,123.9800033569336,125.0,2722800
2019-12-17,114.40599060058594,125.93000030517578,126.97000122070312,123.02999877929688,124.36000061035156,3725500
2019-12-18,114.27880859375,125.79000091552734,126.4499969482422,124.7699966430664,125.5500030517578,2528300
2019-12-19,114.42413330078124,125.9499969482422,126.1500015258789,124.41999816894533,125.66000366210938,2032800
2019-12-20,116.0049285888672,127.69000244140624,127.83999633789062,125.95999908447266,126.08000183105467,3772700
2019-12-23,116.3138198852539,128.02999877929688,129.47000122070312,127.16999816894533,128.30999755859375,2897500
2019-12-24,117.37676239013672,129.1999969482422,129.36000061035156,127.51000213623048,128.42999267578125,958500
2019-12-26,116.9043197631836,128.67999267578125,129.5,127.52999877929688,129.5,972500
2019-12-27,116.45919036865234,128.19000244140625,129.25999450683594,127.8000030517578,129.0399932861328,1011500
2019-12-30,115.87773895263672,127.5500030517578,128.35000610351562,126.3499984741211,128.27000427246094,935300
2019-12-31,115.6142807006836,127.26000213623048,127.9000015258789,126.8000030517578,127.43000030517578,957800
2020-01-02,116.77713012695312,128.5399932861328,129.5,127.19000244140624,128.61000061035156,2247900
2020-01-03,115.65060424804688,127.3000030517578,128.27999877929688,126.12000274658205,126.2300033569336,1546100
2020-01-06,114.83296966552734,126.4000015258789,126.98999786376952,124.68000030517578,125.4000015258789,2157900
2020-01-07,116.32288360595705,128.0399932861328,129.77999877929688,127.0,127.5,2595500
2020-01-08,116.61361694335938,128.36000061035156,129.11000061035156,127.12999725341795,128.2100067138672,1589100
2020-01-09,117.35856628417967,129.17999267578125,130.9499969482422,128.69000244140625,129.8000030517578,2429600
2020-01-10,117.77648162841795,129.63999938964844,130.8300018310547,129.17999267578125,130.11000061035156,2294000
2020-01-13,119.90234375,131.97999572753906,132.50999450683594,130.14999389648438,131.0,2313900
2020-01-14,120.56553649902344,132.7100067138672,133.67999267578125,131.2899932861328,131.39999389648438,2499200
2020-01-15,120.374755859375,132.5,132.91000366210938,131.55999755859375,132.4499969482422,2206200
2020-01-16,121.90099334716795,134.17999267578125,134.9600067138672,132.8000030517578,133.97999572753906,2495100
2020-01-17,121.59210968017578,133.83999633789062,135.47999572753906,132.47000122070312,134.99000549316406,2268300
2020-01-21,121.701171875,133.9600067138672,134.4499969482422,132.69000244140625,133.39999389648438,2018200
2020-01-22,122.31891632080078,134.63999938964844,136.3000030517578,133.47999572753906,134.52000427246094,2422000
2020-01-23,123.92692565917967,136.41000366210938,137.22000122070312,134.85000610351562,134.88999938964844,2534100
2020-01-24,122.90036010742188,135.27999877929688,137.9199981689453,134.5500030517578,137.49000549316406,2887600
2020-01-27,118.5123519897461,130.4499969482422,131.72999572753906,128.05999755859375,131.55999755859375,3781200
2020-01-28,120.53824615478516,132.67999267578125,133.64999389648438,131.24000549316406,132.5,2207500
2020-01-29,120.5201187133789,132.66000366210938,134.77000427246094,131.74000549316406,133.0500030517578,2273000
2020-01-30,119.57527160644533,131.6199951171875,132.00999450683594,128.85000610351562,130.80999755859375,2039700
2020-01-31,115.25088500976562,126.86000061035156,130.97000122070312,126.0500030517578,130.02000427246094,4448500
2020-02-03,114.197021484375,125.6999969482422,129.02999877929688,125.01000213623048,127.69000244140624,4205200
2020-02-04,118.56686401367188,130.50999450683594,134.5,127.75,133.0,5560000
2020-02-05,121.94644927978516,134.22999572753906,136.83999633789062,132.42999267578125,133.39999389648438,4386700
2020-02-06,122.95484161376952,135.33999633789062,135.75,133.0500030517578,135.3699951171875,2082800
2020-02-07,120.15672302246094,132.25999450683594,134.86000061035156,132.0,134.49000549316406,2522400
2020-02-10,121.00161743164062,133.19000244140625,133.30999755859375,130.4600067138672,130.75,1769600
2020-02-11,123.11840057373048,135.52000427246094,137.16000366210938,133.7899932861328,134.1300048828125,2407000
2020-02-12,125.21697998046876,137.8300018310547,138.42999267578125,136.14999389648438,136.5800018310547,2592900
2020-02-13,125.99828338623048,138.69000244140625,139.25999450683594,135.97999572753906,136.8699951171875,1426200
2020-02-14,124.53564453125,137.0800018310547,139.58999633789062,134.69000244140625,138.8800048828125,1846700
2020-02-18,121.61936950683594,133.8699951171875,135.49000549316406,132.61000061035156,134.41000366210938,1919900
2020-02-19,122.60055541992188,134.9499969482422,137.32000732421875,134.30999755859375,134.91000366210938,2028200
2020-02-20,122.46426391601562,134.8000030517578,135.13999938964844,131.6199951171875,134.3300018310547,2295000
2020-02-21,118.55780029296876,130.5,137.1199951171875,129.5399932861328,134.58999633789062,3521900
2020-02-24,112.68894958496094,124.04000091552734,125.58000183105467,123.22000122070312,124.5500030517578,5135500
2020-02-25,109.76359558105467,120.81999969482422,125.9000015258789,119.0,125.58999633789062,4628400
2020-02-26,108.53713989257812,119.47000122070312,122.87000274658205,118.2300033569336,121.54000091552734,4415400
2020-02-27,104.14916229248048,114.63999938964844,117.83999633789062,113.9000015258789,115.33999633789062,4950600
2020-02-28,103.28607177734376,113.69000244140624,115.5999984741211,110.0,110.0199966430664,5492900
2020-03-02,109.09131622314452,120.08000183105467,120.33999633789062,114.43000030517578,117.58999633789062,4306000
2020-03-03,105.89344024658205,116.55999755859376,122.77999877929688,116.33999633789062,119.41000366210938,3969600
2020-03-04,110.17242431640624,121.2699966430664,121.33999633789062,117.51000213623048,118.22000122070312,2755600
2020-03-05,104.72147369384766,115.2699966430664,118.91999816894533,114.02999877929688,116.5500030517578,3161500
2020-03-06,101.46910858154295,111.69000244140624,114.06999969482422,109.12999725341795,110.73999786376952,3544400
2020-03-09,92.63859558105467,101.97000122070312,108.0,101.45999908447266,104.6999969482422,5696500
2020-03-10,97.07200622558594,106.8499984741211,107.4000015258789,101.62999725341795,104.43000030517578,4622400
2020-03-11,91.32128143310548,100.5199966430664,105.33000183105467,98.87000274658205,103.62999725341795,4957800
2020-03-12,83.55370330810547,91.97000122070312,97.2300033569336,86.0,86.4000015258789,7271900
2020-03-13,87.15237426757812,95.54000091552734,99.6999969482422,87.55000305175781,96.0,7099000
2020-03-16,73.26854705810547,80.31999969482422,86.81999969482422,78.26000213623047,84.54000091552734,7781200
2020-03-17,73.04963684082031,80.08000183105469,81.9800033569336,75.5999984741211,81.6500015258789,9133800
2020-03-18,58.89215850830078,64.55999755859375,76.77999877929688,58.40999984741211,73.3499984741211,10744500
2020-03-19,69.43728637695312,76.12000274658203,77.23999786376953,63.04999923706055,64.83000183105469,6107900
2020-03-20,67.12029266357422,73.58000183105469,83.98999786376953,72.69999694824219,78.83999633789062,5722100
2020-03-23,70.48632049560547,77.2699966430664,78.61000061035156,69.16000366210938,74.20999908447266,3664800
2020-03-24,78.20362854003906,85.7300033569336,88.30000305175781,81.30000305175781,83.02999877929688,3691000
2020-03-25,77.40998077392578,84.86000061035156,89.98999786376953,82.51000213623047,87.16000366210938,3173900
2020-03-26,81.84332275390625,89.72000122070312,89.86000061035156,83.76000213623047,86.45999908447266,4068300
2020-03-27,74.16253662109375,81.30000305175781,87.87000274658203,80.87000274658203,86.12999725341797,2923100
2020-03-30,77.47383880615234,84.93000030517578,85.1500015258789,79.11000061035156,81.6500015258789,2963000
2020-03-31,75.64944458007812,82.93000030517578,87.6500015258789,82.08999633789062,84.83000183105469,2696900
2020-04-01,68.16932678222656,74.7300033569336,79.98999786376953,73.80999755859375,79.4800033569336,3434000
2020-04-02,70.9515380859375,77.77999877929688,79.2699966430664,73.51000213623047,74.1500015258789,2455300
2020-04-03,69.09976959228516,75.75,79.11000061035156,72.86000061035156,77.26000213623047,2330700
2020-04-06,79.307373046875,86.94000244140625,87.19000244140625,79.9000015258789,80.06999969482422,3657900
2020-04-07,76.88090515136719,84.27999877929688,91.87000274658205,83.7300033569336,91.87000274658205,3938300
2020-04-08,83.5400161743164,91.58000183105467,93.81999969482422,85.44000244140625,86.0,4222100
2020-04-09,82.07137298583984,89.97000122070312,96.97000122070312,89.41000366210938,92.76000213623048,4008200
2020-04-13,81.28688049316406,89.11000061035156,89.48999786376953,87.27999877929688,88.58999633789062,1717800
2020-04-14,84.17855072021484,92.27999877929688,92.70999908447266,89.05000305175781,90.97000122070312,2561200
2020-04-15,79.48983764648438,87.13999938964844,90.48999786376952,86.05999755859375,90.36000061035156,3902200
2020-04-16,81.19564819335938,89.01000213623047,89.19999694824219,85.98999786376953,87.4000015258789,2985600
2020-04-17,82.2538070678711,90.16999816894533,93.3499984741211,88.70999908447266,91.8499984741211,3477200
2020-04-20,79.08843994140625,86.69999694824219,89.7300033569336,86.47000122070312,89.54000091552734,2798700
2020-04-21,73.94359588623047,81.05999755859375,85.47000122070312,80.45999908447266,84.0999984741211,5091700
2020-04-22,81.24125671386719,89.05999755859375,89.44999694824219,84.80000305175781,85.44999694824219,3599000
2020-04-23,80.3472900390625,88.08000183105469,91.16000366210938,87.56999969482422,88.55999755859375,2398700
2020-04-24,86.13980865478516,94.43000030517578,95.12999725341795,87.83999633789062,87.83999633789062,4025200
2020-04-27,88.60276794433594,97.12999725341795,97.66999816894533,94.93000030517578,95.1999969482422,4775900
2020-04-28,89.70653533935547,98.33999633789062,105.4800033569336,98.27999877929688,105.0199966430664,5908800
2020-04-29,97.3964614868164,106.7699966430664,107.83000183105467,101.0,101.0,6470700
2020-04-30,90.8285675048828,99.56999969482422,106.22000122070312,98.54000091552734,105.9000015258789,4967900
2020-05-01,87.11588287353516,95.5,99.0,95.01000213623048,97.4800033569336,2799800
2020-05-04,88.08281707763672,96.55999755859376,96.6999969482422,92.5999984741211,94.2300033569336,3739200
2020-05-05,90.49104309082033,99.1999969482422,100.7300033569336,98.2300033569336,98.66000366210938,2913300
2020-05-06,91.56743621826172,100.37999725341795,102.5199966430664,98.81999969482422,99.70999908447266,2703200
2020-05-07,93.64729309082033,102.66000366210938,103.12000274658205,100.12999725341795,102.1999969482422,2336900
2020-05-08,95.63590240478516,104.83999633789062,105.36000061035156,101.69000244140624,102.69000244140624,2694100
2020-05-11,93.55606842041016,102.55999755859376,103.8499984741211,102.0199966430664,103.7699966430664,1839500
2020-05-12,89.69744110107422,98.33000183105467,103.4800033569336,98.12999725341795,102.81999969482422,2000200
2020-05-13,84.86270141601562,93.02999877929688,96.8000030517578,91.6999969482422,95.0199966430664,5532500
2020-05-14,85.37357330322266,93.58999633789062,94.79000091552734,89.0999984741211,91.75,3380100
2020-05-15,82.50920104980469,90.4499969482422,92.37999725341795,89.33000183105469,89.91000366210938,4376400
2020-05-18,93.1091079711914,102.06999969482422,102.41000366210938,93.41999816894533,94.13999938964844,5700400
2020-05-19,90.34508514404295,99.04000091552734,102.0999984741211,98.37999725341795,100.83999633789062,3498700
2020-05-20,94.50475311279295,103.5999984741211,105.16000366210938,101.68000030517578,101.73999786376952,4409300
2020-05-21,90.20826721191406,98.88999938964844,103.58999633789062,97.62000274658205,102.8499984741211,3395100
2020-05-22,89.69744110107422,98.33000183105467,99.43000030517578,96.8499984741211,98.86000061035156,2694800
2020-05-26,93.05435943603516,102.01000213623048,105.26000213623048,101.61000061035156,103.16999816894533,4900700
2020-05-27,95.22540283203124,104.38999938964844,104.73999786376952,101.36000061035156,102.27999877929688,5118100
2020-05-28,90.54578399658205,99.26000213623048,103.80999755859376,99.12000274658205,103.77999877929688,3774300
2020-05-29,87.6632080078125,96.0999984741211,100.6999969482422,96.0999984741211,99.20999908447266,42770800
2020-06-01,90.48194122314452,99.19000244140624,100.37999725341795,96.58999633789062,97.6999969482422,6320700
2020-06-02,92.54351806640624,101.4499969482422,103.0999984741211,99.2699966430664,100.1999969482422,5259400
2020-06-03,99.02019500732422,108.5500030517578,110.18000030517578,105.77999877929688,106.0,7679600
2020-06-04,99.93240356445312,109.5500030517578,111.13999938964844,106.8000030517578,107.75,6754200
2020-06-05,103.8275146484375,113.81999969482422,118.8499984741211,113.3000030517578,115.93000030517578,7954100
2020-06-08,104.08294677734376,114.0999984741211,117.88999938964844,113.29000091552734,117.4800033569336,4465100
2020-06-09,101.72035217285156,111.51000213623048,113.86000061035156,110.16000366210938,111.5500030517578,3161300
2020-06-10,100.6074447631836,110.29000091552734,112.41000366210938,109.87999725341795,112.08999633789062,2926000
2020-06-11,93.4739761352539,102.47000122070312,107.47000122070312,102.36000061035156,105.55999755859376,2980400
2020-06-12,97.20486450195312,106.16999816894533,107.3000030517578,103.1999969482422,106.63999938964844,3346800
2020-06-15,100.21705627441406,109.45999908447266,110.4499969482422,103.1999969482422,104.88999938964844,4030600
2020-06-16,103.69618225097656,113.26000213623048,116.26000213623048,110.54000091552734,114.1500015258789,5838000
2020-06-17,106.89148712158205,116.75,117.73999786376952,114.4000015258789,114.62999725341795,4844200
2020-06-18,107.29432678222656,117.19000244140624,119.2699966430664,115.33999633789062,115.33999633789062,5303400
2020-06-19,107.36758422851562,117.2699966430664,121.68000030517578,117.0,118.9499969482422,22349900
2020-06-22,107.15699005126952,117.04000091552734,118.08999633789062,114.61000061035156,117.70999908447266,3762300
2020-06-23,109.7938003540039,119.91999816894533,120.33999633789062,117.80999755859376,118.5,2487200
2020-06-24,103.51304626464844,113.05999755859376,118.88999938964844,112.5999984741211,117.63999938964844,4056000
2020-06-25,103.79689025878906,113.37000274658205,113.95999908447266,110.9800033569336,113.20999908447266,3482100
2020-06-26,99.01766967773438,108.1500015258789,113.1500015258789,106.75,112.3499984741211,4922100
2020-06-29,102.15804290771484,111.58000183105467,112.5999984741211,107.0,109.61000061035156,2510300
2020-06-30,104.41033172607422,114.04000091552734,114.79000091552734,111.3499984741211,113.3499984741211,2681500
2020-07-01,102.46017456054688,111.91000366210938,114.5999984741211,111.68000030517578,114.0500030517578,1824300
2020-07-02,103.20178985595705,112.72000122070312,115.66999816894533,112.58000183105467,114.22000122070312,2030500
2020-07-06,106.69005584716795,116.52999877929688,116.86000061035156,115.0199966430664,115.68000030517578,2002000
2020-07-07,105.68295288085938,115.43000030517578,117.45999908447266,115.22000122070312,116.25,1327200
2020-07-08,106.5985107421875,116.43000030517578,116.7300033569336,114.52999877929688,116.16999816894533,1499100
2020-07-09,107.9443817138672,117.9000015258789,119.0,113.25,116.56999969482422,2320800
2020-07-10,107.21192932128906,117.0999984741211,119.5,116.06999969482422,118.48999786376952,1621600
2020-07-13,107.15699005126952,117.04000091552734,122.70999908447266,116.87000274658205,120.70999908447266,3100500
2020-07-14,110.27903747558594,120.4499969482422,120.8000030517578,115.48999786376952,116.4000015258789,2583200
2020-07-15,111.54251098632812,121.83000183105467,122.97000122070312,120.25,121.95999908447266,2037800
2020-07-16,110.90164184570312,121.12999725341795,121.6999969482422,118.52999877929688,119.2300033569336,1534700
2020-07-17,112.34819793701172,122.70999908447266,122.81999969482422,120.66000366210938,122.66999816894533,2173100
2020-07-20,113.12643432617188,123.55999755859376,124.01000213623048,120.41000366210938,121.88999938964844,1731200
2020-07-21,113.06234741210938,123.48999786376952,126.12000274658205,122.9499969482422,125.0,2380100
2020-07-22,111.11219787597656,121.36000061035156,124.19000244140624,120.88999938964844,122.97000122070312,2333500
2020-07-23,109.1163101196289,119.18000030517578,121.66999816894533,117.30999755859376,121.58000183105467,2605400
2020-07-24,105.97592163085938,115.75,118.04000091552734,114.37999725341795,116.86000061035156,3147700
2020-07-27,110.08677673339844,120.23999786376952,120.37999725341795,116.29000091552734,117.0500030517578,2978600
2020-07-28,105.5089874267578,115.23999786376952,119.0,115.0,116.56999969482422,6709100
2020-07-29,109.03389739990234,119.08999633789062,119.75,115.75,115.75,2861600
2020-07-30,107.3218002319336,117.22000122070312,117.87000274658205,115.66000366210938,116.88999938964844,3057700
2020-07-31,107.60562133789062,117.52999877929688,118.62999725341795,114.7699966430664,118.36000061035156,3344800
2020-08-03,109.08882904052734,119.1500015258789,119.75,117.88999938964844,118.41000366210938,1606200
2020-08-04,110.7002182006836,120.91000366210938,121.55999755859376,119.29000091552734,119.47000122070312,2327700
2020-08-05,109.73887634277344,119.86000061035156,120.0500030517578,117.25,118.18000030517578,2182900
2020-08-06,112.11016845703124,122.4499969482422,122.58000183105467,119.0500030517578,119.56999969482422,2337900
2020-08-07,110.51708984375,120.70999908447266,122.66999816894533,119.4000015258789,121.88999938964844,1842700
2020-08-10,111.1396713256836,121.38999938964844,121.83999633789062,119.69000244140624,120.5199966430664,1224400
2020-08-11,111.0847396850586,121.33000183105467,124.4800033569336,121.1500015258789,122.18000030517578,1764300
2020-08-12,114.36245727539062,124.91000366210938,125.41000366210938,121.86000061035156,122.13999938964844,1735500
2020-08-13,112.37567138671876,122.73999786376952,124.55999755859376,122.5199966430664,124.3000030517578,1096800
2020-08-14,112.6503448486328,123.04000091552734,123.66000366210938,122.18000030517578,122.36000061035156,739300
2020-08-17,114.26172637939452,124.8000030517578,125.0199966430664,123.7300033569336,124.44000244140624,1171800
2020-08-18,113.87718963623048,124.37999725341795,126.1999969482422,122.88999938964844,125.94000244140624,2000800
2020-08-19,113.30040740966795,123.75,125.55999755859376,123.12000274658205,125.0999984741211,1561000
2020-08-20,111.19461059570312,121.4499969482422,122.76000213623048,120.61000061035156,122.06999969482422,1112900
2020-08-21,111.24039459228516,121.5,121.5,119.8000030517578,120.93000030517578,1376000
2020-08-24,113.32786560058594,123.77999877929688,123.8499984741211,122.16000366210938,122.6999969482422,1042400
2020-08-25,116.55977630615234,127.30999755859376,127.8000030517578,124.91999816894533,125.91999816894533,2054900
2020-08-26,116.76119995117188,127.52999877929688,128.4199981689453,126.11000061035156,127.1999969482422,1422900
2020-08-27,115.40617370605467,126.0500030517578,128.35000610351562,125.44000244140624,128.13999938964844,1376400
2020-08-28,116.48654174804688,127.2300033569336,127.4499969482422,125.26000213623048,125.93000030517578,1736600
2020-08-31,115.14066314697266,125.76000213623048,127.70999908447266,124.8499984741211,126.95999908447266,2257300
2020-09-01,117.37462615966795,128.1999969482422,129.02000427246094,125.9499969482422,126.0,2090500
2020-09-02,120.94529724121094,132.10000610351562,132.9499969482422,128.6999969482422,129.67999267578125,1541400
2020-09-03,115.45197296142578,126.0999984741211,130.99000549316406,125.0500030517578,130.99000549316406,2010100
2020-09-04,115.66254425048828,126.33000183105467,127.08000183105467,122.31999969482422,126.37000274658205,1607600
2020-09-08,109.61071014404295,119.72000122070312,122.6500015258789,119.20999908447266,121.0199966430664,2541600
2020-09-09,113.7490234375,124.23999786376952,125.62999725341795,121.4000015258789,122.16999816894533,2269000
2020-09-10,112.7052993774414,123.0999984741211,127.7699966430664,122.5500030517578,125.1999969482422,1487800
2020-09-11,114.21593475341795,124.75,126.6500015258789,123.16000366210938,124.47000122070312,1397200
2020-09-14,115.4327163696289,125.6999969482422,127.62000274658205,124.4800033569336,126.16999816894533,1538600
2020-09-15,117.00306701660156,127.41000366210938,128.8000030517578,126.81999969482422,127.38999938964844,1601100
2020-09-16,118.086669921875,128.58999633789062,131.30999755859375,128.36000061035156,129.0,2053200
2020-09-17,117.3244857788086,127.76000213623048,128.13999938964844,122.86000061035156,123.62000274658205,2066300
2020-09-18,115.7908706665039,126.08999633789062,128.99000549316406,123.38999938964844,128.67999267578125,4200600
2020-09-21,111.4380340576172,121.3499984741211,123.51000213623048,119.27999877929688,122.9499969482422,2024500
2020-09-22,112.61349487304688,122.62999725341795,123.4800033569336,120.69000244140624,122.79000091552734,1606800
2020-09-23,110.14320373535156,119.94000244140624,124.0,119.43000030517578,123.16999816894533,1595700
2020-09-24,109.42693328857422,119.16000366210938,121.22000122070312,118.1500015258789,118.63999938964844,1810500
2020-09-25,110.04219818115234,119.83000183105467,120.16999816894533,117.25,118.55999755859376,2039600
2020-09-28,113.87158203125,124.0,124.16999816894533,121.91000366210938,122.45999908447266,2143400
2020-09-29,113.21956634521484,123.29000091552734,126.13999938964844,123.16000366210938,126.0999984741211,1626400
2020-09-30,114.61541748046876,124.80999755859376,126.7699966430664,123.22000122070312,123.87000274658205,2005200
2020-10-01,120.29063415527344,130.99000549316406,132.17999267578125,128.0,129.6300048828125,3429300
2020-10-02,116.98469543457033,127.38999938964844,130.47999572753906,126.63999938964844,127.16999816894533,2130600
2020-10-05,121.2181396484375,132.0,132.07000732421875,129.0,129.47999572753906,2269200
2020-10-06,120.20800018310548,130.89999389648438,135.00999450683594,130.38999938964844,131.6999969482422,2187500
2020-10-07,122.6874542236328,133.60000610351562,134.91000366210938,133.00999450683594,133.3300018310547,1838900
2020-10-08,123.8169937133789,134.8300018310547,135.9199981689453,134.1300048828125,135.07000732421875,2208200
2020-10-09,129.96971130371094,141.52999877929688,145.14999389648438,138.8000030517578,142.47999572753906,5037400
2020-10-12,130.47479248046875,142.0800018310547,143.25,140.41000366210938,143.0,2861300
2020-10-13,125.66277313232422,136.83999633789062,141.99000549316406,136.5800018310547,141.0,2605400
2020-10-14,125.91073608398438,137.11000061035156,138.10000610351562,135.83999633789062,136.8000030517578,2317200
2020-10-15,125.6903305053711,136.8699951171875,137.58999633789062,133.69000244140625,134.58999633789062,1555900
2020-10-16,126.02093505859376,137.22999572753906,139.6699981689453,136.9600067138672,139.3300018310547,1300600
2020-10-19,125.19450378417967,136.3300018310547,138.85000610351562,135.52999877929688,137.6300048828125,1606800
2020-10-20,124.16594696044922,135.2100067138672,137.8000030517578,134.88999938964844,137.6699981689453,1353900
2020-10-21,124.76285552978516,135.86000061035156,138.1199951171875,135.27000427246094,137.92999267578125,1681900
2020-10-22,123.87205505371094,134.88999938964844,136.42999267578125,133.32000732421875,136.05999755859375,1512800
2020-10-23,125.9750518798828,137.17999267578125,137.75,134.36000061035156,135.50999450683594,1439700
2020-10-26,123.87205505371094,134.88999938964844,136.10000610351562,132.7100067138672,135.19000244140625,2856100
2020-10-27,122.34766387939452,133.22999572753906,136.57000732421875,131.64999389648438,136.3800048828125,2530500
2020-10-28,119.17027282714844,129.77000427246094,130.91000366210938,126.8000030517578,130.07000732421875,3015700
2020-10-29,125.04751586914062,136.1699981689453,137.50999450683594,128.7899932861328,128.7899932861328,2721700
2020-10-30,124.083251953125,135.1199951171875,135.7899932861328,132.97999572753906,133.52000427246094,2286300
2020-11-02,126.09442138671876,137.30999755859375,138.33999633789062,136.00999450683594,137.08999633789062,1903100
2020-11-03,127.5361557006836,138.8800048828125,141.49000549316406,137.0,137.64999389648438,1747400
2020-11-04,127.99530029296876,139.3800048828125,141.49000549316406,136.6999969482422,141.0500030517578,2354400
2020-11-05,132.58694458007812,144.3800048828125,145.24000549316406,141.0800018310547,142.0,2242200
2020-11-06,134.73580932617188,146.72000122070312,147.47000122070312,143.6199951171875,144.27999877929688,2748200
2020-11-09,133.02777099609375,144.86000061035156,152.47999572753906,144.5500030517578,149.74000549316406,3523700
2020-11-10,128.7851104736328,140.24000549316406,144.49000549316406,139.94000244140625,142.77999877929688,2172300
2020-11-11,133.2205810546875,145.07000732421875,145.94000244140625,142.6999969482422,143.30999755859375,1659800
2020-11-12,132.51345825195312,144.3000030517578,146.58999633789062,143.6300048828125,146.0,1431800
2020-11-13,134.5245819091797,146.49000549316406,147.5800018310547,145.66000366210938,146.00999450683594,1085000
2020-11-16,137.7387237548828,149.99000549316406,151.22000122070312,148.3000030517578,149.38999938964844,1888300
2020-11-17,137.1876983642578,149.38999938964844,151.5500030517578,147.9199981689453,150.75,1798100
2020-11-18,136.0489959716797,148.14999389648438,150.61000061035156,147.82000732421875,149.49000549316406,1218400
2020-11-19,138.9876251220703,151.35000610351562,151.8300018310547,147.07000732421875,148.0,1765400
2020-11-20,138.27133178710938,150.57000732421875,153.02999877929688,150.5500030517578,151.92999267578125,1533200
2020-11-23,143.1751708984375,155.91000366210938,156.35000610351562,151.27999877929688,152.52000427246094,2137000
2020-11-24,145.5260467529297,158.47000122070312,158.6199951171875,154.74000549316406,158.3699951171875,2314000
2020-11-25,144.7913818359375,157.6699981689453,159.27999877929688,156.66000366210938,159.0,1700300
2020-11-27,145.9576873779297,158.94000244140625,161.83999633789062,158.1699981689453,158.4499969482422,1038600
2020-11-30,145.4801025390625,158.4199981689453,160.9199981689453,156.85000610351562,159.0,2268000
2020-12-01,146.0862274169922,159.0800018310547,161.77000427246094,158.64999389648438,160.39999389648438,1932900
2020-12-02,147.42697143554688,160.5399932861328,160.8300018310547,157.47000122070312,159.08999633789062,1145000
2020-12-03,145.81988525390625,158.7899932861328,162.14999389648438,158.75,161.11000061035156,1576800
2020-12-04,150.5951690673828,163.99000549316406,164.1699981689453,159.08999633789062,159.6199951171875,2248700
2020-12-07,151.60531616210938,165.08999633789062,167.27000427246094,164.3000030517578,165.61000061035156,2213400
2020-12-08,152.78074645996094,166.3699951171875,167.11000061035156,163.80999755859375,164.9199981689453,1329300
2020-12-09,144.4700164794922,157.32000732421875,164.91000366210938,155.88999938964844,163.9600067138672,3678700
2020-12-10,145.34237670898438,158.27000427246094,160.36000061035156,156.5,156.5,3002400
2020-12-11,144.2679443359375,157.10000610351562,158.6999969482422,154.57000732421875,157.5,1442600
2020-12-14,145.8650665283203,158.4600067138672,159.74000549316406,155.52000427246094,159.6699981689453,2075000
2020-12-15,147.33787536621094,160.05999755859375,160.69000244140625,156.0500030517578,157.25999450683594,2499500
2020-12-16,144.7788543701172,157.27999877929688,161.1999969482422,156.61000061035156,161.13999938964844,2195200
2020-12-17,145.496826171875,158.05999755859375,158.8000030517578,156.36000061035156,158.47999572753906,1686400
2020-12-18,143.14947509765625,155.50999450683594,158.9199981689453,154.67999267578125,158.07000732421875,4232000
2020-12-21,144.5487060546875,157.02999877929688,157.25,152.92999267578125,153.17999267578125,1529500
2020-12-22,143.95037841796875,156.3800048828125,159.60000610351562,155.75999450683594,157.1300048828125,1489900
2020-12-23,144.39222717285156,156.86000061035156,158.6300048828125,156.80999755859375,157.94000244140625,1571300
2020-12-24,144.82485961914062,157.3300018310547,157.92999267578125,156.50999450683594,157.72000122070312,480500
2020-12-28,145.5980987548828,158.1699981689453,161.8000030517578,157.91000366210938,159.5,1063400
2020-12-29,143.51773071289062,155.91000366210938,159.52999877929688,154.75,158.8000030517578,1043400
2020-12-30,146.72108459472656,159.38999938964844,159.74000549316406,156.7100067138672,157.5,888900
2020-12-31,146.37132263183594,159.00999450683594,160.22999572753906,158.61000061035156,159.86000061035156,839100
2021-01-04,149.16049194335938,162.0399932861328,165.83999633789062,158.6199951171875,160.3300018310547,2931600
2021-01-05,152.50198364257812,165.6699981689453,165.97000122070312,161.1199951171875,161.52999877929688,1980600
2021-01-06,155.30955505371094,168.72000122070312,171.8000030517578,164.61000061035156,164.61000061035156,2686500
2021-01-07,161.0811767578125,174.99000549316406,176.5,171.92999267578125,172.08999633789062,2485500
2021-01-08,161.1179962158203,175.02999877929688,182.5500030517578,171.5,181.3800048828125,2827900
2021-01-11,159.44268798828125,173.2100067138672,176.4600067138672,171.92999267578125,174.38999938964844,3000900
2021-01-12,162.08456420898438,176.0800018310547,179.0,173.22999572753906,174.2899932861328,3112100
2021-01-13,163.31805419921875,177.4199981689453,177.99000549316406,176.17999267578125,177.99000549316406,1750300
2021-01-14,165.69296264648438,180.0,181.08999633789065,178.6199951171875,178.6199951171875,2617400
2021-01-15,158.53134155273438,172.22000122070312,179.83999633789062,168.4499969482422,179.63999938964844,3598600
2021-01-19,161.0903778076172,175.0,178.5,174.5399932861328,177.30999755859375,2522300
2021-01-20,160.62095642089844,174.49000549316406,180.3099975585937,173.7100067138672,178.86000061035156,2590700
2021-01-21,159.820068359375,173.6199951171875,176.75,171.72999572753906,176.63999938964844,2187400
2021-01-22,158.60498046875,172.3000030517578,175.1699981689453,171.9199981689453,172.57000732421875,1974000
2021-01-25,160.55648803710938,174.4199981689453,176.75,171.02999877929688,176.69000244140625,2006000
2021-01-26,155.33718872070312,168.75,174.4600067138672,168.66000366210938,174.4199981689453,2231100
2021-01-27,147.798095703125,160.55999755859375,164.42999267578125,156.02000427246094,162.72000122070312,3714500
2021-01-28,151.2685089111328,164.3300018310547,166.8000030517578,162.3800048828125,166.52999877929688,2484700
2021-01-29,147.71530151367188,160.47000122070312,167.5500030517578,159.80999755859375,164.14999389648438,3535400
2021-02-01,157.89622497558594,171.52999877929688,172.44000244140625,166.10000610351562,166.44000244140625,4953000
2021-02-02,163.12474060058594,177.2100067138672,183.0,170.6999969482422,180.0,6621800
2021-02-03,160.26193237304688,174.10000610351562,181.7400054931641,173.11000061035156,179.99000549316406,3272600
2021-02-04,167.02769470214844,181.4499969482422,181.4499969482422,175.14999389648438,175.88999938964844,2703100
2021-02-05,167.5247802734375,181.9900054931641,184.1300048828125,181.0599975585937,182.9499969482422,3031400
2021-02-08,173.1675567626953,188.1199951171875,188.1499938964844,184.0,184.6999969482422,2332800
2021-02-09,173.09393310546875,188.0399932861328,188.3999938964844,184.47000122070312,187.3500061035156,1702800
2021-02-10,172.9650421142578,187.8999938964844,191.92999267578125,183.38999938964844,191.6100006103516,2839800
2021-02-11,178.5802001953125,194.0,194.759994506836,188.3999938964844,188.3999938964844,2611700
2021-02-12,178.93922424316406,194.38999938964844,195.88999938964844,190.8600006103516,193.1699981689453,1671700
2021-02-16,179.8965301513672,195.42999267578125,200.19000244140625,193.69000244140625,199.4600067138672,2177800
2021-02-17,174.61279296875,189.69000244140625,194.94000244140625,187.91000366210932,192.5800018310547,2395200
2021-02-18,171.1056671142578,185.8800048828125,188.9499969482422,183.0500030517578,187.5,2770100
2021-02-19,176.3617706298828,191.58999633789065,192.759994506836,188.4900054931641,189.41000366210932,2193900
2021-02-22,170.85707092285156,185.6100006103516,192.3999938964844,184.97000122070312,190.8000030517578,2407800
2021-02-23,166.68714904785156,181.0800018310547,183.8699951171875,175.3300018310547,183.8699951171875,5191300
2021-02-24,171.4093780517578,186.2100067138672,186.82000732421875,176.92999267578125,178.0,3161700
2021-02-25,164.3306121826172,178.52000427246094,188.0,178.0500030517578,186.509994506836,3366300
2021-02-26,168.040283203125,182.5500030517578,184.1699981689453,177.1199951171875,182.0399932861328,2929000
2021-03-01,172.41273498535156,187.3000030517578,187.8999938964844,183.32000732421875,186.5200042724609,4355200
2021-03-02,167.78257751464844,182.2700042724609,189.759994506836,182.0599975585937,189.0,2770600
2021-03-03,162.001708984375,175.99000549316406,184.1699981689453,175.52999877929688,182.6000061035156,2418900
2021-03-04,153.98402404785156,167.27999877929688,176.67999267578125,164.19000244140625,173.58999633789062,3754500
2021-03-05,166.52142333984375,180.8999938964844,182.0599975585937,166.0399932861328,174.22999572753906,5076200
2021-03-08,157.40834045410156,171.0,183.5800018310547,170.14999389648438,178.82000732421875,3168600
2021-03-09,169.20933532714844,183.82000732421875,185.2400054931641,175.0,176.1300048828125,3687700
2021-03-10,166.08880615234375,180.42999267578125,187.3500061035156,180.22999572753903,186.0399932861328,2240200
2021-03-11,173.51734924316406,188.5,189.4900054931641,185.02999877929688,186.69000244140625,3206900
2021-03-12,169.3931121826172,183.47000122070312,186.66000366210932,181.7899932861328,184.88999938964844,2078000
2021-03-15,184.5717010498047,199.91000366210932,200.0,194.2100067138672,196.8000030517578,12102100
2021-03-16,187.22149658203125,202.77999877929688,206.2100067138672,200.63999938964844,201.1000061035156,6890100
2021-03-17,192.3549194335937,208.33999633789065,209.58999633789065,199.0,199.5599975585937,7321600
2021-03-18,183.3530120849609,198.58999633789065,208.25,197.69000244140625,204.1499938964844,8297300
2021-03-19,186.5382843017578,202.0399932861328,204.52999877929688,193.22000122070312,196.3500061035156,53102200
2021-03-22,185.02410888671875,200.3999938964844,206.1199951171875,196.6499938964844,203.1100006103516,5876600
2021-03-23,176.91775512695312,191.6199951171875,200.22999572753903,189.7899932861328,200.1100006103516,4748000
2021-03-24,172.9107666015625,187.27999877929688,194.509994506836,187.25,193.25,2893000
2021-03-25,176.6315460205078,191.3099975585937,192.0,182.27999877929688,182.66000366210932,3512600
2021-03-26,183.73155212402344,199.0,199.42999267578125,189.07000732421875,190.7899932861328,3096200
2021-03-29,179.24441528320312,194.13999938964844,197.66000366210932,191.8800048828125,196.91000366210932,2707300
2021-03-30,182.595932006836,197.7700042724609,198.8099975585937,192.2700042724609,192.38999938964844,2324500
2021-03-31,185.8919982910156,201.33999633789065,203.1999969482422,198.0,200.0200042724609,2854000
2021-04-01,192.1148834228516,208.0800018310547,208.3099975585937,204.13999938964844,205.2700042724609,2662800
2021-04-05,198.2269287109375,214.6999969482422,216.42999267578125,209.6300048828125,211.33999633789065,2663700
2021-04-06,196.57424926757807,212.91000366210932,214.6999969482422,208.66000366210932,212.6100006103516,2177500
2021-04-07,195.86338806152344,212.13999938964844,213.38999938964844,210.259994506836,211.8999938964844,1522500
2021-04-08,193.1581878662109,209.2100067138672,210.6699981689453,207.08999633789065,209.0,3177300
2021-04-09,193.13966369628903,209.19000244140625,209.5200042724609,206.0399932861328,207.4499969482422,1878000
2021-04-12,191.98562622070312,207.94000244140625,208.22000122070312,204.8699951171875,207.97999572753903,1686200
2021-04-13,186.5013427734375,202.0,207.7899932861328,200.72000122070312,207.32000732421875,3033300
2021-04-14,184.55325317382807,199.88999938964844,203.3300018310547,198.58999633789065,201.1999969482422,2879000
2021-04-15,186.2890167236328,201.7700042724609,202.759994506836,198.52999877929688,202.759994506836,1858100
2021-04-16,184.0823974609375,199.3800048828125,202.0800018310547,199.009994506836,201.19000244140625,2187600
2021-04-19,179.8168182373047,194.759994506836,199.5599975585937,191.9900054931641,199.3699951171875,2686000
2021-04-20,178.98590087890625,193.8600006103516,196.58999633789065,192.3600006103516,193.8600006103516,3197900
2021-04-21,185.69813537597656,201.1300048828125,201.3500061035156,192.4600067138672,194.16000366210932,2747800
2021-04-22,181.1925506591797,196.25,202.07000732421875,195.8800048828125,201.2400054931641,2379900
2021-04-23,186.09510803222656,201.5599975585937,202.7700042724609,197.94000244140625,198.08999633789065,3210500
2021-04-26,189.28965759277344,205.0200042724609,206.72000122070312,202.1000061035156,202.3999938964844,3238900
2021-04-27,187.7939453125,203.3999938964844,209.19000244140625,202.4600067138672,207.77999877929688,2790700
2021-04-28,183.408432006836,198.6499938964844,203.88999938964844,198.3500061035156,203.88999938964844,2191500
2021-04-29,185.3564910888672,200.759994506836,201.66000366210932,196.3999938964844,201.1999969482422,1982500
2021-04-30,177.73947143554688,192.509994506836,198.3300018310547,191.0500030517578,197.2700042724609,3704600
2021-05-03,177.12086486816406,191.83999633789065,195.94000244140625,190.47000122070312,194.75,2245300
2021-05-04,176.42845153808594,191.08999633789065,191.75,185.1999969482422,188.5,4444300
2021-05-05,175.80062866210938,190.41000366210932,192.72999572753903,188.47000122070312,192.0200042724609,4243000
2021-05-06,177.7487335205078,192.5200042724609,192.6199951171875,186.259994506836,189.4199981689453,2785600
2021-05-07,182.7344207763672,197.9199981689453,198.5,193.3300018310547,195.0,3321400
2021-05-10,174.52650451660156,189.02999877929688,196.41000366210932,188.91000366210932,195.3000030517578,2850400
2021-05-11,177.76719665527344,192.5399932861328,192.8300018310547,182.58999633789065,183.4199981689453,3037300
2021-05-12,168.7560577392578,182.77999877929688,189.9900054931641,181.72000122070312,187.7899932861328,3820500
2021-05-13,172.13523864746094,186.44000244140625,189.1300048828125,184.69000244140625,184.8500061035156,2586100
2021-05-14,177.5178985595703,192.2700042724609,194.9499969482422,188.16000366210932,188.8000030517578,2953800
2021-05-17,176.5115203857422,191.17999267578125,191.47000122070312,187.2400054931641,190.259994506836,2244600
2021-05-18,176.576171875,191.25,195.3500061035156,191.17999267578125,193.07000732421875,2288500
2021-05-19,179.9830780029297,194.94000244140625,195.8099975585937,186.1199951171875,187.16000366210932,2748900
2021-05-20,184.35011291503903,199.6699981689453,200.6199951171875,195.58999633789065,195.58999633789065,2641400
2021-05-21,184.50711059570312,199.83999633789065,202.32000732421875,199.17999267578125,201.1300048828125,2237200
2021-05-24,188.69876098632807,204.3800048828125,205.6999969482422,200.7400054931641,200.7400054931641,2092100
2021-05-25,189.0496063232422,204.759994506836,206.63999938964844,204.1300048828125,206.0,1916500
2021-05-26,190.3237152099609,206.13999938964844,207.8600006103516,204.0200042724609,204.69000244140625,1983300
2021-05-27,194.09068298339844,210.22000122070312,210.41000366210932,205.0,206.509994506836,3503800
2021-05-28,195.19859313964844,211.4199981689453,213.2899932861328,209.6999969482422,210.5,2239000
2021-06-01,191.9579162597656,207.91000366210932,214.3000030517578,207.6499938964844,212.8500061035156,2264800
2021-06-02,191.90249633789065,207.8500061035156,208.5599975585937,205.4900054931641,207.1199951171875,1764800
2021-06-03,185.3472900390625,200.75,205.7700042724609,200.6300048828125,205.58999633789065,3895100
2021-06-04,186.5013427734375,202.0,203.25,200.6699981689453,201.3500061035156,3485600
2021-06-07,185.7165679931641,201.1499938964844,202.0,199.72000122070312,202.0,2587800
2021-06-08,183.03909301757807,198.25,203.0800018310547,197.5,203.0800018310547,3322600
2021-06-09,182.23583984375,197.3800048828125,199.6000061035156,196.5200042724609,198.7100067138672,1939000
2021-06-10,185.624267578125,201.0500030517578,202.66000366210932,197.6999969482422,198.0,2371200
2021-06-11,185.69813537597656,201.1300048828125,202.41000366210932,199.42999267578125,201.009994506836,1810900
2021-06-14,188.47848510742188,203.57000732421875,204.47000122070312,199.0800018310547,201.5500030517578,2099600
2021-06-15,187.9414978027344,202.9900054931641,204.9600067138672,201.8600006103516,202.7899932861328,2071400
2021-06-16,185.4138641357422,200.259994506836,204.44000244140625,197.41000366210932,204.0,2017600
2021-06-17,183.7195587158203,198.42999267578125,201.17999267578125,195.2899932861328,199.7700042724609,1781300
2021-06-18,178.78465270996094,193.1000061035156,197.0200042724609,192.7100067138672,195.6199951171875,4796600
2021-06-21,183.747314453125,198.4600067138672,198.67999267578125,193.4900054931641,194.3500061035156,2312300
2021-06-22,182.7658843994141,197.3999938964844,198.7100067138672,195.72000122070312,197.7100067138672,1646000
2021-06-23,184.3861389160156,199.1499938964844,199.8699951171875,195.94000244140625,196.08999633789065,1672000
2021-06-24,188.7192230224609,203.8300018310547,205.1100006103516,200.38999938964844,200.9900054931641,2570300
2021-06-25,189.0340118408203,204.1699981689453,206.3999938964844,202.44000244140625,204.47000122070312,13139800
2021-06-28,190.89501953125,206.17999267578125,206.7700042724609,203.4600067138672,205.8500061035156,1931300
2021-06-29,192.30230712890625,207.6999969482422,207.9499969482422,204.91000366210932,205.67999267578125,1802300
2021-06-30,190.4691162109375,205.72000122070312,207.6699981689453,203.6300048828125,207.5800018310547,2167900
2021-07-01,186.895263671875,201.8600006103516,205.7100067138672,201.2700042724609,205.5399932861328,1551600
2021-07-02,187.70074462890625,202.72999572753903,203.94000244140625,200.94000244140625,203.19000244140625,1197200
2021-07-06,186.78414916992188,201.7400054931641,203.9199981689453,199.8500061035156,202.72999572753903,2135900
2021-07-07,183.64547729492188,198.3500061035156,203.47000122070312,197.7899932861328,203.0,2079100
2021-07-08,181.46044921875,195.9900054931641,197.1300048828125,191.75,194.22000122070312,1930500
2021-07-09,185.4972076416016,200.3500061035156,201.25,194.8099975585937,196.1000061035156,1384600
2021-07-12,189.2561798095703,204.41000366210932,204.4900054931641,200.72000122070312,202.3999938964844,2090400
2021-07-13,188.8766021728516,204.0,204.8300018310547,202.88999938964844,203.7100067138672,1708500
2021-07-14,188.45997619628903,203.5500030517578,208.75,202.5599975585937,206.5599975585937,1612600
2021-07-15,179.9976043701172,194.41000366210932,199.57000732421875,192.8099975585937,197.25,3957600
2021-07-16,176.01637268066406,190.1100006103516,197.2700042724609,189.5399932861328,195.38999938964844,2342300
2021-07-19,174.63682556152344,188.6199951171875,189.3699951171875,184.9199981689453,187.5599975585937,2592700
2021-07-20,178.9790802001953,193.3099975585937,195.0200042724609,187.83999633789065,189.08999633789065,1797100
2021-07-21,183.8954467773437,198.6199951171875,198.67999267578125,193.0,193.0,1890900
2021-07-22,179.90499877929688,194.3099975585937,196.83999633789065,192.25,196.83999633789065,1926400
2021-07-23,181.79379272460932,196.3500061035156,196.94000244140625,193.7899932861328,195.69000244140625,1933400
2021-07-26,183.4695587158203,198.16000366210932,198.72000122070312,195.72999572753903,196.0,1535800
2021-07-27,179.8494415283203,194.25,197.0,190.6499938964844,196.52999877929688,2024800
2021-07-28,183.85845947265625,198.5800018310547,200.1000061035156,195.16000366210932,195.16000366210932,1752900
2021-07-29,189.1266021728516,204.2700042724609,204.8300018310547,201.0200042724609,201.7700042724609,1671300
2021-07-30,191.0894317626953,206.38999938964844,206.6699981689453,202.0200042724609,202.33999633789065,1635500
2021-08-02,193.4874420166016,208.97999572753903,215.88999938964844,208.5599975585937,210.1999969482422,3383900
2021-08-03,194.9225311279297,210.52999877929688,210.9900054931641,203.0399932861328,210.1000061035156,2082400
2021-08-04,196.68167114257807,212.42999267578125,214.33999633789065,209.63999938964844,211.1300048828125,1817900
2021-08-05,197.1168212890625,212.8999938964844,214.8800048828125,211.1100006103516,213.32000732421875,1777900
2021-08-06,197.9037933349609,213.75,214.32000732421875,211.69000244140625,211.69000244140625,1259700
2021-08-09,201.01470947265625,217.1100006103516,218.16000366210932,212.9199981689453,215.1199951171875,2147300
2021-08-10,201.15359497070312,217.259994506836,218.02999877929688,214.19000244140625,216.7100067138672,1564700
2021-08-11,202.2276153564453,218.4199981689453,218.83999633789065,214.009994506836,217.6699981689453,1475400
2021-08-12,198.6259765625,214.52999877929688,217.22999572753903,213.3800048828125,216.4499969482422,2398900
2021-08-13,199.3018493652344,215.259994506836,216.82000732421875,213.5200042724609,214.13999938964844,1421500
2021-08-16,197.3760528564453,213.17999267578125,214.6000061035156,211.97999572753903,212.97999572753903,1543300
2021-08-17,191.19126892089844,206.5,211.7700042724609,204.6000061035156,211.27999877929688,2280900
2021-08-18,188.7099456787109,203.82000732421875,208.07000732421875,203.6000061035156,206.5,1536700
2021-08-19,187.96926879882807,203.0200042724609,203.4199981689453,199.6100006103516,200.75,2372200
2021-08-20,189.80245971679688,205.0,205.22999572753903,202.3500061035156,202.6999969482422,1325100
2021-08-23,195.01510620117188,210.6300048828125,211.3099975585937,206.33999633789065,206.33999633789065,1739100
2021-08-24,198.61672973632807,214.5200042724609,215.0599975585937,211.8300018310547,212.27999877929688,1688100
2021-08-25,201.6443023681641,217.7899932861328,219.0800018310547,215.2899932861328,216.0,1909100
2021-08-26,205.7644195556641,222.2400054931641,223.3800048828125,215.6300048828125,217.2400054931641,2331200
2021-08-27,209.71788024902344,226.509994506836,226.8800048828125,221.9900054931641,222.7700042724609,1746200
2021-08-30,210.7640991210937,227.63999938964844,228.72000122070312,225.5500030517578,227.33999633789065,1150600
2021-08-31,199.1815185546875,215.1300048828125,222.25,209.8000030517578,222.25,5156700
2021-09-01,195.82061767578125,211.5,215.8600006103516,211.4499969482422,215.4499969482422,2551900
2021-09-02,196.20022583007807,211.91000366210932,213.22999572753903,210.7100067138672,212.9199981689453,1856200
2021-09-03,197.20016479492188,212.9900054931641,215.3800048828125,212.3000030517578,213.08999633789065,1813700
2021-09-07,197.07977294921875,212.8600006103516,213.4900054931641,211.3600006103516,213.4499969482422,1822300
2021-09-08,192.69119262695312,208.1199951171875,212.7400054931641,207.25,211.94000244140625,1740900
2021-09-09,194.8577117919922,210.4600067138672,211.91000366210932,209.0,209.8300018310547,2448000
2021-09-10,196.3946533203125,212.1199951171875,216.5,212.0,212.94000244140625,1835500
2021-09-13,198.8482208251953,214.7700042724609,216.259994506836,211.67999267578125,214.42999267578125,1416500
2021-09-14,196.31671142578125,211.47999572753903,216.32000732421875,211.1499938964844,216.1100006103516,1405300
2021-09-15,197.1150665283203,212.33999633789065,212.6999969482422,209.97000122070312,212.6699981689453,1414800
2021-09-16,197.75558471679688,213.02999877929688,213.7100067138672,208.7899932861328,211.02999877929688,1502900
2021-09-17,194.3208770751953,209.3300018310547,212.19000244140625,207.91000366210932,211.6300048828125,4877800
2021-09-20,188.2404937744141,202.77999877929688,205.0,198.94000244140625,204.91000366210932,2959400
2021-09-21,191.2853546142578,206.0599975585937,207.7700042724609,203.009994506836,204.66000366210932,1524200
2021-09-22,197.802001953125,213.0800018310547,213.2700042724609,207.1100006103516,207.8099975585937,1734600
2021-09-23,200.8375701904297,216.3500061035156,218.0800018310547,213.009994506836,214.1499938964844,1430600
2021-09-24,201.1345977783203,216.6699981689453,218.0200042724609,214.02999877929688,215.009994506836,1096900
2021-09-27,201.1531524658203,216.69000244140625,218.13999938964844,212.72000122070312,214.1999969482422,1069800
2021-09-28,191.406005859375,206.19000244140625,214.0,205.9499969482422,212.6499938964844,2201900
2021-09-29,184.4994659423828,198.75,203.7899932861328,197.8600006103516,202.91000366210932,1976600
2021-09-30,181.82595825195312,195.8699951171875,201.4900054931641,195.7100067138672,200.57000732421875,2343100
2021-10-01,179.0596466064453,192.88999938964844,197.27999877929688,191.0,196.3300018310547,3381500
2021-10-04,175.4021453857422,188.9499969482422,193.94000244140625,187.91000366210932,193.7100067138672,2551700
2021-10-05,177.88998413085938,191.6300048828125,193.58999633789065,188.67999267578125,190.69000244140625,2246300
2021-10-06,177.21231079101562,190.8999938964844,191.94000244140625,188.41000366210932,188.6699981689453,1847300
2021-10-07,179.95082092285156,193.8500061035156,197.3699951171875,193.509994506836,193.509994506836,1514500
2021-10-08,176.6646270751953,190.3099975585937,194.6699981689453,189.9900054931641,194.509994506836,1394200
2021-10-11,172.60794067382812,185.94000244140625,191.16000366210932,185.7400054931641,189.33999633789065,2144000
2021-10-12,170.05514526367188,183.19000244140625,187.75,182.33999633789065,187.1499938964844,3021000
2021-10-13,169.97158813476562,183.1000061035156,186.22000122070312,182.41000366210932,184.4199981689453,2765500
2021-10-14,175.5413818359375,189.1000061035156,189.94000244140625,186.759994506836,187.0,2682300
2021-10-15,176.20046997070312,189.8099975585937,191.72999572753903,189.1000061035156,190.38999938964844,1772500
2021-10-18,178.47476196289062,192.259994506836,192.32000732421875,187.1499938964844,188.2100067138672,2028200
2021-10-19,182.8285369873047,196.9499969482422,197.1300048828125,191.5200042724609,192.8300018310547,2100400
2021-10-20,183.357666015625,197.5200042724609,199.7899932861328,194.7899932861328,196.5599975585937,2100400
2021-10-21,186.8202362060547,201.25,201.5200042724609,196.0,196.3000030517578,1688600
2021-10-22,185.5948638916016,199.92999267578125,203.42999267578125,199.8800048828125,201.5800018310547,1829500
2021-10-25,185.92906188964844,200.2899932861328,202.1300048828125,199.77999877929688,200.66000366210932,1390500
2021-10-26,182.0858917236328,196.1499938964844,201.16000366210932,193.7700042724609,201.0800018310547,2706600
2021-10-27,178.6140594482422,192.41000366210932,195.17999267578125,190.83999633789065,193.72000122070312,2882400
2021-10-28,185.5670318603516,199.8999938964844,200.1300048828125,194.13999938964844,194.33999633789065,1930900
2021-10-29,186.45819091796875,200.8600006103516,201.8099975585937,197.22000122070312,197.7400054931641,1604600
2021-11-01,190.4220123291016,205.1300048828125,206.5800018310547,202.009994506836,202.6199951171875,3419000
2021-11-02,191.7494964599609,206.5599975585937,208.47000122070312,203.17999267578125,205.5200042724609,2991100
2021-11-03,200.3083953857422,215.77999877929688,217.1300048828125,206.72000122070312,207.4900054931641,3378900
2021-11-04,203.5388946533203,219.259994506836,219.42999267578125,215.0,215.9900054931641,2326300
2021-11-05,208.171127319336,224.25,224.7899932861328,219.9499969482422,220.0,2835800
2021-11-08,207.08497619628903,223.0800018310547,227.5,221.259994506836,223.66000366210932,3829600
2021-11-09,205.20057678222656,221.0500030517578,223.3800048828125,218.33999633789065,223.2400054931641,1625200
2021-11-10,198.8602752685547,214.22000122070312,220.19000244140625,212.7700042724609,218.4600067138672,2262000
2021-11-11,203.390365600586,219.1000061035156,223.33999633789065,214.1499938964844,223.259994506836,4639700
2021-11-12,202.2021484375,217.82000732421875,220.5399932861328,214.41000366210932,219.5800018310547,2829000
2021-11-15,200.2155914306641,215.67999267578125,221.0,215.19000244140625,221.0,2003200
2021-11-16,203.5388946533203,219.259994506836,219.97000122070312,214.3999938964844,215.1999969482422,1497200
2021-11-17,202.19284057617188,217.8099975585937,219.259994506836,215.6699981689453,219.259994506836,1376500
2021-11-18,204.76422119140625,220.5800018310547,220.6699981689453,216.3600006103516,218.759994506836,2494200
2021-11-19,205.39547729492188,221.259994506836,221.8099975585937,219.63999938964844,220.5800018310547,2124200
2021-11-22,205.96177673339844,221.8699951171875,225.66000366210932,219.44000244140625,222.3099975585937,2846000
2021-11-23,203.408920288086,219.1199951171875,224.08999633789065,215.57000732421875,221.41000366210932,2070000
2021-11-24,205.18199157714844,221.02999877929688,221.22000122070312,214.32000732421875,216.6000061035156,1630900
2021-11-26,197.21717834472656,212.4499969482422,217.5599975585937,210.25,213.1199951171875,1776500
2021-11-29,207.88333129882807,223.94000244140625,224.259994506836,215.1000061035156,216.75,2412900
2021-11-30,207.34490966796875,223.3600006103516,227.82000732421875,218.3000030517578,222.6999969482422,5141600
2021-12-01,207.0107269287109,223.0,234.67999267578125,222.7100067138672,227.33999633789065,3222500
2021-12-02,206.7600860595703,222.72999572753903,225.8999938964844,218.17999267578125,220.2700042724609,1934800
2021-12-03,210.83531188964844,227.1199951171875,228.4600067138672,221.5599975585937,225.0,2743800
2021-12-06,208.19891357421875,224.27999877929688,228.3099975585937,217.42999267578125,227.8000030517578,2223600
2021-12-07,221.77069091796875,238.8999938964844,239.91000366210932,228.0,228.9900054931641,2934400
2021-12-08,211.7357788085937,228.08999633789065,229.8000030517578,221.08999633789065,229.009994506836,3880100
2021-12-09,209.01583862304688,225.16000366210932,228.5599975585937,224.75,225.3500061035156,1990800
2021-12-10,210.22262573242188,226.4600067138672,228.8800048828125,223.02999877929688,228.5599975585937,1751500
2021-12-13,205.8874664306641,221.7899932861328,228.3800048828125,220.0599975585937,228.3800048828125,1966600
2021-12-14,204.7362518310547,219.9900054931641,221.6300048828125,216.75,218.91000366210932,1687300
2021-12-15,213.4751892089844,229.3800048828125,229.6199951171875,218.77999877929688,221.33999633789065,2565700
2021-12-16,202.83770751953125,217.9499969482422,229.3099975585937,217.6499938964844,228.83999633789065,3223800
2021-12-17,203.5449981689453,218.7100067138672,222.5399932861328,214.4499969482422,216.2400054931641,4657400
2021-12-20,202.55848693847656,217.6499938964844,219.69000244140625,214.6100006103516,215.4900054931641,1336100
2021-12-21,208.81251525878903,224.3699951171875,224.6999969482422,219.0500030517578,221.5500030517578,1603700
2021-12-22,211.0368804931641,226.759994506836,226.8800048828125,221.7100067138672,223.0500030517578,1057900
2021-12-23,211.58595275878903,227.3500061035156,229.19000244140625,226.259994506836,226.759994506836,920300
2021-12-27,216.6394195556641,232.77999877929688,232.8500061035156,227.6000061035156,228.6499938964844,1235800
2021-12-28,215.00148010253903,231.0200042724609,234.4199981689453,228.5800018310547,233.8099975585937,1362100
2021-12-29,214.53616333007807,230.5200042724609,233.3699951171875,229.8999938964844,230.38999938964844,1117000
2021-12-30,212.74923706054688,228.6000061035156,232.6000061035156,228.3000030517578,230.52999877929688,886400
2021-12-31,211.98611450195312,227.77999877929688,231.5,227.3500061035156,229.1499938964844,1022900
2022-01-03,215.1875915527344,231.22000122070312,233.3699951171875,228.07000732421875,228.38999938964844,1519300
2022-01-04,216.72317504882807,232.8699951171875,234.8999938964844,225.4600067138672,232.41000366210932,1965000
2022-01-05,208.99871826171875,224.57000732421875,234.27999877929688,224.259994506836,231.75,1963500
2022-01-06,211.22299194335932,226.9600067138672,228.759994506836,224.1100006103516,225.5,1957800
2022-01-07,205.9833221435547,221.3300018310547,229.9900054931641,219.8800048828125,228.0,1760200
2022-01-10,206.4486694335937,221.8300018310547,222.13999938964844,214.6999969482422,220.0500030517578,1926500
2022-01-11,211.7627410888672,227.5399932861328,227.75,220.759994506836,222.6699981689453,1755300
2022-01-12,213.14013671875,229.0200042724609,231.3999938964844,225.8600006103516,229.0599975585937,1263000
2022-01-13,206.47662353515625,221.8600006103516,232.3600006103516,220.6000061035156,231.9900054931641,2911000
2022-01-14,209.6687774658203,225.2899932861328,225.38999938964844,218.07000732421875,218.7100067138672,1722900
2022-01-18,202.34445190429688,217.4199981689453,221.1699981689453,216.7400054931641,220.0,2348200
2022-01-19,196.32308959960932,210.9499969482422,220.4499969482422,210.77999877929688,217.94000244140625,1888300
2022-01-20,185.76937866210932,199.6100006103516,211.7700042724609,199.41000366210932,208.0,2885000
2022-01-21,186.08580017089844,199.9499969482422,207.72999572753903,196.8000030517578,197.3300018310547,3812000
2022-01-24,188.989486694336,203.07000732421875,203.47000122070312,188.07000732421875,195.8300018310547,3738900
2022-01-25,181.26495361328125,194.7700042724609,199.8800048828125,193.38999938964844,197.1999969482422,3855600
2022-01-26,183.3031311035156,196.9600067138672,205.25,193.5399932861328,200.4499969482422,3470600
2022-01-27,174.9271697998047,187.9600067138672,201.0200042724609,186.38999938964844,200.8699951171875,3786000
2022-01-28,176.31385803222656,189.4499969482422,189.52999877929688,180.1199951171875,186.47999572753903,4949100
2022-01-31,191.1951446533203,205.44000244140625,205.8999938964844,190.0,190.38999938964844,5679900
2022-02-01,193.7637939453125,208.1999969482422,210.9900054931641,200.009994506836,208.9900054931641,4066200
2022-02-02,195.7646942138672,210.3500061035156,211.8300018310547,205.67999267578125,209.6300048828125,2863900
2022-02-03,184.58743286132807,198.33999633789065,208.8000030517578,197.8000030517578,206.72000122070312,4263600
2022-02-04,184.3826904296875,198.1199951171875,200.1100006103516,190.7899932861328,196.97000122070312,3205400
2022-02-07,183.2658843994141,196.9199981689453,201.91000366210932,196.0599975585937,198.3999938964844,2169500
2022-02-08,188.4869384765625,202.52999877929688,203.32000732421875,196.08999633789065,197.2899932861328,2306000
2022-02-09,195.21560668945312,209.759994506836,210.0,200.5,205.4900054931641,3113000
2022-02-10,185.24819946289065,199.0500030517578,209.6199951171875,198.1300048828125,204.3600006103516,2466800
2022-02-11,173.79176330566406,186.7400054931641,200.97000122070312,185.17999267578125,200.009994506836,3738600
2022-02-14,172.9914093017578,185.8800048828125,191.6699981689453,183.97000122070312,187.83999633789065,2039900
2022-02-15,182.98667907714844,196.6199951171875,196.8999938964844,189.2100067138672,190.5,2809900
2022-02-16,185.8159027099609,199.66000366210932,200.63999938964844,193.0,195.4499969482422,1969400
2022-02-17,174.60142517089844,187.6100006103516,197.4499969482422,187.38999938964844,196.3999938964844,2762900
2022-02-18,174.11749267578125,187.08999633789065,190.13999938964844,185.19000244140625,188.7700042724609,2691700
2022-02-22,174.25709533691406,187.2400054931641,191.6100006103516,183.91000366210932,185.17999267578125,2361700
2022-02-23,172.31202697753906,185.1499938964844,194.6000061035156,185.02999877929688,190.47999572753903,2612200
2022-02-24,178.14724731445312,191.4199981689453,191.72999572753903,178.30999755859375,179.1199951171875,3208600
2022-02-25,180.7345123291016,194.1999969482422,194.32000732421875,185.5800018310547,190.4900054931641,2058600
2022-02-28,176.93736267089844,190.1199951171875,192.72999572753903,186.72999572753903,191.42999267578125,2741100
2022-03-01,168.61727905273438,181.17999267578125,189.9900054931641,179.22999572753906,189.6100006103516,2997800
2022-03-02,175.2901153564453,188.3500061035156,190.47000122070312,182.6300048828125,183.0200042724609,3191800
2022-03-03,171.89320373535156,184.6999969482422,189.9199981689453,184.0500030517578,189.4199981689453,2591600
2022-03-04,164.21522521972656,176.4499969482422,183.22999572753903,174.16000366210938,182.47999572753903,3190700
2022-03-07,157.951904296875,169.72000122070312,179.10000610351562,169.5500030517578,177.7899932861328,2992500
2022-03-08,164.634033203125,176.89999389648438,185.44000244140625,168.74000549316406,170.6199951171875,4006600
2022-03-09,170.63682556152344,183.3500061035156,186.2700042724609,182.1999969482422,183.0,3108900
2022-03-10,167.98443603515625,180.5,181.32000732421875,175.82000732421875,179.24000549316406,1899200
2022-03-11,166.17898559570312,178.55999755859375,185.2700042724609,178.16000366210938,183.97999572753903,2176900
2022-03-14,160.56375122070312,171.7100067138672,179.63999938964844,170.22000122070312,178.3800048828125,2515800
2022-03-15,166.85691833496094,178.44000244140625,179.02999877929688,172.7100067138672,172.86000061035156,2183000
2022-03-16,176.09556579589844,188.32000732421875,188.4199981689453,178.17999267578125,181.3699951171875,2846100
2022-03-17,177.45143127441406,189.7700042724609,190.32000732421875,185.13999938964844,187.02999877929688,1488800
2022-03-18,179.92938232421875,192.4199981689453,192.8500061035156,184.67999267578125,187.509994506836,3131900
2022-03-21,178.14337158203125,190.509994506836,193.22999572753903,186.52999877929688,190.8699951171875,1895300
2022-03-22,175.5625457763672,187.75,192.19000244140625,187.509994506836,189.9499969482422,2796900
2022-03-23,171.67257690429688,183.58999633789065,188.5399932861328,183.44000244140625,185.0500030517578,1865300
2022-03-24,178.6763916015625,191.0800018310547,191.3800048828125,184.25,188.1999969482422,2320500
2022-03-25,178.0966339111328,190.4600067138672,191.83999633789065,186.3999938964844,191.5800018310547,1768600
2022-03-28,177.1241455078125,189.4199981689453,190.1100006103516,183.9900054931641,188.3800048828125,2490400
2022-03-29,182.09878540039065,194.7400054931641,196.3500061035156,190.72000122070312,193.3800048828125,2083000
2022-03-30,175.16983032226562,187.3300018310547,194.38999938964844,186.22999572753903,192.759994506836,1922300
2022-03-31,173.06585693359375,185.0800018310547,189.27999877929688,184.759994506836,188.4499969482422,2627100
2022-04-01,170.20452880859375,182.0200042724609,187.1199951171875,179.14999389648438,187.1199951171875,2417300
2022-04-04,170.75621032714844,182.6100006103516,184.75,180.67999267578125,181.72000122070312,1844100
2022-04-05,163.70562744140625,175.07000732421875,181.17999267578125,172.77999877929688,180.3999938964844,4234900
2022-04-06,162.7238006591797,174.02000427246094,177.25,169.77999877929688,170.85000610351562,3754800
2022-04-07,161.69520568847656,172.9199981689453,175.55999755859375,169.44000244140625,172.50999450683594,2016200
2022-04-08,156.62705993652344,167.5,170.72000122070312,165.25999450683594,170.52000427246094,5746400
2022-04-11,154.77557373046875,165.52000427246094,168.16000366210938,164.75,165.42999267578125,3346900
2022-04-12,155.43948364257812,166.22999572753906,170.47000122070312,165.0800018310547,169.8300018310547,3138900
2022-04-13,159.92788696289062,171.02999877929688,171.36000061035156,165.6300048828125,167.50999450683594,2922800
2022-04-14,158.96475219726562,170.0,172.50999450683594,168.7899932861328,171.25999450683594,2698300
2022-04-18,162.00381469726562,173.25,176.72999572753906,169.14999389648438,169.6999969482422,2138300
2022-04-19,167.05325317382812,178.64999389648438,179.27999877929688,170.22999572753906,170.22999572753906,2979200
2022-04-20,167.18414306640625,178.7899932861328,185.27999877929688,178.3699951171875,180.6699981689453,2685000
2022-04-21,163.49993896484375,174.85000610351562,183.22000122070312,174.36000061035156,181.259994506836,2346200
2022-04-22,159.6660614013672,170.75,175.3300018310547,170.02000427246094,174.75999450683594,2165400
2022-04-25,161.62039184570312,172.83999633789062,173.5,169.00999450683594,169.9600067138672,2781900
2022-04-26,156.86080932617188,167.75,170.9600067138672,167.36000061035156,169.97999572753906,3369800
2022-04-27,159.67539978027344,170.75999450683594,172.41000366210938,165.6699981689453,166.64999389648438,3342000
2022-04-28,165.74412536621094,177.25,179.42999267578125,170.30999755859375,172.05999755859375,3097200
2022-04-29,159.8063201904297,170.89999389648438,178.11000061035156,170.63999938964844,174.47000122070312,2892900
2022-05-02,165.5103759765625,177.0,177.6199951171875,170.25999450683594,172.25999450683594,2776200
2022-05-03,166.5109100341797,178.07000732421875,179.35000610351562,171.97999572753906,173.75999450683594,3271600
2022-05-04,173.85134887695312,185.9199981689453,186.0200042724609,173.60000610351562,180.66000366210932,3180600
2022-05-05,166.79141235351562,178.3699951171875,182.4199981689453,175.77999877929688,180.63999938964844,3974000
2022-05-06,166.05270385742188,177.5800018310547,182.2700042724609,173.72999572753906,177.0,2457400
2022-05-09,161.67649841308594,172.89999389648438,176.7899932861328,171.85000610351562,174.92999267578125,3700100
2022-05-10,166.85691833496094,178.44000244140625,181.7899932861328,172.6199951171875,178.02999877929688,3438500
2022-05-11,159.7782745361328,170.8699951171875,178.61000061035156,170.5500030517578,175.92999267578125,3659800
2022-05-12,162.38717651367188,173.66000366210938,175.0800018310547,168.6999969482422,169.91000366210938,2557000
2022-05-13,170.17642211914062,181.9900054931641,183.1000061035156,175.61000061035156,176.89999389648438,2877900
2022-05-16,165.5010223388672,176.99000549316406,181.1499938964844,176.49000549316406,180.0500030517578,1950000
2022-05-17,173.5895233154297,185.63999938964844,185.8699951171875,181.1300048828125,182.0399932861328,2909600
2022-05-18,164.0048828125,175.38999938964844,185.3099975585937,174.44000244140625,182.5800018310547,2654300
2022-05-19,164.37890625,175.7899932861328,179.99000549316406,173.5,175.07000732421875,1672800
2022-05-20,168.41851806640625,180.11000061035156,180.5500030517578,173.72999572753906,178.75,2744200
2022-05-23,168.96084594726562,180.69000244140625,182.0599975585937,176.74000549316406,180.44000244140625,1891700
2022-05-24,167.49270629882812,179.1199951171875,180.4499969482422,175.6199951171875,178.11000061035156,2200400
2022-05-25,172.6450958251953,184.6300048828125,185.58999633789065,176.6300048828125,176.8800048828125,2294100
2022-05-26,180.1257781982422,192.6300048828125,193.4499969482422,183.8999938964844,184.92999267578125,2883400
2022-05-27,183.21153259277344,195.92999267578125,198.27999877929688,194.07000732421875,194.07000732421875,3266400
2022-05-31,177.44207763671875,189.759994506836,195.5,188.3099975585937,194.97999572753903,5124600
2022-06-01,172.58897399902344,184.57000732421875,191.19000244140625,181.9199981689453,191.0800018310547,2552800
2022-06-02,175.740234375,187.94000244140625,187.97000122070312,183.3500061035156,184.7700042724609,2443200
2022-06-03,170.53176879882812,182.3699951171875,185.13999938964844,181.259994506836,184.83999633789065,2311000
2022-06-06,168.3249969482422,180.00999450683594,184.5599975585937,177.1300048828125,183.9900054931641,3169000
2022-06-07,170.02685546875,181.8300018310547,182.47999572753903,176.10000610351562,178.30999755859375,2372700
2022-06-08,165.57582092285156,177.07000732421875,181.6000061035156,175.55999755859375,181.47000122070312,2409900
2022-06-09,172.26168823242188,184.22000122070312,194.7100067138672,176.3800048828125,176.52999877929688,10137500
2022-06-10,166.9784698486328,178.57000732421875,182.97000122070312,178.07000732421875,179.72999572753906,3610100
2022-06-13,157.5808563232422,168.52000427246094,176.9199981689453,167.77000427246094,173.52000427246094,3899400
2022-06-14,158.1588134765625,168.2899932861328,171.11000061035156,166.22000122070312,168.64999389648438,1892300
2022-06-15,158.7696533203125,168.94000244140625,172.16000366210938,165.10000610351562,170.7100067138672,2355600
2022-06-16,148.7890167236328,158.32000732421875,164.75,156.10000610351562,164.16000366210938,3994000
2022-06-17,148.32850646972656,157.8300018310547,160.6999969482422,156.5500030517578,159.3699951171875,4907300
2022-06-21,149.51266479492188,159.08999633789062,162.55999755859375,158.32000732421875,162.10000610351562,2655400
2022-06-22,147.50148010253906,156.9499969482422,159.7100067138672,155.72000122070312,156.0500030517578,2603900
2022-06-23,144.26853942871094,153.50999450683594,157.94000244140625,151.32000732421875,157.8699951171875,3186100
2022-06-24,149.72882080078125,159.32000732421875,160.5500030517578,155.47999572753906,155.99000549316406,14800200
2022-06-27,149.29652404785156,158.86000061035156,161.36000061035156,157.64999389648438,161.36000061035156,2502600
2022-06-28,144.93582153320312,154.22000122070312,164.4199981689453,153.80999755859375,160.3000030517578,3227300
2022-06-29,140.98866271972656,150.02000427246094,153.75,146.97999572753906,152.8800048828125,3124800
2022-06-30,139.1184844970703,148.02999877929688,149.6199951171875,145.30999755859375,147.27000427246094,4467500
2022-07-01,137.2952423095703,146.08999633789062,149.52999877929688,143.33999633789062,146.6699981689453,2531200
2022-07-05,137.12612915039062,145.91000366210938,146.0,140.3300018310547,141.92999267578125,3164600
2022-07-06,136.9757080078125,145.75,147.8699951171875,143.6999969482422,145.8300018310547,2264300
2022-07-07,142.86827087402344,152.02000427246094,152.89999389648438,147.97000122070312,149.0399932861328,2362000
2022-07-08,144.99220275878906,154.27999877929688,154.8800048828125,150.0500030517578,150.8000030517578,1721900
2022-07-11,142.81192016601562,151.9600067138672,154.5399932861328,150.8800048828125,152.17999267578125,2091500
2022-07-12,143.0750274658203,152.24000549316406,154.8000030517578,151.08999633789062,152.85000610351562,1864700
2022-07-13,145.67828369140625,155.00999450683594,155.8300018310547,149.25,149.6199951171875,2439700
2022-07-14,150.19869995117188,159.82000732421875,160.22000122070312,153.0,154.75,2337100
2022-07-15,154.10829162597656,163.97999572753906,165.08999633789062,160.08999633789062,161.1999969482422,2681700
2022-07-18,152.17230224609375,161.9199981689453,165.9199981689453,160.8000030517578,165.9199981689453,1985700
2022-07-19,160.1699676513672,170.42999267578125,170.80999755859375,164.1199951171875,164.1199951171875,2174500
2022-07-20,165.8557586669922,176.47999572753906,177.47999572753906,168.27999877929688,169.4499969482422,2410400
2022-07-21,169.1168670654297,179.9499969482422,180.13999938964844,175.00999450683594,177.89999389648438,2215800
2022-07-22,164.596435546875,175.13999938964844,180.0,172.6999969482422,180.0,2413900
2022-07-25,163.6472625732422,174.1300048828125,175.35000610351562,171.8699951171875,174.7899932861328,3663100
2022-07-26,163.9573516845703,174.4600067138672,177.8800048828125,174.00999450683594,177.4600067138672,3852600
2022-07-27,170.49835205078125,181.4199981689453,182.63999938964844,177.4199981689453,177.58999633789062,3222900
2022-07-28,172.0960235595703,183.1199951171875,183.8300018310547,178.11000061035156,182.3300018310547,2275200
2022-07-29,172.81028747558594,183.8800048828125,185.2700042724609,181.1499938964844,182.8600006103516,2527600
2022-08-01,173.39295959472656,184.5,186.69000244140625,182.08999633789065,182.82000732421875,1928500
2022-08-02,169.60556030273438,180.47000122070312,183.8000030517578,179.6699981689453,183.7400054931641,2645500
2022-08-03,174.37974548339844,185.5500030517578,186.17999267578125,180.8999938964844,181.25,2187800
2022-08-04,173.16737365722656,184.259994506836,185.1999969482422,182.4900054931641,184.8300018310547,1627700
2022-08-05,170.72393798828125,181.66000366210932,182.9600067138672,177.6300048828125,181.27999877929688,2240900
2022-08-08,169.1262664794922,179.9600067138672,182.6699981689453,177.2899932861328,180.6100006103516,1660200
2022-08-09,160.74322509765625,171.0399932861328,177.38999938964844,169.33999633789062,176.42999267578125,3130500
2022-08-10,169.13565063476562,179.97000122070312,180.259994506836,172.44000244140625,175.41000366210938,2726200
2022-08-11,169.52096557617188,180.3800048828125,184.69000244140625,179.74000549316406,181.3300018310547,1488600
2022-08-12,176.1841278076172,187.47000122070312,187.57000732421875,181.32000732421875,181.8000030517578,2086000
2022-08-15,176.27813720703125,187.57000732421875,189.1300048828125,184.41000366210932,186.0,1284500
2022-08-16,174.66168212890625,185.8500061035156,187.5599975585937,184.759994506836,186.7700042724609,1297500
2022-08-17,169.37059020996094,180.22000122070312,183.13999938964844,177.38999938964844,183.13999938964844,1681000
2022-08-18,171.75770568847656,182.759994506836,184.97999572753903,179.88999938964844,180.6300048828125,1610100
2022-08-19,169.47398376464844,180.3300018310547,183.1699981689453,179.27999877929688,180.94000244140625,1620000
2022-08-22,162.13417053222656,172.52000427246094,178.17999267578125,172.10000610351562,177.07000732421875,2155000
2022-08-23,163.46868896484375,173.94000244140625,176.80999755859375,172.14999389648438,172.14999389648438,1043700
2022-08-24,162.59466552734375,173.00999450683594,174.25999450683594,170.36000061035156,174.25999450683594,1237800
2022-08-25,168.2428436279297,179.02000427246094,179.1999969482422,173.3300018310547,173.35000610351562,1542800
2022-08-26,157.99903869628906,168.1199951171875,178.66000366210938,167.82000732421875,178.0399932861328,2380500
2022-08-29,155.8938751220703,165.8800048828125,168.5800018310547,165.5,166.66000366210938,1242100
2022-08-30,155.74349975585938,165.72000122070312,168.67999267578125,163.35000610351562,167.57000732421875,1967200
2022-08-31,154.67214965820312,164.5800018310547,167.1199951171875,163.22999572753906,166.07000732421875,2205500
2022-09-01,154.5029754638672,164.39999389648438,164.63999938964844,158.91000366210938,161.85000610351562,2188600
2022-09-02,152.61399841308594,162.38999938964844,168.2100067138672,161.33999633789062,166.86000061035156,1696500
2022-09-06,151.07272338867188,160.75,163.16000366210938,159.00999450683594,161.86000061035156,2031900
2022-09-07,153.488037109375,163.32000732421875,165.3300018310547,160.36000061035156,160.50999450683594,1689300
2022-09-08,155.48977661132812,165.4499969482422,166.88999938964844,160.6999969482422,161.97000122070312,1498600
2022-09-09,158.01783752441406,168.13999938964844,168.8699951171875,165.66000366210938,166.57000732421875,2098000
2022-09-12,158.89186096191406,169.07000732421875,169.89999389648438,167.0,169.5500030517578,1280200
2022-09-13,146.10118103027344,155.4600067138672,163.39999389648438,155.0,162.0500030517578,3863200
2022-09-14,150.669921875,159.4499969482422,160.42999267578125,154.14999389648438,154.6199951171875,2807100
2022-09-15,150.88726806640625,159.67999267578125,161.99000549316406,156.8300018310547,159.05999755859375,2340300
2022-09-16,151.13296508789062,159.94000244140625,160.67999267578125,156.85000610351562,158.55999755859375,2506500
2022-09-19,154.11895751953125,163.10000610351562,163.3800048828125,157.80999755859375,158.27000427246094,1582200
2022-09-20,152.0400848388672,160.89999389648438,162.5500030517578,159.50999450683594,160.35000610351562,1358000
2022-09-21,150.40533447265625,159.1699981689453,166.7100067138672,159.1300048828125,161.85000610351562,1528500
2022-09-22,146.5878143310547,155.1300048828125,159.89999389648438,154.16000366210938,158.9199981689453,2090000
2022-09-23,144.51840209960938,152.94000244140625,153.3699951171875,148.4199981689453,152.72999572753906,2680300
2022-09-26,143.58291625976562,151.9499969482422,154.9600067138672,151.24000549316406,153.0500030517578,2167900
2022-09-27,145.0570068359375,153.50999450683594,156.5,150.75,154.41000366210938,1741500
2022-09-28,147.82568359375,156.44000244140625,157.10000610351562,152.27000427246094,152.9499969482422,2103800
2022-09-29,142.69468688964844,151.00999450683594,155.0399932861328,146.9499969482422,153.9600067138672,2841100
2022-09-30,139.3874053955078,147.50999450683594,152.7899932861328,147.42999267578125,149.75,2112800
2022-10-03,143.59239196777344,151.9600067138672,153.89999389648438,147.8000030517578,149.52000427246094,2415500
2022-10-04,151.0857391357422,159.88999938964844,159.9600067138672,155.49000549316406,156.47999572753906,2392200
2022-10-05,152.36138916015625,161.24000549316406,162.35000610351562,155.1300048828125,156.8300018310547,1904500
2022-10-06,150.2352752685547,158.99000549316406,163.7899932861328,158.8699951171875,161.25999450683594,1559800
2022-10-07,143.39393615722656,151.75,154.8699951171875,150.36000061035156,154.8699951171875,2752800
2022-10-10,139.3779754638672,147.5,151.9600067138672,146.0800018310547,151.74000549316406,1812000
2022-10-11,135.83444213867188,143.75,145.77999877929688,141.55999755859375,145.0,3004200
2022-10-12,132.5555419921875,140.27999877929688,143.7899932861328,140.1300048828125,142.5500030517578,2066900
2022-10-13,135.286376953125,143.1699981689453,145.24000549316406,132.0800018310547,134.19000244140625,3307200
2022-10-14,130.486083984375,138.08999633789062,145.5399932861328,137.0800018310547,144.89999389648438,2893000
2022-10-17,133.49099731445312,141.27000427246094,143.1699981689453,139.5,141.80999755859375,1972100
2022-10-18,133.18862915039062,140.9499969482422,146.47999572753906,137.72999572753906,143.44000244140625,2218500
2022-10-19,133.53826904296875,141.32000732421875,143.97999572753906,139.8300018310547,140.3699951171875,2160400
2022-10-20,131.38380432128906,139.0399932861328,143.74000549316406,138.57000732421875,142.0800018310547,2895700
2022-10-21,137.25186157226562,145.25,145.58999633789062,137.50999450683594,138.7100067138672,2496400
2022-10-24,136.9589385986328,144.94000244140625,145.77000427246094,140.4499969482422,144.00999450683594,1921700
2022-10-25,140.5496826171875,148.74000549316406,148.7899932861328,144.80999755859375,145.44000244140625,2831900
2022-10-26,139.1700897216797,147.27999877929688,152.63999938964844,144.13999938964844,146.69000244140625,2023300
2022-10-27,137.12901306152344,145.1199951171875,151.86000061035156,144.86000061035156,149.3300018310547,2197900
2022-10-28,143.30889892578125,151.66000366210938,152.19000244140625,145.0,145.9600067138672,2552000
2022-10-31,138.03614807128906,146.0800018310547,150.5800018310547,145.5399932861328,149.77000427246094,3307200
2022-11-01,143.4884033203125,151.85000610351562,153.85000610351562,147.8000030517578,150.47999572753906,4306600
2022-11-02,140.42681884765625,148.61000061035156,158.5,148.41000366210938,151.9499969482422,2976800
2022-11-03,136.87387084960938,144.85000610351562,146.38999938964844,142.75999450683594,146.38999938964844,2373300
2022-11-04,142.741943359375,151.05999755859375,151.83999633789062,146.92999267578125,149.89999389648438,2385700
2022-11-07,149.20526123046875,157.89999389648438,158.22000122070312,151.30999755859375,152.6999969482422,2451100
2022-11-08,154.12840270996094,163.11000061035156,165.10000610351562,159.77000427246094,161.41000366210938,2659200
2022-11-09,146.20040893554688,154.72000122070312,161.02999877929688,154.6300048828125,159.94000244140625,2780100
2022-11-10,156.35845947265625,165.47000122070312,165.80999755859375,161.6699981689453,163.97999572753906,4487700
2022-11-11,160.58230590820312,169.94000244140625,171.0,163.5399932861328,166.52000427246094,2515200
2022-11-14,159.70350646972656,169.00999450683594,172.66000366210938,168.0399932861328,168.0399932861328,1823400
2022-11-15,165.1841278076172,174.80999755859375,176.66000366210938,171.88999938964844,175.22000122070312,2335600
2022-11-16,157.69081115722656,166.8800048828125,172.86000061035156,165.47999572753906,171.5399932861328,2204400
2022-11-17,160.72406005859375,170.08999633789062,170.39999389648438,162.55999755859375,162.55999755859375,1460500
2022-11-18,162.47219848632812,171.94000244140625,172.8300018310547,169.22000122070312,172.82000732421875,1533700
2022-11-21,159.55230712890625,168.85000610351562,171.27999877929688,168.1199951171875,170.44000244140625,1271200
2022-11-22,163.86122131347656,173.41000366210938,173.42999267578125,168.0,169.75,1695500
2022-11-23,165.5526580810547,175.1999969482422,179.02999877929688,173.27999877929688,174.08999633789062,1586500
2022-11-25,163.1808624267578,172.69000244140625,175.52000427246094,172.69000244140625,174.97000122070312,735400
2022-11-28,155.0638885498047,164.10000610351562,170.86000061035156,163.3800048828125,169.0500030517578,2758000
2022-11-29,155.62142944335938,164.69000244140625,166.25999450683594,162.7899932861328,164.67999267578125,1347300
2022-11-30,166.1574249267578,175.83999633789062,176.66000366210938,162.61000061035156,165.07000732421875,3654000
2022-12-01,163.88958740234375,173.44000244140625,178.07000732421875,173.1300048828125,177.5500030517578,2083000
2022-12-02,161.64065551757812,171.05999755859375,171.1999969482422,167.32000732421875,169.1699981689453,1620000
2022-12-05,159.0987548828125,168.3699951171875,170.3000030517578,166.5399932861328,169.80999755859375,1208100
2022-12-06,154.1000518798828,163.0800018310547,167.8699951171875,161.13999938964844,166.66000366210938,1904000
2022-12-07,154.92213439941406,163.9499969482422,164.30999755859375,160.0,161.4499969482422,1427200
2022-12-08,162.02806091308594,171.47000122070312,171.8699951171875,163.52999877929688,164.64999389648438,2520300
2022-12-09,160.37440490722656,169.72000122070312,172.8699951171875,168.39999389648438,169.7100067138672,1962000
2022-12-12,163.53994750976562,173.07000732421875,173.27999877929688,169.10000610351562,169.88999938964844,2048400
2022-12-13,164.711669921875,174.30999755859375,180.5800018310547,171.2899932861328,180.5800018310547,3081300
2022-12-14,162.91232299804688,171.57000732421875,175.36000061035156,169.0,173.22999572753906,1968700
2022-12-15,156.82574462890625,165.16000366210938,169.64999389648438,164.58999633789062,168.25999450683594,2570300
2022-12-16,155.4584197998047,163.72000122070312,165.42999267578125,161.66000366210938,164.35000610351562,3696400
2022-12-19,152.1825408935547,160.27000427246094,164.3300018310547,158.52999877929688,164.2899932861328,1418200
2022-12-20,151.46084594726562,159.50999450683594,161.22000122070312,157.05999755859375,157.99000549316406,1101400
2022-12-21,155.1830596923828,163.42999267578125,163.83999633789062,160.00999450683594,160.8699951171875,1737500
2022-12-22,149.56178283691406,157.50999450683594,161.00999450683594,153.9600067138672,159.86000061035156,2759100
2022-12-23,149.71372985839844,157.6699981689453,157.82000732421875,154.1999969482422,156.2100067138672,1212300
2022-12-27,146.02000427246094,153.77999877929688,155.55999755859375,153.24000549316406,155.5500030517578,1374900
2022-12-28,144.04498291015625,151.6999969482422,154.85000610351562,150.89999389648438,152.89999389648438,1433300
2022-12-29,150.14100646972656,158.1199951171875,159.6999969482422,153.49000549316406,154.83999633789062,2016600
2022-12-30,150.0555419921875,158.02999877929688,158.17999267578125,154.07000732421875,155.52999877929688,1021000
2023-01-03,147.22593688964844,155.0500030517578,160.4499969482422,153.11000061035156,159.77999877929688,1900300
2023-01-04,149.98910522460938,157.9600067138672,160.36000061035156,156.10000610351562,158.27999877929688,1678400
2023-01-05,145.7636260986328,153.50999450683594,157.25999450683594,153.10000610351562,156.10000610351562,1692400
2023-01-06,151.57481384277344,159.6300048828125,160.1699981689453,153.88999938964844,155.85000610351562,2063200
2023-01-09,152.84718322753906,160.97000122070312,164.4499969482422,160.0399932861328,162.2899932861328,1834400
2023-01-10,157.68984985351562,166.07000732421875,166.25,161.97999572753906,163.5500030517578,2219700
2023-01-11,160.21563720703125,168.72999572753906,168.8800048828125,165.22999572753906,166.66000366210938,2019200
2023-01-12,161.62094116210938,170.2100067138672,171.8699951171875,167.38999938964844,170.08999633789062,1705000
2023-01-13,163.14967346191406,171.82000732421875,171.9499969482422,168.22000122070312,168.6199951171875,2006400
2023-01-17,161.73484802246094,170.3300018310547,170.77999877929688,167.7899932861328,170.7100067138672,1991000
2023-01-18,162.0671844482422,170.67999267578125,175.3000030517578,170.5399932861328,172.4199981689453,1565800
2023-01-19,156.67384338378906,165.0,169.25999450683594,164.86000061035156,168.8000030517578,2163200
2023-01-20,159.99720764160156,168.5,168.67999267578125,164.25999450683594,166.5500030517578,2322300
2023-01-23,164.2986297607422,173.02999877929688,175.75,168.50999450683594,169.22999572753906,3386200
2023-01-24,164.4315643310547,173.1699981689453,174.25999450683594,169.49000549316406,170.9499969482422,1627000
2023-01-25,165.31466674804688,174.10000610351562,174.3800048828125,168.97999572753906,170.83999633789062,1328500
2023-01-26,170.93589782714844,180.02000427246094,180.1999969482422,174.72999572753906,176.6199951171875,2996400
2023-01-27,172.37921142578125,181.5399932861328,182.94000244140625,177.08999633789062,177.49000549316406,2078900
2023-01-30,170.4231414794922,179.47999572753906,182.7400054931641,178.83999633789062,179.33999633789062,3948800
2023-01-31,175.00942993164062,184.3099975585937,185.1499938964844,178.0,182.38999938964844,4265200
2023-02-01,184.15347290039065,193.94000244140625,196.3000030517578,183.8099975585937,184.07000732421875,4468400
2023-02-02,186.261459350586,196.16000366210932,197.7100067138672,192.8300018310547,195.47000122070312,2815900
2023-02-03,181.31434631347656,190.9499969482422,195.4499969482422,190.759994506836,192.19000244140625,2654700
2023-02-06,177.91502380371094,187.3699951171875,190.3000030517578,186.08999633789065,187.91000366210932,2059900
2023-02-07,183.4888153076172,193.2400054931641,194.5500030517578,188.0,188.2400054931641,2270100
2023-02-08,178.46572875976562,187.9499969482422,192.1499938964844,187.32000732421875,191.16000366210932,1935600
2023-02-09,180.26988220214844,189.8500061035156,194.0599975585937,189.0200042724609,191.19000244140625,2010600
2023-02-10,177.06044006347656,186.47000122070312,188.17999267578125,185.19000244140625,187.88999938964844,1459700
2023-02-13,178.87403869628906,188.3800048828125,189.25,185.4600067138672,186.97999572753903,1677700
2023-02-14,180.212890625,189.7899932861328,190.4499969482422,185.4499969482422,186.8099975585937,1864700
2023-02-15,183.5362701416016,193.2899932861328,193.5500030517578,188.1699981689453,188.1699981689453,1482400
2023-02-16,181.5802154541016,191.22999572753903,193.8099975585937,190.3999938964844,190.3999938964844,2173300
2023-02-17,178.9500274658203,188.4600067138672,191.72000122070312,186.6100006103516,190.7100067138672,2206500
2023-02-21,172.25575256347656,181.41000366210932,187.19000244140625,181.08999633789065,185.47999572753903,2073800
2023-02-22,168.7234649658203,177.69000244140625,181.9900054931641,176.72999572753906,180.8999938964844,2205800
2023-02-23,171.85694885253906,180.9900054931641,181.82000732421875,177.11000061035156,181.27999877929688,2013400
2023-02-24,167.93536376953125,176.86000061035156,178.05999755859375,175.3699951171875,177.75999450683594,1791500
2023-02-27,168.77096557617188,177.74000549316406,180.5800018310547,177.42999267578125,180.2100067138672,1165800
2023-02-28,169.47361755371094,178.47999572753906,180.72000122070312,176.5500030517578,177.55999755859375,1227700
2023-03-01,169.8439178466797,178.8699951171875,180.6300048828125,177.5500030517578,179.27000427246094,900300
2023-03-02,171.51510620117188,180.6300048828125,181.22999572753903,174.1699981689453,176.17999267578125,1171500
2023-03-03,173.72760009765625,182.9600067138672,183.17999267578125,178.7899932861328,181.3800048828125,1285900
2023-03-06,170.85995483398438,179.94000244140625,184.6699981689453,178.8699951171875,184.009994506836,1088700
2023-03-07,168.44810485839844,177.39999389648438,180.8099975585937,176.16000366210938,180.41000366210932,1330900
2023-03-08,173.30023193359375,182.509994506836,182.6499938964844,178.3800048828125,178.3800048828125,2072400
2023-03-09,170.75550842285156,179.8300018310547,185.3099975585937,178.6699981689453,182.91000366210932,1961500
2023-03-10,166.21669006347656,175.0500030517578,181.97000122070312,174.50999450683594,181.9199981689453,2263000
2023-03-13,166.10272216796875,174.92999267578125,177.82000732421875,171.3800048828125,173.02000427246094,2225200
2023-03-14,170.7864532470703,178.82000732421875,179.25999450683594,175.58999633789062,177.27999877929688,2104700
2023-03-15,166.75604248046875,174.60000610351562,177.1699981689453,171.5500030517578,176.33999633789062,2497500
2023-03-16,171.42633056640625,179.49000549316406,180.16000366210932,172.16000366210938,173.11000061035156,1886800
2023-03-17,169.32518005371094,177.2899932861328,180.1999969482422,176.1999969482422,179.5399932861328,2933400
2023-03-20,172.438720703125,180.5500030517578,181.13999938964844,176.57000732421875,177.55999755859375,1127800
2023-03-21,172.35276794433594,180.4600067138672,183.82000732421875,178.0,182.2400054931641,1531800
2023-03-22,168.68527221679688,176.6199951171875,183.259994506836,176.47999572753906,180.13999938964844,1858200
2023-03-23,173.8617706298828,182.0399932861328,184.5,178.08999633789062,178.63999938964844,2225300
2023-03-24,168.61842346191406,176.5500030517578,181.8000030517578,174.6999969482422,181.4499969482422,2280600
2023-03-27,166.3740234375,174.1999969482422,178.88999938964844,173.47000122070312,176.9199981689453,2162800
2023-03-28,165.42848205566406,173.2100067138672,173.92999267578125,169.91000366210938,173.92999267578125,2318000
2023-03-29,170.95834350585938,179.0,179.7100067138672,174.61000061035156,176.89999389648438,2398600
2023-03-30,173.46066284179688,181.6199951171875,184.13999938964844,180.58999633789065,181.3999938964844,2075900
2023-03-31,178.10232543945312,186.47999572753903,186.82000732421875,180.3600006103516,180.7100067138672,2081200
2023-04-03,173.80447387695312,181.97999572753903,186.0,180.33999633789065,185.52999877929688,1623900
2023-04-04,168.20773315429688,176.1199951171875,182.509994506836,175.72000122070312,182.5,1644200
2023-04-05,165.2469940185547,173.02000427246094,174.99000549316406,171.3300018310547,174.41000366210938,2191000
2023-04-06,162.45819091796875,170.10000610351562,172.77000427246094,169.97999572753906,172.10000610351562,1930700
2023-04-10,164.66441345214844,172.41000366210938,172.52000427246094,168.0500030517578,168.82000732421875,1746500
2023-04-11,164.15823364257812,171.8800048828125,175.0,171.64999389648438,174.4199981689453,1589000
2023-04-12,162.57281494140625,170.22000122070312,174.3300018310547,169.77999877929688,173.30999755859375,1726800
2023-04-13,164.1964111328125,171.9199981689453,173.11000061035156,169.50999450683594,170.3699951171875,1648300
2023-04-14,164.6071014404297,172.35000610351562,174.77000427246094,170.5,172.13999938964844,1492400
2023-04-17,166.67007446289062,174.50999450683594,174.72999572753906,170.85000610351562,170.85000610351562,1218400
2023-04-18,167.88299560546875,175.77999877929688,177.47999572753906,174.5500030517578,176.4199981689453,1369300
2023-04-19,165.02734375,172.7899932861328,174.5800018310547,172.4499969482422,173.52000427246094,1196100
2023-04-20,161.99977111816406,169.6199951171875,172.41000366210938,163.24000549316406,166.4499969482422,2490700
2023-04-21,162.19078063964844,169.82000732421875,170.1300048828125,165.5399932861328,169.0,1827400
2023-04-24,162.25762939453125,169.88999938964844,170.74000549316406,168.4600067138672,169.82000732421875,1066300
2023-04-25,157.10977172851562,164.5,168.77999877929688,162.30999755859375,168.77999877929688,2611500
2023-04-26,157.9215850830078,165.35000610351562,167.0399932861328,163.4600067138672,165.0399932861328,1924500
2023-04-27,153.94847106933594,161.19000244140625,161.86000061035156,155.30999755859375,160.0,4130700
2023-04-28,156.3839111328125,163.74000549316406,163.82000732421875,159.52999877929688,161.0,2969600
2023-05-01,158.5519256591797,166.00999450683594,166.4499969482422,163.72999572753906,164.22999572753906,4321900
2023-05-02,163.8048553466797,171.50999450683594,176.8800048828125,168.75999450683594,173.33999633789062,5403200
2023-05-03,160.0323028564453,167.55999755859375,172.52000427246094,166.94000244140625,172.25,2363400
2023-05-04,156.43167114257812,163.7899932861328,167.35000610351562,162.75,166.97999572753906,2363600
2023-05-05,159.32553100585938,166.82000732421875,167.44000244140625,162.3000030517578,164.74000549316406,2405200
2023-05-08,160.5002899169922,168.0500030517578,168.35000610351562,165.47000122070312,166.92999267578125,1306500
2023-05-09,157.67324829101562,165.08999633789062,165.8300018310547,163.27000427246094,165.39999389648438,1963000
2023-05-10,157.77833557128906,165.1999969482422,168.1999969482422,164.72999572753906,167.5500030517578,1490300
2023-05-11,156.01144409179688,163.35000610351562,166.16000366210938,161.22999572753906,163.89999389648438,1471000
2023-05-12,157.1575469970703,164.5500030517578,165.25,162.3800048828125,164.3300018310547,1020600
2023-05-15,160.38568115234375,167.92999267578125,168.1699981689453,164.0399932861328,164.5500030517578,1448200
2023-05-16,158.43731689453125,165.88999938964844,168.63999938964844,165.77999877929688,167.2100067138672,1279000
2023-05-17,163.55653381347656,171.25,171.72999572753906,167.44000244140625,167.8000030517578,2081100
2023-05-18,167.74932861328125,175.63999938964844,175.8699951171875,172.13999938964844,172.8800048828125,2910600
2023-05-19,167.09983825683594,174.9600067138672,177.0,174.1199951171875,176.7100067138672,1988000
2023-05-22,169.40159606933594,177.3699951171875,178.07000732421875,173.5399932861328,174.1999969482422,1485400
2023-05-23,167.1953582763672,175.05999755859375,177.3699951171875,174.24000549316406,176.32000732421875,1832900
2023-05-24,159.0390167236328,166.52000427246094,171.6699981689453,165.38999938964844,171.30999755859375,3235200
2023-05-25,163.64247131347656,171.33999633789062,171.8800048828125,163.25999450683594,165.00999450683594,2833300
2023-05-26,173.0404052734375,181.17999267578125,182.5800018310547,173.36000061035156,173.9600067138672,3605700
2023-05-30,173.89044189453125,182.07000732421875,186.5800018310547,180.44000244140625,185.0,2217300
2023-05-31,171.05384826660156,179.10000610351562,182.07000732421875,177.88999938964844,180.69000244140625,5289800
2023-06-01,172.8684844970703,181.0,182.9600067138672,176.86000061035156,180.17999267578125,2388900
2023-06-02,173.44154357910156,181.6000061035156,183.9900054931641,178.6699981689453,183.2400054931641,1547500
2023-06-05,168.62799072265625,176.55999755859375,181.9900054931641,175.30999755859375,181.8300018310547,1894500
2023-06-06,173.11680603027344,181.259994506836,181.8699951171875,174.66000366210938,175.4600067138672,1688100
2023-06-07,178.07366943359375,186.4499969482422,189.9199981689453,182.19000244140625,182.5,2225600
2023-06-08,179.03826904296875,187.4600067138672,188.82000732421875,186.22999572753903,187.2400054931641,1622000
2023-06-09,176.68881225585938,185.0,190.17999267578125,184.2700042724609,189.1000061035156,2013000
2023-06-12,180.8433532714844,189.3500061035156,189.72000122070312,185.1199951171875,187.0,2831400
2023-06-13,188.62496948242188,196.44000244140625,197.8099975585937,190.009994506836,190.1999969482422,3564400
2023-06-14,187.90481567382807,195.69000244140625,199.5500030517578,194.1000061035156,195.94000244140625,3289500
2023-06-15,187.9624481201172,195.75,197.0599975585937,192.42999267578125,192.9199981689453,2454600
2023-06-16,189.97889709472656,197.8500061035156,199.17999267578125,195.4900054931641,198.1999969482422,4520100
2023-06-20,187.6263427734375,195.3999938964844,197.91000366210932,193.2700042724609,195.3099975585937,2022100
2023-06-21,185.59068298339844,193.27999877929688,195.82000732421875,192.7400054931641,194.2400054931641,2077200
2023-06-22,186.9061889648437,194.6499938964844,195.5800018310547,190.509994506836,191.3999938964844,1473300
2023-06-23,181.1833038330078,188.69000244140625,191.92999267578125,188.5,190.5,1886400
2023-06-26,184.5536499023437,192.1999969482422,195.259994506836,189.52999877929688,189.9900054931641,1438500
2023-06-27,192.3506317138672,200.32000732421875,200.5,190.759994506836,192.0,2192500
2023-06-28,189.700439453125,197.5599975585937,199.82000732421875,196.3999938964844,196.8999938964844,1511500
2023-06-29,191.8129119873047,199.759994506836,200.4900054931641,195.1300048828125,197.5399932861328,1613300
2023-06-30,196.53713989257807,204.67999267578125,205.97999572753903,200.9499969482422,202.8999938964844,2521500
2023-07-03,198.8896942138672,207.1300048828125,208.6300048828125,203.6000061035156,205.5399932861328,1089200
2023-07-05,195.56735229492188,203.6699981689453,206.69000244140625,202.6000061035156,205.0,2368400
2023-07-06,196.239501953125,204.3699951171875,204.63999938964844,200.02999877929688,200.47999572753903,2721300
2023-07-07,195.9418334960937,204.0599975585937,207.66000366210932,203.52999877929688,203.52999877929688,1847800
2023-07-10,202.0488128662109,210.4199981689453,211.07000732421875,205.8600006103516,206.1499938964844,3146400
2023-07-11,202.55772399902344,210.9499969482422,211.4900054931641,207.8699951171875,210.8000030517578,1588300
2023-07-12,203.43148803710932,211.8600006103516,214.8000030517578,210.6000061035156,214.25,2568100
2023-07-13,207.90614318847656,216.5200042724609,216.8300018310547,212.38999938964844,212.5200042724609,2061300
2023-07-14,204.0844573974609,212.5399932861328,216.67999267578125,211.3600006103516,215.6999969482422,1971000
2023-07-17,210.8827972412109,219.6199951171875,221.25,211.9600067138672,212.5399932861328,2474900
2023-07-18,214.7620849609375,223.66000366210932,224.3999938964844,218.3800048828125,218.8600006103516,2130700
2023-07-19,211.5165405273437,220.27999877929688,224.32000732421875,220.19000244140625,223.07000732421875,2207400
2023-07-20,203.51792907714844,211.9499969482422,218.6100006103516,210.3999938964844,216.77999877929688,3362000
2023-07-21,204.8142242431641,213.3000030517578,216.3300018310547,213.16000366210932,214.1499938964844,5324200
2023-07-24,202.49050903320312,210.8800048828125,214.5599975585937,210.1199951171875,212.97000122070312,4983500
2023-07-25,211.1420440673828,219.88999938964844,222.16000366210932,216.47999572753903,219.0,3839200
2023-07-26,209.7881622314453,218.47999572753903,220.57000732421875,215.6999969482422,217.97999572753903,2204200
2023-07-27,212.9664764404297,221.7899932861328,225.57000732421875,219.1199951171875,223.22999572753903,3403400
2023-07-28,214.426010131836,223.3099975585937,225.44000244140625,220.6300048828125,225.3099975585937,1994200
2023-07-31,214.109130859375,222.97999572753903,225.1999969482422,222.0599975585937,223.3999938964844,1494900
2023-08-01,214.5892333984375,223.47999572753903,224.32000732421875,221.0,221.41000366210932,1308700
2023-08-02,207.7908935546875,216.3999938964844,220.3500061035156,215.94000244140625,220.0800018310547,3372000
2023-08-03,207.3588104248047,215.9499969482422,217.7400054931641,211.77999877929688,213.02999877929688,2484300
2023-08-04,205.1983184814453,213.6999969482422,215.63999938964844,209.4199981689453,210.38999938964844,2888600
2023-08-07,210.02821350097656,218.72999572753903,218.9199981689453,214.009994506836,216.0,1524200
2023-08-08,208.2614288330078,216.88999938964844,217.5,213.259994506836,215.0,1862400
2023-08-09,205.84165954589844,214.3699951171875,218.67999267578125,214.1300048828125,217.3800048828125,2069400
2023-08-10,203.54673767089844,211.97999572753903,218.6100006103516,210.97000122070312,217.6999969482422,1750600
2023-08-11,196.0762481689453,204.1999969482422,209.22000122070312,202.91000366210932,209.22000122070312,2703800
2023-08-14,199.00489807128903,207.25,207.3500061035156,202.5599975585937,203.1000061035156,1757300
2023-08-15,193.714111328125,201.7400054931641,205.47999572753903,200.8500061035156,205.07000732421875,1944000
2023-08-16,188.9130401611328,196.7400054931641,202.9600067138672,195.7899932861328,202.4199981689453,2400400
2023-08-17,186.7909545898437,194.52999877929688,198.25,193.6100006103516,197.8099975585937,1970200
2023-08-18,188.74981689453125,196.57000732421875,197.7899932861328,192.3999938964844,192.5500030517578,1989300
2023-08-21,193.5988922119141,201.6199951171875,202.5500030517578,196.57000732421875,196.57000732421875,1946300
2023-08-22,191.7168884277344,199.66000366210932,204.2899932861328,198.5599975585937,203.75,1428500
2023-08-23,193.0995941162109,201.1000061035156,202.27999877929688,193.5,193.5,2256800
2023-08-24,186.10923767089844,193.82000732421875,203.2899932861328,193.22999572753903,203.2700042724609,2888100
2023-08-25,188.39453125,196.1999969482422,196.88999938964844,193.08999633789065,194.8099975585937,2358800
2023-08-28,191.3039703369141,199.22999572753903,200.8099975585937,197.509994506836,197.509994506836,1456600
2023-08-29,196.99806213378903,205.16000366210932,205.9600067138672,197.25,197.25,1683400
2023-08-30,197.68942260742188,205.8800048828125,206.2899932861328,202.3699951171875,204.9499969482422,1962200
2023-08-31,197.5358123779297,205.72000122070312,207.8000030517578,203.38999938964844,205.2700042724609,3461000
2023-09-01,201.60711669921875,209.9600067138672,210.16000366210932,205.32000732421875,207.4199981689453,1583400
2023-09-05,199.3121795654297,207.57000732421875,210.57000732421875,207.3300018310547,208.8699951171875,1443500
2023-09-06,199.5234222412109,207.7899932861328,209.94000244140625,205.47999572753903,207.13999938964844,1582900
2023-09-07,195.8938446044922,204.009994506836,205.2700042724609,202.1100006103516,203.7899932861328,1847200
2023-09-08,194.97203063964844,203.0500030517578,205.5,201.91000366210932,204.009994506836,1220100
2023-09-11,195.4041290283203,203.5,205.1000061035156,200.7400054931641,204.8600006103516,1101800
2023-09-12,192.5225524902344,199.5,204.2100067138672,199.32000732421875,200.8300018310547,1301700
2023-09-13,193.3910675048828,200.3999938964844,204.2700042724609,199.1499938964844,199.1499938964844,1897600
2023-09-14,195.6009979248047,202.69000244140625,203.4199981689453,198.9199981689453,202.5399932861328,1293900
2023-09-15,190.4766845703125,197.3800048828125,202.38999938964844,196.33999633789065,201.8300018310547,4381800
2023-09-18,192.31988525390625,199.2899932861328,199.7899932861328,196.5200042724609,196.8600006103516,1483800
2023-09-19,192.17514038085932,199.13999938964844,199.5800018310547,196.3699951171875,198.7100067138672,1307800
2023-09-20,188.141342163086,194.9600067138672,201.4499969482422,194.7400054931641,200.38999938964844,1131700
2023-09-21,187.2148895263672,194.0,196.2100067138672,193.0399932861328,193.5399932861328,1711800
2023-09-22,189.9073181152344,196.7899932861328,198.9600067138672,194.509994506836,195.5399932861328,1523200
2023-09-25,191.19081115722656,198.1199951171875,198.2700042724609,194.6999969482422,195.57000732421875,1045400
2023-09-26,188.1702880859375,194.9900054931641,197.52999877929688,194.0599975585937,197.0,1538600
2023-09-27,189.82049560546875,196.6999969482422,198.2700042724609,194.1300048828125,197.02999877929688,1156400
2023-09-28,193.5165252685547,200.52999877929688,202.75,196.1199951171875,197.08999633789065,1198200
2023-09-29,192.92788696289065,199.9199981689453,203.3999938964844,198.759994506836,202.7700042724609,1170500
2023-10-02,193.1884002685547,200.19000244140625,202.4499969482422,197.5200042724609,200.77999877929688,1227700
2023-10-03,188.37294006347656,195.1999969482422,201.47999572753903,194.08999633789065,197.8999938964844,2468300
2023-10-04,191.2583770751953,198.19000244140625,198.8500061035156,194.5800018310547,195.7700042724609,1610000
2023-10-05,188.6141967773437,195.4499969482422,199.1000061035156,192.8500061035156,198.38999938964844,1415800
2023-10-06,192.0593414306641,199.0200042724609,200.7899932861328,192.13999938964844,194.1999969482422,1837400
2023-10-09,191.19081115722656,198.1199951171875,198.8999938964844,194.5,196.7700042724609,860100
2023-10-10,194.69384765625,201.75,204.0,198.22000122070312,198.8600006103516,1216700
2023-10-11,196.34405517578125,203.4600067138672,204.8999938964844,201.6000061035156,201.83999633789065,1646200
2023-10-12,195.2825164794922,202.3600006103516,206.13999938964844,200.5,204.33999633789065,2120800
2023-10-13,187.6974334716797,194.5,202.509994506836,193.22000122070312,202.3699951171875,2439100
2023-10-16,192.7927703857422,199.77999877929688,200.25,195.009994506836,195.7700042724609,1963800
2023-10-17,190.80479431152344,197.72000122070312,200.2400054931641,194.4600067138672,197.32000732421875,1274900
2023-10-18,186.44288635253903,193.1999969482422,195.6199951171875,190.6000061035156,194.5,1908700
2023-10-19,181.3571929931641,187.92999267578125,194.0500030517578,187.1000061035156,193.8099975585937,3027800
2023-10-20,179.26309204101562,185.759994506836,188.52999877929688,184.3999938964844,187.6199951171875,2155000
2023-10-23,175.9723663330078,182.3500061035156,186.07000732421875,181.1699981689453,183.91000366210932,1700500
2023-10-24,177.18829345703125,183.6100006103516,184.42999267578125,180.8800048828125,182.9199981689453,2337300
2023-10-25,169.7865447998047,175.94000244140625,181.3999938964844,175.2100067138672,180.72000122070312,2923600
2023-10-26,173.2799530029297,179.55999755859375,185.2899932861328,177.39999389648438,178.49000549316406,3048600
2023-10-27,172.864990234375,179.1300048828125,181.9600067138672,177.5500030517578,181.009994506836,1448100
2023-10-30,164.22799682617188,170.17999267578125,173.0,167.2100067138672,172.39999389648438,4475200
2023-10-31,166.3992919921875,172.42999267578125,172.86000061035156,167.92999267578125,170.7899932861328,2588800
2023-11-01,166.48617553710938,172.52000427246094,172.67999267578125,167.5,171.57000732421875,2889100
2023-11-02,171.37884521484375,177.58999633789062,178.36000061035156,173.30999755859375,175.0,2472700
2023-11-03,175.2003631591797,181.5500030517578,183.75,178.92999267578125,179.8300018310547,3690000
2023-11-06,176.4066162109375,182.8000030517578,184.4199981689453,180.44000244140625,182.5,4400000
2023-11-07,179.3017120361328,185.8000030517578,191.4900054931641,178.19000244140625,178.25,4285000
2023-11-08,176.93739318847656,183.3500061035156,184.66000366210932,180.11000061035156,180.5,2521700
2023-11-09,174.0230255126953,180.3300018310547,184.5500030517578,179.63999938964844,184.41000366210932,2662100
2023-11-10,180.14125061035156,186.6699981689453,187.83999633789065,180.72999572753903,183.259994506836,3055900
2023-11-13,178.37525939941406,184.83999633789065,185.3800048828125,181.9600067138672,185.0,1845400
2023-11-14,188.0737762451172,194.88999938964844,195.8000030517578,190.1699981689453,191.0200042724609,2876700
2023-11-15,193.72882080078125,200.75,202.6499938964844,196.42999267578125,196.42999267578125,2807500
2023-11-16,193.777084350586,200.8000030517578,203.07000732421875,199.6100006103516,200.3800048828125,2333200
2023-11-17,193.9122009277344,200.94000244140625,202.1999969482422,199.0,200.92999267578125,1658800
2023-11-20,196.228256225586,203.33999633789065,204.77999877929688,200.7899932861328,201.0,2086600
2023-11-21,193.4296722412109,200.44000244140625,202.42999267578125,198.5,202.0,2312900
2023-11-22,192.59976196289065,199.5800018310547,204.97999572753903,199.2700042724609,201.8800048828125,1501100
2023-11-24,193.12088012695312,200.1199951171875,200.77999877929688,198.47999572753903,199.02999877929688,835000
2023-11-27,192.6769561767578,199.66000366210932,201.02999877929688,198.0,199.0500030517578,1023200
2023-11-28,193.0340118408203,200.02999877929688,201.8800048828125,198.3600006103516,200.0,1263500
2023-11-29,197.18362426757807,204.3300018310547,207.8000030517578,202.25,203.7400054931641,2149200
2023-11-30,196.9423675537109,204.0800018310547,205.5200042724609,201.759994506836,205.17999267578125,2269500
2023-12-01,198.48643493652344,205.67999267578125,206.5399932861328,202.42999267578125,204.0,1363000
2023-12-04,199.0654144287109,206.27999877929688,206.4900054931641,203.41000366210932,204.0599975585937,1638500
2023-12-05,198.6311798095703,205.8300018310547,206.3500061035156,202.67999267578125,204.57000732421875,1936900
2023-12-06,198.7180328369141,205.9199981689453,210.33999633789065,205.3800048828125,208.5399932861328,2052500
2023-12-07,204.2958374023437,211.6999969482422,213.1499938964844,206.82000732421875,207.8000030517578,2487800
2023-12-08,208.0112152099609,215.5500030517578,217.22999572753903,210.8000030517578,211.42999267578125,2609700
2023-12-11,212.8363342285156,220.5500030517578,221.8999938964844,215.9600067138672,216.42999267578125,2936800
2023-12-12,212.44271850585932,219.1300048828125,221.7100067138672,218.759994506836,219.6100006103516,1847200
2023-12-13,214.57557678222656,221.3300018310547,223.0599975585937,217.52999877929688,219.3099975585937,2001600
2023-12-14,225.57920837402344,232.67999267578125,233.25,223.0,223.8099975585937,3894400
2023-12-15,225.8215789794922,232.92999267578125,238.2700042724609,232.8000030517578,235.1699981689453,3936700
2023-12-18,222.3314514160156,229.3300018310547,233.8600006103516,227.2700042724609,233.1999969482422,2531800
2023-12-19,222.3799285888672,229.3800048828125,231.27999877929688,228.6199951171875,230.41000366210932,1722300
2023-12-20,216.09765625,222.8999938964844,229.9499969482422,222.67999267578125,228.5599975585937,2483900
2023-12-21,222.2538909912109,229.25,229.8699951171875,226.5200042724609,226.97000122070312,1905500
2023-12-22,221.9630279541016,228.9499969482422,232.1499938964844,227.7700042724609,230.8999938964844,1033500
2023-12-26,224.87147521972656,231.9499969482422,233.27999877929688,229.3699951171875,230.0,1159900
2023-12-27,225.01690673828125,232.1000061035156,233.8999938964844,230.6499938964844,232.83999633789065,919200
2023-12-28,224.0183563232422,231.07000732421875,233.3699951171875,230.63999938964844,233.1699981689453,946400
2023-12-29,222.6707763671875,229.67999267578125,231.9600067138672,227.72999572753903,231.07000732421875,1105200
2024-01-02,214.43014526367188,221.17999267578125,227.259994506836,218.57000732421875,227.259994506836,2668500
2024-01-03,209.48580932617188,216.0800018310547,218.25,214.0800018310547,217.5800018310547,1923900
2024-01-04,201.41970825195312,207.759994506836,210.5399932861328,204.1199951171875,204.3099975585937,3880700
2024-01-05,199.4419708251953,205.72000122070312,208.9600067138672,204.66000366210932,207.9900054931641,2246400
2024-01-08,205.69512939453125,212.1699981689453,213.02999877929688,207.259994506836,207.3000030517578,1923600
2024-01-09,205.2491607666016,211.7100067138672,213.07000732421875,207.72000122070312,208.1300048828125,2023300
2024-01-10,204.8419647216797,211.2899932861328,212.509994506836,207.17999267578125,211.8600006103516,1759400
2024-01-11,205.03585815429688,211.4900054931641,212.4900054931641,207.3099975585937,210.9900054931641,2138900
2024-01-12,202.728515625,209.1100006103516,212.2100067138672,207.57000732421875,211.3000030517578,1247700
2024-01-16,202.61216735839844,208.9900054931641,211.72000122070312,206.3099975585937,210.69000244140625,1749600
2024-01-17,199.2093048095703,205.47999572753903,206.0,201.5800018310547,205.92999267578125,2146700
2024-01-18,205.15220642089844,211.6100006103516,212.67999267578125,208.9600067138672,210.7100067138672,3148700
2024-01-19,211.6962280273437,218.3600006103516,219.4499969482422,212.4600067138672,213.33999633789065,2750100
2024-01-22,212.1615753173828,218.83999633789065,223.0,217.3500061035156,219.6300048828125,2445200
2024-01-23,217.0962371826172,223.92999267578125,224.8699951171875,219.4499969482422,220.3500061035156,2485100
2024-01-24,214.9246063232422,221.69000244140625,224.8699951171875,219.6499938964844,222.72999572753903,2798800
2024-01-25,212.7141876220703,219.41000366210932,223.88999938964844,217.8300018310547,222.9900054931641,2552700
2024-01-26,208.5550842285156,215.1199951171875,218.9499969482422,214.3600006103516,218.1199951171875,2424400
2024-01-29,210.8333740234375,217.47000122070312,217.57000732421875,213.2899932861328,216.92999267578125,1828000
2024-01-30,208.60357666015625,215.1699981689453,217.25,214.22999572753903,215.5500030517578,1708200
2024-01-31,204.1439666748047,210.57000732421875,215.32000732421875,209.75,212.8800048828125,3150700
2024-02-01,206.50949096679688,213.009994506836,214.0399932861328,209.44000244140625,211.69000244140625,1968600
2024-02-02,208.42904663085932,214.9900054931641,215.5599975585937,209.8600006103516,210.16000366210932,2136300
2024-02-05,214.27505493164065,221.0200042724609,223.4199981689453,218.0,218.3600006103516,4119400
2024-02-06,216.1946258544922,223.0,225.4199981689453,218.83999633789065,220.97999572753903,3949300
2024-02-07,214.6143493652344,221.3699951171875,225.0,218.6100006103516,225.0,2789000
2024-02-08,220.87722778320312,227.8300018310547,228.8500061035156,221.44000244140625,221.44000244140625,2815200
2024-02-09,226.42266845703125,233.5500030517578,233.66000366210932,228.3300018310547,229.8699951171875,2621400
2024-02-12,229.4571533203125,236.67999267578125,241.259994506836,233.1000061035156,234.0,2787800
2024-02-13,224.98785400390625,232.07000732421875,234.22999572753903,228.1000061035156,230.1000061035156,2723700
2024-02-14,226.82015991210932,233.9600067138672,235.4600067138672,232.42999267578125,233.9600067138672,1824900
2024-02-15,227.333984375,234.4900054931641,238.1300048828125,234.02999877929688,235.4199981689453,2078400
2024-02-16,225.0751037597656,232.16000366210932,236.69000244140625,231.3000030517578,234.5,1476100
2024-02-20,224.2898101806641,231.3500061035156,232.1999969482422,227.3099975585937,230.0,2140300
2024-02-21,228.1386566162109,235.32000732421875,235.3500061035156,229.6699981689453,230.0200042724609,1639800
2024-02-22,232.1910858154297,239.5,242.3999938964844,237.1100006103516,241.47000122070312,3173300
2024-02-23,231.56092834472656,238.8500061035156,241.3300018310547,237.5,240.82000732421875,1817800
2024-02-26,236.3501739501953,243.7899932861328,245.0,240.1499938964844,240.3600006103516,1596000
2024-02-27,238.2309417724609,245.72999572753903,252.8300018310547,245.0,245.8800048828125,2438300
2024-02-28,236.53436279296875,243.97999572753903,245.8699951171875,242.0,243.1100006103516,1489200
2024-02-29,242.10888671875,249.72999572753903,250.3000030517578,245.66000366210932,247.94000244140625,3374700
2024-03-01,249.6514587402344,257.510009765625,259.0799865722656,250.2899932861328,251.8800048828125,2444700
2024-03-04,246.5394287109375,254.3000030517578,259.489990234375,253.72999572753903,259.489990234375,2667600
2024-03-05,240.8776397705078,248.4600067138672,254.27999877929688,246.7899932861328,251.7100067138672,2319800
2024-03-06,243.58248901367188,251.25,255.3600006103516,250.33999633789065,252.07000732421875,2527800
2024-03-07,251.134765625,259.0400085449219,264.260009765625,253.1699981689453,253.72000122070312,2942200
2024-03-08,244.33868408203125,252.02999877929688,262.9100036621094,251.7899932861328,259.9200134277344,2482000
2024-03-11,245.5602569580078,253.2899932861328,254.3099975585937,249.72000122070312,250.6300048828125,2020500
2024-03-12,249.60299682617188,257.4599914550781,257.989990234375,251.72999572753903,256.19000244140625,2104300
2024-03-13,243.3207550048828,250.97999572753903,254.3500061035156,250.16000366210932,253.69000244140625,2457700
2024-03-14,236.2919921875,243.72999572753903,251.3500061035156,241.32000732421875,250.3500061035156,3520100
2024-03-15,230.2908935546875,237.5399932861328,239.3099975585937,233.0,234.4900054931641,5827300
2024-03-18,229.3989715576172,236.6199951171875,241.9900054931641,236.3099975585937,240.1699981689453,2236700
2024-03-19,229.1663360595703,236.3800048828125,238.1499938964844,233.5399932861328,234.91000366210932,2172300
2024-03-20,234.914779663086,241.2700042724609,241.7400054931641,234.5500030517578,235.5800018310547,2102500
2024-03-21,239.6272735595703,246.1100006103516,249.97999572753903,244.5599975585937,246.6499938964844,2926600
2024-03-22,237.8941802978516,244.3300018310547,247.17999267578125,243.32000732421875,244.3500061035156,2236400
2024-03-25,234.0092620849609,240.33999633789065,242.5200042724609,238.6100006103516,240.8999938964844,1703500
2024-03-26,232.76296997070312,239.0599975585937,243.3300018310547,238.7899932861328,242.19000244140625,1443100
2024-03-27,238.9749298095703,245.44000244140625,246.13999938964844,240.47999572753903,242.25,1631200
2024-03-28,241.2435760498047,247.7700042724609,248.3099975585937,245.0,245.88999938964844,1731400
2024-04-01,239.79283142089844,246.27999877929688,251.8699951171875,244.83999633789065,248.3800048828125,1478200
2024-04-02,234.427963256836,240.7700042724609,243.82000732421875,239.6000061035156,243.82000732421875,1607900
2024-04-03,237.45602416992188,243.8800048828125,244.3099975585937,238.0,239.08999633789065,1061600
2024-04-04,232.8701019287109,239.1699981689453,248.08999633789065,237.97000122070312,247.22999572753903,2501000
2024-04-05,234.66162109375,241.009994506836,241.5200042724609,238.8500061035156,240.25,1617400
2024-04-08,238.4686279296875,244.9199981689453,246.2100067138672,241.9199981689453,242.1499938964844,1188100
2024-04-09,245.19662475585932,251.8300018310547,251.9600067138672,246.3699951171875,247.2100067138672,1706200
2024-04-10,234.72979736328125,241.0800018310547,248.509994506836,240.1999969482422,246.72999572753903,2028200
2024-04-11,237.8941802978516,244.3300018310547,244.8999938964844,240.5200042724609,242.8500061035156,1736500
2024-04-12,227.45654296875,233.6100006103516,240.88999938964844,232.759994506836,239.6199951171875,2597800
2024-04-15,224.0487365722656,230.1100006103516,237.5,228.38999938964844,237.4900054931641,2304200
2024-04-16,224.60372924804688,230.67999267578125,232.5500030517578,227.97999572753903,231.6199951171875,1652700
2024-04-17,220.94276428222656,226.9199981689453,231.4600067138672,225.83999633789065,231.07000732421875,1970900
2024-04-18,213.57215881347656,219.3500061035156,223.3800048828125,217.3500061035156,222.0,3494900
2024-04-19,209.4535980224609,215.1199951171875,220.33999633789065,213.0200042724609,219.3500061035156,2760700
2024-04-22,212.9003448486328,218.66000366210932,220.1999969482422,214.3300018310547,218.6699981689453,2230200
2024-04-23,219.66726684570312,225.6100006103516,226.88999938964844,218.8500061035156,219.0200042724609,3024100
2024-04-24,228.8488922119141,235.0399932861328,237.69000244140625,232.32000732421875,235.4600067138672,3810700
2024-04-25,231.808822631836,238.0800018310547,239.58999633789065,233.75,236.8600006103516,2052400
2024-04-26,236.30709838867188,242.6999969482422,244.2899932861328,236.38999938964844,236.9499969482422,2059400
2024-04-29,240.62042236328125,247.1300048828125,247.94000244140625,242.1300048828125,242.75,2976300
2024-04-30,249.4417724609375,256.19000244140625,261.1499938964844,250.509994506836,257.7200012207031,4800100
2024-05-01,242.85983276367188,249.42999267578125,258.2099914550781,246.5500030517578,253.3500061035156,3538400
2024-05-02,247.56260681152344,254.259994506836,255.38999938964844,245.1999969482422,253.44000244140625,2317200
2024-05-03,251.0580444335937,257.8500061035156,262.1099853515625,257.1099853515625,261.0,2513200
2024-05-06,252.79119873046875,259.6300048828125,260.489990234375,256.6700134277344,259.260009765625,2213600
2024-05-07,251.83697509765625,258.6499938964844,262.0,258.3299865722656,260.57000732421875,1605300
2024-05-08,253.3559112548828,260.2099914550781,260.2900085449219,255.5800018310547,255.5800018310547,1636500
2024-05-09,253.93035888671875,260.79998779296875,261.8800048828125,258.0799865722656,260.510009765625,1777800
2024-05-10,254.8358612060547,261.7300109863281,264.0,260.17999267578125,262.5,1072300
2024-05-13,256.9779052734375,263.92999267578125,266.6300048828125,263.0,263.989990234375,1395200
2024-05-14,260.6096496582031,267.6600036621094,268.42999267578125,263.94000244140625,264.70001220703125,1618400
2024-05-15,264.8353271484375,272.0,272.2900085449219,267.75,270.1600036621094,2231500
2024-05-16,262.5082702636719,269.6099853515625,273.3699951171875,269.54998779296875,271.1000061035156,1550100
2024-05-17,260.66802978515625,267.7200012207031,270.17999267578125,265.760009765625,269.7200012207031,1344600
2024-05-20,266.3639831542969,273.57000732421875,274.5199890136719,267.5299987792969,267.989990234375,1271500
2024-05-21,267.19158935546875,274.4200134277344,275.489990234375,268.1700134277344,269.260009765625,1156000
2024-05-22,271.48541259765625,278.8299865722656,280.239990234375,275.239990234375,277.0,2185500
2024-05-23,265.5363464355469,272.7200012207031,279.8800048828125,269.67999267578125,279.8800048828125,2327100
2024-05-24,269.8691711425781,277.1700134277344,280.7699890136719,275.54998779296875,278.3299865722656,1319900
2024-05-28,272.26434326171875,279.6300048828125,282.2200012207031,276.1199951171875,276.54998779296875,1503600
2024-05-29,266.6170959472656,273.8299865722656,277.19000244140625,273.3999938964844,274.44000244140625,1696200
2024-05-30,264.2803649902344,271.42999267578125,274.2900085449219,270.2300109863281,271.4200134277344,1785300
2024-05-31,264.9327087402344,272.1000061035156,273.8999938964844,264.2200012207031,271.8299865722656,3065100
2024-06-03,262.8296203613281,269.94000244140625,277.5199890136719,265.1099853515625,275.6199951171875,1273300
2024-06-04,259.28546142578125,266.29998779296875,271.239990234375,265.6400146484375,267.4700012207031,1783800
2024-06-05,268.4378967285156,275.70001220703125,276.0799865722656,268.7699890136719,270.0599975585937,1692900
2024-06-06,264.8450622558594,272.010009765625,275.1700134277344,271.5199890136719,274.6300048828125,1438300
2024-06-07,264.72821044921875,271.8900146484375,277.0,270.79998779296875,272.7900085449219,1211300
2024-06-10,269.5575561523437,276.8500061035156,277.32000732421875,268.04998779296875,268.1700134277344,1353600
2024-06-11,270.6091003417969,277.92999267578125,278.3599853515625,271.8699951171875,276.7900085449219,1123000
2024-06-12,275.5358581542969,282.989990234375,286.8699951171875,279.5899963378906,282.0,1653600
2024-06-13,269.1784362792969,275.4700012207031,279.42999267578125,272.0,272.04998779296875,1382700
2024-06-14,262.7096252441406,268.8500061035156,272.4100036621094,266.2699890136719,270.0,1680300
2024-06-17,265.0646057128906,271.260009765625,271.6400146484375,264.1499938964844,268.45001220703125,1702700
2024-06-18,265.2013854980469,271.3999938964844,273.2200012207031,269.3599853515625,270.7799987792969,1649900
2024-06-20,258.6348571777344,264.67999267578125,270.32000732421875,263.260009765625,269.6099853515625,3003900
2024-06-21,264.83984375,271.0299987792969,271.7099914550781,264.8399963378906,266.42999267578125,3881400
2024-06-24,261.1656799316406,267.2699890136719,271.7699890136719,266.5599975585937,268.9800109863281,1680600
2024-06-25,263.7552185058594,269.9200134277344,271.3500061035156,266.67999267578125,270.3099975585937,1435300
2024-06-26,262.0451965332031,268.1700134277344,270.8599853515625,265.82000732421875,269.0,1693200
2024-06-27,258.95733642578125,265.010009765625,269.7300109863281,264.4100036621094,268.2099914550781,1489100
2024-06-28,262.9441223144531,269.0899963378906,273.8299865722656,265.8800048828125,267.44000244140625,2228000
2024-07-01,259.6022644042969,265.6700134277344,269.7799987792969,262.5299987792969,269.1199951171875,1723900
2024-07-02,265.8267822265625,272.0400085449219,272.239990234375,265.510009765625,265.6700134277344,1421300
2024-07-03,266.071044921875,272.2900085449219,274.5899963378906,268.3999938964844,272.3800048828125,1084500
2024-07-05,267.2925109863281,273.5400085449219,275.5,269.79998779296875,275.489990234375,1237700
2024-07-08,270.88848876953125,277.2200012207031,277.79998779296875,274.1600036621094,274.3599853515625,1007000
2024-07-09,268.6312255859375,274.9100036621094,278.1400146484375,273.17999267578125,277.25,1072400
2024-07-10,275.9208679199219,282.3699951171875,282.75,275.0799865722656,277.0799865722656,1233300
2024-07-11,268.30877685546875,274.5799865722656,284.989990234375,274.4599914550781,283.510009765625,2095600
2024-07-12,273.7906494140625,280.19000244140625,283.92999267578125,275.739990234375,277.8099975585937,1558800
2024-07-15,276.3117370605469,282.7699890136719,286.0899963378906,280.0,281.8699951171875,1431400
2024-07-16,284.1387634277344,290.7799987792969,291.4700012207031,283.260009765625,285.3900146484375,1356700
2024-07-17,269.979736328125,276.2900085449219,296.0799865722656,275.9700012207031,284.5599975585937,4527100
2024-07-18,272.8916320800781,279.2699890136719,285.54998779296875,276.04998779296875,279.92999267578125,2209000
2024-07-19,263.1396179199219,269.2900085449219,279.8900146484375,268.1000061035156,279.0199890136719,2403200
2024-07-22,277.3279724121094,283.8099975585937,284.75,271.0199890136719,275.8599853515625,4005400
2024-07-23,256.3092346191406,262.29998779296875,269.6300048828125,255.1499938964844,260.7900085449219,6654300
2024-07-24,248.58966064453125,254.3999938964844,262.5799865722656,254.2100067138672,260.7699890136719,4060900
2024-07-25,241.8570251464844,247.509994506836,255.4600067138672,245.4199981689453,250.3600006103516,4244300
2024-07-26,247.82749938964844,253.6199951171875,256.2300109863281,250.5800018310547,251.58999633789065,2111100
2024-07-29,249.9674530029297,255.8099975585937,262.239990234375,254.3099975585937,257.25,2421500
2024-07-30,245.93179321289065,251.67999267578125,258.4599914550781,250.3600006103516,258.4599914550781,2478000
2024-07-31,257.14959716796875,263.1600036621094,264.5400085449219,255.19000244140625,258.8399963378906,3232300
2024-08-01,238.05587768554688,243.6199951171875,260.6099853515625,241.3999938964844,258.010009765625,4006600
2024-08-02,232.3199462890625,237.75,238.91000366210932,231.0800018310547,236.1499938964844,4567000
2024-08-05,230.0334014892578,235.41000366210932,241.97999572753903,229.0200042724609,232.02999877929688,3227500
2024-08-06,231.35255432128903,236.759994506836,243.0200042724609,234.3500061035156,237.2400054931641,1854900
2024-08-07,224.0531463623047,229.2899932861328,244.5200042724609,228.3000030517578,243.52999877929688,2678100
2024-08-08,239.638900756836,245.2400054931641,245.9600067138672,233.0,236.6999969482422,2776000
2024-08-09,236.492431640625,242.0200042724609,243.91000366210932,239.0599975585937,242.3800048828125,1089200
2024-08-12,234.6748809814453,240.16000366210932,243.1199951171875,237.02999877929688,242.6999969482422,2299100
2024-08-13,242.3456115722656,248.009994506836,248.6100006103516,241.1000061035156,241.4600067138672,2323300
2024-08-14,238.075424194336,243.63999938964844,248.88999938964844,241.259994506836,247.7899932861328,1785900
2024-08-15,247.4659423828125,253.25,254.759994506836,247.3600006103516,250.6199951171875,2790100
2024-08-16,248.62875366210932,254.44000244140625,255.77999877929688,250.0399932861328,251.9900054931641,1523900
2024-08-19,252.3419647216797,258.239990234375,258.4200134277344,250.6499938964844,252.57000732421875,1381400
2024-08-20,248.2183532714844,254.0200042724609,257.3800048828125,252.5500030517578,256.5799865722656,1516400
2024-08-21,248.5017242431641,254.3099975585937,259.739990234375,251.009994506836,256.6099853515625,2218600
2024-08-22,239.7561492919922,245.3600006103516,255.3699951171875,244.2100067138672,254.97999572753903,3142400
2024-08-23,246.86007690429688,252.6300048828125,254.2700042724609,248.42999267578125,251.17999267578125,2568300
2024-08-26,244.13381958007807,249.83999633789065,252.02999877929688,248.22999572753903,251.3000030517578,2041900
2024-08-27,246.95779418945312,252.72999572753903,254.5399932861328,246.0500030517578,247.3999938964844,1653400
2024-08-28,241.27072143554688,246.91000366210932,253.3699951171875,244.8999938964844,252.3699951171875,1439400
2024-08-29,243.0980224609375,248.77999877929688,254.25,247.47999572753903,249.32000732421875,1666500
2024-08-30,250.5048828125,256.3599853515625,257.6099853515625,252.0,254.7899932861328,2696400
2024-09-03,230.7467193603516,236.13999938964844,252.2400054931641,234.92999267578125,251.2400054931641,3464100
2024-09-04,233.4045867919922,238.8600006103516,240.3300018310547,232.0800018310547,234.009994506836,2492300
2024-09-05,231.2939300537109,236.6999969482422,239.8300018310547,234.6699981689453,236.1699981689453,1976800
2024-09-06,221.52232360839844,226.6999969482422,236.47000122070312,225.67999267578125,236.1699981689453,3035500
2024-09-09,225.333251953125,230.6000061035156,231.07000732421875,226.72999572753903,230.1000061035156,2549300
2024-09-10,220.0467987060547,225.19000244140625,228.9199981689453,221.5399932861328,227.3800048828125,2910900
2024-09-11,225.5970764160156,230.8699951171875,231.3300018310547,220.1000061035156,224.3600006103516,3876600
2024-09-12,220.9684600830078,225.13999938964844,229.2400054931641,222.3699951171875,228.009994506836,2532900
2024-09-13,225.6696929931641,229.92999267578125,231.8800048828125,227.0399932861328,228.1100006103516,3017600
2024-09-16,225.7482147216797,230.009994506836,230.5,225.3300018310547,227.0,1866400
2024-09-17,228.26080322265625,232.57000732421875,234.67999267578125,229.509994506836,232.3500061035156,1920500
2024-09-18,227.22042846679688,231.509994506836,238.63999938964844,230.9600067138672,233.3699951171875,2161100
2024-09-19,234.2968292236328,238.72000122070312,242.4900054931641,235.8500061035156,238.63999938964844,3657000
2024-09-20,227.5835876464844,231.8800048828125,234.1699981689453,228.5399932861328,233.41000366210932,6787600
2024-09-23,227.5639495849609,231.8600006103516,234.0,230.94000244140625,232.9499969482422,1470400
2024-09-24,229.4189300537109,233.75,239.1699981689453,230.6699981689453,234.6000061035156,1913900
2024-09-25,229.6348571777344,233.97000122070312,235.13999938964844,231.17999267578125,231.52999877929688,1621500
2024-09-26,237.7516326904297,242.2400054931641,244.1199951171875,234.9499969482422,242.6300048828125,2067700
2024-09-27,240.3917694091797,244.92999267578125,246.97999572753903,242.69000244140625,245.17999267578125,2444000
2024-09-30,235.5629425048828,240.009994506836,240.1999969482422,236.22000122070312,237.38999938964844,2898300
2024-10-01,227.9172821044922,232.22000122070312,239.8300018310547,230.3999938964844,238.8099975585937,2440700
2024-10-02,230.99908447265625,235.3600006103516,238.4900054931641,230.8300018310547,232.6000061035156,1404500
2024-10-03,228.9183654785156,233.2400054931641,234.91000366210932,230.92999267578125,232.75,1748100
2024-10-04,229.8998565673828,234.2400054931641,239.7100067138672,231.509994506836,239.5599975585937,1599700
2024-10-07,229.68394470214844,234.0200042724609,237.08999633789065,232.1999969482422,236.97999572753903,1806100
2024-10-08,230.6065216064453,234.9600067138672,236.17999267578125,232.38999938964844,234.0200042724609,1469500
2024-10-09,233.8944396972656,238.3099975585937,238.8699951171875,233.0,233.2400054931641,1423700
2024-10-10,231.7940826416016,236.1699981689453,236.47000122070312,232.5,234.07000732421875,1191500
2024-10-11,233.68833923339844,238.1000061035156,240.75,233.3500061035156,233.57000732421875,1148200
2024-10-14,238.92938232421875,243.44000244140625,243.7400054931641,237.8500061035156,240.22999572753903,1965200
2024-10-15,228.5355987548828,232.8500061035156,244.57000732421875,230.13999938964844,242.63999938964844,3611900
2024-10-16,228.41783142089844,232.72999572753903,237.83999633789065,232.5,236.42999267578125,1368700
2024-10-17,227.9761657714844,232.27999877929688,238.8800048828125,232.1000061035156,238.44000244140625,2062100
2024-10-18,229.1244964599609,233.4499969482422,236.6699981689453,232.44000244140625,236.2400054931641,1187600
2024-10-21,225.8856201171875,230.1499938964844,232.4499969482422,227.3300018310547,231.0599975585937,1585200
2024-10-22,227.23025512695312,231.5200042724609,232.4900054931641,227.63999938964844,229.4199981689453,2173600
2024-10-23,231.9413299560547,236.32000732421875,239.88999938964844,233.0200042724609,236.22999572753903,2957300
2024-10-24,234.63052368164065,239.0599975585937,241.9199981689453,235.5599975585937,238.67999267578125,1593000
2024-10-25,238.65457153320312,243.16000366210932,246.0800018310547,240.0800018310547,240.6199951171875,2140500
2024-10-28,245.0733795166016,249.6999969482422,251.1000061035156,238.1300048828125,239.4199981689453,2812000
2024-10-29,250.8444366455078,255.5800018310547,256.6199951171875,249.0599975585937,250.57000732421875,2134400
2024-10-30,240.7745513916016,245.32000732421875,253.4199981689453,245.0,249.47000122070312,2401900
2024-10-31,230.1550445556641,234.5,244.47999572753903,231.3000030517578,244.47999572753903,3540600
2024-11-01,234.16925048828125,238.58999633789065,240.1699981689453,234.1000061035156,234.5,2224100
2024-11-04,232.51055908203125,236.8999938964844,239.2100067138672,235.57000732421875,237.32000732421875,2935900
2024-11-05,220.487533569336,224.6499938964844,224.83999633789065,216.92999267578125,220.5,5961100
2024-11-06,227.09283447265625,231.3800048828125,233.8300018310547,226.1100006103516,228.1300048828125,3598000
2024-11-07,231.74501037597656,236.1199951171875,238.8500061035156,231.8800048828125,237.759994506836,3129400
2024-11-08,229.55633544921875,233.88999938964844,235.0,227.97000122070312,233.1300048828125,2743100
2024-11-11,222.833251953125,227.0399932861328,231.4199981689453,223.7100067138672,230.97999572753903,2715100
2024-11-12,220.6249389648437,224.7899932861328,226.9900054931641,221.8500061035156,225.3099975585937,2528800
2024-11-13,218.828857421875,222.9600067138672,225.44000244140625,221.44000244140625,221.57000732421875,3144700
2024-11-14,219.81033325195312,223.9600067138672,225.3300018310547,221.3699951171875,223.8800048828125,2250100
2024-11-15,213.01852416992188,217.0399932861328,223.9600067138672,216.58999633789065,221.8300018310547,2792700
2024-11-18,216.11016845703125,220.19000244140625,220.4199981689453,216.0399932861328,217.1999969482422,2467100
2024-11-19,215.8353881835937,219.91000366210932,220.58999633789065,217.25,218.5500030517578,1503400
2024-11-20,216.25738525390625,220.33999633789065,220.47000122070312,216.0599975585937,217.1999969482422,2143600
2024-11-21,220.40902709960932,224.57000732421875,226.2899932861328,219.77999877929688,222.1100006103516,1769300
2024-11-22,222.1854858398437,226.3800048828125,227.02999877929688,223.7100067138672,227.0,1584000
2024-11-25,229.51708984375,233.8500061035156,235.42999267578125,227.8300018310547,229.94000244140625,2784900
2024-11-26,224.4232482910156,228.66000366210932,238.759994506836,226.75,237.3600006103516,2476600
2024-11-27,222.3327178955078,226.52999877929688,229.97000122070312,222.8600006103516,228.08999633789065,1520700
2024-11-29,225.12008666992188,229.3699951171875,232.1699981689453,226.72000122070312,227.8600006103516,1606600
2024-12-02,229.28152465820312,233.6100006103516,236.07000732421875,228.17999267578125,229.009994506836,2796400
2024-12-03,224.1288146972656,228.3600006103516,232.7899932861328,228.08999633789065,230.7100067138672,2572800
2024-12-04,219.5158843994141,223.66000366210932,231.8600006103516,222.5399932861328,231.2700042724609,2352000
2024-12-05,213.9394073486328,216.9900054931641,223.02999877929688,216.41000366210932,222.47000122070312,2297000
2024-12-06,215.5859222412109,218.66000366210932,220.19000244140625,217.6100006103516,218.3699951171875,2302300
2024-12-09,220.46633911132807,223.6100006103516,225.9900054931641,217.1999969482422,217.9499969482422,2149900
2024-12-10,214.87603759765625,217.94000244140625,224.47999572753903,217.0500030517578,224.259994506836,1716000
2024-12-11,216.74932861328125,219.83999633789065,221.9199981689453,217.759994506836,220.1000061035156,2482700
2024-12-12,214.6689910888672,217.72999572753903,219.6199951171875,215.42999267578125,218.5800018310547,1771000
2024-12-13,213.79150390625,216.83999633789065,218.3099975585937,215.0500030517578,216.1199951171875,2855600
2024-12-16,215.11265563964844,218.17999267578125,220.6499938964844,214.7899932861328,217.1100006103516,2884800
2024-12-17,215.9408569335937,219.0200042724609,223.17999267578125,217.6100006103516,220.33999633789065,3592400
2024-12-18,207.3335876464844,210.2899932861328,223.3600006103516,209.2899932861328,219.0800018310547,3610400
2024-12-19,204.3560485839844,207.2700042724609,213.4600067138672,206.97000122070312,212.0599975585937,2734400
2024-12-20,207.28428649902344,210.2400054931641,213.47000122070312,204.72000122070312,205.63999938964844,6139300
2024-12-23,211.0801544189453,214.08999633789065,214.83999633789065,210.5,210.5,1737600
2024-12-24,212.3717498779297,215.3999938964844,215.41000366210932,212.3099975585937,214.9199981689453,790900
2024-12-26,212.0167999267578,215.0399932861328,217.3800048828125,213.0,213.0,885700
2024-12-27,210.7547912597656,213.759994506836,214.9499969482422,211.6699981689453,213.3300018310547,1162100
2024-12-30,204.55323791503903,207.47000122070312,211.9499969482422,206.7899932861328,211.5500030517578,1817900
2024-12-31,204.92788696289065,207.8500061035156,209.4900054931641,206.33999633789065,208.7400054931641,1154500
2025-01-02,203.3109588623047,206.2100067138672,211.6000061035156,205.22999572753903,209.6100006103516,1424300
2025-01-03,205.92369079589844,208.8600006103516,210.13999938964844,205.0,207.3000030517578,2308100
2025-01-06,210.40972900390625,213.41000366210932,215.91000366210932,210.009994506836,210.009994506836,1972700
2025-01-07,209.5914001464844,212.5800018310547,218.94000244140625,211.2400054931641,213.8800048828125,2312200
2025-01-08,206.7716064453125,209.72000122070312,213.32000732421875,207.33999633789065,212.13999938964844,2302600
2025-01-10,203.8433532714844,206.75,211.32000732421875,206.3800048828125,209.6300048828125,2511100
2025-01-13,203.9222412109375,206.8300018310547,207.2100067138672,202.25,203.1199951171875,1629700
2025-01-14,207.66880798339844,210.6300048828125,210.6499938964844,206.72999572753903,208.5800018310547,1513400
2025-01-15,210.5576171875,213.5599975585937,216.66000366210932,213.4900054931641,215.259994506836,3143400
2025-01-16,207.79698181152344,210.759994506836,215.4199981689453,209.77999877929688,215.25,1632400
2025-01-17,212.3323211669922,215.3600006103516,217.4600067138672,213.97000122070312,216.41000366210932,1921200
2025-01-21,211.8590545654297,214.8800048828125,216.75,213.3300018310547,215.0,3237900
2025-01-22,213.0520477294922,216.08999633789065,219.63999938964844,214.009994506836,215.19000244140625,2367500
2025-01-23,216.78878784179688,219.8800048828125,219.91000366210932,212.69000244140625,213.6199951171875,2250800
2025-01-24,210.429428100586,213.42999267578125,217.4600067138672,211.57000732421875,216.4499969482422,2777200
2025-01-27,212.05625915527344,215.0800018310547,219.7400054931641,212.3800048828125,215.009994506836,4526800
2025-01-28,210.429428100586,213.42999267578125,215.7100067138672,208.3000030517578,214.0,2446500
2025-01-29,210.0153350830078,213.009994506836,215.7400054931641,211.7400054931641,213.22999572753903,1739300
2025-01-30,208.4181365966797,211.38999938964844,212.759994506836,206.8099975585937,211.63999938964844,3303700
2025-01-31,205.6180725097656,208.5500030517578,215.8500061035156,208.3099975585937,212.0,3019600
2025-02-03,201.85174560546875,204.72999572753903,207.0800018310547,198.2100067138672,203.0,4743100
2025-02-04,199.55450439453125,202.3999938964844,210.0,198.8699951171875,207.83999633789065,3676500
2025-02-05,210.2421264648437,213.2400054931641,214.1300048828125,201.5800018310547,201.759994506836,4450700
2025-02-06,213.77178955078125,216.82000732421875,220.6199951171875,214.66000366210932,216.5,2928700
2025-02-07,209.9364624023437,212.92999267578125,217.8600006103516,211.2700042724609,215.47000122070312,2216400
2025-02-10,207.09695434570312,210.0500030517578,215.07000732421875,208.759994506836,214.1999969482422,2412300
2025-02-11,208.0040283203125,210.97000122070312,213.63999938964844,207.63999938964844,208.32000732421875,1273200
2025-02-12,216.7000274658203,219.7899932861328,221.4900054931641,212.6300048828125,216.3999938964844,3202400
2025-02-13,216.5028381347656,219.58999633789065,221.27999877929688,216.63999938964844,219.2100067138672,2761400
2025-02-14,220.98887634277344,224.13999938964844,226.44000244140625,219.259994506836,220.8000030517578,3085400
2025-02-18,225.6425170898437,228.8600006103516,234.08999633789065,226.72000122070312,226.7899932861328,4327300
2025-02-19,242.12745666503903,245.5800018310547,246.8000030517578,229.5500030517578,230.5200042724609,5345900
2025-02-20,242.4035186767578,245.8600006103516,255.4499969482422,244.0800018310547,255.0,4342700
2025-02-21,233.19482421875,236.5200042724609,248.0,236.22000122070312,247.2100067138672,5304500
2025-02-24,229.8722076416016,233.1499938964844,238.6300048828125,232.8699951171875,236.8000030517578,3129800
2025-02-25,225.3467254638672,228.5599975585937,235.6999969482422,228.0200042724609,234.52999877929688,3033400
2025-02-26,226.1552124023437,229.3800048828125,230.6999969482422,225.3800048828125,229.5200042724609,2630700
2025-02-27,213.8210906982422,216.8699951171875,229.3000030517578,216.4600067138672,228.6499938964844,3573700
2025-02-28,212.55908203125,215.58999633789065,221.1499938964844,213.6300048828125,218.3300018310547,4231700
2025-03-03,213.48587036132807,216.52999877929688,222.7899932861328,213.47999572753903,220.0,4651800
2025-03-04,208.1913604736328,211.16000366210932,218.1100006103516,210.72000122070312,216.509994506836,4111300
2025-03-05,213.7224884033203,216.7700042724609,217.5599975585937,208.6699981689453,213.3300018310547,2621100
2025-03-06,211.454818725586,214.47000122070312,219.4499969482422,210.6699981689453,212.7899932861328,3465300
2025-03-07,219.4310913085937,222.5599975585937,223.8000030517578,212.5,214.1000061035156,4301500
2025-03-10,205.90396118164065,208.83999633789065,218.07000732421875,206.94000244140625,217.47000122070312,3747700
2025-03-11,202.90670776367188,205.8000030517578,209.759994506836,199.8800048828125,209.1000061035156,3198200
2025-03-12,201.57568359375,204.4499969482422,209.97999572753903,203.6300048828125,208.07000732421875,2288300
2025-03-13,198.1939239501953,201.0200042724609,208.0,200.0599975585937,204.07000732421875,1792700
2025-03-14,203.2616577148437,206.16000366210932,206.9600067138672,203.47999572753903,204.8000030517578,2771400
2025-03-17,206.88006591796875,209.8300018310547,212.1199951171875,204.8600006103516,204.8600006103516,2207500
2025-03-18,204.1884613037109,207.1000061035156,208.9900054931641,205.2700042724609,207.4499969482422,1862500
2025-03-19,205.47052001953125,207.3800048828125,211.3600006103516,206.02999877929688,206.17999267578125,1640500
2025-03-20,200.774169921875,202.63999938964844,205.66000366210932,201.52999877929688,204.0599975585937,1455400
2025-03-21,198.7925720214844,200.63999938964844,201.3800048828125,196.9499969482422,200.17999267578125,3352000
2025-03-24,209.17608642578125,211.1199951171875,212.4199981689453,205.6000061035156,206.32000732421875,2743000
2025-03-25,209.3841552734375,211.3300018310547,216.6300048828125,210.75,213.91000366210932,1662300
2025-03-26,203.85552978515625,205.75,212.6100006103516,202.8699951171875,211.0399932861328,3636500
2025-03-27,198.21792602539065,200.0599975585937,203.8699951171875,198.72000122070312,203.2899932861328,2877400
2025-03-28,188.2406463623047,189.9900054931641,199.0800018310547,188.8500061035156,198.2700042724609,4260700
2025-03-31,188.3099975585937,190.0599975585937,191.1100006103516,183.5599975585937,187.3000030517578,4304200
2025-04-01,188.25054931640625,190.0,190.13999938964844,184.3000030517578,188.5500030517578,2270400
2025-04-02,191.88674926757807,193.6699981689453,196.58999633789065,186.3999938964844,186.3999938964844,2231700
2025-04-03,170.29739379882812,171.8800048828125,185.3099975585937,171.7100067138672,183.47999572753903,6169100
2025-04-04,159.32931518554688,160.80999755859375,167.3800048828125,155.8699951171875,164.8699951171875,6449000
2025-04-07,161.78648376464844,163.2899932861328,173.5500030517578,152.3699951171875,156.5399932861328,6564400
2025-04-08,152.0866241455078,153.5,169.0,148.08999633789062,164.5800018310547,5100400
2025-04-09,184.1585693359375,185.8699951171875,187.509994506836,152.2100067138672,156.52000427246094,8787100
2025-04-10,164.0653076171875,165.58999633789062,177.86000061035156,159.52999877929688,176.1199951171875,6325900
2025-04-11,167.23583984375,168.7899932861328,169.80999755859375,158.66000366210938,164.33999633789062,5169400
2025-04-14,168.97962951660156,170.5500030517578,173.33999633789062,166.75999450683594,172.4499969482422,2349500
2025-04-15,170.04969787597656,171.6300048828125,174.50999450683594,169.4600067138672,172.72000122070312,1924200
2025-04-16,167.0376739501953,168.58999633789062,170.4499969482422,163.16000366210938,165.25,4699400
2025-04-17,169.1678924560547,170.74000549316406,172.02000427246094,166.75999450683594,169.91000366210938,2106400
2025-04-21,169.9208984375,171.5,171.9499969482422,166.60000610351562,166.60000610351562,2624900
2025-04-22,173.0518035888672,174.66000366210938,176.0800018310547,172.1699981689453,173.74000549316406,2876200
2025-04-23,179.20460510253906,180.8699951171875,185.3600006103516,179.50999450683594,181.4600067138672,3917500
2025-04-24,191.7876739501953,193.57000732421875,194.42999267578125,184.7700042724609,187.2100067138672,4247200
2025-04-25,191.76785278320312,193.5500030517578,194.58999633789065,188.41000366210932,189.38999938964844,2485700
2025-04-28,194.4330902099609,196.2400054931641,198.1499938964844,190.58999633789065,192.8699951171875,4337500
2025-04-29,180.93849182128903,182.6199951171875,185.5399932861328,177.19000244140625,181.5200042724609,6950800
2025-04-30,182.61294555664065,184.3099975585937,184.94000244140625,176.25999450683594,179.2899932861328,3210600
2025-05-01,180.1656646728516,181.83999633789065,186.82000732421875,181.509994506836,186.1100006103516,3354900
2025-05-02,186.4076690673828,188.13999938964844,191.6100006103516,184.27999877929688,184.47999572753903,3434700
2025-05-05,183.24703979492188,184.9499969482422,186.8600006103516,184.1499938964844,186.0200042724609,2323900
2025-05-06,180.73043823242188,182.41000366210932,184.63999938964844,180.6300048828125,182.25,1579800
2025-05-07,185.1493682861328,186.8699951171875,187.82000732421875,182.4199981689453,183.63999938964844,2137500
2025-05-08,186.833724975586,188.57000732421875,193.0399932861328,186.8999938964844,189.63999938964844,2412200
2025-05-09,190.1132354736328,191.8800048828125,194.0500030517578,189.44000244140625,191.27999877929688,2682900
2025-05-12,205.12374877929688,207.02999877929688,208.92999267578125,204.32000732421875,204.8800048828125,4998000
2025-05-13,210.4442901611328,212.3999938964844,213.009994506836,206.1999969482422,206.1999969482422,3909900
2025-05-14,209.3841552734375,211.3300018310547,213.4199981689453,209.07000732421875,212.5800018310547,2386700
2025-05-15,208.7896728515625,210.72999572753903,211.6699981689453,208.6699981689453,209.7100067138672,1999500
2025-05-16,210.6028289794922,212.5599975585937,212.9900054931641,209.1199951171875,210.9499969482422,2093700
2025-05-19,208.423080444336,210.3600006103516,211.44000244140625,205.5200042724609,206.67999267578125,2108800
2025-05-20,208.1456451416016,210.0800018310547,210.9499969482422,207.67999267578125,207.67999267578125,1672000
2025-05-21,203.459213256836,205.3500061035156,213.3600006103516,204.3800048828125,207.3600006103516,3017900
2025-05-22,194.7005920410156,196.509994506836,211.0,196.259994506836,209.6999969482422,5012600
2025-05-23,190.3807373046875,192.1499938964844,194.1000061035156,189.32000732421875,189.9199981689453,3674100
2025-05-27,197.068588256836,198.8999938964844,200.4499969482422,193.77999877929688,195.3000030517578,3935000
2025-05-28,194.4033660888672,196.2100067138672,200.2700042724609,195.77999877929688,199.0500030517578,2240400
2025-05-29,194.0863037109375,195.88999938964844,200.32000732421875,194.6000061035156,200.0,1851400
2025-05-30,189.37014770507807,191.1300048828125,195.0500030517578,188.17999267578125,194.66000366210932,4292600
2025-06-02,191.03466796875,192.8099975585937,193.66000366210932,189.8000030517578,190.3600006103516,1734200
2025-06-03,197.1280517578125,198.9600067138672,199.72000122070312,190.3300018310547,192.2100067138672,2866900
2025-06-04,208.0862274169922,210.0200042724609,211.08999633789065,201.27999877929688,202.259994506836,3857200
2025-06-05,204.99493408203125,206.8999938964844,213.5,205.69000244140625,210.92999267578125,2362500
2025-06-06,205.7677459716797,207.67999267578125,211.0,207.38999938964844,210.6000061035156,1901200
2025-06-09,211.11802673339844,213.0800018310547,215.22999572753903,208.94000244140625,209.6100006103516,2727100
2025-06-10,216.7061004638672,218.72000122070312,220.72999572753903,213.5,214.44000244140625,2588900
2025-06-11,215.4081573486328,217.41000366210932,222.22000122070312,215.1199951171875,219.8000030517578,2222200
2025-06-12,215.3982391357422,217.3999938964844,220.0200042724609,216.2100067138672,217.3099975585937,1711000
2025-06-13,208.9580993652344,210.8999938964844,215.17999267578125,210.4199981689453,212.8800048828125,1840200
2025-06-16,215.5270538330078,217.52999877929688,218.009994506836,213.22000122070312,213.94000244140625,1739100
2025-06-17,210.870346069336,212.8300018310547,217.2700042724609,212.5800018310547,213.0500030517578,2202200
2025-06-18,209.50303649902344,211.4499969482422,214.4499969482422,210.72999572753903,213.57000732421875,1938800
2025-06-20,207.0755920410156,209.0,215.3699951171875,207.7100067138672,213.4199981689453,4244800
2025-06-23,208.91847229003903,210.8600006103516,211.5800018310547,205.8699951171875,209.57000732421875,1847200
2025-06-24,216.4980316162109,218.509994506836,220.67999267578125,214.1000061035156,215.0,2833300
2025-06-25,215.28761291503903,216.27999877929688,217.92999267578125,213.8099975585937,217.5200042724609,1781700
2025-06-26,217.29835510253903,218.3000030517578,219.3600006103516,216.5800018310547,217.8999938964844,2709700
2025-06-27,216.04412841796875,217.0399932861328,220.88999938964844,215.1100006103516,218.1499938964844,2060500
2025-06-30,217.48748779296875,218.4900054931641,219.7100067138672,216.6499938964844,219.7100067138672,2165300
2025-07-01,220.19500732421875,221.2100067138672,225.57000732421875,215.4499969482422,216.58999633789065,4451100
2025-07-02,230.08938598632807,231.1499938964844,232.1999969482422,223.8600006103516,224.1000061035156,2730800
2025-07-03,231.0350341796875,232.1000061035156,233.17999267578125,230.25,231.1499938964844,1299400
2025-07-07,224.9630126953125,226.0,231.6300048828125,225.4499969482422,228.8500061035156,2165700
2025-07-08,231.27392578125,232.33999633789065,234.32000732421875,227.1300048828125,228.759994506836,2287900
2025-07-09,229.3627319335937,230.4199981689453,234.52999877929688,227.44000244140625,231.77999877929688,1819200
2025-07-10,232.1200256347656,233.19000244140625,236.4600067138672,230.42999267578125,233.07000732421875,1948100
2025-07-11,227.8696136474609,228.9199981689453,232.07000732421875,228.0,230.27999877929688,1870700
2025-07-14,223.5793914794922,224.6100006103516,227.0599975585937,222.5,227.0599975585937,2706600
2025-07-15,220.04568481445312,221.0599975585937,227.0,220.8999938964844,226.88999938964844,2397900
2025-07-16,219.56788635253903,220.5800018310547,222.1699981689453,215.8999938964844,221.07000732421875,2140300
2025-07-17,223.4698944091797,224.5,225.1100006103516,218.9600067138672,219.8500061035156,1981400
2025-07-18,224.86346435546875,225.8999938964844,229.7100067138672,222.57000732421875,229.02999877929688,2500700
2025-07-21,227.2226104736328,228.2700042724609,232.2899932861328,227.25,227.33999633789065,6030200
2025-07-22,226.953842163086,228.0,229.8300018310547,220.77999877929688,222.1300048828125,6032400
2025-07-23,223.678939819336,224.7100067138672,226.6699981689453,218.47000122070312,225.69000244140625,3655500
2025-07-24,223.40020751953125,224.42999267578125,224.72000122070312,217.8999938964844,222.4199981689453,2413700
2025-07-25,222.26544189453125,223.2899932861328,223.8000030517578,221.0,222.88999938964844,2160700
2025-07-28,227.44158935546875,228.4900054931641,228.6699981689453,224.75,225.8500061035156,2924900
2025-07-29,225.6996307373047,226.7400054931641,233.1100006103516,226.42999267578125,229.32000732421875,1915600
2025-07-30,219.92623901367188,220.94000244140625,228.0599975585937,219.8000030517578,228.0599975585937,2092700
2025-07-31,212.7891387939453,213.7700042724609,219.47999572753903,212.19000244140625,219.47999572753903,2727200
2025-08-01,208.9568023681641,209.9199981689453,212.0,206.2700042724609,211.22000122070312,2554400
2025-08-04,211.01730346679688,211.9900054931641,212.1199951171875,209.3500061035156,210.63999938964844,2184000
2025-08-05,207.51345825195312,208.47000122070312,215.08999633789065,207.8000030517578,213.5800018310547,2756900
2025-08-06,204.9751434326172,205.9199981689453,207.4499969482422,203.2400054931641,207.4499969482422,2769600
2025-08-07,204.96519470214844,205.91000366210932,210.5399932861328,204.5200042724609,208.759994506836,2195900
2025-08-08,206.20947265625,207.16000366210932,209.8099975585937,204.58999633789065,206.47000122070312,1659700
2025-08-11,204.21864318847656,205.16000366210932,210.5800018310547,204.72999572753903,207.1000061035156,3902300
2025-08-12,219.04031372070312,220.0500030517578,220.77999877929688,206.9199981689453,207.72000122070312,4210300
2025-08-13,229.4622802734375,230.5200042724609,231.009994506836,220.07000732421875,220.7700042724609,3582900
2025-08-14,230.4775848388672,231.5399932861328,232.5200042724609,224.0800018310547,226.2899932861328,2810200
2025-08-15,227.73025512695312,228.77999877929688,233.5200042724609,226.22000122070312,233.5200042724609,3336700
2025-08-18,230.9454345703125,232.009994506836,233.9499969482422,227.72999572753903,228.9900054931641,2470000
2025-08-19,228.218017578125,229.2700042724609,233.9900054931641,228.5200042724609,232.6000061035156,2217600
2025-08-20,227.7203063964844,228.7700042724609,233.4900054931641,223.0,231.4900054931641,3986800
2025-08-21,222.9025115966797,223.92999267578125,227.8099975585937,223.2100067138672,226.8800048828125,2003100
2025-08-22,233.75250244140625,234.8300018310547,238.32000732421875,224.08999633789065,225.66000366210932,2994000
2025-08-25,235.5840606689453,236.6699981689453,237.8099975585937,233.52999877929688,233.6300048828125,1261900
2025-08-26,236.72879028320312,237.82000732421875,239.5,235.27999877929688,235.83999633789065,2356600
2025-08-27,236.5794677734375,237.6699981689453,238.1000061035156,234.6999969482422,235.97999572753903,1054000
2025-08-28,237.9730529785156,239.07000732421875,241.4199981689453,238.5399932861328,239.759994506836,1615900
2025-08-29,233.7724151611328,234.8500061035156,239.1000061035156,233.5,238.1699981689453,2250700
2025-09-02,231.59246826171875,232.66000366210932,233.0200042724609,226.16000366210932,227.94000244140625,2211600
2025-09-03,227.1529235839844,228.1999969482422,234.1100006103516,223.8999938964844,232.5,2826000
2025-09-04,224.35581970214844,225.38999938964844,225.97999572753903,218.9499969482422,224.7700042724609,3308900
2025-09-05,225.6996307373047,226.7400054931641,230.8800048828125,224.6000061035156,227.2100067138672,2006500
2025-09-08,224.4653167724609,225.5,229.4199981689453,224.6199951171875,227.3999938964844,1876700
2025-09-09,222.6636199951172,223.69000244140625,225.009994506836,221.7700042724609,224.32000732421875,1569100
2025-09-10,218.2738494873047,219.27999877929688,224.6000061035156,219.1300048828125,224.1199951171875,3210200
2025-09-11,222.18582153320312,223.2100067138672,224.3800048828125,218.3999938964844,221.52999877929688,2999400
2025-09-12,217.8159637451172,218.82000732421875,223.08999633789065,218.6000061035156,222.66000366210932,2061800
2025-09-15,218.263900756836,219.2700042724609,223.5399932861328,215.6499938964844,216.2100067138672,1828500
2025-09-16,219.9760131835937,220.9900054931641,223.3300018310547,217.92999267578125,220.3099975585937,2208900
2025-09-17,221.88999938964844,221.88999938964844,226.6499938964844,218.5399932861328,220.67999267578125,2337200
2025-09-18,226.509994506836,226.509994506836,228.3300018310547,223.69000244140625,225.77999877929688,3553200
2025-09-19,224.0500030517578,224.0500030517578,229.1100006103516,222.1499938964844,228.67999267578125,3420100
2025-09-22,225.72999572753903,225.72999572753903,227.509994506836,222.3699951171875,224.1000061035156,1715300
2025-09-23,225.6199951171875,225.6199951171875,229.8999938964844,224.509994506836,226.72999572753903,2096400
2025-09-24,227.66000366210932,227.66000366210932,228.82000732421875,224.9600067138672,225.92999267578125,1679900
2025-09-25,226.8099975585937,226.8099975585937,227.42999267578125,222.0,224.9900054931641,2116700
2025-09-26,226.0399932861328,226.0399932861328,227.1999969482422,223.1000061035156,223.47999572753903,1235200
2025-09-29,226.1100006103516,226.1100006103516,227.9600067138672,224.6300048828125,227.8699951171875,1352200
2025-09-30,227.72999572753903,227.72999572753903,227.9499969482422,222.8800048828125,225.5599975585937,1723300
2025-10-01,224.91000366210932,224.91000366210932,227.8500061035156,221.0,225.8500061035156,2079800
2025-10-02,227.7100067138672,227.7100067138672,230.8600006103516,225.009994506836,226.0,1831500
2025-10-03,228.88999938964844,228.88999938964844,232.07000732421875,227.9900054931641,228.3999938964844,1537400
2025-10-06,231.4199981689453,231.4199981689453,234.0,227.1000061035156,232.0599975585937,1949600
2025-10-07,219.5800018310547,219.5800018310547,232.9900054931641,219.16000366210932,232.5500030517578,2492900
2025-10-08,225.63999938964844,225.63999938964844,227.19000244140625,219.5,219.88999938964844,2631200
2025-10-09,221.4199981689453,221.4199981689453,225.759994506836,218.97999572753903,223.3099975585937,2615600
